"Time (CET/CEST)","Day-ahead Total Load Forecast [MW] - BZN|DK1","Actual Total Load [MW] - BZN|DK1"
"01.01.2017 00:00 - 01.01.2017 01:00","1572","1588"
"01.01.2017 01:00 - 01.01.2017 02:00","1549","1564"
"01.01.2017 02:00 - 01.01.2017 03:00","1497","1481"
"01.01.2017 03:00 - 01.01.2017 04:00","1428","1408"
"01.01.2017 04:00 - 01.01.2017 05:00","1394","1432"
"01.01.2017 05:00 - 01.01.2017 06:00","1457","1443"
"01.01.2017 06:00 - 01.01.2017 07:00","1503","1468"
"01.01.2017 07:00 - 01.01.2017 08:00","1541","1531"
"01.01.2017 08:00 - 01.01.2017 09:00","1588","1615"
"01.01.2017 09:00 - 01.01.2017 10:00","1699","1706"
"01.01.2017 10:00 - 01.01.2017 11:00","1820","1829"
"01.01.2017 11:00 - 01.01.2017 12:00","1906","1916"
"01.01.2017 12:00 - 01.01.2017 13:00","1942","1953"
"01.01.2017 13:00 - 01.01.2017 14:00","1919","1910"
"01.01.2017 14:00 - 01.01.2017 15:00","1908","1902"
"01.01.2017 15:00 - 01.01.2017 16:00","1940","1945"
"01.01.2017 16:00 - 01.01.2017 17:00","2128","2126"
"01.01.2017 17:00 - 01.01.2017 18:00","2336","2345"
"01.01.2017 18:00 - 01.01.2017 19:00","2300","2297"
"01.01.2017 19:00 - 01.01.2017 20:00","2166","2177"
"01.01.2017 20:00 - 01.01.2017 21:00","2026","2007"
"01.01.2017 21:00 - 01.01.2017 22:00","1893","1875"
"01.01.2017 22:00 - 01.01.2017 23:00","1757","1742"
"01.01.2017 23:00 - 02.01.2017 00:00","1679","1578"
"02.01.2017 00:00 - 02.01.2017 01:00","1520","1477"
"02.01.2017 01:00 - 02.01.2017 02:00","1460","1438"
"02.01.2017 02:00 - 02.01.2017 03:00","1492","1460"
"02.01.2017 03:00 - 02.01.2017 04:00","1527","1465"
"02.01.2017 04:00 - 02.01.2017 05:00","1575","1544"
"02.01.2017 05:00 - 02.01.2017 06:00","1714","1708"
"02.01.2017 06:00 - 02.01.2017 07:00","2093","2104"
"02.01.2017 07:00 - 02.01.2017 08:00","2586","2566"
"02.01.2017 08:00 - 02.01.2017 09:00","2808","2808"
"02.01.2017 09:00 - 02.01.2017 10:00","2845","2835"
"02.01.2017 10:00 - 02.01.2017 11:00","2896","2866"
"02.01.2017 11:00 - 02.01.2017 12:00","2826","2794"
"02.01.2017 12:00 - 02.01.2017 13:00","2733","2669"
"02.01.2017 13:00 - 02.01.2017 14:00","2683","2691"
"02.01.2017 14:00 - 02.01.2017 15:00","2668","2654"
"02.01.2017 15:00 - 02.01.2017 16:00","2663","2659"
"02.01.2017 16:00 - 02.01.2017 17:00","2811","2830"
"02.01.2017 17:00 - 02.01.2017 18:00","3063","3086"
"02.01.2017 18:00 - 02.01.2017 19:00","2938","2911"
"02.01.2017 19:00 - 02.01.2017 20:00","2736","2734"
"02.01.2017 20:00 - 02.01.2017 21:00","2512","2537"
"02.01.2017 21:00 - 02.01.2017 22:00","2361","2399"
"02.01.2017 22:00 - 02.01.2017 23:00","2166","2197"
"02.01.2017 23:00 - 03.01.2017 00:00","1960","2055"
"03.01.2017 00:00 - 03.01.2017 01:00","1902","1881"
"03.01.2017 01:00 - 03.01.2017 02:00","1827","1769"
"03.01.2017 02:00 - 03.01.2017 03:00","1767","1703"
"03.01.2017 03:00 - 03.01.2017 04:00","1729","1728"
"03.01.2017 04:00 - 03.01.2017 05:00","1789","1779"
"03.01.2017 05:00 - 03.01.2017 06:00","1937","1911"
"03.01.2017 06:00 - 03.01.2017 07:00","2295","2257"
"03.01.2017 07:00 - 03.01.2017 08:00","2712","2727"
"03.01.2017 08:00 - 03.01.2017 09:00","2933","2969"
"03.01.2017 09:00 - 03.01.2017 10:00","2920","2911"
"03.01.2017 10:00 - 03.01.2017 11:00","2941","2902"
"03.01.2017 11:00 - 03.01.2017 12:00","2880","2789"
"03.01.2017 12:00 - 03.01.2017 13:00","2765","2732"
"03.01.2017 13:00 - 03.01.2017 14:00","2710","2687"
"03.01.2017 14:00 - 03.01.2017 15:00","2649","2653"
"03.01.2017 15:00 - 03.01.2017 16:00","2572","2549"
"03.01.2017 16:00 - 03.01.2017 17:00","2688","2667"
"03.01.2017 17:00 - 03.01.2017 18:00","2864","2812"
"03.01.2017 18:00 - 03.01.2017 19:00","2676","2666"
"03.01.2017 19:00 - 03.01.2017 20:00","2539","2537"
"03.01.2017 20:00 - 03.01.2017 21:00","2357","2362"
"03.01.2017 21:00 - 03.01.2017 22:00","2193","2206"
"03.01.2017 22:00 - 03.01.2017 23:00","2003","1991"
"03.01.2017 23:00 - 04.01.2017 00:00","1829","1869"
"04.01.2017 00:00 - 04.01.2017 01:00","1754","1728"
"04.01.2017 01:00 - 04.01.2017 02:00","1662","1583"
"04.01.2017 02:00 - 04.01.2017 03:00","1671","1659"
"04.01.2017 03:00 - 04.01.2017 04:00","1677","1662"
"04.01.2017 04:00 - 04.01.2017 05:00","1708","1647"
"04.01.2017 05:00 - 04.01.2017 06:00","1789","1753"
"04.01.2017 06:00 - 04.01.2017 07:00","2182","2156"
"04.01.2017 07:00 - 04.01.2017 08:00","2602","2571"
"04.01.2017 08:00 - 04.01.2017 09:00","2763","2766"
"04.01.2017 09:00 - 04.01.2017 10:00","2743","2692"
"04.01.2017 10:00 - 04.01.2017 11:00","2753","2702"
"04.01.2017 11:00 - 04.01.2017 12:00","2740","2702"
"04.01.2017 12:00 - 04.01.2017 13:00","2649","2614"
"04.01.2017 13:00 - 04.01.2017 14:00","2601","2603"
"04.01.2017 14:00 - 04.01.2017 15:00","2583","2600"
"04.01.2017 15:00 - 04.01.2017 16:00","2571","2581"
"04.01.2017 16:00 - 04.01.2017 17:00","2661","2669"
"04.01.2017 17:00 - 04.01.2017 18:00","2902","2918"
"04.01.2017 18:00 - 04.01.2017 19:00","2784","2789"
"04.01.2017 19:00 - 04.01.2017 20:00","2603","2644"
"04.01.2017 20:00 - 04.01.2017 21:00","2470","2501"
"04.01.2017 21:00 - 04.01.2017 22:00","2371","2366"
"04.01.2017 22:00 - 04.01.2017 23:00","2151","2164"
"04.01.2017 23:00 - 05.01.2017 00:00","1952","1991"
"05.01.2017 00:00 - 05.01.2017 01:00","1904","1960"
"05.01.2017 01:00 - 05.01.2017 02:00","1859","1824"
"05.01.2017 02:00 - 05.01.2017 03:00","1811","1779"
"05.01.2017 03:00 - 05.01.2017 04:00","1774","1781"
"05.01.2017 04:00 - 05.01.2017 05:00","1851","1854"
"05.01.2017 05:00 - 05.01.2017 06:00","2009","2006"
"05.01.2017 06:00 - 05.01.2017 07:00","2428","2397"
"05.01.2017 07:00 - 05.01.2017 08:00","2870","2883"
"05.01.2017 08:00 - 05.01.2017 09:00","3037","3065"
"05.01.2017 09:00 - 05.01.2017 10:00","3043","3051"
"05.01.2017 10:00 - 05.01.2017 11:00","3098","3102"
"05.01.2017 11:00 - 05.01.2017 12:00","3106","3068"
"05.01.2017 12:00 - 05.01.2017 13:00","2983","2971"
"05.01.2017 13:00 - 05.01.2017 14:00","2974","3004"
"05.01.2017 14:00 - 05.01.2017 15:00","2955","2975"
"05.01.2017 15:00 - 05.01.2017 16:00","2917","2943"
"05.01.2017 16:00 - 05.01.2017 17:00","3030","3079"
"05.01.2017 17:00 - 05.01.2017 18:00","3288","3345"
"05.01.2017 18:00 - 05.01.2017 19:00","3174","3213"
"05.01.2017 19:00 - 05.01.2017 20:00","2983","2999"
"05.01.2017 20:00 - 05.01.2017 21:00","2794","2822"
"05.01.2017 21:00 - 05.01.2017 22:00","2638","2657"
"05.01.2017 22:00 - 05.01.2017 23:00","2459","2470"
"05.01.2017 23:00 - 06.01.2017 00:00","2233","2285"
"06.01.2017 00:00 - 06.01.2017 01:00","2136","2148"
"06.01.2017 01:00 - 06.01.2017 02:00","2085","2089"
"06.01.2017 02:00 - 06.01.2017 03:00","2065","2049"
"06.01.2017 03:00 - 06.01.2017 04:00","2040","2044"
"06.01.2017 04:00 - 06.01.2017 05:00","2089","2084"
"06.01.2017 05:00 - 06.01.2017 06:00","2211","2214"
"06.01.2017 06:00 - 06.01.2017 07:00","2582","2580"
"06.01.2017 07:00 - 06.01.2017 08:00","3007","3019"
"06.01.2017 08:00 - 06.01.2017 09:00","3169","3160"
"06.01.2017 09:00 - 06.01.2017 10:00","3094","3077"
"06.01.2017 10:00 - 06.01.2017 11:00","3090","3061"
"06.01.2017 11:00 - 06.01.2017 12:00","3011","2969"
"06.01.2017 12:00 - 06.01.2017 13:00","2833","2776"
"06.01.2017 13:00 - 06.01.2017 14:00","2690","2684"
"06.01.2017 14:00 - 06.01.2017 15:00","2629","2629"
"06.01.2017 15:00 - 06.01.2017 16:00","2612","2615"
"06.01.2017 16:00 - 06.01.2017 17:00","2762","2782"
"06.01.2017 17:00 - 06.01.2017 18:00","3001","2978"
"06.01.2017 18:00 - 06.01.2017 19:00","2855","2852"
"06.01.2017 19:00 - 06.01.2017 20:00","2616","2615"
"06.01.2017 20:00 - 06.01.2017 21:00","2428","2437"
"06.01.2017 21:00 - 06.01.2017 22:00","2292","2270"
"06.01.2017 22:00 - 06.01.2017 23:00","2134","2079"
"06.01.2017 23:00 - 07.01.2017 00:00","1968","1892"
"07.01.2017 00:00 - 07.01.2017 01:00","1790","1785"
"07.01.2017 01:00 - 07.01.2017 02:00","1706","1715"
"07.01.2017 02:00 - 07.01.2017 03:00","1662","1664"
"07.01.2017 03:00 - 07.01.2017 04:00","1645","1664"
"07.01.2017 04:00 - 07.01.2017 05:00","1697","1701"
"07.01.2017 05:00 - 07.01.2017 06:00","1764","1744"
"07.01.2017 06:00 - 07.01.2017 07:00","1849","1851"
"07.01.2017 07:00 - 07.01.2017 08:00","2051","2039"
"07.01.2017 08:00 - 07.01.2017 09:00","2242","2249"
"07.01.2017 09:00 - 07.01.2017 10:00","2367","2369"
"07.01.2017 10:00 - 07.01.2017 11:00","2424","2399"
"07.01.2017 11:00 - 07.01.2017 12:00","2389","2367"
"07.01.2017 12:00 - 07.01.2017 13:00","2306","2318"
"07.01.2017 13:00 - 07.01.2017 14:00","2249","2246"
"07.01.2017 14:00 - 07.01.2017 15:00","2248","2212"
"07.01.2017 15:00 - 07.01.2017 16:00","2260","2251"
"07.01.2017 16:00 - 07.01.2017 17:00","2441","2431"
"07.01.2017 17:00 - 07.01.2017 18:00","2688","2670"
"07.01.2017 18:00 - 07.01.2017 19:00","2591","2601"
"07.01.2017 19:00 - 07.01.2017 20:00","2380","2384"
"07.01.2017 20:00 - 07.01.2017 21:00","2227","2231"
"07.01.2017 21:00 - 07.01.2017 22:00","2094","2110"
"07.01.2017 22:00 - 07.01.2017 23:00","1953","1997"
"07.01.2017 23:00 - 08.01.2017 00:00","1823","1893"
"08.01.2017 00:00 - 08.01.2017 01:00","1788","1791"
"08.01.2017 01:00 - 08.01.2017 02:00","1708","1710"
"08.01.2017 02:00 - 08.01.2017 03:00","1676","1686"
"08.01.2017 03:00 - 08.01.2017 04:00","1687","1695"
"08.01.2017 04:00 - 08.01.2017 05:00","1706","1702"
"08.01.2017 05:00 - 08.01.2017 06:00","1737","1747"
"08.01.2017 06:00 - 08.01.2017 07:00","1836","1839"
"08.01.2017 07:00 - 08.01.2017 08:00","1992","1980"
"08.01.2017 08:00 - 08.01.2017 09:00","2152","2151"
"08.01.2017 09:00 - 08.01.2017 10:00","2268","2267"
"08.01.2017 10:00 - 08.01.2017 11:00","2344","2338"
"08.01.2017 11:00 - 08.01.2017 12:00","2346","2328"
"08.01.2017 12:00 - 08.01.2017 13:00","2333","2302"
"08.01.2017 13:00 - 08.01.2017 14:00","2324","2274"
"08.01.2017 14:00 - 08.01.2017 15:00","2269","2256"
"08.01.2017 15:00 - 08.01.2017 16:00","2259","2270"
"08.01.2017 16:00 - 08.01.2017 17:00","2436","2439"
"08.01.2017 17:00 - 08.01.2017 18:00","2728","2729"
"08.01.2017 18:00 - 08.01.2017 19:00","2658","2637"
"08.01.2017 19:00 - 08.01.2017 20:00","2460","2439"
"08.01.2017 20:00 - 08.01.2017 21:00","2263","2270"
"08.01.2017 21:00 - 08.01.2017 22:00","2120","2119"
"08.01.2017 22:00 - 08.01.2017 23:00","1981","1955"
"08.01.2017 23:00 - 09.01.2017 00:00","1891","1805"
"09.01.2017 00:00 - 09.01.2017 01:00","1724","1734"
"09.01.2017 01:00 - 09.01.2017 02:00","1703","1701"
"09.01.2017 02:00 - 09.01.2017 03:00","1698","1666"
"09.01.2017 03:00 - 09.01.2017 04:00","1681","1670"
"09.01.2017 04:00 - 09.01.2017 05:00","1766","1767"
"09.01.2017 05:00 - 09.01.2017 06:00","1929","1904"
"09.01.2017 06:00 - 09.01.2017 07:00","2348","2339"
"09.01.2017 07:00 - 09.01.2017 08:00","2822","2791"
"09.01.2017 08:00 - 09.01.2017 09:00","2980","2955"
"09.01.2017 09:00 - 09.01.2017 10:00","2935","2937"
"09.01.2017 10:00 - 09.01.2017 11:00","2965","2977"
"09.01.2017 11:00 - 09.01.2017 12:00","2953","2927"
"09.01.2017 12:00 - 09.01.2017 13:00","2860","2837"
"09.01.2017 13:00 - 09.01.2017 14:00","2850","2850"
"09.01.2017 14:00 - 09.01.2017 15:00","2797","2741"
"09.01.2017 15:00 - 09.01.2017 16:00","2690","2664"
"09.01.2017 16:00 - 09.01.2017 17:00","2771","2774"
"09.01.2017 17:00 - 09.01.2017 18:00","2989","2976"
"09.01.2017 18:00 - 09.01.2017 19:00","2824","2819"
"09.01.2017 19:00 - 09.01.2017 20:00","2593","2574"
"09.01.2017 20:00 - 09.01.2017 21:00","2367","2380"
"09.01.2017 21:00 - 09.01.2017 22:00","2224","2224"
"09.01.2017 22:00 - 09.01.2017 23:00","2040","2027"
"09.01.2017 23:00 - 10.01.2017 00:00","1869","1888"
"10.01.2017 00:00 - 10.01.2017 01:00","1795","1812"
"10.01.2017 01:00 - 10.01.2017 02:00","1767","1803"
"10.01.2017 02:00 - 10.01.2017 03:00","1785","1729"
"10.01.2017 03:00 - 10.01.2017 04:00","1749","1793"
"10.01.2017 04:00 - 10.01.2017 05:00","1861","1900"
"10.01.2017 05:00 - 10.01.2017 06:00","2050","2010"
"10.01.2017 06:00 - 10.01.2017 07:00","2418","2388"
"10.01.2017 07:00 - 10.01.2017 08:00","2809","2732"
"10.01.2017 08:00 - 10.01.2017 09:00","2918","2891"
"10.01.2017 09:00 - 10.01.2017 10:00","2851","2868"
"10.01.2017 10:00 - 10.01.2017 11:00","2900","2888"
"10.01.2017 11:00 - 10.01.2017 12:00","2893","2878"
"10.01.2017 12:00 - 10.01.2017 13:00","2816","2801"
"10.01.2017 13:00 - 10.01.2017 14:00","2827","2834"
"10.01.2017 14:00 - 10.01.2017 15:00","2804","2819"
"10.01.2017 15:00 - 10.01.2017 16:00","2737","2736"
"10.01.2017 16:00 - 10.01.2017 17:00","2820","2821"
"10.01.2017 17:00 - 10.01.2017 18:00","3000","2991"
"10.01.2017 18:00 - 10.01.2017 19:00","2823","2815"
"10.01.2017 19:00 - 10.01.2017 20:00","2625","2602"
"10.01.2017 20:00 - 10.01.2017 21:00","2417","2387"
"10.01.2017 21:00 - 10.01.2017 22:00","2245","2215"
"10.01.2017 22:00 - 10.01.2017 23:00","2085","2011"
"10.01.2017 23:00 - 11.01.2017 00:00","1946","1832"
"11.01.2017 00:00 - 11.01.2017 01:00","1749","1779"
"11.01.2017 01:00 - 11.01.2017 02:00","1695","1666"
"11.01.2017 02:00 - 11.01.2017 03:00","1631","1609"
"11.01.2017 03:00 - 11.01.2017 04:00","1658","1654"
"11.01.2017 04:00 - 11.01.2017 05:00","1731","1718"
"11.01.2017 05:00 - 11.01.2017 06:00","1836","1807"
"11.01.2017 06:00 - 11.01.2017 07:00","2194","2198"
"11.01.2017 07:00 - 11.01.2017 08:00","2616","2562"
"11.01.2017 08:00 - 11.01.2017 09:00","2755","2736"
"11.01.2017 09:00 - 11.01.2017 10:00","2725","2756"
"11.01.2017 10:00 - 11.01.2017 11:00","2829","2834"
"11.01.2017 11:00 - 11.01.2017 12:00","2796","2818"
"11.01.2017 12:00 - 11.01.2017 13:00","2766","2727"
"11.01.2017 13:00 - 11.01.2017 14:00","2699","2669"
"11.01.2017 14:00 - 11.01.2017 15:00","2571","2585"
"11.01.2017 15:00 - 11.01.2017 16:00","2524","2492"
"11.01.2017 16:00 - 11.01.2017 17:00","2581","2578"
"11.01.2017 17:00 - 11.01.2017 18:00","2817","2819"
"11.01.2017 18:00 - 11.01.2017 19:00","2673","2661"
"11.01.2017 19:00 - 11.01.2017 20:00","2472","2454"
"11.01.2017 20:00 - 11.01.2017 21:00","2284","2294"
"11.01.2017 21:00 - 11.01.2017 22:00","2165","2209"
"11.01.2017 22:00 - 11.01.2017 23:00","1996","2062"
"11.01.2017 23:00 - 12.01.2017 00:00","1822","1913"
"12.01.2017 00:00 - 12.01.2017 01:00","1820","1798"
"12.01.2017 01:00 - 12.01.2017 02:00","1782","1798"
"12.01.2017 02:00 - 12.01.2017 03:00","1761","1746"
"12.01.2017 03:00 - 12.01.2017 04:00","1773","1766"
"12.01.2017 04:00 - 12.01.2017 05:00","1803","1794"
"12.01.2017 05:00 - 12.01.2017 06:00","1986","1947"
"12.01.2017 06:00 - 12.01.2017 07:00","2425","2211"
"12.01.2017 07:00 - 12.01.2017 08:00","2692","2670"
"12.01.2017 08:00 - 12.01.2017 09:00","2810","2791"
"12.01.2017 09:00 - 12.01.2017 10:00","2750","2725"
"12.01.2017 10:00 - 12.01.2017 11:00","2762","2738"
"12.01.2017 11:00 - 12.01.2017 12:00","2723","2660"
"12.01.2017 12:00 - 12.01.2017 13:00","2620","2620"
"12.01.2017 13:00 - 12.01.2017 14:00","2652","2607"
"12.01.2017 14:00 - 12.01.2017 15:00","2593","2585"
"12.01.2017 15:00 - 12.01.2017 16:00","2540","2553"
"12.01.2017 16:00 - 12.01.2017 17:00","2644","2668"
"12.01.2017 17:00 - 12.01.2017 18:00","2912","2941"
"12.01.2017 18:00 - 12.01.2017 19:00","2846","2849"
"12.01.2017 19:00 - 12.01.2017 20:00","2636","2638"
"12.01.2017 20:00 - 12.01.2017 21:00","2499","2502"
"12.01.2017 21:00 - 12.01.2017 22:00","2385","2371"
"12.01.2017 22:00 - 12.01.2017 23:00","2209","2167"
"12.01.2017 23:00 - 13.01.2017 00:00","2019","2002"
"13.01.2017 00:00 - 13.01.2017 01:00","1904","1881"
"13.01.2017 01:00 - 13.01.2017 02:00","1834","1848"
"13.01.2017 02:00 - 13.01.2017 03:00","1825","1835"
"13.01.2017 03:00 - 13.01.2017 04:00","1840","1854"
"13.01.2017 04:00 - 13.01.2017 05:00","1905","1943"
"13.01.2017 05:00 - 13.01.2017 06:00","2076","2087"
"13.01.2017 06:00 - 13.01.2017 07:00","2472","2477"
"13.01.2017 07:00 - 13.01.2017 08:00","2930","2915"
"13.01.2017 08:00 - 13.01.2017 09:00","3057","3052"
"13.01.2017 09:00 - 13.01.2017 10:00","2977","2974"
"13.01.2017 10:00 - 13.01.2017 11:00","3003","2981"
"13.01.2017 11:00 - 13.01.2017 12:00","2915","2891"
"13.01.2017 12:00 - 13.01.2017 13:00","2749","2721"
"13.01.2017 13:00 - 13.01.2017 14:00","2652","2635"
"13.01.2017 14:00 - 13.01.2017 15:00","2509","2502"
"13.01.2017 15:00 - 13.01.2017 16:00","2467","2490"
"13.01.2017 16:00 - 13.01.2017 17:00","2643","2654"
"13.01.2017 17:00 - 13.01.2017 18:00","2929","2938"
"13.01.2017 18:00 - 13.01.2017 19:00","2828","2842"
"13.01.2017 19:00 - 13.01.2017 20:00","2632","2645"
"13.01.2017 20:00 - 13.01.2017 21:00","2420","2438"
"13.01.2017 21:00 - 13.01.2017 22:00","2274","2276"
"13.01.2017 22:00 - 13.01.2017 23:00","2111","2103"
"13.01.2017 23:00 - 14.01.2017 00:00","1941","1944"
"14.01.2017 00:00 - 14.01.2017 01:00","1854","1820"
"14.01.2017 01:00 - 14.01.2017 02:00","1737","1711"
"14.01.2017 02:00 - 14.01.2017 03:00","1661","1652"
"14.01.2017 03:00 - 14.01.2017 04:00","1635","1614"
"14.01.2017 04:00 - 14.01.2017 05:00","1627","1656"
"14.01.2017 05:00 - 14.01.2017 06:00","1694","1681"
"14.01.2017 06:00 - 14.01.2017 07:00","1791","1767"
"14.01.2017 07:00 - 14.01.2017 08:00","1987","1997"
"14.01.2017 08:00 - 14.01.2017 09:00","2204","2183"
"14.01.2017 09:00 - 14.01.2017 10:00","2276","2277"
"14.01.2017 10:00 - 14.01.2017 11:00","2339","2297"
"14.01.2017 11:00 - 14.01.2017 12:00","2280","2256"
"14.01.2017 12:00 - 14.01.2017 13:00","2201","2198"
"14.01.2017 13:00 - 14.01.2017 14:00","2158","2149"
"14.01.2017 14:00 - 14.01.2017 15:00","2130","2114"
"14.01.2017 15:00 - 14.01.2017 16:00","2118","2119"
"14.01.2017 16:00 - 14.01.2017 17:00","2278","2295"
"14.01.2017 17:00 - 14.01.2017 18:00","2570","2567"
"14.01.2017 18:00 - 14.01.2017 19:00","2495","2478"
"14.01.2017 19:00 - 14.01.2017 20:00","2283","2276"
"14.01.2017 20:00 - 14.01.2017 21:00","2173","2196"
"14.01.2017 21:00 - 14.01.2017 22:00","2048","2033"
"14.01.2017 22:00 - 14.01.2017 23:00","1901","1898"
"14.01.2017 23:00 - 15.01.2017 00:00","1783","1806"
"15.01.2017 00:00 - 15.01.2017 01:00","1717","1723"
"15.01.2017 01:00 - 15.01.2017 02:00","1661","1667"
"15.01.2017 02:00 - 15.01.2017 03:00","1643","1645"
"15.01.2017 03:00 - 15.01.2017 04:00","1639","1648"
"15.01.2017 04:00 - 15.01.2017 05:00","1654","1653"
"15.01.2017 05:00 - 15.01.2017 06:00","1695","1677"
"15.01.2017 06:00 - 15.01.2017 07:00","1784","1788"
"15.01.2017 07:00 - 15.01.2017 08:00","1965","1980"
"15.01.2017 08:00 - 15.01.2017 09:00","2188","2178"
"15.01.2017 09:00 - 15.01.2017 10:00","2277","2270"
"15.01.2017 10:00 - 15.01.2017 11:00","2287","2268"
"15.01.2017 11:00 - 15.01.2017 12:00","2256","2238"
"15.01.2017 12:00 - 15.01.2017 13:00","2200","2181"
"15.01.2017 13:00 - 15.01.2017 14:00","2160","2125"
"15.01.2017 14:00 - 15.01.2017 15:00","2122","2119"
"15.01.2017 15:00 - 15.01.2017 16:00","2144","2161"
"15.01.2017 16:00 - 15.01.2017 17:00","2348","2375"
"15.01.2017 17:00 - 15.01.2017 18:00","2734","2758"
"15.01.2017 18:00 - 15.01.2017 19:00","2694","2700"
"15.01.2017 19:00 - 15.01.2017 20:00","2510","2526"
"15.01.2017 20:00 - 15.01.2017 21:00","2364","2359"
"15.01.2017 21:00 - 15.01.2017 22:00","2246","2236"
"15.01.2017 22:00 - 15.01.2017 23:00","2108","2088"
"15.01.2017 23:00 - 16.01.2017 00:00","1972","1960"
"16.01.2017 00:00 - 16.01.2017 01:00","1852","1894"
"16.01.2017 01:00 - 16.01.2017 02:00","1817","1856"
"16.01.2017 02:00 - 16.01.2017 03:00","1843","1847"
"16.01.2017 03:00 - 16.01.2017 04:00","1868","1875"
"16.01.2017 04:00 - 16.01.2017 05:00","1922","1918"
"16.01.2017 05:00 - 16.01.2017 06:00","2097","2078"
"16.01.2017 06:00 - 16.01.2017 07:00","2531","2509"
"16.01.2017 07:00 - 16.01.2017 08:00","2996","2998"
"16.01.2017 08:00 - 16.01.2017 09:00","3156","3153"
"16.01.2017 09:00 - 16.01.2017 10:00","3106","3110"
"16.01.2017 10:00 - 16.01.2017 11:00","3132","3075"
"16.01.2017 11:00 - 16.01.2017 12:00","3059","2999"
"16.01.2017 12:00 - 16.01.2017 13:00","2935","2889"
"16.01.2017 13:00 - 16.01.2017 14:00","2910","2886"
"16.01.2017 14:00 - 16.01.2017 15:00","2851","2840"
"16.01.2017 15:00 - 16.01.2017 16:00","2780","2780"
"16.01.2017 16:00 - 16.01.2017 17:00","2881","2886"
"16.01.2017 17:00 - 16.01.2017 18:00","3159","3215"
"16.01.2017 18:00 - 16.01.2017 19:00","3059","3075"
"16.01.2017 19:00 - 16.01.2017 20:00","2866","2894"
"16.01.2017 20:00 - 16.01.2017 21:00","2702","2730"
"16.01.2017 21:00 - 16.01.2017 22:00","2561","2576"
"16.01.2017 22:00 - 16.01.2017 23:00","2366","2405"
"16.01.2017 23:00 - 17.01.2017 00:00","2147","2218"
"17.01.2017 00:00 - 17.01.2017 01:00","2050","2089"
"17.01.2017 01:00 - 17.01.2017 02:00","2004","2034"
"17.01.2017 02:00 - 17.01.2017 03:00","2025","2008"
"17.01.2017 03:00 - 17.01.2017 04:00","2012","2012"
"17.01.2017 04:00 - 17.01.2017 05:00","2052","2045"
"17.01.2017 05:00 - 17.01.2017 06:00","2228","2213"
"17.01.2017 06:00 - 17.01.2017 07:00","2620","2595"
"17.01.2017 07:00 - 17.01.2017 08:00","3061","3047"
"17.01.2017 08:00 - 17.01.2017 09:00","3198","3170"
"17.01.2017 09:00 - 17.01.2017 10:00","3146","3126"
"17.01.2017 10:00 - 17.01.2017 11:00","3174","3144"
"17.01.2017 11:00 - 17.01.2017 12:00","3135","3110"
"17.01.2017 12:00 - 17.01.2017 13:00","3051","3038"
"17.01.2017 13:00 - 17.01.2017 14:00","3027","3033"
"17.01.2017 14:00 - 17.01.2017 15:00","2975","2957"
"17.01.2017 15:00 - 17.01.2017 16:00","2867","2848"
"17.01.2017 16:00 - 17.01.2017 17:00","2920","2909"
"17.01.2017 17:00 - 17.01.2017 18:00","3170","3174"
"17.01.2017 18:00 - 17.01.2017 19:00","3022","2990"
"17.01.2017 19:00 - 17.01.2017 20:00","2794","2761"
"17.01.2017 20:00 - 17.01.2017 21:00","2593","2573"
"17.01.2017 21:00 - 17.01.2017 22:00","2414","2406"
"17.01.2017 22:00 - 17.01.2017 23:00","2224","2186"
"17.01.2017 23:00 - 18.01.2017 00:00","2078","1969"
"18.01.2017 00:00 - 18.01.2017 01:00","1874","1853"
"18.01.2017 01:00 - 18.01.2017 02:00","1792","1777"
"18.01.2017 02:00 - 18.01.2017 03:00","1771","1744"
"18.01.2017 03:00 - 18.01.2017 04:00","1780","1770"
"18.01.2017 04:00 - 18.01.2017 05:00","1843","1812"
"18.01.2017 05:00 - 18.01.2017 06:00","1993","1967"
"18.01.2017 06:00 - 18.01.2017 07:00","2421","2393"
"18.01.2017 07:00 - 18.01.2017 08:00","2921","2884"
"18.01.2017 08:00 - 18.01.2017 09:00","3039","3029"
"18.01.2017 09:00 - 18.01.2017 10:00","2971","2965"
"18.01.2017 10:00 - 18.01.2017 11:00","2997","2989"
"18.01.2017 11:00 - 18.01.2017 12:00","2973","2952"
"18.01.2017 12:00 - 18.01.2017 13:00","2880","2882"
"18.01.2017 13:00 - 18.01.2017 14:00","2882","2871"
"18.01.2017 14:00 - 18.01.2017 15:00","2821","2812"
"18.01.2017 15:00 - 18.01.2017 16:00","2747","2760"
"18.01.2017 16:00 - 18.01.2017 17:00","2838","2845"
"18.01.2017 17:00 - 18.01.2017 18:00","3062","3069"
"18.01.2017 18:00 - 18.01.2017 19:00","2895","2877"
"18.01.2017 19:00 - 18.01.2017 20:00","2681","2677"
"18.01.2017 20:00 - 18.01.2017 21:00","2511","2535"
"18.01.2017 21:00 - 18.01.2017 22:00","2331","2331"
"18.01.2017 22:00 - 18.01.2017 23:00","2121","2123"
"18.01.2017 23:00 - 19.01.2017 00:00","1952","1949"
"19.01.2017 00:00 - 19.01.2017 01:00","1847","1851"
"19.01.2017 01:00 - 19.01.2017 02:00","1821","1834"
"19.01.2017 02:00 - 19.01.2017 03:00","1823","1808"
"19.01.2017 03:00 - 19.01.2017 04:00","1830","1810"
"19.01.2017 04:00 - 19.01.2017 05:00","1867","1837"
"19.01.2017 05:00 - 19.01.2017 06:00","2004","1990"
"19.01.2017 06:00 - 19.01.2017 07:00","2412","2400"
"19.01.2017 07:00 - 19.01.2017 08:00","2843","2823"
"19.01.2017 08:00 - 19.01.2017 09:00","2924","2929"
"19.01.2017 09:00 - 19.01.2017 10:00","2849","2879"
"19.01.2017 10:00 - 19.01.2017 11:00","2919","2924"
"19.01.2017 11:00 - 19.01.2017 12:00","2892","2888"
"19.01.2017 12:00 - 19.01.2017 13:00","2796","2797"
"19.01.2017 13:00 - 19.01.2017 14:00","2809","2792"
"19.01.2017 14:00 - 19.01.2017 15:00","2727","2720"
"19.01.2017 15:00 - 19.01.2017 16:00","2648","2652"
"19.01.2017 16:00 - 19.01.2017 17:00","2708","2702"
"19.01.2017 17:00 - 19.01.2017 18:00","3007","3011"
"19.01.2017 18:00 - 19.01.2017 19:00","2882","2879"
"19.01.2017 19:00 - 19.01.2017 20:00","2681","2671"
"19.01.2017 20:00 - 19.01.2017 21:00","2492","2490"
"19.01.2017 21:00 - 19.01.2017 22:00","2316","2302"
"19.01.2017 22:00 - 19.01.2017 23:00","2114","2097"
"19.01.2017 23:00 - 20.01.2017 00:00","1954","1899"
"20.01.2017 00:00 - 20.01.2017 01:00","1786","1751"
"20.01.2017 01:00 - 20.01.2017 02:00","1721","1702"
"20.01.2017 02:00 - 20.01.2017 03:00","1675","1646"
"20.01.2017 03:00 - 20.01.2017 04:00","1671","1645"
"20.01.2017 04:00 - 20.01.2017 05:00","1720","1691"
"20.01.2017 05:00 - 20.01.2017 06:00","1862","1839"
"20.01.2017 06:00 - 20.01.2017 07:00","2270","2258"
"20.01.2017 07:00 - 20.01.2017 08:00","2744","2725"
"20.01.2017 08:00 - 20.01.2017 09:00","2865","2852"
"20.01.2017 09:00 - 20.01.2017 10:00","2825","2835"
"20.01.2017 10:00 - 20.01.2017 11:00","2857","2842"
"20.01.2017 11:00 - 20.01.2017 12:00","2781","2753"
"20.01.2017 12:00 - 20.01.2017 13:00","2622","2591"
"20.01.2017 13:00 - 20.01.2017 14:00","2524","2486"
"20.01.2017 14:00 - 20.01.2017 15:00","2366","2350"
"20.01.2017 15:00 - 20.01.2017 16:00","2306","2315"
"20.01.2017 16:00 - 20.01.2017 17:00","2432","2428"
"20.01.2017 17:00 - 20.01.2017 18:00","2716","2718"
"20.01.2017 18:00 - 20.01.2017 19:00","2621","2619"
"20.01.2017 19:00 - 20.01.2017 20:00","2367","2367"
"20.01.2017 20:00 - 20.01.2017 21:00","2162","2159"
"20.01.2017 21:00 - 20.01.2017 22:00","2027","2038"
"20.01.2017 22:00 - 20.01.2017 23:00","1865","1925"
"20.01.2017 23:00 - 21.01.2017 00:00","1727","1773"
"21.01.2017 00:00 - 21.01.2017 01:00","1689","1675"
"21.01.2017 01:00 - 21.01.2017 02:00","1628","1623"
"21.01.2017 02:00 - 21.01.2017 03:00","1608","1614"
"21.01.2017 03:00 - 21.01.2017 04:00","1621","1608"
"21.01.2017 04:00 - 21.01.2017 05:00","1625","1615"
"21.01.2017 05:00 - 21.01.2017 06:00","1673","1661"
"21.01.2017 06:00 - 21.01.2017 07:00","1793","1787"
"21.01.2017 07:00 - 21.01.2017 08:00","1980","1978"
"21.01.2017 08:00 - 21.01.2017 09:00","2165","2164"
"21.01.2017 09:00 - 21.01.2017 10:00","2270","2278"
"21.01.2017 10:00 - 21.01.2017 11:00","2337","2348"
"21.01.2017 11:00 - 21.01.2017 12:00","2342","2328"
"21.01.2017 12:00 - 21.01.2017 13:00","2256","2257"
"21.01.2017 13:00 - 21.01.2017 14:00","2205","2198"
"21.01.2017 14:00 - 21.01.2017 15:00","2145","2152"
"21.01.2017 15:00 - 21.01.2017 16:00","2153","2178"
"21.01.2017 16:00 - 21.01.2017 17:00","2302","2323"
"21.01.2017 17:00 - 21.01.2017 18:00","2621","2627"
"21.01.2017 18:00 - 21.01.2017 19:00","2548","2539"
"21.01.2017 19:00 - 21.01.2017 20:00","2321","2321"
"21.01.2017 20:00 - 21.01.2017 21:00","2164","2163"
"21.01.2017 21:00 - 21.01.2017 22:00","2042","2039"
"21.01.2017 22:00 - 21.01.2017 23:00","1927","1909"
"21.01.2017 23:00 - 22.01.2017 00:00","1807","1789"
"22.01.2017 00:00 - 22.01.2017 01:00","1704","1700"
"22.01.2017 01:00 - 22.01.2017 02:00","1642","1624"
"22.01.2017 02:00 - 22.01.2017 03:00","1599","1580"
"22.01.2017 03:00 - 22.01.2017 04:00","1583","1568"
"22.01.2017 04:00 - 22.01.2017 05:00","1604","1577"
"22.01.2017 05:00 - 22.01.2017 06:00","1636","1625"
"22.01.2017 06:00 - 22.01.2017 07:00","1743","1732"
"22.01.2017 07:00 - 22.01.2017 08:00","1894","1892"
"22.01.2017 08:00 - 22.01.2017 09:00","2050","2072"
"22.01.2017 09:00 - 22.01.2017 10:00","2173","2186"
"22.01.2017 10:00 - 22.01.2017 11:00","2237","2260"
"22.01.2017 11:00 - 22.01.2017 12:00","2275","2291"
"22.01.2017 12:00 - 22.01.2017 13:00","2256","2273"
"22.01.2017 13:00 - 22.01.2017 14:00","2235","2250"
"22.01.2017 14:00 - 22.01.2017 15:00","2236","2247"
"22.01.2017 15:00 - 22.01.2017 16:00","2268","2271"
"22.01.2017 16:00 - 22.01.2017 17:00","2413","2377"
"22.01.2017 17:00 - 22.01.2017 18:00","2655","2659"
"22.01.2017 18:00 - 22.01.2017 19:00","2590","2612"
"22.01.2017 19:00 - 22.01.2017 20:00","2446","2420"
"22.01.2017 20:00 - 22.01.2017 21:00","2259","2248"
"22.01.2017 21:00 - 22.01.2017 22:00","2143","2117"
"22.01.2017 22:00 - 22.01.2017 23:00","2019","1952"
"22.01.2017 23:00 - 23.01.2017 00:00","1915","1823"
"23.01.2017 00:00 - 23.01.2017 01:00","1746","1746"
"23.01.2017 01:00 - 23.01.2017 02:00","1722","1700"
"23.01.2017 02:00 - 23.01.2017 03:00","1764","1699"
"23.01.2017 03:00 - 23.01.2017 04:00","1748","1708"
"23.01.2017 04:00 - 23.01.2017 05:00","1775","1751"
"23.01.2017 05:00 - 23.01.2017 06:00","1951","1925"
"23.01.2017 06:00 - 23.01.2017 07:00","2405","2366"
"23.01.2017 07:00 - 23.01.2017 08:00","2842","2840"
"23.01.2017 08:00 - 23.01.2017 09:00","2985","2974"
"23.01.2017 09:00 - 23.01.2017 10:00","2937","2927"
"23.01.2017 10:00 - 23.01.2017 11:00","2967","2948"
"23.01.2017 11:00 - 23.01.2017 12:00","2941","2923"
"23.01.2017 12:00 - 23.01.2017 13:00","2831","2821"
"23.01.2017 13:00 - 23.01.2017 14:00","2831","2825"
"23.01.2017 14:00 - 23.01.2017 15:00","2770","2757"
"23.01.2017 15:00 - 23.01.2017 16:00","2681","2697"
"23.01.2017 16:00 - 23.01.2017 17:00","2749","2759"
"23.01.2017 17:00 - 23.01.2017 18:00","3027","3060"
"23.01.2017 18:00 - 23.01.2017 19:00","2948","2926"
"23.01.2017 19:00 - 23.01.2017 20:00","2723","2730"
"23.01.2017 20:00 - 23.01.2017 21:00","2512","2486"
"23.01.2017 21:00 - 23.01.2017 22:00","2316","2336"
"23.01.2017 22:00 - 23.01.2017 23:00","2093","2156"
"23.01.2017 23:00 - 24.01.2017 00:00","1939","1992"
"24.01.2017 00:00 - 24.01.2017 01:00","1916","1873"
"24.01.2017 01:00 - 24.01.2017 02:00","1817","1808"
"24.01.2017 02:00 - 24.01.2017 03:00","1788","1771"
"24.01.2017 03:00 - 24.01.2017 04:00","1792","1780"
"24.01.2017 04:00 - 24.01.2017 05:00","1824","1817"
"24.01.2017 05:00 - 24.01.2017 06:00","1993","1983"
"24.01.2017 06:00 - 24.01.2017 07:00","2420","2408"
"24.01.2017 07:00 - 24.01.2017 08:00","2879","2879"
"24.01.2017 08:00 - 24.01.2017 09:00","2995","2990"
"24.01.2017 09:00 - 24.01.2017 10:00","2963","2958"
"24.01.2017 10:00 - 24.01.2017 11:00","2986","2974"
"24.01.2017 11:00 - 24.01.2017 12:00","2963","2976"
"24.01.2017 12:00 - 24.01.2017 13:00","2899","2888"
"24.01.2017 13:00 - 24.01.2017 14:00","2898","2884"
"24.01.2017 14:00 - 24.01.2017 15:00","2827","2832"
"24.01.2017 15:00 - 24.01.2017 16:00","2741","2713"
"24.01.2017 16:00 - 24.01.2017 17:00","2755","2770"
"24.01.2017 17:00 - 24.01.2017 18:00","3045","3057"
"24.01.2017 18:00 - 24.01.2017 19:00","2893","2900"
"24.01.2017 19:00 - 24.01.2017 20:00","2673","2704"
"24.01.2017 20:00 - 24.01.2017 21:00","2506","2517"
"24.01.2017 21:00 - 24.01.2017 22:00","2351","2332"
"24.01.2017 22:00 - 24.01.2017 23:00","2151","2129"
"24.01.2017 23:00 - 25.01.2017 00:00","1964","1939"
"25.01.2017 00:00 - 25.01.2017 01:00","1834","1800"
"25.01.2017 01:00 - 25.01.2017 02:00","1764","1745"
"25.01.2017 02:00 - 25.01.2017 03:00","1739","1704"
"25.01.2017 03:00 - 25.01.2017 04:00","1742","1735"
"25.01.2017 04:00 - 25.01.2017 05:00","1784","1781"
"25.01.2017 05:00 - 25.01.2017 06:00","1958","1954"
"25.01.2017 06:00 - 25.01.2017 07:00","2409","2365"
"25.01.2017 07:00 - 25.01.2017 08:00","2840","2839"
"25.01.2017 08:00 - 25.01.2017 09:00","2970","2975"
"25.01.2017 09:00 - 25.01.2017 10:00","2935","2923"
"25.01.2017 10:00 - 25.01.2017 11:00","2952","2979"
"25.01.2017 11:00 - 25.01.2017 12:00","2986","3001"
"25.01.2017 12:00 - 25.01.2017 13:00","2926","2927"
"25.01.2017 13:00 - 25.01.2017 14:00","2955","2950"
"25.01.2017 14:00 - 25.01.2017 15:00","2888","2881"
"25.01.2017 15:00 - 25.01.2017 16:00","2789","2788"
"25.01.2017 16:00 - 25.01.2017 17:00","2843","2856"
"25.01.2017 17:00 - 25.01.2017 18:00","3152","3113"
"25.01.2017 18:00 - 25.01.2017 19:00","3004","2971"
"25.01.2017 19:00 - 25.01.2017 20:00","2777","2776"
"25.01.2017 20:00 - 25.01.2017 21:00","2565","2581"
"25.01.2017 21:00 - 25.01.2017 22:00","2390","2397"
"25.01.2017 22:00 - 25.01.2017 23:00","2208","2197"
"25.01.2017 23:00 - 26.01.2017 00:00","2011","2023"
"26.01.2017 00:00 - 26.01.2017 01:00","1947","1926"
"26.01.2017 01:00 - 26.01.2017 02:00","1871","1869"
"26.01.2017 02:00 - 26.01.2017 03:00","1855","1872"
"26.01.2017 03:00 - 26.01.2017 04:00","1893","1906"
"26.01.2017 04:00 - 26.01.2017 05:00","1940","1959"
"26.01.2017 05:00 - 26.01.2017 06:00","2120","2126"
"26.01.2017 06:00 - 26.01.2017 07:00","2571","2550"
"26.01.2017 07:00 - 26.01.2017 08:00","3035","3023"
"26.01.2017 08:00 - 26.01.2017 09:00","3136","3149"
"26.01.2017 09:00 - 26.01.2017 10:00","3109","3120"
"26.01.2017 10:00 - 26.01.2017 11:00","3152","3158"
"26.01.2017 11:00 - 26.01.2017 12:00","3115","3112"
"26.01.2017 12:00 - 26.01.2017 13:00","3026","3003"
"26.01.2017 13:00 - 26.01.2017 14:00","3030","2995"
"26.01.2017 14:00 - 26.01.2017 15:00","2962","2955"
"26.01.2017 15:00 - 26.01.2017 16:00","2867","2864"
"26.01.2017 16:00 - 26.01.2017 17:00","2915","2893"
"26.01.2017 17:00 - 26.01.2017 18:00","3190","3159"
"26.01.2017 18:00 - 26.01.2017 19:00","3031","3018"
"26.01.2017 19:00 - 26.01.2017 20:00","2844","2840"
"26.01.2017 20:00 - 26.01.2017 21:00","2653","2631"
"26.01.2017 21:00 - 26.01.2017 22:00","2463","2445"
"26.01.2017 22:00 - 26.01.2017 23:00","2276","2229"
"26.01.2017 23:00 - 27.01.2017 00:00","2083","2046"
"27.01.2017 00:00 - 27.01.2017 01:00","1937","1936"
"27.01.2017 01:00 - 27.01.2017 02:00","1885","1895"
"27.01.2017 02:00 - 27.01.2017 03:00","1872","1855"
"27.01.2017 03:00 - 27.01.2017 04:00","1860","1848"
"27.01.2017 04:00 - 27.01.2017 05:00","1907","1898"
"27.01.2017 05:00 - 27.01.2017 06:00","2067","2040"
"27.01.2017 06:00 - 27.01.2017 07:00","2498","2440"
"27.01.2017 07:00 - 27.01.2017 08:00","2930","2863"
"27.01.2017 08:00 - 27.01.2017 09:00","2992","2975"
"27.01.2017 09:00 - 27.01.2017 10:00","2922","2886"
"27.01.2017 10:00 - 27.01.2017 11:00","2898","2857"
"27.01.2017 11:00 - 27.01.2017 12:00","2861","2793"
"27.01.2017 12:00 - 27.01.2017 13:00","2635","2629"
"27.01.2017 13:00 - 27.01.2017 14:00","2543","2513"
"27.01.2017 14:00 - 27.01.2017 15:00","2406","2439"
"27.01.2017 15:00 - 27.01.2017 16:00","2385","2427"
"27.01.2017 16:00 - 27.01.2017 17:00","2535","2539"
"27.01.2017 17:00 - 27.01.2017 18:00","2850","2855"
"27.01.2017 18:00 - 27.01.2017 19:00","2794","2782"
"27.01.2017 19:00 - 27.01.2017 20:00","2532","2567"
"27.01.2017 20:00 - 27.01.2017 21:00","2356","2390"
"27.01.2017 21:00 - 27.01.2017 22:00","2227","2254"
"27.01.2017 22:00 - 27.01.2017 23:00","2100","2100"
"27.01.2017 23:00 - 28.01.2017 00:00","1914","1958"
"28.01.2017 00:00 - 28.01.2017 01:00","1853","1856"
"28.01.2017 01:00 - 28.01.2017 02:00","1776","1774"
"28.01.2017 02:00 - 28.01.2017 03:00","1735","1726"
"28.01.2017 03:00 - 28.01.2017 04:00","1724","1703"
"28.01.2017 04:00 - 28.01.2017 05:00","1720","1694"
"28.01.2017 05:00 - 28.01.2017 06:00","1753","1726"
"28.01.2017 06:00 - 28.01.2017 07:00","1864","1825"
"28.01.2017 07:00 - 28.01.2017 08:00","2026","2021"
"28.01.2017 08:00 - 28.01.2017 09:00","2196","2200"
"28.01.2017 09:00 - 28.01.2017 10:00","2307","2285"
"28.01.2017 10:00 - 28.01.2017 11:00","2333","2304"
"28.01.2017 11:00 - 28.01.2017 12:00","2278","2285"
"28.01.2017 12:00 - 28.01.2017 13:00","2222","2218"
"28.01.2017 13:00 - 28.01.2017 14:00","2168","2138"
"28.01.2017 14:00 - 28.01.2017 15:00","2116","2091"
"28.01.2017 15:00 - 28.01.2017 16:00","2109","2081"
"28.01.2017 16:00 - 28.01.2017 17:00","2218","2213"
"28.01.2017 17:00 - 28.01.2017 18:00","2557","2568"
"28.01.2017 18:00 - 28.01.2017 19:00","2527","2506"
"28.01.2017 19:00 - 28.01.2017 20:00","2297","2281"
"28.01.2017 20:00 - 28.01.2017 21:00","2136","2143"
"28.01.2017 21:00 - 28.01.2017 22:00","2015","2006"
"28.01.2017 22:00 - 28.01.2017 23:00","1880","1901"
"28.01.2017 23:00 - 29.01.2017 00:00","1771","1793"
"29.01.2017 00:00 - 29.01.2017 01:00","1700","1704"
"29.01.2017 01:00 - 29.01.2017 02:00","1660","1651"
"29.01.2017 02:00 - 29.01.2017 03:00","1634","1632"
"29.01.2017 03:00 - 29.01.2017 04:00","1638","1617"
"29.01.2017 04:00 - 29.01.2017 05:00","1640","1641"
"29.01.2017 05:00 - 29.01.2017 06:00","1685","1687"
"29.01.2017 06:00 - 29.01.2017 07:00","1781","1775"
"29.01.2017 07:00 - 29.01.2017 08:00","1935","1890"
"29.01.2017 08:00 - 29.01.2017 09:00","2066","2046"
"29.01.2017 09:00 - 29.01.2017 10:00","2155","2121"
"29.01.2017 10:00 - 29.01.2017 11:00","2190","2170"
"29.01.2017 11:00 - 29.01.2017 12:00","2204","2190"
"29.01.2017 12:00 - 29.01.2017 13:00","2176","2160"
"29.01.2017 13:00 - 29.01.2017 14:00","2156","2159"
"29.01.2017 14:00 - 29.01.2017 15:00","2150","2167"
"29.01.2017 15:00 - 29.01.2017 16:00","2198","2181"
"29.01.2017 16:00 - 29.01.2017 17:00","2288","2277"
"29.01.2017 17:00 - 29.01.2017 18:00","2588","2597"
"29.01.2017 18:00 - 29.01.2017 19:00","2573","2562"
"29.01.2017 19:00 - 29.01.2017 20:00","2397","2391"
"29.01.2017 20:00 - 29.01.2017 21:00","2237","2223"
"29.01.2017 21:00 - 29.01.2017 22:00","2113","2094"
"29.01.2017 22:00 - 29.01.2017 23:00","1968","1916"
"29.01.2017 23:00 - 30.01.2017 00:00","1846","1771"
"30.01.2017 00:00 - 30.01.2017 01:00","1727","1735"
"30.01.2017 01:00 - 30.01.2017 02:00","1715","1714"
"30.01.2017 02:00 - 30.01.2017 03:00","1718","1712"
"30.01.2017 03:00 - 30.01.2017 04:00","1734","1724"
"30.01.2017 04:00 - 30.01.2017 05:00","1773","1763"
"30.01.2017 05:00 - 30.01.2017 06:00","1941","1950"
"30.01.2017 06:00 - 30.01.2017 07:00","2405","2393"
"30.01.2017 07:00 - 30.01.2017 08:00","2883","2869"
"30.01.2017 08:00 - 30.01.2017 09:00","3005","3014"
"30.01.2017 09:00 - 30.01.2017 10:00","2996","2986"
"30.01.2017 10:00 - 30.01.2017 11:00","3037","3019"
"30.01.2017 11:00 - 30.01.2017 12:00","3037","3018"
"30.01.2017 12:00 - 30.01.2017 13:00","2936","2951"
"30.01.2017 13:00 - 30.01.2017 14:00","2923","2912"
"30.01.2017 14:00 - 30.01.2017 15:00","2868","2895"
"30.01.2017 15:00 - 30.01.2017 16:00","2799","2813"
"30.01.2017 16:00 - 30.01.2017 17:00","2825","2824"
"30.01.2017 17:00 - 30.01.2017 18:00","3090","3052"
"30.01.2017 18:00 - 30.01.2017 19:00","2935","2945"
"30.01.2017 19:00 - 30.01.2017 20:00","2767","2773"
"30.01.2017 20:00 - 30.01.2017 21:00","2541","2545"
"30.01.2017 21:00 - 30.01.2017 22:00","2367","2377"
"30.01.2017 22:00 - 30.01.2017 23:00","2224","2183"
"30.01.2017 23:00 - 31.01.2017 00:00","2046","1998"
"31.01.2017 00:00 - 31.01.2017 01:00","1898","1859"
"31.01.2017 01:00 - 31.01.2017 02:00","1814","1783"
"31.01.2017 02:00 - 31.01.2017 03:00","1776","1756"
"31.01.2017 03:00 - 31.01.2017 04:00","1798","1780"
"31.01.2017 04:00 - 31.01.2017 05:00","1838","1829"
"31.01.2017 05:00 - 31.01.2017 06:00","1992","1989"
"31.01.2017 06:00 - 31.01.2017 07:00","2398","2412"
"31.01.2017 07:00 - 31.01.2017 08:00","2920","2882"
"31.01.2017 08:00 - 31.01.2017 09:00","2999","2999"
"31.01.2017 09:00 - 31.01.2017 10:00","2986","2974"
"31.01.2017 10:00 - 31.01.2017 11:00","3030","3021"
"31.01.2017 11:00 - 31.01.2017 12:00","3006","3005"
"31.01.2017 12:00 - 31.01.2017 13:00","2932","2927"
"31.01.2017 13:00 - 31.01.2017 14:00","2915","2930"
"31.01.2017 14:00 - 31.01.2017 15:00","2880","2884"
"31.01.2017 15:00 - 31.01.2017 16:00","2798","2809"
"31.01.2017 16:00 - 31.01.2017 17:00","2830","2843"
"31.01.2017 17:00 - 31.01.2017 18:00","3106","3100"
"31.01.2017 18:00 - 31.01.2017 19:00","2981","2953"
"31.01.2017 19:00 - 31.01.2017 20:00","2768","2760"
"31.01.2017 20:00 - 31.01.2017 21:00","2547","2549"
"31.01.2017 21:00 - 31.01.2017 22:00","2374","2374"
"31.01.2017 22:00 - 31.01.2017 23:00","2147","2170"
"31.01.2017 23:00 - 01.02.2017 00:00","1985","1970"
"01.02.2017 00:00 - 01.02.2017 01:00","1887","1864"
"01.02.2017 01:00 - 01.02.2017 02:00","1822","1805"
"01.02.2017 02:00 - 01.02.2017 03:00","1801","1790"
"01.02.2017 03:00 - 01.02.2017 04:00","1827","1815"
"01.02.2017 04:00 - 01.02.2017 05:00","1875","1857"
"01.02.2017 05:00 - 01.02.2017 06:00","2035","2015"
"01.02.2017 06:00 - 01.02.2017 07:00","2399","2420"
"01.02.2017 07:00 - 01.02.2017 08:00","2940","2901"
"01.02.2017 08:00 - 01.02.2017 09:00","3045","3015"
"01.02.2017 09:00 - 01.02.2017 10:00","2989","2985"
"01.02.2017 10:00 - 01.02.2017 11:00","3026","3008"
"01.02.2017 11:00 - 01.02.2017 12:00","2986","3001"
"01.02.2017 12:00 - 01.02.2017 13:00","2914","2929"
"01.02.2017 13:00 - 01.02.2017 14:00","2917","2921"
"01.02.2017 14:00 - 01.02.2017 15:00","2862","2865"
"01.02.2017 15:00 - 01.02.2017 16:00","2751","2750"
"01.02.2017 16:00 - 01.02.2017 17:00","2769","2773"
"01.02.2017 17:00 - 01.02.2017 18:00","3057","3013"
"01.02.2017 18:00 - 01.02.2017 19:00","2910","2874"
"01.02.2017 19:00 - 01.02.2017 20:00","2671","2658"
"01.02.2017 20:00 - 01.02.2017 21:00","2470","2434"
"01.02.2017 21:00 - 01.02.2017 22:00","2275","2243"
"01.02.2017 22:00 - 01.02.2017 23:00","2074","2056"
"01.02.2017 23:00 - 02.02.2017 00:00","1949","1886"
"02.02.2017 00:00 - 02.02.2017 01:00","1802","1752"
"02.02.2017 01:00 - 02.02.2017 02:00","1732","1703"
"02.02.2017 02:00 - 02.02.2017 03:00","1725","1676"
"02.02.2017 03:00 - 02.02.2017 04:00","1712","1684"
"02.02.2017 04:00 - 02.02.2017 05:00","1771","1747"
"02.02.2017 05:00 - 02.02.2017 06:00","1943","1908"
"02.02.2017 06:00 - 02.02.2017 07:00","2346","2329"
"02.02.2017 07:00 - 02.02.2017 08:00","2832","2783"
"02.02.2017 08:00 - 02.02.2017 09:00","2947","2952"
"02.02.2017 09:00 - 02.02.2017 10:00","2941","2957"
"02.02.2017 10:00 - 02.02.2017 11:00","3009","3045"
"02.02.2017 11:00 - 02.02.2017 12:00","3022","3036"
"02.02.2017 12:00 - 02.02.2017 13:00","2953","2961"
"02.02.2017 13:00 - 02.02.2017 14:00","2987","3005"
"02.02.2017 14:00 - 02.02.2017 15:00","2945","2946"
"02.02.2017 15:00 - 02.02.2017 16:00","2841","2844"
"02.02.2017 16:00 - 02.02.2017 17:00","2839","2830"
"02.02.2017 17:00 - 02.02.2017 18:00","3071","3063"
"02.02.2017 18:00 - 02.02.2017 19:00","2943","2930"
"02.02.2017 19:00 - 02.02.2017 20:00","2716","2732"
"02.02.2017 20:00 - 02.02.2017 21:00","2517","2540"
"02.02.2017 21:00 - 02.02.2017 22:00","2345","2377"
"02.02.2017 22:00 - 02.02.2017 23:00","2132","2337"
"02.02.2017 23:00 - 03.02.2017 00:00","1980","2044"
"03.02.2017 00:00 - 03.02.2017 01:00","1810","1940"
"03.02.2017 01:00 - 03.02.2017 02:00","1843","1807"
"03.02.2017 02:00 - 03.02.2017 03:00","1802","1780"
"03.02.2017 03:00 - 03.02.2017 04:00","1798","1770"
"03.02.2017 04:00 - 03.02.2017 05:00","1818","1785"
"03.02.2017 05:00 - 03.02.2017 06:00","1954","1943"
"03.02.2017 06:00 - 03.02.2017 07:00","2360","2353"
"03.02.2017 07:00 - 03.02.2017 08:00","2811","2807"
"03.02.2017 08:00 - 03.02.2017 09:00","2906","2938"
"03.02.2017 09:00 - 03.02.2017 10:00","2909","2932"
"03.02.2017 10:00 - 03.02.2017 11:00","2984","3000"
"03.02.2017 11:00 - 03.02.2017 12:00","2946","2977"
"03.02.2017 12:00 - 03.02.2017 13:00","2837","2838"
"03.02.2017 13:00 - 03.02.2017 14:00","2758","2763"
"03.02.2017 14:00 - 03.02.2017 15:00","2649","2660"
"03.02.2017 15:00 - 03.02.2017 16:00","2606","2608"
"03.02.2017 16:00 - 03.02.2017 17:00","2659","2656"
"03.02.2017 17:00 - 03.02.2017 18:00","2904","2890"
"03.02.2017 18:00 - 03.02.2017 19:00","2817","2779"
"03.02.2017 19:00 - 03.02.2017 20:00","2569","2552"
"03.02.2017 20:00 - 03.02.2017 21:00","2354","2310"
"03.02.2017 21:00 - 03.02.2017 22:00","2154","2149"
"03.02.2017 22:00 - 03.02.2017 23:00","2010","2006"
"03.02.2017 23:00 - 04.02.2017 00:00","1876","1846"
"04.02.2017 00:00 - 04.02.2017 01:00","1740","1696"
"04.02.2017 01:00 - 04.02.2017 02:00","1645","1616"
"04.02.2017 02:00 - 04.02.2017 03:00","1596","1581"
"04.02.2017 03:00 - 04.02.2017 04:00","1585","1586"
"04.02.2017 04:00 - 04.02.2017 05:00","1616","1597"
"04.02.2017 05:00 - 04.02.2017 06:00","1669","1660"
"04.02.2017 06:00 - 04.02.2017 07:00","1803","1793"
"04.02.2017 07:00 - 04.02.2017 08:00","2036","2004"
"04.02.2017 08:00 - 04.02.2017 09:00","2189","2197"
"04.02.2017 09:00 - 04.02.2017 10:00","2315","2326"
"04.02.2017 10:00 - 04.02.2017 11:00","2339","2388"
"04.02.2017 11:00 - 04.02.2017 12:00","2376","2384"
"04.02.2017 12:00 - 04.02.2017 13:00","2338","2351"
"04.02.2017 13:00 - 04.02.2017 14:00","2314","2335"
"04.02.2017 14:00 - 04.02.2017 15:00","2299","2318"
"04.02.2017 15:00 - 04.02.2017 16:00","2308","2315"
"04.02.2017 16:00 - 04.02.2017 17:00","2407","2384"
"04.02.2017 17:00 - 04.02.2017 18:00","2661","2651"
"04.02.2017 18:00 - 04.02.2017 19:00","2611","2602"
"04.02.2017 19:00 - 04.02.2017 20:00","2389","2382"
"04.02.2017 20:00 - 04.02.2017 21:00","2233","2240"
"04.02.2017 21:00 - 04.02.2017 22:00","2107","2107"
"04.02.2017 22:00 - 04.02.2017 23:00","1993","1981"
"04.02.2017 23:00 - 05.02.2017 00:00","1878","1844"
"05.02.2017 00:00 - 05.02.2017 01:00","1794","1728"
"05.02.2017 01:00 - 05.02.2017 02:00","1657","1642"
"05.02.2017 02:00 - 05.02.2017 03:00","1628","1599"
"05.02.2017 03:00 - 05.02.2017 04:00","1602","1592"
"05.02.2017 04:00 - 05.02.2017 05:00","1615","1613"
"05.02.2017 05:00 - 05.02.2017 06:00","1661","1646"
"05.02.2017 06:00 - 05.02.2017 07:00","1748","1739"
"05.02.2017 07:00 - 05.02.2017 08:00","1893","1872"
"05.02.2017 08:00 - 05.02.2017 09:00","2009","2019"
"05.02.2017 09:00 - 05.02.2017 10:00","2136","2176"
"05.02.2017 10:00 - 05.02.2017 11:00","2234","2247"
"05.02.2017 11:00 - 05.02.2017 12:00","2256","2264"
"05.02.2017 12:00 - 05.02.2017 13:00","2255","2244"
"05.02.2017 13:00 - 05.02.2017 14:00","2205","2223"
"05.02.2017 14:00 - 05.02.2017 15:00","2210","2203"
"05.02.2017 15:00 - 05.02.2017 16:00","2201","2209"
"05.02.2017 16:00 - 05.02.2017 17:00","2303","2301"
"05.02.2017 17:00 - 05.02.2017 18:00","2639","2596"
"05.02.2017 18:00 - 05.02.2017 19:00","2600","2562"
"05.02.2017 19:00 - 05.02.2017 20:00","2398","2384"
"05.02.2017 20:00 - 05.02.2017 21:00","2225","2224"
"05.02.2017 21:00 - 05.02.2017 22:00","2060","2081"
"05.02.2017 22:00 - 05.02.2017 23:00","1929","1954"
"05.02.2017 23:00 - 06.02.2017 00:00","1792","1804"
"06.02.2017 00:00 - 06.02.2017 01:00","1718","1685"
"06.02.2017 01:00 - 06.02.2017 02:00","1672","1625"
"06.02.2017 02:00 - 06.02.2017 03:00","1653","1611"
"06.02.2017 03:00 - 06.02.2017 04:00","1631","1598"
"06.02.2017 04:00 - 06.02.2017 05:00","1681","1663"
"06.02.2017 05:00 - 06.02.2017 06:00","1846","1847"
"06.02.2017 06:00 - 06.02.2017 07:00","2346","2290"
"06.02.2017 07:00 - 06.02.2017 08:00","2809","2760"
"06.02.2017 08:00 - 06.02.2017 09:00","2977","2953"
"06.02.2017 09:00 - 06.02.2017 10:00","2963","2990"
"06.02.2017 10:00 - 06.02.2017 11:00","3031","3048"
"06.02.2017 11:00 - 06.02.2017 12:00","2979","2972"
"06.02.2017 12:00 - 06.02.2017 13:00","2889","2876"
"06.02.2017 13:00 - 06.02.2017 14:00","2874","2891"
"06.02.2017 14:00 - 06.02.2017 15:00","2857","2902"
"06.02.2017 15:00 - 06.02.2017 16:00","2776","2763"
"06.02.2017 16:00 - 06.02.2017 17:00","2755","2757"
"06.02.2017 17:00 - 06.02.2017 18:00","3066","3009"
"06.02.2017 18:00 - 06.02.2017 19:00","2963","2927"
"06.02.2017 19:00 - 06.02.2017 20:00","2705","2694"
"06.02.2017 20:00 - 06.02.2017 21:00","2446","2473"
"06.02.2017 21:00 - 06.02.2017 22:00","2268","2311"
"06.02.2017 22:00 - 06.02.2017 23:00","2060","2091"
"06.02.2017 23:00 - 07.02.2017 00:00","1893","1931"
"07.02.2017 00:00 - 07.02.2017 01:00","1903","1898"
"07.02.2017 01:00 - 07.02.2017 02:00","1827","1763"
"07.02.2017 02:00 - 07.02.2017 03:00","1793","1774"
"07.02.2017 03:00 - 07.02.2017 04:00","1809","1811"
"07.02.2017 04:00 - 07.02.2017 05:00","1897","1915"
"07.02.2017 05:00 - 07.02.2017 06:00","2099","2120"
"07.02.2017 06:00 - 07.02.2017 07:00","2493","2439"
"07.02.2017 07:00 - 07.02.2017 08:00","2904","2885"
"07.02.2017 08:00 - 07.02.2017 09:00","2980","2957"
"07.02.2017 09:00 - 07.02.2017 10:00","2972","2976"
"07.02.2017 10:00 - 07.02.2017 11:00","2991","2959"
"07.02.2017 11:00 - 07.02.2017 12:00","2944","2985"
"07.02.2017 12:00 - 07.02.2017 13:00","2893","2903"
"07.02.2017 13:00 - 07.02.2017 14:00","2888","2857"
"07.02.2017 14:00 - 07.02.2017 15:00","2799","2829"
"07.02.2017 15:00 - 07.02.2017 16:00","2706","2695"
"07.02.2017 16:00 - 07.02.2017 17:00","2722","2723"
"07.02.2017 17:00 - 07.02.2017 18:00","2995","2975"
"07.02.2017 18:00 - 07.02.2017 19:00","2951","2917"
"07.02.2017 19:00 - 07.02.2017 20:00","2719","2694"
"07.02.2017 20:00 - 07.02.2017 21:00","2523","2554"
"07.02.2017 21:00 - 07.02.2017 22:00","2415","2441"
"07.02.2017 22:00 - 07.02.2017 23:00","2216","2257"
"07.02.2017 23:00 - 08.02.2017 00:00","2008","2051"
"08.02.2017 00:00 - 08.02.2017 01:00","1927","1935"
"08.02.2017 01:00 - 08.02.2017 02:00","1871","1852"
"08.02.2017 02:00 - 08.02.2017 03:00","1847","1847"
"08.02.2017 03:00 - 08.02.2017 04:00","1842","1849"
"08.02.2017 04:00 - 08.02.2017 05:00","1908","1920"
"08.02.2017 05:00 - 08.02.2017 06:00","2077","2101"
"08.02.2017 06:00 - 08.02.2017 07:00","2515","2542"
"08.02.2017 07:00 - 08.02.2017 08:00","2987","2984"
"08.02.2017 08:00 - 08.02.2017 09:00","3059","3078"
"08.02.2017 09:00 - 08.02.2017 10:00","3071","3069"
"08.02.2017 10:00 - 08.02.2017 11:00","3084","3091"
"08.02.2017 11:00 - 08.02.2017 12:00","3033","3035"
"08.02.2017 12:00 - 08.02.2017 13:00","2931","2902"
"08.02.2017 13:00 - 08.02.2017 14:00","2934","2941"
"08.02.2017 14:00 - 08.02.2017 15:00","2876","2885"
"08.02.2017 15:00 - 08.02.2017 16:00","2789","2780"
"08.02.2017 16:00 - 08.02.2017 17:00","2769","2738"
"08.02.2017 17:00 - 08.02.2017 18:00","3018","3016"
"08.02.2017 18:00 - 08.02.2017 19:00","2976","2936"
"08.02.2017 19:00 - 08.02.2017 20:00","2735","2744"
"08.02.2017 20:00 - 08.02.2017 21:00","2545","2560"
"08.02.2017 21:00 - 08.02.2017 22:00","2388","2383"
"08.02.2017 22:00 - 08.02.2017 23:00","2191","2210"
"08.02.2017 23:00 - 09.02.2017 00:00","2005","2065"
"09.02.2017 00:00 - 09.02.2017 01:00","1950","1960"
"09.02.2017 01:00 - 09.02.2017 02:00","1926","1931"
"09.02.2017 02:00 - 09.02.2017 03:00","1927","1902"
"09.02.2017 03:00 - 09.02.2017 04:00","1921","1909"
"09.02.2017 04:00 - 09.02.2017 05:00","1966","1963"
"09.02.2017 05:00 - 09.02.2017 06:00","2133","2141"
"09.02.2017 06:00 - 09.02.2017 07:00","2547","2568"
"09.02.2017 07:00 - 09.02.2017 08:00","3036","2998"
"09.02.2017 08:00 - 09.02.2017 09:00","3120","3079"
"09.02.2017 09:00 - 09.02.2017 10:00","3075","3086"
"09.02.2017 10:00 - 09.02.2017 11:00","3117","3109"
"09.02.2017 11:00 - 09.02.2017 12:00","3069","3079"
"09.02.2017 12:00 - 09.02.2017 13:00","2981","3008"
"09.02.2017 13:00 - 09.02.2017 14:00","3009","3018"
"09.02.2017 14:00 - 09.02.2017 15:00","2956","2976"
"09.02.2017 15:00 - 09.02.2017 16:00","2881","2902"
"09.02.2017 16:00 - 09.02.2017 17:00","2920","2929"
"09.02.2017 17:00 - 09.02.2017 18:00","3197","3160"
"09.02.2017 18:00 - 09.02.2017 19:00","3113","3126"
"09.02.2017 19:00 - 09.02.2017 20:00","2948","2978"
"09.02.2017 20:00 - 09.02.2017 21:00","2776","2855"
"09.02.2017 21:00 - 09.02.2017 22:00","2701","2711"
"09.02.2017 22:00 - 09.02.2017 23:00","2510","2385"
"09.02.2017 23:00 - 10.02.2017 00:00","2285","2189"
"10.02.2017 00:00 - 10.02.2017 01:00","2047","2056"
"10.02.2017 01:00 - 10.02.2017 02:00","2008","2015"
"10.02.2017 02:00 - 10.02.2017 03:00","2015","2031"
"10.02.2017 03:00 - 10.02.2017 04:00","2053","2058"
"10.02.2017 04:00 - 10.02.2017 05:00","2056","2014"
"10.02.2017 05:00 - 10.02.2017 06:00","2166","2169"
"10.02.2017 06:00 - 10.02.2017 07:00","2569","2613"
"10.02.2017 07:00 - 10.02.2017 08:00","3010","2997"
"10.02.2017 08:00 - 10.02.2017 09:00","3125","3143"
"10.02.2017 09:00 - 10.02.2017 10:00","3094","3070"
"10.02.2017 10:00 - 10.02.2017 11:00","3109","3063"
"10.02.2017 11:00 - 10.02.2017 12:00","3022","3016"
"10.02.2017 12:00 - 10.02.2017 13:00","2859","2867"
"10.02.2017 13:00 - 10.02.2017 14:00","2742","2730"
"10.02.2017 14:00 - 10.02.2017 15:00","2615","2605"
"10.02.2017 15:00 - 10.02.2017 16:00","2530","2514"
"10.02.2017 16:00 - 10.02.2017 17:00","2544","2527"
"10.02.2017 17:00 - 10.02.2017 18:00","2774","2746"
"10.02.2017 18:00 - 10.02.2017 19:00","2794","2833"
"10.02.2017 19:00 - 10.02.2017 20:00","2565","2539"
"10.02.2017 20:00 - 10.02.2017 21:00","2413","2429"
"10.02.2017 21:00 - 10.02.2017 22:00","2343","2311"
"10.02.2017 22:00 - 10.02.2017 23:00","2193","2134"
"10.02.2017 23:00 - 11.02.2017 00:00","2021","1943"
"11.02.2017 00:00 - 11.02.2017 01:00","1908","1846"
"11.02.2017 01:00 - 11.02.2017 02:00","1775","1767"
"11.02.2017 02:00 - 11.02.2017 03:00","1727","1713"
"11.02.2017 03:00 - 11.02.2017 04:00","1687","1677"
"11.02.2017 04:00 - 11.02.2017 05:00","1719","1731"
"11.02.2017 05:00 - 11.02.2017 06:00","1815","1835"
"11.02.2017 06:00 - 11.02.2017 07:00","1959","1955"
"11.02.2017 07:00 - 11.02.2017 08:00","2118","2116"
"11.02.2017 08:00 - 11.02.2017 09:00","2284","2251"
"11.02.2017 09:00 - 11.02.2017 10:00","2343","2303"
"11.02.2017 10:00 - 11.02.2017 11:00","2327","2269"
"11.02.2017 11:00 - 11.02.2017 12:00","2265","2244"
"11.02.2017 12:00 - 11.02.2017 13:00","2205","2186"
"11.02.2017 13:00 - 11.02.2017 14:00","2157","2142"
"11.02.2017 14:00 - 11.02.2017 15:00","2104","2076"
"11.02.2017 15:00 - 11.02.2017 16:00","2063","2053"
"11.02.2017 16:00 - 11.02.2017 17:00","2155","2172"
"11.02.2017 17:00 - 11.02.2017 18:00","2478","2487"
"11.02.2017 18:00 - 11.02.2017 19:00","2527","2576"
"11.02.2017 19:00 - 11.02.2017 20:00","2374","2336"
"11.02.2017 20:00 - 11.02.2017 21:00","2189","2214"
"11.02.2017 21:00 - 11.02.2017 22:00","2082","2092"
"11.02.2017 22:00 - 11.02.2017 23:00","1942","1942"
"11.02.2017 23:00 - 12.02.2017 00:00","1805","1814"
"12.02.2017 00:00 - 12.02.2017 01:00","1708","1706"
"12.02.2017 01:00 - 12.02.2017 02:00","1652","1637"
"12.02.2017 02:00 - 12.02.2017 03:00","1610","1578"
"12.02.2017 03:00 - 12.02.2017 04:00","1584","1588"
"12.02.2017 04:00 - 12.02.2017 05:00","1604","1635"
"12.02.2017 05:00 - 12.02.2017 06:00","1703","1729"
"12.02.2017 06:00 - 12.02.2017 07:00","1812","1753"
"12.02.2017 07:00 - 12.02.2017 08:00","1908","1889"
"12.02.2017 08:00 - 12.02.2017 09:00","2055","2112"
"12.02.2017 09:00 - 12.02.2017 10:00","2203","2219"
"12.02.2017 10:00 - 12.02.2017 11:00","2307","2267"
"12.02.2017 11:00 - 12.02.2017 12:00","2335","2270"
"12.02.2017 12:00 - 12.02.2017 13:00","2223","2186"
"12.02.2017 13:00 - 12.02.2017 14:00","2157","2161"
"12.02.2017 14:00 - 12.02.2017 15:00","2140","2133"
"12.02.2017 15:00 - 12.02.2017 16:00","2186","2256"
"12.02.2017 16:00 - 12.02.2017 17:00","2333","2309"
"12.02.2017 17:00 - 12.02.2017 18:00","2608","2599"
"12.02.2017 18:00 - 12.02.2017 19:00","2648","2669"
"12.02.2017 19:00 - 12.02.2017 20:00","2494","2482"
"12.02.2017 20:00 - 12.02.2017 21:00","2326","2367"
"12.02.2017 21:00 - 12.02.2017 22:00","2244","2263"
"12.02.2017 22:00 - 12.02.2017 23:00","2116","2120"
"12.02.2017 23:00 - 13.02.2017 00:00","1986","2003"
"13.02.2017 00:00 - 13.02.2017 01:00","1917","1951"
"13.02.2017 01:00 - 13.02.2017 02:00","1927","1987"
"13.02.2017 02:00 - 13.02.2017 03:00","1935","1918"
"13.02.2017 03:00 - 13.02.2017 04:00","1917","1914"
"13.02.2017 04:00 - 13.02.2017 05:00","1964","1960"
"13.02.2017 05:00 - 13.02.2017 06:00","2134","2115"
"13.02.2017 06:00 - 13.02.2017 07:00","2537","2482"
"13.02.2017 07:00 - 13.02.2017 08:00","2901","2882"
"13.02.2017 08:00 - 13.02.2017 09:00","3026","3044"
"13.02.2017 09:00 - 13.02.2017 10:00","3060","3068"
"13.02.2017 10:00 - 13.02.2017 11:00","3115","3120"
"13.02.2017 11:00 - 13.02.2017 12:00","3090","3066"
"13.02.2017 12:00 - 13.02.2017 13:00","2957","2944"
"13.02.2017 13:00 - 13.02.2017 14:00","2940","2914"
"13.02.2017 14:00 - 13.02.2017 15:00","2860","2846"
"13.02.2017 15:00 - 13.02.2017 16:00","2736","2744"
"13.02.2017 16:00 - 13.02.2017 17:00","2717","2734"
"13.02.2017 17:00 - 13.02.2017 18:00","3024","3050"
"13.02.2017 18:00 - 13.02.2017 19:00","3064","3100"
"13.02.2017 19:00 - 13.02.2017 20:00","2892","2905"
"13.02.2017 20:00 - 13.02.2017 21:00","2717","2688"
"13.02.2017 21:00 - 13.02.2017 22:00","2537","2533"
"13.02.2017 22:00 - 13.02.2017 23:00","2364","2329"
"13.02.2017 23:00 - 14.02.2017 00:00","2155","2175"
"14.02.2017 00:00 - 14.02.2017 01:00","2045","2037"
"14.02.2017 01:00 - 14.02.2017 02:00","1983","2003"
"14.02.2017 02:00 - 14.02.2017 03:00","1981","1990"
"14.02.2017 03:00 - 14.02.2017 04:00","1999","2010"
"14.02.2017 04:00 - 14.02.2017 05:00","2060","2068"
"14.02.2017 05:00 - 14.02.2017 06:00","2227","2218"
"14.02.2017 06:00 - 14.02.2017 07:00","2590","2555"
"14.02.2017 07:00 - 14.02.2017 08:00","2946","2923"
"14.02.2017 08:00 - 14.02.2017 09:00","3072","3076"
"14.02.2017 09:00 - 14.02.2017 10:00","3082","3053"
"14.02.2017 10:00 - 14.02.2017 11:00","3088","3038"
"14.02.2017 11:00 - 14.02.2017 12:00","2994","2957"
"14.02.2017 12:00 - 14.02.2017 13:00","2876","2835"
"14.02.2017 13:00 - 14.02.2017 14:00","2828","2799"
"14.02.2017 14:00 - 14.02.2017 15:00","2737","2738"
"14.02.2017 15:00 - 14.02.2017 16:00","2644","2636"
"14.02.2017 16:00 - 14.02.2017 17:00","2633","2611"
"14.02.2017 17:00 - 14.02.2017 18:00","2874","2857"
"14.02.2017 18:00 - 14.02.2017 19:00","2890","2916"
"14.02.2017 19:00 - 14.02.2017 20:00","2720","2712"
"14.02.2017 20:00 - 14.02.2017 21:00","2538","2539"
"14.02.2017 21:00 - 14.02.2017 22:00","2395","2391"
"14.02.2017 22:00 - 14.02.2017 23:00","2205","2189"
"14.02.2017 23:00 - 15.02.2017 00:00","2022","2004"
"15.02.2017 00:00 - 15.02.2017 01:00","1942","1924"
"15.02.2017 01:00 - 15.02.2017 02:00","1887","1872"
"15.02.2017 02:00 - 15.02.2017 03:00","1875","1866"
"15.02.2017 03:00 - 15.02.2017 04:00","1884","1891"
"15.02.2017 04:00 - 15.02.2017 05:00","1962","1979"
"15.02.2017 05:00 - 15.02.2017 06:00","2158","2150"
"15.02.2017 06:00 - 15.02.2017 07:00","2520","2471"
"15.02.2017 07:00 - 15.02.2017 08:00","2899","2860"
"15.02.2017 08:00 - 15.02.2017 09:00","2998","3003"
"15.02.2017 09:00 - 15.02.2017 10:00","3016","2990"
"15.02.2017 10:00 - 15.02.2017 11:00","3025","3006"
"15.02.2017 11:00 - 15.02.2017 12:00","2979","2966"
"15.02.2017 12:00 - 15.02.2017 13:00","2908","2858"
"15.02.2017 13:00 - 15.02.2017 14:00","2849","2820"
"15.02.2017 14:00 - 15.02.2017 15:00","2749","2739"
"15.02.2017 15:00 - 15.02.2017 16:00","2633","2638"
"15.02.2017 16:00 - 15.02.2017 17:00","2635","2654"
"15.02.2017 17:00 - 15.02.2017 18:00","2918","2920"
"15.02.2017 18:00 - 15.02.2017 19:00","2961","2948"
"15.02.2017 19:00 - 15.02.2017 20:00","2748","2737"
"15.02.2017 20:00 - 15.02.2017 21:00","2532","2539"
"15.02.2017 21:00 - 15.02.2017 22:00","2353","2352"
"15.02.2017 22:00 - 15.02.2017 23:00","2160","2166"
"15.02.2017 23:00 - 16.02.2017 00:00","1977","1982"
"16.02.2017 00:00 - 16.02.2017 01:00","1861","1852"
"16.02.2017 01:00 - 16.02.2017 02:00","1813","1800"
"16.02.2017 02:00 - 16.02.2017 03:00","1806","1778"
"16.02.2017 03:00 - 16.02.2017 04:00","1818","1793"
"16.02.2017 04:00 - 16.02.2017 05:00","1859","1847"
"16.02.2017 05:00 - 16.02.2017 06:00","2033","1997"
"16.02.2017 06:00 - 16.02.2017 07:00","2411","2318"
"16.02.2017 07:00 - 16.02.2017 08:00","2749","2721"
"16.02.2017 08:00 - 16.02.2017 09:00","2859","2852"
"16.02.2017 09:00 - 16.02.2017 10:00","2893","2919"
"16.02.2017 10:00 - 16.02.2017 11:00","2977","3004"
"16.02.2017 11:00 - 16.02.2017 12:00","2950","2950"
"16.02.2017 12:00 - 16.02.2017 13:00","2857","2857"
"16.02.2017 13:00 - 16.02.2017 14:00","2852","2860"
"16.02.2017 14:00 - 16.02.2017 15:00","2738","2724"
"16.02.2017 15:00 - 16.02.2017 16:00","2619","2639"
"16.02.2017 16:00 - 16.02.2017 17:00","2626","2643"
"16.02.2017 17:00 - 16.02.2017 18:00","2882","2847"
"16.02.2017 18:00 - 16.02.2017 19:00","2841","2808"
"16.02.2017 19:00 - 16.02.2017 20:00","2642","2615"
"16.02.2017 20:00 - 16.02.2017 21:00","2421","2422"
"16.02.2017 21:00 - 16.02.2017 22:00","2262","2268"
"16.02.2017 22:00 - 16.02.2017 23:00","2072","2087"
"16.02.2017 23:00 - 17.02.2017 00:00","1892","1940"
"17.02.2017 00:00 - 17.02.2017 01:00","1851","1872"
"17.02.2017 01:00 - 17.02.2017 02:00","1846","1853"
"17.02.2017 02:00 - 17.02.2017 03:00","1822","1839"
"17.02.2017 03:00 - 17.02.2017 04:00","1834","1841"
"17.02.2017 04:00 - 17.02.2017 05:00","1879","1866"
"17.02.2017 05:00 - 17.02.2017 06:00","2011","2007"
"17.02.2017 06:00 - 17.02.2017 07:00","2375","2321"
"17.02.2017 07:00 - 17.02.2017 08:00","2717","2669"
"17.02.2017 08:00 - 17.02.2017 09:00","2823","2827"
"17.02.2017 09:00 - 17.02.2017 10:00","2866","2886"
"17.02.2017 10:00 - 17.02.2017 11:00","2904","2883"
"17.02.2017 11:00 - 17.02.2017 12:00","2835","2811"
"17.02.2017 12:00 - 17.02.2017 13:00","2677","2668"
"17.02.2017 13:00 - 17.02.2017 14:00","2589","2601"
"17.02.2017 14:00 - 17.02.2017 15:00","2485","2491"
"17.02.2017 15:00 - 17.02.2017 16:00","2405","2414"
"17.02.2017 16:00 - 17.02.2017 17:00","2429","2437"
"17.02.2017 17:00 - 17.02.2017 18:00","2651","2687"
"17.02.2017 18:00 - 17.02.2017 19:00","2711","2734"
"17.02.2017 19:00 - 17.02.2017 20:00","2514","2524"
"17.02.2017 20:00 - 17.02.2017 21:00","2326","2305"
"17.02.2017 21:00 - 17.02.2017 22:00","2188","2173"
"17.02.2017 22:00 - 17.02.2017 23:00","2065","2011"
"17.02.2017 23:00 - 18.02.2017 00:00","1926","1870"
"18.02.2017 00:00 - 18.02.2017 01:00","1774","1751"
"18.02.2017 01:00 - 18.02.2017 02:00","1710","1705"
"18.02.2017 02:00 - 18.02.2017 03:00","1673","1674"
"18.02.2017 03:00 - 18.02.2017 04:00","1679","1663"
"18.02.2017 04:00 - 18.02.2017 05:00","1703","1650"
"18.02.2017 05:00 - 18.02.2017 06:00","1747","1661"
"18.02.2017 06:00 - 18.02.2017 07:00","1849","1788"
"18.02.2017 07:00 - 18.02.2017 08:00","1955","1940"
"18.02.2017 08:00 - 18.02.2017 09:00","2095","2113"
"18.02.2017 09:00 - 18.02.2017 10:00","2215","2192"
"18.02.2017 10:00 - 18.02.2017 11:00","2247","2211"
"18.02.2017 11:00 - 18.02.2017 12:00","2155","2135"
"18.02.2017 12:00 - 18.02.2017 13:00","2101","2104"
"18.02.2017 13:00 - 18.02.2017 14:00","2096","2103"
"18.02.2017 14:00 - 18.02.2017 15:00","2093","2089"
"18.02.2017 15:00 - 18.02.2017 16:00","2089","2098"
"18.02.2017 16:00 - 18.02.2017 17:00","2157","2133"
"18.02.2017 17:00 - 18.02.2017 18:00","2342","2338"
"18.02.2017 18:00 - 18.02.2017 19:00","2392","2388"
"18.02.2017 19:00 - 18.02.2017 20:00","2171","2156"
"18.02.2017 20:00 - 18.02.2017 21:00","1990","1985"
"18.02.2017 21:00 - 18.02.2017 22:00","1864","1834"
"18.02.2017 22:00 - 18.02.2017 23:00","1748","1690"
"18.02.2017 23:00 - 19.02.2017 00:00","1675","1604"
"19.02.2017 00:00 - 19.02.2017 01:00","1505","1495"
"19.02.2017 01:00 - 19.02.2017 02:00","1442","1445"
"19.02.2017 02:00 - 19.02.2017 03:00","1420","1431"
"19.02.2017 03:00 - 19.02.2017 04:00","1423","1446"
"19.02.2017 04:00 - 19.02.2017 05:00","1481","1477"
"19.02.2017 05:00 - 19.02.2017 06:00","1547","1491"
"19.02.2017 06:00 - 19.02.2017 07:00","1647","1623"
"19.02.2017 07:00 - 19.02.2017 08:00","1816","1826"
"19.02.2017 08:00 - 19.02.2017 09:00","1980","1972"
"19.02.2017 09:00 - 19.02.2017 10:00","2094","2116"
"19.02.2017 10:00 - 19.02.2017 11:00","2161","2169"
"19.02.2017 11:00 - 19.02.2017 12:00","2162","2148"
"19.02.2017 12:00 - 19.02.2017 13:00","2120","2120"
"19.02.2017 13:00 - 19.02.2017 14:00","2092","2059"
"19.02.2017 14:00 - 19.02.2017 15:00","2050","2022"
"19.02.2017 15:00 - 19.02.2017 16:00","2010","1990"
"19.02.2017 16:00 - 19.02.2017 17:00","2055","2040"
"19.02.2017 17:00 - 19.02.2017 18:00","2340","2298"
"19.02.2017 18:00 - 19.02.2017 19:00","2394","2394"
"19.02.2017 19:00 - 19.02.2017 20:00","2234","2205"
"19.02.2017 20:00 - 19.02.2017 21:00","2015","2032"
"19.02.2017 21:00 - 19.02.2017 22:00","1893","1886"
"19.02.2017 22:00 - 19.02.2017 23:00","1720","1746"
"19.02.2017 23:00 - 20.02.2017 00:00","1605","1604"
"20.02.2017 00:00 - 20.02.2017 01:00","1611","1631"
"20.02.2017 01:00 - 20.02.2017 02:00","1626","1618"
"20.02.2017 02:00 - 20.02.2017 03:00","1640","1620"
"20.02.2017 03:00 - 20.02.2017 04:00","1612","1584"
"20.02.2017 04:00 - 20.02.2017 05:00","1654","1639"
"20.02.2017 05:00 - 20.02.2017 06:00","1800","1782"
"20.02.2017 06:00 - 20.02.2017 07:00","2186","2090"
"20.02.2017 07:00 - 20.02.2017 08:00","2504","2480"
"20.02.2017 08:00 - 20.02.2017 09:00","2636","2636"
"20.02.2017 09:00 - 20.02.2017 10:00","2680","2663"
"20.02.2017 10:00 - 20.02.2017 11:00","2741","2748"
"20.02.2017 11:00 - 20.02.2017 12:00","2749","2751"
"20.02.2017 12:00 - 20.02.2017 13:00","2686","2684"
"20.02.2017 13:00 - 20.02.2017 14:00","2678","2675"
"20.02.2017 14:00 - 20.02.2017 15:00","2592","2608"
"20.02.2017 15:00 - 20.02.2017 16:00","2460","2492"
"20.02.2017 16:00 - 20.02.2017 17:00","2466","2473"
"20.02.2017 17:00 - 20.02.2017 18:00","2693","2663"
"20.02.2017 18:00 - 20.02.2017 19:00","2722","2661"
"20.02.2017 19:00 - 20.02.2017 20:00","2500","2490"
"20.02.2017 20:00 - 20.02.2017 21:00","2358","2350"
"20.02.2017 21:00 - 20.02.2017 22:00","2198","2204"
"20.02.2017 22:00 - 20.02.2017 23:00","1998","2034"
"20.02.2017 23:00 - 21.02.2017 00:00","1828","1924"
"21.02.2017 00:00 - 21.02.2017 01:00","1755","1689"
"21.02.2017 01:00 - 21.02.2017 02:00","1614","1596"
"21.02.2017 02:00 - 21.02.2017 03:00","1610","1609"
"21.02.2017 03:00 - 21.02.2017 04:00","1633","1564"
"21.02.2017 04:00 - 21.02.2017 05:00","1640","1622"
"21.02.2017 05:00 - 21.02.2017 06:00","1827","1808"
"21.02.2017 06:00 - 21.02.2017 07:00","2228","2140"
"21.02.2017 07:00 - 21.02.2017 08:00","2567","2492"
"21.02.2017 08:00 - 21.02.2017 09:00","2613","2609"
"21.02.2017 09:00 - 21.02.2017 10:00","2631","2574"
"21.02.2017 10:00 - 21.02.2017 11:00","2609","2579"
"21.02.2017 11:00 - 21.02.2017 12:00","2581","2563"
"21.02.2017 12:00 - 21.02.2017 13:00","2518","2498"
"21.02.2017 13:00 - 21.02.2017 14:00","2517","2497"
"21.02.2017 14:00 - 21.02.2017 15:00","2431","2415"
"21.02.2017 15:00 - 21.02.2017 16:00","2330","2332"
"21.02.2017 16:00 - 21.02.2017 17:00","2376","2391"
"21.02.2017 17:00 - 21.02.2017 18:00","2642","2678"
"21.02.2017 18:00 - 21.02.2017 19:00","2730","2766"
"21.02.2017 19:00 - 21.02.2017 20:00","2573","2602"
"21.02.2017 20:00 - 21.02.2017 21:00","2418","2442"
"21.02.2017 21:00 - 21.02.2017 22:00","2260","2233"
"21.02.2017 22:00 - 21.02.2017 23:00","2030","2046"
"21.02.2017 23:00 - 22.02.2017 00:00","1844","1860"
"22.02.2017 00:00 - 22.02.2017 01:00","1859","1886"
"22.02.2017 01:00 - 22.02.2017 02:00","1767","1762"
"22.02.2017 02:00 - 22.02.2017 03:00","1780","1805"
"22.02.2017 03:00 - 22.02.2017 04:00","1842","1841"
"22.02.2017 04:00 - 22.02.2017 05:00","1883","1886"
"22.02.2017 05:00 - 22.02.2017 06:00","2054","2022"
"22.02.2017 06:00 - 22.02.2017 07:00","2362","2326"
"22.02.2017 07:00 - 22.02.2017 08:00","2616","2593"
"22.02.2017 08:00 - 22.02.2017 09:00","2641","2655"
"22.02.2017 09:00 - 22.02.2017 10:00","2631","2561"
"22.02.2017 10:00 - 22.02.2017 11:00","2600","2612"
"22.02.2017 11:00 - 22.02.2017 12:00","2585","2599"
"22.02.2017 12:00 - 22.02.2017 13:00","2515","2486"
"22.02.2017 13:00 - 22.02.2017 14:00","2508","2493"
"22.02.2017 14:00 - 22.02.2017 15:00","2465","2461"
"22.02.2017 15:00 - 22.02.2017 16:00","2368","2370"
"22.02.2017 16:00 - 22.02.2017 17:00","2378","2375"
"22.02.2017 17:00 - 22.02.2017 18:00","2595","2589"
"22.02.2017 18:00 - 22.02.2017 19:00","2620","2597"
"22.02.2017 19:00 - 22.02.2017 20:00","2468","2439"
"22.02.2017 20:00 - 22.02.2017 21:00","2330","2284"
"22.02.2017 21:00 - 22.02.2017 22:00","2180","2118"
"22.02.2017 22:00 - 22.02.2017 23:00","1993","1944"
"22.02.2017 23:00 - 23.02.2017 00:00","1800","1793"
"23.02.2017 00:00 - 23.02.2017 01:00","1725","1746"
"23.02.2017 01:00 - 23.02.2017 02:00","1717","1707"
"23.02.2017 02:00 - 23.02.2017 03:00","1732","1749"
"23.02.2017 03:00 - 23.02.2017 04:00","1665","1630"
"23.02.2017 04:00 - 23.02.2017 05:00","1695","1687"
"23.02.2017 05:00 - 23.02.2017 06:00","1883","1882"
"23.02.2017 06:00 - 23.02.2017 07:00","2365","2334"
"23.02.2017 07:00 - 23.02.2017 08:00","2709","2704"
"23.02.2017 08:00 - 23.02.2017 09:00","2824","2845"
"23.02.2017 09:00 - 23.02.2017 10:00","2853","2864"
"23.02.2017 10:00 - 23.02.2017 11:00","2913","2919"
"23.02.2017 11:00 - 23.02.2017 12:00","2910","2934"
"23.02.2017 12:00 - 23.02.2017 13:00","2873","2885"
"23.02.2017 13:00 - 23.02.2017 14:00","2911","2940"
"23.02.2017 14:00 - 23.02.2017 15:00","2846","2866"
"23.02.2017 15:00 - 23.02.2017 16:00","2760","2792"
"23.02.2017 16:00 - 23.02.2017 17:00","2798","2846"
"23.02.2017 17:00 - 23.02.2017 18:00","3016","3018"
"23.02.2017 18:00 - 23.02.2017 19:00","3038","2940"
"23.02.2017 19:00 - 23.02.2017 20:00","2847","2738"
"23.02.2017 20:00 - 23.02.2017 21:00","2586","2508"
"23.02.2017 21:00 - 23.02.2017 22:00","2365","2341"
"23.02.2017 22:00 - 23.02.2017 23:00","2162","2169"
"23.02.2017 23:00 - 24.02.2017 00:00","1956","1978"
"24.02.2017 00:00 - 24.02.2017 01:00","1880","1861"
"24.02.2017 01:00 - 24.02.2017 02:00","1810","1805"
"24.02.2017 02:00 - 24.02.2017 03:00","1812","1832"
"24.02.2017 03:00 - 24.02.2017 04:00","1848","1854"
"24.02.2017 04:00 - 24.02.2017 05:00","1914","1903"
"24.02.2017 05:00 - 24.02.2017 06:00","2077","2093"
"24.02.2017 06:00 - 24.02.2017 07:00","2489","2458"
"24.02.2017 07:00 - 24.02.2017 08:00","2840","2810"
"24.02.2017 08:00 - 24.02.2017 09:00","2928","2900"
"24.02.2017 09:00 - 24.02.2017 10:00","2871","2812"
"24.02.2017 10:00 - 24.02.2017 11:00","2842","2794"
"24.02.2017 11:00 - 24.02.2017 12:00","2731","2679"
"24.02.2017 12:00 - 24.02.2017 13:00","2544","2492"
"24.02.2017 13:00 - 24.02.2017 14:00","2407","2382"
"24.02.2017 14:00 - 24.02.2017 15:00","2255","2251"
"24.02.2017 15:00 - 24.02.2017 16:00","2180","2177"
"24.02.2017 16:00 - 24.02.2017 17:00","2211","2222"
"24.02.2017 17:00 - 24.02.2017 18:00","2452","2475"
"24.02.2017 18:00 - 24.02.2017 19:00","2602","2610"
"24.02.2017 19:00 - 24.02.2017 20:00","2433","2427"
"24.02.2017 20:00 - 24.02.2017 21:00","2231","2240"
"24.02.2017 21:00 - 24.02.2017 22:00","2087","2122"
"24.02.2017 22:00 - 24.02.2017 23:00","1952","2057"
"24.02.2017 23:00 - 25.02.2017 00:00","1783","1933"
"25.02.2017 00:00 - 25.02.2017 01:00","1832","1780"
"25.02.2017 01:00 - 25.02.2017 02:00","1754","1751"
"25.02.2017 02:00 - 25.02.2017 03:00","1729","1757"
"25.02.2017 03:00 - 25.02.2017 04:00","1735","1749"
"25.02.2017 04:00 - 25.02.2017 05:00","1753","1764"
"25.02.2017 05:00 - 25.02.2017 06:00","1783","1797"
"25.02.2017 06:00 - 25.02.2017 07:00","1936","1946"
"25.02.2017 07:00 - 25.02.2017 08:00","2067","2030"
"25.02.2017 08:00 - 25.02.2017 09:00","2183","2160"
"25.02.2017 09:00 - 25.02.2017 10:00","2247","2234"
"25.02.2017 10:00 - 25.02.2017 11:00","2274","2256"
"25.02.2017 11:00 - 25.02.2017 12:00","2233","2225"
"25.02.2017 12:00 - 25.02.2017 13:00","2152","2170"
"25.02.2017 13:00 - 25.02.2017 14:00","2155","2151"
"25.02.2017 14:00 - 25.02.2017 15:00","2107","2114"
"25.02.2017 15:00 - 25.02.2017 16:00","2143","2166"
"25.02.2017 16:00 - 25.02.2017 17:00","2205","2199"
"25.02.2017 17:00 - 25.02.2017 18:00","2402","2379"
"25.02.2017 18:00 - 25.02.2017 19:00","2459","2415"
"25.02.2017 19:00 - 25.02.2017 20:00","2256","2242"
"25.02.2017 20:00 - 25.02.2017 21:00","2085","2069"
"25.02.2017 21:00 - 25.02.2017 22:00","1947","1960"
"25.02.2017 22:00 - 25.02.2017 23:00","1826","1856"
"25.02.2017 23:00 - 26.02.2017 00:00","1705","1746"
"26.02.2017 00:00 - 26.02.2017 01:00","1623","1585"
"26.02.2017 01:00 - 26.02.2017 02:00","1567","1595"
"26.02.2017 02:00 - 26.02.2017 03:00","1583","1588"
"26.02.2017 03:00 - 26.02.2017 04:00","1619","1623"
"26.02.2017 04:00 - 26.02.2017 05:00","1648","1729"
"26.02.2017 05:00 - 26.02.2017 06:00","1684","1694"
"26.02.2017 06:00 - 26.02.2017 07:00","1789","1788"
"26.02.2017 07:00 - 26.02.2017 08:00","1951","1942"
"26.02.2017 08:00 - 26.02.2017 09:00","2121","2124"
"26.02.2017 09:00 - 26.02.2017 10:00","2213","2216"
"26.02.2017 10:00 - 26.02.2017 11:00","2232","2231"
"26.02.2017 11:00 - 26.02.2017 12:00","2214","2218"
"26.02.2017 12:00 - 26.02.2017 13:00","2179","2178"
"26.02.2017 13:00 - 26.02.2017 14:00","2148","2162"
"26.02.2017 14:00 - 26.02.2017 15:00","2148","2139"
"26.02.2017 15:00 - 26.02.2017 16:00","2143","2128"
"26.02.2017 16:00 - 26.02.2017 17:00","2188","2226"
"26.02.2017 17:00 - 26.02.2017 18:00","2461","2486"
"26.02.2017 18:00 - 26.02.2017 19:00","2585","2543"
"26.02.2017 19:00 - 26.02.2017 20:00","2389","2392"
"26.02.2017 20:00 - 26.02.2017 21:00","2215","2216"
"26.02.2017 21:00 - 26.02.2017 22:00","2083","2034"
"26.02.2017 22:00 - 26.02.2017 23:00","1937","1859"
"26.02.2017 23:00 - 27.02.2017 00:00","1814","1712"
"27.02.2017 00:00 - 27.02.2017 01:00","1656","1619"
"27.02.2017 01:00 - 27.02.2017 02:00","1606","1566"
"27.02.2017 02:00 - 27.02.2017 03:00","1576","1520"
"27.02.2017 03:00 - 27.02.2017 04:00","1555","1533"
"27.02.2017 04:00 - 27.02.2017 05:00","1617","1613"
"27.02.2017 05:00 - 27.02.2017 06:00","1813","1791"
"27.02.2017 06:00 - 27.02.2017 07:00","2251","2204"
"27.02.2017 07:00 - 27.02.2017 08:00","2620","2595"
"27.02.2017 08:00 - 27.02.2017 09:00","2714","2711"
"27.02.2017 09:00 - 27.02.2017 10:00","2741","2780"
"27.02.2017 10:00 - 27.02.2017 11:00","2831","2833"
"27.02.2017 11:00 - 27.02.2017 12:00","2805","2823"
"27.02.2017 12:00 - 27.02.2017 13:00","2758","2832"
"27.02.2017 13:00 - 27.02.2017 14:00","2869","2899"
"27.02.2017 14:00 - 27.02.2017 15:00","2818","2807"
"27.02.2017 15:00 - 27.02.2017 16:00","2706","2708"
"27.02.2017 16:00 - 27.02.2017 17:00","2657","2667"
"27.02.2017 17:00 - 27.02.2017 18:00","2861","2834"
"27.02.2017 18:00 - 27.02.2017 19:00","2845","2785"
"27.02.2017 19:00 - 27.02.2017 20:00","2649","2602"
"27.02.2017 20:00 - 27.02.2017 21:00","2397","2369"
"27.02.2017 21:00 - 27.02.2017 22:00","2197","2199"
"27.02.2017 22:00 - 27.02.2017 23:00","2020","2005"
"27.02.2017 23:00 - 28.02.2017 00:00","1895","1808"
"28.02.2017 00:00 - 28.02.2017 01:00","1694","1679"
"28.02.2017 01:00 - 28.02.2017 02:00","1658","1693"
"28.02.2017 02:00 - 28.02.2017 03:00","1642","1645"
"28.02.2017 03:00 - 28.02.2017 04:00","1644","1645"
"28.02.2017 04:00 - 28.02.2017 05:00","1702","1688"
"28.02.2017 05:00 - 28.02.2017 06:00","1845","1855"
"28.02.2017 06:00 - 28.02.2017 07:00","2282","2266"
"28.02.2017 07:00 - 28.02.2017 08:00","2629","2586"
"28.02.2017 08:00 - 28.02.2017 09:00","2686","2676"
"28.02.2017 09:00 - 28.02.2017 10:00","2779","2795"
"28.02.2017 10:00 - 28.02.2017 11:00","2828","2812"
"28.02.2017 11:00 - 28.02.2017 12:00","2787","2775"
"28.02.2017 12:00 - 28.02.2017 13:00","2723","2745"
"28.02.2017 13:00 - 28.02.2017 14:00","2769","2757"
"28.02.2017 14:00 - 28.02.2017 15:00","2676","2629"
"28.02.2017 15:00 - 28.02.2017 16:00","2573","2552"
"28.02.2017 16:00 - 28.02.2017 17:00","2554","2550"
"28.02.2017 17:00 - 28.02.2017 18:00","2750","2764"
"28.02.2017 18:00 - 28.02.2017 19:00","2823","2809"
"28.02.2017 19:00 - 28.02.2017 20:00","2655","2647"
"28.02.2017 20:00 - 28.02.2017 21:00","2468","2483"
"28.02.2017 21:00 - 28.02.2017 22:00","2296","2319"
"28.02.2017 22:00 - 28.02.2017 23:00","2123","2151"
"28.02.2017 23:00 - 01.03.2017 00:00","1962","1979"
"01.03.2017 00:00 - 01.03.2017 01:00","1832","1844"
"01.03.2017 01:00 - 01.03.2017 02:00","1748","1798"
"01.03.2017 02:00 - 01.03.2017 03:00","1747","1798"
"01.03.2017 03:00 - 01.03.2017 04:00","1798","1821"
"01.03.2017 04:00 - 01.03.2017 05:00","1865","1866"
"01.03.2017 05:00 - 01.03.2017 06:00","2018","1991"
"01.03.2017 06:00 - 01.03.2017 07:00","2387","2379"
"01.03.2017 07:00 - 01.03.2017 08:00","2720","2728"
"01.03.2017 08:00 - 01.03.2017 09:00","2814","2793"
"01.03.2017 09:00 - 01.03.2017 10:00","2763","2726"
"01.03.2017 10:00 - 01.03.2017 11:00","2774","2756"
"01.03.2017 11:00 - 01.03.2017 12:00","2754","2739"
"01.03.2017 12:00 - 01.03.2017 13:00","2691","2679"
"01.03.2017 13:00 - 01.03.2017 14:00","2700","2715"
"01.03.2017 14:00 - 01.03.2017 15:00","2676","2649"
"01.03.2017 15:00 - 01.03.2017 16:00","2562","2502"
"01.03.2017 16:00 - 01.03.2017 17:00","2516","2478"
"01.03.2017 17:00 - 01.03.2017 18:00","2715","2719"
"01.03.2017 18:00 - 01.03.2017 19:00","2827","2841"
"01.03.2017 19:00 - 01.03.2017 20:00","2730","2711"
"01.03.2017 20:00 - 01.03.2017 21:00","2565","2535"
"01.03.2017 21:00 - 01.03.2017 22:00","2402","2372"
"01.03.2017 22:00 - 01.03.2017 23:00","2239","2198"
"01.03.2017 23:00 - 02.03.2017 00:00","2067","2022"
"02.03.2017 00:00 - 02.03.2017 01:00","1914","1927"
"02.03.2017 01:00 - 02.03.2017 02:00","1876","1885"
"02.03.2017 02:00 - 02.03.2017 03:00","1855","1867"
"02.03.2017 03:00 - 02.03.2017 04:00","1880","1886"
"02.03.2017 04:00 - 02.03.2017 05:00","1924","1917"
"02.03.2017 05:00 - 02.03.2017 06:00","2076","2090"
"02.03.2017 06:00 - 02.03.2017 07:00","2469","2477"
"02.03.2017 07:00 - 02.03.2017 08:00","2834","2828"
"02.03.2017 08:00 - 02.03.2017 09:00","2915","2945"
"02.03.2017 09:00 - 02.03.2017 10:00","2937","2923"
"02.03.2017 10:00 - 02.03.2017 11:00","2958","2952"
"02.03.2017 11:00 - 02.03.2017 12:00","2925","2890"
"02.03.2017 12:00 - 02.03.2017 13:00","2746","2724"
"02.03.2017 13:00 - 02.03.2017 14:00","2729","2703"
"02.03.2017 14:00 - 02.03.2017 15:00","2608","2624"
"02.03.2017 15:00 - 02.03.2017 16:00","2512","2488"
"02.03.2017 16:00 - 02.03.2017 17:00","2524","2526"
"02.03.2017 17:00 - 02.03.2017 18:00","2722","2702"
"02.03.2017 18:00 - 02.03.2017 19:00","2773","2791"
"02.03.2017 19:00 - 02.03.2017 20:00","2667","2656"
"02.03.2017 20:00 - 02.03.2017 21:00","2484","2478"
"02.03.2017 21:00 - 02.03.2017 22:00","2322","2317"
"02.03.2017 22:00 - 02.03.2017 23:00","2153","2163"
"02.03.2017 23:00 - 03.03.2017 00:00","1981","1976"
"03.03.2017 00:00 - 03.03.2017 01:00","1819","1798"
"03.03.2017 01:00 - 03.03.2017 02:00","1739","1794"
"03.03.2017 02:00 - 03.03.2017 03:00","1773","1793"
"03.03.2017 03:00 - 03.03.2017 04:00","1802","1809"
"03.03.2017 04:00 - 03.03.2017 05:00","1864","1845"
"03.03.2017 05:00 - 03.03.2017 06:00","1996","1989"
"03.03.2017 06:00 - 03.03.2017 07:00","2381","2386"
"03.03.2017 07:00 - 03.03.2017 08:00","2722","2722"
"03.03.2017 08:00 - 03.03.2017 09:00","2829","2806"
"03.03.2017 09:00 - 03.03.2017 10:00","2767","2770"
"03.03.2017 10:00 - 03.03.2017 11:00","2768","2737"
"03.03.2017 11:00 - 03.03.2017 12:00","2700","2675"
"03.03.2017 12:00 - 03.03.2017 13:00","2585","2600"
"03.03.2017 13:00 - 03.03.2017 14:00","2567","2583"
"03.03.2017 14:00 - 03.03.2017 15:00","2467","2462"
"03.03.2017 15:00 - 03.03.2017 16:00","2355","2382"
"03.03.2017 16:00 - 03.03.2017 17:00","2428","2446"
"03.03.2017 17:00 - 03.03.2017 18:00","2644","2658"
"03.03.2017 18:00 - 03.03.2017 19:00","2762","2734"
"03.03.2017 19:00 - 03.03.2017 20:00","2579","2553"
"03.03.2017 20:00 - 03.03.2017 21:00","2398","2342"
"03.03.2017 21:00 - 03.03.2017 22:00","2228","2189"
"03.03.2017 22:00 - 03.03.2017 23:00","2074","2027"
"03.03.2017 23:00 - 04.03.2017 00:00","1918","1909"
"04.03.2017 00:00 - 04.03.2017 01:00","1774","1803"
"04.03.2017 01:00 - 04.03.2017 02:00","1695","1727"
"04.03.2017 02:00 - 04.03.2017 03:00","1669","1681"
"04.03.2017 03:00 - 04.03.2017 04:00","1660","1687"
"04.03.2017 04:00 - 04.03.2017 05:00","1683","1702"
"04.03.2017 05:00 - 04.03.2017 06:00","1718","1683"
"04.03.2017 06:00 - 04.03.2017 07:00","1800","1826"
"04.03.2017 07:00 - 04.03.2017 08:00","2018","1985"
"04.03.2017 08:00 - 04.03.2017 09:00","2155","2143"
"04.03.2017 09:00 - 04.03.2017 10:00","2248","2219"
"04.03.2017 10:00 - 04.03.2017 11:00","2284","2247"
"04.03.2017 11:00 - 04.03.2017 12:00","2222","2198"
"04.03.2017 12:00 - 04.03.2017 13:00","2148","2134"
"04.03.2017 13:00 - 04.03.2017 14:00","2092","2076"
"04.03.2017 14:00 - 04.03.2017 15:00","2042","2037"
"04.03.2017 15:00 - 04.03.2017 16:00","2040","2044"
"04.03.2017 16:00 - 04.03.2017 17:00","2126","2159"
"04.03.2017 17:00 - 04.03.2017 18:00","2361","2355"
"04.03.2017 18:00 - 04.03.2017 19:00","2465","2416"
"04.03.2017 19:00 - 04.03.2017 20:00","2277","2239"
"04.03.2017 20:00 - 04.03.2017 21:00","2086","2106"
"04.03.2017 21:00 - 04.03.2017 22:00","1980","1989"
"04.03.2017 22:00 - 04.03.2017 23:00","1827","1876"
"04.03.2017 23:00 - 05.03.2017 00:00","1698","1765"
"05.03.2017 00:00 - 05.03.2017 01:00","1655","1656"
"05.03.2017 01:00 - 05.03.2017 02:00","1583","1596"
"05.03.2017 02:00 - 05.03.2017 03:00","1566","1620"
"05.03.2017 03:00 - 05.03.2017 04:00","1631","1625"
"05.03.2017 04:00 - 05.03.2017 05:00","1662","1670"
"05.03.2017 05:00 - 05.03.2017 06:00","1687","1683"
"05.03.2017 06:00 - 05.03.2017 07:00","1790","1794"
"05.03.2017 07:00 - 05.03.2017 08:00","1843","1763"
"05.03.2017 08:00 - 05.03.2017 09:00","1993","2005"
"05.03.2017 09:00 - 05.03.2017 10:00","2133","2152"
"05.03.2017 10:00 - 05.03.2017 11:00","2201","2249"
"05.03.2017 11:00 - 05.03.2017 12:00","2268","2296"
"05.03.2017 12:00 - 05.03.2017 13:00","2271","2272"
"05.03.2017 13:00 - 05.03.2017 14:00","2230","2224"
"05.03.2017 14:00 - 05.03.2017 15:00","2212","2230"
"05.03.2017 15:00 - 05.03.2017 16:00","2213","2209"
"05.03.2017 16:00 - 05.03.2017 17:00","2283","2308"
"05.03.2017 17:00 - 05.03.2017 18:00","2534","2511"
"05.03.2017 18:00 - 05.03.2017 19:00","2615","2580"
"05.03.2017 19:00 - 05.03.2017 20:00","2466","2464"
"05.03.2017 20:00 - 05.03.2017 21:00","2273","2266"
"05.03.2017 21:00 - 05.03.2017 22:00","2118","2094"
"05.03.2017 22:00 - 05.03.2017 23:00","1975","1928"
"05.03.2017 23:00 - 06.03.2017 00:00","1887","1783"
"06.03.2017 00:00 - 06.03.2017 01:00","1724","1717"
"06.03.2017 01:00 - 06.03.2017 02:00","1682","1677"
"06.03.2017 02:00 - 06.03.2017 03:00","1684","1685"
"06.03.2017 03:00 - 06.03.2017 04:00","1715","1687"
"06.03.2017 04:00 - 06.03.2017 05:00","1754","1714"
"06.03.2017 05:00 - 06.03.2017 06:00","1895","1866"
"06.03.2017 06:00 - 06.03.2017 07:00","2355","2290"
"06.03.2017 07:00 - 06.03.2017 08:00","2684","2679"
"06.03.2017 08:00 - 06.03.2017 09:00","2795","2779"
"06.03.2017 09:00 - 06.03.2017 10:00","2802","2806"
"06.03.2017 10:00 - 06.03.2017 11:00","2901","2898"
"06.03.2017 11:00 - 06.03.2017 12:00","2883","2898"
"06.03.2017 12:00 - 06.03.2017 13:00","2836","2857"
"06.03.2017 13:00 - 06.03.2017 14:00","2866","2874"
"06.03.2017 14:00 - 06.03.2017 15:00","2793","2814"
"06.03.2017 15:00 - 06.03.2017 16:00","2696","2713"
"06.03.2017 16:00 - 06.03.2017 17:00","2688","2701"
"06.03.2017 17:00 - 06.03.2017 18:00","2930","2937"
"06.03.2017 18:00 - 06.03.2017 19:00","2961","2924"
"06.03.2017 19:00 - 06.03.2017 20:00","2777","2765"
"06.03.2017 20:00 - 06.03.2017 21:00","2567","2562"
"06.03.2017 21:00 - 06.03.2017 22:00","2391","2407"
"06.03.2017 22:00 - 06.03.2017 23:00","2212","2233"
"06.03.2017 23:00 - 07.03.2017 00:00","2056","2028"
"07.03.2017 00:00 - 07.03.2017 01:00","1944","1950"
"07.03.2017 01:00 - 07.03.2017 02:00","1876","1925"
"07.03.2017 02:00 - 07.03.2017 03:00","1895","1925"
"07.03.2017 03:00 - 07.03.2017 04:00","1924","1900"
"07.03.2017 04:00 - 07.03.2017 05:00","1949","1924"
"07.03.2017 05:00 - 07.03.2017 06:00","2081","2009"
"07.03.2017 06:00 - 07.03.2017 07:00","2448","2396"
"07.03.2017 07:00 - 07.03.2017 08:00","2790","2775"
"07.03.2017 08:00 - 07.03.2017 09:00","2921","2952"
"07.03.2017 09:00 - 07.03.2017 10:00","3013","3018"
"07.03.2017 10:00 - 07.03.2017 11:00","3078","3060"
"07.03.2017 11:00 - 07.03.2017 12:00","3037","3057"
"07.03.2017 12:00 - 07.03.2017 13:00","2976","2965"
"07.03.2017 13:00 - 07.03.2017 14:00","2987","2986"
"07.03.2017 14:00 - 07.03.2017 15:00","2912","2914"
"07.03.2017 15:00 - 07.03.2017 16:00","2821","2832"
"07.03.2017 16:00 - 07.03.2017 17:00","2839","2835"
"07.03.2017 17:00 - 07.03.2017 18:00","3007","3001"
"07.03.2017 18:00 - 07.03.2017 19:00","3047","3038"
"07.03.2017 19:00 - 07.03.2017 20:00","2932","2925"
"07.03.2017 20:00 - 07.03.2017 21:00","2748","2759"
"07.03.2017 21:00 - 07.03.2017 22:00","2579","2563"
"07.03.2017 22:00 - 07.03.2017 23:00","2383","2378"
"07.03.2017 23:00 - 08.03.2017 00:00","2214","2187"
"08.03.2017 00:00 - 08.03.2017 01:00","2048","2064"
"08.03.2017 01:00 - 08.03.2017 02:00","1972","2014"
"08.03.2017 02:00 - 08.03.2017 03:00","1973","1997"
"08.03.2017 03:00 - 08.03.2017 04:00","2026","2004"
"08.03.2017 04:00 - 08.03.2017 05:00","2027","2048"
"08.03.2017 05:00 - 08.03.2017 06:00","2208","2212"
"08.03.2017 06:00 - 08.03.2017 07:00","2622","2600"
"08.03.2017 07:00 - 08.03.2017 08:00","2943","2937"
"08.03.2017 08:00 - 08.03.2017 09:00","3053","3054"
"08.03.2017 09:00 - 08.03.2017 10:00","3026","3005"
"08.03.2017 10:00 - 08.03.2017 11:00","3023","3002"
"08.03.2017 11:00 - 08.03.2017 12:00","2972","2952"
"08.03.2017 12:00 - 08.03.2017 13:00","2886","2859"
"08.03.2017 13:00 - 08.03.2017 14:00","2898","2880"
"08.03.2017 14:00 - 08.03.2017 15:00","2870","2882"
"08.03.2017 15:00 - 08.03.2017 16:00","2797","2797"
"08.03.2017 16:00 - 08.03.2017 17:00","2768","2766"
"08.03.2017 17:00 - 08.03.2017 18:00","2945","2940"
"08.03.2017 18:00 - 08.03.2017 19:00","2977","2918"
"08.03.2017 19:00 - 08.03.2017 20:00","2788","2752"
"08.03.2017 20:00 - 08.03.2017 21:00","2578","2576"
"08.03.2017 21:00 - 08.03.2017 22:00","2418","2425"
"08.03.2017 22:00 - 08.03.2017 23:00","2239","2257"
"08.03.2017 23:00 - 09.03.2017 00:00","2072","2096"
"09.03.2017 00:00 - 09.03.2017 01:00","1974","1987"
"09.03.2017 01:00 - 09.03.2017 02:00","1912","1948"
"09.03.2017 02:00 - 09.03.2017 03:00","1888","1906"
"09.03.2017 03:00 - 09.03.2017 04:00","1925","1899"
"09.03.2017 04:00 - 09.03.2017 05:00","1921","1931"
"09.03.2017 05:00 - 09.03.2017 06:00","2094","2088"
"09.03.2017 06:00 - 09.03.2017 07:00","2487","2468"
"09.03.2017 07:00 - 09.03.2017 08:00","2814","2811"
"09.03.2017 08:00 - 09.03.2017 09:00","2931","2932"
"09.03.2017 09:00 - 09.03.2017 10:00","2890","2906"
"09.03.2017 10:00 - 09.03.2017 11:00","2918","2910"
"09.03.2017 11:00 - 09.03.2017 12:00","2899","2904"
"09.03.2017 12:00 - 09.03.2017 13:00","2772","2784"
"09.03.2017 13:00 - 09.03.2017 14:00","2824","2778"
"09.03.2017 14:00 - 09.03.2017 15:00","2708","2753"
"09.03.2017 15:00 - 09.03.2017 16:00","2690","2705"
"09.03.2017 16:00 - 09.03.2017 17:00","2726","2756"
"09.03.2017 17:00 - 09.03.2017 18:00","2929","2934"
"09.03.2017 18:00 - 09.03.2017 19:00","3021","2918"
"09.03.2017 19:00 - 09.03.2017 20:00","2810","2754"
"09.03.2017 20:00 - 09.03.2017 21:00","2585","2563"
"09.03.2017 21:00 - 09.03.2017 22:00","2408","2403"
"09.03.2017 22:00 - 09.03.2017 23:00","2232","2179"
"09.03.2017 23:00 - 10.03.2017 00:00","2064","2022"
"10.03.2017 00:00 - 10.03.2017 01:00","1890","1882"
"10.03.2017 01:00 - 10.03.2017 02:00","1809","1832"
"10.03.2017 02:00 - 10.03.2017 03:00","1775","1764"
"10.03.2017 03:00 - 10.03.2017 04:00","1769","1769"
"10.03.2017 04:00 - 10.03.2017 05:00","1839","1819"
"10.03.2017 05:00 - 10.03.2017 06:00","2001","1982"
"10.03.2017 06:00 - 10.03.2017 07:00","2378","2369"
"10.03.2017 07:00 - 10.03.2017 08:00","2714","2669"
"10.03.2017 08:00 - 10.03.2017 09:00","2809","2778"
"10.03.2017 09:00 - 10.03.2017 10:00","2763","2733"
"10.03.2017 10:00 - 10.03.2017 11:00","2772","2749"
"10.03.2017 11:00 - 10.03.2017 12:00","2714","2682"
"10.03.2017 12:00 - 10.03.2017 13:00","2544","2548"
"10.03.2017 13:00 - 10.03.2017 14:00","2466","2463"
"10.03.2017 14:00 - 10.03.2017 15:00","2346","2342"
"10.03.2017 15:00 - 10.03.2017 16:00","2248","2249"
"10.03.2017 16:00 - 10.03.2017 17:00","2284","2316"
"10.03.2017 17:00 - 10.03.2017 18:00","2504","2525"
"10.03.2017 18:00 - 10.03.2017 19:00","2600","2637"
"10.03.2017 19:00 - 10.03.2017 20:00","2507","2503"
"10.03.2017 20:00 - 10.03.2017 21:00","2319","2312"
"10.03.2017 21:00 - 10.03.2017 22:00","2166","2162"
"10.03.2017 22:00 - 10.03.2017 23:00","2021","2037"
"10.03.2017 23:00 - 11.03.2017 00:00","1882","1905"
"11.03.2017 00:00 - 11.03.2017 01:00","1787","1806"
"11.03.2017 01:00 - 11.03.2017 02:00","1702","1733"
"11.03.2017 02:00 - 11.03.2017 03:00","1690","1690"
"11.03.2017 03:00 - 11.03.2017 04:00","1680","1668"
"11.03.2017 04:00 - 11.03.2017 05:00","1697","1691"
"11.03.2017 05:00 - 11.03.2017 06:00","1758","1745"
"11.03.2017 06:00 - 11.03.2017 07:00","1860","1876"
"11.03.2017 07:00 - 11.03.2017 08:00","2025","2013"
"11.03.2017 08:00 - 11.03.2017 09:00","2180","2190"
"11.03.2017 09:00 - 11.03.2017 10:00","2269","2249"
"11.03.2017 10:00 - 11.03.2017 11:00","2278","2267"
"11.03.2017 11:00 - 11.03.2017 12:00","2248","2239"
"11.03.2017 12:00 - 11.03.2017 13:00","2174","2123"
"11.03.2017 13:00 - 11.03.2017 14:00","2079","2092"
"11.03.2017 14:00 - 11.03.2017 15:00","2027","2034"
"11.03.2017 15:00 - 11.03.2017 16:00","2011","2015"
"11.03.2017 16:00 - 11.03.2017 17:00","2055","2077"
"11.03.2017 17:00 - 11.03.2017 18:00","2301","2329"
"11.03.2017 18:00 - 11.03.2017 19:00","2442","2426"
"11.03.2017 19:00 - 11.03.2017 20:00","2303","2312"
"11.03.2017 20:00 - 11.03.2017 21:00","2134","2135"
"11.03.2017 21:00 - 11.03.2017 22:00","1989","1987"
"11.03.2017 22:00 - 11.03.2017 23:00","1868","1854"
"11.03.2017 23:00 - 12.03.2017 00:00","1756","1740"
"12.03.2017 00:00 - 12.03.2017 01:00","1646","1670"
"12.03.2017 01:00 - 12.03.2017 02:00","1579","1645"
"12.03.2017 02:00 - 12.03.2017 03:00","1605","1630"
"12.03.2017 03:00 - 12.03.2017 04:00","1611","1637"
"12.03.2017 04:00 - 12.03.2017 05:00","1646","1650"
"12.03.2017 05:00 - 12.03.2017 06:00","1688","1676"
"12.03.2017 06:00 - 12.03.2017 07:00","1773","1763"
"12.03.2017 07:00 - 12.03.2017 08:00","1914","1916"
"12.03.2017 08:00 - 12.03.2017 09:00","2055","2085"
"12.03.2017 09:00 - 12.03.2017 10:00","2129","2149"
"12.03.2017 10:00 - 12.03.2017 11:00","2162","2157"
"12.03.2017 11:00 - 12.03.2017 12:00","2168","2122"
"12.03.2017 12:00 - 12.03.2017 13:00","2092","2057"
"12.03.2017 13:00 - 12.03.2017 14:00","2023","2006"
"12.03.2017 14:00 - 12.03.2017 15:00","1988","1962"
"12.03.2017 15:00 - 12.03.2017 16:00","1955","1974"
"12.03.2017 16:00 - 12.03.2017 17:00","2069","2069"
"12.03.2017 17:00 - 12.03.2017 18:00","2296","2319"
"12.03.2017 18:00 - 12.03.2017 19:00","2408","2390"
"12.03.2017 19:00 - 12.03.2017 20:00","2332","2338"
"12.03.2017 20:00 - 12.03.2017 21:00","2176","2165"
"12.03.2017 21:00 - 12.03.2017 22:00","2035","2020"
"12.03.2017 22:00 - 12.03.2017 23:00","1888","1887"
"12.03.2017 23:00 - 13.03.2017 00:00","1787","1815"
"13.03.2017 00:00 - 13.03.2017 01:00","1760","1787"
"13.03.2017 01:00 - 13.03.2017 02:00","1748","1753"
"13.03.2017 02:00 - 13.03.2017 03:00","1755","1767"
"13.03.2017 03:00 - 13.03.2017 04:00","1789","1784"
"13.03.2017 04:00 - 13.03.2017 05:00","1840","1816"
"13.03.2017 05:00 - 13.03.2017 06:00","2015","1972"
"13.03.2017 06:00 - 13.03.2017 07:00","2429","2382"
"13.03.2017 07:00 - 13.03.2017 08:00","2783","2757"
"13.03.2017 08:00 - 13.03.2017 09:00","2903","2897"
"13.03.2017 09:00 - 13.03.2017 10:00","2898","2888"
"13.03.2017 10:00 - 13.03.2017 11:00","2941","2958"
"13.03.2017 11:00 - 13.03.2017 12:00","2931","2932"
"13.03.2017 12:00 - 13.03.2017 13:00","2838","2824"
"13.03.2017 13:00 - 13.03.2017 14:00","2828","2805"
"13.03.2017 14:00 - 13.03.2017 15:00","2751","2752"
"13.03.2017 15:00 - 13.03.2017 16:00","2639","2647"
"13.03.2017 16:00 - 13.03.2017 17:00","2629","2672"
"13.03.2017 17:00 - 13.03.2017 18:00","2853","2873"
"13.03.2017 18:00 - 13.03.2017 19:00","2892","2877"
"13.03.2017 19:00 - 13.03.2017 20:00","2799","2759"
"13.03.2017 20:00 - 13.03.2017 21:00","2566","2547"
"13.03.2017 21:00 - 13.03.2017 22:00","2356","2363"
"13.03.2017 22:00 - 13.03.2017 23:00","2169","2163"
"13.03.2017 23:00 - 14.03.2017 00:00","2009","1985"
"14.03.2017 00:00 - 14.03.2017 01:00","1862","1867"
"14.03.2017 01:00 - 14.03.2017 02:00","1784","1818"
"14.03.2017 02:00 - 14.03.2017 03:00","1788","1812"
"14.03.2017 03:00 - 14.03.2017 04:00","1828","1827"
"14.03.2017 04:00 - 14.03.2017 05:00","1892","1877"
"14.03.2017 05:00 - 14.03.2017 06:00","2046","2034"
"14.03.2017 06:00 - 14.03.2017 07:00","2411","2391"
"14.03.2017 07:00 - 14.03.2017 08:00","2763","2742"
"14.03.2017 08:00 - 14.03.2017 09:00","2849","2834"
"14.03.2017 09:00 - 14.03.2017 10:00","2802","2780"
"14.03.2017 10:00 - 14.03.2017 11:00","2813","2778"
"14.03.2017 11:00 - 14.03.2017 12:00","2763","2733"
"14.03.2017 12:00 - 14.03.2017 13:00","2642","2643"
"14.03.2017 13:00 - 14.03.2017 14:00","2677","2661"
"14.03.2017 14:00 - 14.03.2017 15:00","2611","2622"
"14.03.2017 15:00 - 14.03.2017 16:00","2487","2513"
"14.03.2017 16:00 - 14.03.2017 17:00","2506","2548"
"14.03.2017 17:00 - 14.03.2017 18:00","2704","2690"
"14.03.2017 18:00 - 14.03.2017 19:00","2715","2666"
"14.03.2017 19:00 - 14.03.2017 20:00","2627","2641"
"14.03.2017 20:00 - 14.03.2017 21:00","2462","2448"
"14.03.2017 21:00 - 14.03.2017 22:00","2270","2272"
"14.03.2017 22:00 - 14.03.2017 23:00","2093","2096"
"14.03.2017 23:00 - 15.03.2017 00:00","1920","1934"
"15.03.2017 00:00 - 15.03.2017 01:00","1833","1948"
"15.03.2017 01:00 - 15.03.2017 02:00","1809","1842"
"15.03.2017 02:00 - 15.03.2017 03:00","1813","1799"
"15.03.2017 03:00 - 15.03.2017 04:00","1826","1819"
"15.03.2017 04:00 - 15.03.2017 05:00","1899","1896"
"15.03.2017 05:00 - 15.03.2017 06:00","2003","1931"
"15.03.2017 06:00 - 15.03.2017 07:00","2300","2292"
"15.03.2017 07:00 - 15.03.2017 08:00","2638","2602"
"15.03.2017 08:00 - 15.03.2017 09:00","2664","2635"
"15.03.2017 09:00 - 15.03.2017 10:00","2630","2611"
"15.03.2017 10:00 - 15.03.2017 11:00","2672","2653"
"15.03.2017 11:00 - 15.03.2017 12:00","2631","2617"
"15.03.2017 12:00 - 15.03.2017 13:00","2549","2558"
"15.03.2017 13:00 - 15.03.2017 14:00","2587","2578"
"15.03.2017 14:00 - 15.03.2017 15:00","2547","2557"
"15.03.2017 15:00 - 15.03.2017 16:00","2446","2535"
"15.03.2017 16:00 - 15.03.2017 17:00","2405","2620"
"15.03.2017 17:00 - 15.03.2017 18:00","2565","2729"
"15.03.2017 18:00 - 15.03.2017 19:00","2604","2612"
"15.03.2017 19:00 - 15.03.2017 20:00","2608","2625"
"15.03.2017 20:00 - 15.03.2017 21:00","2484","2483"
"15.03.2017 21:00 - 15.03.2017 22:00","2329","2353"
"15.03.2017 22:00 - 15.03.2017 23:00","2194","2200"
"15.03.2017 23:00 - 16.03.2017 00:00","2028","2060"
"16.03.2017 00:00 - 16.03.2017 01:00","1901","1885"
"16.03.2017 01:00 - 16.03.2017 02:00","1808","1854"
"16.03.2017 02:00 - 16.03.2017 03:00","1844","1896"
"16.03.2017 03:00 - 16.03.2017 04:00","1951","1978"
"16.03.2017 04:00 - 16.03.2017 05:00","2019","1997"
"16.03.2017 05:00 - 16.03.2017 06:00","2139","2126"
"16.03.2017 06:00 - 16.03.2017 07:00","2458","2462"
"16.03.2017 07:00 - 16.03.2017 08:00","2757","2753"
"16.03.2017 08:00 - 16.03.2017 09:00","2881","2880"
"16.03.2017 09:00 - 16.03.2017 10:00","2840","2693"
"16.03.2017 10:00 - 16.03.2017 11:00","2878","2666"
"16.03.2017 11:00 - 16.03.2017 12:00","2863","2599"
"16.03.2017 12:00 - 16.03.2017 13:00","2617","2628"
"16.03.2017 13:00 - 16.03.2017 14:00","2612","2597"
"16.03.2017 14:00 - 16.03.2017 15:00","2515","2511"
"16.03.2017 15:00 - 16.03.2017 16:00","2408","2384"
"16.03.2017 16:00 - 16.03.2017 17:00","2365","2401"
"16.03.2017 17:00 - 16.03.2017 18:00","2539","2558"
"16.03.2017 18:00 - 16.03.2017 19:00","2584","2587"
"16.03.2017 19:00 - 16.03.2017 20:00","2565","2526"
"16.03.2017 20:00 - 16.03.2017 21:00","2419","2377"
"16.03.2017 21:00 - 16.03.2017 22:00","2275","2256"
"16.03.2017 22:00 - 16.03.2017 23:00","2147","2079"
"16.03.2017 23:00 - 17.03.2017 00:00","2016","1863"
"17.03.2017 00:00 - 17.03.2017 01:00","1753","1753"
"17.03.2017 01:00 - 17.03.2017 02:00","1662","1744"
"17.03.2017 02:00 - 17.03.2017 03:00","1710","1764"
"17.03.2017 03:00 - 17.03.2017 04:00","1782","1790"
"17.03.2017 04:00 - 17.03.2017 05:00","1837","1835"
"17.03.2017 05:00 - 17.03.2017 06:00","1973","1985"
"17.03.2017 06:00 - 17.03.2017 07:00","2293","2313"
"17.03.2017 07:00 - 17.03.2017 08:00","2641","2597"
"17.03.2017 08:00 - 17.03.2017 09:00","2650","2662"
"17.03.2017 09:00 - 17.03.2017 10:00","2644","2586"
"17.03.2017 10:00 - 17.03.2017 11:00","2634","2597"
"17.03.2017 11:00 - 17.03.2017 12:00","2576","2592"
"17.03.2017 12:00 - 17.03.2017 13:00","2467","2472"
"17.03.2017 13:00 - 17.03.2017 14:00","2415","2431"
"17.03.2017 14:00 - 17.03.2017 15:00","2310","2318"
"17.03.2017 15:00 - 17.03.2017 16:00","2233","2237"
"17.03.2017 16:00 - 17.03.2017 17:00","2283","2294"
"17.03.2017 17:00 - 17.03.2017 18:00","2485","2468"
"17.03.2017 18:00 - 17.03.2017 19:00","2533","2511"
"17.03.2017 19:00 - 17.03.2017 20:00","2449","2450"
"17.03.2017 20:00 - 17.03.2017 21:00","2297","2308"
"17.03.2017 21:00 - 17.03.2017 22:00","2186","2230"
"17.03.2017 22:00 - 17.03.2017 23:00","2043","2090"
"17.03.2017 23:00 - 18.03.2017 00:00","1879","2003"
"18.03.2017 00:00 - 18.03.2017 01:00","1873","1888"
"18.03.2017 01:00 - 18.03.2017 02:00","1763","1819"
"18.03.2017 02:00 - 18.03.2017 03:00","1744","1797"
"18.03.2017 03:00 - 18.03.2017 04:00","1748","1799"
"18.03.2017 04:00 - 18.03.2017 05:00","1815","1826"
"18.03.2017 05:00 - 18.03.2017 06:00","1874","1908"
"18.03.2017 06:00 - 18.03.2017 07:00","1994","2010"
"18.03.2017 07:00 - 18.03.2017 08:00","2149","2162"
"18.03.2017 08:00 - 18.03.2017 09:00","2275","2239"
"18.03.2017 09:00 - 18.03.2017 10:00","2245","2218"
"18.03.2017 10:00 - 18.03.2017 11:00","2251","2251"
"18.03.2017 11:00 - 18.03.2017 12:00","2250","2281"
"18.03.2017 12:00 - 18.03.2017 13:00","2165","2158"
"18.03.2017 13:00 - 18.03.2017 14:00","2087","2048"
"18.03.2017 14:00 - 18.03.2017 15:00","1963","1918"
"18.03.2017 15:00 - 18.03.2017 16:00","1886","1872"
"18.03.2017 16:00 - 18.03.2017 17:00","1946","1922"
"18.03.2017 17:00 - 18.03.2017 18:00","2149","2123"
"18.03.2017 18:00 - 18.03.2017 19:00","2191","2196"
"18.03.2017 19:00 - 18.03.2017 20:00","2222","2244"
"18.03.2017 20:00 - 18.03.2017 21:00","2118","2148"
"18.03.2017 21:00 - 18.03.2017 22:00","2031","2051"
"18.03.2017 22:00 - 18.03.2017 23:00","1948","1967"
"18.03.2017 23:00 - 19.03.2017 00:00","1852","1886"
"19.03.2017 00:00 - 19.03.2017 01:00","1808","1817"
"19.03.2017 01:00 - 19.03.2017 02:00","1754","1780"
"19.03.2017 02:00 - 19.03.2017 03:00","1755","1771"
"19.03.2017 03:00 - 19.03.2017 04:00","1790","1786"
"19.03.2017 04:00 - 19.03.2017 05:00","1798","1793"
"19.03.2017 05:00 - 19.03.2017 06:00","1830","1818"
"19.03.2017 06:00 - 19.03.2017 07:00","1879","1866"
"19.03.2017 07:00 - 19.03.2017 08:00","2027","2024"
"19.03.2017 08:00 - 19.03.2017 09:00","2203","2210"
"19.03.2017 09:00 - 19.03.2017 10:00","2298","2297"
"19.03.2017 10:00 - 19.03.2017 11:00","2322","2324"
"19.03.2017 11:00 - 19.03.2017 12:00","2315","2309"
"19.03.2017 12:00 - 19.03.2017 13:00","2267","2266"
"19.03.2017 13:00 - 19.03.2017 14:00","2234","2220"
"19.03.2017 14:00 - 19.03.2017 15:00","2190","2211"
"19.03.2017 15:00 - 19.03.2017 16:00","2205","2214"
"19.03.2017 16:00 - 19.03.2017 17:00","2273","2282"
"19.03.2017 17:00 - 19.03.2017 18:00","2498","2510"
"19.03.2017 18:00 - 19.03.2017 19:00","2616","2601"
"19.03.2017 19:00 - 19.03.2017 20:00","2557","2545"
"19.03.2017 20:00 - 19.03.2017 21:00","2397","2401"
"19.03.2017 21:00 - 19.03.2017 22:00","2247","2242"
"19.03.2017 22:00 - 19.03.2017 23:00","2101","2064"
"19.03.2017 23:00 - 20.03.2017 00:00","2000","1904"
"20.03.2017 00:00 - 20.03.2017 01:00","1818","1782"
"20.03.2017 01:00 - 20.03.2017 02:00","1755","1751"
"20.03.2017 02:00 - 20.03.2017 03:00","1754","1737"
"20.03.2017 03:00 - 20.03.2017 04:00","1784","1773"
"20.03.2017 04:00 - 20.03.2017 05:00","1843","1864"
"20.03.2017 05:00 - 20.03.2017 06:00","1984","2033"
"20.03.2017 06:00 - 20.03.2017 07:00","2383","2373"
"20.03.2017 07:00 - 20.03.2017 08:00","2733","2706"
"20.03.2017 08:00 - 20.03.2017 09:00","2850","2815"
"20.03.2017 09:00 - 20.03.2017 10:00","2808","2774"
"20.03.2017 10:00 - 20.03.2017 11:00","2826","2799"
"20.03.2017 11:00 - 20.03.2017 12:00","2804","2785"
"20.03.2017 12:00 - 20.03.2017 13:00","2738","2713"
"20.03.2017 13:00 - 20.03.2017 14:00","2736","2772"
"20.03.2017 14:00 - 20.03.2017 15:00","2729","2746"
"20.03.2017 15:00 - 20.03.2017 16:00","2647","2666"
"20.03.2017 16:00 - 20.03.2017 17:00","2687","2696"
"20.03.2017 17:00 - 20.03.2017 18:00","2839","2855"
"20.03.2017 18:00 - 20.03.2017 19:00","2820","2776"
"20.03.2017 19:00 - 20.03.2017 20:00","2725","2693"
"20.03.2017 20:00 - 20.03.2017 21:00","2494","2536"
"20.03.2017 21:00 - 20.03.2017 22:00","2324","2315"
"20.03.2017 22:00 - 20.03.2017 23:00","2155","2100"
"20.03.2017 23:00 - 21.03.2017 00:00","2003","1962"
"21.03.2017 00:00 - 21.03.2017 01:00","1839","1849"
"21.03.2017 01:00 - 21.03.2017 02:00","1767","1859"
"21.03.2017 02:00 - 21.03.2017 03:00","1825","1817"
"21.03.2017 03:00 - 21.03.2017 04:00","1830","1826"
"21.03.2017 04:00 - 21.03.2017 05:00","1899","1885"
"21.03.2017 05:00 - 21.03.2017 06:00","2062","2031"
"21.03.2017 06:00 - 21.03.2017 07:00","2377","2335"
"21.03.2017 07:00 - 21.03.2017 08:00","2630","2573"
"21.03.2017 08:00 - 21.03.2017 09:00","2679","2623"
"21.03.2017 09:00 - 21.03.2017 10:00","2607","2576"
"21.03.2017 10:00 - 21.03.2017 11:00","2641","2632"
"21.03.2017 11:00 - 21.03.2017 12:00","2652","2657"
"21.03.2017 12:00 - 21.03.2017 13:00","2571","2586"
"21.03.2017 13:00 - 21.03.2017 14:00","2628","2601"
"21.03.2017 14:00 - 21.03.2017 15:00","2565","2540"
"21.03.2017 15:00 - 21.03.2017 16:00","2494","2495"
"21.03.2017 16:00 - 21.03.2017 17:00","2474","2464"
"21.03.2017 17:00 - 21.03.2017 18:00","2611","2600"
"21.03.2017 18:00 - 21.03.2017 19:00","2623","2613"
"21.03.2017 19:00 - 21.03.2017 20:00","2589","2578"
"21.03.2017 20:00 - 21.03.2017 21:00","2427","2420"
"21.03.2017 21:00 - 21.03.2017 22:00","2314","2307"
"21.03.2017 22:00 - 21.03.2017 23:00","2176","2112"
"21.03.2017 23:00 - 22.03.2017 00:00","2024","1926"
"22.03.2017 00:00 - 22.03.2017 01:00","1823","1837"
"22.03.2017 01:00 - 22.03.2017 02:00","1802","1808"
"22.03.2017 02:00 - 22.03.2017 03:00","1775","1777"
"22.03.2017 03:00 - 22.03.2017 04:00","1780","1791"
"22.03.2017 04:00 - 22.03.2017 05:00","1846","1854"
"22.03.2017 05:00 - 22.03.2017 06:00","2026","2024"
"22.03.2017 06:00 - 22.03.2017 07:00","2343","2349"
"22.03.2017 07:00 - 22.03.2017 08:00","2598","2592"
"22.03.2017 08:00 - 22.03.2017 09:00","2651","2645"
"22.03.2017 09:00 - 22.03.2017 10:00","2623","2600"
"22.03.2017 10:00 - 22.03.2017 11:00","2622","2615"
"22.03.2017 11:00 - 22.03.2017 12:00","2613","2606"
"22.03.2017 12:00 - 22.03.2017 13:00","2518","2521"
"22.03.2017 13:00 - 22.03.2017 14:00","2552","2579"
"22.03.2017 14:00 - 22.03.2017 15:00","2522","2533"
"22.03.2017 15:00 - 22.03.2017 16:00","2424","2429"
"22.03.2017 16:00 - 22.03.2017 17:00","2446","2462"
"22.03.2017 17:00 - 22.03.2017 18:00","2616","2637"
"22.03.2017 18:00 - 22.03.2017 19:00","2631","2666"
"22.03.2017 19:00 - 22.03.2017 20:00","2661","2706"
"22.03.2017 20:00 - 22.03.2017 21:00","2561","2580"
"22.03.2017 21:00 - 22.03.2017 22:00","2416","2421"
"22.03.2017 22:00 - 22.03.2017 23:00","2248","2254"
"22.03.2017 23:00 - 23.03.2017 00:00","2087","2092"
"23.03.2017 00:00 - 23.03.2017 01:00","1971","2001"
"23.03.2017 01:00 - 23.03.2017 02:00","1914","1964"
"23.03.2017 02:00 - 23.03.2017 03:00","1918","1949"
"23.03.2017 03:00 - 23.03.2017 04:00","1952","1962"
"23.03.2017 04:00 - 23.03.2017 05:00","2014","2016"
"23.03.2017 05:00 - 23.03.2017 06:00","2183","2177"
"23.03.2017 06:00 - 23.03.2017 07:00","2450","2495"
"23.03.2017 07:00 - 23.03.2017 08:00","2755","2774"
"23.03.2017 08:00 - 23.03.2017 09:00","2848","2829"
"23.03.2017 09:00 - 23.03.2017 10:00","2794","2788"
"23.03.2017 10:00 - 23.03.2017 11:00","2823","2844"
"23.03.2017 11:00 - 23.03.2017 12:00","2787","2780"
"23.03.2017 12:00 - 23.03.2017 13:00","2707","2702"
"23.03.2017 13:00 - 23.03.2017 14:00","2716","2721"
"23.03.2017 14:00 - 23.03.2017 15:00","2652","2647"
"23.03.2017 15:00 - 23.03.2017 16:00","2532","2550"
"23.03.2017 16:00 - 23.03.2017 17:00","2515","2528"
"23.03.2017 17:00 - 23.03.2017 18:00","2679","2693"
"23.03.2017 18:00 - 23.03.2017 19:00","2671","2706"
"23.03.2017 19:00 - 23.03.2017 20:00","2695","2728"
"23.03.2017 20:00 - 23.03.2017 21:00","2654","2592"
"23.03.2017 21:00 - 23.03.2017 22:00","2520","2435"
"23.03.2017 22:00 - 23.03.2017 23:00","2323","2254"
"23.03.2017 23:00 - 24.03.2017 00:00","2190","2085"
"24.03.2017 00:00 - 24.03.2017 01:00","1971","1972"
"24.03.2017 01:00 - 24.03.2017 02:00","1905","1934"
"24.03.2017 02:00 - 24.03.2017 03:00","1902","1936"
"24.03.2017 03:00 - 24.03.2017 04:00","1919","1935"
"24.03.2017 04:00 - 24.03.2017 05:00","1972","1970"
"24.03.2017 05:00 - 24.03.2017 06:00","2137","2144"
"24.03.2017 06:00 - 24.03.2017 07:00","2408","2441"
"24.03.2017 07:00 - 24.03.2017 08:00","2678","2673"
"24.03.2017 08:00 - 24.03.2017 09:00","2776","2749"
"24.03.2017 09:00 - 24.03.2017 10:00","2742","2728"
"24.03.2017 10:00 - 24.03.2017 11:00","2763","2744"
"24.03.2017 11:00 - 24.03.2017 12:00","2693","2673"
"24.03.2017 12:00 - 24.03.2017 13:00","2565","2548"
"24.03.2017 13:00 - 24.03.2017 14:00","2467","2448"
"24.03.2017 14:00 - 24.03.2017 15:00","2305","2287"
"24.03.2017 15:00 - 24.03.2017 16:00","2208","2210"
"24.03.2017 16:00 - 24.03.2017 17:00","2231","2248"
"24.03.2017 17:00 - 24.03.2017 18:00","2406","2457"
"24.03.2017 18:00 - 24.03.2017 19:00","2501","2507"
"24.03.2017 19:00 - 24.03.2017 20:00","2477","2451"
"24.03.2017 20:00 - 24.03.2017 21:00","2295","2273"
"24.03.2017 21:00 - 24.03.2017 22:00","2126","2118"
"24.03.2017 22:00 - 24.03.2017 23:00","1983","1971"
"24.03.2017 23:00 - 25.03.2017 00:00","1837","1834"
"25.03.2017 00:00 - 25.03.2017 01:00","1693","1723"
"25.03.2017 01:00 - 25.03.2017 02:00","1615","1658"
"25.03.2017 02:00 - 25.03.2017 03:00","1593","1606"
"25.03.2017 03:00 - 25.03.2017 04:00","1573","1582"
"25.03.2017 04:00 - 25.03.2017 05:00","1582","1586"
"25.03.2017 05:00 - 25.03.2017 06:00","1640","1647"
"25.03.2017 06:00 - 25.03.2017 07:00","1739","1742"
"25.03.2017 07:00 - 25.03.2017 08:00","1914","1908"
"25.03.2017 08:00 - 25.03.2017 09:00","2052","2041"
"25.03.2017 09:00 - 25.03.2017 10:00","2097","2093"
"25.03.2017 10:00 - 25.03.2017 11:00","2132","2146"
"25.03.2017 11:00 - 25.03.2017 12:00","2150","2124"
"25.03.2017 12:00 - 25.03.2017 13:00","2080","2055"
"25.03.2017 13:00 - 25.03.2017 14:00","2000","1993"
"25.03.2017 14:00 - 25.03.2017 15:00","1971","1952"
"25.03.2017 15:00 - 25.03.2017 16:00","1954","1943"
"25.03.2017 16:00 - 25.03.2017 17:00","2004","2016"
"25.03.2017 17:00 - 25.03.2017 18:00","2217","2199"
"25.03.2017 18:00 - 25.03.2017 19:00","2277","2222"
"25.03.2017 19:00 - 25.03.2017 20:00","2244","2225"
"25.03.2017 20:00 - 25.03.2017 21:00","2083","2104"
"25.03.2017 21:00 - 25.03.2017 22:00","1943","2001"
"25.03.2017 22:00 - 25.03.2017 23:00","1852","1889"
"25.03.2017 23:00 - 26.03.2017 00:00","1765","1784"
"26.03.2017 00:00 - 26.03.2017 01:00","1714","1727"
"26.03.2017 01:00 - 26.03.2017 02:00","1678","1717"
"26.03.2017 02:00 - 26.03.2017 03:00","",""
"26.03.2017 03:00 - 26.03.2017 04:00","1609","1706"
"26.03.2017 04:00 - 26.03.2017 05:00","1650","1698"
"26.03.2017 05:00 - 26.03.2017 06:00","1722","1717"
"26.03.2017 06:00 - 26.03.2017 07:00","1797","1814"
"26.03.2017 07:00 - 26.03.2017 08:00","1902","1896"
"26.03.2017 08:00 - 26.03.2017 09:00","2040","2029"
"26.03.2017 09:00 - 26.03.2017 10:00","2130","2122"
"26.03.2017 10:00 - 26.03.2017 11:00","2156","2172"
"26.03.2017 11:00 - 26.03.2017 12:00","2179","2170"
"26.03.2017 12:00 - 26.03.2017 13:00","2140","2142"
"26.03.2017 13:00 - 26.03.2017 14:00","2101","2103"
"26.03.2017 14:00 - 26.03.2017 15:00","2063","2056"
"26.03.2017 15:00 - 26.03.2017 16:00","2029","2026"
"26.03.2017 16:00 - 26.03.2017 17:00","2083","2067"
"26.03.2017 17:00 - 26.03.2017 18:00","2265","2217"
"26.03.2017 18:00 - 26.03.2017 19:00","2306","2235"
"26.03.2017 19:00 - 26.03.2017 20:00","2216","2174"
"26.03.2017 20:00 - 26.03.2017 21:00","2168","2196"
"26.03.2017 21:00 - 26.03.2017 22:00","2064","2064"
"26.03.2017 22:00 - 26.03.2017 23:00","1946","1922"
"26.03.2017 23:00 - 27.03.2017 00:00","1856","1798"
"27.03.2017 00:00 - 27.03.2017 01:00","1735","1710"
"27.03.2017 01:00 - 27.03.2017 02:00","1678","1679"
"27.03.2017 02:00 - 27.03.2017 03:00","1687","1680"
"27.03.2017 03:00 - 27.03.2017 04:00","1732","1725"
"27.03.2017 04:00 - 27.03.2017 05:00","1813","1774"
"27.03.2017 05:00 - 27.03.2017 06:00","1985","1941"
"27.03.2017 06:00 - 27.03.2017 07:00","2332","2319"
"27.03.2017 07:00 - 27.03.2017 08:00","2652","2589"
"27.03.2017 08:00 - 27.03.2017 09:00","2729","2739"
"27.03.2017 09:00 - 27.03.2017 10:00","2763","2744"
"27.03.2017 10:00 - 27.03.2017 11:00","2758","2730"
"27.03.2017 11:00 - 27.03.2017 12:00","2709","2644"
"27.03.2017 12:00 - 27.03.2017 13:00","2625","2609"
"27.03.2017 13:00 - 27.03.2017 14:00","2611","2607"
"27.03.2017 14:00 - 27.03.2017 15:00","2535","2501"
"27.03.2017 15:00 - 27.03.2017 16:00","2417","2396"
"27.03.2017 16:00 - 27.03.2017 17:00","2385","2348"
"27.03.2017 17:00 - 27.03.2017 18:00","2523","2487"
"27.03.2017 18:00 - 27.03.2017 19:00","2500","2475"
"27.03.2017 19:00 - 27.03.2017 20:00","2475","2433"
"27.03.2017 20:00 - 27.03.2017 21:00","2407","2431"
"27.03.2017 21:00 - 27.03.2017 22:00","2247","2298"
"27.03.2017 22:00 - 27.03.2017 23:00","2082","2116"
"27.03.2017 23:00 - 28.03.2017 00:00","1916","1977"
"28.03.2017 00:00 - 28.03.2017 01:00","1872","1888"
"28.03.2017 01:00 - 28.03.2017 02:00","1819","1830"
"28.03.2017 02:00 - 28.03.2017 03:00","1825","1836"
"28.03.2017 03:00 - 28.03.2017 04:00","1847","1853"
"28.03.2017 04:00 - 28.03.2017 05:00","1894","1865"
"28.03.2017 05:00 - 28.03.2017 06:00","2033","2043"
"28.03.2017 06:00 - 28.03.2017 07:00","2373","2431"
"28.03.2017 07:00 - 28.03.2017 08:00","2687","2667"
"28.03.2017 08:00 - 28.03.2017 09:00","2785","2772"
"28.03.2017 09:00 - 28.03.2017 10:00","2777","2770"
"28.03.2017 10:00 - 28.03.2017 11:00","2831","2848"
"28.03.2017 11:00 - 28.03.2017 12:00","2823","2824"
"28.03.2017 12:00 - 28.03.2017 13:00","2737","2746"
"28.03.2017 13:00 - 28.03.2017 14:00","2744","2750"
"28.03.2017 14:00 - 28.03.2017 15:00","2685","2671"
"28.03.2017 15:00 - 28.03.2017 16:00","2548","2559"
"28.03.2017 16:00 - 28.03.2017 17:00","2517","2529"
"28.03.2017 17:00 - 28.03.2017 18:00","2633","2619"
"28.03.2017 18:00 - 28.03.2017 19:00","2572","2540"
"28.03.2017 19:00 - 28.03.2017 20:00","2515","2449"
"28.03.2017 20:00 - 28.03.2017 21:00","2425","2447"
"28.03.2017 21:00 - 28.03.2017 22:00","2347","2353"
"28.03.2017 22:00 - 28.03.2017 23:00","2243","2184"
"28.03.2017 23:00 - 29.03.2017 00:00","2117","1990"
"29.03.2017 00:00 - 29.03.2017 01:00","1870","1868"
"29.03.2017 01:00 - 29.03.2017 02:00","1790","1806"
"29.03.2017 02:00 - 29.03.2017 03:00","1782","1814"
"29.03.2017 03:00 - 29.03.2017 04:00","1822","1842"
"29.03.2017 04:00 - 29.03.2017 05:00","1899","1890"
"29.03.2017 05:00 - 29.03.2017 06:00","2050","2014"
"29.03.2017 06:00 - 29.03.2017 07:00","2346","2382"
"29.03.2017 07:00 - 29.03.2017 08:00","2705","2689"
"29.03.2017 08:00 - 29.03.2017 09:00","2797","2794"
"29.03.2017 09:00 - 29.03.2017 10:00","2797","2824"
"29.03.2017 10:00 - 29.03.2017 11:00","2871","2882"
"29.03.2017 11:00 - 29.03.2017 12:00","2851","2821"
"29.03.2017 12:00 - 29.03.2017 13:00","2752","2763"
"29.03.2017 13:00 - 29.03.2017 14:00","2764","2762"
"29.03.2017 14:00 - 29.03.2017 15:00","2710","2706"
"29.03.2017 15:00 - 29.03.2017 16:00","2597","2630"
"29.03.2017 16:00 - 29.03.2017 17:00","2602","2615"
"29.03.2017 17:00 - 29.03.2017 18:00","2731","2749"
"29.03.2017 18:00 - 29.03.2017 19:00","2697","2649"
"29.03.2017 19:00 - 29.03.2017 20:00","2618","2558"
"29.03.2017 20:00 - 29.03.2017 21:00","2536","2525"
"29.03.2017 21:00 - 29.03.2017 22:00","2412","2409"
"29.03.2017 22:00 - 29.03.2017 23:00","2257","2264"
"29.03.2017 23:00 - 30.03.2017 00:00","2105","2079"
"30.03.2017 00:00 - 30.03.2017 01:00","1938","1969"
"30.03.2017 01:00 - 30.03.2017 02:00","1847","1895"
"30.03.2017 02:00 - 30.03.2017 03:00","1867","1868"
"30.03.2017 03:00 - 30.03.2017 04:00","1868","1871"
"30.03.2017 04:00 - 30.03.2017 05:00","1912","1898"
"30.03.2017 05:00 - 30.03.2017 06:00","2041","2033"
"30.03.2017 06:00 - 30.03.2017 07:00","2352","2347"
"30.03.2017 07:00 - 30.03.2017 08:00","2660","2633"
"30.03.2017 08:00 - 30.03.2017 09:00","2797","2779"
"30.03.2017 09:00 - 30.03.2017 10:00","2786","2747"
"30.03.2017 10:00 - 30.03.2017 11:00","2816","2813"
"30.03.2017 11:00 - 30.03.2017 12:00","2798","2788"
"30.03.2017 12:00 - 30.03.2017 13:00","2718","2740"
"30.03.2017 13:00 - 30.03.2017 14:00","2789","2821"
"30.03.2017 14:00 - 30.03.2017 15:00","2743","2730"
"30.03.2017 15:00 - 30.03.2017 16:00","2579","2563"
"30.03.2017 16:00 - 30.03.2017 17:00","2500","2516"
"30.03.2017 17:00 - 30.03.2017 18:00","2630","2618"
"30.03.2017 18:00 - 30.03.2017 19:00","2582","2612"
"30.03.2017 19:00 - 30.03.2017 20:00","2554","2513"
"30.03.2017 20:00 - 30.03.2017 21:00","2493","2469"
"30.03.2017 21:00 - 30.03.2017 22:00","2373","2332"
"30.03.2017 22:00 - 30.03.2017 23:00","2230","2168"
"30.03.2017 23:00 - 31.03.2017 00:00","2094","1978"
"31.03.2017 00:00 - 31.03.2017 01:00","1853","1883"
"31.03.2017 01:00 - 31.03.2017 02:00","1809","1863"
"31.03.2017 02:00 - 31.03.2017 03:00","1829","1860"
"31.03.2017 03:00 - 31.03.2017 04:00","1849","1846"
"31.03.2017 04:00 - 31.03.2017 05:00","1892","1875"
"31.03.2017 05:00 - 31.03.2017 06:00","2032","2008"
"31.03.2017 06:00 - 31.03.2017 07:00","2291","2327"
"31.03.2017 07:00 - 31.03.2017 08:00","2601","2628"
"31.03.2017 08:00 - 31.03.2017 09:00","2735","2728"
"31.03.2017 09:00 - 31.03.2017 10:00","2707","2696"
"31.03.2017 10:00 - 31.03.2017 11:00","2727","2725"
"31.03.2017 11:00 - 31.03.2017 12:00","2673","2700"
"31.03.2017 12:00 - 31.03.2017 13:00","2584","2609"
"31.03.2017 13:00 - 31.03.2017 14:00","2502","2510"
"31.03.2017 14:00 - 31.03.2017 15:00","2362","2358"
"31.03.2017 15:00 - 31.03.2017 16:00","2236","2248"
"31.03.2017 16:00 - 31.03.2017 17:00","2222","2234"
"31.03.2017 17:00 - 31.03.2017 18:00","2333","2328"
"31.03.2017 18:00 - 31.03.2017 19:00","2314","2295"
"31.03.2017 19:00 - 31.03.2017 20:00","2191","2188"
"31.03.2017 20:00 - 31.03.2017 21:00","2155","2164"
"31.03.2017 21:00 - 31.03.2017 22:00","2060","2057"
"31.03.2017 22:00 - 31.03.2017 23:00","1950","1924"
"31.03.2017 23:00 - 01.04.2017 00:00","1837","1839"
"01.04.2017 00:00 - 01.04.2017 01:00","1700","1705"
"01.04.2017 01:00 - 01.04.2017 02:00","1613","1670"
"01.04.2017 02:00 - 01.04.2017 03:00","1591","1634"
"01.04.2017 03:00 - 01.04.2017 04:00","1572","1609"
"01.04.2017 04:00 - 01.04.2017 05:00","1596","1630"
"01.04.2017 05:00 - 01.04.2017 06:00","1655","1665"
"01.04.2017 06:00 - 01.04.2017 07:00","1750","1775"
"01.04.2017 07:00 - 01.04.2017 08:00","1911","1915"
"01.04.2017 08:00 - 01.04.2017 09:00","2047","2040"
"01.04.2017 09:00 - 01.04.2017 10:00","2119","2117"
"01.04.2017 10:00 - 01.04.2017 11:00","2128","2133"
"01.04.2017 11:00 - 01.04.2017 12:00","2095","2086"
"01.04.2017 12:00 - 01.04.2017 13:00","2029","2051"
"01.04.2017 13:00 - 01.04.2017 14:00","1993","1997"
"01.04.2017 14:00 - 01.04.2017 15:00","1956","1961"
"01.04.2017 15:00 - 01.04.2017 16:00","1946","1937"
"01.04.2017 16:00 - 01.04.2017 17:00","1968","1975"
"01.04.2017 17:00 - 01.04.2017 18:00","2106","2082"
"01.04.2017 18:00 - 01.04.2017 19:00","2138","2115"
"01.04.2017 19:00 - 01.04.2017 20:00","2041","2004"
"01.04.2017 20:00 - 01.04.2017 21:00","1957","2003"
"01.04.2017 21:00 - 01.04.2017 22:00","1844","1940"
"01.04.2017 22:00 - 01.04.2017 23:00","1739","1822"
"01.04.2017 23:00 - 02.04.2017 00:00","1638","1738"
"02.04.2017 00:00 - 02.04.2017 01:00","1638","1657"
"02.04.2017 01:00 - 02.04.2017 02:00","1578","1607"
"02.04.2017 02:00 - 02.04.2017 03:00","1551","1597"
"02.04.2017 03:00 - 02.04.2017 04:00","1578","1597"
"02.04.2017 04:00 - 02.04.2017 05:00","1599","1604"
"02.04.2017 05:00 - 02.04.2017 06:00","1629","1646"
"02.04.2017 06:00 - 02.04.2017 07:00","1709","1722"
"02.04.2017 07:00 - 02.04.2017 08:00","1805","1843"
"02.04.2017 08:00 - 02.04.2017 09:00","1984","2018"
"02.04.2017 09:00 - 02.04.2017 10:00","2103","2103"
"02.04.2017 10:00 - 02.04.2017 11:00","2117","2088"
"02.04.2017 11:00 - 02.04.2017 12:00","2090","2083"
"02.04.2017 12:00 - 02.04.2017 13:00","2034","2070"
"02.04.2017 13:00 - 02.04.2017 14:00","2014","2025"
"02.04.2017 14:00 - 02.04.2017 15:00","2009","2006"
"02.04.2017 15:00 - 02.04.2017 16:00","1974","1975"
"02.04.2017 16:00 - 02.04.2017 17:00","2013","2017"
"02.04.2017 17:00 - 02.04.2017 18:00","2195","2215"
"02.04.2017 18:00 - 02.04.2017 19:00","2237","2224"
"02.04.2017 19:00 - 02.04.2017 20:00","2134","2123"
"02.04.2017 20:00 - 02.04.2017 21:00","2109","2111"
"02.04.2017 21:00 - 02.04.2017 22:00","2030","2009"
"02.04.2017 22:00 - 02.04.2017 23:00","1907","1873"
"02.04.2017 23:00 - 03.04.2017 00:00","1807","1751"
"03.04.2017 00:00 - 03.04.2017 01:00","1685","1690"
"03.04.2017 01:00 - 03.04.2017 02:00","1649","1652"
"03.04.2017 02:00 - 03.04.2017 03:00","1646","1633"
"03.04.2017 03:00 - 03.04.2017 04:00","1682","1674"
"03.04.2017 04:00 - 03.04.2017 05:00","1759","1758"
"03.04.2017 05:00 - 03.04.2017 06:00","1925","1919"
"03.04.2017 06:00 - 03.04.2017 07:00","2298","2274"
"03.04.2017 07:00 - 03.04.2017 08:00","2567","2514"
"03.04.2017 08:00 - 03.04.2017 09:00","2660","2637"
"03.04.2017 09:00 - 03.04.2017 10:00","2642","2621"
"03.04.2017 10:00 - 03.04.2017 11:00","2670","2636"
"03.04.2017 11:00 - 03.04.2017 12:00","2664","2687"
"03.04.2017 12:00 - 03.04.2017 13:00","2630","2660"
"03.04.2017 13:00 - 03.04.2017 14:00","2674","2679"
"03.04.2017 14:00 - 03.04.2017 15:00","2617","2630"
"03.04.2017 15:00 - 03.04.2017 16:00","2496","2496"
"03.04.2017 16:00 - 03.04.2017 17:00","2447","2451"
"03.04.2017 17:00 - 03.04.2017 18:00","2571","2586"
"03.04.2017 18:00 - 03.04.2017 19:00","2510","2488"
"03.04.2017 19:00 - 03.04.2017 20:00","2417","2392"
"03.04.2017 20:00 - 03.04.2017 21:00","2403","2386"
"03.04.2017 21:00 - 03.04.2017 22:00","2274","2319"
"03.04.2017 22:00 - 03.04.2017 23:00","2102","2173"
"03.04.2017 23:00 - 04.04.2017 00:00","1943","1943"
"04.04.2017 00:00 - 04.04.2017 01:00","1818","1878"
"04.04.2017 01:00 - 04.04.2017 02:00","1805","1837"
"04.04.2017 02:00 - 04.04.2017 03:00","1807","1847"
"04.04.2017 03:00 - 04.04.2017 04:00","1852","1850"
"04.04.2017 04:00 - 04.04.2017 05:00","1885","1901"
"04.04.2017 05:00 - 04.04.2017 06:00","2026","2047"
"04.04.2017 06:00 - 04.04.2017 07:00","2421","2428"
"04.04.2017 07:00 - 04.04.2017 08:00","2715","2688"
"04.04.2017 08:00 - 04.04.2017 09:00","2799","2777"
"04.04.2017 09:00 - 04.04.2017 10:00","2790","2786"
"04.04.2017 10:00 - 04.04.2017 11:00","2807","2806"
"04.04.2017 11:00 - 04.04.2017 12:00","2755","2760"
"04.04.2017 12:00 - 04.04.2017 13:00","2662","2645"
"04.04.2017 13:00 - 04.04.2017 14:00","2676","2673"
"04.04.2017 14:00 - 04.04.2017 15:00","2572","2547"
"04.04.2017 15:00 - 04.04.2017 16:00","2447","2432"
"04.04.2017 16:00 - 04.04.2017 17:00","2383","2342"
"04.04.2017 17:00 - 04.04.2017 18:00","2485","2514"
"04.04.2017 18:00 - 04.04.2017 19:00","2441","2467"
"04.04.2017 19:00 - 04.04.2017 20:00","2414","2403"
"04.04.2017 20:00 - 04.04.2017 21:00","2446","2398"
"04.04.2017 21:00 - 04.04.2017 22:00","2404","2290"
"04.04.2017 22:00 - 04.04.2017 23:00","2268","2120"
"04.04.2017 23:00 - 05.04.2017 00:00","2106","1920"
"05.04.2017 00:00 - 05.04.2017 01:00","1783","1800"
"05.04.2017 01:00 - 05.04.2017 02:00","1719","1750"
"05.04.2017 02:00 - 05.04.2017 03:00","1699","1714"
"05.04.2017 03:00 - 05.04.2017 04:00","1718","1711"
"05.04.2017 04:00 - 05.04.2017 05:00","1761","1737"
"05.04.2017 05:00 - 05.04.2017 06:00","1898","1879"
"05.04.2017 06:00 - 05.04.2017 07:00","2265","2271"
"05.04.2017 07:00 - 05.04.2017 08:00","2592","2587"
"05.04.2017 08:00 - 05.04.2017 09:00","2686","2699"
"05.04.2017 09:00 - 05.04.2017 10:00","2638","2632"
"05.04.2017 10:00 - 05.04.2017 11:00","2629","2621"
"05.04.2017 11:00 - 05.04.2017 12:00","2561","2552"
"05.04.2017 12:00 - 05.04.2017 13:00","2481","2475"
"05.04.2017 13:00 - 05.04.2017 14:00","2493","2493"
"05.04.2017 14:00 - 05.04.2017 15:00","2409","2421"
"05.04.2017 15:00 - 05.04.2017 16:00","2290","2307"
"05.04.2017 16:00 - 05.04.2017 17:00","2281","2303"
"05.04.2017 17:00 - 05.04.2017 18:00","2495","2525"
"05.04.2017 18:00 - 05.04.2017 19:00","2421","2378"
"05.04.2017 19:00 - 05.04.2017 20:00","2273","2282"
"05.04.2017 20:00 - 05.04.2017 21:00","2253","2257"
"05.04.2017 21:00 - 05.04.2017 22:00","2159","2320"
"05.04.2017 22:00 - 05.04.2017 23:00","1990","2155"
"05.04.2017 23:00 - 06.04.2017 00:00","1829","2005"
"06.04.2017 00:00 - 06.04.2017 01:00","1880","1932"
"06.04.2017 01:00 - 06.04.2017 02:00","1802","1822"
"06.04.2017 02:00 - 06.04.2017 03:00","1784","1784"
"06.04.2017 03:00 - 06.04.2017 04:00","1804","1811"
"06.04.2017 04:00 - 06.04.2017 05:00","1873","1909"
"06.04.2017 05:00 - 06.04.2017 06:00","2073","2090"
"06.04.2017 06:00 - 06.04.2017 07:00","2399","2417"
"06.04.2017 07:00 - 06.04.2017 08:00","2711","2714"
"06.04.2017 08:00 - 06.04.2017 09:00","2799","2799"
"06.04.2017 09:00 - 06.04.2017 10:00","2755","2753"
"06.04.2017 10:00 - 06.04.2017 11:00","2710","2733"
"06.04.2017 11:00 - 06.04.2017 12:00","2600","2615"
"06.04.2017 12:00 - 06.04.2017 13:00","2481","2471"
"06.04.2017 13:00 - 06.04.2017 14:00","2472","2485"
"06.04.2017 14:00 - 06.04.2017 15:00","2479","2490"
"06.04.2017 15:00 - 06.04.2017 16:00","2386","2377"
"06.04.2017 16:00 - 06.04.2017 17:00","2339","2346"
"06.04.2017 17:00 - 06.04.2017 18:00","2482","2490"
"06.04.2017 18:00 - 06.04.2017 19:00","2469","2499"
"06.04.2017 19:00 - 06.04.2017 20:00","2412","2382"
"06.04.2017 20:00 - 06.04.2017 21:00","2344","2284"
"06.04.2017 21:00 - 06.04.2017 22:00","2252","2124"
"06.04.2017 22:00 - 06.04.2017 23:00","2121","1974"
"06.04.2017 23:00 - 07.04.2017 00:00","1977","1842"
"07.04.2017 00:00 - 07.04.2017 01:00","1714","1738"
"07.04.2017 01:00 - 07.04.2017 02:00","1642","1683"
"07.04.2017 02:00 - 07.04.2017 03:00","1650","1692"
"07.04.2017 03:00 - 07.04.2017 04:00","1681","1666"
"07.04.2017 04:00 - 07.04.2017 05:00","1697","1685"
"07.04.2017 05:00 - 07.04.2017 06:00","1821","1837"
"07.04.2017 06:00 - 07.04.2017 07:00","2187","2230"
"07.04.2017 07:00 - 07.04.2017 08:00","2571","2557"
"07.04.2017 08:00 - 07.04.2017 09:00","2693","2693"
"07.04.2017 09:00 - 07.04.2017 10:00","2626","2628"
"07.04.2017 10:00 - 07.04.2017 11:00","2591","2602"
"07.04.2017 11:00 - 07.04.2017 12:00","2495","2515"
"07.04.2017 12:00 - 07.04.2017 13:00","2363","2375"
"07.04.2017 13:00 - 07.04.2017 14:00","2282","2279"
"07.04.2017 14:00 - 07.04.2017 15:00","2136","2131"
"07.04.2017 15:00 - 07.04.2017 16:00","2048","2069"
"07.04.2017 16:00 - 07.04.2017 17:00","2089","2086"
"07.04.2017 17:00 - 07.04.2017 18:00","2221","2191"
"07.04.2017 18:00 - 07.04.2017 19:00","2183","2191"
"07.04.2017 19:00 - 07.04.2017 20:00","2061","2076"
"07.04.2017 20:00 - 07.04.2017 21:00","2050","2039"
"07.04.2017 21:00 - 07.04.2017 22:00","2000","1973"
"07.04.2017 22:00 - 07.04.2017 23:00","1875","1854"
"07.04.2017 23:00 - 08.04.2017 00:00","1750","1727"
"08.04.2017 00:00 - 08.04.2017 01:00","1616","1629"
"08.04.2017 01:00 - 08.04.2017 02:00","1559","1573"
"08.04.2017 02:00 - 08.04.2017 03:00","1535","1549"
"08.04.2017 03:00 - 08.04.2017 04:00","1540","1553"
"08.04.2017 04:00 - 08.04.2017 05:00","1562","1566"
"08.04.2017 05:00 - 08.04.2017 06:00","1610","1604"
"08.04.2017 06:00 - 08.04.2017 07:00","1710","1699"
"08.04.2017 07:00 - 08.04.2017 08:00","1866","1839"
"08.04.2017 08:00 - 08.04.2017 09:00","2012","1964"
"08.04.2017 09:00 - 08.04.2017 10:00","2070","1997"
"08.04.2017 10:00 - 08.04.2017 11:00","2059","2007"
"08.04.2017 11:00 - 08.04.2017 12:00","1985","1974"
"08.04.2017 12:00 - 08.04.2017 13:00","1939","1956"
"08.04.2017 13:00 - 08.04.2017 14:00","1905","1880"
"08.04.2017 14:00 - 08.04.2017 15:00","1841","1797"
"08.04.2017 15:00 - 08.04.2017 16:00","1794","1788"
"08.04.2017 16:00 - 08.04.2017 17:00","1850","1862"
"08.04.2017 17:00 - 08.04.2017 18:00","2044","2055"
"08.04.2017 18:00 - 08.04.2017 19:00","2082","2088"
"08.04.2017 19:00 - 08.04.2017 20:00","1991","2017"
"08.04.2017 20:00 - 08.04.2017 21:00","1992","2017"
"08.04.2017 21:00 - 08.04.2017 22:00","1930","2010"
"08.04.2017 22:00 - 08.04.2017 23:00","1769","1883"
"08.04.2017 23:00 - 09.04.2017 00:00","1624","1761"
"09.04.2017 00:00 - 09.04.2017 01:00","1627","1649"
"09.04.2017 01:00 - 09.04.2017 02:00","1539","1566"
"09.04.2017 02:00 - 09.04.2017 03:00","1497","1548"
"09.04.2017 03:00 - 09.04.2017 04:00","1488","1524"
"09.04.2017 04:00 - 09.04.2017 05:00","1475","1536"
"09.04.2017 05:00 - 09.04.2017 06:00","1558","1565"
"09.04.2017 06:00 - 09.04.2017 07:00","1615","1627"
"09.04.2017 07:00 - 09.04.2017 08:00","1728","1780"
"09.04.2017 08:00 - 09.04.2017 09:00","1909","1939"
"09.04.2017 09:00 - 09.04.2017 10:00","2013","1965"
"09.04.2017 10:00 - 09.04.2017 11:00","2023","1954"
"09.04.2017 11:00 - 09.04.2017 12:00","1967","1922"
"09.04.2017 12:00 - 09.04.2017 13:00","1890","1895"
"09.04.2017 13:00 - 09.04.2017 14:00","1834","1809"
"09.04.2017 14:00 - 09.04.2017 15:00","1812","1832"
"09.04.2017 15:00 - 09.04.2017 16:00","1804","1806"
"09.04.2017 16:00 - 09.04.2017 17:00","1841","1843"
"09.04.2017 17:00 - 09.04.2017 18:00","1998","2004"
"09.04.2017 18:00 - 09.04.2017 19:00","2038","2044"
"09.04.2017 19:00 - 09.04.2017 20:00","1974","1977"
"09.04.2017 20:00 - 09.04.2017 21:00","1991","1994"
"09.04.2017 21:00 - 09.04.2017 22:00","1929","1958"
"09.04.2017 22:00 - 09.04.2017 23:00","1813","1826"
"09.04.2017 23:00 - 10.04.2017 00:00","1703","1711"
"10.04.2017 00:00 - 10.04.2017 01:00","1628","1607"
"10.04.2017 01:00 - 10.04.2017 02:00","1562","1573"
"10.04.2017 02:00 - 10.04.2017 03:00","1535","1550"
"10.04.2017 03:00 - 10.04.2017 04:00","1592","1579"
"10.04.2017 04:00 - 10.04.2017 05:00","1686","1643"
"10.04.2017 05:00 - 10.04.2017 06:00","1748","1687"
"10.04.2017 06:00 - 10.04.2017 07:00","1929","1881"
"10.04.2017 07:00 - 10.04.2017 08:00","2207","2194"
"10.04.2017 08:00 - 10.04.2017 09:00","2361","2390"
"10.04.2017 09:00 - 10.04.2017 10:00","2412","2379"
"10.04.2017 10:00 - 10.04.2017 11:00","2465","2425"
"10.04.2017 11:00 - 10.04.2017 12:00","2411","2411"
"10.04.2017 12:00 - 10.04.2017 13:00","2421","2450"
"10.04.2017 13:00 - 10.04.2017 14:00","2463","2487"
"10.04.2017 14:00 - 10.04.2017 15:00","2446","2457"
"10.04.2017 15:00 - 10.04.2017 16:00","2352","2358"
"10.04.2017 16:00 - 10.04.2017 17:00","2287","2273"
"10.04.2017 17:00 - 10.04.2017 18:00","2346","2274"
"10.04.2017 18:00 - 10.04.2017 19:00","2199","2227"
"10.04.2017 19:00 - 10.04.2017 20:00","2108","2115"
"10.04.2017 20:00 - 10.04.2017 21:00","2090","2069"
"10.04.2017 21:00 - 10.04.2017 22:00","2072","2026"
"10.04.2017 22:00 - 10.04.2017 23:00","1989","1893"
"10.04.2017 23:00 - 11.04.2017 00:00","1862","1731"
"11.04.2017 00:00 - 11.04.2017 01:00","1606","1629"
"11.04.2017 01:00 - 11.04.2017 02:00","1583","1601"
"11.04.2017 02:00 - 11.04.2017 03:00","1577","1584"
"11.04.2017 03:00 - 11.04.2017 04:00","1593","1575"
"11.04.2017 04:00 - 11.04.2017 05:00","1642","1630"
"11.04.2017 05:00 - 11.04.2017 06:00","1790","1782"
"11.04.2017 06:00 - 11.04.2017 07:00","2095","2052"
"11.04.2017 07:00 - 11.04.2017 08:00","2340","2337"
"11.04.2017 08:00 - 11.04.2017 09:00","2461","2457"
"11.04.2017 09:00 - 11.04.2017 10:00","2468","2466"
"11.04.2017 10:00 - 11.04.2017 11:00","2506","2535"
"11.04.2017 11:00 - 11.04.2017 12:00","2524","2541"
"11.04.2017 12:00 - 11.04.2017 13:00","2469","2436"
"11.04.2017 13:00 - 11.04.2017 14:00","2432","2394"
"11.04.2017 14:00 - 11.04.2017 15:00","2340","2338"
"11.04.2017 15:00 - 11.04.2017 16:00","2231","2241"
"11.04.2017 16:00 - 11.04.2017 17:00","2207","2219"
"11.04.2017 17:00 - 11.04.2017 18:00","2369","2474"
"11.04.2017 18:00 - 11.04.2017 19:00","2444","2505"
"11.04.2017 19:00 - 11.04.2017 20:00","2401","2438"
"11.04.2017 20:00 - 11.04.2017 21:00","2382","2391"
"11.04.2017 21:00 - 11.04.2017 22:00","2315","2258"
"11.04.2017 22:00 - 11.04.2017 23:00","2119","2077"
"11.04.2017 23:00 - 12.04.2017 00:00","1915","1919"
"12.04.2017 00:00 - 12.04.2017 01:00","1808","1801"
"12.04.2017 01:00 - 12.04.2017 02:00","1721","1714"
"12.04.2017 02:00 - 12.04.2017 03:00","1694","1691"
"12.04.2017 03:00 - 12.04.2017 04:00","1711","1699"
"12.04.2017 04:00 - 12.04.2017 05:00","1732","1696"
"12.04.2017 05:00 - 12.04.2017 06:00","1857","1831"
"12.04.2017 06:00 - 12.04.2017 07:00","2125","2032"
"12.04.2017 07:00 - 12.04.2017 08:00","2382","2360"
"12.04.2017 08:00 - 12.04.2017 09:00","2506","2524"
"12.04.2017 09:00 - 12.04.2017 10:00","2558","2581"
"12.04.2017 10:00 - 12.04.2017 11:00","2628","2642"
"12.04.2017 11:00 - 12.04.2017 12:00","2599","2606"
"12.04.2017 12:00 - 12.04.2017 13:00","2486","2506"
"12.04.2017 13:00 - 12.04.2017 14:00","2406","2483"
"12.04.2017 14:00 - 12.04.2017 15:00","2377","2390"
"12.04.2017 15:00 - 12.04.2017 16:00","2251","2272"
"12.04.2017 16:00 - 12.04.2017 17:00","2222","2247"
"12.04.2017 17:00 - 12.04.2017 18:00","2325","2298"
"12.04.2017 18:00 - 12.04.2017 19:00","2266","2274"
"12.04.2017 19:00 - 12.04.2017 20:00","2157","2143"
"12.04.2017 20:00 - 12.04.2017 21:00","2122","2109"
"12.04.2017 21:00 - 12.04.2017 22:00","2079","2022"
"12.04.2017 22:00 - 12.04.2017 23:00","1935","1869"
"12.04.2017 23:00 - 13.04.2017 00:00","1794","1741"
"13.04.2017 00:00 - 13.04.2017 01:00","1621","1598"
"13.04.2017 01:00 - 13.04.2017 02:00","1524","1522"
"13.04.2017 02:00 - 13.04.2017 03:00","1476","1475"
"13.04.2017 03:00 - 13.04.2017 04:00","1467","1482"
"13.04.2017 04:00 - 13.04.2017 05:00","1510","1538"
"13.04.2017 05:00 - 13.04.2017 06:00","1580","1591"
"13.04.2017 06:00 - 13.04.2017 07:00","1648","1653"
"13.04.2017 07:00 - 13.04.2017 08:00","1784","1796"
"13.04.2017 08:00 - 13.04.2017 09:00","1932","1948"
"13.04.2017 09:00 - 13.04.2017 10:00","2031","2073"
"13.04.2017 10:00 - 13.04.2017 11:00","2114","2153"
"13.04.2017 11:00 - 13.04.2017 12:00","2144","2147"
"13.04.2017 12:00 - 13.04.2017 13:00","2095","2093"
"13.04.2017 13:00 - 13.04.2017 14:00","2014","2013"
"13.04.2017 14:00 - 13.04.2017 15:00","1975","1949"
"13.04.2017 15:00 - 13.04.2017 16:00","1903","1889"
"13.04.2017 16:00 - 13.04.2017 17:00","1854","1855"
"13.04.2017 17:00 - 13.04.2017 18:00","1986","2008"
"13.04.2017 18:00 - 13.04.2017 19:00","2013","2015"
"13.04.2017 19:00 - 13.04.2017 20:00","1923","1904"
"13.04.2017 20:00 - 13.04.2017 21:00","1802","1854"
"13.04.2017 21:00 - 13.04.2017 22:00","1759","1833"
"13.04.2017 22:00 - 13.04.2017 23:00","1699","1703"
"13.04.2017 23:00 - 14.04.2017 00:00","1619","1566"
"14.04.2017 00:00 - 14.04.2017 01:00","1471","1456"
"14.04.2017 01:00 - 14.04.2017 02:00","1404","1422"
"14.04.2017 02:00 - 14.04.2017 03:00","1392","1394"
"14.04.2017 03:00 - 14.04.2017 04:00","1404","1417"
"14.04.2017 04:00 - 14.04.2017 05:00","1450","1463"
"14.04.2017 05:00 - 14.04.2017 06:00","1509","1513"
"14.04.2017 06:00 - 14.04.2017 07:00","1599","1620"
"14.04.2017 07:00 - 14.04.2017 08:00","1773","1775"
"14.04.2017 08:00 - 14.04.2017 09:00","1945","1888"
"14.04.2017 09:00 - 14.04.2017 10:00","1973","1929"
"14.04.2017 10:00 - 14.04.2017 11:00","1992","2009"
"14.04.2017 11:00 - 14.04.2017 12:00","2002","2030"
"14.04.2017 12:00 - 14.04.2017 13:00","1955","2020"
"14.04.2017 13:00 - 14.04.2017 14:00","1897","1940"
"14.04.2017 14:00 - 14.04.2017 15:00","1877","1914"
"14.04.2017 15:00 - 14.04.2017 16:00","1909","1930"
"14.04.2017 16:00 - 14.04.2017 17:00","1952","1981"
"14.04.2017 17:00 - 14.04.2017 18:00","2145","2172"
"14.04.2017 18:00 - 14.04.2017 19:00","2185","2187"
"14.04.2017 19:00 - 14.04.2017 20:00","2114","2081"
"14.04.2017 20:00 - 14.04.2017 21:00","2027","2050"
"14.04.2017 21:00 - 14.04.2017 22:00","1962","2024"
"14.04.2017 22:00 - 14.04.2017 23:00","1840","1884"
"14.04.2017 23:00 - 15.04.2017 00:00","1717","1763"
"15.04.2017 00:00 - 15.04.2017 01:00","1679","1658"
"15.04.2017 01:00 - 15.04.2017 02:00","1603","1579"
"15.04.2017 02:00 - 15.04.2017 03:00","1567","1558"
"15.04.2017 03:00 - 15.04.2017 04:00","1566","1562"
"15.04.2017 04:00 - 15.04.2017 05:00","1583","1568"
"15.04.2017 05:00 - 15.04.2017 06:00","1630","1618"
"15.04.2017 06:00 - 15.04.2017 07:00","1691","1691"
"15.04.2017 07:00 - 15.04.2017 08:00","1844","1840"
"15.04.2017 08:00 - 15.04.2017 09:00","2016","2032"
"15.04.2017 09:00 - 15.04.2017 10:00","2124","2099"
"15.04.2017 10:00 - 15.04.2017 11:00","2146","2098"
"15.04.2017 11:00 - 15.04.2017 12:00","2057","2071"
"15.04.2017 12:00 - 15.04.2017 13:00","2070","2077"
"15.04.2017 13:00 - 15.04.2017 14:00","2038","2031"
"15.04.2017 14:00 - 15.04.2017 15:00","2011","2013"
"15.04.2017 15:00 - 15.04.2017 16:00","2016","2033"
"15.04.2017 16:00 - 15.04.2017 17:00","2048","2017"
"15.04.2017 17:00 - 15.04.2017 18:00","2130","2155"
"15.04.2017 18:00 - 15.04.2017 19:00","2179","2193"
"15.04.2017 19:00 - 15.04.2017 20:00","2123","2142"
"15.04.2017 20:00 - 15.04.2017 21:00","2090","2107"
"15.04.2017 21:00 - 15.04.2017 22:00","2041","2086"
"15.04.2017 22:00 - 15.04.2017 23:00","1896","1947"
"15.04.2017 23:00 - 16.04.2017 00:00","1752","1840"
"16.04.2017 00:00 - 16.04.2017 01:00","1737","1749"
"16.04.2017 01:00 - 16.04.2017 02:00","1677","1688"
"16.04.2017 02:00 - 16.04.2017 03:00","1658","1655"
"16.04.2017 03:00 - 16.04.2017 04:00","1656","1647"
"16.04.2017 04:00 - 16.04.2017 05:00","1658","1660"
"16.04.2017 05:00 - 16.04.2017 06:00","1698","1713"
"16.04.2017 06:00 - 16.04.2017 07:00","1754","1749"
"16.04.2017 07:00 - 16.04.2017 08:00","1854","1881"
"16.04.2017 08:00 - 16.04.2017 09:00","2027","2043"
"16.04.2017 09:00 - 16.04.2017 10:00","2133","2126"
"16.04.2017 10:00 - 16.04.2017 11:00","2167","2149"
"16.04.2017 11:00 - 16.04.2017 12:00","2144","2118"
"16.04.2017 12:00 - 16.04.2017 13:00","2060","2042"
"16.04.2017 13:00 - 16.04.2017 14:00","1983","2010"
"16.04.2017 14:00 - 16.04.2017 15:00","1959","1963"
"16.04.2017 15:00 - 16.04.2017 16:00","1931","1925"
"16.04.2017 16:00 - 16.04.2017 17:00","1958","1975"
"16.04.2017 17:00 - 16.04.2017 18:00","2117","2129"
"16.04.2017 18:00 - 16.04.2017 19:00","2131","2110"
"16.04.2017 19:00 - 16.04.2017 20:00","2049","2061"
"16.04.2017 20:00 - 16.04.2017 21:00","2058","2043"
"16.04.2017 21:00 - 16.04.2017 22:00","2009","2039"
"16.04.2017 22:00 - 16.04.2017 23:00","1883","1920"
"16.04.2017 23:00 - 17.04.2017 00:00","1762","1795"
"17.04.2017 00:00 - 17.04.2017 01:00","1676","1660"
"17.04.2017 01:00 - 17.04.2017 02:00","1594","1578"
"17.04.2017 02:00 - 17.04.2017 03:00","1569","1563"
"17.04.2017 03:00 - 17.04.2017 04:00","1580","1587"
"17.04.2017 04:00 - 17.04.2017 05:00","1623","1635"
"17.04.2017 05:00 - 17.04.2017 06:00","1686","1703"
"17.04.2017 06:00 - 17.04.2017 07:00","1764","1758"
"17.04.2017 07:00 - 17.04.2017 08:00","1891","1884"
"17.04.2017 08:00 - 17.04.2017 09:00","2038","2036"
"17.04.2017 09:00 - 17.04.2017 10:00","2147","2139"
"17.04.2017 10:00 - 17.04.2017 11:00","2184","2174"
"17.04.2017 11:00 - 17.04.2017 12:00","2183","2185"
"17.04.2017 12:00 - 17.04.2017 13:00","2119","2117"
"17.04.2017 13:00 - 17.04.2017 14:00","2038","2056"
"17.04.2017 14:00 - 17.04.2017 15:00","1963","1971"
"17.04.2017 15:00 - 17.04.2017 16:00","1934","1916"
"17.04.2017 16:00 - 17.04.2017 17:00","1971","1954"
"17.04.2017 17:00 - 17.04.2017 18:00","2158","2140"
"17.04.2017 18:00 - 17.04.2017 19:00","2173","2174"
"17.04.2017 19:00 - 17.04.2017 20:00","2084","2064"
"17.04.2017 20:00 - 17.04.2017 21:00","2061","2040"
"17.04.2017 21:00 - 17.04.2017 22:00","1986","1981"
"17.04.2017 22:00 - 17.04.2017 23:00","1854","1830"
"17.04.2017 23:00 - 18.04.2017 00:00","1759","1687"
"18.04.2017 00:00 - 18.04.2017 01:00","1628","1641"
"18.04.2017 01:00 - 18.04.2017 02:00","1591","1641"
"18.04.2017 02:00 - 18.04.2017 03:00","1620","1685"
"18.04.2017 03:00 - 18.04.2017 04:00","1704","1724"
"18.04.2017 04:00 - 18.04.2017 05:00","1767","1763"
"18.04.2017 05:00 - 18.04.2017 06:00","1934","1898"
"18.04.2017 06:00 - 18.04.2017 07:00","2273","2228"
"18.04.2017 07:00 - 18.04.2017 08:00","2644","2585"
"18.04.2017 08:00 - 18.04.2017 09:00","2682","2673"
"18.04.2017 09:00 - 18.04.2017 10:00","2710","2671"
"18.04.2017 10:00 - 18.04.2017 11:00","2741","2701"
"18.04.2017 11:00 - 18.04.2017 12:00","2732","2705"
"18.04.2017 12:00 - 18.04.2017 13:00","2640","2644"
"18.04.2017 13:00 - 18.04.2017 14:00","2656","2648"
"18.04.2017 14:00 - 18.04.2017 15:00","2585","2567"
"18.04.2017 15:00 - 18.04.2017 16:00","2470","2470"
"18.04.2017 16:00 - 18.04.2017 17:00","2438","2453"
"18.04.2017 17:00 - 18.04.2017 18:00","2557","2581"
"18.04.2017 18:00 - 18.04.2017 19:00","2493","2519"
"18.04.2017 19:00 - 18.04.2017 20:00","2384","2443"
"18.04.2017 20:00 - 18.04.2017 21:00","2375","2401"
"18.04.2017 21:00 - 18.04.2017 22:00","2341","2372"
"18.04.2017 22:00 - 18.04.2017 23:00","2181","2230"
"18.04.2017 23:00 - 19.04.2017 00:00","2026","2066"
"19.04.2017 00:00 - 19.04.2017 01:00","1929","1935"
"19.04.2017 01:00 - 19.04.2017 02:00","1873","1900"
"19.04.2017 02:00 - 19.04.2017 03:00","1868","1891"
"19.04.2017 03:00 - 19.04.2017 04:00","1880","1894"
"19.04.2017 04:00 - 19.04.2017 05:00","1927","1954"
"19.04.2017 05:00 - 19.04.2017 06:00","2107","2117"
"19.04.2017 06:00 - 19.04.2017 07:00","2420","2419"
"19.04.2017 07:00 - 19.04.2017 08:00","2737","2728"
"19.04.2017 08:00 - 19.04.2017 09:00","2853","2833"
"19.04.2017 09:00 - 19.04.2017 10:00","2835","2804"
"19.04.2017 10:00 - 19.04.2017 11:00","2877","2844"
"19.04.2017 11:00 - 19.04.2017 12:00","2835","2821"
"19.04.2017 12:00 - 19.04.2017 13:00","2730","2734"
"19.04.2017 13:00 - 19.04.2017 14:00","2736","2754"
"19.04.2017 14:00 - 19.04.2017 15:00","2719","2680"
"19.04.2017 15:00 - 19.04.2017 16:00","2601","2600"
"19.04.2017 16:00 - 19.04.2017 17:00","2510","2504"
"19.04.2017 17:00 - 19.04.2017 18:00","2602","2601"
"19.04.2017 18:00 - 19.04.2017 19:00","2532","2545"
"19.04.2017 19:00 - 19.04.2017 20:00","2433","2447"
"19.04.2017 20:00 - 19.04.2017 21:00","2423","2421"
"19.04.2017 21:00 - 19.04.2017 22:00","2444","2359"
"19.04.2017 22:00 - 19.04.2017 23:00","2316","2181"
"19.04.2017 23:00 - 20.04.2017 00:00","2144","1977"
"20.04.2017 00:00 - 20.04.2017 01:00","1874","1869"
"20.04.2017 01:00 - 20.04.2017 02:00","1800","1813"
"20.04.2017 02:00 - 20.04.2017 03:00","1773","1797"
"20.04.2017 03:00 - 20.04.2017 04:00","1795","1800"
"20.04.2017 04:00 - 20.04.2017 05:00","1838","1820"
"20.04.2017 05:00 - 20.04.2017 06:00","1963","1969"
"20.04.2017 06:00 - 20.04.2017 07:00","2256","2258"
"20.04.2017 07:00 - 20.04.2017 08:00","2610","2601"
"20.04.2017 08:00 - 20.04.2017 09:00","2736","2668"
"20.04.2017 09:00 - 20.04.2017 10:00","2698","2650"
"20.04.2017 10:00 - 20.04.2017 11:00","2731","2690"
"20.04.2017 11:00 - 20.04.2017 12:00","2691","2663"
"20.04.2017 12:00 - 20.04.2017 13:00","2601","2590"
"20.04.2017 13:00 - 20.04.2017 14:00","2609","2582"
"20.04.2017 14:00 - 20.04.2017 15:00","2543","2503"
"20.04.2017 15:00 - 20.04.2017 16:00","2395","2352"
"20.04.2017 16:00 - 20.04.2017 17:00","2291","2335"
"20.04.2017 17:00 - 20.04.2017 18:00","2443","2438"
"20.04.2017 18:00 - 20.04.2017 19:00","2364","2373"
"20.04.2017 19:00 - 20.04.2017 20:00","2262","2274"
"20.04.2017 20:00 - 20.04.2017 21:00","2188","2226"
"20.04.2017 21:00 - 20.04.2017 22:00","2207","2153"
"20.04.2017 22:00 - 20.04.2017 23:00","2064","1992"
"20.04.2017 23:00 - 21.04.2017 00:00","1894","1796"
"21.04.2017 00:00 - 21.04.2017 01:00","1669","1684"
"21.04.2017 01:00 - 21.04.2017 02:00","1603","1633"
"21.04.2017 02:00 - 21.04.2017 03:00","1568","1618"
"21.04.2017 03:00 - 21.04.2017 04:00","1607","1624"
"21.04.2017 04:00 - 21.04.2017 05:00","1671","1658"
"21.04.2017 05:00 - 21.04.2017 06:00","1807","1796"
"21.04.2017 06:00 - 21.04.2017 07:00","2138","2089"
"21.04.2017 07:00 - 21.04.2017 08:00","2484","2451"
"21.04.2017 08:00 - 21.04.2017 09:00","2600","2546"
"21.04.2017 09:00 - 21.04.2017 10:00","2565","2535"
"21.04.2017 10:00 - 21.04.2017 11:00","2604","2571"
"21.04.2017 11:00 - 21.04.2017 12:00","2548","2541"
"21.04.2017 12:00 - 21.04.2017 13:00","2441","2407"
"21.04.2017 13:00 - 21.04.2017 14:00","2337","2371"
"21.04.2017 14:00 - 21.04.2017 15:00","2250","2256"
"21.04.2017 15:00 - 21.04.2017 16:00","2099","2104"
"21.04.2017 16:00 - 21.04.2017 17:00","2106","2127"
"21.04.2017 17:00 - 21.04.2017 18:00","2300","2302"
"21.04.2017 18:00 - 21.04.2017 19:00","2251","2246"
"21.04.2017 19:00 - 21.04.2017 20:00","2071","2104"
"21.04.2017 20:00 - 21.04.2017 21:00","1946","1987"
"21.04.2017 21:00 - 21.04.2017 22:00","1922","1990"
"21.04.2017 22:00 - 21.04.2017 23:00","1783","1896"
"21.04.2017 23:00 - 22.04.2017 00:00","1645","1750"
"22.04.2017 00:00 - 22.04.2017 01:00","1691","1724"
"22.04.2017 01:00 - 22.04.2017 02:00","1661","1683"
"22.04.2017 02:00 - 22.04.2017 03:00","1613","1632"
"22.04.2017 03:00 - 22.04.2017 04:00","1616","1649"
"22.04.2017 04:00 - 22.04.2017 05:00","1642","1652"
"22.04.2017 05:00 - 22.04.2017 06:00","1685","1704"
"22.04.2017 06:00 - 22.04.2017 07:00","1759","1727"
"22.04.2017 07:00 - 22.04.2017 08:00","1845","1787"
"22.04.2017 08:00 - 22.04.2017 09:00","1946","1886"
"22.04.2017 09:00 - 22.04.2017 10:00","2037","2036"
"22.04.2017 10:00 - 22.04.2017 11:00","2123","2183"
"22.04.2017 11:00 - 22.04.2017 12:00","2200","2181"
"22.04.2017 12:00 - 22.04.2017 13:00","2136","2114"
"22.04.2017 13:00 - 22.04.2017 14:00","2103","2062"
"22.04.2017 14:00 - 22.04.2017 15:00","2033","2035"
"22.04.2017 15:00 - 22.04.2017 16:00","1963","1946"
"22.04.2017 16:00 - 22.04.2017 17:00","1996","1988"
"22.04.2017 17:00 - 22.04.2017 18:00","2118","2054"
"22.04.2017 18:00 - 22.04.2017 19:00","2031","2009"
"22.04.2017 19:00 - 22.04.2017 20:00","1889","1869"
"22.04.2017 20:00 - 22.04.2017 21:00","1807","1829"
"22.04.2017 21:00 - 22.04.2017 22:00","1801","1884"
"22.04.2017 22:00 - 22.04.2017 23:00","1719","1796"
"22.04.2017 23:00 - 23.04.2017 00:00","1628","1678"
"23.04.2017 00:00 - 23.04.2017 01:00","1587","1595"
"23.04.2017 01:00 - 23.04.2017 02:00","1529","1546"
"23.04.2017 02:00 - 23.04.2017 03:00","1496","1504"
"23.04.2017 03:00 - 23.04.2017 04:00","1478","1480"
"23.04.2017 04:00 - 23.04.2017 05:00","1486","1505"
"23.04.2017 05:00 - 23.04.2017 06:00","1544","1551"
"23.04.2017 06:00 - 23.04.2017 07:00","1612","1608"
"23.04.2017 07:00 - 23.04.2017 08:00","1724","1698"
"23.04.2017 08:00 - 23.04.2017 09:00","1848","1810"
"23.04.2017 09:00 - 23.04.2017 10:00","1924","1947"
"23.04.2017 10:00 - 23.04.2017 11:00","1993","2007"
"23.04.2017 11:00 - 23.04.2017 12:00","2029","2008"
"23.04.2017 12:00 - 23.04.2017 13:00","1959","1950"
"23.04.2017 13:00 - 23.04.2017 14:00","1941","1942"
"23.04.2017 14:00 - 23.04.2017 15:00","1908","1908"
"23.04.2017 15:00 - 23.04.2017 16:00","1891","1890"
"23.04.2017 16:00 - 23.04.2017 17:00","1885","1856"
"23.04.2017 17:00 - 23.04.2017 18:00","2015","2005"
"23.04.2017 18:00 - 23.04.2017 19:00","2007","1998"
"23.04.2017 19:00 - 23.04.2017 20:00","1902","1873"
"23.04.2017 20:00 - 23.04.2017 21:00","1859","1893"
"23.04.2017 21:00 - 23.04.2017 22:00","1920","1975"
"23.04.2017 22:00 - 23.04.2017 23:00","1809","1914"
"23.04.2017 23:00 - 24.04.2017 00:00","1697","1763"
"24.04.2017 00:00 - 24.04.2017 01:00","1683","1678"
"24.04.2017 01:00 - 24.04.2017 02:00","1640","1657"
"24.04.2017 02:00 - 24.04.2017 03:00","1632","1606"
"24.04.2017 03:00 - 24.04.2017 04:00","1606","1571"
"24.04.2017 04:00 - 24.04.2017 05:00","1642","1625"
"24.04.2017 05:00 - 24.04.2017 06:00","1776","1751"
"24.04.2017 06:00 - 24.04.2017 07:00","2136","2071"
"24.04.2017 07:00 - 24.04.2017 08:00","2496","2518"
"24.04.2017 08:00 - 24.04.2017 09:00","2656","2478"
"24.04.2017 09:00 - 24.04.2017 10:00","2440","2354"
"24.04.2017 10:00 - 24.04.2017 11:00","2448","2403"
"24.04.2017 11:00 - 24.04.2017 12:00","2482","2481"
"24.04.2017 12:00 - 24.04.2017 13:00","2438","2334"
"24.04.2017 13:00 - 24.04.2017 14:00","2360","2339"
"24.04.2017 14:00 - 24.04.2017 15:00","2318","2303"
"24.04.2017 15:00 - 24.04.2017 16:00","2052","1944"
"24.04.2017 16:00 - 24.04.2017 17:00","1905","1879"
"24.04.2017 17:00 - 24.04.2017 18:00","2029","2003"
"24.04.2017 18:00 - 24.04.2017 19:00","1925","1908"
"24.04.2017 19:00 - 24.04.2017 20:00","1813","1839"
"24.04.2017 20:00 - 24.04.2017 21:00","1804","1859"
"24.04.2017 21:00 - 24.04.2017 22:00","1830","1938"
"24.04.2017 22:00 - 24.04.2017 23:00","1710","1833"
"24.04.2017 23:00 - 25.04.2017 00:00","1555","1672"
"25.04.2017 00:00 - 25.04.2017 01:00","1547","1578"
"25.04.2017 01:00 - 25.04.2017 02:00","1465","1527"
"25.04.2017 02:00 - 25.04.2017 03:00","1453","1507"
"25.04.2017 03:00 - 25.04.2017 04:00","1530","1566"
"25.04.2017 04:00 - 25.04.2017 05:00","1622","1643"
"25.04.2017 05:00 - 25.04.2017 06:00","1799","1778"
"25.04.2017 06:00 - 25.04.2017 07:00","2099","2103"
"25.04.2017 07:00 - 25.04.2017 08:00","2454","2455"
"25.04.2017 08:00 - 25.04.2017 09:00","2600","2630"
"25.04.2017 09:00 - 25.04.2017 10:00","2612","2689"
"25.04.2017 10:00 - 25.04.2017 11:00","2758","2822"
"25.04.2017 11:00 - 25.04.2017 12:00","2759","2766"
"25.04.2017 12:00 - 25.04.2017 13:00","2691","2666"
"25.04.2017 13:00 - 25.04.2017 14:00","2666","2650"
"25.04.2017 14:00 - 25.04.2017 15:00","2630","2670"
"25.04.2017 15:00 - 25.04.2017 16:00","2554","2542"
"25.04.2017 16:00 - 25.04.2017 17:00","2476","2476"
"25.04.2017 17:00 - 25.04.2017 18:00","2592","2625"
"25.04.2017 18:00 - 25.04.2017 19:00","2520","2545"
"25.04.2017 19:00 - 25.04.2017 20:00","2422","2445"
"25.04.2017 20:00 - 25.04.2017 21:00","2377","2367"
"25.04.2017 21:00 - 25.04.2017 22:00","2355","2362"
"25.04.2017 22:00 - 25.04.2017 23:00","2202","2190"
"25.04.2017 23:00 - 26.04.2017 00:00","2035","2040"
"26.04.2017 00:00 - 26.04.2017 01:00","1919","1919"
"26.04.2017 01:00 - 26.04.2017 02:00","1851","1865"
"26.04.2017 02:00 - 26.04.2017 03:00","1851","1864"
"26.04.2017 03:00 - 26.04.2017 04:00","1892","1887"
"26.04.2017 04:00 - 26.04.2017 05:00","1946","1959"
"26.04.2017 05:00 - 26.04.2017 06:00","2085","2094"
"26.04.2017 06:00 - 26.04.2017 07:00","2337","2419"
"26.04.2017 07:00 - 26.04.2017 08:00","2704","2765"
"26.04.2017 08:00 - 26.04.2017 09:00","2844","2842"
"26.04.2017 09:00 - 26.04.2017 10:00","2830","2820"
"26.04.2017 10:00 - 26.04.2017 11:00","2879","2888"
"26.04.2017 11:00 - 26.04.2017 12:00","2863","2866"
"26.04.2017 12:00 - 26.04.2017 13:00","2789","2808"
"26.04.2017 13:00 - 26.04.2017 14:00","2800","2798"
"26.04.2017 14:00 - 26.04.2017 15:00","2729","2757"
"26.04.2017 15:00 - 26.04.2017 16:00","2650","2700"
"26.04.2017 16:00 - 26.04.2017 17:00","2649","2693"
"26.04.2017 17:00 - 26.04.2017 18:00","2800","2818"
"26.04.2017 18:00 - 26.04.2017 19:00","2690","2659"
"26.04.2017 19:00 - 26.04.2017 20:00","2547","2526"
"26.04.2017 20:00 - 26.04.2017 21:00","2439","2393"
"26.04.2017 21:00 - 26.04.2017 22:00","2434","2351"
"26.04.2017 22:00 - 26.04.2017 23:00","2342","2220"
"26.04.2017 23:00 - 27.04.2017 00:00","2199","2031"
"27.04.2017 00:00 - 27.04.2017 01:00","1887","1894"
"27.04.2017 01:00 - 27.04.2017 02:00","1797","1827"
"27.04.2017 02:00 - 27.04.2017 03:00","1795","1809"
"27.04.2017 03:00 - 27.04.2017 04:00","1818","1823"
"27.04.2017 04:00 - 27.04.2017 05:00","1886","1890"
"27.04.2017 05:00 - 27.04.2017 06:00","2038","2011"
"27.04.2017 06:00 - 27.04.2017 07:00","2310","2309"
"27.04.2017 07:00 - 27.04.2017 08:00","2674","2657"
"27.04.2017 08:00 - 27.04.2017 09:00","2793","2766"
"27.04.2017 09:00 - 27.04.2017 10:00","2803","2783"
"27.04.2017 10:00 - 27.04.2017 11:00","2825","2782"
"27.04.2017 11:00 - 27.04.2017 12:00","2769","2758"
"27.04.2017 12:00 - 27.04.2017 13:00","2706","2764"
"27.04.2017 13:00 - 27.04.2017 14:00","2812","2818"
"27.04.2017 14:00 - 27.04.2017 15:00","2765","2348"
"27.04.2017 15:00 - 27.04.2017 16:00","2636","1703"
"27.04.2017 16:00 - 27.04.2017 17:00","2571","1608"
"27.04.2017 17:00 - 27.04.2017 18:00","2686","1662"
"27.04.2017 18:00 - 27.04.2017 19:00","2585","1990"
"27.04.2017 19:00 - 27.04.2017 20:00","2458","2434"
"27.04.2017 20:00 - 27.04.2017 21:00","2371","2352"
"27.04.2017 21:00 - 27.04.2017 22:00","2349","2314"
"27.04.2017 22:00 - 27.04.2017 23:00","2227","2159"
"27.04.2017 23:00 - 28.04.2017 00:00","2055","1994"
"28.04.2017 00:00 - 28.04.2017 01:00","1849","1885"
"28.04.2017 01:00 - 28.04.2017 02:00","1796","1853"
"28.04.2017 02:00 - 28.04.2017 03:00","1768","1833"
"28.04.2017 03:00 - 28.04.2017 04:00","1823","1824"
"28.04.2017 04:00 - 28.04.2017 05:00","1867","1870"
"28.04.2017 05:00 - 28.04.2017 06:00","2000","1990"
"28.04.2017 06:00 - 28.04.2017 07:00","2270","2304"
"28.04.2017 07:00 - 28.04.2017 08:00","2600","2681"
"28.04.2017 08:00 - 28.04.2017 09:00","2784","2775"
"28.04.2017 09:00 - 28.04.2017 10:00","2781","2754"
"28.04.2017 10:00 - 28.04.2017 11:00","2766","2766"
"28.04.2017 11:00 - 28.04.2017 12:00","2716","2754"
"28.04.2017 12:00 - 28.04.2017 13:00","2629","2635"
"28.04.2017 13:00 - 28.04.2017 14:00","2553","2535"
"28.04.2017 14:00 - 28.04.2017 15:00","2434","2434"
"28.04.2017 15:00 - 28.04.2017 16:00","2344","2361"
"28.04.2017 16:00 - 28.04.2017 17:00","2344","2359"
"28.04.2017 17:00 - 28.04.2017 18:00","2452","2483"
"28.04.2017 18:00 - 28.04.2017 19:00","2427","2461"
"28.04.2017 19:00 - 28.04.2017 20:00","2337","2328"
"28.04.2017 20:00 - 28.04.2017 21:00","2238","2214"
"28.04.2017 21:00 - 28.04.2017 22:00","2266","2194"
"28.04.2017 22:00 - 28.04.2017 23:00","2171","2091"
"28.04.2017 23:00 - 29.04.2017 00:00","2018","1953"
"29.04.2017 00:00 - 29.04.2017 01:00","1808","1796"
"29.04.2017 01:00 - 29.04.2017 02:00","1692","1726"
"29.04.2017 02:00 - 29.04.2017 03:00","1672","1688"
"29.04.2017 03:00 - 29.04.2017 04:00","1666","1672"
"29.04.2017 04:00 - 29.04.2017 05:00","1676","1667"
"29.04.2017 05:00 - 29.04.2017 06:00","1675","1652"
"29.04.2017 06:00 - 29.04.2017 07:00","1748","1754"
"29.04.2017 07:00 - 29.04.2017 08:00","1931","1902"
"29.04.2017 08:00 - 29.04.2017 09:00","2068","2035"
"29.04.2017 09:00 - 29.04.2017 10:00","2136","2114"
"29.04.2017 10:00 - 29.04.2017 11:00","2158","2162"
"29.04.2017 11:00 - 29.04.2017 12:00","2172","2181"
"29.04.2017 12:00 - 29.04.2017 13:00","2128","2120"
"29.04.2017 13:00 - 29.04.2017 14:00","2080","2039"
"29.04.2017 14:00 - 29.04.2017 15:00","1995","1973"
"29.04.2017 15:00 - 29.04.2017 16:00","1947","1950"
"29.04.2017 16:00 - 29.04.2017 17:00","1989","1984"
"29.04.2017 17:00 - 29.04.2017 18:00","2143","2155"
"29.04.2017 18:00 - 29.04.2017 19:00","2149","2165"
"29.04.2017 19:00 - 29.04.2017 20:00","2007","2066"
"29.04.2017 20:00 - 29.04.2017 21:00","1973","2001"
"29.04.2017 21:00 - 29.04.2017 22:00","1986","2002"
"29.04.2017 22:00 - 29.04.2017 23:00","1875","1924"
"29.04.2017 23:00 - 30.04.2017 00:00","1717","1785"
"30.04.2017 00:00 - 30.04.2017 01:00","1664","1681"
"30.04.2017 01:00 - 30.04.2017 02:00","1583","1619"
"30.04.2017 02:00 - 30.04.2017 03:00","1565","1599"
"30.04.2017 03:00 - 30.04.2017 04:00","1584","1594"
"30.04.2017 04:00 - 30.04.2017 05:00","1589","1607"
"30.04.2017 05:00 - 30.04.2017 06:00","1599","1636"
"30.04.2017 06:00 - 30.04.2017 07:00","1676","1683"
"30.04.2017 07:00 - 30.04.2017 08:00","1820","1813"
"30.04.2017 08:00 - 30.04.2017 09:00","1970","1946"
"30.04.2017 09:00 - 30.04.2017 10:00","2034","2012"
"30.04.2017 10:00 - 30.04.2017 11:00","2028","1992"
"30.04.2017 11:00 - 30.04.2017 12:00","1999","1944"
"30.04.2017 12:00 - 30.04.2017 13:00","1906","1878"
"30.04.2017 13:00 - 30.04.2017 14:00","1856","1819"
"30.04.2017 14:00 - 30.04.2017 15:00","1809","1789"
"30.04.2017 15:00 - 30.04.2017 16:00","1778","1767"
"30.04.2017 16:00 - 30.04.2017 17:00","1824","1816"
"30.04.2017 17:00 - 30.04.2017 18:00","1993","1988"
"30.04.2017 18:00 - 30.04.2017 19:00","1991","1999"
"30.04.2017 19:00 - 30.04.2017 20:00","1910","1903"
"30.04.2017 20:00 - 30.04.2017 21:00","1852","1845"
"30.04.2017 21:00 - 30.04.2017 22:00","1870","1845"
"30.04.2017 22:00 - 30.04.2017 23:00","1774","1782"
"30.04.2017 23:00 - 01.05.2017 00:00","1650","1633"
"01.05.2017 00:00 - 01.05.2017 01:00","1542","1532"
"01.05.2017 01:00 - 01.05.2017 02:00","1473","1478"
"01.05.2017 02:00 - 01.05.2017 03:00","1471","1474"
"01.05.2017 03:00 - 01.05.2017 04:00","1495","1486"
"01.05.2017 04:00 - 01.05.2017 05:00","1531","1551"
"01.05.2017 05:00 - 01.05.2017 06:00","1648","1627"
"01.05.2017 06:00 - 01.05.2017 07:00","1857","1860"
"01.05.2017 07:00 - 01.05.2017 08:00","2138","2161"
"01.05.2017 08:00 - 01.05.2017 09:00","2282","2270"
"01.05.2017 09:00 - 01.05.2017 10:00","2262","2217"
"01.05.2017 10:00 - 01.05.2017 11:00","2268","2233"
"01.05.2017 11:00 - 01.05.2017 12:00","2245","2246"
"01.05.2017 12:00 - 01.05.2017 13:00","2192","2173"
"01.05.2017 13:00 - 01.05.2017 14:00","2207","2204"
"01.05.2017 14:00 - 01.05.2017 15:00","2164","2158"
"01.05.2017 15:00 - 01.05.2017 16:00","2011","1975"
"01.05.2017 16:00 - 01.05.2017 17:00","1962","1976"
"01.05.2017 17:00 - 01.05.2017 18:00","2092","2107"
"01.05.2017 18:00 - 01.05.2017 19:00","2046","2068"
"01.05.2017 19:00 - 01.05.2017 20:00","1979","2022"
"01.05.2017 20:00 - 01.05.2017 21:00","2010","1986"
"01.05.2017 21:00 - 01.05.2017 22:00","2060","1991"
"01.05.2017 22:00 - 01.05.2017 23:00","2020","1877"
"01.05.2017 23:00 - 02.05.2017 00:00","1908","1714"
"02.05.2017 00:00 - 02.05.2017 01:00","1637","1648"
"02.05.2017 01:00 - 02.05.2017 02:00","1593","1628"
"02.05.2017 02:00 - 02.05.2017 03:00","1640","1653"
"02.05.2017 03:00 - 02.05.2017 04:00","1698","1684"
"02.05.2017 04:00 - 02.05.2017 05:00","1761","1749"
"02.05.2017 05:00 - 02.05.2017 06:00","1877","1848"
"02.05.2017 06:00 - 02.05.2017 07:00","2149","2132"
"02.05.2017 07:00 - 02.05.2017 08:00","2484","2473"
"02.05.2017 08:00 - 02.05.2017 09:00","2594","2544"
"02.05.2017 09:00 - 02.05.2017 10:00","2543","2477"
"02.05.2017 10:00 - 02.05.2017 11:00","2490","2444"
"02.05.2017 11:00 - 02.05.2017 12:00","2454","2459"
"02.05.2017 12:00 - 02.05.2017 13:00","2423","2423"
"02.05.2017 13:00 - 02.05.2017 14:00","2428","2392"
"02.05.2017 14:00 - 02.05.2017 15:00","2346","2344"
"02.05.2017 15:00 - 02.05.2017 16:00","2261","2277"
"02.05.2017 16:00 - 02.05.2017 17:00","2230","2259"
"02.05.2017 17:00 - 02.05.2017 18:00","2359","2427"
"02.05.2017 18:00 - 02.05.2017 19:00","2352","2349"
"02.05.2017 19:00 - 02.05.2017 20:00","2213","2172"
"02.05.2017 20:00 - 02.05.2017 21:00","2112","2135"
"02.05.2017 21:00 - 02.05.2017 22:00","2119","2130"
"02.05.2017 22:00 - 02.05.2017 23:00","2044","2010"
"02.05.2017 23:00 - 03.05.2017 00:00","1892","1841"
"03.05.2017 00:00 - 03.05.2017 01:00","1708","1736"
"03.05.2017 01:00 - 03.05.2017 02:00","1641","1691"
"03.05.2017 02:00 - 03.05.2017 03:00","1697","1703"
"03.05.2017 03:00 - 03.05.2017 04:00","1723","1706"
"03.05.2017 04:00 - 03.05.2017 05:00","1748","1726"
"03.05.2017 05:00 - 03.05.2017 06:00","1845","1827"
"03.05.2017 06:00 - 03.05.2017 07:00","2111","2141"
"03.05.2017 07:00 - 03.05.2017 08:00","2464","2467"
"03.05.2017 08:00 - 03.05.2017 09:00","2587","2556"
"03.05.2017 09:00 - 03.05.2017 10:00","2564","2543"
"03.05.2017 10:00 - 03.05.2017 11:00","2600","2582"
"03.05.2017 11:00 - 03.05.2017 12:00","2561","2547"
"03.05.2017 12:00 - 03.05.2017 13:00","2476","2492"
"03.05.2017 13:00 - 03.05.2017 14:00","2523","2505"
"03.05.2017 14:00 - 03.05.2017 15:00","2455","2434"
"03.05.2017 15:00 - 03.05.2017 16:00","2319","2329"
"03.05.2017 16:00 - 03.05.2017 17:00","2305","2315"
"03.05.2017 17:00 - 03.05.2017 18:00","2412","2403"
"03.05.2017 18:00 - 03.05.2017 19:00","2305","2320"
"03.05.2017 19:00 - 03.05.2017 20:00","2228","2246"
"03.05.2017 20:00 - 03.05.2017 21:00","2169","2136"
"03.05.2017 21:00 - 03.05.2017 22:00","2131","2113"
"03.05.2017 22:00 - 03.05.2017 23:00","2054","2013"
"03.05.2017 23:00 - 04.05.2017 00:00","1892","1840"
"04.05.2017 00:00 - 04.05.2017 01:00","1688","1714"
"04.05.2017 01:00 - 04.05.2017 02:00","1625","1675"
"04.05.2017 02:00 - 04.05.2017 03:00","1658","1693"
"04.05.2017 03:00 - 04.05.2017 04:00","1697","1700"
"04.05.2017 04:00 - 04.05.2017 05:00","1706","1682"
"04.05.2017 05:00 - 04.05.2017 06:00","1795","1786"
"04.05.2017 06:00 - 04.05.2017 07:00","2111","2154"
"04.05.2017 07:00 - 04.05.2017 08:00","2460","2426"
"04.05.2017 08:00 - 04.05.2017 09:00","2461","2407"
"04.05.2017 09:00 - 04.05.2017 10:00","2413","2385"
"04.05.2017 10:00 - 04.05.2017 11:00","2439","2424"
"04.05.2017 11:00 - 04.05.2017 12:00","2408","2370"
"04.05.2017 12:00 - 04.05.2017 13:00","2309","2307"
"04.05.2017 13:00 - 04.05.2017 14:00","2342","2353"
"04.05.2017 14:00 - 04.05.2017 15:00","2293","2281"
"04.05.2017 15:00 - 04.05.2017 16:00","2178","2164"
"04.05.2017 16:00 - 04.05.2017 17:00","2108","2133"
"04.05.2017 17:00 - 04.05.2017 18:00","2208","2226"
"04.05.2017 18:00 - 04.05.2017 19:00","2161","2198"
"04.05.2017 19:00 - 04.05.2017 20:00","2090","2121"
"04.05.2017 20:00 - 04.05.2017 21:00","2059","2075"
"04.05.2017 21:00 - 04.05.2017 22:00","2062","2055"
"04.05.2017 22:00 - 04.05.2017 23:00","1976","1970"
"04.05.2017 23:00 - 05.05.2017 00:00","1817","1835"
"05.05.2017 00:00 - 05.05.2017 01:00","1700","1704"
"05.05.2017 01:00 - 05.05.2017 02:00","1628","1654"
"05.05.2017 02:00 - 05.05.2017 03:00","1642","1649"
"05.05.2017 03:00 - 05.05.2017 04:00","1654","1638"
"05.05.2017 04:00 - 05.05.2017 05:00","1662","1686"
"05.05.2017 05:00 - 05.05.2017 06:00","1777","1773"
"05.05.2017 06:00 - 05.05.2017 07:00","2072","2082"
"05.05.2017 07:00 - 05.05.2017 08:00","2417","2405"
"05.05.2017 08:00 - 05.05.2017 09:00","2506","2476"
"05.05.2017 09:00 - 05.05.2017 10:00","2444","2427"
"05.05.2017 10:00 - 05.05.2017 11:00","2492","2486"
"05.05.2017 11:00 - 05.05.2017 12:00","2457","2463"
"05.05.2017 12:00 - 05.05.2017 13:00","2363","2359"
"05.05.2017 13:00 - 05.05.2017 14:00","2298","2309"
"05.05.2017 14:00 - 05.05.2017 15:00","2211","2225"
"05.05.2017 15:00 - 05.05.2017 16:00","2151","2170"
"05.05.2017 16:00 - 05.05.2017 17:00","2164","2201"
"05.05.2017 17:00 - 05.05.2017 18:00","2287","2337"
"05.05.2017 18:00 - 05.05.2017 19:00","2298","2322"
"05.05.2017 19:00 - 05.05.2017 20:00","2173","2192"
"05.05.2017 20:00 - 05.05.2017 21:00","2065","2072"
"05.05.2017 21:00 - 05.05.2017 22:00","2044","2038"
"05.05.2017 22:00 - 05.05.2017 23:00","1980","1926"
"05.05.2017 23:00 - 06.05.2017 00:00","1827","1777"
"06.05.2017 00:00 - 06.05.2017 01:00","1636","1668"
"06.05.2017 01:00 - 06.05.2017 02:00","1552","1597"
"06.05.2017 02:00 - 06.05.2017 03:00","1503","1563"
"06.05.2017 03:00 - 06.05.2017 04:00","1531","1552"
"06.05.2017 04:00 - 06.05.2017 05:00","1549","1578"
"06.05.2017 05:00 - 06.05.2017 06:00","1544","1586"
"06.05.2017 06:00 - 06.05.2017 07:00","1646","1687"
"06.05.2017 07:00 - 06.05.2017 08:00","1847","1870"
"06.05.2017 08:00 - 06.05.2017 09:00","2028","2049"
"06.05.2017 09:00 - 06.05.2017 10:00","2141","2104"
"06.05.2017 10:00 - 06.05.2017 11:00","2143","2139"
"06.05.2017 11:00 - 06.05.2017 12:00","2119","2101"
"06.05.2017 12:00 - 06.05.2017 13:00","2046","2014"
"06.05.2017 13:00 - 06.05.2017 14:00","1969","1964"
"06.05.2017 14:00 - 06.05.2017 15:00","1907","1893"
"06.05.2017 15:00 - 06.05.2017 16:00","1875","1872"
"06.05.2017 16:00 - 06.05.2017 17:00","1904","1894"
"06.05.2017 17:00 - 06.05.2017 18:00","1984","2002"
"06.05.2017 18:00 - 06.05.2017 19:00","1996","2016"
"06.05.2017 19:00 - 06.05.2017 20:00","1923","1933"
"06.05.2017 20:00 - 06.05.2017 21:00","1823","1848"
"06.05.2017 21:00 - 06.05.2017 22:00","1813","1823"
"06.05.2017 22:00 - 06.05.2017 23:00","1756","1780"
"06.05.2017 23:00 - 07.05.2017 00:00","1638","1647"
"07.05.2017 00:00 - 07.05.2017 01:00","1534","1551"
"07.05.2017 01:00 - 07.05.2017 02:00","1474","1516"
"07.05.2017 02:00 - 07.05.2017 03:00","1483","1501"
"07.05.2017 03:00 - 07.05.2017 04:00","1494","1502"
"07.05.2017 04:00 - 07.05.2017 05:00","1517","1520"
"07.05.2017 05:00 - 07.05.2017 06:00","1523","1516"
"07.05.2017 06:00 - 07.05.2017 07:00","1585","1583"
"07.05.2017 07:00 - 07.05.2017 08:00","1698","1718"
"07.05.2017 08:00 - 07.05.2017 09:00","1893","1879"
"07.05.2017 09:00 - 07.05.2017 10:00","1965","1946"
"07.05.2017 10:00 - 07.05.2017 11:00","1978","1950"
"07.05.2017 11:00 - 07.05.2017 12:00","1936","1931"
"07.05.2017 12:00 - 07.05.2017 13:00","1902","1915"
"07.05.2017 13:00 - 07.05.2017 14:00","1879","1883"
"07.05.2017 14:00 - 07.05.2017 15:00","1857","1854"
"07.05.2017 15:00 - 07.05.2017 16:00","1828","1821"
"07.05.2017 16:00 - 07.05.2017 17:00","1847","1880"
"07.05.2017 17:00 - 07.05.2017 18:00","2010","2053"
"07.05.2017 18:00 - 07.05.2017 19:00","2034","2038"
"07.05.2017 19:00 - 07.05.2017 20:00","1932","1929"
"07.05.2017 20:00 - 07.05.2017 21:00","1861","1842"
"07.05.2017 21:00 - 07.05.2017 22:00","1871","1795"
"07.05.2017 22:00 - 07.05.2017 23:00","1849","1720"
"07.05.2017 23:00 - 08.05.2017 00:00","1768","1595"
"08.05.2017 00:00 - 08.05.2017 01:00","1501","1456"
"08.05.2017 01:00 - 08.05.2017 02:00","1422","1432"
"08.05.2017 02:00 - 08.05.2017 03:00","1446","1402"
"08.05.2017 03:00 - 08.05.2017 04:00","1421","1376"
"08.05.2017 04:00 - 08.05.2017 05:00","1458","1425"
"08.05.2017 05:00 - 08.05.2017 06:00","1538","1496"
"08.05.2017 06:00 - 08.05.2017 07:00","1838","1826"
"08.05.2017 07:00 - 08.05.2017 08:00","2190","2145"
"08.05.2017 08:00 - 08.05.2017 09:00","2317","5754"
"08.05.2017 09:00 - 08.05.2017 10:00","2349","6403"
"08.05.2017 10:00 - 08.05.2017 11:00","2421","2404"
"08.05.2017 11:00 - 08.05.2017 12:00","2441","2438"
"08.05.2017 12:00 - 08.05.2017 13:00","2365","2355"
"08.05.2017 13:00 - 08.05.2017 14:00","2388","2360"
"08.05.2017 14:00 - 08.05.2017 15:00","2317","2305"
"08.05.2017 15:00 - 08.05.2017 16:00","2221","2265"
"08.05.2017 16:00 - 08.05.2017 17:00","2237","2255"
"08.05.2017 17:00 - 08.05.2017 18:00","2394","2432"
"08.05.2017 18:00 - 08.05.2017 19:00","2359","2387"
"08.05.2017 19:00 - 08.05.2017 20:00","2273","2305"
"08.05.2017 20:00 - 08.05.2017 21:00","2204","2202"
"08.05.2017 21:00 - 08.05.2017 22:00","2144","2166"
"08.05.2017 22:00 - 08.05.2017 23:00","2069","2061"
"08.05.2017 23:00 - 09.05.2017 00:00","1925","1886"
"09.05.2017 00:00 - 09.05.2017 01:00","1768","1779"
"09.05.2017 01:00 - 09.05.2017 02:00","1729","1754"
"09.05.2017 02:00 - 09.05.2017 03:00","1721","1750"
"09.05.2017 03:00 - 09.05.2017 04:00","1752","1787"
"09.05.2017 04:00 - 09.05.2017 05:00","1805","1842"
"09.05.2017 05:00 - 09.05.2017 06:00","1907","1935"
"09.05.2017 06:00 - 09.05.2017 07:00","2228","2259"
"09.05.2017 07:00 - 09.05.2017 08:00","2540","2605"
"09.05.2017 08:00 - 09.05.2017 09:00","2709","2748"
"09.05.2017 09:00 - 09.05.2017 10:00","2748","2746"
"09.05.2017 10:00 - 09.05.2017 11:00","2806","2799"
"09.05.2017 11:00 - 09.05.2017 12:00","2746","2768"
"09.05.2017 12:00 - 09.05.2017 13:00","2684","2707"
"09.05.2017 13:00 - 09.05.2017 14:00","2708","2703"
"09.05.2017 14:00 - 09.05.2017 15:00","2634","2623"
"09.05.2017 15:00 - 09.05.2017 16:00","2518","2540"
"09.05.2017 16:00 - 09.05.2017 17:00","2461","2515"
"09.05.2017 17:00 - 09.05.2017 18:00","2644","2653"
"09.05.2017 18:00 - 09.05.2017 19:00","2541","2516"
"09.05.2017 19:00 - 09.05.2017 20:00","2400","2390"
"09.05.2017 20:00 - 09.05.2017 21:00","2348","2290"
"09.05.2017 21:00 - 09.05.2017 22:00","2335","2247"
"09.05.2017 22:00 - 09.05.2017 23:00","2305","2144"
"09.05.2017 23:00 - 10.05.2017 00:00","2193","1949"
"10.05.2017 00:00 - 10.05.2017 01:00","1832","1842"
"10.05.2017 01:00 - 10.05.2017 02:00","1736","1773"
"10.05.2017 02:00 - 10.05.2017 03:00","1723","1753"
"10.05.2017 03:00 - 10.05.2017 04:00","1759","1770"
"10.05.2017 04:00 - 10.05.2017 05:00","1809","1824"
"10.05.2017 05:00 - 10.05.2017 06:00","1912","1946"
"10.05.2017 06:00 - 10.05.2017 07:00","2239","2287"
"10.05.2017 07:00 - 10.05.2017 08:00","2617","2660"
"10.05.2017 08:00 - 10.05.2017 09:00","2789","2765"
"10.05.2017 09:00 - 10.05.2017 10:00","2809","2755"
"10.05.2017 10:00 - 10.05.2017 11:00","2837","2795"
"10.05.2017 11:00 - 10.05.2017 12:00","2791","2783"
"10.05.2017 12:00 - 10.05.2017 13:00","2703","2713"
"10.05.2017 13:00 - 10.05.2017 14:00","2739","2764"
"10.05.2017 14:00 - 10.05.2017 15:00","2714","2717"
"10.05.2017 15:00 - 10.05.2017 16:00","2606","2613"
"10.05.2017 16:00 - 10.05.2017 17:00","2589","2576"
"10.05.2017 17:00 - 10.05.2017 18:00","2693","2728"
"10.05.2017 18:00 - 10.05.2017 19:00","2637","2661"
"10.05.2017 19:00 - 10.05.2017 20:00","2510","2534"
"10.05.2017 20:00 - 10.05.2017 21:00","2458","2417"
"10.05.2017 21:00 - 10.05.2017 22:00","2416","2350"
"10.05.2017 22:00 - 10.05.2017 23:00","2307","2225"
"10.05.2017 23:00 - 11.05.2017 00:00","2133","2033"
"11.05.2017 00:00 - 11.05.2017 01:00","1876","1858"
"11.05.2017 01:00 - 11.05.2017 02:00","1767","1800"
"11.05.2017 02:00 - 11.05.2017 03:00","1748","1780"
"11.05.2017 03:00 - 11.05.2017 04:00","1766","1788"
"11.05.2017 04:00 - 11.05.2017 05:00","1828","1839"
"11.05.2017 05:00 - 11.05.2017 06:00","1957","1985"
"11.05.2017 06:00 - 11.05.2017 07:00","2286","2290"
"11.05.2017 07:00 - 11.05.2017 08:00","2632","2661"
"11.05.2017 08:00 - 11.05.2017 09:00","2797","2777"
"11.05.2017 09:00 - 11.05.2017 10:00","2772","2740"
"11.05.2017 10:00 - 11.05.2017 11:00","2788","2791"
"11.05.2017 11:00 - 11.05.2017 12:00","2772","2779"
"11.05.2017 12:00 - 11.05.2017 13:00","2716","2715"
"11.05.2017 13:00 - 11.05.2017 14:00","2716","2705"
"11.05.2017 14:00 - 11.05.2017 15:00","2651","2636"
"11.05.2017 15:00 - 11.05.2017 16:00","2518","2482"
"11.05.2017 16:00 - 11.05.2017 17:00","2453","2453"
"11.05.2017 17:00 - 11.05.2017 18:00","2501","2481"
"11.05.2017 18:00 - 11.05.2017 19:00","2417","2417"
"11.05.2017 19:00 - 11.05.2017 20:00","2326","2282"
"11.05.2017 20:00 - 11.05.2017 21:00","2211","2157"
"11.05.2017 21:00 - 11.05.2017 22:00","2109","2096"
"11.05.2017 22:00 - 11.05.2017 23:00","2058","2031"
"11.05.2017 23:00 - 12.05.2017 00:00","1940","1852"
"12.05.2017 00:00 - 12.05.2017 01:00","1709","1726"
"12.05.2017 01:00 - 12.05.2017 02:00","1605","1658"
"12.05.2017 02:00 - 12.05.2017 03:00","1519","1603"
"12.05.2017 03:00 - 12.05.2017 04:00","1474","1589"
"12.05.2017 04:00 - 12.05.2017 05:00","1487","1575"
"12.05.2017 05:00 - 12.05.2017 06:00","1570","1560"
"12.05.2017 06:00 - 12.05.2017 07:00","1647","1655"
"12.05.2017 07:00 - 12.05.2017 08:00","1825","1792"
"12.05.2017 08:00 - 12.05.2017 09:00","1975","1889"
"12.05.2017 09:00 - 12.05.2017 10:00","1964","1950"
"12.05.2017 10:00 - 12.05.2017 11:00","1974","1944"
"12.05.2017 11:00 - 12.05.2017 12:00","1942","1945"
"12.05.2017 12:00 - 12.05.2017 13:00","1905","1926"
"12.05.2017 13:00 - 12.05.2017 14:00","1890","1858"
"12.05.2017 14:00 - 12.05.2017 15:00","1825","1802"
"12.05.2017 15:00 - 12.05.2017 16:00","1769","1776"
"12.05.2017 16:00 - 12.05.2017 17:00","1821","1830"
"12.05.2017 17:00 - 12.05.2017 18:00","1975","1972"
"12.05.2017 18:00 - 12.05.2017 19:00","1969","1981"
"12.05.2017 19:00 - 12.05.2017 20:00","1861","1886"
"12.05.2017 20:00 - 12.05.2017 21:00","1797","1812"
"12.05.2017 21:00 - 12.05.2017 22:00","1805","1803"
"12.05.2017 22:00 - 12.05.2017 23:00","1730","1733"
"12.05.2017 23:00 - 13.05.2017 00:00","1599","1605"
"13.05.2017 00:00 - 13.05.2017 01:00","1496","1511"
"13.05.2017 01:00 - 13.05.2017 02:00","1435","1470"
"13.05.2017 02:00 - 13.05.2017 03:00","1434","1442"
"13.05.2017 03:00 - 13.05.2017 04:00","1435","1443"
"13.05.2017 04:00 - 13.05.2017 05:00","1462","1487"
"13.05.2017 05:00 - 13.05.2017 06:00","1480","1491"
"13.05.2017 06:00 - 13.05.2017 07:00","1543","1552"
"13.05.2017 07:00 - 13.05.2017 08:00","1695","1689"
"13.05.2017 08:00 - 13.05.2017 09:00","1858","1855"
"13.05.2017 09:00 - 13.05.2017 10:00","1944","1941"
"13.05.2017 10:00 - 13.05.2017 11:00","1993","2002"
"13.05.2017 11:00 - 13.05.2017 12:00","1983","1982"
"13.05.2017 12:00 - 13.05.2017 13:00","1943","1928"
"13.05.2017 13:00 - 13.05.2017 14:00","1893","1893"
"13.05.2017 14:00 - 13.05.2017 15:00","1869","1882"
"13.05.2017 15:00 - 13.05.2017 16:00","1862","1871"
"13.05.2017 16:00 - 13.05.2017 17:00","1916","1952"
"13.05.2017 17:00 - 13.05.2017 18:00","2077","2088"
"13.05.2017 18:00 - 13.05.2017 19:00","2086","2100"
"13.05.2017 19:00 - 13.05.2017 20:00","1964","1991"
"13.05.2017 20:00 - 13.05.2017 21:00","1888","1884"
"13.05.2017 21:00 - 13.05.2017 22:00","1865","1855"
"13.05.2017 22:00 - 13.05.2017 23:00","1799","1798"
"13.05.2017 23:00 - 14.05.2017 00:00","1670","1684"
"14.05.2017 00:00 - 14.05.2017 01:00","1592","1591"
"14.05.2017 01:00 - 14.05.2017 02:00","1511","1495"
"14.05.2017 02:00 - 14.05.2017 03:00","1459","1457"
"14.05.2017 03:00 - 14.05.2017 04:00","1461","1464"
"14.05.2017 04:00 - 14.05.2017 05:00","1484","1492"
"14.05.2017 05:00 - 14.05.2017 06:00","1496","1489"
"14.05.2017 06:00 - 14.05.2017 07:00","1544","1543"
"14.05.2017 07:00 - 14.05.2017 08:00","1687","1692"
"14.05.2017 08:00 - 14.05.2017 09:00","1854","1851"
"14.05.2017 09:00 - 14.05.2017 10:00","1945","1939"
"14.05.2017 10:00 - 14.05.2017 11:00","1979","1976"
"14.05.2017 11:00 - 14.05.2017 12:00","1969","1961"
"14.05.2017 12:00 - 14.05.2017 13:00","1933","1918"
"14.05.2017 13:00 - 14.05.2017 14:00","1910","1878"
"14.05.2017 14:00 - 14.05.2017 15:00","1862","1834"
"14.05.2017 15:00 - 14.05.2017 16:00","1821","1822"
"14.05.2017 16:00 - 14.05.2017 17:00","1865","1850"
"14.05.2017 17:00 - 14.05.2017 18:00","2019","2026"
"14.05.2017 18:00 - 14.05.2017 19:00","2012","2025"
"14.05.2017 19:00 - 14.05.2017 20:00","1943","1965"
"14.05.2017 20:00 - 14.05.2017 21:00","1899","1909"
"14.05.2017 21:00 - 14.05.2017 22:00","1895","1864"
"14.05.2017 22:00 - 14.05.2017 23:00","1835","1839"
"14.05.2017 23:00 - 15.05.2017 00:00","1740","1734"
"15.05.2017 00:00 - 15.05.2017 01:00","1647","1652"
"15.05.2017 01:00 - 15.05.2017 02:00","1587","1598"
"15.05.2017 02:00 - 15.05.2017 03:00","1577","1575"
"15.05.2017 03:00 - 15.05.2017 04:00","1580","1580"
"15.05.2017 04:00 - 15.05.2017 05:00","1613","1620"
"15.05.2017 05:00 - 15.05.2017 06:00","1722","1742"
"15.05.2017 06:00 - 15.05.2017 07:00","2072","2100"
"15.05.2017 07:00 - 15.05.2017 08:00","2459","2467"
"15.05.2017 08:00 - 15.05.2017 09:00","2643","2620"
"15.05.2017 09:00 - 15.05.2017 10:00","2622","2585"
"15.05.2017 10:00 - 15.05.2017 11:00","2647","2625"
"15.05.2017 11:00 - 15.05.2017 12:00","2633","2595"
"15.05.2017 12:00 - 15.05.2017 13:00","2463","2283"
"15.05.2017 13:00 - 15.05.2017 14:00","2417","2424"
"15.05.2017 14:00 - 15.05.2017 15:00","2523","2526"
"15.05.2017 15:00 - 15.05.2017 16:00","2392","2396"
"15.05.2017 16:00 - 15.05.2017 17:00","2347","2345"
"15.05.2017 17:00 - 15.05.2017 18:00","2470","2485"
"15.05.2017 18:00 - 15.05.2017 19:00","2415","2415"
"15.05.2017 19:00 - 15.05.2017 20:00","2297","2315"
"15.05.2017 20:00 - 15.05.2017 21:00","2205","2218"
"15.05.2017 21:00 - 15.05.2017 22:00","2158","2155"
"15.05.2017 22:00 - 15.05.2017 23:00","2109","2072"
"15.05.2017 23:00 - 16.05.2017 00:00","1964","1876"
"16.05.2017 00:00 - 16.05.2017 01:00","1719","1736"
"16.05.2017 01:00 - 16.05.2017 02:00","1632","1681"
"16.05.2017 02:00 - 16.05.2017 03:00","1616","1657"
"16.05.2017 03:00 - 16.05.2017 04:00","1663","1661"
"16.05.2017 04:00 - 16.05.2017 05:00","1692","1708"
"16.05.2017 05:00 - 16.05.2017 06:00","1794","1791"
"16.05.2017 06:00 - 16.05.2017 07:00","2135","2135"
"16.05.2017 07:00 - 16.05.2017 08:00","2496","2483"
"16.05.2017 08:00 - 16.05.2017 09:00","2642","2634"
"16.05.2017 09:00 - 16.05.2017 10:00","2658","2652"
"16.05.2017 10:00 - 16.05.2017 11:00","2748","2719"
"16.05.2017 11:00 - 16.05.2017 12:00","2723","2744"
"16.05.2017 12:00 - 16.05.2017 13:00","2665","2663"
"16.05.2017 13:00 - 16.05.2017 14:00","2691","2688"
"16.05.2017 14:00 - 16.05.2017 15:00","2641","2644"
"16.05.2017 15:00 - 16.05.2017 16:00","2537","2549"
"16.05.2017 16:00 - 16.05.2017 17:00","2482","2516"
"16.05.2017 17:00 - 16.05.2017 18:00","2593","2656"
"16.05.2017 18:00 - 16.05.2017 19:00","2557","2558"
"16.05.2017 19:00 - 16.05.2017 20:00","2429","2414"
"16.05.2017 20:00 - 16.05.2017 21:00","2318","2305"
"16.05.2017 21:00 - 16.05.2017 22:00","2240","2222"
"16.05.2017 22:00 - 16.05.2017 23:00","2199","2104"
"16.05.2017 23:00 - 17.05.2017 00:00","2064","1921"
"17.05.2017 00:00 - 17.05.2017 01:00","1773","1802"
"17.05.2017 01:00 - 17.05.2017 02:00","1711","1746"
"17.05.2017 02:00 - 17.05.2017 03:00","1688","1707"
"17.05.2017 03:00 - 17.05.2017 04:00","1712","1723"
"17.05.2017 04:00 - 17.05.2017 05:00","1744","1757"
"17.05.2017 05:00 - 17.05.2017 06:00","1838","1863"
"17.05.2017 06:00 - 17.05.2017 07:00","2183","2200"
"17.05.2017 07:00 - 17.05.2017 08:00","2539","2544"
"17.05.2017 08:00 - 17.05.2017 09:00","2688","2686"
"17.05.2017 09:00 - 17.05.2017 10:00","2690","2698"
"17.05.2017 10:00 - 17.05.2017 11:00","2761","2752"
"17.05.2017 11:00 - 17.05.2017 12:00","2716","2718"
"17.05.2017 12:00 - 17.05.2017 13:00","2642","2649"
"17.05.2017 13:00 - 17.05.2017 14:00","2670","2679"
"17.05.2017 14:00 - 17.05.2017 15:00","2630","2652"
"17.05.2017 15:00 - 17.05.2017 16:00","2531","2553"
"17.05.2017 16:00 - 17.05.2017 17:00","2492","2511"
"17.05.2017 17:00 - 17.05.2017 18:00","2594","2640"
"17.05.2017 18:00 - 17.05.2017 19:00","2545","2533"
"17.05.2017 19:00 - 17.05.2017 20:00","2412","2382"
"17.05.2017 20:00 - 17.05.2017 21:00","2303","2271"
"17.05.2017 21:00 - 17.05.2017 22:00","2228","2264"
"17.05.2017 22:00 - 17.05.2017 23:00","2211","2162"
"17.05.2017 23:00 - 18.05.2017 00:00","2095","1925"
"18.05.2017 00:00 - 18.05.2017 01:00","1775","1789"
"18.05.2017 01:00 - 18.05.2017 02:00","1648","1674"
"18.05.2017 02:00 - 18.05.2017 03:00","1631","1665"
"18.05.2017 03:00 - 18.05.2017 04:00","1678","1720"
"18.05.2017 04:00 - 18.05.2017 05:00","1731","1731"
"18.05.2017 05:00 - 18.05.2017 06:00","1821","1817"
"18.05.2017 06:00 - 18.05.2017 07:00","2100","2105"
"18.05.2017 07:00 - 18.05.2017 08:00","2458","2460"
"18.05.2017 08:00 - 18.05.2017 09:00","2594","2560"
"18.05.2017 09:00 - 18.05.2017 10:00","2616","2619"
"18.05.2017 10:00 - 18.05.2017 11:00","2682","2654"
"18.05.2017 11:00 - 18.05.2017 12:00","2435","2426"
"18.05.2017 12:00 - 18.05.2017 13:00","2297","2289"
"18.05.2017 13:00 - 18.05.2017 14:00","2380","2354"
"18.05.2017 14:00 - 18.05.2017 15:00","2536","2550"
"18.05.2017 15:00 - 18.05.2017 16:00","2462","2461"
"18.05.2017 16:00 - 18.05.2017 17:00","2428","2457"
"18.05.2017 17:00 - 18.05.2017 18:00","2534","2523"
"18.05.2017 18:00 - 18.05.2017 19:00","2434","2469"
"18.05.2017 19:00 - 18.05.2017 20:00","2325","2381"
"18.05.2017 20:00 - 18.05.2017 21:00","2242","2278"
"18.05.2017 21:00 - 18.05.2017 22:00","2185","2207"
"18.05.2017 22:00 - 18.05.2017 23:00","2148","2126"
"18.05.2017 23:00 - 19.05.2017 00:00","2015","1948"
"19.05.2017 00:00 - 19.05.2017 01:00","1797","1775"
"19.05.2017 01:00 - 19.05.2017 02:00","1685","1722"
"19.05.2017 02:00 - 19.05.2017 03:00","1677","1694"
"19.05.2017 03:00 - 19.05.2017 04:00","1685","1698"
"19.05.2017 04:00 - 19.05.2017 05:00","1729","1745"
"19.05.2017 05:00 - 19.05.2017 06:00","1825","1842"
"19.05.2017 06:00 - 19.05.2017 07:00","2164","2156"
"19.05.2017 07:00 - 19.05.2017 08:00","2488","2506"
"19.05.2017 08:00 - 19.05.2017 09:00","2637","2659"
"19.05.2017 09:00 - 19.05.2017 10:00","2684","2674"
"19.05.2017 10:00 - 19.05.2017 11:00","2699","2575"
"19.05.2017 11:00 - 19.05.2017 12:00","2441","2393"
"19.05.2017 12:00 - 19.05.2017 13:00","2210","2224"
"19.05.2017 13:00 - 19.05.2017 14:00","2314","2371"
"19.05.2017 14:00 - 19.05.2017 15:00","2333","2343"
"19.05.2017 15:00 - 19.05.2017 16:00","2255","2254"
"19.05.2017 16:00 - 19.05.2017 17:00","2227","2235"
"19.05.2017 17:00 - 19.05.2017 18:00","2322","2322"
"19.05.2017 18:00 - 19.05.2017 19:00","2268","2298"
"19.05.2017 19:00 - 19.05.2017 20:00","2135","2143"
"19.05.2017 20:00 - 19.05.2017 21:00","2026","2008"
"19.05.2017 21:00 - 19.05.2017 22:00","1970","1956"
"19.05.2017 22:00 - 19.05.2017 23:00","1942","1891"
"19.05.2017 23:00 - 20.05.2017 00:00","1833","1741"
"20.05.2017 00:00 - 20.05.2017 01:00","1606","1623"
"20.05.2017 01:00 - 20.05.2017 02:00","1508","1555"
"20.05.2017 02:00 - 20.05.2017 03:00","1493","1504"
"20.05.2017 03:00 - 20.05.2017 04:00","1469","1485"
"20.05.2017 04:00 - 20.05.2017 05:00","1467","1502"
"20.05.2017 05:00 - 20.05.2017 06:00","1501","1494"
"20.05.2017 06:00 - 20.05.2017 07:00","1601","1596"
"20.05.2017 07:00 - 20.05.2017 08:00","1767","1769"
"20.05.2017 08:00 - 20.05.2017 09:00","1936","1909"
"20.05.2017 09:00 - 20.05.2017 10:00","2005","1993"
"20.05.2017 10:00 - 20.05.2017 11:00","2034","2015"
"20.05.2017 11:00 - 20.05.2017 12:00","1994","1980"
"20.05.2017 12:00 - 20.05.2017 13:00","1934","1917"
"20.05.2017 13:00 - 20.05.2017 14:00","1875","1874"
"20.05.2017 14:00 - 20.05.2017 15:00","1836","1836"
"20.05.2017 15:00 - 20.05.2017 16:00","1806","1796"
"20.05.2017 16:00 - 20.05.2017 17:00","1840","1843"
"20.05.2017 17:00 - 20.05.2017 18:00","1964","1953"
"20.05.2017 18:00 - 20.05.2017 19:00","2001","1993"
"20.05.2017 19:00 - 20.05.2017 20:00","1878","1894"
"20.05.2017 20:00 - 20.05.2017 21:00","1800","1801"
"20.05.2017 21:00 - 20.05.2017 22:00","1711","1765"
"20.05.2017 22:00 - 20.05.2017 23:00","1677","1755"
"20.05.2017 23:00 - 21.05.2017 00:00","1597","1648"
"21.05.2017 00:00 - 21.05.2017 01:00","1534","1538"
"21.05.2017 01:00 - 21.05.2017 02:00","1443","1475"
"21.05.2017 02:00 - 21.05.2017 03:00","1412","1429"
"21.05.2017 03:00 - 21.05.2017 04:00","1401","1417"
"21.05.2017 04:00 - 21.05.2017 05:00","1400","1415"
"21.05.2017 05:00 - 21.05.2017 06:00","1401","1416"
"21.05.2017 06:00 - 21.05.2017 07:00","1475","1496"
"21.05.2017 07:00 - 21.05.2017 08:00","1619","1643"
"21.05.2017 08:00 - 21.05.2017 09:00","1789","1813"
"21.05.2017 09:00 - 21.05.2017 10:00","1897","1894"
"21.05.2017 10:00 - 21.05.2017 11:00","1932","1901"
"21.05.2017 11:00 - 21.05.2017 12:00","1917","1896"
"21.05.2017 12:00 - 21.05.2017 13:00","1913","1863"
"21.05.2017 13:00 - 21.05.2017 14:00","1878","1870"
"21.05.2017 14:00 - 21.05.2017 15:00","1864","1834"
"21.05.2017 15:00 - 21.05.2017 16:00","1809","1807"
"21.05.2017 16:00 - 21.05.2017 17:00","1834","1842"
"21.05.2017 17:00 - 21.05.2017 18:00","1985","2027"
"21.05.2017 18:00 - 21.05.2017 19:00","2034","2055"
"21.05.2017 19:00 - 21.05.2017 20:00","1988","2004"
"21.05.2017 20:00 - 21.05.2017 21:00","1925","1939"
"21.05.2017 21:00 - 21.05.2017 22:00","1877","1877"
"21.05.2017 22:00 - 21.05.2017 23:00","1847","1845"
"21.05.2017 23:00 - 22.05.2017 00:00","1763","1731"
"22.05.2017 00:00 - 22.05.2017 01:00","1665","1653"
"22.05.2017 01:00 - 22.05.2017 02:00","1597","1611"
"22.05.2017 02:00 - 22.05.2017 03:00","1596","1597"
"22.05.2017 03:00 - 22.05.2017 04:00","1621","1608"
"22.05.2017 04:00 - 22.05.2017 05:00","1650","1652"
"22.05.2017 05:00 - 22.05.2017 06:00","1755","1758"
"22.05.2017 06:00 - 22.05.2017 07:00","2087","2096"
"22.05.2017 07:00 - 22.05.2017 08:00","2456","2465"
"22.05.2017 08:00 - 22.05.2017 09:00","2610","2601"
"22.05.2017 09:00 - 22.05.2017 10:00","2623","2630"
"22.05.2017 10:00 - 22.05.2017 11:00","2693","2686"
"22.05.2017 11:00 - 22.05.2017 12:00","2669","2662"
"22.05.2017 12:00 - 22.05.2017 13:00","2606","2627"
"22.05.2017 13:00 - 22.05.2017 14:00","2644","2633"
"22.05.2017 14:00 - 22.05.2017 15:00","2574","2557"
"22.05.2017 15:00 - 22.05.2017 16:00","2447","2452"
"22.05.2017 16:00 - 22.05.2017 17:00","2425","2404"
"22.05.2017 17:00 - 22.05.2017 18:00","2526","2514"
"22.05.2017 18:00 - 22.05.2017 19:00","2437","2451"
"22.05.2017 19:00 - 22.05.2017 20:00","2341","2348"
"22.05.2017 20:00 - 22.05.2017 21:00","2246","2262"
"22.05.2017 21:00 - 22.05.2017 22:00","2165","2168"
"22.05.2017 22:00 - 22.05.2017 23:00","2109","2113"
"22.05.2017 23:00 - 23.05.2017 00:00","1977","1942"
"23.05.2017 00:00 - 23.05.2017 01:00","1801","1813"
"23.05.2017 01:00 - 23.05.2017 02:00","1701","1745"
"23.05.2017 02:00 - 23.05.2017 03:00","1689","1723"
"23.05.2017 03:00 - 23.05.2017 04:00","1709","1720"
"23.05.2017 04:00 - 23.05.2017 05:00","1738","1747"
"23.05.2017 05:00 - 23.05.2017 06:00","1831","1836"
"23.05.2017 06:00 - 23.05.2017 07:00","2131","2154"
"23.05.2017 07:00 - 23.05.2017 08:00","2473","2480"
"23.05.2017 08:00 - 23.05.2017 09:00","2628","2635"
"23.05.2017 09:00 - 23.05.2017 10:00","2657","2654"
"23.05.2017 10:00 - 23.05.2017 11:00","2705","2689"
"23.05.2017 11:00 - 23.05.2017 12:00","2683","2677"
"23.05.2017 12:00 - 23.05.2017 13:00","2635","2643"
"23.05.2017 13:00 - 23.05.2017 14:00","2636","2626"
"23.05.2017 14:00 - 23.05.2017 15:00","2565","2547"
"23.05.2017 15:00 - 23.05.2017 16:00","2441","2472"
"23.05.2017 16:00 - 23.05.2017 17:00","2437","2475"
"23.05.2017 17:00 - 23.05.2017 18:00","2590","2623"
"23.05.2017 18:00 - 23.05.2017 19:00","2529","2556"
"23.05.2017 19:00 - 23.05.2017 20:00","2441","2430"
"23.05.2017 20:00 - 23.05.2017 21:00","2335","2329"
"23.05.2017 21:00 - 23.05.2017 22:00","2266","2214"
"23.05.2017 22:00 - 23.05.2017 23:00","2228","2118"
"23.05.2017 23:00 - 24.05.2017 00:00","2091","1922"
"24.05.2017 00:00 - 24.05.2017 01:00","1742","1710"
"24.05.2017 01:00 - 24.05.2017 02:00","1628","1657"
"24.05.2017 02:00 - 24.05.2017 03:00","1600","1613"
"24.05.2017 03:00 - 24.05.2017 04:00","1619","1627"
"24.05.2017 04:00 - 24.05.2017 05:00","1661","1665"
"24.05.2017 05:00 - 24.05.2017 06:00","1761","1773"
"24.05.2017 06:00 - 24.05.2017 07:00","2086","2112"
"24.05.2017 07:00 - 24.05.2017 08:00","2443","2436"
"24.05.2017 08:00 - 24.05.2017 09:00","2562","2557"
"24.05.2017 09:00 - 24.05.2017 10:00","2567","2542"
"24.05.2017 10:00 - 24.05.2017 11:00","2609","2575"
"24.05.2017 11:00 - 24.05.2017 12:00","2581","2558"
"24.05.2017 12:00 - 24.05.2017 13:00","2492","2489"
"24.05.2017 13:00 - 24.05.2017 14:00","2512","2535"
"24.05.2017 14:00 - 24.05.2017 15:00","2464","2496"
"24.05.2017 15:00 - 24.05.2017 16:00","2367","2368"
"24.05.2017 16:00 - 24.05.2017 17:00","2310","2299"
"24.05.2017 17:00 - 24.05.2017 18:00","2398","2392"
"24.05.2017 18:00 - 24.05.2017 19:00","2341","2369"
"24.05.2017 19:00 - 24.05.2017 20:00","2240","2270"
"24.05.2017 20:00 - 24.05.2017 21:00","2139","2158"
"24.05.2017 21:00 - 24.05.2017 22:00","2069","2073"
"24.05.2017 22:00 - 24.05.2017 23:00","2030","2011"
"24.05.2017 23:00 - 25.05.2017 00:00","1908","1842"
"25.05.2017 00:00 - 25.05.2017 01:00","1676","1689"
"25.05.2017 01:00 - 25.05.2017 02:00","1562","1610"
"25.05.2017 02:00 - 25.05.2017 03:00","1544","1561"
"25.05.2017 03:00 - 25.05.2017 04:00","1537","1547"
"25.05.2017 04:00 - 25.05.2017 05:00","1542","1540"
"25.05.2017 05:00 - 25.05.2017 06:00","1535","1552"
"25.05.2017 06:00 - 25.05.2017 07:00","1634","1640"
"25.05.2017 07:00 - 25.05.2017 08:00","1804","1790"
"25.05.2017 08:00 - 25.05.2017 09:00","1955","1939"
"25.05.2017 09:00 - 25.05.2017 10:00","2017","2029"
"25.05.2017 10:00 - 25.05.2017 11:00","2040","2067"
"25.05.2017 11:00 - 25.05.2017 12:00","2048","2041"
"25.05.2017 12:00 - 25.05.2017 13:00","2004","2014"
"25.05.2017 13:00 - 25.05.2017 14:00","1970","1986"
"25.05.2017 14:00 - 25.05.2017 15:00","1941","1940"
"25.05.2017 15:00 - 25.05.2017 16:00","1906","1901"
"25.05.2017 16:00 - 25.05.2017 17:00","1911","1914"
"25.05.2017 17:00 - 25.05.2017 18:00","2048","2025"
"25.05.2017 18:00 - 25.05.2017 19:00","2043","2070"
"25.05.2017 19:00 - 25.05.2017 20:00","1984","2016"
"25.05.2017 20:00 - 25.05.2017 21:00","1933","1949"
"25.05.2017 21:00 - 25.05.2017 22:00","1894","1879"
"25.05.2017 22:00 - 25.05.2017 23:00","1852","1872"
"25.05.2017 23:00 - 26.05.2017 00:00","1739","1734"
"26.05.2017 00:00 - 26.05.2017 01:00","1649","1637"
"26.05.2017 01:00 - 26.05.2017 02:00","1560","1556"
"26.05.2017 02:00 - 26.05.2017 03:00","1522","1518"
"26.05.2017 03:00 - 26.05.2017 04:00","1527","1539"
"26.05.2017 04:00 - 26.05.2017 05:00","1544","1534"
"26.05.2017 05:00 - 26.05.2017 06:00","1589","1590"
"26.05.2017 06:00 - 26.05.2017 07:00","1758","1769"
"26.05.2017 07:00 - 26.05.2017 08:00","2002","1987"
"26.05.2017 08:00 - 26.05.2017 09:00","2166","2173"
"26.05.2017 09:00 - 26.05.2017 10:00","2265","2245"
"26.05.2017 10:00 - 26.05.2017 11:00","2281","2268"
"26.05.2017 11:00 - 26.05.2017 12:00","2268","2250"
"26.05.2017 12:00 - 26.05.2017 13:00","2219","2213"
"26.05.2017 13:00 - 26.05.2017 14:00","2181","2170"
"26.05.2017 14:00 - 26.05.2017 15:00","2130","2140"
"26.05.2017 15:00 - 26.05.2017 16:00","2101","2107"
"26.05.2017 16:00 - 26.05.2017 17:00","2116","2109"
"26.05.2017 17:00 - 26.05.2017 18:00","2192","2198"
"26.05.2017 18:00 - 26.05.2017 19:00","2181","2177"
"26.05.2017 19:00 - 26.05.2017 20:00","2052","2071"
"26.05.2017 20:00 - 26.05.2017 21:00","1973","1987"
"26.05.2017 21:00 - 26.05.2017 22:00","1939","1918"
"26.05.2017 22:00 - 26.05.2017 23:00","1895","1896"
"26.05.2017 23:00 - 27.05.2017 00:00","1798","1781"
"27.05.2017 00:00 - 27.05.2017 01:00","1680","1663"
"27.05.2017 01:00 - 27.05.2017 02:00","1590","1586"
"27.05.2017 02:00 - 27.05.2017 03:00","1535","1543"
"27.05.2017 03:00 - 27.05.2017 04:00","1538","1523"
"27.05.2017 04:00 - 27.05.2017 05:00","1511","1501"
"27.05.2017 05:00 - 27.05.2017 06:00","1497","1487"
"27.05.2017 06:00 - 27.05.2017 07:00","1578","1572"
"27.05.2017 07:00 - 27.05.2017 08:00","1747","1751"
"27.05.2017 08:00 - 27.05.2017 09:00","1939","1928"
"27.05.2017 09:00 - 27.05.2017 10:00","2022","2004"
"27.05.2017 10:00 - 27.05.2017 11:00","2053","2038"
"27.05.2017 11:00 - 27.05.2017 12:00","2054","2101"
"27.05.2017 12:00 - 27.05.2017 13:00","2048","2064"
"27.05.2017 13:00 - 27.05.2017 14:00","2015","2030"
"27.05.2017 14:00 - 27.05.2017 15:00","1947","1930"
"27.05.2017 15:00 - 27.05.2017 16:00","1902","1902"
"27.05.2017 16:00 - 27.05.2017 17:00","1913","1913"
"27.05.2017 17:00 - 27.05.2017 18:00","2022","1999"
"27.05.2017 18:00 - 27.05.2017 19:00","2004","2007"
"27.05.2017 19:00 - 27.05.2017 20:00","1941","1956"
"27.05.2017 20:00 - 27.05.2017 21:00","1883","1906"
"27.05.2017 21:00 - 27.05.2017 22:00","1809","1838"
"27.05.2017 22:00 - 27.05.2017 23:00","1766","1814"
"27.05.2017 23:00 - 28.05.2017 00:00","1681","1726"
"28.05.2017 00:00 - 28.05.2017 01:00","1613","1623"
"28.05.2017 01:00 - 28.05.2017 02:00","1547","1562"
"28.05.2017 02:00 - 28.05.2017 03:00","1519","1508"
"28.05.2017 03:00 - 28.05.2017 04:00","1496","1487"
"28.05.2017 04:00 - 28.05.2017 05:00","1467","1458"
"28.05.2017 05:00 - 28.05.2017 06:00","1437","1435"
"28.05.2017 06:00 - 28.05.2017 07:00","1492","1495"
"28.05.2017 07:00 - 28.05.2017 08:00","1650","1663"
"28.05.2017 08:00 - 28.05.2017 09:00","1843","1855"
"28.05.2017 09:00 - 28.05.2017 10:00","1973","1978"
"28.05.2017 10:00 - 28.05.2017 11:00","2035","2021"
"28.05.2017 11:00 - 28.05.2017 12:00","2026","1999"
"28.05.2017 12:00 - 28.05.2017 13:00","1988","1972"
"28.05.2017 13:00 - 28.05.2017 14:00","1948","1946"
"28.05.2017 14:00 - 28.05.2017 15:00","1917","1910"
"28.05.2017 15:00 - 28.05.2017 16:00","1927","1927"
"28.05.2017 16:00 - 28.05.2017 17:00","1965","1963"
"28.05.2017 17:00 - 28.05.2017 18:00","2141","2140"
"28.05.2017 18:00 - 28.05.2017 19:00","2147","2164"
"28.05.2017 19:00 - 28.05.2017 20:00","2061","2063"
"28.05.2017 20:00 - 28.05.2017 21:00","1982","1969"
"28.05.2017 21:00 - 28.05.2017 22:00","1921","1885"
"28.05.2017 22:00 - 28.05.2017 23:00","1882","1850"
"28.05.2017 23:00 - 29.05.2017 00:00","1804","1730"
"29.05.2017 00:00 - 29.05.2017 01:00","1639","1635"
"29.05.2017 01:00 - 29.05.2017 02:00","1567","1600"
"29.05.2017 02:00 - 29.05.2017 03:00","1593","1592"
"29.05.2017 03:00 - 29.05.2017 04:00","1612","1608"
"29.05.2017 04:00 - 29.05.2017 05:00","1630","1643"
"29.05.2017 05:00 - 29.05.2017 06:00","1733","1750"
"29.05.2017 06:00 - 29.05.2017 07:00","2091","2097"
"29.05.2017 07:00 - 29.05.2017 08:00","2467","2485"
"29.05.2017 08:00 - 29.05.2017 09:00","2671","2689"
"29.05.2017 09:00 - 29.05.2017 10:00","2713","2691"
"29.05.2017 10:00 - 29.05.2017 11:00","2747","2737"
"29.05.2017 11:00 - 29.05.2017 12:00","2751","2754"
"29.05.2017 12:00 - 29.05.2017 13:00","2698","2705"
"29.05.2017 13:00 - 29.05.2017 14:00","2732","2740"
"29.05.2017 14:00 - 29.05.2017 15:00","2669","2679"
"29.05.2017 15:00 - 29.05.2017 16:00","2555","2559"
"29.05.2017 16:00 - 29.05.2017 17:00","2500","2535"
"29.05.2017 17:00 - 29.05.2017 18:00","2658","2690"
"29.05.2017 18:00 - 29.05.2017 19:00","2585","2614"
"29.05.2017 19:00 - 29.05.2017 20:00","2468","2484"
"29.05.2017 20:00 - 29.05.2017 21:00","2349","2368"
"29.05.2017 21:00 - 29.05.2017 22:00","2250","2292"
"29.05.2017 22:00 - 29.05.2017 23:00","2186","2206"
"29.05.2017 23:00 - 30.05.2017 00:00","2060","2012"
"30.05.2017 00:00 - 30.05.2017 01:00","1888","1898"
"30.05.2017 01:00 - 30.05.2017 02:00","1802","1839"
"30.05.2017 02:00 - 30.05.2017 03:00","1796","1808"
"30.05.2017 03:00 - 30.05.2017 04:00","1813","1793"
"30.05.2017 04:00 - 30.05.2017 05:00","1825","1833"
"30.05.2017 05:00 - 30.05.2017 06:00","1921","1908"
"30.05.2017 06:00 - 30.05.2017 07:00","2227","2236"
"30.05.2017 07:00 - 30.05.2017 08:00","2573","2582"
"30.05.2017 08:00 - 30.05.2017 09:00","2753","2742"
"30.05.2017 09:00 - 30.05.2017 10:00","2773","2758"
"30.05.2017 10:00 - 30.05.2017 11:00","2839","2853"
"30.05.2017 11:00 - 30.05.2017 12:00","2832","2831"
"30.05.2017 12:00 - 30.05.2017 13:00","2758","2756"
"30.05.2017 13:00 - 30.05.2017 14:00","2769","2752"
"30.05.2017 14:00 - 30.05.2017 15:00","2682","2674"
"30.05.2017 15:00 - 30.05.2017 16:00","2552","2544"
"30.05.2017 16:00 - 30.05.2017 17:00","2477","2485"
"30.05.2017 17:00 - 30.05.2017 18:00","2577","2619"
"30.05.2017 18:00 - 30.05.2017 19:00","2525","2528"
"30.05.2017 19:00 - 30.05.2017 20:00","2393","2400"
"30.05.2017 20:00 - 30.05.2017 21:00","2311","2289"
"30.05.2017 21:00 - 30.05.2017 22:00","2230","2205"
"30.05.2017 22:00 - 30.05.2017 23:00","2215","2097"
"30.05.2017 23:00 - 31.05.2017 00:00","2117","1951"
"31.05.2017 00:00 - 31.05.2017 01:00","1822","1830"
"31.05.2017 01:00 - 31.05.2017 02:00","1712","1765"
"31.05.2017 02:00 - 31.05.2017 03:00","1704","1731"
"31.05.2017 03:00 - 31.05.2017 04:00","1704","1693"
"31.05.2017 04:00 - 31.05.2017 05:00","1700","1693"
"31.05.2017 05:00 - 31.05.2017 06:00","1789","1785"
"31.05.2017 06:00 - 31.05.2017 07:00","2092","2080"
"31.05.2017 07:00 - 31.05.2017 08:00","2403","2394"
"31.05.2017 08:00 - 31.05.2017 09:00","2540","2525"
"31.05.2017 09:00 - 31.05.2017 10:00","2537","2537"
"31.05.2017 10:00 - 31.05.2017 11:00","2626","2575"
"31.05.2017 11:00 - 31.05.2017 12:00","2592","2572"
"31.05.2017 12:00 - 31.05.2017 13:00","2494","2474"
"31.05.2017 13:00 - 31.05.2017 14:00","2501","2473"
"31.05.2017 14:00 - 31.05.2017 15:00","2418","2415"
"31.05.2017 15:00 - 31.05.2017 16:00","2339","2330"
"31.05.2017 16:00 - 31.05.2017 17:00","2290","2302"
"31.05.2017 17:00 - 31.05.2017 18:00","2390","2415"
"31.05.2017 18:00 - 31.05.2017 19:00","2330","2352"
"31.05.2017 19:00 - 31.05.2017 20:00","2217","2234"
"31.05.2017 20:00 - 31.05.2017 21:00","2121","2146"
"31.05.2017 21:00 - 31.05.2017 22:00","2053","2069"
"31.05.2017 22:00 - 31.05.2017 23:00","2013","2027"
"31.05.2017 23:00 - 01.06.2017 00:00","1908","1847"
"01.06.2017 00:00 - 01.06.2017 01:00","1712","1745"
"01.06.2017 01:00 - 01.06.2017 02:00","1646","1700"
"01.06.2017 02:00 - 01.06.2017 03:00","1628","1678"
"01.06.2017 03:00 - 01.06.2017 04:00","1685","1692"
"01.06.2017 04:00 - 01.06.2017 05:00","1706","1697"
"01.06.2017 05:00 - 01.06.2017 06:00","1796","1784"
"01.06.2017 06:00 - 01.06.2017 07:00","2095","2125"
"01.06.2017 07:00 - 01.06.2017 08:00","2421","2440"
"01.06.2017 08:00 - 01.06.2017 09:00","2579","2560"
"01.06.2017 09:00 - 01.06.2017 10:00","2572","2549"
"01.06.2017 10:00 - 01.06.2017 11:00","2603","2582"
"01.06.2017 11:00 - 01.06.2017 12:00","2605","2594"
"01.06.2017 12:00 - 01.06.2017 13:00","2542","2539"
"01.06.2017 13:00 - 01.06.2017 14:00","2575","2562"
"01.06.2017 14:00 - 01.06.2017 15:00","2515","2497"
"01.06.2017 15:00 - 01.06.2017 16:00","2404","2410"
"01.06.2017 16:00 - 01.06.2017 17:00","2379","2362"
"01.06.2017 17:00 - 01.06.2017 18:00","2456","2465"
"01.06.2017 18:00 - 01.06.2017 19:00","2393","2418"
"01.06.2017 19:00 - 01.06.2017 20:00","2302","2329"
"01.06.2017 20:00 - 01.06.2017 21:00","2247","2247"
"01.06.2017 21:00 - 01.06.2017 22:00","2182","2161"
"01.06.2017 22:00 - 01.06.2017 23:00","2148","2122"
"01.06.2017 23:00 - 02.06.2017 00:00","2049","1974"
"02.06.2017 00:00 - 02.06.2017 01:00","1847","1842"
"02.06.2017 01:00 - 02.06.2017 02:00","1741","1780"
"02.06.2017 02:00 - 02.06.2017 03:00","1713","1737"
"02.06.2017 03:00 - 02.06.2017 04:00","1721","1739"
"02.06.2017 04:00 - 02.06.2017 05:00","1771","1768"
"02.06.2017 05:00 - 02.06.2017 06:00","1866","1862"
"02.06.2017 06:00 - 02.06.2017 07:00","2124","2171"
"02.06.2017 07:00 - 02.06.2017 08:00","2476","2525"
"02.06.2017 08:00 - 02.06.2017 09:00","2669","2664"
"02.06.2017 09:00 - 02.06.2017 10:00","2678","2665"
"02.06.2017 10:00 - 02.06.2017 11:00","2714","2740"
"02.06.2017 11:00 - 02.06.2017 12:00","2716","2719"
"02.06.2017 12:00 - 02.06.2017 13:00","2614","2622"
"02.06.2017 13:00 - 02.06.2017 14:00","2542","2535"
"02.06.2017 14:00 - 02.06.2017 15:00","2424","2406"
"02.06.2017 15:00 - 02.06.2017 16:00","2315","2286"
"02.06.2017 16:00 - 02.06.2017 17:00","2268","2267"
"02.06.2017 17:00 - 02.06.2017 18:00","2369","2386"
"02.06.2017 18:00 - 02.06.2017 19:00","2352","2378"
"02.06.2017 19:00 - 02.06.2017 20:00","2267","2264"
"02.06.2017 20:00 - 02.06.2017 21:00","2170","2149"
"02.06.2017 21:00 - 02.06.2017 22:00","2100","2055"
"02.06.2017 22:00 - 02.06.2017 23:00","2059","2008"
"02.06.2017 23:00 - 03.06.2017 00:00","1947","1896"
"03.06.2017 00:00 - 03.06.2017 01:00","1741","1744"
"03.06.2017 01:00 - 03.06.2017 02:00","1631","1660"
"03.06.2017 02:00 - 03.06.2017 03:00","1603","1618"
"03.06.2017 03:00 - 03.06.2017 04:00","1580","1583"
"03.06.2017 04:00 - 03.06.2017 05:00","1560","1564"
"03.06.2017 05:00 - 03.06.2017 06:00","1557","1549"
"03.06.2017 06:00 - 03.06.2017 07:00","1657","1659"
"03.06.2017 07:00 - 03.06.2017 08:00","1822","1814"
"03.06.2017 08:00 - 03.06.2017 09:00","1999","1987"
"03.06.2017 09:00 - 03.06.2017 10:00","2088","2079"
"03.06.2017 10:00 - 03.06.2017 11:00","2136","2126"
"03.06.2017 11:00 - 03.06.2017 12:00","2123","2105"
"03.06.2017 12:00 - 03.06.2017 13:00","2091","2080"
"03.06.2017 13:00 - 03.06.2017 14:00","2062","2076"
"03.06.2017 14:00 - 03.06.2017 15:00","2031","2054"
"03.06.2017 15:00 - 03.06.2017 16:00","2038","2044"
"03.06.2017 16:00 - 03.06.2017 17:00","2068","2063"
"03.06.2017 17:00 - 03.06.2017 18:00","2143","2192"
"03.06.2017 18:00 - 03.06.2017 19:00","2150","2180"
"03.06.2017 19:00 - 03.06.2017 20:00","2049","2068"
"03.06.2017 20:00 - 03.06.2017 21:00","1977","1973"
"03.06.2017 21:00 - 03.06.2017 22:00","1907","1920"
"03.06.2017 22:00 - 03.06.2017 23:00","1847","1880"
"03.06.2017 23:00 - 04.06.2017 00:00","1754","1796"
"04.06.2017 00:00 - 04.06.2017 01:00","1673","1656"
"04.06.2017 01:00 - 04.06.2017 02:00","1569","1580"
"04.06.2017 02:00 - 04.06.2017 03:00","1521","1528"
"04.06.2017 03:00 - 04.06.2017 04:00","1512","1501"
"04.06.2017 04:00 - 04.06.2017 05:00","1480","1464"
"04.06.2017 05:00 - 04.06.2017 06:00","1444","1452"
"04.06.2017 06:00 - 04.06.2017 07:00","1508","1503"
"04.06.2017 07:00 - 04.06.2017 08:00","1622","1614"
"04.06.2017 08:00 - 04.06.2017 09:00","1795","1780"
"04.06.2017 09:00 - 04.06.2017 10:00","1897","1870"
"04.06.2017 10:00 - 04.06.2017 11:00","1907","1883"
"04.06.2017 11:00 - 04.06.2017 12:00","1909","1934"
"04.06.2017 12:00 - 04.06.2017 13:00","1900","1839"
"04.06.2017 13:00 - 04.06.2017 14:00","1845","1852"
"04.06.2017 14:00 - 04.06.2017 15:00","1869","1877"
"04.06.2017 15:00 - 04.06.2017 16:00","1847","1835"
"04.06.2017 16:00 - 04.06.2017 17:00","1875","1858"
"04.06.2017 17:00 - 04.06.2017 18:00","2002","2002"
"04.06.2017 18:00 - 04.06.2017 19:00","2011","1996"
"04.06.2017 19:00 - 04.06.2017 20:00","1894","1921"
"04.06.2017 20:00 - 04.06.2017 21:00","1867","1876"
"04.06.2017 21:00 - 04.06.2017 22:00","1812","1856"
"04.06.2017 22:00 - 04.06.2017 23:00","1777","1835"
"04.06.2017 23:00 - 05.06.2017 00:00","1694","1733"
"05.06.2017 00:00 - 05.06.2017 01:00","1609","1611"
"05.06.2017 01:00 - 05.06.2017 02:00","1520","1542"
"05.06.2017 02:00 - 05.06.2017 03:00","1495","1489"
"05.06.2017 03:00 - 05.06.2017 04:00","1475","1473"
"05.06.2017 04:00 - 05.06.2017 05:00","1454","1456"
"05.06.2017 05:00 - 05.06.2017 06:00","1449","1447"
"05.06.2017 06:00 - 05.06.2017 07:00","1530","1535"
"05.06.2017 07:00 - 05.06.2017 08:00","1692","1693"
"05.06.2017 08:00 - 05.06.2017 09:00","1898","1861"
"05.06.2017 09:00 - 05.06.2017 10:00","1984","1947"
"05.06.2017 10:00 - 05.06.2017 11:00","1991","1992"
"05.06.2017 11:00 - 05.06.2017 12:00","2000","1981"
"05.06.2017 12:00 - 05.06.2017 13:00","1972","1939"
"05.06.2017 13:00 - 05.06.2017 14:00","1930","1952"
"05.06.2017 14:00 - 05.06.2017 15:00","1924","1934"
"05.06.2017 15:00 - 05.06.2017 16:00","1914","1919"
"05.06.2017 16:00 - 05.06.2017 17:00","1940","1938"
"05.06.2017 17:00 - 05.06.2017 18:00","2109","2140"
"05.06.2017 18:00 - 05.06.2017 19:00","2149","2153"
"05.06.2017 19:00 - 05.06.2017 20:00","2058","2032"
"05.06.2017 20:00 - 05.06.2017 21:00","1952","1963"
"05.06.2017 21:00 - 05.06.2017 22:00","1896","1892"
"05.06.2017 22:00 - 05.06.2017 23:00","1882","1917"
"05.06.2017 23:00 - 06.06.2017 00:00","1813","1792"
"06.06.2017 00:00 - 06.06.2017 01:00","1715","1719"
"06.06.2017 01:00 - 06.06.2017 02:00","1627","1640"
"06.06.2017 02:00 - 06.06.2017 03:00","1597","1599"
"06.06.2017 03:00 - 06.06.2017 04:00","1611","1613"
"06.06.2017 04:00 - 06.06.2017 05:00","1626","1634"
"06.06.2017 05:00 - 06.06.2017 06:00","1735","1714"
"06.06.2017 06:00 - 06.06.2017 07:00","2055","2036"
"06.06.2017 07:00 - 06.06.2017 08:00","2417","2389"
"06.06.2017 08:00 - 06.06.2017 09:00","2546","2528"
"06.06.2017 09:00 - 06.06.2017 10:00","2553","2513"
"06.06.2017 10:00 - 06.06.2017 11:00","2594","2558"
"06.06.2017 11:00 - 06.06.2017 12:00","2564","2539"
"06.06.2017 12:00 - 06.06.2017 13:00","2493","2471"
"06.06.2017 13:00 - 06.06.2017 14:00","2521","2525"
"06.06.2017 14:00 - 06.06.2017 15:00","2460","2468"
"06.06.2017 15:00 - 06.06.2017 16:00","2345","2364"
"06.06.2017 16:00 - 06.06.2017 17:00","2338","2355"
"06.06.2017 17:00 - 06.06.2017 18:00","2508","2527"
"06.06.2017 18:00 - 06.06.2017 19:00","2478","2493"
"06.06.2017 19:00 - 06.06.2017 20:00","2327","2337"
"06.06.2017 20:00 - 06.06.2017 21:00","2220","2272"
"06.06.2017 21:00 - 06.06.2017 22:00","2104","2200"
"06.06.2017 22:00 - 06.06.2017 23:00","2023","2099"
"06.06.2017 23:00 - 07.06.2017 00:00","1921","1945"
"07.06.2017 00:00 - 07.06.2017 01:00","1815","1814"
"07.06.2017 01:00 - 07.06.2017 02:00","1721","1748"
"07.06.2017 02:00 - 07.06.2017 03:00","1718","1749"
"07.06.2017 03:00 - 07.06.2017 04:00","1754","1758"
"07.06.2017 04:00 - 07.06.2017 05:00","1766","1780"
"07.06.2017 05:00 - 07.06.2017 06:00","1876","1854"
"07.06.2017 06:00 - 07.06.2017 07:00","2172","2168"
"07.06.2017 07:00 - 07.06.2017 08:00","2496","2494"
"07.06.2017 08:00 - 07.06.2017 09:00","2664","2649"
"07.06.2017 09:00 - 07.06.2017 10:00","2787","2869"
"07.06.2017 10:00 - 07.06.2017 11:00","2927","2941"
"07.06.2017 11:00 - 07.06.2017 12:00","2885","2867"
"07.06.2017 12:00 - 07.06.2017 13:00","2770","2785"
"07.06.2017 13:00 - 07.06.2017 14:00","2790","2831"
"07.06.2017 14:00 - 07.06.2017 15:00","2771","2789"
"07.06.2017 15:00 - 07.06.2017 16:00","2557","2488"
"07.06.2017 16:00 - 07.06.2017 17:00","2472","2486"
"07.06.2017 17:00 - 07.06.2017 18:00","2604","2611"
"07.06.2017 18:00 - 07.06.2017 19:00","2553","2531"
"07.06.2017 19:00 - 07.06.2017 20:00","2414","2343"
"07.06.2017 20:00 - 07.06.2017 21:00","2291","2230"
"07.06.2017 21:00 - 07.06.2017 22:00","2150","2131"
"07.06.2017 22:00 - 07.06.2017 23:00","2121","2031"
"07.06.2017 23:00 - 08.06.2017 00:00","2048","1871"
"08.06.2017 00:00 - 08.06.2017 01:00","1764","1732"
"08.06.2017 01:00 - 08.06.2017 02:00","1645","1655"
"08.06.2017 02:00 - 08.06.2017 03:00","1607","1615"
"08.06.2017 03:00 - 08.06.2017 04:00","1601","1592"
"08.06.2017 04:00 - 08.06.2017 05:00","1603","1630"
"08.06.2017 05:00 - 08.06.2017 06:00","1741","1725"
"08.06.2017 06:00 - 08.06.2017 07:00","2086","2069"
"08.06.2017 07:00 - 08.06.2017 08:00","2454","2422"
"08.06.2017 08:00 - 08.06.2017 09:00","2564","2474"
"08.06.2017 09:00 - 08.06.2017 10:00","2557","2540"
"08.06.2017 10:00 - 08.06.2017 11:00","2626","2575"
"08.06.2017 11:00 - 08.06.2017 12:00","2624","2587"
"08.06.2017 12:00 - 08.06.2017 13:00","2537","2545"
"08.06.2017 13:00 - 08.06.2017 14:00","2586","2573"
"08.06.2017 14:00 - 08.06.2017 15:00","2552","2537"
"08.06.2017 15:00 - 08.06.2017 16:00","2468","2474"
"08.06.2017 16:00 - 08.06.2017 17:00","2441","2471"
"08.06.2017 17:00 - 08.06.2017 18:00","2603","2602"
"08.06.2017 18:00 - 08.06.2017 19:00","2518","2522"
"08.06.2017 19:00 - 08.06.2017 20:00","2391","2400"
"08.06.2017 20:00 - 08.06.2017 21:00","2274","2281"
"08.06.2017 21:00 - 08.06.2017 22:00","2149","2160"
"08.06.2017 22:00 - 08.06.2017 23:00","2040","2056"
"08.06.2017 23:00 - 09.06.2017 00:00","1915","1909"
"09.06.2017 00:00 - 09.06.2017 01:00","1778","1779"
"09.06.2017 01:00 - 09.06.2017 02:00","1703","1727"
"09.06.2017 02:00 - 09.06.2017 03:00","1675","1693"
"09.06.2017 03:00 - 09.06.2017 04:00","1676","1673"
"09.06.2017 04:00 - 09.06.2017 05:00","1669","1687"
"09.06.2017 05:00 - 09.06.2017 06:00","1774","1788"
"09.06.2017 06:00 - 09.06.2017 07:00","2086","2104"
"09.06.2017 07:00 - 09.06.2017 08:00","2442","2461"
"09.06.2017 08:00 - 09.06.2017 09:00","2647","2628"
"09.06.2017 09:00 - 09.06.2017 10:00","2656","2643"
"09.06.2017 10:00 - 09.06.2017 11:00","2700","2665"
"09.06.2017 11:00 - 09.06.2017 12:00","2650","2644"
"09.06.2017 12:00 - 09.06.2017 13:00","2536","2542"
"09.06.2017 13:00 - 09.06.2017 14:00","2507","2513"
"09.06.2017 14:00 - 09.06.2017 15:00","2400","2404"
"09.06.2017 15:00 - 09.06.2017 16:00","2310","2340"
"09.06.2017 16:00 - 09.06.2017 17:00","2332","2363"
"09.06.2017 17:00 - 09.06.2017 18:00","2423","2494"
"09.06.2017 18:00 - 09.06.2017 19:00","2385","2408"
"09.06.2017 19:00 - 09.06.2017 20:00","2222","2211"
"09.06.2017 20:00 - 09.06.2017 21:00","2077","2074"
"09.06.2017 21:00 - 09.06.2017 22:00","1983","1970"
"09.06.2017 22:00 - 09.06.2017 23:00","1909","1881"
"09.06.2017 23:00 - 10.06.2017 00:00","1804","1759"
"10.06.2017 00:00 - 10.06.2017 01:00","1634","1634"
"10.06.2017 01:00 - 10.06.2017 02:00","1539","1561"
"10.06.2017 02:00 - 10.06.2017 03:00","1486","1510"
"10.06.2017 03:00 - 10.06.2017 04:00","1470","1496"
"10.06.2017 04:00 - 10.06.2017 05:00","1438","1483"
"10.06.2017 05:00 - 10.06.2017 06:00","1448","1491"
"10.06.2017 06:00 - 10.06.2017 07:00","1560","1592"
"10.06.2017 07:00 - 10.06.2017 08:00","1751","1739"
"10.06.2017 08:00 - 10.06.2017 09:00","1920","1900"
"10.06.2017 09:00 - 10.06.2017 10:00","1991","1978"
"10.06.2017 10:00 - 10.06.2017 11:00","2025","2013"
"10.06.2017 11:00 - 10.06.2017 12:00","1997","1982"
"10.06.2017 12:00 - 10.06.2017 13:00","1951","1943"
"10.06.2017 13:00 - 10.06.2017 14:00","1912","1900"
"10.06.2017 14:00 - 10.06.2017 15:00","1845","1861"
"10.06.2017 15:00 - 10.06.2017 16:00","1855","1855"
"10.06.2017 16:00 - 10.06.2017 17:00","1862","1864"
"10.06.2017 17:00 - 10.06.2017 18:00","1986","1998"
"10.06.2017 18:00 - 10.06.2017 19:00","2000","1987"
"10.06.2017 19:00 - 10.06.2017 20:00","1878","1917"
"10.06.2017 20:00 - 10.06.2017 21:00","1820","1807"
"10.06.2017 21:00 - 10.06.2017 22:00","1745","1738"
"10.06.2017 22:00 - 10.06.2017 23:00","1704","1696"
"10.06.2017 23:00 - 11.06.2017 00:00","1653","1625"
"11.06.2017 00:00 - 11.06.2017 01:00","1548","1527"
"11.06.2017 01:00 - 11.06.2017 02:00","1466","1461"
"11.06.2017 02:00 - 11.06.2017 03:00","1421","1419"
"11.06.2017 03:00 - 11.06.2017 04:00","1410","1401"
"11.06.2017 04:00 - 11.06.2017 05:00","1380","1386"
"11.06.2017 05:00 - 11.06.2017 06:00","1386","1384"
"11.06.2017 06:00 - 11.06.2017 07:00","1462","1439"
"11.06.2017 07:00 - 11.06.2017 08:00","1578","1576"
"11.06.2017 08:00 - 11.06.2017 09:00","1722","1743"
"11.06.2017 09:00 - 11.06.2017 10:00","1845","1841"
"11.06.2017 10:00 - 11.06.2017 11:00","1919","1899"
"11.06.2017 11:00 - 11.06.2017 12:00","1922","1935"
"11.06.2017 12:00 - 11.06.2017 13:00","1913","1916"
"11.06.2017 13:00 - 11.06.2017 14:00","1914","1905"
"11.06.2017 14:00 - 11.06.2017 15:00","1875","1849"
"11.06.2017 15:00 - 11.06.2017 16:00","1844","1857"
"11.06.2017 16:00 - 11.06.2017 17:00","1899","1916"
"11.06.2017 17:00 - 11.06.2017 18:00","2104","2123"
"11.06.2017 18:00 - 11.06.2017 19:00","2126","2123"
"11.06.2017 19:00 - 11.06.2017 20:00","2019","2027"
"11.06.2017 20:00 - 11.06.2017 21:00","1942","1954"
"11.06.2017 21:00 - 11.06.2017 22:00","1868","1878"
"11.06.2017 22:00 - 11.06.2017 23:00","1825","1825"
"11.06.2017 23:00 - 12.06.2017 00:00","1767","1724"
"12.06.2017 00:00 - 12.06.2017 01:00","1639","1629"
"12.06.2017 01:00 - 12.06.2017 02:00","1566","1588"
"12.06.2017 02:00 - 12.06.2017 03:00","1548","1556"
"12.06.2017 03:00 - 12.06.2017 04:00","1554","1555"
"12.06.2017 04:00 - 12.06.2017 05:00","1568","1574"
"12.06.2017 05:00 - 12.06.2017 06:00","1662","1695"
"12.06.2017 06:00 - 12.06.2017 07:00","2028","2038"
"12.06.2017 07:00 - 12.06.2017 08:00","2407","2369"
"12.06.2017 08:00 - 12.06.2017 09:00","2533","2509"
"12.06.2017 09:00 - 12.06.2017 10:00","2575","2590"
"12.06.2017 10:00 - 12.06.2017 11:00","2637","2607"
"12.06.2017 11:00 - 12.06.2017 12:00","2613","2603"
"12.06.2017 12:00 - 12.06.2017 13:00","2532","2539"
"12.06.2017 13:00 - 12.06.2017 14:00","2561","2574"
"12.06.2017 14:00 - 12.06.2017 15:00","2522","2503"
"12.06.2017 15:00 - 12.06.2017 16:00","2388","2386"
"12.06.2017 16:00 - 12.06.2017 17:00","2347","2363"
"12.06.2017 17:00 - 12.06.2017 18:00","2485","2482"
"12.06.2017 18:00 - 12.06.2017 19:00","2384","2357"
"12.06.2017 19:00 - 12.06.2017 20:00","2229","2227"
"12.06.2017 20:00 - 12.06.2017 21:00","2119","2122"
"12.06.2017 21:00 - 12.06.2017 22:00","2025","2000"
"12.06.2017 22:00 - 12.06.2017 23:00","1945","1906"
"12.06.2017 23:00 - 13.06.2017 00:00","1853","1784"
"13.06.2017 00:00 - 13.06.2017 01:00","1678","1694"
"13.06.2017 01:00 - 13.06.2017 02:00","1610","1638"
"13.06.2017 02:00 - 13.06.2017 03:00","1579","1603"
"13.06.2017 03:00 - 13.06.2017 04:00","1592","1609"
"13.06.2017 04:00 - 13.06.2017 05:00","1605","1647"
"13.06.2017 05:00 - 13.06.2017 06:00","1716","1727"
"13.06.2017 06:00 - 13.06.2017 07:00","2067","2067"
"13.06.2017 07:00 - 13.06.2017 08:00","2450","2417"
"13.06.2017 08:00 - 13.06.2017 09:00","2609","2573"
"13.06.2017 09:00 - 13.06.2017 10:00","2608","2557"
"13.06.2017 10:00 - 13.06.2017 11:00","2604","2586"
"13.06.2017 11:00 - 13.06.2017 12:00","2583","2550"
"13.06.2017 12:00 - 13.06.2017 13:00","2509","2468"
"13.06.2017 13:00 - 13.06.2017 14:00","2520","2490"
"13.06.2017 14:00 - 13.06.2017 15:00","2440","2416"
"13.06.2017 15:00 - 13.06.2017 16:00","2335","2345"
"13.06.2017 16:00 - 13.06.2017 17:00","2304","2310"
"13.06.2017 17:00 - 13.06.2017 18:00","2400","2448"
"13.06.2017 18:00 - 13.06.2017 19:00","2359","2362"
"13.06.2017 19:00 - 13.06.2017 20:00","2245","2260"
"13.06.2017 20:00 - 13.06.2017 21:00","2136","2117"
"13.06.2017 21:00 - 13.06.2017 22:00","1996","2042"
"13.06.2017 22:00 - 13.06.2017 23:00","1912","1985"
"13.06.2017 23:00 - 14.06.2017 00:00","1806","1862"
"14.06.2017 00:00 - 14.06.2017 01:00","1725","1718"
"14.06.2017 01:00 - 14.06.2017 02:00","1639","1668"
"14.06.2017 02:00 - 14.06.2017 03:00","1642","1654"
"14.06.2017 03:00 - 14.06.2017 04:00","1650","1648"
"14.06.2017 04:00 - 14.06.2017 05:00","1649","1653"
"14.06.2017 05:00 - 14.06.2017 06:00","1754","1756"
"14.06.2017 06:00 - 14.06.2017 07:00","2088","2106"
"14.06.2017 07:00 - 14.06.2017 08:00","2452","2467"
"14.06.2017 08:00 - 14.06.2017 09:00","2571","2537"
"14.06.2017 09:00 - 14.06.2017 10:00","2562","2552"
"14.06.2017 10:00 - 14.06.2017 11:00","2615","2613"
"14.06.2017 11:00 - 14.06.2017 12:00","2640","2636"
"14.06.2017 12:00 - 14.06.2017 13:00","2575","2578"
"14.06.2017 13:00 - 14.06.2017 14:00","2610","2601"
"14.06.2017 14:00 - 14.06.2017 15:00","2550","2535"
"14.06.2017 15:00 - 14.06.2017 16:00","2426","2425"
"14.06.2017 16:00 - 14.06.2017 17:00","2386","2406"
"14.06.2017 17:00 - 14.06.2017 18:00","2479","2486"
"14.06.2017 18:00 - 14.06.2017 19:00","2418","2429"
"14.06.2017 19:00 - 14.06.2017 20:00","2301","2313"
"14.06.2017 20:00 - 14.06.2017 21:00","2186","2196"
"14.06.2017 21:00 - 14.06.2017 22:00","2072","2102"
"14.06.2017 22:00 - 14.06.2017 23:00","2003","2029"
"14.06.2017 23:00 - 15.06.2017 00:00","1901","1905"
"15.06.2017 00:00 - 15.06.2017 01:00","1794","1781"
"15.06.2017 01:00 - 15.06.2017 02:00","1695","1717"
"15.06.2017 02:00 - 15.06.2017 03:00","1659","1689"
"15.06.2017 03:00 - 15.06.2017 04:00","1679","1691"
"15.06.2017 04:00 - 15.06.2017 05:00","1685","1695"
"15.06.2017 05:00 - 15.06.2017 06:00","1791","1799"
"15.06.2017 06:00 - 15.06.2017 07:00","2097","2113"
"15.06.2017 07:00 - 15.06.2017 08:00","2444","2457"
"15.06.2017 08:00 - 15.06.2017 09:00","2591","2613"
"15.06.2017 09:00 - 15.06.2017 10:00","2622","2633"
"15.06.2017 10:00 - 15.06.2017 11:00","2696","2687"
"15.06.2017 11:00 - 15.06.2017 12:00","2693","2710"
"15.06.2017 12:00 - 15.06.2017 13:00","2626","2643"
"15.06.2017 13:00 - 15.06.2017 14:00","2683","2702"
"15.06.2017 14:00 - 15.06.2017 15:00","2645","2637"
"15.06.2017 15:00 - 15.06.2017 16:00","2511","2515"
"15.06.2017 16:00 - 15.06.2017 17:00","2448","2458"
"15.06.2017 17:00 - 15.06.2017 18:00","2543","2557"
"15.06.2017 18:00 - 15.06.2017 19:00","2465","2479"
"15.06.2017 19:00 - 15.06.2017 20:00","2333","2320"
"15.06.2017 20:00 - 15.06.2017 21:00","2235","2214"
"15.06.2017 21:00 - 15.06.2017 22:00","2126","2102"
"15.06.2017 22:00 - 15.06.2017 23:00","2041","2008"
"15.06.2017 23:00 - 16.06.2017 00:00","1912","1864"
"16.06.2017 00:00 - 16.06.2017 01:00","1760","1778"
"16.06.2017 01:00 - 16.06.2017 02:00","1692","1722"
"16.06.2017 02:00 - 16.06.2017 03:00","1682","1690"
"16.06.2017 03:00 - 16.06.2017 04:00","1676","1656"
"16.06.2017 04:00 - 16.06.2017 05:00","1661","1641"
"16.06.2017 05:00 - 16.06.2017 06:00","1747","1746"
"16.06.2017 06:00 - 16.06.2017 07:00","2060","2075"
"16.06.2017 07:00 - 16.06.2017 08:00","2408","2411"
"16.06.2017 08:00 - 16.06.2017 09:00","2513","2543"
"16.06.2017 09:00 - 16.06.2017 10:00","2579","2531"
"16.06.2017 10:00 - 16.06.2017 11:00","2651","2635"
"16.06.2017 11:00 - 16.06.2017 12:00","2585","2645"
"16.06.2017 12:00 - 16.06.2017 13:00","2527","2551"
"16.06.2017 13:00 - 16.06.2017 14:00","2482","2491"
"16.06.2017 14:00 - 16.06.2017 15:00","2388","2401"
"16.06.2017 15:00 - 16.06.2017 16:00","2288","2303"
"16.06.2017 16:00 - 16.06.2017 17:00","2285","2305"
"16.06.2017 17:00 - 16.06.2017 18:00","2343","2323"
"16.06.2017 18:00 - 16.06.2017 19:00","2253","2280"
"16.06.2017 19:00 - 16.06.2017 20:00","2107","2082"
"16.06.2017 20:00 - 16.06.2017 21:00","1970","1961"
"16.06.2017 21:00 - 16.06.2017 22:00","1881","1894"
"16.06.2017 22:00 - 16.06.2017 23:00","1830","1804"
"16.06.2017 23:00 - 17.06.2017 00:00","1714","1703"
"17.06.2017 00:00 - 17.06.2017 01:00","1591","1591"
"17.06.2017 01:00 - 17.06.2017 02:00","1520","1517"
"17.06.2017 02:00 - 17.06.2017 03:00","1494","1490"
"17.06.2017 03:00 - 17.06.2017 04:00","1501","1500"
"17.06.2017 04:00 - 17.06.2017 05:00","1481","1480"
"17.06.2017 05:00 - 17.06.2017 06:00","1478","1477"
"17.06.2017 06:00 - 17.06.2017 07:00","1582","1583"
"17.06.2017 07:00 - 17.06.2017 08:00","1723","1730"
"17.06.2017 08:00 - 17.06.2017 09:00","1906","1906"
"17.06.2017 09:00 - 17.06.2017 10:00","1980","1976"
"17.06.2017 10:00 - 17.06.2017 11:00","2013","2016"
"17.06.2017 11:00 - 17.06.2017 12:00","2006","2006"
"17.06.2017 12:00 - 17.06.2017 13:00","1951","1947"
"17.06.2017 13:00 - 17.06.2017 14:00","1896","1894"
"17.06.2017 14:00 - 17.06.2017 15:00","1846","1849"
"17.06.2017 15:00 - 17.06.2017 16:00","1819","1817"
"17.06.2017 16:00 - 17.06.2017 17:00","1833","1833"
"17.06.2017 17:00 - 17.06.2017 18:00","1980","1978"
"17.06.2017 18:00 - 17.06.2017 19:00","1991","1990"
"17.06.2017 19:00 - 17.06.2017 20:00","1925","1926"
"17.06.2017 20:00 - 17.06.2017 21:00","1830","1828"
"17.06.2017 21:00 - 17.06.2017 22:00","1758","1757"
"17.06.2017 22:00 - 17.06.2017 23:00","1721","1719"
"17.06.2017 23:00 - 18.06.2017 00:00","1679","1677"
"18.06.2017 00:00 - 18.06.2017 01:00","1586","1584"
"18.06.2017 01:00 - 18.06.2017 02:00","1513","1510"
"18.06.2017 02:00 - 18.06.2017 03:00","1479","1481"
"18.06.2017 03:00 - 18.06.2017 04:00","1458","1453"
"18.06.2017 04:00 - 18.06.2017 05:00","1418","1424"
"18.06.2017 05:00 - 18.06.2017 06:00","1427","1425"
"18.06.2017 06:00 - 18.06.2017 07:00","1506","1496"
"18.06.2017 07:00 - 18.06.2017 08:00","1637","1626"
"18.06.2017 08:00 - 18.06.2017 09:00","1790","1793"
"18.06.2017 09:00 - 18.06.2017 10:00","1918","1917"
"18.06.2017 10:00 - 18.06.2017 11:00","1982","1967"
"18.06.2017 11:00 - 18.06.2017 12:00","1985","1964"
"18.06.2017 12:00 - 18.06.2017 13:00","1962","1960"
"18.06.2017 13:00 - 18.06.2017 14:00","1923","1880"
"18.06.2017 14:00 - 18.06.2017 15:00","1863","1867"
"18.06.2017 15:00 - 18.06.2017 16:00","1865","1864"
"18.06.2017 16:00 - 18.06.2017 17:00","1900","1914"
"18.06.2017 17:00 - 18.06.2017 18:00","2068","2074"
"18.06.2017 18:00 - 18.06.2017 19:00","2091","2109"
"18.06.2017 19:00 - 18.06.2017 20:00","2031","2059"
"18.06.2017 20:00 - 18.06.2017 21:00","1980","2002"
"18.06.2017 21:00 - 18.06.2017 22:00","1921","1944"
"18.06.2017 22:00 - 18.06.2017 23:00","1871","1874"
"18.06.2017 23:00 - 19.06.2017 00:00","1796","1797"
"19.06.2017 00:00 - 19.06.2017 01:00","1705","1704"
"19.06.2017 01:00 - 19.06.2017 02:00","1644","1653"
"19.06.2017 02:00 - 19.06.2017 03:00","1628","1636"
"19.06.2017 03:00 - 19.06.2017 04:00","1649","1642"
"19.06.2017 04:00 - 19.06.2017 05:00","1654","1651"
"19.06.2017 05:00 - 19.06.2017 06:00","1760","1770"
"19.06.2017 06:00 - 19.06.2017 07:00","2109","2115"
"19.06.2017 07:00 - 19.06.2017 08:00","2496","2501"
"19.06.2017 08:00 - 19.06.2017 09:00","2670","2672"
"19.06.2017 09:00 - 19.06.2017 10:00","2709","2712"
"19.06.2017 10:00 - 19.06.2017 11:00","2771","2778"
"19.06.2017 11:00 - 19.06.2017 12:00","2768","3896"
"19.06.2017 12:00 - 19.06.2017 13:00","2721","3588"
"19.06.2017 13:00 - 19.06.2017 14:00","2755","2757"
"19.06.2017 14:00 - 19.06.2017 15:00","2689","2689"
"19.06.2017 15:00 - 19.06.2017 16:00","2592","2594"
"19.06.2017 16:00 - 19.06.2017 17:00","2543","2544"
"19.06.2017 17:00 - 19.06.2017 18:00","2646","2613"
"19.06.2017 18:00 - 19.06.2017 19:00","2531","2548"
"19.06.2017 19:00 - 19.06.2017 20:00","2414","2452"
"19.06.2017 20:00 - 19.06.2017 21:00","2324","2348"
"19.06.2017 21:00 - 19.06.2017 22:00","2230","2228"
"19.06.2017 22:00 - 19.06.2017 23:00","2135","2132"
"19.06.2017 23:00 - 20.06.2017 00:00","2011","1973"
"20.06.2017 00:00 - 20.06.2017 01:00","1856","1861"
"20.06.2017 01:00 - 20.06.2017 02:00","1795","1806"
"20.06.2017 02:00 - 20.06.2017 03:00","1760","1759"
"20.06.2017 03:00 - 20.06.2017 04:00","1755","1755"
"20.06.2017 04:00 - 20.06.2017 05:00","1755","1744"
"20.06.2017 05:00 - 20.06.2017 06:00","1835","1831"
"20.06.2017 06:00 - 20.06.2017 07:00","2125","2143"
"20.06.2017 07:00 - 20.06.2017 08:00","2479","2500"
"20.06.2017 08:00 - 20.06.2017 09:00","2651","2671"
"20.06.2017 09:00 - 20.06.2017 10:00","2664","2665"
"20.06.2017 10:00 - 20.06.2017 11:00","2714","2747"
"20.06.2017 11:00 - 20.06.2017 12:00","2742","2750"
"20.06.2017 12:00 - 20.06.2017 13:00","2676","2679"
"20.06.2017 13:00 - 20.06.2017 14:00","2691","2684"
"20.06.2017 14:00 - 20.06.2017 15:00","2605","2606"
"20.06.2017 15:00 - 20.06.2017 16:00","2505","2519"
"20.06.2017 16:00 - 20.06.2017 17:00","2472","2467"
"20.06.2017 17:00 - 20.06.2017 18:00","2550","2549"
"20.06.2017 18:00 - 20.06.2017 19:00","2457","2471"
"20.06.2017 19:00 - 20.06.2017 20:00","2364","2368"
"20.06.2017 20:00 - 20.06.2017 21:00","2285","2280"
"20.06.2017 21:00 - 20.06.2017 22:00","2195","2189"
"20.06.2017 22:00 - 20.06.2017 23:00","2114","2128"
"20.06.2017 23:00 - 21.06.2017 00:00","1999","2028"
"21.06.2017 00:00 - 21.06.2017 01:00","1904","1875"
"21.06.2017 01:00 - 21.06.2017 02:00","1786","1801"
"21.06.2017 02:00 - 21.06.2017 03:00","1753","1773"
"21.06.2017 03:00 - 21.06.2017 04:00","1759","1765"
"21.06.2017 04:00 - 21.06.2017 05:00","1756","1760"
"21.06.2017 05:00 - 21.06.2017 06:00","1874","1874"
"21.06.2017 06:00 - 21.06.2017 07:00","2181","2199"
"21.06.2017 07:00 - 21.06.2017 08:00","2530","2535"
"21.06.2017 08:00 - 21.06.2017 09:00","2700","2709"
"21.06.2017 09:00 - 21.06.2017 10:00","2727","2735"
"21.06.2017 10:00 - 21.06.2017 11:00","2792","2791"
"21.06.2017 11:00 - 21.06.2017 12:00","2791","2768"
"21.06.2017 12:00 - 21.06.2017 13:00","2696","2658"
"21.06.2017 13:00 - 21.06.2017 14:00","2695","2686"
"21.06.2017 14:00 - 21.06.2017 15:00","2639","2629"
"21.06.2017 15:00 - 21.06.2017 16:00","2516","2517"
"21.06.2017 16:00 - 21.06.2017 17:00","2460","2467"
"21.06.2017 17:00 - 21.06.2017 18:00","2546","2576"
"21.06.2017 18:00 - 21.06.2017 19:00","2501","2519"
"21.06.2017 19:00 - 21.06.2017 20:00","2398","2425"
"21.06.2017 20:00 - 21.06.2017 21:00","2333","2319"
"21.06.2017 21:00 - 21.06.2017 22:00","2253","2211"
"21.06.2017 22:00 - 21.06.2017 23:00","2184","2134"
"21.06.2017 23:00 - 22.06.2017 00:00","2061","2016"
"22.06.2017 00:00 - 22.06.2017 01:00","1888","1889"
"22.06.2017 01:00 - 22.06.2017 02:00","1793","1828"
"22.06.2017 02:00 - 22.06.2017 03:00","1785","1801"
"22.06.2017 03:00 - 22.06.2017 04:00","1783","1793"
"22.06.2017 04:00 - 22.06.2017 05:00","1779","1786"
"22.06.2017 05:00 - 22.06.2017 06:00","1891","1873"
"22.06.2017 06:00 - 22.06.2017 07:00","2188","2199"
"22.06.2017 07:00 - 22.06.2017 08:00","2557","2585"
"22.06.2017 08:00 - 22.06.2017 09:00","2756","2780"
"22.06.2017 09:00 - 22.06.2017 10:00","2800","2793"
"22.06.2017 10:00 - 22.06.2017 11:00","2853","2843"
"22.06.2017 11:00 - 22.06.2017 12:00","2849","2839"
"22.06.2017 12:00 - 22.06.2017 13:00","2791","2785"
"22.06.2017 13:00 - 22.06.2017 14:00","2824","2814"
"22.06.2017 14:00 - 22.06.2017 15:00","2740","2747"
"22.06.2017 15:00 - 22.06.2017 16:00","2613","2632"
"22.06.2017 16:00 - 22.06.2017 17:00","2568","2582"
"22.06.2017 17:00 - 22.06.2017 18:00","2657","2672"
"22.06.2017 18:00 - 22.06.2017 19:00","2572","2580"
"22.06.2017 19:00 - 22.06.2017 20:00","2439","2488"
"22.06.2017 20:00 - 22.06.2017 21:00","2389","2380"
"22.06.2017 21:00 - 22.06.2017 22:00","2317","2268"
"22.06.2017 22:00 - 22.06.2017 23:00","2251","2193"
"22.06.2017 23:00 - 23.06.2017 00:00","2130","2028"
"23.06.2017 00:00 - 23.06.2017 01:00","1916","1908"
"23.06.2017 01:00 - 23.06.2017 02:00","1809","1808"
"23.06.2017 02:00 - 23.06.2017 03:00","1758","1756"
"23.06.2017 03:00 - 23.06.2017 04:00","1742","1737"
"23.06.2017 04:00 - 23.06.2017 05:00","1726","1764"
"23.06.2017 05:00 - 23.06.2017 06:00","1878","1886"
"23.06.2017 06:00 - 23.06.2017 07:00","2228","2242"
"23.06.2017 07:00 - 23.06.2017 08:00","2625","2605"
"23.06.2017 08:00 - 23.06.2017 09:00","2743","2729"
"23.06.2017 09:00 - 23.06.2017 10:00","2758","2757"
"23.06.2017 10:00 - 23.06.2017 11:00","2825","2811"
"23.06.2017 11:00 - 23.06.2017 12:00","2782","2775"
"23.06.2017 12:00 - 23.06.2017 13:00","2695","2725"
"23.06.2017 13:00 - 23.06.2017 14:00","2648","2628"
"23.06.2017 14:00 - 23.06.2017 15:00","2470","2443"
"23.06.2017 15:00 - 23.06.2017 16:00","2351","2349"
"23.06.2017 16:00 - 23.06.2017 17:00","2342","2355"
"23.06.2017 17:00 - 23.06.2017 18:00","2411","2396"
"23.06.2017 18:00 - 23.06.2017 19:00","2311","2274"
"23.06.2017 19:00 - 23.06.2017 20:00","2114","2119"
"23.06.2017 20:00 - 23.06.2017 21:00","2018","2032"
"23.06.2017 21:00 - 23.06.2017 22:00","1925","1990"
"23.06.2017 22:00 - 23.06.2017 23:00","1839","1930"
"23.06.2017 23:00 - 24.06.2017 00:00","1749","1828"
"24.06.2017 00:00 - 24.06.2017 01:00","1709","1698"
"24.06.2017 01:00 - 24.06.2017 02:00","1605","1622"
"24.06.2017 02:00 - 24.06.2017 03:00","1535","1588"
"24.06.2017 03:00 - 24.06.2017 04:00","1521","1560"
"24.06.2017 04:00 - 24.06.2017 05:00","1505","1538"
"24.06.2017 05:00 - 24.06.2017 06:00","1488","1551"
"24.06.2017 06:00 - 24.06.2017 07:00","1619","1630"
"24.06.2017 07:00 - 24.06.2017 08:00","1805","1781"
"24.06.2017 08:00 - 24.06.2017 09:00","1952","1941"
"24.06.2017 09:00 - 24.06.2017 10:00","2052","2038"
"24.06.2017 10:00 - 24.06.2017 11:00","2102","2082"
"24.06.2017 11:00 - 24.06.2017 12:00","2082","2085"
"24.06.2017 12:00 - 24.06.2017 13:00","2060","2049"
"24.06.2017 13:00 - 24.06.2017 14:00","2027","2075"
"24.06.2017 14:00 - 24.06.2017 15:00","2051","2041"
"24.06.2017 15:00 - 24.06.2017 16:00","1982","1975"
"24.06.2017 16:00 - 24.06.2017 17:00","1979","1967"
"24.06.2017 17:00 - 24.06.2017 18:00","2052","2038"
"24.06.2017 18:00 - 24.06.2017 19:00","2022","1992"
"24.06.2017 19:00 - 24.06.2017 20:00","1898","1894"
"24.06.2017 20:00 - 24.06.2017 21:00","1811","1830"
"24.06.2017 21:00 - 24.06.2017 22:00","1749","1775"
"24.06.2017 22:00 - 24.06.2017 23:00","1706","1762"
"24.06.2017 23:00 - 25.06.2017 00:00","1644","1683"
"25.06.2017 00:00 - 25.06.2017 01:00","1598","1581"
"25.06.2017 01:00 - 25.06.2017 02:00","1504","1511"
"25.06.2017 02:00 - 25.06.2017 03:00","1479","1494"
"25.06.2017 03:00 - 25.06.2017 04:00","1472","1461"
"25.06.2017 04:00 - 25.06.2017 05:00","1436","1436"
"25.06.2017 05:00 - 25.06.2017 06:00","1425","1431"
"25.06.2017 06:00 - 25.06.2017 07:00","1542","1539"
"25.06.2017 07:00 - 25.06.2017 08:00","1678","1653"
"25.06.2017 08:00 - 25.06.2017 09:00","1791","1778"
"25.06.2017 09:00 - 25.06.2017 10:00","1903","1910"
"25.06.2017 10:00 - 25.06.2017 11:00","1984","2011"
"25.06.2017 11:00 - 25.06.2017 12:00","2029","2038"
"25.06.2017 12:00 - 25.06.2017 13:00","2021","2014"
"25.06.2017 13:00 - 25.06.2017 14:00","2004","2031"
"25.06.2017 14:00 - 25.06.2017 15:00","1975","1961"
"25.06.2017 15:00 - 25.06.2017 16:00","1938","1928"
"25.06.2017 16:00 - 25.06.2017 17:00","1968","1982"
"25.06.2017 17:00 - 25.06.2017 18:00","2129","2131"
"25.06.2017 18:00 - 25.06.2017 19:00","2133","2115"
"25.06.2017 19:00 - 25.06.2017 20:00","2032","1996"
"25.06.2017 20:00 - 25.06.2017 21:00","1907","1917"
"25.06.2017 21:00 - 25.06.2017 22:00","1833","1823"
"25.06.2017 22:00 - 25.06.2017 23:00","1814","1787"
"25.06.2017 23:00 - 26.06.2017 00:00","1762","1758"
"26.06.2017 00:00 - 26.06.2017 01:00","1675","1696"
"26.06.2017 01:00 - 26.06.2017 02:00","1631","1649"
"26.06.2017 02:00 - 26.06.2017 03:00","1626","1631"
"26.06.2017 03:00 - 26.06.2017 04:00","1648","1647"
"26.06.2017 04:00 - 26.06.2017 05:00","1640","1625"
"26.06.2017 05:00 - 26.06.2017 06:00","1717","1711"
"26.06.2017 06:00 - 26.06.2017 07:00","2023","1998"
"26.06.2017 07:00 - 26.06.2017 08:00","2366","2353"
"26.06.2017 08:00 - 26.06.2017 09:00","2532","2596"
"26.06.2017 09:00 - 26.06.2017 10:00","2522","2514"
"26.06.2017 10:00 - 26.06.2017 11:00","2619","2601"
"26.06.2017 11:00 - 26.06.2017 12:00","2639","2622"
"26.06.2017 12:00 - 26.06.2017 13:00","2571","2562"
"26.06.2017 13:00 - 26.06.2017 14:00","2604","2577"
"26.06.2017 14:00 - 26.06.2017 15:00","2505","2520"
"26.06.2017 15:00 - 26.06.2017 16:00","2418","2407"
"26.06.2017 16:00 - 26.06.2017 17:00","2365","2361"
"26.06.2017 17:00 - 26.06.2017 18:00","2471","2469"
"26.06.2017 18:00 - 26.06.2017 19:00","2382","2398"
"26.06.2017 19:00 - 26.06.2017 20:00","2246","2258"
"26.06.2017 20:00 - 26.06.2017 21:00","2137","2158"
"26.06.2017 21:00 - 26.06.2017 22:00","2025","2055"
"26.06.2017 22:00 - 26.06.2017 23:00","1946","2006"
"26.06.2017 23:00 - 27.06.2017 00:00","1847","1902"
"27.06.2017 00:00 - 27.06.2017 01:00","1750","1768"
"27.06.2017 01:00 - 27.06.2017 02:00","1681","1716"
"27.06.2017 02:00 - 27.06.2017 03:00","1668","1688"
"27.06.2017 03:00 - 27.06.2017 04:00","1674","1677"
"27.06.2017 04:00 - 27.06.2017 05:00","1677","1686"
"27.06.2017 05:00 - 27.06.2017 06:00","1791","1790"
"27.06.2017 06:00 - 27.06.2017 07:00","2094","2068"
"27.06.2017 07:00 - 27.06.2017 08:00","2430","2407"
"27.06.2017 08:00 - 27.06.2017 09:00","2569","2558"
"27.06.2017 09:00 - 27.06.2017 10:00","2598","2597"
"27.06.2017 10:00 - 27.06.2017 11:00","2690","2689"
"27.06.2017 11:00 - 27.06.2017 12:00","2677","2673"
"27.06.2017 12:00 - 27.06.2017 13:00","2618","2619"
"27.06.2017 13:00 - 27.06.2017 14:00","2640","2635"
"27.06.2017 14:00 - 27.06.2017 15:00","2585","2576"
"27.06.2017 15:00 - 27.06.2017 16:00","2453","2466"
"27.06.2017 16:00 - 27.06.2017 17:00","2399","2396"
"27.06.2017 17:00 - 27.06.2017 18:00","2499","2520"
"27.06.2017 18:00 - 27.06.2017 19:00","2445","2474"
"27.06.2017 19:00 - 27.06.2017 20:00","2300","2346"
"27.06.2017 20:00 - 27.06.2017 21:00","2179","2225"
"27.06.2017 21:00 - 27.06.2017 22:00","2065","2130"
"27.06.2017 22:00 - 27.06.2017 23:00","1976","2060"
"27.06.2017 23:00 - 28.06.2017 00:00","1877","1924"
"28.06.2017 00:00 - 28.06.2017 01:00","1816","1810"
"28.06.2017 01:00 - 28.06.2017 02:00","1733","1751"
"28.06.2017 02:00 - 28.06.2017 03:00","1696","1712"
"28.06.2017 03:00 - 28.06.2017 04:00","1697","1701"
"28.06.2017 04:00 - 28.06.2017 05:00","1692","1697"
"28.06.2017 05:00 - 28.06.2017 06:00","1788","1768"
"28.06.2017 06:00 - 28.06.2017 07:00","2107","2058"
"28.06.2017 07:00 - 28.06.2017 08:00","2418","2401"
"28.06.2017 08:00 - 28.06.2017 09:00","2591","2570"
"28.06.2017 09:00 - 28.06.2017 10:00","2604","2601"
"28.06.2017 10:00 - 28.06.2017 11:00","2695","2680"
"28.06.2017 11:00 - 28.06.2017 12:00","2703","2670"
"28.06.2017 12:00 - 28.06.2017 13:00","2624","2588"
"28.06.2017 13:00 - 28.06.2017 14:00","2618","2674"
"28.06.2017 14:00 - 28.06.2017 15:00","2568","2562"
"28.06.2017 15:00 - 28.06.2017 16:00","2447","2415"
"28.06.2017 16:00 - 28.06.2017 17:00","2357","2372"
"28.06.2017 17:00 - 28.06.2017 18:00","2465","2490"
"28.06.2017 18:00 - 28.06.2017 19:00","2404","2405"
"28.06.2017 19:00 - 28.06.2017 20:00","2276","2281"
"28.06.2017 20:00 - 28.06.2017 21:00","2165","2175"
"28.06.2017 21:00 - 28.06.2017 22:00","2062","2055"
"28.06.2017 22:00 - 28.06.2017 23:00","1979","2002"
"28.06.2017 23:00 - 29.06.2017 00:00","1880","1885"
"29.06.2017 00:00 - 29.06.2017 01:00","1758","1746"
"29.06.2017 01:00 - 29.06.2017 02:00","1660","1683"
"29.06.2017 02:00 - 29.06.2017 03:00","1639","1658"
"29.06.2017 03:00 - 29.06.2017 04:00","1637","1626"
"29.06.2017 04:00 - 29.06.2017 05:00","1645","1671"
"29.06.2017 05:00 - 29.06.2017 06:00","1797","1814"
"29.06.2017 06:00 - 29.06.2017 07:00","2132","2133"
"29.06.2017 07:00 - 29.06.2017 08:00","2484","2465"
"29.06.2017 08:00 - 29.06.2017 09:00","2644","2644"
"29.06.2017 09:00 - 29.06.2017 10:00","2681","2685"
"29.06.2017 10:00 - 29.06.2017 11:00","2764","2789"
"29.06.2017 11:00 - 29.06.2017 12:00","2803","2795"
"29.06.2017 12:00 - 29.06.2017 13:00","2721","2732"
"29.06.2017 13:00 - 29.06.2017 14:00","2747","2744"
"29.06.2017 14:00 - 29.06.2017 15:00","2680","2684"
"29.06.2017 15:00 - 29.06.2017 16:00","2573","2572"
"29.06.2017 16:00 - 29.06.2017 17:00","2499","2525"
"29.06.2017 17:00 - 29.06.2017 18:00","2602","2611"
"29.06.2017 18:00 - 29.06.2017 19:00","2530","2514"
"29.06.2017 19:00 - 29.06.2017 20:00","2393","2410"
"29.06.2017 20:00 - 29.06.2017 21:00","2290","2319"
"29.06.2017 21:00 - 29.06.2017 22:00","2198","2181"
"29.06.2017 22:00 - 29.06.2017 23:00","2120","2011"
"29.06.2017 23:00 - 30.06.2017 00:00","2003","1840"
"30.06.2017 00:00 - 30.06.2017 01:00","1741","1745"
"30.06.2017 01:00 - 30.06.2017 02:00","1679","1688"
"30.06.2017 02:00 - 30.06.2017 03:00","1661","1643"
"30.06.2017 03:00 - 30.06.2017 04:00","1646","1665"
"30.06.2017 04:00 - 30.06.2017 05:00","1689","1718"
"30.06.2017 05:00 - 30.06.2017 06:00","1788","1796"
"30.06.2017 06:00 - 30.06.2017 07:00","2087","2086"
"30.06.2017 07:00 - 30.06.2017 08:00","2435","2420"
"30.06.2017 08:00 - 30.06.2017 09:00","2570","2562"
"30.06.2017 09:00 - 30.06.2017 10:00","2591","2567"
"30.06.2017 10:00 - 30.06.2017 11:00","2672","2656"
"30.06.2017 11:00 - 30.06.2017 12:00","2658","2638"
"30.06.2017 12:00 - 30.06.2017 13:00","2537","2527"
"30.06.2017 13:00 - 30.06.2017 14:00","2477","2462"
"30.06.2017 14:00 - 30.06.2017 15:00","2382","2393"
"30.06.2017 15:00 - 30.06.2017 16:00","2337","2360"
"30.06.2017 16:00 - 30.06.2017 17:00","2322","2322"
"30.06.2017 17:00 - 30.06.2017 18:00","2378","2416"
"30.06.2017 18:00 - 30.06.2017 19:00","2347","2374"
"30.06.2017 19:00 - 30.06.2017 20:00","2215","2221"
"30.06.2017 20:00 - 30.06.2017 21:00","2089","2077"
"30.06.2017 21:00 - 30.06.2017 22:00","1988","1948"
"30.06.2017 22:00 - 30.06.2017 23:00","1879","1896"
"30.06.2017 23:00 - 01.07.2017 00:00","1747","1779"
"01.07.2017 00:00 - 01.07.2017 01:00","1662","1649"
"01.07.2017 01:00 - 01.07.2017 02:00","1570","1574"
"01.07.2017 02:00 - 01.07.2017 03:00","1524","1537"
"01.07.2017 03:00 - 01.07.2017 04:00","1514","1524"
"01.07.2017 04:00 - 01.07.2017 05:00","1500","1491"
"01.07.2017 05:00 - 01.07.2017 06:00","1493","1495"
"01.07.2017 06:00 - 01.07.2017 07:00","1580","1569"
"01.07.2017 07:00 - 01.07.2017 08:00","1743","1740"
"01.07.2017 08:00 - 01.07.2017 09:00","1916","1908"
"01.07.2017 09:00 - 01.07.2017 10:00","2007","1985"
"01.07.2017 10:00 - 01.07.2017 11:00","2034","2009"
"01.07.2017 11:00 - 01.07.2017 12:00","2007","1967"
"01.07.2017 12:00 - 01.07.2017 13:00","1932","1935"
"01.07.2017 13:00 - 01.07.2017 14:00","1895","1892"
"01.07.2017 14:00 - 01.07.2017 15:00","1867","1876"
"01.07.2017 15:00 - 01.07.2017 16:00","1840","1836"
"01.07.2017 16:00 - 01.07.2017 17:00","1843","1854"
"01.07.2017 17:00 - 01.07.2017 18:00","1970","1983"
"01.07.2017 18:00 - 01.07.2017 19:00","1973","1981"
"01.07.2017 19:00 - 01.07.2017 20:00","1871","1899"
"01.07.2017 20:00 - 01.07.2017 21:00","1812","1814"
"01.07.2017 21:00 - 01.07.2017 22:00","1748","1716"
"01.07.2017 22:00 - 01.07.2017 23:00","1688","1663"
"01.07.2017 23:00 - 02.07.2017 00:00","1610","1594"
"02.07.2017 00:00 - 02.07.2017 01:00","1507","1470"
"02.07.2017 01:00 - 02.07.2017 02:00","1392","1391"
"02.07.2017 02:00 - 02.07.2017 03:00","1345","1363"
"02.07.2017 03:00 - 02.07.2017 04:00","1344","1354"
"02.07.2017 04:00 - 02.07.2017 05:00","1322","1358"
"02.07.2017 05:00 - 02.07.2017 06:00","1341","1407"
"02.07.2017 06:00 - 02.07.2017 07:00","1481","1461"
"02.07.2017 07:00 - 02.07.2017 08:00","1598","1571"
"02.07.2017 08:00 - 02.07.2017 09:00","1758","1762"
"02.07.2017 09:00 - 02.07.2017 10:00","1877","1851"
"02.07.2017 10:00 - 02.07.2017 11:00","1926","1915"
"02.07.2017 11:00 - 02.07.2017 12:00","1967","1968"
"02.07.2017 12:00 - 02.07.2017 13:00","1960","1921"
"02.07.2017 13:00 - 02.07.2017 14:00","1916","1927"
"02.07.2017 14:00 - 02.07.2017 15:00","1894","1880"
"02.07.2017 15:00 - 02.07.2017 16:00","1872","1877"
"02.07.2017 16:00 - 02.07.2017 17:00","1910","1909"
"02.07.2017 17:00 - 02.07.2017 18:00","2054","2058"
"02.07.2017 18:00 - 02.07.2017 19:00","2065","2071"
"02.07.2017 19:00 - 02.07.2017 20:00","1976","1984"
"02.07.2017 20:00 - 02.07.2017 21:00","1920","1900"
"02.07.2017 21:00 - 02.07.2017 22:00","1859","1814"
"02.07.2017 22:00 - 02.07.2017 23:00","1814","1796"
"02.07.2017 23:00 - 03.07.2017 00:00","1744","1749"
"03.07.2017 00:00 - 03.07.2017 01:00","1669","1668"
"03.07.2017 01:00 - 03.07.2017 02:00","1596","1591"
"03.07.2017 02:00 - 03.07.2017 03:00","1561","1550"
"03.07.2017 03:00 - 03.07.2017 04:00","1570","1575"
"03.07.2017 04:00 - 03.07.2017 05:00","1585","1564"
"03.07.2017 05:00 - 03.07.2017 06:00","1677","1648"
"03.07.2017 06:00 - 03.07.2017 07:00","1951","1946"
"03.07.2017 07:00 - 03.07.2017 08:00","2318","2295"
"03.07.2017 08:00 - 03.07.2017 09:00","2487","2475"
"03.07.2017 09:00 - 03.07.2017 10:00","2550","2571"
"03.07.2017 10:00 - 03.07.2017 11:00","2654","2639"
"03.07.2017 11:00 - 03.07.2017 12:00","2654","2636"
"03.07.2017 12:00 - 03.07.2017 13:00","2580","2601"
"03.07.2017 13:00 - 03.07.2017 14:00","2643","2636"
"03.07.2017 14:00 - 03.07.2017 15:00","2574","2606"
"03.07.2017 15:00 - 03.07.2017 16:00","2508","2503"
"03.07.2017 16:00 - 03.07.2017 17:00","2445","2472"
"03.07.2017 17:00 - 03.07.2017 18:00","2544","2545"
"03.07.2017 18:00 - 03.07.2017 19:00","2481","2484"
"03.07.2017 19:00 - 03.07.2017 20:00","2311","2311"
"03.07.2017 20:00 - 03.07.2017 21:00","2162","2179"
"03.07.2017 21:00 - 03.07.2017 22:00","2066","2070"
"03.07.2017 22:00 - 03.07.2017 23:00","1986","2015"
"03.07.2017 23:00 - 04.07.2017 00:00","1883","1925"
"04.07.2017 00:00 - 04.07.2017 01:00","1788","1794"
"04.07.2017 01:00 - 04.07.2017 02:00","1704","1738"
"04.07.2017 02:00 - 04.07.2017 03:00","1680","1677"
"04.07.2017 03:00 - 04.07.2017 04:00","1663","1669"
"04.07.2017 04:00 - 04.07.2017 05:00","1689","1711"
"04.07.2017 05:00 - 04.07.2017 06:00","1786","1780"
"04.07.2017 06:00 - 04.07.2017 07:00","2063","2068"
"04.07.2017 07:00 - 04.07.2017 08:00","2414","2409"
"04.07.2017 08:00 - 04.07.2017 09:00","2581","2576"
"04.07.2017 09:00 - 04.07.2017 10:00","2609","2588"
"04.07.2017 10:00 - 04.07.2017 11:00","2704","2719"
"04.07.2017 11:00 - 04.07.2017 12:00","2650","2654"
"04.07.2017 12:00 - 04.07.2017 13:00","2631","2654"
"04.07.2017 13:00 - 04.07.2017 14:00","2662","2632"
"04.07.2017 14:00 - 04.07.2017 15:00","2553","2545"
"04.07.2017 15:00 - 04.07.2017 16:00","2415","2431"
"04.07.2017 16:00 - 04.07.2017 17:00","2383","2376"
"04.07.2017 17:00 - 04.07.2017 18:00","2468","2484"
"04.07.2017 18:00 - 04.07.2017 19:00","2421","2423"
"04.07.2017 19:00 - 04.07.2017 20:00","2297","2301"
"04.07.2017 20:00 - 04.07.2017 21:00","2182","2188"
"04.07.2017 21:00 - 04.07.2017 22:00","2086","2086"
"04.07.2017 22:00 - 04.07.2017 23:00","2006","2031"
"04.07.2017 23:00 - 05.07.2017 00:00","1897","1910"
"05.07.2017 00:00 - 05.07.2017 01:00","1795","1787"
"05.07.2017 01:00 - 05.07.2017 02:00","1711","1737"
"05.07.2017 02:00 - 05.07.2017 03:00","1681","1714"
"05.07.2017 03:00 - 05.07.2017 04:00","1683","1707"
"05.07.2017 04:00 - 05.07.2017 05:00","1704","1714"
"05.07.2017 05:00 - 05.07.2017 06:00","1797","1789"
"05.07.2017 06:00 - 05.07.2017 07:00","2023","2037"
"05.07.2017 07:00 - 05.07.2017 08:00","2352","2376"
"05.07.2017 08:00 - 05.07.2017 09:00","2551","2560"
"05.07.2017 09:00 - 05.07.2017 10:00","2602","2590"
"05.07.2017 10:00 - 05.07.2017 11:00","2663","2661"
"05.07.2017 11:00 - 05.07.2017 12:00","2653","2654"
"05.07.2017 12:00 - 05.07.2017 13:00","2606","2598"
"05.07.2017 13:00 - 05.07.2017 14:00","2603","2594"
"05.07.2017 14:00 - 05.07.2017 15:00","2517","2518"
"05.07.2017 15:00 - 05.07.2017 16:00","2427","2424"
"05.07.2017 16:00 - 05.07.2017 17:00","2365","2345"
"05.07.2017 17:00 - 05.07.2017 18:00","2453","2451"
"05.07.2017 18:00 - 05.07.2017 19:00","2394","2410"
"05.07.2017 19:00 - 05.07.2017 20:00","2296","2325"
"05.07.2017 20:00 - 05.07.2017 21:00","2228","2216"
"05.07.2017 21:00 - 05.07.2017 22:00","2160","2097"
"05.07.2017 22:00 - 05.07.2017 23:00","2101","2035"
"05.07.2017 23:00 - 06.07.2017 00:00","1999","1923"
"06.07.2017 00:00 - 06.07.2017 01:00","1796","1796"
"06.07.2017 01:00 - 06.07.2017 02:00","1711","1749"
"06.07.2017 02:00 - 06.07.2017 03:00","1686","1702"
"06.07.2017 03:00 - 06.07.2017 04:00","1682","1693"
"06.07.2017 04:00 - 06.07.2017 05:00","1710","1713"
"06.07.2017 05:00 - 06.07.2017 06:00","1804","1799"
"06.07.2017 06:00 - 06.07.2017 07:00","2053","2066"
"06.07.2017 07:00 - 06.07.2017 08:00","2392","2408"
"06.07.2017 08:00 - 06.07.2017 09:00","2578","2563"
"06.07.2017 09:00 - 06.07.2017 10:00","2635","2607"
"06.07.2017 10:00 - 06.07.2017 11:00","2689","2669"
"06.07.2017 11:00 - 06.07.2017 12:00","2668","2664"
"06.07.2017 12:00 - 06.07.2017 13:00","2613","2618"
"06.07.2017 13:00 - 06.07.2017 14:00","2641","2638"
"06.07.2017 14:00 - 06.07.2017 15:00","2571","2564"
"06.07.2017 15:00 - 06.07.2017 16:00","2478","2463"
"06.07.2017 16:00 - 06.07.2017 17:00","2410","2420"
"06.07.2017 17:00 - 06.07.2017 18:00","2489","2495"
"06.07.2017 18:00 - 06.07.2017 19:00","2429","2453"
"06.07.2017 19:00 - 06.07.2017 20:00","2327","2333"
"06.07.2017 20:00 - 06.07.2017 21:00","2226","2231"
"06.07.2017 21:00 - 06.07.2017 22:00","2157","2149"
"06.07.2017 22:00 - 06.07.2017 23:00","2097","2087"
"06.07.2017 23:00 - 07.07.2017 00:00","1992","1971"
"07.07.2017 00:00 - 07.07.2017 01:00","1854","1836"
"07.07.2017 01:00 - 07.07.2017 02:00","1742","1750"
"07.07.2017 02:00 - 07.07.2017 03:00","1690","1699"
"07.07.2017 03:00 - 07.07.2017 04:00","1689","1695"
"07.07.2017 04:00 - 07.07.2017 05:00","1696","1701"
"07.07.2017 05:00 - 07.07.2017 06:00","1785","1787"
"07.07.2017 06:00 - 07.07.2017 07:00","2071","2063"
"07.07.2017 07:00 - 07.07.2017 08:00","2397","2385"
"07.07.2017 08:00 - 07.07.2017 09:00","2572","2575"
"07.07.2017 09:00 - 07.07.2017 10:00","2624","2613"
"07.07.2017 10:00 - 07.07.2017 11:00","2686","2704"
"07.07.2017 11:00 - 07.07.2017 12:00","2678","2685"
"07.07.2017 12:00 - 07.07.2017 13:00","2577","2568"
"07.07.2017 13:00 - 07.07.2017 14:00","2499","2506"
"07.07.2017 14:00 - 07.07.2017 15:00","2409","2422"
"07.07.2017 15:00 - 07.07.2017 16:00","2337","2345"
"07.07.2017 16:00 - 07.07.2017 17:00","2308","2306"
"07.07.2017 17:00 - 07.07.2017 18:00","2378","2365"
"07.07.2017 18:00 - 07.07.2017 19:00","2317","2316"
"07.07.2017 19:00 - 07.07.2017 20:00","2172","2183"
"07.07.2017 20:00 - 07.07.2017 21:00","2042","2040"
"07.07.2017 21:00 - 07.07.2017 22:00","1938","1944"
"07.07.2017 22:00 - 07.07.2017 23:00","1856","1902"
"07.07.2017 23:00 - 08.07.2017 00:00","1750","1801"
"08.07.2017 00:00 - 08.07.2017 01:00","1690","1683"
"08.07.2017 01:00 - 08.07.2017 02:00","1598","1608"
"08.07.2017 02:00 - 08.07.2017 03:00","1552","1576"
"08.07.2017 03:00 - 08.07.2017 04:00","1539","1552"
"08.07.2017 04:00 - 08.07.2017 05:00","1521","1533"
"08.07.2017 05:00 - 08.07.2017 06:00","1526","1511"
"08.07.2017 06:00 - 08.07.2017 07:00","1613","1604"
"08.07.2017 07:00 - 08.07.2017 08:00","1772","1758"
"08.07.2017 08:00 - 08.07.2017 09:00","1912","1916"
"08.07.2017 09:00 - 08.07.2017 10:00","2028","2025"
"08.07.2017 10:00 - 08.07.2017 11:00","2079","2079"
"08.07.2017 11:00 - 08.07.2017 12:00","2056","2038"
"08.07.2017 12:00 - 08.07.2017 13:00","1982","1951"
"08.07.2017 13:00 - 08.07.2017 14:00","1897","1886"
"08.07.2017 14:00 - 08.07.2017 15:00","1865","1858"
"08.07.2017 15:00 - 08.07.2017 16:00","1817","1817"
"08.07.2017 16:00 - 08.07.2017 17:00","1806","1808"
"08.07.2017 17:00 - 08.07.2017 18:00","1917","1941"
"08.07.2017 18:00 - 08.07.2017 19:00","1951","1963"
"08.07.2017 19:00 - 08.07.2017 20:00","1864","1868"
"08.07.2017 20:00 - 08.07.2017 21:00","1794","1805"
"08.07.2017 21:00 - 08.07.2017 22:00","1722","1739"
"08.07.2017 22:00 - 08.07.2017 23:00","1669","1706"
"08.07.2017 23:00 - 09.07.2017 00:00","1588","1641"
"09.07.2017 00:00 - 09.07.2017 01:00","1544","1551"
"09.07.2017 01:00 - 09.07.2017 02:00","1475","1488"
"09.07.2017 02:00 - 09.07.2017 03:00","1447","1444"
"09.07.2017 03:00 - 09.07.2017 04:00","1427","1412"
"09.07.2017 04:00 - 09.07.2017 05:00","1396","1395"
"09.07.2017 05:00 - 09.07.2017 06:00","1387","1391"
"09.07.2017 06:00 - 09.07.2017 07:00","1454","1456"
"09.07.2017 07:00 - 09.07.2017 08:00","1586","1600"
"09.07.2017 08:00 - 09.07.2017 09:00","1777","1758"
"09.07.2017 09:00 - 09.07.2017 10:00","1886","1853"
"09.07.2017 10:00 - 09.07.2017 11:00","1929","1910"
"09.07.2017 11:00 - 09.07.2017 12:00","1943","1935"
"09.07.2017 12:00 - 09.07.2017 13:00","1924","1930"
"09.07.2017 13:00 - 09.07.2017 14:00","1912","1912"
"09.07.2017 14:00 - 09.07.2017 15:00","1899","1893"
"09.07.2017 15:00 - 09.07.2017 16:00","1890","1873"
"09.07.2017 16:00 - 09.07.2017 17:00","1925","1913"
"09.07.2017 17:00 - 09.07.2017 18:00","2070","2050"
"09.07.2017 18:00 - 09.07.2017 19:00","2088","2074"
"09.07.2017 19:00 - 09.07.2017 20:00","1987","1997"
"09.07.2017 20:00 - 09.07.2017 21:00","1900","1925"
"09.07.2017 21:00 - 09.07.2017 22:00","1829","1847"
"09.07.2017 22:00 - 09.07.2017 23:00","1805","1834"
"09.07.2017 23:00 - 10.07.2017 00:00","1728","1785"
"10.07.2017 00:00 - 10.07.2017 01:00","1693","1700"
"10.07.2017 01:00 - 10.07.2017 02:00","1622","1647"
"10.07.2017 02:00 - 10.07.2017 03:00","1601","1625"
"10.07.2017 03:00 - 10.07.2017 04:00","1628","1620"
"10.07.2017 04:00 - 10.07.2017 05:00","1635","1634"
"10.07.2017 05:00 - 10.07.2017 06:00","1711","1722"
"10.07.2017 06:00 - 10.07.2017 07:00","1964","1964"
"10.07.2017 07:00 - 10.07.2017 08:00","2274","2282"
"10.07.2017 08:00 - 10.07.2017 09:00","2483","2478"
"10.07.2017 09:00 - 10.07.2017 10:00","2580","2550"
"10.07.2017 10:00 - 10.07.2017 11:00","2663","2657"
"10.07.2017 11:00 - 10.07.2017 12:00","2668","2660"
"10.07.2017 12:00 - 10.07.2017 13:00","2602","2622"
"10.07.2017 13:00 - 10.07.2017 14:00","2636","2663"
"10.07.2017 14:00 - 10.07.2017 15:00","2599","2597"
"10.07.2017 15:00 - 10.07.2017 16:00","2483","2473"
"10.07.2017 16:00 - 10.07.2017 17:00","2407","2415"
"10.07.2017 17:00 - 10.07.2017 18:00","2522","2529"
"10.07.2017 18:00 - 10.07.2017 19:00","2490","2480"
"10.07.2017 19:00 - 10.07.2017 20:00","2345","2353"
"10.07.2017 20:00 - 10.07.2017 21:00","2243","2247"
"10.07.2017 21:00 - 10.07.2017 22:00","2152","2140"
"10.07.2017 22:00 - 10.07.2017 23:00","2110","2082"
"10.07.2017 23:00 - 11.07.2017 00:00","2016","1954"
"11.07.2017 00:00 - 11.07.2017 01:00","1816","1824"
"11.07.2017 01:00 - 11.07.2017 02:00","1702","1750"
"11.07.2017 02:00 - 11.07.2017 03:00","1652","1698"
"11.07.2017 03:00 - 11.07.2017 04:00","1681","1688"
"11.07.2017 04:00 - 11.07.2017 05:00","1701","1715"
"11.07.2017 05:00 - 11.07.2017 06:00","1796","1783"
"11.07.2017 06:00 - 11.07.2017 07:00","2049","2052"
"11.07.2017 07:00 - 11.07.2017 08:00","2368","2366"
"11.07.2017 08:00 - 11.07.2017 09:00","2546","2532"
"11.07.2017 09:00 - 11.07.2017 10:00","2610","2598"
"11.07.2017 10:00 - 11.07.2017 11:00","2674","2692"
"11.07.2017 11:00 - 11.07.2017 12:00","2675","2692"
"11.07.2017 12:00 - 11.07.2017 13:00","2648","2649"
"11.07.2017 13:00 - 11.07.2017 14:00","2664","2710"
"11.07.2017 14:00 - 11.07.2017 15:00","2636","2657"
"11.07.2017 15:00 - 11.07.2017 16:00","2517","2504"
"11.07.2017 16:00 - 11.07.2017 17:00","2397","2391"
"11.07.2017 17:00 - 11.07.2017 18:00","2483","2482"
"11.07.2017 18:00 - 11.07.2017 19:00","2435","2454"
"11.07.2017 19:00 - 11.07.2017 20:00","2332","2339"
"11.07.2017 20:00 - 11.07.2017 21:00","2216","2209"
"11.07.2017 21:00 - 11.07.2017 22:00","2121","2086"
"11.07.2017 22:00 - 11.07.2017 23:00","2052","2049"
"11.07.2017 23:00 - 12.07.2017 00:00","1961","1923"
"12.07.2017 00:00 - 12.07.2017 01:00","1816","1796"
"12.07.2017 01:00 - 12.07.2017 02:00","1706","1732"
"12.07.2017 02:00 - 12.07.2017 03:00","1678","1699"
"12.07.2017 03:00 - 12.07.2017 04:00","1690","1687"
"12.07.2017 04:00 - 12.07.2017 05:00","1699","1697"
"12.07.2017 05:00 - 12.07.2017 06:00","1766","1768"
"12.07.2017 06:00 - 12.07.2017 07:00","2017","2033"
"12.07.2017 07:00 - 12.07.2017 08:00","2335","2350"
"12.07.2017 08:00 - 12.07.2017 09:00","2518","2518"
"12.07.2017 09:00 - 12.07.2017 10:00","2587","2577"
"12.07.2017 10:00 - 12.07.2017 11:00","2678","2669"
"12.07.2017 11:00 - 12.07.2017 12:00","2672","2675"
"12.07.2017 12:00 - 12.07.2017 13:00","2606","2609"
"12.07.2017 13:00 - 12.07.2017 14:00","2618","2629"
"12.07.2017 14:00 - 12.07.2017 15:00","2582","2592"
"12.07.2017 15:00 - 12.07.2017 16:00","2485","2485"
"12.07.2017 16:00 - 12.07.2017 17:00","2409","2424"
"12.07.2017 17:00 - 12.07.2017 18:00","2498","2492"
"12.07.2017 18:00 - 12.07.2017 19:00","2429","2454"
"12.07.2017 19:00 - 12.07.2017 20:00","2314","2325"
"12.07.2017 20:00 - 12.07.2017 21:00","2209","2205"
"12.07.2017 21:00 - 12.07.2017 22:00","2122","2097"
"12.07.2017 22:00 - 12.07.2017 23:00","2089","2024"
"12.07.2017 23:00 - 13.07.2017 00:00","2005","1923"
"13.07.2017 00:00 - 13.07.2017 01:00","1804","1793"
"13.07.2017 01:00 - 13.07.2017 02:00","1703","1724"
"13.07.2017 02:00 - 13.07.2017 03:00","1672","1692"
"13.07.2017 03:00 - 13.07.2017 04:00","1680","1685"
"13.07.2017 04:00 - 13.07.2017 05:00","1691","1675"
"13.07.2017 05:00 - 13.07.2017 06:00","1748","1735"
"13.07.2017 06:00 - 13.07.2017 07:00","1989","2002"
"13.07.2017 07:00 - 13.07.2017 08:00","2300","2314"
"13.07.2017 08:00 - 13.07.2017 09:00","2506","2495"
"13.07.2017 09:00 - 13.07.2017 10:00","2556","2550"
"13.07.2017 10:00 - 13.07.2017 11:00","2619","2618"
"13.07.2017 11:00 - 13.07.2017 12:00","2610","2598"
"13.07.2017 12:00 - 13.07.2017 13:00","2527","2525"
"13.07.2017 13:00 - 13.07.2017 14:00","2533","2517"
"13.07.2017 14:00 - 13.07.2017 15:00","2470","2468"
"13.07.2017 15:00 - 13.07.2017 16:00","2381","2373"
"13.07.2017 16:00 - 13.07.2017 17:00","2324","2312"
"13.07.2017 17:00 - 13.07.2017 18:00","2404","2391"
"13.07.2017 18:00 - 13.07.2017 19:00","2325","2349"
"13.07.2017 19:00 - 13.07.2017 20:00","2216","2219"
"13.07.2017 20:00 - 13.07.2017 21:00","2116","2119"
"13.07.2017 21:00 - 13.07.2017 22:00","2025","2013"
"13.07.2017 22:00 - 13.07.2017 23:00","1988","1967"
"13.07.2017 23:00 - 14.07.2017 00:00","1917","1875"
"14.07.2017 00:00 - 14.07.2017 01:00","1758","1765"
"14.07.2017 01:00 - 14.07.2017 02:00","1673","1691"
"14.07.2017 02:00 - 14.07.2017 03:00","1623","1652"
"14.07.2017 03:00 - 14.07.2017 04:00","1628","1649"
"14.07.2017 04:00 - 14.07.2017 05:00","1666","1664"
"14.07.2017 05:00 - 14.07.2017 06:00","1728","1708"
"14.07.2017 06:00 - 14.07.2017 07:00","1930","1948"
"14.07.2017 07:00 - 14.07.2017 08:00","2224","2254"
"14.07.2017 08:00 - 14.07.2017 09:00","2441","2430"
"14.07.2017 09:00 - 14.07.2017 10:00","2510","2475"
"14.07.2017 10:00 - 14.07.2017 11:00","2552","2559"
"14.07.2017 11:00 - 14.07.2017 12:00","2515","2516"
"14.07.2017 12:00 - 14.07.2017 13:00","2432","2395"
"14.07.2017 13:00 - 14.07.2017 14:00","2366","2335"
"14.07.2017 14:00 - 14.07.2017 15:00","2251","2229"
"14.07.2017 15:00 - 14.07.2017 16:00","2154","2165"
"14.07.2017 16:00 - 14.07.2017 17:00","2153","2181"
"14.07.2017 17:00 - 14.07.2017 18:00","2267","2279"
"14.07.2017 18:00 - 14.07.2017 19:00","2236","2216"
"14.07.2017 19:00 - 14.07.2017 20:00","2084","2070"
"14.07.2017 20:00 - 14.07.2017 21:00","1954","1960"
"14.07.2017 21:00 - 14.07.2017 22:00","1865","1884"
"14.07.2017 22:00 - 14.07.2017 23:00","1794","1850"
"14.07.2017 23:00 - 15.07.2017 00:00","1688","1766"
"15.07.2017 00:00 - 15.07.2017 01:00","1638","1641"
"15.07.2017 01:00 - 15.07.2017 02:00","1546","1560"
"15.07.2017 02:00 - 15.07.2017 03:00","1500","1519"
"15.07.2017 03:00 - 15.07.2017 04:00","1482","1497"
"15.07.2017 04:00 - 15.07.2017 05:00","1465","1471"
"15.07.2017 05:00 - 15.07.2017 06:00","1456","1461"
"15.07.2017 06:00 - 15.07.2017 07:00","1528","1533"
"15.07.2017 07:00 - 15.07.2017 08:00","1684","1680"
"15.07.2017 08:00 - 15.07.2017 09:00","1850","1843"
"15.07.2017 09:00 - 15.07.2017 10:00","1959","1951"
"15.07.2017 10:00 - 15.07.2017 11:00","2002","1990"
"15.07.2017 11:00 - 15.07.2017 12:00","1985","1962"
"15.07.2017 12:00 - 15.07.2017 13:00","1943","1924"
"15.07.2017 13:00 - 15.07.2017 14:00","1895","1879"
"15.07.2017 14:00 - 15.07.2017 15:00","1856","1839"
"15.07.2017 15:00 - 15.07.2017 16:00","1814","1821"
"15.07.2017 16:00 - 15.07.2017 17:00","1848","1873"
"15.07.2017 17:00 - 15.07.2017 18:00","1970","1981"
"15.07.2017 18:00 - 15.07.2017 19:00","1969","1992"
"15.07.2017 19:00 - 15.07.2017 20:00","1877","1901"
"15.07.2017 20:00 - 15.07.2017 21:00","1801","1805"
"15.07.2017 21:00 - 15.07.2017 22:00","1738","1742"
"15.07.2017 22:00 - 15.07.2017 23:00","1693","1709"
"15.07.2017 23:00 - 16.07.2017 00:00","1602","1608"
"16.07.2017 00:00 - 16.07.2017 01:00","1510","1516"
"16.07.2017 01:00 - 16.07.2017 02:00","1433","1453"
"16.07.2017 02:00 - 16.07.2017 03:00","1417","1422"
"16.07.2017 03:00 - 16.07.2017 04:00","1403","1405"
"16.07.2017 04:00 - 16.07.2017 05:00","1408","1431"
"16.07.2017 05:00 - 16.07.2017 06:00","1421","1447"
"16.07.2017 06:00 - 16.07.2017 07:00","1502","1517"
"16.07.2017 07:00 - 16.07.2017 08:00","1639","1631"
"16.07.2017 08:00 - 16.07.2017 09:00","1763","1729"
"16.07.2017 09:00 - 16.07.2017 10:00","1852","1820"
"16.07.2017 10:00 - 16.07.2017 11:00","1903","1895"
"16.07.2017 11:00 - 16.07.2017 12:00","1916","1929"
"16.07.2017 12:00 - 16.07.2017 13:00","1909","1908"
"16.07.2017 13:00 - 16.07.2017 14:00","1880","1856"
"16.07.2017 14:00 - 16.07.2017 15:00","1841","1822"
"16.07.2017 15:00 - 16.07.2017 16:00","1790","1801"
"16.07.2017 16:00 - 16.07.2017 17:00","1841","1823"
"16.07.2017 17:00 - 16.07.2017 18:00","1983","1965"
"16.07.2017 18:00 - 16.07.2017 19:00","1997","1986"
"16.07.2017 19:00 - 16.07.2017 20:00","1900","1876"
"16.07.2017 20:00 - 16.07.2017 21:00","1816","1794"
"16.07.2017 21:00 - 16.07.2017 22:00","1743","1719"
"16.07.2017 22:00 - 16.07.2017 23:00","1714","1700"
"16.07.2017 23:00 - 17.07.2017 00:00","1649","1624"
"17.07.2017 00:00 - 17.07.2017 01:00","1512","1526"
"17.07.2017 01:00 - 17.07.2017 02:00","1446","1450"
"17.07.2017 02:00 - 17.07.2017 03:00","1434","1418"
"17.07.2017 03:00 - 17.07.2017 04:00","1425","1420"
"17.07.2017 04:00 - 17.07.2017 05:00","1431","1430"
"17.07.2017 05:00 - 17.07.2017 06:00","1488","1506"
"17.07.2017 06:00 - 17.07.2017 07:00","1721","1716"
"17.07.2017 07:00 - 17.07.2017 08:00","1993","1972"
"17.07.2017 08:00 - 17.07.2017 09:00","2173","2169"
"17.07.2017 09:00 - 17.07.2017 10:00","2250","2234"
"17.07.2017 10:00 - 17.07.2017 11:00","2293","2305"
"17.07.2017 11:00 - 17.07.2017 12:00","2303","2289"
"17.07.2017 12:00 - 17.07.2017 13:00","2258","2250"
"17.07.2017 13:00 - 17.07.2017 14:00","2270","2249"
"17.07.2017 14:00 - 17.07.2017 15:00","2230","2228"
"17.07.2017 15:00 - 17.07.2017 16:00","2137","2128"
"17.07.2017 16:00 - 17.07.2017 17:00","2087","2094"
"17.07.2017 17:00 - 17.07.2017 18:00","2189","2195"
"17.07.2017 18:00 - 17.07.2017 19:00","2171","2190"
"17.07.2017 19:00 - 17.07.2017 20:00","2044","2060"
"17.07.2017 20:00 - 17.07.2017 21:00","1931","1942"
"17.07.2017 21:00 - 17.07.2017 22:00","1857","1851"
"17.07.2017 22:00 - 17.07.2017 23:00","1814","1793"
"17.07.2017 23:00 - 18.07.2017 00:00","1728","1687"
"18.07.2017 00:00 - 18.07.2017 01:00","1573","1574"
"18.07.2017 01:00 - 18.07.2017 02:00","1484","1505"
"18.07.2017 02:00 - 18.07.2017 03:00","1471","1481"
"18.07.2017 03:00 - 18.07.2017 04:00","1475","1479"
"18.07.2017 04:00 - 18.07.2017 05:00","1478","1488"
"18.07.2017 05:00 - 18.07.2017 06:00","1516","1547"
"18.07.2017 06:00 - 18.07.2017 07:00","1739","1748"
"18.07.2017 07:00 - 18.07.2017 08:00","2007","2007"
"18.07.2017 08:00 - 18.07.2017 09:00","2188","2158"
"18.07.2017 09:00 - 18.07.2017 10:00","2269","2291"
"18.07.2017 10:00 - 18.07.2017 11:00","2360","2347"
"18.07.2017 11:00 - 18.07.2017 12:00","2331","2316"
"18.07.2017 12:00 - 18.07.2017 13:00","2282","2274"
"18.07.2017 13:00 - 18.07.2017 14:00","2271","2261"
"18.07.2017 14:00 - 18.07.2017 15:00","2245","2253"
"18.07.2017 15:00 - 18.07.2017 16:00","2175","2172"
"18.07.2017 16:00 - 18.07.2017 17:00","2125","2134"
"18.07.2017 17:00 - 18.07.2017 18:00","2206","2221"
"18.07.2017 18:00 - 18.07.2017 19:00","2182","2197"
"18.07.2017 19:00 - 18.07.2017 20:00","2090","2110"
"18.07.2017 20:00 - 18.07.2017 21:00","1996","2002"
"18.07.2017 21:00 - 18.07.2017 22:00","1916","1908"
"18.07.2017 22:00 - 18.07.2017 23:00","1877","1851"
"18.07.2017 23:00 - 19.07.2017 00:00","1793","1724"
"19.07.2017 00:00 - 19.07.2017 01:00","1610","1619"
"19.07.2017 01:00 - 19.07.2017 02:00","1513","1557"
"19.07.2017 02:00 - 19.07.2017 03:00","1499","1518"
"19.07.2017 03:00 - 19.07.2017 04:00","1511","1522"
"19.07.2017 04:00 - 19.07.2017 05:00","1534","1538"
"19.07.2017 05:00 - 19.07.2017 06:00","1576","1569"
"19.07.2017 06:00 - 19.07.2017 07:00","1747","1758"
"19.07.2017 07:00 - 19.07.2017 08:00","2013","2026"
"19.07.2017 08:00 - 19.07.2017 09:00","2217","2207"
"19.07.2017 09:00 - 19.07.2017 10:00","2290","2285"
"19.07.2017 10:00 - 19.07.2017 11:00","2343","2328"
"19.07.2017 11:00 - 19.07.2017 12:00","2325","2317"
"19.07.2017 12:00 - 19.07.2017 13:00","2275","2269"
"19.07.2017 13:00 - 19.07.2017 14:00","2262","2250"
"19.07.2017 14:00 - 19.07.2017 15:00","2211","2192"
"19.07.2017 15:00 - 19.07.2017 16:00","2130","2116"
"19.07.2017 16:00 - 19.07.2017 17:00","2087","2077"
"19.07.2017 17:00 - 19.07.2017 18:00","2144","2144"
"19.07.2017 18:00 - 19.07.2017 19:00","2122","2151"
"19.07.2017 19:00 - 19.07.2017 20:00","2050","2073"
"19.07.2017 20:00 - 19.07.2017 21:00","1975","1973"
"19.07.2017 21:00 - 19.07.2017 22:00","1905","1901"
"19.07.2017 22:00 - 19.07.2017 23:00","1888","1842"
"19.07.2017 23:00 - 20.07.2017 00:00","1814","1715"
"20.07.2017 00:00 - 20.07.2017 01:00","1598","1596"
"20.07.2017 01:00 - 20.07.2017 02:00","1499","1528"
"20.07.2017 02:00 - 20.07.2017 03:00","1477","1501"
"20.07.2017 03:00 - 20.07.2017 04:00","1492","1498"
"20.07.2017 04:00 - 20.07.2017 05:00","1505","1504"
"20.07.2017 05:00 - 20.07.2017 06:00","1550","1549"
"20.07.2017 06:00 - 20.07.2017 07:00","1751","1744"
"20.07.2017 07:00 - 20.07.2017 08:00","1994","1989"
"20.07.2017 08:00 - 20.07.2017 09:00","2197","2184"
"20.07.2017 09:00 - 20.07.2017 10:00","2264","2266"
"20.07.2017 10:00 - 20.07.2017 11:00","2340","2344"
"20.07.2017 11:00 - 20.07.2017 12:00","2345","2337"
"20.07.2017 12:00 - 20.07.2017 13:00","2286","2285"
"20.07.2017 13:00 - 20.07.2017 14:00","2281","2292"
"20.07.2017 14:00 - 20.07.2017 15:00","2252","2262"
"20.07.2017 15:00 - 20.07.2017 16:00","2195","2225"
"20.07.2017 16:00 - 20.07.2017 17:00","2191","2225"
"20.07.2017 17:00 - 20.07.2017 18:00","2293","2313"
"20.07.2017 18:00 - 20.07.2017 19:00","2270","2307"
"20.07.2017 19:00 - 20.07.2017 20:00","2164","2179"
"20.07.2017 20:00 - 20.07.2017 21:00","2061","2073"
"20.07.2017 21:00 - 20.07.2017 22:00","1992","1986"
"20.07.2017 22:00 - 20.07.2017 23:00","1952","1904"
"20.07.2017 23:00 - 21.07.2017 00:00","1841","1759"
"21.07.2017 00:00 - 21.07.2017 01:00","1636","1623"
"21.07.2017 01:00 - 21.07.2017 02:00","1529","1559"
"21.07.2017 02:00 - 21.07.2017 03:00","1510","1526"
"21.07.2017 03:00 - 21.07.2017 04:00","1517","1512"
"21.07.2017 04:00 - 21.07.2017 05:00","1536","1548"
"21.07.2017 05:00 - 21.07.2017 06:00","1604","1591"
"21.07.2017 06:00 - 21.07.2017 07:00","1815","1767"
"21.07.2017 07:00 - 21.07.2017 08:00","2035","2028"
"21.07.2017 08:00 - 21.07.2017 09:00","2207","2200"
"21.07.2017 09:00 - 21.07.2017 10:00","2293","2257"
"21.07.2017 10:00 - 21.07.2017 11:00","2335","2346"
"21.07.2017 11:00 - 21.07.2017 12:00","2341","2341"
"21.07.2017 12:00 - 21.07.2017 13:00","2288","2286"
"21.07.2017 13:00 - 21.07.2017 14:00","2242","2242"
"21.07.2017 14:00 - 21.07.2017 15:00","2164","2160"
"21.07.2017 15:00 - 21.07.2017 16:00","2101","2087"
"21.07.2017 16:00 - 21.07.2017 17:00","2066","2072"
"21.07.2017 17:00 - 21.07.2017 18:00","2147","2171"
"21.07.2017 18:00 - 21.07.2017 19:00","2151","2153"
"21.07.2017 19:00 - 21.07.2017 20:00","2020","2016"
"21.07.2017 20:00 - 21.07.2017 21:00","1913","1906"
"21.07.2017 21:00 - 21.07.2017 22:00","1854","1830"
"21.07.2017 22:00 - 21.07.2017 23:00","1829","1794"
"21.07.2017 23:00 - 22.07.2017 00:00","1742","1680"
"22.07.2017 00:00 - 22.07.2017 01:00","1553","1552"
"22.07.2017 01:00 - 22.07.2017 02:00","1456","1467"
"22.07.2017 02:00 - 22.07.2017 03:00","1424","1418"
"22.07.2017 03:00 - 22.07.2017 04:00","1403","1404"
"22.07.2017 04:00 - 22.07.2017 05:00","1396","1400"
"22.07.2017 05:00 - 22.07.2017 06:00","1391","1378"
"22.07.2017 06:00 - 22.07.2017 07:00","1461","1449"
"22.07.2017 07:00 - 22.07.2017 08:00","1584","1581"
"22.07.2017 08:00 - 22.07.2017 09:00","1749","1730"
"22.07.2017 09:00 - 22.07.2017 10:00","1870","1835"
"22.07.2017 10:00 - 22.07.2017 11:00","1887","1889"
"22.07.2017 11:00 - 22.07.2017 12:00","1896","1876"
"22.07.2017 12:00 - 22.07.2017 13:00","1875","1856"
"22.07.2017 13:00 - 22.07.2017 14:00","1826","1820"
"22.07.2017 14:00 - 22.07.2017 15:00","1787","1777"
"22.07.2017 15:00 - 22.07.2017 16:00","1761","1753"
"22.07.2017 16:00 - 22.07.2017 17:00","1795","1806"
"22.07.2017 17:00 - 22.07.2017 18:00","1917","1931"
"22.07.2017 18:00 - 22.07.2017 19:00","1933","1955"
"22.07.2017 19:00 - 22.07.2017 20:00","1846","1855"
"22.07.2017 20:00 - 22.07.2017 21:00","1767","1769"
"22.07.2017 21:00 - 22.07.2017 22:00","1712","1717"
"22.07.2017 22:00 - 22.07.2017 23:00","1696","1678"
"22.07.2017 23:00 - 23.07.2017 00:00","1611","1571"
"23.07.2017 00:00 - 23.07.2017 01:00","1458","1476"
"23.07.2017 01:00 - 23.07.2017 02:00","1380","1392"
"23.07.2017 02:00 - 23.07.2017 03:00","1359","1341"
"23.07.2017 03:00 - 23.07.2017 04:00","1321","1338"
"23.07.2017 04:00 - 23.07.2017 05:00","1316","1327"
"23.07.2017 05:00 - 23.07.2017 06:00","1301","1307"
"23.07.2017 06:00 - 23.07.2017 07:00","1356","1359"
"23.07.2017 07:00 - 23.07.2017 08:00","1477","1474"
"23.07.2017 08:00 - 23.07.2017 09:00","1643","1636"
"23.07.2017 09:00 - 23.07.2017 10:00","1774","1780"
"23.07.2017 10:00 - 23.07.2017 11:00","1836","1837"
"23.07.2017 11:00 - 23.07.2017 12:00","1865","1900"
"23.07.2017 12:00 - 23.07.2017 13:00","1888","1896"
"23.07.2017 13:00 - 23.07.2017 14:00","1878","1872"
"23.07.2017 14:00 - 23.07.2017 15:00","1861","1863"
"23.07.2017 15:00 - 23.07.2017 16:00","1867","1851"
"23.07.2017 16:00 - 23.07.2017 17:00","1855","1841"
"23.07.2017 17:00 - 23.07.2017 18:00","1983","2016"
"23.07.2017 18:00 - 23.07.2017 19:00","2025","2034"
"23.07.2017 19:00 - 23.07.2017 20:00","1930","1925"
"23.07.2017 20:00 - 23.07.2017 21:00","1834","1823"
"23.07.2017 21:00 - 23.07.2017 22:00","1775","1783"
"23.07.2017 22:00 - 23.07.2017 23:00","1762","1754"
"23.07.2017 23:00 - 24.07.2017 00:00","1686","1637"
"24.07.2017 00:00 - 24.07.2017 01:00","1520","1524"
"24.07.2017 01:00 - 24.07.2017 02:00","1437","1458"
"24.07.2017 02:00 - 24.07.2017 03:00","1426","1427"
"24.07.2017 03:00 - 24.07.2017 04:00","1433","1432"
"24.07.2017 04:00 - 24.07.2017 05:00","1455","1462"
"24.07.2017 05:00 - 24.07.2017 06:00","1513","1496"
"24.07.2017 06:00 - 24.07.2017 07:00","1708","1696"
"24.07.2017 07:00 - 24.07.2017 08:00","1945","1923"
"24.07.2017 08:00 - 24.07.2017 09:00","2122","2141"
"24.07.2017 09:00 - 24.07.2017 10:00","2253","2239"
"24.07.2017 10:00 - 24.07.2017 11:00","2309","2298"
"24.07.2017 11:00 - 24.07.2017 12:00","2309","2288"
"24.07.2017 12:00 - 24.07.2017 13:00","2264","2249"
"24.07.2017 13:00 - 24.07.2017 14:00","2259","2242"
"24.07.2017 14:00 - 24.07.2017 15:00","2209","2210"
"24.07.2017 15:00 - 24.07.2017 16:00","2135","2134"
"24.07.2017 16:00 - 24.07.2017 17:00","2101","2115"
"24.07.2017 17:00 - 24.07.2017 18:00","2217","2230"
"24.07.2017 18:00 - 24.07.2017 19:00","2197","2206"
"24.07.2017 19:00 - 24.07.2017 20:00","2075","2076"
"24.07.2017 20:00 - 24.07.2017 21:00","1960","1952"
"24.07.2017 21:00 - 24.07.2017 22:00","1881","1879"
"24.07.2017 22:00 - 24.07.2017 23:00","1860","1810"
"24.07.2017 23:00 - 25.07.2017 00:00","1766","1666"
"25.07.2017 00:00 - 25.07.2017 01:00","1536","1544"
"25.07.2017 01:00 - 25.07.2017 02:00","1441","1481"
"25.07.2017 02:00 - 25.07.2017 03:00","1424","1448"
"25.07.2017 03:00 - 25.07.2017 04:00","1441","1453"
"25.07.2017 04:00 - 25.07.2017 05:00","1457","1481"
"25.07.2017 05:00 - 25.07.2017 06:00","1516","1526"
"25.07.2017 06:00 - 25.07.2017 07:00","1715","1702"
"25.07.2017 07:00 - 25.07.2017 08:00","1982","1973"
"25.07.2017 08:00 - 25.07.2017 09:00","2178","2172"
"25.07.2017 09:00 - 25.07.2017 10:00","2248","2234"
"25.07.2017 10:00 - 25.07.2017 11:00","2290","2279"
"25.07.2017 11:00 - 25.07.2017 12:00","2287","2277"
"25.07.2017 12:00 - 25.07.2017 13:00","2249","2242"
"25.07.2017 13:00 - 25.07.2017 14:00","2236","2199"
"25.07.2017 14:00 - 25.07.2017 15:00","2172","2172"
"25.07.2017 15:00 - 25.07.2017 16:00","2112","2103"
"25.07.2017 16:00 - 25.07.2017 17:00","2078","2089"
"25.07.2017 17:00 - 25.07.2017 18:00","2187","2207"
"25.07.2017 18:00 - 25.07.2017 19:00","2176","2188"
"25.07.2017 19:00 - 25.07.2017 20:00","2054","2064"
"25.07.2017 20:00 - 25.07.2017 21:00","1939","1947"
"25.07.2017 21:00 - 25.07.2017 22:00","1860","1874"
"25.07.2017 22:00 - 25.07.2017 23:00","1832","1820"
"25.07.2017 23:00 - 26.07.2017 00:00","1741","1677"
"26.07.2017 00:00 - 26.07.2017 01:00","1552","1545"
"26.07.2017 01:00 - 26.07.2017 02:00","1452","1478"
"26.07.2017 02:00 - 26.07.2017 03:00","1440","1453"
"26.07.2017 03:00 - 26.07.2017 04:00","1449","1456"
"26.07.2017 04:00 - 26.07.2017 05:00","1471","1479"
"26.07.2017 05:00 - 26.07.2017 06:00","1524","1529"
"26.07.2017 06:00 - 26.07.2017 07:00","1730","1720"
"26.07.2017 07:00 - 26.07.2017 08:00","1984","1983"
"26.07.2017 08:00 - 26.07.2017 09:00","2157","2161"
"26.07.2017 09:00 - 26.07.2017 10:00","2251","2247"
"26.07.2017 10:00 - 26.07.2017 11:00","2307","2309"
"26.07.2017 11:00 - 26.07.2017 12:00","2320","2308"
"26.07.2017 12:00 - 26.07.2017 13:00","2271","2263"
"26.07.2017 13:00 - 26.07.2017 14:00","2253","2243"
"26.07.2017 14:00 - 26.07.2017 15:00","2206","2198"
"26.07.2017 15:00 - 26.07.2017 16:00","2135","2141"
"26.07.2017 16:00 - 26.07.2017 17:00","2110","2114"
"26.07.2017 17:00 - 26.07.2017 18:00","2193","2201"
"26.07.2017 18:00 - 26.07.2017 19:00","2167","2178"
"26.07.2017 19:00 - 26.07.2017 20:00","2055","2065"
"26.07.2017 20:00 - 26.07.2017 21:00","1952","1953"
"26.07.2017 21:00 - 26.07.2017 22:00","1883","1892"
"26.07.2017 22:00 - 26.07.2017 23:00","1869","1860"
"26.07.2017 23:00 - 27.07.2017 00:00","1776","1714"
"27.07.2017 00:00 - 27.07.2017 01:00","1598","1582"
"27.07.2017 01:00 - 27.07.2017 02:00","1482","1495"
"27.07.2017 02:00 - 27.07.2017 03:00","1462","1480"
"27.07.2017 03:00 - 27.07.2017 04:00","1467","1481"
"27.07.2017 04:00 - 27.07.2017 05:00","1504","1511"
"27.07.2017 05:00 - 27.07.2017 06:00","1549","1540"
"27.07.2017 06:00 - 27.07.2017 07:00","1757","1733"
"27.07.2017 07:00 - 27.07.2017 08:00","1980","1981"
"27.07.2017 08:00 - 27.07.2017 09:00","2158","2161"
"27.07.2017 09:00 - 27.07.2017 10:00","2264","2264"
"27.07.2017 10:00 - 27.07.2017 11:00","2335","2327"
"27.07.2017 11:00 - 27.07.2017 12:00","2334","2339"
"27.07.2017 12:00 - 27.07.2017 13:00","2324","2344"
"27.07.2017 13:00 - 27.07.2017 14:00","2327","2308"
"27.07.2017 14:00 - 27.07.2017 15:00","2267","2266"
"27.07.2017 15:00 - 27.07.2017 16:00","2186","2195"
"27.07.2017 16:00 - 27.07.2017 17:00","2154","2143"
"27.07.2017 17:00 - 27.07.2017 18:00","2225","2203"
"27.07.2017 18:00 - 27.07.2017 19:00","2170","2170"
"27.07.2017 19:00 - 27.07.2017 20:00","2070","2075"
"27.07.2017 20:00 - 27.07.2017 21:00","1969","1960"
"27.07.2017 21:00 - 27.07.2017 22:00","1905","1885"
"27.07.2017 22:00 - 27.07.2017 23:00","1872","1825"
"27.07.2017 23:00 - 28.07.2017 00:00","1761","1685"
"28.07.2017 00:00 - 28.07.2017 01:00","1560","1558"
"28.07.2017 01:00 - 28.07.2017 02:00","1460","1506"
"28.07.2017 02:00 - 28.07.2017 03:00","1477","1488"
"28.07.2017 03:00 - 28.07.2017 04:00","1474","1479"
"28.07.2017 04:00 - 28.07.2017 05:00","1484","1490"
"28.07.2017 05:00 - 28.07.2017 06:00","1537","1525"
"28.07.2017 06:00 - 28.07.2017 07:00","1733","1708"
"28.07.2017 07:00 - 28.07.2017 08:00","1970","1950"
"28.07.2017 08:00 - 28.07.2017 09:00","2119","2107"
"28.07.2017 09:00 - 28.07.2017 10:00","2222","2217"
"28.07.2017 10:00 - 28.07.2017 11:00","2276","2264"
"28.07.2017 11:00 - 28.07.2017 12:00","2260","2272"
"28.07.2017 12:00 - 28.07.2017 13:00","2178","2171"
"28.07.2017 13:00 - 28.07.2017 14:00","2126","2115"
"28.07.2017 14:00 - 28.07.2017 15:00","2047","2064"
"28.07.2017 15:00 - 28.07.2017 16:00","2010","2026"
"28.07.2017 16:00 - 28.07.2017 17:00","2041","2016"
"28.07.2017 17:00 - 28.07.2017 18:00","2125","2126"
"28.07.2017 18:00 - 28.07.2017 19:00","2103","2106"
"28.07.2017 19:00 - 28.07.2017 20:00","1960","1951"
"28.07.2017 20:00 - 28.07.2017 21:00","1843","1856"
"28.07.2017 21:00 - 28.07.2017 22:00","1800","1799"
"28.07.2017 22:00 - 28.07.2017 23:00","1792","1748"
"28.07.2017 23:00 - 29.07.2017 00:00","1721","1617"
"29.07.2017 00:00 - 29.07.2017 01:00","1502","1490"
"29.07.2017 01:00 - 29.07.2017 02:00","1417","1418"
"29.07.2017 02:00 - 29.07.2017 03:00","1403","1402"
"29.07.2017 03:00 - 29.07.2017 04:00","1401","1382"
"29.07.2017 04:00 - 29.07.2017 05:00","1390","1398"
"29.07.2017 05:00 - 29.07.2017 06:00","1392","1405"
"29.07.2017 06:00 - 29.07.2017 07:00","1473","1460"
"29.07.2017 07:00 - 29.07.2017 08:00","1609","1602"
"29.07.2017 08:00 - 29.07.2017 09:00","1778","1745"
"29.07.2017 09:00 - 29.07.2017 10:00","1897","1867"
"29.07.2017 10:00 - 29.07.2017 11:00","1934","1950"
"29.07.2017 11:00 - 29.07.2017 12:00","1955","1964"
"29.07.2017 12:00 - 29.07.2017 13:00","1931","1940"
"29.07.2017 13:00 - 29.07.2017 14:00","1937","1956"
"29.07.2017 14:00 - 29.07.2017 15:00","1914","1926"
"29.07.2017 15:00 - 29.07.2017 16:00","1915","1919"
"29.07.2017 16:00 - 29.07.2017 17:00","1881","1870"
"29.07.2017 17:00 - 29.07.2017 18:00","1976","1964"
"29.07.2017 18:00 - 29.07.2017 19:00","1964","1962"
"29.07.2017 19:00 - 29.07.2017 20:00","1849","1862"
"29.07.2017 20:00 - 29.07.2017 21:00","1765","1761"
"29.07.2017 21:00 - 29.07.2017 22:00","1707","1712"
"29.07.2017 22:00 - 29.07.2017 23:00","1701","1691"
"29.07.2017 23:00 - 30.07.2017 00:00","1625","1577"
"30.07.2017 00:00 - 30.07.2017 01:00","1452","1447"
"30.07.2017 01:00 - 30.07.2017 02:00","1359","1392"
"30.07.2017 02:00 - 30.07.2017 03:00","1322","1379"
"30.07.2017 03:00 - 30.07.2017 04:00","1326","1354"
"30.07.2017 04:00 - 30.07.2017 05:00","1346","1350"
"30.07.2017 05:00 - 30.07.2017 06:00","1329","1348"
"30.07.2017 06:00 - 30.07.2017 07:00","1393","1386"
"30.07.2017 07:00 - 30.07.2017 08:00","1501","1494"
"30.07.2017 08:00 - 30.07.2017 09:00","1673","1663"
"30.07.2017 09:00 - 30.07.2017 10:00","1794","1809"
"30.07.2017 10:00 - 30.07.2017 11:00","1875","1889"
"30.07.2017 11:00 - 30.07.2017 12:00","1915","1933"
"30.07.2017 12:00 - 30.07.2017 13:00","1902","1930"
"30.07.2017 13:00 - 30.07.2017 14:00","1876","1862"
"30.07.2017 14:00 - 30.07.2017 15:00","1846","1859"
"30.07.2017 15:00 - 30.07.2017 16:00","1860","1904"
"30.07.2017 16:00 - 30.07.2017 17:00","1913","2012"
"30.07.2017 17:00 - 30.07.2017 18:00","2156","2145"
"30.07.2017 18:00 - 30.07.2017 19:00","2127","2082"
"30.07.2017 19:00 - 30.07.2017 20:00","1949","1942"
"30.07.2017 20:00 - 30.07.2017 21:00","1846","1839"
"30.07.2017 21:00 - 30.07.2017 22:00","1772","1753"
"30.07.2017 22:00 - 30.07.2017 23:00","1760","1727"
"30.07.2017 23:00 - 31.07.2017 00:00","1681","1604"
"31.07.2017 00:00 - 31.07.2017 01:00","1479","1485"
"31.07.2017 01:00 - 31.07.2017 02:00","1402","1424"
"31.07.2017 02:00 - 31.07.2017 03:00","1386","1396"
"31.07.2017 03:00 - 31.07.2017 04:00","1393","1397"
"31.07.2017 04:00 - 31.07.2017 05:00","1429","1425"
"31.07.2017 05:00 - 31.07.2017 06:00","1495","1491"
"31.07.2017 06:00 - 31.07.2017 07:00","1737","1738"
"31.07.2017 07:00 - 31.07.2017 08:00","2056","2056"
"31.07.2017 08:00 - 31.07.2017 09:00","2262","2267"
"31.07.2017 09:00 - 31.07.2017 10:00","2339","2314"
"31.07.2017 10:00 - 31.07.2017 11:00","2390","2368"
"31.07.2017 11:00 - 31.07.2017 12:00","2395","2405"
"31.07.2017 12:00 - 31.07.2017 13:00","2372","2369"
"31.07.2017 13:00 - 31.07.2017 14:00","2413","2397"
"31.07.2017 14:00 - 31.07.2017 15:00","2358","2379"
"31.07.2017 15:00 - 31.07.2017 16:00","2319","2301"
"31.07.2017 16:00 - 31.07.2017 17:00","2231","2212"
"31.07.2017 17:00 - 31.07.2017 18:00","2261","2345"
"31.07.2017 18:00 - 31.07.2017 19:00","2287","2340"
"31.07.2017 19:00 - 31.07.2017 20:00","2194","2201"
"31.07.2017 20:00 - 31.07.2017 21:00","2077","2064"
"31.07.2017 21:00 - 31.07.2017 22:00","2001","1960"
"31.07.2017 22:00 - 31.07.2017 23:00","1955","1885"
"31.07.2017 23:00 - 01.08.2017 00:00","1828","1715"
"01.08.2017 00:00 - 01.08.2017 01:00","1634","1601"
"01.08.2017 01:00 - 01.08.2017 02:00","1483","1532"
"01.08.2017 02:00 - 01.08.2017 03:00","1480","1498"
"01.08.2017 03:00 - 01.08.2017 04:00","1516","1499"
"01.08.2017 04:00 - 01.08.2017 05:00","1507","1530"
"01.08.2017 05:00 - 01.08.2017 06:00","1577","1583"
"01.08.2017 06:00 - 01.08.2017 07:00","1812","1803"
"01.08.2017 07:00 - 01.08.2017 08:00","2095","2109"
"01.08.2017 08:00 - 01.08.2017 09:00","2314","2307"
"01.08.2017 09:00 - 01.08.2017 10:00","2367","2374"
"01.08.2017 10:00 - 01.08.2017 11:00","2453","2431"
"01.08.2017 11:00 - 01.08.2017 12:00","2444","2418"
"01.08.2017 12:00 - 01.08.2017 13:00","2388","2388"
"01.08.2017 13:00 - 01.08.2017 14:00","2396","2390"
"01.08.2017 14:00 - 01.08.2017 15:00","2348","2340"
"01.08.2017 15:00 - 01.08.2017 16:00","2263","2268"
"01.08.2017 16:00 - 01.08.2017 17:00","2229","2244"
"01.08.2017 17:00 - 01.08.2017 18:00","2344","2355"
"01.08.2017 18:00 - 01.08.2017 19:00","2309","2305"
"01.08.2017 19:00 - 01.08.2017 20:00","2167","2167"
"01.08.2017 20:00 - 01.08.2017 21:00","2049","2066"
"01.08.2017 21:00 - 01.08.2017 22:00","1969","1996"
"01.08.2017 22:00 - 01.08.2017 23:00","1916","1903"
"01.08.2017 23:00 - 02.08.2017 00:00","1802","1743"
"02.08.2017 00:00 - 02.08.2017 01:00","1626","1630"
"02.08.2017 01:00 - 02.08.2017 02:00","1551","1555"
"02.08.2017 02:00 - 02.08.2017 03:00","1507","1493"
"02.08.2017 03:00 - 02.08.2017 04:00","1500","1483"
"02.08.2017 04:00 - 02.08.2017 05:00","1516","1516"
"02.08.2017 05:00 - 02.08.2017 06:00","1572","1574"
"02.08.2017 06:00 - 02.08.2017 07:00","1811","1804"
"02.08.2017 07:00 - 02.08.2017 08:00","2125","2115"
"02.08.2017 08:00 - 02.08.2017 09:00","2310","2288"
"02.08.2017 09:00 - 02.08.2017 10:00","2393","2382"
"02.08.2017 10:00 - 02.08.2017 11:00","2458","2446"
"02.08.2017 11:00 - 02.08.2017 12:00","2464","2460"
"02.08.2017 12:00 - 02.08.2017 13:00","2416","2417"
"02.08.2017 13:00 - 02.08.2017 14:00","2436","2427"
"02.08.2017 14:00 - 02.08.2017 15:00","2368","2353"
"02.08.2017 15:00 - 02.08.2017 16:00","2254","2250"
"02.08.2017 16:00 - 02.08.2017 17:00","2210","2220"
"02.08.2017 17:00 - 02.08.2017 18:00","2302","2329"
"02.08.2017 18:00 - 02.08.2017 19:00","2277","2291"
"02.08.2017 19:00 - 02.08.2017 20:00","2155","2152"
"02.08.2017 20:00 - 02.08.2017 21:00","2045","2056"
"02.08.2017 21:00 - 02.08.2017 22:00","1981","1991"
"02.08.2017 22:00 - 02.08.2017 23:00","1927","1932"
"02.08.2017 23:00 - 03.08.2017 00:00","1822","1756"
"03.08.2017 00:00 - 03.08.2017 01:00","1650","1633"
"03.08.2017 01:00 - 03.08.2017 02:00","1539","1559"
"03.08.2017 02:00 - 03.08.2017 03:00","1504","1533"
"03.08.2017 03:00 - 03.08.2017 04:00","1525","1524"
"03.08.2017 04:00 - 03.08.2017 05:00","1553","1558"
"03.08.2017 05:00 - 03.08.2017 06:00","1614","1618"
"03.08.2017 06:00 - 03.08.2017 07:00","1849","1869"
"03.08.2017 07:00 - 03.08.2017 08:00","2211","2228"
"03.08.2017 08:00 - 03.08.2017 09:00","2412","2422"
"03.08.2017 09:00 - 03.08.2017 10:00","2501","2503"
"03.08.2017 10:00 - 03.08.2017 11:00","2602","2627"
"03.08.2017 11:00 - 03.08.2017 12:00","2633","2637"
"03.08.2017 12:00 - 03.08.2017 13:00","2574","2565"
"03.08.2017 13:00 - 03.08.2017 14:00","2571","2583"
"03.08.2017 14:00 - 03.08.2017 15:00","2557","2571"
"03.08.2017 15:00 - 03.08.2017 16:00","2466","2473"
"03.08.2017 16:00 - 03.08.2017 17:00","2380","2377"
"03.08.2017 17:00 - 03.08.2017 18:00","2482","2474"
"03.08.2017 18:00 - 03.08.2017 19:00","2374","2347"
"03.08.2017 19:00 - 03.08.2017 20:00","2215","2190"
"03.08.2017 20:00 - 03.08.2017 21:00","2055","2054"
"03.08.2017 21:00 - 03.08.2017 22:00","1980","2043"
"03.08.2017 22:00 - 03.08.2017 23:00","1927","1930"
"03.08.2017 23:00 - 04.08.2017 00:00","1813","1775"
"04.08.2017 00:00 - 04.08.2017 01:00","1632","1642"
"04.08.2017 01:00 - 04.08.2017 02:00","1512","1539"
"04.08.2017 02:00 - 04.08.2017 03:00","1482","1508"
"04.08.2017 03:00 - 04.08.2017 04:00","1502","1514"
"04.08.2017 04:00 - 04.08.2017 05:00","1533","1539"
"04.08.2017 05:00 - 04.08.2017 06:00","1589","1611"
"04.08.2017 06:00 - 04.08.2017 07:00","1852","1842"
"04.08.2017 07:00 - 04.08.2017 08:00","2134","2086"
"04.08.2017 08:00 - 04.08.2017 09:00","2303","2341"
"04.08.2017 09:00 - 04.08.2017 10:00","2421","2409"
"04.08.2017 10:00 - 04.08.2017 11:00","2473","2434"
"04.08.2017 11:00 - 04.08.2017 12:00","2391","2474"
"04.08.2017 12:00 - 04.08.2017 13:00","2333","2434"
"04.08.2017 13:00 - 04.08.2017 14:00","2263","2368"
"04.08.2017 14:00 - 04.08.2017 15:00","2269","2344"
"04.08.2017 15:00 - 04.08.2017 16:00","2261","2263"
"04.08.2017 16:00 - 04.08.2017 17:00","2182","2168"
"04.08.2017 17:00 - 04.08.2017 18:00","2242","2248"
"04.08.2017 18:00 - 04.08.2017 19:00","2237","2256"
"04.08.2017 19:00 - 04.08.2017 20:00","2107","2122"
"04.08.2017 20:00 - 04.08.2017 21:00","1981","2000"
"04.08.2017 21:00 - 04.08.2017 22:00","1932","1946"
"04.08.2017 22:00 - 04.08.2017 23:00","1876","1866"
"04.08.2017 23:00 - 05.08.2017 00:00","1737","1747"
"05.08.2017 00:00 - 05.08.2017 01:00","1620","1637"
"05.08.2017 01:00 - 05.08.2017 02:00","1514","1521"
"05.08.2017 02:00 - 05.08.2017 03:00","1488","1503"
"05.08.2017 03:00 - 05.08.2017 04:00","1501","1503"
"05.08.2017 04:00 - 05.08.2017 05:00","1510","1480"
"05.08.2017 05:00 - 05.08.2017 06:00","1476","1463"
"05.08.2017 06:00 - 05.08.2017 07:00","1529","1522"
"05.08.2017 07:00 - 05.08.2017 08:00","1677","1654"
"05.08.2017 08:00 - 05.08.2017 09:00","1819","1789"
"05.08.2017 09:00 - 05.08.2017 10:00","1915","1900"
"05.08.2017 10:00 - 05.08.2017 11:00","1967","1952"
"05.08.2017 11:00 - 05.08.2017 12:00","1964","1963"
"05.08.2017 12:00 - 05.08.2017 13:00","1903","1904"
"05.08.2017 13:00 - 05.08.2017 14:00","1883","1897"
"05.08.2017 14:00 - 05.08.2017 15:00","1860","1855"
"05.08.2017 15:00 - 05.08.2017 16:00","1852","1822"
"05.08.2017 16:00 - 05.08.2017 17:00","1856","1843"
"05.08.2017 17:00 - 05.08.2017 18:00","1959","1972"
"05.08.2017 18:00 - 05.08.2017 19:00","1972","1988"
"05.08.2017 19:00 - 05.08.2017 20:00","1878","1887"
"05.08.2017 20:00 - 05.08.2017 21:00","1795","1845"
"05.08.2017 21:00 - 05.08.2017 22:00","1802","1745"
"05.08.2017 22:00 - 05.08.2017 23:00","1788","1711"
"05.08.2017 23:00 - 06.08.2017 00:00","1676","1599"
"06.08.2017 00:00 - 06.08.2017 01:00","1468","1472"
"06.08.2017 01:00 - 06.08.2017 02:00","1377","1410"
"06.08.2017 02:00 - 06.08.2017 03:00","1371","1343"
"06.08.2017 03:00 - 06.08.2017 04:00","1343","1359"
"06.08.2017 04:00 - 06.08.2017 05:00","1356","1359"
"06.08.2017 05:00 - 06.08.2017 06:00","1352","1339"
"06.08.2017 06:00 - 06.08.2017 07:00","1386","1390"
"06.08.2017 07:00 - 06.08.2017 08:00","1528","1530"
"06.08.2017 08:00 - 06.08.2017 09:00","1700","1695"
"06.08.2017 09:00 - 06.08.2017 10:00","1806","1810"
"06.08.2017 10:00 - 06.08.2017 11:00","1900","1913"
"06.08.2017 11:00 - 06.08.2017 12:00","1936","1944"
"06.08.2017 12:00 - 06.08.2017 13:00","1947","1966"
"06.08.2017 13:00 - 06.08.2017 14:00","1925","1911"
"06.08.2017 14:00 - 06.08.2017 15:00","1841","1870"
"06.08.2017 15:00 - 06.08.2017 16:00","1825","1807"
"06.08.2017 16:00 - 06.08.2017 17:00","1841","1831"
"06.08.2017 17:00 - 06.08.2017 18:00","2000","1990"
"06.08.2017 18:00 - 06.08.2017 19:00","2017","1990"
"06.08.2017 19:00 - 06.08.2017 20:00","1911","1905"
"06.08.2017 20:00 - 06.08.2017 21:00","1827","1856"
"06.08.2017 21:00 - 06.08.2017 22:00","1827","1844"
"06.08.2017 22:00 - 06.08.2017 23:00","1824","1789"
"06.08.2017 23:00 - 07.08.2017 00:00","1736","1653"
"07.08.2017 00:00 - 07.08.2017 01:00","1545","1558"
"07.08.2017 01:00 - 07.08.2017 02:00","1479","1513"
"07.08.2017 02:00 - 07.08.2017 03:00","1490","1483"
"07.08.2017 03:00 - 07.08.2017 04:00","1487","1487"
"07.08.2017 04:00 - 07.08.2017 05:00","1533","1546"
"07.08.2017 05:00 - 07.08.2017 06:00","1654","1642"
"07.08.2017 06:00 - 07.08.2017 07:00","1944","1918"
"07.08.2017 07:00 - 07.08.2017 08:00","2308","2277"
"07.08.2017 08:00 - 07.08.2017 09:00","2484","2463"
"07.08.2017 09:00 - 07.08.2017 10:00","2537","2536"
"07.08.2017 10:00 - 07.08.2017 11:00","2665","2641"
"07.08.2017 11:00 - 07.08.2017 12:00","2639","2653"
"07.08.2017 12:00 - 07.08.2017 13:00","2598","2587"
"07.08.2017 13:00 - 07.08.2017 14:00","2615","2664"
"07.08.2017 14:00 - 07.08.2017 15:00","2633","2625"
"07.08.2017 15:00 - 07.08.2017 16:00","2489","2483"
"07.08.2017 16:00 - 07.08.2017 17:00","2396","2405"
"07.08.2017 17:00 - 07.08.2017 18:00","2516","2510"
"07.08.2017 18:00 - 07.08.2017 19:00","2443","2466"
"07.08.2017 19:00 - 07.08.2017 20:00","2323","2340"
"07.08.2017 20:00 - 07.08.2017 21:00","2201","2208"
"07.08.2017 21:00 - 07.08.2017 22:00","2140","2133"
"07.08.2017 22:00 - 07.08.2017 23:00","2081","2033"
"07.08.2017 23:00 - 08.08.2017 00:00","1980","1846"
"08.08.2017 00:00 - 08.08.2017 01:00","1711","1704"
"08.08.2017 01:00 - 08.08.2017 02:00","1624","1655"
"08.08.2017 02:00 - 08.08.2017 03:00","1606","1617"
"08.08.2017 03:00 - 08.08.2017 04:00","1623","1621"
"08.08.2017 04:00 - 08.08.2017 05:00","1658","1667"
"08.08.2017 05:00 - 08.08.2017 06:00","1771","1772"
"08.08.2017 06:00 - 08.08.2017 07:00","2059","2040"
"08.08.2017 07:00 - 08.08.2017 08:00","2398","2389"
"08.08.2017 08:00 - 08.08.2017 09:00","2567","2572"
"08.08.2017 09:00 - 08.08.2017 10:00","2613","2615"
"08.08.2017 10:00 - 08.08.2017 11:00","2705","2667"
"08.08.2017 11:00 - 08.08.2017 12:00","2687","2668"
"08.08.2017 12:00 - 08.08.2017 13:00","2634","2624"
"08.08.2017 13:00 - 08.08.2017 14:00","2642","2650"
"08.08.2017 14:00 - 08.08.2017 15:00","2586","2600"
"08.08.2017 15:00 - 08.08.2017 16:00","2481","2484"
"08.08.2017 16:00 - 08.08.2017 17:00","2427","2414"
"08.08.2017 17:00 - 08.08.2017 18:00","2509","2512"
"08.08.2017 18:00 - 08.08.2017 19:00","2439","2428"
"08.08.2017 19:00 - 08.08.2017 20:00","2313","2342"
"08.08.2017 20:00 - 08.08.2017 21:00","2246","2276"
"08.08.2017 21:00 - 08.08.2017 22:00","2207","2215"
"08.08.2017 22:00 - 08.08.2017 23:00","2123","2042"
"08.08.2017 23:00 - 09.08.2017 00:00","1962","1874"
"09.08.2017 00:00 - 09.08.2017 01:00","1750","1767"
"09.08.2017 01:00 - 09.08.2017 02:00","1690","1713"
"09.08.2017 02:00 - 09.08.2017 03:00","1668","1680"
"09.08.2017 03:00 - 09.08.2017 04:00","1678","1683"
"09.08.2017 04:00 - 09.08.2017 05:00","1708","1706"
"09.08.2017 05:00 - 09.08.2017 06:00","1790","1790"
"09.08.2017 06:00 - 09.08.2017 07:00","2064","2055"
"09.08.2017 07:00 - 09.08.2017 08:00","2370","2397"
"09.08.2017 08:00 - 09.08.2017 09:00","2580","2590"
"09.08.2017 09:00 - 09.08.2017 10:00","2630","2627"
"09.08.2017 10:00 - 09.08.2017 11:00","2718","2737"
"09.08.2017 11:00 - 09.08.2017 12:00","2724","2732"
"09.08.2017 12:00 - 09.08.2017 13:00","2717","2763"
"09.08.2017 13:00 - 09.08.2017 14:00","2713","2722"
"09.08.2017 14:00 - 09.08.2017 15:00","2651","2644"
"09.08.2017 15:00 - 09.08.2017 16:00","2491","2484"
"09.08.2017 16:00 - 09.08.2017 17:00","2417","2446"
"09.08.2017 17:00 - 09.08.2017 18:00","2562","2599"
"09.08.2017 18:00 - 09.08.2017 19:00","2481","2516"
"09.08.2017 19:00 - 09.08.2017 20:00","2379","2379"
"09.08.2017 20:00 - 09.08.2017 21:00","2261","2240"
"09.08.2017 21:00 - 09.08.2017 22:00","2226","2190"
"09.08.2017 22:00 - 09.08.2017 23:00","2149","2055"
"09.08.2017 23:00 - 10.08.2017 00:00","1991","1853"
"10.08.2017 00:00 - 10.08.2017 01:00","1710","1725"
"10.08.2017 01:00 - 10.08.2017 02:00","1638","1676"
"10.08.2017 02:00 - 10.08.2017 03:00","1637","1660"
"10.08.2017 03:00 - 10.08.2017 04:00","1651","1649"
"10.08.2017 04:00 - 10.08.2017 05:00","1682","1694"
"10.08.2017 05:00 - 10.08.2017 06:00","1803","1808"
"10.08.2017 06:00 - 10.08.2017 07:00","2097","2085"
"10.08.2017 07:00 - 10.08.2017 08:00","2426","2428"
"10.08.2017 08:00 - 10.08.2017 09:00","2594","2582"
"10.08.2017 09:00 - 10.08.2017 10:00","2643","2660"
"10.08.2017 10:00 - 10.08.2017 11:00","2711","2712"
"10.08.2017 11:00 - 10.08.2017 12:00","2720","2724"
"10.08.2017 12:00 - 10.08.2017 13:00","2662","2653"
"10.08.2017 13:00 - 10.08.2017 14:00","2670","2664"
"10.08.2017 14:00 - 10.08.2017 15:00","2620","2606"
"10.08.2017 15:00 - 10.08.2017 16:00","2502","2464"
"10.08.2017 16:00 - 10.08.2017 17:00","2413","2309"
"10.08.2017 17:00 - 10.08.2017 18:00","2511","2533"
"10.08.2017 18:00 - 10.08.2017 19:00","2449","2470"
"10.08.2017 19:00 - 10.08.2017 20:00","2331","2338"
"10.08.2017 20:00 - 10.08.2017 21:00","2234","2219"
"10.08.2017 21:00 - 10.08.2017 22:00","2204","2167"
"10.08.2017 22:00 - 10.08.2017 23:00","2116","2051"
"10.08.2017 23:00 - 11.08.2017 00:00","1962","1878"
"11.08.2017 00:00 - 11.08.2017 01:00","1737","1737"
"11.08.2017 01:00 - 11.08.2017 02:00","1653","1680"
"11.08.2017 02:00 - 11.08.2017 03:00","1636","1649"
"11.08.2017 03:00 - 11.08.2017 04:00","1639","1651"
"11.08.2017 04:00 - 11.08.2017 05:00","1690","1687"
"11.08.2017 05:00 - 11.08.2017 06:00","1782","1785"
"11.08.2017 06:00 - 11.08.2017 07:00","2054","2079"
"11.08.2017 07:00 - 11.08.2017 08:00","2416","2423"
"11.08.2017 08:00 - 11.08.2017 09:00","2575","2576"
"11.08.2017 09:00 - 11.08.2017 10:00","2619","2625"
"11.08.2017 10:00 - 11.08.2017 11:00","2704","2719"
"11.08.2017 11:00 - 11.08.2017 12:00","2698","2672"
"11.08.2017 12:00 - 11.08.2017 13:00","2546","2553"
"11.08.2017 13:00 - 11.08.2017 14:00","2498","2508"
"11.08.2017 14:00 - 11.08.2017 15:00","2382","2382"
"11.08.2017 15:00 - 11.08.2017 16:00","2273","2267"
"11.08.2017 16:00 - 11.08.2017 17:00","2239","2250"
"11.08.2017 17:00 - 11.08.2017 18:00","2335","2345"
"11.08.2017 18:00 - 11.08.2017 19:00","2307","2316"
"11.08.2017 19:00 - 11.08.2017 20:00","2149","2165"
"11.08.2017 20:00 - 11.08.2017 21:00","2036","2039"
"11.08.2017 21:00 - 11.08.2017 22:00","2005","1990"
"11.08.2017 22:00 - 11.08.2017 23:00","1917","1892"
"11.08.2017 23:00 - 12.08.2017 00:00","1778","1739"
"12.08.2017 00:00 - 12.08.2017 01:00","1602","1592"
"12.08.2017 01:00 - 12.08.2017 02:00","1513","1530"
"12.08.2017 02:00 - 12.08.2017 03:00","1487","1501"
"12.08.2017 03:00 - 12.08.2017 04:00","1482","1481"
"12.08.2017 04:00 - 12.08.2017 05:00","1483","1490"
"12.08.2017 05:00 - 12.08.2017 06:00","1514","1515"
"12.08.2017 06:00 - 12.08.2017 07:00","1578","1567"
"12.08.2017 07:00 - 12.08.2017 08:00","1713","1726"
"12.08.2017 08:00 - 12.08.2017 09:00","1925","1930"
"12.08.2017 09:00 - 12.08.2017 10:00","2049","2040"
"12.08.2017 10:00 - 12.08.2017 11:00","2103","2113"
"12.08.2017 11:00 - 12.08.2017 12:00","2107","2118"
"12.08.2017 12:00 - 12.08.2017 13:00","2086","2078"
"12.08.2017 13:00 - 12.08.2017 14:00","2053","2048"
"12.08.2017 14:00 - 12.08.2017 15:00","2033","2003"
"12.08.2017 15:00 - 12.08.2017 16:00","1950","1946"
"12.08.2017 16:00 - 12.08.2017 17:00","1970","1980"
"12.08.2017 17:00 - 12.08.2017 18:00","2102","2124"
"12.08.2017 18:00 - 12.08.2017 19:00","2084","2102"
"12.08.2017 19:00 - 12.08.2017 20:00","1956","1968"
"12.08.2017 20:00 - 12.08.2017 21:00","1848","1824"
"12.08.2017 21:00 - 12.08.2017 22:00","1797","1755"
"12.08.2017 22:00 - 12.08.2017 23:00","1731","1718"
"12.08.2017 23:00 - 13.08.2017 00:00","1620","1584"
"13.08.2017 00:00 - 13.08.2017 01:00","1477","1504"
"13.08.2017 01:00 - 13.08.2017 02:00","1421","1452"
"13.08.2017 02:00 - 13.08.2017 03:00","1417","1427"
"13.08.2017 03:00 - 13.08.2017 04:00","1422","1426"
"13.08.2017 04:00 - 13.08.2017 05:00","1418","1414"
"13.08.2017 05:00 - 13.08.2017 06:00","1416","1408"
"13.08.2017 06:00 - 13.08.2017 07:00","1449","1422"
"13.08.2017 07:00 - 13.08.2017 08:00","1567","1556"
"13.08.2017 08:00 - 13.08.2017 09:00","1738","1745"
"13.08.2017 09:00 - 13.08.2017 10:00","1900","1908"
"13.08.2017 10:00 - 13.08.2017 11:00","1963","1931"
"13.08.2017 11:00 - 13.08.2017 12:00","1953","1931"
"13.08.2017 12:00 - 13.08.2017 13:00","1914","1910"
"13.08.2017 13:00 - 13.08.2017 14:00","1891","1903"
"13.08.2017 14:00 - 13.08.2017 15:00","1888","1888"
"13.08.2017 15:00 - 13.08.2017 16:00","1870","1866"
"13.08.2017 16:00 - 13.08.2017 17:00","1911","1906"
"13.08.2017 17:00 - 13.08.2017 18:00","2085","2082"
"13.08.2017 18:00 - 13.08.2017 19:00","2097","2097"
"13.08.2017 19:00 - 13.08.2017 20:00","1992","2011"
"13.08.2017 20:00 - 13.08.2017 21:00","1936","1946"
"13.08.2017 21:00 - 13.08.2017 22:00","1957","1921"
"13.08.2017 22:00 - 13.08.2017 23:00","1862","1830"
"13.08.2017 23:00 - 14.08.2017 00:00","1752","1704"
"14.08.2017 00:00 - 14.08.2017 01:00","1608","1612"
"14.08.2017 01:00 - 14.08.2017 02:00","1545","1560"
"14.08.2017 02:00 - 14.08.2017 03:00","1506","1538"
"14.08.2017 03:00 - 14.08.2017 04:00","1534","1546"
"14.08.2017 04:00 - 14.08.2017 05:00","1596","1600"
"14.08.2017 05:00 - 14.08.2017 06:00","1727","1725"
"14.08.2017 06:00 - 14.08.2017 07:00","2026","2022"
"14.08.2017 07:00 - 14.08.2017 08:00","2398","2406"
"14.08.2017 08:00 - 14.08.2017 09:00","2591","2597"
"14.08.2017 09:00 - 14.08.2017 10:00","2623","2635"
"14.08.2017 10:00 - 14.08.2017 11:00","2712","2712"
"14.08.2017 11:00 - 14.08.2017 12:00","2711","2706"
"14.08.2017 12:00 - 14.08.2017 13:00","2633","2631"
"14.08.2017 13:00 - 14.08.2017 14:00","2668","2668"
"14.08.2017 14:00 - 14.08.2017 15:00","2621","2601"
"14.08.2017 15:00 - 14.08.2017 16:00","2490","2485"
"14.08.2017 16:00 - 14.08.2017 17:00","2440","2426"
"14.08.2017 17:00 - 14.08.2017 18:00","2548","2530"
"14.08.2017 18:00 - 14.08.2017 19:00","2479","2515"
"14.08.2017 19:00 - 14.08.2017 20:00","2374","2382"
"14.08.2017 20:00 - 14.08.2017 21:00","2239","2264"
"14.08.2017 21:00 - 14.08.2017 22:00","2216","2214"
"14.08.2017 22:00 - 14.08.2017 23:00","2099","2050"
"14.08.2017 23:00 - 15.08.2017 00:00","1931","1859"
"15.08.2017 00:00 - 15.08.2017 01:00","1717","1737"
"15.08.2017 01:00 - 15.08.2017 02:00","1634","1672"
"15.08.2017 02:00 - 15.08.2017 03:00","1632","1637"
"15.08.2017 03:00 - 15.08.2017 04:00","1640","1638"
"15.08.2017 04:00 - 15.08.2017 05:00","1668","1684"
"15.08.2017 05:00 - 15.08.2017 06:00","1795","1820"
"15.08.2017 06:00 - 15.08.2017 07:00","2121","2123"
"15.08.2017 07:00 - 15.08.2017 08:00","2478","2478"
"15.08.2017 08:00 - 15.08.2017 09:00","2637","2629"
"15.08.2017 09:00 - 15.08.2017 10:00","2658","2656"
"15.08.2017 10:00 - 15.08.2017 11:00","2737","2736"
"15.08.2017 11:00 - 15.08.2017 12:00","2713","2690"
"15.08.2017 12:00 - 15.08.2017 13:00","2641","2611"
"15.08.2017 13:00 - 15.08.2017 14:00","2648","2653"
"15.08.2017 14:00 - 15.08.2017 15:00","2621","2619"
"15.08.2017 15:00 - 15.08.2017 16:00","2493","2475"
"15.08.2017 16:00 - 15.08.2017 17:00","2442","2424"
"15.08.2017 17:00 - 15.08.2017 18:00","2553","2604"
"15.08.2017 18:00 - 15.08.2017 19:00","2525","2576"
"15.08.2017 19:00 - 15.08.2017 20:00","2420","2461"
"15.08.2017 20:00 - 15.08.2017 21:00","2337","2361"
"15.08.2017 21:00 - 15.08.2017 22:00","2338","2317"
"15.08.2017 22:00 - 15.08.2017 23:00","2179","2139"
"15.08.2017 23:00 - 16.08.2017 00:00","1951","1941"
"16.08.2017 00:00 - 16.08.2017 01:00","1799","1789"
"16.08.2017 01:00 - 16.08.2017 02:00","1696","1712"
"16.08.2017 02:00 - 16.08.2017 03:00","1670","1687"
"16.08.2017 03:00 - 16.08.2017 04:00","1679","1668"
"16.08.2017 04:00 - 16.08.2017 05:00","1711","1712"
"16.08.2017 05:00 - 16.08.2017 06:00","1827","1842"
"16.08.2017 06:00 - 16.08.2017 07:00","2128","2136"
"16.08.2017 07:00 - 16.08.2017 08:00","2483","2491"
"16.08.2017 08:00 - 16.08.2017 09:00","2648","2645"
"16.08.2017 09:00 - 16.08.2017 10:00","2665","2672"
"16.08.2017 10:00 - 16.08.2017 11:00","2748","2750"
"16.08.2017 11:00 - 16.08.2017 12:00","2759","2735"
"16.08.2017 12:00 - 16.08.2017 13:00","2700","2656"
"16.08.2017 13:00 - 16.08.2017 14:00","2693","2694"
"16.08.2017 14:00 - 16.08.2017 15:00","2638","2651"
"16.08.2017 15:00 - 16.08.2017 16:00","2543","2542"
"16.08.2017 16:00 - 16.08.2017 17:00","2485","2483"
"16.08.2017 17:00 - 16.08.2017 18:00","2581","2619"
"16.08.2017 18:00 - 16.08.2017 19:00","2543","2564"
"16.08.2017 19:00 - 16.08.2017 20:00","2418","2433"
"16.08.2017 20:00 - 16.08.2017 21:00","2316","2327"
"16.08.2017 21:00 - 16.08.2017 22:00","2314","2300"
"16.08.2017 22:00 - 16.08.2017 23:00","2182","2130"
"16.08.2017 23:00 - 17.08.2017 00:00","1994","1926"
"17.08.2017 00:00 - 17.08.2017 01:00","1785","1786"
"17.08.2017 01:00 - 17.08.2017 02:00","1678","1725"
"17.08.2017 02:00 - 17.08.2017 03:00","1669","1697"
"17.08.2017 03:00 - 17.08.2017 04:00","1693","1696"
"17.08.2017 04:00 - 17.08.2017 05:00","1747","1750"
"17.08.2017 05:00 - 17.08.2017 06:00","1863","1873"
"17.08.2017 06:00 - 17.08.2017 07:00","2151","2157"
"17.08.2017 07:00 - 17.08.2017 08:00","2486","2506"
"17.08.2017 08:00 - 17.08.2017 09:00","2668","2669"
"17.08.2017 09:00 - 17.08.2017 10:00","2683","2689"
"17.08.2017 10:00 - 17.08.2017 11:00","2757","2773"
"17.08.2017 11:00 - 17.08.2017 12:00","2753","2747"
"17.08.2017 12:00 - 17.08.2017 13:00","2677","2687"
"17.08.2017 13:00 - 17.08.2017 14:00","2705","2696"
"17.08.2017 14:00 - 17.08.2017 15:00","2626","2634"
"17.08.2017 15:00 - 17.08.2017 16:00","2540","2551"
"17.08.2017 16:00 - 17.08.2017 17:00","2504","2567"
"17.08.2017 17:00 - 17.08.2017 18:00","2639","2705"
"17.08.2017 18:00 - 17.08.2017 19:00","2631","2640"
"17.08.2017 19:00 - 17.08.2017 20:00","2494","2503"
"17.08.2017 20:00 - 17.08.2017 21:00","2390","2388"
"17.08.2017 21:00 - 17.08.2017 22:00","2371","2306"
"17.08.2017 22:00 - 17.08.2017 23:00","2202","2122"
"17.08.2017 23:00 - 18.08.2017 00:00","2011","1920"
"18.08.2017 00:00 - 18.08.2017 01:00","1785","1777"
"18.08.2017 01:00 - 18.08.2017 02:00","1705","1731"
"18.08.2017 02:00 - 18.08.2017 03:00","1685","1705"
"18.08.2017 03:00 - 18.08.2017 04:00","1696","1693"
"18.08.2017 04:00 - 18.08.2017 05:00","1748","1753"
"18.08.2017 05:00 - 18.08.2017 06:00","1872","1883"
"18.08.2017 06:00 - 18.08.2017 07:00","2164","2182"
"18.08.2017 07:00 - 18.08.2017 08:00","2510","2547"
"18.08.2017 08:00 - 18.08.2017 09:00","2702","2700"
"18.08.2017 09:00 - 18.08.2017 10:00","2717","2732"
"18.08.2017 10:00 - 18.08.2017 11:00","2784","2769"
"18.08.2017 11:00 - 18.08.2017 12:00","2737","2761"
"18.08.2017 12:00 - 18.08.2017 13:00","2666","2682"
"18.08.2017 13:00 - 18.08.2017 14:00","2600","2599"
"18.08.2017 14:00 - 18.08.2017 15:00","2464","2481"
"18.08.2017 15:00 - 18.08.2017 16:00","2380","2379"
"18.08.2017 16:00 - 18.08.2017 17:00","2366","2370"
"18.08.2017 17:00 - 18.08.2017 18:00","2460","2488"
"18.08.2017 18:00 - 18.08.2017 19:00","2417","2423"
"18.08.2017 19:00 - 18.08.2017 20:00","2272","2255"
"18.08.2017 20:00 - 18.08.2017 21:00","2162","2145"
"18.08.2017 21:00 - 18.08.2017 22:00","2173","2111"
"18.08.2017 22:00 - 18.08.2017 23:00","2071","1954"
"18.08.2017 23:00 - 19.08.2017 00:00","1918","1798"
"19.08.2017 00:00 - 19.08.2017 01:00","1663","1679"
"19.08.2017 01:00 - 19.08.2017 02:00","1580","1617"
"19.08.2017 02:00 - 19.08.2017 03:00","1545","1546"
"19.08.2017 03:00 - 19.08.2017 04:00","1526","1533"
"19.08.2017 04:00 - 19.08.2017 05:00","1538","1541"
"19.08.2017 05:00 - 19.08.2017 06:00","1584","1609"
"19.08.2017 06:00 - 19.08.2017 07:00","1654","1636"
"19.08.2017 07:00 - 19.08.2017 08:00","1788","1777"
"19.08.2017 08:00 - 19.08.2017 09:00","1967","1950"
"19.08.2017 09:00 - 19.08.2017 10:00","2082","2090"
"19.08.2017 10:00 - 19.08.2017 11:00","2131","2115"
"19.08.2017 11:00 - 19.08.2017 12:00","2107","2125"
"19.08.2017 12:00 - 19.08.2017 13:00","2115","2114"
"19.08.2017 13:00 - 19.08.2017 14:00","2082","2105"
"19.08.2017 14:00 - 19.08.2017 15:00","2071","2058"
"19.08.2017 15:00 - 19.08.2017 16:00","2042","2055"
"19.08.2017 16:00 - 19.08.2017 17:00","2063","2079"
"19.08.2017 17:00 - 19.08.2017 18:00","2163","2170"
"19.08.2017 18:00 - 19.08.2017 19:00","2149","2156"
"19.08.2017 19:00 - 19.08.2017 20:00","2017","2020"
"19.08.2017 20:00 - 19.08.2017 21:00","1930","1925"
"19.08.2017 21:00 - 19.08.2017 22:00","1931","1918"
"19.08.2017 22:00 - 19.08.2017 23:00","1806","1804"
"19.08.2017 23:00 - 20.08.2017 00:00","1667","1676"
"20.08.2017 00:00 - 20.08.2017 01:00","1571","1561"
"20.08.2017 01:00 - 20.08.2017 02:00","1496","1495"
"20.08.2017 02:00 - 20.08.2017 03:00","1459","1461"
"20.08.2017 03:00 - 20.08.2017 04:00","1447","1450"
"20.08.2017 04:00 - 20.08.2017 05:00","1462","1464"
"20.08.2017 05:00 - 20.08.2017 06:00","1480","1468"
"20.08.2017 06:00 - 20.08.2017 07:00","1478","1497"
"20.08.2017 07:00 - 20.08.2017 08:00","1623","1627"
"20.08.2017 08:00 - 20.08.2017 09:00","1817","1794"
"20.08.2017 09:00 - 20.08.2017 10:00","1900","1885"
"20.08.2017 10:00 - 20.08.2017 11:00","1971","1985"
"20.08.2017 11:00 - 20.08.2017 12:00","2037","2028"
"20.08.2017 12:00 - 20.08.2017 13:00","2042","2035"
"20.08.2017 13:00 - 20.08.2017 14:00","2034","2033"
"20.08.2017 14:00 - 20.08.2017 15:00","2036","2045"
"20.08.2017 15:00 - 20.08.2017 16:00","2035","2026"
"20.08.2017 16:00 - 20.08.2017 17:00","2069","2053"
"20.08.2017 17:00 - 20.08.2017 18:00","2239","2239"
"20.08.2017 18:00 - 20.08.2017 19:00","2240","2235"
"20.08.2017 19:00 - 20.08.2017 20:00","2115","2126"
"20.08.2017 20:00 - 20.08.2017 21:00","2026","2040"
"20.08.2017 21:00 - 20.08.2017 22:00","2049","2015"
"20.08.2017 22:00 - 20.08.2017 23:00","1942","1867"
"20.08.2017 23:00 - 21.08.2017 00:00","1808","1719"
"21.08.2017 00:00 - 21.08.2017 01:00","1638","1656"
"21.08.2017 01:00 - 21.08.2017 02:00","1609","1618"
"21.08.2017 02:00 - 21.08.2017 03:00","1604","1614"
"21.08.2017 03:00 - 21.08.2017 04:00","1624","1626"
"21.08.2017 04:00 - 21.08.2017 05:00","1669","1675"
"21.08.2017 05:00 - 21.08.2017 06:00","1823","1829"
"21.08.2017 06:00 - 21.08.2017 07:00","2147","2163"
"21.08.2017 07:00 - 21.08.2017 08:00","2526","2511"
"21.08.2017 08:00 - 21.08.2017 09:00","2657","2641"
"21.08.2017 09:00 - 21.08.2017 10:00","2698","2677"
"21.08.2017 10:00 - 21.08.2017 11:00","2762","2744"
"21.08.2017 11:00 - 21.08.2017 12:00","2756","2751"
"21.08.2017 12:00 - 21.08.2017 13:00","2687","2683"
"21.08.2017 13:00 - 21.08.2017 14:00","2702","2676"
"21.08.2017 14:00 - 21.08.2017 15:00","2622","2621"
"21.08.2017 15:00 - 21.08.2017 16:00","2507","2505"
"21.08.2017 16:00 - 21.08.2017 17:00","2456","2434"
"21.08.2017 17:00 - 21.08.2017 18:00","2549","2542"
"21.08.2017 18:00 - 21.08.2017 19:00","2459","2464"
"21.08.2017 19:00 - 21.08.2017 20:00","2353","2366"
"21.08.2017 20:00 - 21.08.2017 21:00","2273","2284"
"21.08.2017 21:00 - 21.08.2017 22:00","2249","2227"
"21.08.2017 22:00 - 21.08.2017 23:00","2105","2051"
"21.08.2017 23:00 - 22.08.2017 00:00","1947","1876"
"22.08.2017 00:00 - 22.08.2017 01:00","1749","1767"
"22.08.2017 01:00 - 22.08.2017 02:00","1670","1709"
"22.08.2017 02:00 - 22.08.2017 03:00","1649","1696"
"22.08.2017 03:00 - 22.08.2017 04:00","1648","1718"
"22.08.2017 04:00 - 22.08.2017 05:00","1754","1771"
"22.08.2017 05:00 - 22.08.2017 06:00","1906","1902"
"22.08.2017 06:00 - 22.08.2017 07:00","2181","2174"
"22.08.2017 07:00 - 22.08.2017 08:00","2503","2520"
"22.08.2017 08:00 - 22.08.2017 09:00","2668","2664"
"22.08.2017 09:00 - 22.08.2017 10:00","2680","2599"
"22.08.2017 10:00 - 22.08.2017 11:00","2666","2612"
"22.08.2017 11:00 - 22.08.2017 12:00","2672","2704"
"22.08.2017 12:00 - 22.08.2017 13:00","2640","2664"
"22.08.2017 13:00 - 22.08.2017 14:00","2684","2692"
"22.08.2017 14:00 - 22.08.2017 15:00","2640","2616"
"22.08.2017 15:00 - 22.08.2017 16:00","2500","2496"
"22.08.2017 16:00 - 22.08.2017 17:00","2512","2548"
"22.08.2017 17:00 - 22.08.2017 18:00","2680","2734"
"22.08.2017 18:00 - 22.08.2017 19:00","2670","2741"
"22.08.2017 19:00 - 22.08.2017 20:00","2649","2699"
"22.08.2017 20:00 - 22.08.2017 21:00","2598","2641"
"22.08.2017 21:00 - 22.08.2017 22:00","2593","2607"
"22.08.2017 22:00 - 22.08.2017 23:00","2382","2427"
"22.08.2017 23:00 - 23.08.2017 00:00","2108","2219"
"23.08.2017 00:00 - 23.08.2017 01:00","2059","2090"
"23.08.2017 01:00 - 23.08.2017 02:00","1984","2033"
"23.08.2017 02:00 - 23.08.2017 03:00","1950","2019"
"23.08.2017 03:00 - 23.08.2017 04:00","1988","2030"
"23.08.2017 04:00 - 23.08.2017 05:00","2024","2074"
"23.08.2017 05:00 - 23.08.2017 06:00","2199","2216"
"23.08.2017 06:00 - 23.08.2017 07:00","2526","2515"
"23.08.2017 07:00 - 23.08.2017 08:00","2838","2793"
"23.08.2017 08:00 - 23.08.2017 09:00","2797","2728"
"23.08.2017 09:00 - 23.08.2017 10:00","2690","2693"
"23.08.2017 10:00 - 23.08.2017 11:00","2773","2753"
"23.08.2017 11:00 - 23.08.2017 12:00","2758","2751"
"23.08.2017 12:00 - 23.08.2017 13:00","2704","2706"
"23.08.2017 13:00 - 23.08.2017 14:00","2743","2727"
"23.08.2017 14:00 - 23.08.2017 15:00","2677","2650"
"23.08.2017 15:00 - 23.08.2017 16:00","2548","2547"
"23.08.2017 16:00 - 23.08.2017 17:00","2513","2516"
"23.08.2017 17:00 - 23.08.2017 18:00","2623","2616"
"23.08.2017 18:00 - 23.08.2017 19:00","2537","2553"
"23.08.2017 19:00 - 23.08.2017 20:00","2447","2432"
"23.08.2017 20:00 - 23.08.2017 21:00","2346","2359"
"23.08.2017 21:00 - 23.08.2017 22:00","2344","2328"
"23.08.2017 22:00 - 23.08.2017 23:00","2198","2123"
"23.08.2017 23:00 - 24.08.2017 00:00","2035","1917"
"24.08.2017 00:00 - 24.08.2017 01:00","1800","1801"
"24.08.2017 01:00 - 24.08.2017 02:00","1732","1744"
"24.08.2017 02:00 - 24.08.2017 03:00","1734","1725"
"24.08.2017 03:00 - 24.08.2017 04:00","1748","1722"
"24.08.2017 04:00 - 24.08.2017 05:00","1784","1762"
"24.08.2017 05:00 - 24.08.2017 06:00","1914","1882"
"24.08.2017 06:00 - 24.08.2017 07:00","2188","2187"
"24.08.2017 07:00 - 24.08.2017 08:00","2553","2540"
"24.08.2017 08:00 - 24.08.2017 09:00","2708","2685"
"24.08.2017 09:00 - 24.08.2017 10:00","2717","2719"
"24.08.2017 10:00 - 24.08.2017 11:00","2799","2777"
"24.08.2017 11:00 - 24.08.2017 12:00","2783","2768"
"24.08.2017 12:00 - 24.08.2017 13:00","2734","2717"
"24.08.2017 13:00 - 24.08.2017 14:00","2739","2710"
"24.08.2017 14:00 - 24.08.2017 15:00","2649","2654"
"24.08.2017 15:00 - 24.08.2017 16:00","2564","2580"
"24.08.2017 16:00 - 24.08.2017 17:00","2530","2549"
"24.08.2017 17:00 - 24.08.2017 18:00","2649","2651"
"24.08.2017 18:00 - 24.08.2017 19:00","2539","2549"
"24.08.2017 19:00 - 24.08.2017 20:00","2450","2461"
"24.08.2017 20:00 - 24.08.2017 21:00","2394","2387"
"24.08.2017 21:00 - 24.08.2017 22:00","2392","2350"
"24.08.2017 22:00 - 24.08.2017 23:00","2246","2175"
"24.08.2017 23:00 - 25.08.2017 00:00","2096","1967"
"25.08.2017 00:00 - 25.08.2017 01:00","1838","1852"
"25.08.2017 01:00 - 25.08.2017 02:00","1755","1786"
"25.08.2017 02:00 - 25.08.2017 03:00","1733","1735"
"25.08.2017 03:00 - 25.08.2017 04:00","1749","1725"
"25.08.2017 04:00 - 25.08.2017 05:00","1777","1766"
"25.08.2017 05:00 - 25.08.2017 06:00","1907","1896"
"25.08.2017 06:00 - 25.08.2017 07:00","2169","2197"
"25.08.2017 07:00 - 25.08.2017 08:00","2539","2537"
"25.08.2017 08:00 - 25.08.2017 09:00","2675","2676"
"25.08.2017 09:00 - 25.08.2017 10:00","2702","2697"
"25.08.2017 10:00 - 25.08.2017 11:00","2761","2743"
"25.08.2017 11:00 - 25.08.2017 12:00","2716","2689"
"25.08.2017 12:00 - 25.08.2017 13:00","2586","2601"
"25.08.2017 13:00 - 25.08.2017 14:00","2539","2524"
"25.08.2017 14:00 - 25.08.2017 15:00","2405","2422"
"25.08.2017 15:00 - 25.08.2017 16:00","2345","2369"
"25.08.2017 16:00 - 25.08.2017 17:00","2335","2323"
"25.08.2017 17:00 - 25.08.2017 18:00","2407","2414"
"25.08.2017 18:00 - 25.08.2017 19:00","2346","2347"
"25.08.2017 19:00 - 25.08.2017 20:00","2225","2214"
"25.08.2017 20:00 - 25.08.2017 21:00","2117","2107"
"25.08.2017 21:00 - 25.08.2017 22:00","2116","2088"
"25.08.2017 22:00 - 25.08.2017 23:00","1953","1958"
"25.08.2017 23:00 - 26.08.2017 00:00","1781","1801"
"26.08.2017 00:00 - 26.08.2017 01:00","1661","1671"
"26.08.2017 01:00 - 26.08.2017 02:00","1575","1591"
"26.08.2017 02:00 - 26.08.2017 03:00","1529","1542"
"26.08.2017 03:00 - 26.08.2017 04:00","1506","1524"
"26.08.2017 04:00 - 26.08.2017 05:00","1526","1529"
"26.08.2017 05:00 - 26.08.2017 06:00","1557","1573"
"26.08.2017 06:00 - 26.08.2017 07:00","1627","1634"
"26.08.2017 07:00 - 26.08.2017 08:00","1805","1809"
"26.08.2017 08:00 - 26.08.2017 09:00","2011","2015"
"26.08.2017 09:00 - 26.08.2017 10:00","2124","2120"
"26.08.2017 10:00 - 26.08.2017 11:00","2173","2176"
"26.08.2017 11:00 - 26.08.2017 12:00","2164","2158"
"26.08.2017 12:00 - 26.08.2017 13:00","2110","2109"
"26.08.2017 13:00 - 26.08.2017 14:00","2075","2086"
"26.08.2017 14:00 - 26.08.2017 15:00","2040","2039"
"26.08.2017 15:00 - 26.08.2017 16:00","2012","2018"
"26.08.2017 16:00 - 26.08.2017 17:00","2034","2059"
"26.08.2017 17:00 - 26.08.2017 18:00","2189","2204"
"26.08.2017 18:00 - 26.08.2017 19:00","2181","2190"
"26.08.2017 19:00 - 26.08.2017 20:00","2056","2073"
"26.08.2017 20:00 - 26.08.2017 21:00","1999","2006"
"26.08.2017 21:00 - 26.08.2017 22:00","1982","1951"
"26.08.2017 22:00 - 26.08.2017 23:00","1835","1822"
"26.08.2017 23:00 - 27.08.2017 00:00","1683","1688"
"27.08.2017 00:00 - 27.08.2017 01:00","1580","1592"
"27.08.2017 01:00 - 27.08.2017 02:00","1520","1540"
"27.08.2017 02:00 - 27.08.2017 03:00","1490","1500"
"27.08.2017 03:00 - 27.08.2017 04:00","1485","1487"
"27.08.2017 04:00 - 27.08.2017 05:00","1488","1479"
"27.08.2017 05:00 - 27.08.2017 06:00","1514","1509"
"27.08.2017 06:00 - 27.08.2017 07:00","1541","1537"
"27.08.2017 07:00 - 27.08.2017 08:00","1663","1656"
"27.08.2017 08:00 - 27.08.2017 09:00","1846","1849"
"27.08.2017 09:00 - 27.08.2017 10:00","1973","1965"
"27.08.2017 10:00 - 27.08.2017 11:00","2038","2009"
"27.08.2017 11:00 - 27.08.2017 12:00","2031","2015"
"27.08.2017 12:00 - 27.08.2017 13:00","2005","1989"
"27.08.2017 13:00 - 27.08.2017 14:00","1997","1988"
"27.08.2017 14:00 - 27.08.2017 15:00","1986","1979"
"27.08.2017 15:00 - 27.08.2017 16:00","1975","1972"
"27.08.2017 16:00 - 27.08.2017 17:00","2013","2032"
"27.08.2017 17:00 - 27.08.2017 18:00","2207","2232"
"27.08.2017 18:00 - 27.08.2017 19:00","2216","2233"
"27.08.2017 19:00 - 27.08.2017 20:00","2115","2127"
"27.08.2017 20:00 - 27.08.2017 21:00","2074","2086"
"27.08.2017 21:00 - 27.08.2017 22:00","2020","2039"
"27.08.2017 22:00 - 27.08.2017 23:00","1883","1891"
"27.08.2017 23:00 - 28.08.2017 00:00","1756","1756"
"28.08.2017 00:00 - 28.08.2017 01:00","1665","1668"
"28.08.2017 01:00 - 28.08.2017 02:00","1609","1626"
"28.08.2017 02:00 - 28.08.2017 03:00","1612","1607"
"28.08.2017 03:00 - 28.08.2017 04:00","1634","1613"
"28.08.2017 04:00 - 28.08.2017 05:00","1653","1665"
"28.08.2017 05:00 - 28.08.2017 06:00","1815","1824"
"28.08.2017 06:00 - 28.08.2017 07:00","2138","2161"
"28.08.2017 07:00 - 28.08.2017 08:00","2504","2499"
"28.08.2017 08:00 - 28.08.2017 09:00","2654","2655"
"28.08.2017 09:00 - 28.08.2017 10:00","2694","2699"
"28.08.2017 10:00 - 28.08.2017 11:00","2776","2776"
"28.08.2017 11:00 - 28.08.2017 12:00","2782","2772"
"28.08.2017 12:00 - 28.08.2017 13:00","2718","2728"
"28.08.2017 13:00 - 28.08.2017 14:00","2756","2758"
"28.08.2017 14:00 - 28.08.2017 15:00","2699","2703"
"28.08.2017 15:00 - 28.08.2017 16:00","2582","2608"
"28.08.2017 16:00 - 28.08.2017 17:00","2561","2573"
"28.08.2017 17:00 - 28.08.2017 18:00","2693","2685"
"28.08.2017 18:00 - 28.08.2017 19:00","2607","2622"
"28.08.2017 19:00 - 28.08.2017 20:00","2488","2487"
"28.08.2017 20:00 - 28.08.2017 21:00","2415","2411"
"28.08.2017 21:00 - 28.08.2017 22:00","2356","2313"
"28.08.2017 22:00 - 28.08.2017 23:00","2183","2123"
"28.08.2017 23:00 - 29.08.2017 00:00","2002","1930"
"29.08.2017 00:00 - 29.08.2017 01:00","1783","1806"
"29.08.2017 01:00 - 29.08.2017 02:00","1690","1724"
"29.08.2017 02:00 - 29.08.2017 03:00","1664","1670"
"29.08.2017 03:00 - 29.08.2017 04:00","1687","1696"
"29.08.2017 04:00 - 29.08.2017 05:00","1738","1739"
"29.08.2017 05:00 - 29.08.2017 06:00","1895","1903"
"29.08.2017 06:00 - 29.08.2017 07:00","2225","2206"
"29.08.2017 07:00 - 29.08.2017 08:00","2549","2539"
"29.08.2017 08:00 - 29.08.2017 09:00","2717","2667"
"29.08.2017 09:00 - 29.08.2017 10:00","2729","2752"
"29.08.2017 10:00 - 29.08.2017 11:00","2803","2787"
"29.08.2017 11:00 - 29.08.2017 12:00","2802","2808"
"29.08.2017 12:00 - 29.08.2017 13:00","2732","2736"
"29.08.2017 13:00 - 29.08.2017 14:00","2758","2757"
"29.08.2017 14:00 - 29.08.2017 15:00","2703","2710"
"29.08.2017 15:00 - 29.08.2017 16:00","2600","2600"
"29.08.2017 16:00 - 29.08.2017 17:00","2557","2573"
"29.08.2017 17:00 - 29.08.2017 18:00","2655","2675"
"29.08.2017 18:00 - 29.08.2017 19:00","2589","2611"
"29.08.2017 19:00 - 29.08.2017 20:00","2467","2483"
"29.08.2017 20:00 - 29.08.2017 21:00","2424","2417"
"29.08.2017 21:00 - 29.08.2017 22:00","2379","2335"
"29.08.2017 22:00 - 29.08.2017 23:00","2174","2130"
"29.08.2017 23:00 - 30.08.2017 00:00","1962","1919"
"30.08.2017 00:00 - 30.08.2017 01:00","1771","1784"
"30.08.2017 01:00 - 30.08.2017 02:00","1697","1719"
"30.08.2017 02:00 - 30.08.2017 03:00","1697","1694"
"30.08.2017 03:00 - 30.08.2017 04:00","1692","1717"
"30.08.2017 04:00 - 30.08.2017 05:00","1754","1767"
"30.08.2017 05:00 - 30.08.2017 06:00","1908","1917"
"30.08.2017 06:00 - 30.08.2017 07:00","2224","2252"
"30.08.2017 07:00 - 30.08.2017 08:00","2560","2570"
"30.08.2017 08:00 - 30.08.2017 09:00","2707","2698"
"30.08.2017 09:00 - 30.08.2017 10:00","2722","2734"
"30.08.2017 10:00 - 30.08.2017 11:00","2803","2823"
"30.08.2017 11:00 - 30.08.2017 12:00","2822","2830"
"30.08.2017 12:00 - 30.08.2017 13:00","2761","2781"
"30.08.2017 13:00 - 30.08.2017 14:00","2807","2807"
"30.08.2017 14:00 - 30.08.2017 15:00","2728","2726"
"30.08.2017 15:00 - 30.08.2017 16:00","2607","2615"
"30.08.2017 16:00 - 30.08.2017 17:00","2573","2592"
"30.08.2017 17:00 - 30.08.2017 18:00","2692","2720"
"30.08.2017 18:00 - 30.08.2017 19:00","2623","2630"
"30.08.2017 19:00 - 30.08.2017 20:00","2477","2466"
"30.08.2017 20:00 - 30.08.2017 21:00","2367","2373"
"30.08.2017 21:00 - 30.08.2017 22:00","2276","2241"
"30.08.2017 22:00 - 30.08.2017 23:00","2176","2053"
"30.08.2017 23:00 - 31.08.2017 00:00","2030","1889"
"31.08.2017 00:00 - 31.08.2017 01:00","1758","1783"
"31.08.2017 01:00 - 31.08.2017 02:00","1690","1721"
"31.08.2017 02:00 - 31.08.2017 03:00","1680","1693"
"31.08.2017 03:00 - 31.08.2017 04:00","1674","1693"
"31.08.2017 04:00 - 31.08.2017 05:00","1732","1739"
"31.08.2017 05:00 - 31.08.2017 06:00","1892","1881"
"31.08.2017 06:00 - 31.08.2017 07:00","2237","2232"
"31.08.2017 07:00 - 31.08.2017 08:00","2574","2554"
"31.08.2017 08:00 - 31.08.2017 09:00","2714","2709"
"31.08.2017 09:00 - 31.08.2017 10:00","2735","2732"
"31.08.2017 10:00 - 31.08.2017 11:00","2805","2797"
"31.08.2017 11:00 - 31.08.2017 12:00","2790","2781"
"31.08.2017 12:00 - 31.08.2017 13:00","2710","2701"
"31.08.2017 13:00 - 31.08.2017 14:00","2738","2729"
"31.08.2017 14:00 - 31.08.2017 15:00","2678","2667"
"31.08.2017 15:00 - 31.08.2017 16:00","2548","2547"
"31.08.2017 16:00 - 31.08.2017 17:00","2498","2491"
"31.08.2017 17:00 - 31.08.2017 18:00","2612","2615"
"31.08.2017 18:00 - 31.08.2017 19:00","2546","2564"
"31.08.2017 19:00 - 31.08.2017 20:00","2426","2437"
"31.08.2017 20:00 - 31.08.2017 21:00","2365","2375"
"31.08.2017 21:00 - 31.08.2017 22:00","2297","2287"
"31.08.2017 22:00 - 31.08.2017 23:00","2157","2092"
"31.08.2017 23:00 - 01.09.2017 00:00","2009","1887"
"01.09.2017 00:00 - 01.09.2017 01:00","1757","1778"
"01.09.2017 01:00 - 01.09.2017 02:00","1732","1705"
"01.09.2017 02:00 - 01.09.2017 03:00","1797","1697"
"01.09.2017 03:00 - 01.09.2017 04:00","1813","1709"
"01.09.2017 04:00 - 01.09.2017 05:00","1779","1755"
"01.09.2017 05:00 - 01.09.2017 06:00","1859","1904"
"01.09.2017 06:00 - 01.09.2017 07:00","2229","2238"
"01.09.2017 07:00 - 01.09.2017 08:00","2557","2560"
"01.09.2017 08:00 - 01.09.2017 09:00","2704","2654"
"01.09.2017 09:00 - 01.09.2017 10:00","2717","2703"
"01.09.2017 10:00 - 01.09.2017 11:00","2754","2748"
"01.09.2017 11:00 - 01.09.2017 12:00","2722","2710"
"01.09.2017 12:00 - 01.09.2017 13:00","2619","2625"
"01.09.2017 13:00 - 01.09.2017 14:00","2544","2541"
"01.09.2017 14:00 - 01.09.2017 15:00","2422","2420"
"01.09.2017 15:00 - 01.09.2017 16:00","2313","2324"
"01.09.2017 16:00 - 01.09.2017 17:00","2299","2295"
"01.09.2017 17:00 - 01.09.2017 18:00","2396","2385"
"01.09.2017 18:00 - 01.09.2017 19:00","2340","2354"
"01.09.2017 19:00 - 01.09.2017 20:00","2200","2198"
"01.09.2017 20:00 - 01.09.2017 21:00","2127","2127"
"01.09.2017 21:00 - 01.09.2017 22:00","2040","2078"
"01.09.2017 22:00 - 01.09.2017 23:00","1909","1910"
"01.09.2017 23:00 - 02.09.2017 00:00","1769","1763"
"02.09.2017 00:00 - 02.09.2017 01:00","1622","1648"
"02.09.2017 01:00 - 02.09.2017 02:00","1535","1574"
"02.09.2017 02:00 - 02.09.2017 03:00","1522","1544"
"02.09.2017 03:00 - 02.09.2017 04:00","1509","1529"
"02.09.2017 04:00 - 02.09.2017 05:00","1520","1538"
"02.09.2017 05:00 - 02.09.2017 06:00","1571","1584"
"02.09.2017 06:00 - 02.09.2017 07:00","1671","1658"
"02.09.2017 07:00 - 02.09.2017 08:00","1825","1818"
"02.09.2017 08:00 - 02.09.2017 09:00","2013","1994"
"02.09.2017 09:00 - 02.09.2017 10:00","2139","2103"
"02.09.2017 10:00 - 02.09.2017 11:00","2184","2161"
"02.09.2017 11:00 - 02.09.2017 12:00","2156","2128"
"02.09.2017 12:00 - 02.09.2017 13:00","2110","2085"
"02.09.2017 13:00 - 02.09.2017 14:00","2069","2059"
"02.09.2017 14:00 - 02.09.2017 15:00","2028","2022"
"02.09.2017 15:00 - 02.09.2017 16:00","1985","1971"
"02.09.2017 16:00 - 02.09.2017 17:00","2001","2005"
"02.09.2017 17:00 - 02.09.2017 18:00","2142","2139"
"02.09.2017 18:00 - 02.09.2017 19:00","2133","2130"
"02.09.2017 19:00 - 02.09.2017 20:00","2012","2023"
"02.09.2017 20:00 - 02.09.2017 21:00","1964","1979"
"02.09.2017 21:00 - 02.09.2017 22:00","1892","1933"
"02.09.2017 22:00 - 02.09.2017 23:00","1750","1798"
"02.09.2017 23:00 - 03.09.2017 00:00","1626","1666"
"03.09.2017 00:00 - 03.09.2017 01:00","1557","1548"
"03.09.2017 01:00 - 03.09.2017 02:00","1486","1503"
"03.09.2017 02:00 - 03.09.2017 03:00","1470","1485"
"03.09.2017 03:00 - 03.09.2017 04:00","1463","1479"
"03.09.2017 04:00 - 03.09.2017 05:00","1476","1484"
"03.09.2017 05:00 - 03.09.2017 06:00","1513","1518"
"03.09.2017 06:00 - 03.09.2017 07:00","1563","1556"
"03.09.2017 07:00 - 03.09.2017 08:00","1689","1690"
"03.09.2017 08:00 - 03.09.2017 09:00","1844","1875"
"03.09.2017 09:00 - 03.09.2017 10:00","1999","1994"
"03.09.2017 10:00 - 03.09.2017 11:00","2077","2065"
"03.09.2017 11:00 - 03.09.2017 12:00","2075","2052"
"03.09.2017 12:00 - 03.09.2017 13:00","2022","2020"
"03.09.2017 13:00 - 03.09.2017 14:00","1994","1986"
"03.09.2017 14:00 - 03.09.2017 15:00","1975","1976"
"03.09.2017 15:00 - 03.09.2017 16:00","1961","1978"
"03.09.2017 16:00 - 03.09.2017 17:00","2024","2036"
"03.09.2017 17:00 - 03.09.2017 18:00","2228","2245"
"03.09.2017 18:00 - 03.09.2017 19:00","2199","2240"
"03.09.2017 19:00 - 03.09.2017 20:00","2139","2126"
"03.09.2017 20:00 - 03.09.2017 21:00","2079","2089"
"03.09.2017 21:00 - 03.09.2017 22:00","2002","2029"
"03.09.2017 22:00 - 03.09.2017 23:00","1886","1871"
"03.09.2017 23:00 - 04.09.2017 00:00","1783","1717"
"04.09.2017 00:00 - 04.09.2017 01:00","1629","1621"
"04.09.2017 01:00 - 04.09.2017 02:00","1568","1600"
"04.09.2017 02:00 - 04.09.2017 03:00","1578","1589"
"04.09.2017 03:00 - 04.09.2017 04:00","1608","1600"
"04.09.2017 04:00 - 04.09.2017 05:00","1657","1651"
"04.09.2017 05:00 - 04.09.2017 06:00","1816","1811"
"04.09.2017 06:00 - 04.09.2017 07:00","2176","2160"
"04.09.2017 07:00 - 04.09.2017 08:00","2482","2494"
"04.09.2017 08:00 - 04.09.2017 09:00","2658","2651"
"04.09.2017 09:00 - 04.09.2017 10:00","2680","2684"
"04.09.2017 10:00 - 04.09.2017 11:00","2753","2744"
"04.09.2017 11:00 - 04.09.2017 12:00","2731","2727"
"04.09.2017 12:00 - 04.09.2017 13:00","2673","2678"
"04.09.2017 13:00 - 04.09.2017 14:00","2697","2677"
"04.09.2017 14:00 - 04.09.2017 15:00","2634","2630"
"04.09.2017 15:00 - 04.09.2017 16:00","2526","2536"
"04.09.2017 16:00 - 04.09.2017 17:00","2492","2496"
"04.09.2017 17:00 - 04.09.2017 18:00","2628","2657"
"04.09.2017 18:00 - 04.09.2017 19:00","2563","2558"
"04.09.2017 19:00 - 04.09.2017 20:00","2425","2421"
"04.09.2017 20:00 - 04.09.2017 21:00","2398","2381"
"04.09.2017 21:00 - 04.09.2017 22:00","2304","2274"
"04.09.2017 22:00 - 04.09.2017 23:00","2122","2082"
"04.09.2017 23:00 - 05.09.2017 00:00","1965","1887"
"05.09.2017 00:00 - 05.09.2017 01:00","1753","1766"
"05.09.2017 01:00 - 05.09.2017 02:00","1696","1712"
"05.09.2017 02:00 - 05.09.2017 03:00","1670","1691"
"05.09.2017 03:00 - 05.09.2017 04:00","1689","1692"
"05.09.2017 04:00 - 05.09.2017 05:00","1740","1743"
"05.09.2017 05:00 - 05.09.2017 06:00","1892","1896"
"05.09.2017 06:00 - 05.09.2017 07:00","2236","2227"
"05.09.2017 07:00 - 05.09.2017 08:00","2556","2557"
"05.09.2017 08:00 - 05.09.2017 09:00","2707","2680"
"05.09.2017 09:00 - 05.09.2017 10:00","2712","2714"
"05.09.2017 10:00 - 05.09.2017 11:00","2782","2778"
"05.09.2017 11:00 - 05.09.2017 12:00","2795","2746"
"05.09.2017 12:00 - 05.09.2017 13:00","2689","2694"
"05.09.2017 13:00 - 05.09.2017 14:00","2722","2748"
"05.09.2017 14:00 - 05.09.2017 15:00","2717","2686"
"05.09.2017 15:00 - 05.09.2017 16:00","2577","2585"
"05.09.2017 16:00 - 05.09.2017 17:00","2536","2556"
"05.09.2017 17:00 - 05.09.2017 18:00","2631","2652"
"05.09.2017 18:00 - 05.09.2017 19:00","2564","2590"
"05.09.2017 19:00 - 05.09.2017 20:00","2459","2475"
"05.09.2017 20:00 - 05.09.2017 21:00","2451","2437"
"05.09.2017 21:00 - 05.09.2017 22:00","2375","2278"
"05.09.2017 22:00 - 05.09.2017 23:00","2190","2071"
"05.09.2017 23:00 - 06.09.2017 00:00","1998","1881"
"06.09.2017 00:00 - 06.09.2017 01:00","1755","1766"
"06.09.2017 01:00 - 06.09.2017 02:00","1691","1727"
"06.09.2017 02:00 - 06.09.2017 03:00","1679","1711"
"06.09.2017 03:00 - 06.09.2017 04:00","1711","1728"
"06.09.2017 04:00 - 06.09.2017 05:00","1774","1773"
"06.09.2017 05:00 - 06.09.2017 06:00","1918","1914"
"06.09.2017 06:00 - 06.09.2017 07:00","2247","2287"
"06.09.2017 07:00 - 06.09.2017 08:00","2611","2617"
"06.09.2017 08:00 - 06.09.2017 09:00","2747","2830"
"06.09.2017 09:00 - 06.09.2017 10:00","2758","2790"
"06.09.2017 10:00 - 06.09.2017 11:00","2856","2842"
"06.09.2017 11:00 - 06.09.2017 12:00","2833","2857"
"06.09.2017 12:00 - 06.09.2017 13:00","2786","2820"
"06.09.2017 13:00 - 06.09.2017 14:00","2837","2833"
"06.09.2017 14:00 - 06.09.2017 15:00","2766","2785"
"06.09.2017 15:00 - 06.09.2017 16:00","2664","2677"
"06.09.2017 16:00 - 06.09.2017 17:00","2630","2637"
"06.09.2017 17:00 - 06.09.2017 18:00","2736","2739"
"06.09.2017 18:00 - 06.09.2017 19:00","2637","2649"
"06.09.2017 19:00 - 06.09.2017 20:00","2534","2540"
"06.09.2017 20:00 - 06.09.2017 21:00","2498","2476"
"06.09.2017 21:00 - 06.09.2017 22:00","2391","2310"
"06.09.2017 22:00 - 06.09.2017 23:00","2214","2136"
"06.09.2017 23:00 - 07.09.2017 00:00","2040","2002"
"07.09.2017 00:00 - 07.09.2017 01:00","1870","1903"
"07.09.2017 01:00 - 07.09.2017 02:00","1838","1853"
"07.09.2017 02:00 - 07.09.2017 03:00","1795","1788"
"07.09.2017 03:00 - 07.09.2017 04:00","1789","1795"
"07.09.2017 04:00 - 07.09.2017 05:00","1834","1835"
"07.09.2017 05:00 - 07.09.2017 06:00","1991","1974"
"07.09.2017 06:00 - 07.09.2017 07:00","2307","2300"
"07.09.2017 07:00 - 07.09.2017 08:00","2628","2606"
"07.09.2017 08:00 - 07.09.2017 09:00","2725","2710"
"07.09.2017 09:00 - 07.09.2017 10:00","2734","2722"
"07.09.2017 10:00 - 07.09.2017 11:00","2792","2776"
"07.09.2017 11:00 - 07.09.2017 12:00","2768","2745"
"07.09.2017 12:00 - 07.09.2017 13:00","2700","2685"
"07.09.2017 13:00 - 07.09.2017 14:00","2710","2713"
"07.09.2017 14:00 - 07.09.2017 15:00","2673","2665"
"07.09.2017 15:00 - 07.09.2017 16:00","2559","2592"
"07.09.2017 16:00 - 07.09.2017 17:00","2552","2577"
"07.09.2017 17:00 - 07.09.2017 18:00","2665","2681"
"07.09.2017 18:00 - 07.09.2017 19:00","2608","2629"
"07.09.2017 19:00 - 07.09.2017 20:00","2516","2498"
"07.09.2017 20:00 - 07.09.2017 21:00","2490","2440"
"07.09.2017 21:00 - 07.09.2017 22:00","2365","2251"
"07.09.2017 22:00 - 07.09.2017 23:00","2188","2063"
"07.09.2017 23:00 - 08.09.2017 00:00","2013","1890"
"08.09.2017 00:00 - 08.09.2017 01:00","1752","1752"
"08.09.2017 01:00 - 08.09.2017 02:00","1691","1715"
"08.09.2017 02:00 - 08.09.2017 03:00","1691","1701"
"08.09.2017 03:00 - 08.09.2017 04:00","1698","1700"
"08.09.2017 04:00 - 08.09.2017 05:00","1750","1753"
"08.09.2017 05:00 - 08.09.2017 06:00","1901","1902"
"08.09.2017 06:00 - 08.09.2017 07:00","2257","2271"
"08.09.2017 07:00 - 08.09.2017 08:00","2589","2600"
"08.09.2017 08:00 - 08.09.2017 09:00","2705","2702"
"08.09.2017 09:00 - 08.09.2017 10:00","2714","2711"
"08.09.2017 10:00 - 08.09.2017 11:00","2778","2788"
"08.09.2017 11:00 - 08.09.2017 12:00","2782","2789"
"08.09.2017 12:00 - 08.09.2017 13:00","2677","2686"
"08.09.2017 13:00 - 08.09.2017 14:00","2603","2585"
"08.09.2017 14:00 - 08.09.2017 15:00","2460","2446"
"08.09.2017 15:00 - 08.09.2017 16:00","2350","2355"
"08.09.2017 16:00 - 08.09.2017 17:00","2332","2353"
"08.09.2017 17:00 - 08.09.2017 18:00","2445","2489"
"08.09.2017 18:00 - 08.09.2017 19:00","2441","2447"
"08.09.2017 19:00 - 08.09.2017 20:00","2297","2255"
"08.09.2017 20:00 - 08.09.2017 21:00","2230","2184"
"08.09.2017 21:00 - 08.09.2017 22:00","2096","2043"
"08.09.2017 22:00 - 08.09.2017 23:00","1931","1910"
"08.09.2017 23:00 - 09.09.2017 00:00","1784","1767"
"09.09.2017 00:00 - 09.09.2017 01:00","1654","1648"
"09.09.2017 01:00 - 09.09.2017 02:00","1576","1596"
"09.09.2017 02:00 - 09.09.2017 03:00","1541","1554"
"09.09.2017 03:00 - 09.09.2017 04:00","1522","1532"
"09.09.2017 04:00 - 09.09.2017 05:00","1537","1553"
"09.09.2017 05:00 - 09.09.2017 06:00","1579","1602"
"09.09.2017 06:00 - 09.09.2017 07:00","1681","1690"
"09.09.2017 07:00 - 09.09.2017 08:00","1833","1824"
"09.09.2017 08:00 - 09.09.2017 09:00","2011","1994"
"09.09.2017 09:00 - 09.09.2017 10:00","2106","2101"
"09.09.2017 10:00 - 09.09.2017 11:00","2148","2141"
"09.09.2017 11:00 - 09.09.2017 12:00","2133","2136"
"09.09.2017 12:00 - 09.09.2017 13:00","2105","2094"
"09.09.2017 13:00 - 09.09.2017 14:00","2068","2078"
"09.09.2017 14:00 - 09.09.2017 15:00","2039","2061"
"09.09.2017 15:00 - 09.09.2017 16:00","2031","2043"
"09.09.2017 16:00 - 09.09.2017 17:00","2067","2068"
"09.09.2017 17:00 - 09.09.2017 18:00","2195","2196"
"09.09.2017 18:00 - 09.09.2017 19:00","2185","2170"
"09.09.2017 19:00 - 09.09.2017 20:00","2054","2055"
"09.09.2017 20:00 - 09.09.2017 21:00","2031","2002"
"09.09.2017 21:00 - 09.09.2017 22:00","1921","1904"
"09.09.2017 22:00 - 09.09.2017 23:00","1787","1776"
"09.09.2017 23:00 - 10.09.2017 00:00","1663","1653"
"10.09.2017 00:00 - 10.09.2017 01:00","1543","1525"
"10.09.2017 01:00 - 10.09.2017 02:00","1474","1480"
"10.09.2017 02:00 - 10.09.2017 03:00","1449","1452"
"10.09.2017 03:00 - 10.09.2017 04:00","1434","1454"
"10.09.2017 04:00 - 10.09.2017 05:00","1452","1471"
"10.09.2017 05:00 - 10.09.2017 06:00","1501","1511"
"10.09.2017 06:00 - 10.09.2017 07:00","1567","1577"
"10.09.2017 07:00 - 10.09.2017 08:00","1676","1684"
"10.09.2017 08:00 - 10.09.2017 09:00","1862","1864"
"10.09.2017 09:00 - 10.09.2017 10:00","1987","1972"
"10.09.2017 10:00 - 10.09.2017 11:00","2015","2003"
"10.09.2017 11:00 - 10.09.2017 12:00","2038","2040"
"10.09.2017 12:00 - 10.09.2017 13:00","2051","2075"
"10.09.2017 13:00 - 10.09.2017 14:00","2070","2108"
"10.09.2017 14:00 - 10.09.2017 15:00","2089","2087"
"10.09.2017 15:00 - 10.09.2017 16:00","2067","2084"
"10.09.2017 16:00 - 10.09.2017 17:00","2113","2122"
"10.09.2017 17:00 - 10.09.2017 18:00","2280","2253"
"10.09.2017 18:00 - 10.09.2017 19:00","2255","2271"
"10.09.2017 19:00 - 10.09.2017 20:00","2185","2222"
"10.09.2017 20:00 - 10.09.2017 21:00","2179","2152"
"10.09.2017 21:00 - 10.09.2017 22:00","2051","2047"
"10.09.2017 22:00 - 10.09.2017 23:00","1908","1904"
"10.09.2017 23:00 - 11.09.2017 00:00","1797","1793"
"11.09.2017 00:00 - 11.09.2017 01:00","1717","1700"
"11.09.2017 01:00 - 11.09.2017 02:00","1637","1619"
"11.09.2017 02:00 - 11.09.2017 03:00","1614","1626"
"11.09.2017 03:00 - 11.09.2017 04:00","1654","1655"
"11.09.2017 04:00 - 11.09.2017 05:00","1712","1719"
"11.09.2017 05:00 - 11.09.2017 06:00","1878","1881"
"11.09.2017 06:00 - 11.09.2017 07:00","2237","2268"
"11.09.2017 07:00 - 11.09.2017 08:00","2583","2590"
"11.09.2017 08:00 - 11.09.2017 09:00","2701","2668"
"11.09.2017 09:00 - 11.09.2017 10:00","2701","2690"
"11.09.2017 10:00 - 11.09.2017 11:00","2762","2751"
"11.09.2017 11:00 - 11.09.2017 12:00","2755","2729"
"11.09.2017 12:00 - 11.09.2017 13:00","2647","2650"
"11.09.2017 13:00 - 11.09.2017 14:00","2680","2686"
"11.09.2017 14:00 - 11.09.2017 15:00","2657","2657"
"11.09.2017 15:00 - 11.09.2017 16:00","2535","2540"
"11.09.2017 16:00 - 11.09.2017 17:00","2523","2557"
"11.09.2017 17:00 - 11.09.2017 18:00","2676","2681"
"11.09.2017 18:00 - 11.09.2017 19:00","2650","2695"
"11.09.2017 19:00 - 11.09.2017 20:00","2547","2530"
"11.09.2017 20:00 - 11.09.2017 21:00","2457","2422"
"11.09.2017 21:00 - 11.09.2017 22:00","2284","2274"
"11.09.2017 22:00 - 11.09.2017 23:00","2118","2069"
"11.09.2017 23:00 - 12.09.2017 00:00","1954","1874"
"12.09.2017 00:00 - 12.09.2017 01:00","1742","1762"
"12.09.2017 01:00 - 12.09.2017 02:00","1692","1736"
"12.09.2017 02:00 - 12.09.2017 03:00","1700","1707"
"12.09.2017 03:00 - 12.09.2017 04:00","1707","1724"
"12.09.2017 04:00 - 12.09.2017 05:00","1784","1786"
"12.09.2017 05:00 - 12.09.2017 06:00","1931","1888"
"12.09.2017 06:00 - 12.09.2017 07:00","2249","2243"
"12.09.2017 07:00 - 12.09.2017 08:00","2568","2571"
"12.09.2017 08:00 - 12.09.2017 09:00","2711","2704"
"12.09.2017 09:00 - 12.09.2017 10:00","2718","2720"
"12.09.2017 10:00 - 12.09.2017 11:00","2790","2776"
"12.09.2017 11:00 - 12.09.2017 12:00","2767","2765"
"12.09.2017 12:00 - 12.09.2017 13:00","2729","2741"
"12.09.2017 13:00 - 12.09.2017 14:00","2788","2787"
"12.09.2017 14:00 - 12.09.2017 15:00","2733","2715"
"12.09.2017 15:00 - 12.09.2017 16:00","2585","2583"
"12.09.2017 16:00 - 12.09.2017 17:00","2546","2570"
"12.09.2017 17:00 - 12.09.2017 18:00","2671","2694"
"12.09.2017 18:00 - 12.09.2017 19:00","2591","2591"
"12.09.2017 19:00 - 12.09.2017 20:00","2497","2489"
"12.09.2017 20:00 - 12.09.2017 21:00","2497","2486"
"12.09.2017 21:00 - 12.09.2017 22:00","2374","2317"
"12.09.2017 22:00 - 12.09.2017 23:00","2185","2097"
"12.09.2017 23:00 - 13.09.2017 00:00","2012","1907"
"13.09.2017 00:00 - 13.09.2017 01:00","1777","1766"
"13.09.2017 01:00 - 13.09.2017 02:00","1702","1741"
"13.09.2017 02:00 - 13.09.2017 03:00","1704","1718"
"13.09.2017 03:00 - 13.09.2017 04:00","1711","1720"
"13.09.2017 04:00 - 13.09.2017 05:00","1767","1783"
"13.09.2017 05:00 - 13.09.2017 06:00","1944","1926"
"13.09.2017 06:00 - 13.09.2017 07:00","2296","2289"
"13.09.2017 07:00 - 13.09.2017 08:00","2596","2591"
"13.09.2017 08:00 - 13.09.2017 09:00","2715","2725"
"13.09.2017 09:00 - 13.09.2017 10:00","2747","2736"
"13.09.2017 10:00 - 13.09.2017 11:00","2811","2805"
"13.09.2017 11:00 - 13.09.2017 12:00","2851","2877"
"13.09.2017 12:00 - 13.09.2017 13:00","2783","2821"
"13.09.2017 13:00 - 13.09.2017 14:00","2792","2793"
"13.09.2017 14:00 - 13.09.2017 15:00","2680","2671"
"13.09.2017 15:00 - 13.09.2017 16:00","2550","2551"
"13.09.2017 16:00 - 13.09.2017 17:00","2518","2561"
"13.09.2017 17:00 - 13.09.2017 18:00","2670","2662"
"13.09.2017 18:00 - 13.09.2017 19:00","2580","2566"
"13.09.2017 19:00 - 13.09.2017 20:00","2447","2459"
"13.09.2017 20:00 - 13.09.2017 21:00","2437","2432"
"13.09.2017 21:00 - 13.09.2017 22:00","2273","2256"
"13.09.2017 22:00 - 13.09.2017 23:00","2121","2050"
"13.09.2017 23:00 - 14.09.2017 00:00","1973","1863"
"14.09.2017 00:00 - 14.09.2017 01:00","1728","1733"
"14.09.2017 01:00 - 14.09.2017 02:00","1651","1677"
"14.09.2017 02:00 - 14.09.2017 03:00","1635","1649"
"14.09.2017 03:00 - 14.09.2017 04:00","1653","1686"
"14.09.2017 04:00 - 14.09.2017 05:00","1723","1722"
"14.09.2017 05:00 - 14.09.2017 06:00","1894","1880"
"14.09.2017 06:00 - 14.09.2017 07:00","2294","2277"
"14.09.2017 07:00 - 14.09.2017 08:00","2578","2580"
"14.09.2017 08:00 - 14.09.2017 09:00","2704","2713"
"14.09.2017 09:00 - 14.09.2017 10:00","2721","2727"
"14.09.2017 10:00 - 14.09.2017 11:00","2782","2787"
"14.09.2017 11:00 - 14.09.2017 12:00","2798","2774"
"14.09.2017 12:00 - 14.09.2017 13:00","2715","2735"
"14.09.2017 13:00 - 14.09.2017 14:00","2751","2749"
"14.09.2017 14:00 - 14.09.2017 15:00","2685","2678"
"14.09.2017 15:00 - 14.09.2017 16:00","2599","2590"
"14.09.2017 16:00 - 14.09.2017 17:00","2550","2603"
"14.09.2017 17:00 - 14.09.2017 18:00","2684","2706"
"14.09.2017 18:00 - 14.09.2017 19:00","2610","2634"
"14.09.2017 19:00 - 14.09.2017 20:00","2524","2548"
"14.09.2017 20:00 - 14.09.2017 21:00","2524","2508"
"14.09.2017 21:00 - 14.09.2017 22:00","2364","2330"
"14.09.2017 22:00 - 14.09.2017 23:00","2171","2130"
"14.09.2017 23:00 - 15.09.2017 00:00","1978","1949"
"15.09.2017 00:00 - 15.09.2017 01:00","1819","1836"
"15.09.2017 01:00 - 15.09.2017 02:00","1744","1783"
"15.09.2017 02:00 - 15.09.2017 03:00","1748","1755"
"15.09.2017 03:00 - 15.09.2017 04:00","1766","1747"
"15.09.2017 04:00 - 15.09.2017 05:00","1786","1761"
"15.09.2017 05:00 - 15.09.2017 06:00","1904","1900"
"15.09.2017 06:00 - 15.09.2017 07:00","2254","2266"
"15.09.2017 07:00 - 15.09.2017 08:00","2562","2579"
"15.09.2017 08:00 - 15.09.2017 09:00","2678","2681"
"15.09.2017 09:00 - 15.09.2017 10:00","2683","2690"
"15.09.2017 10:00 - 15.09.2017 11:00","2731","2723"
"15.09.2017 11:00 - 15.09.2017 12:00","2688","2693"
"15.09.2017 12:00 - 15.09.2017 13:00","2586","2587"
"15.09.2017 13:00 - 15.09.2017 14:00","2518","2537"
"15.09.2017 14:00 - 15.09.2017 15:00","2400","2364"
"15.09.2017 15:00 - 15.09.2017 16:00","2272","2288"
"15.09.2017 16:00 - 15.09.2017 17:00","2281","2251"
"15.09.2017 17:00 - 15.09.2017 18:00","2405","2395"
"15.09.2017 18:00 - 15.09.2017 19:00","2354","2359"
"15.09.2017 19:00 - 15.09.2017 20:00","2253","2260"
"15.09.2017 20:00 - 15.09.2017 21:00","2254","2223"
"15.09.2017 21:00 - 15.09.2017 22:00","2132","2079"
"15.09.2017 22:00 - 15.09.2017 23:00","1992","1922"
"15.09.2017 23:00 - 16.09.2017 00:00","1847","1777"
"16.09.2017 00:00 - 16.09.2017 01:00","1659","1674"
"16.09.2017 01:00 - 16.09.2017 02:00","1579","1608"
"16.09.2017 02:00 - 16.09.2017 03:00","1551","1573"
"16.09.2017 03:00 - 16.09.2017 04:00","1551","1565"
"16.09.2017 04:00 - 16.09.2017 05:00","1564","1568"
"16.09.2017 05:00 - 16.09.2017 06:00","1610","1614"
"16.09.2017 06:00 - 16.09.2017 07:00","1719","1718"
"16.09.2017 07:00 - 16.09.2017 08:00","1865","1879"
"16.09.2017 08:00 - 16.09.2017 09:00","2057","2058"
"16.09.2017 09:00 - 16.09.2017 10:00","2148","2142"
"16.09.2017 10:00 - 16.09.2017 11:00","2183","2176"
"16.09.2017 11:00 - 16.09.2017 12:00","2161","2155"
"16.09.2017 12:00 - 16.09.2017 13:00","2117","2117"
"16.09.2017 13:00 - 16.09.2017 14:00","2067","2058"
"16.09.2017 14:00 - 16.09.2017 15:00","2020","2030"
"16.09.2017 15:00 - 16.09.2017 16:00","2014","2009"
"16.09.2017 16:00 - 16.09.2017 17:00","2046","2047"
"16.09.2017 17:00 - 16.09.2017 18:00","2186","2196"
"16.09.2017 18:00 - 16.09.2017 19:00","2192","2216"
"16.09.2017 19:00 - 16.09.2017 20:00","2106","2109"
"16.09.2017 20:00 - 16.09.2017 21:00","2071","2067"
"16.09.2017 21:00 - 16.09.2017 22:00","1930","1939"
"16.09.2017 22:00 - 16.09.2017 23:00","1798","1823"
"16.09.2017 23:00 - 17.09.2017 00:00","1662","1689"
"17.09.2017 00:00 - 17.09.2017 01:00","1584","1591"
"17.09.2017 01:00 - 17.09.2017 02:00","1519","1537"
"17.09.2017 02:00 - 17.09.2017 03:00","1496","1509"
"17.09.2017 03:00 - 17.09.2017 04:00","1490","1494"
"17.09.2017 04:00 - 17.09.2017 05:00","1492","1505"
"17.09.2017 05:00 - 17.09.2017 06:00","1539","1554"
"17.09.2017 06:00 - 17.09.2017 07:00","1642","1643"
"17.09.2017 07:00 - 17.09.2017 08:00","1750","1757"
"17.09.2017 08:00 - 17.09.2017 09:00","1937","1924"
"17.09.2017 09:00 - 17.09.2017 10:00","2029","2019"
"17.09.2017 10:00 - 17.09.2017 11:00","2061","2062"
"17.09.2017 11:00 - 17.09.2017 12:00","2078","2067"
"17.09.2017 12:00 - 17.09.2017 13:00","2034","2032"
"17.09.2017 13:00 - 17.09.2017 14:00","2016","2029"
"17.09.2017 14:00 - 17.09.2017 15:00","2017","2012"
"17.09.2017 15:00 - 17.09.2017 16:00","1998","1989"
"17.09.2017 16:00 - 17.09.2017 17:00","2058","2064"
"17.09.2017 17:00 - 17.09.2017 18:00","2262","2257"
"17.09.2017 18:00 - 17.09.2017 19:00","2257","2270"
"17.09.2017 19:00 - 17.09.2017 20:00","2192","2187"
"17.09.2017 20:00 - 17.09.2017 21:00","2152","2159"
"17.09.2017 21:00 - 17.09.2017 22:00","2009","2016"
"17.09.2017 22:00 - 17.09.2017 23:00","1877","1871"
"17.09.2017 23:00 - 18.09.2017 00:00","1768","1740"
"18.09.2017 00:00 - 18.09.2017 01:00","1663","1671"
"18.09.2017 01:00 - 18.09.2017 02:00","1614","1632"
"18.09.2017 02:00 - 18.09.2017 03:00","1603","1625"
"18.09.2017 03:00 - 18.09.2017 04:00","1639","1633"
"18.09.2017 04:00 - 18.09.2017 05:00","1683","1684"
"18.09.2017 05:00 - 18.09.2017 06:00","1851","1847"
"18.09.2017 06:00 - 18.09.2017 07:00","2253","2223"
"18.09.2017 07:00 - 18.09.2017 08:00","2548","2557"
"18.09.2017 08:00 - 18.09.2017 09:00","2697","2696"
"18.09.2017 09:00 - 18.09.2017 10:00","2708","2695"
"18.09.2017 10:00 - 18.09.2017 11:00","2765","2746"
"18.09.2017 11:00 - 18.09.2017 12:00","2750","2741"
"18.09.2017 12:00 - 18.09.2017 13:00","2685","2697"
"18.09.2017 13:00 - 18.09.2017 14:00","2705","2702"
"18.09.2017 14:00 - 18.09.2017 15:00","2645","2645"
"18.09.2017 15:00 - 18.09.2017 16:00","2534","2533"
"18.09.2017 16:00 - 18.09.2017 17:00","2505","2506"
"18.09.2017 17:00 - 18.09.2017 18:00","2655","2636"
"18.09.2017 18:00 - 18.09.2017 19:00","2574","2574"
"18.09.2017 19:00 - 18.09.2017 20:00","2480","2487"
"18.09.2017 20:00 - 18.09.2017 21:00","2442","2436"
"18.09.2017 21:00 - 18.09.2017 22:00","2289","2258"
"18.09.2017 22:00 - 18.09.2017 23:00","2108","2065"
"18.09.2017 23:00 - 19.09.2017 00:00","1938","1878"
"19.09.2017 00:00 - 19.09.2017 01:00","1744","1763"
"19.09.2017 01:00 - 19.09.2017 02:00","1676","1710"
"19.09.2017 02:00 - 19.09.2017 03:00","1676","1684"
"19.09.2017 03:00 - 19.09.2017 04:00","1681","1681"
"19.09.2017 04:00 - 19.09.2017 05:00","1726","1737"
"19.09.2017 05:00 - 19.09.2017 06:00","1917","1892"
"19.09.2017 06:00 - 19.09.2017 07:00","2297","2270"
"19.09.2017 07:00 - 19.09.2017 08:00","2602","2598"
"19.09.2017 08:00 - 19.09.2017 09:00","2718","2716"
"19.09.2017 09:00 - 19.09.2017 10:00","2741","2732"
"19.09.2017 10:00 - 19.09.2017 11:00","2793","2784"
"19.09.2017 11:00 - 19.09.2017 12:00","2785","2782"
"19.09.2017 12:00 - 19.09.2017 13:00","2740","2742"
"19.09.2017 13:00 - 19.09.2017 14:00","2772","2764"
"19.09.2017 14:00 - 19.09.2017 15:00","2713","2716"
"19.09.2017 15:00 - 19.09.2017 16:00","2589","2610"
"19.09.2017 16:00 - 19.09.2017 17:00","2577","2606"
"19.09.2017 17:00 - 19.09.2017 18:00","2712","2748"
"19.09.2017 18:00 - 19.09.2017 19:00","2644","2667"
"19.09.2017 19:00 - 19.09.2017 20:00","2583","2566"
"19.09.2017 20:00 - 19.09.2017 21:00","2506","2493"
"19.09.2017 21:00 - 19.09.2017 22:00","2329","2309"
"19.09.2017 22:00 - 19.09.2017 23:00","2142","2105"
"19.09.2017 23:00 - 20.09.2017 00:00","1975","1917"
"20.09.2017 00:00 - 20.09.2017 01:00","1796","1796"
"20.09.2017 01:00 - 20.09.2017 02:00","1727","1757"
"20.09.2017 02:00 - 20.09.2017 03:00","1708","1728"
"20.09.2017 03:00 - 20.09.2017 04:00","1727","1747"
"20.09.2017 04:00 - 20.09.2017 05:00","1787","1789"
"20.09.2017 05:00 - 20.09.2017 06:00","1968","1945"
"20.09.2017 06:00 - 20.09.2017 07:00","2346","2331"
"20.09.2017 07:00 - 20.09.2017 08:00","2661","2659"
"20.09.2017 08:00 - 20.09.2017 09:00","2771","2785"
"20.09.2017 09:00 - 20.09.2017 10:00","2784","2780"
"20.09.2017 10:00 - 20.09.2017 11:00","2805","2792"
"20.09.2017 11:00 - 20.09.2017 12:00","2781","2772"
"20.09.2017 12:00 - 20.09.2017 13:00","2721","2721"
"20.09.2017 13:00 - 20.09.2017 14:00","2741","2740"
"20.09.2017 14:00 - 20.09.2017 15:00","2693","2683"
"20.09.2017 15:00 - 20.09.2017 16:00","2582","2588"
"20.09.2017 16:00 - 20.09.2017 17:00","2553","2558"
"20.09.2017 17:00 - 20.09.2017 18:00","2670","2673"
"20.09.2017 18:00 - 20.09.2017 19:00","2593","2609"
"20.09.2017 19:00 - 20.09.2017 20:00","2541","2540"
"20.09.2017 20:00 - 20.09.2017 21:00","2522","2467"
"20.09.2017 21:00 - 20.09.2017 22:00","2362","2295"
"20.09.2017 22:00 - 20.09.2017 23:00","2178","2134"
"20.09.2017 23:00 - 21.09.2017 00:00","2003","1916"
"21.09.2017 00:00 - 21.09.2017 01:00","1781","1793"
"21.09.2017 01:00 - 21.09.2017 02:00","1697","1741"
"21.09.2017 02:00 - 21.09.2017 03:00","1703","1725"
"21.09.2017 03:00 - 21.09.2017 04:00","1729","1743"
"21.09.2017 04:00 - 21.09.2017 05:00","1780","1789"
"21.09.2017 05:00 - 21.09.2017 06:00","1938","1947"
"21.09.2017 06:00 - 21.09.2017 07:00","2333","2326"
"21.09.2017 07:00 - 21.09.2017 08:00","2669","2665"
"21.09.2017 08:00 - 21.09.2017 09:00","2768","2774"
"21.09.2017 09:00 - 21.09.2017 10:00","2767","2755"
"21.09.2017 10:00 - 21.09.2017 11:00","2805","2805"
"21.09.2017 11:00 - 21.09.2017 12:00","2795","2790"
"21.09.2017 12:00 - 21.09.2017 13:00","2724","2722"
"21.09.2017 13:00 - 21.09.2017 14:00","2747","2758"
"21.09.2017 14:00 - 21.09.2017 15:00","2710","2704"
"21.09.2017 15:00 - 21.09.2017 16:00","2583","2609"
"21.09.2017 16:00 - 21.09.2017 17:00","2582","2590"
"21.09.2017 17:00 - 21.09.2017 18:00","2705","2692"
"21.09.2017 18:00 - 21.09.2017 19:00","2611","2621"
"21.09.2017 19:00 - 21.09.2017 20:00","2583","2563"
"21.09.2017 20:00 - 21.09.2017 21:00","2496","2468"
"21.09.2017 21:00 - 21.09.2017 22:00","2331","2292"
"21.09.2017 22:00 - 21.09.2017 23:00","2169","2085"
"21.09.2017 23:00 - 22.09.2017 00:00","2009","1885"
"22.09.2017 00:00 - 22.09.2017 01:00","1755","1758"
"22.09.2017 01:00 - 22.09.2017 02:00","1679","1716"
"22.09.2017 02:00 - 22.09.2017 03:00","1670","1690"
"22.09.2017 03:00 - 22.09.2017 04:00","1696","1691"
"22.09.2017 04:00 - 22.09.2017 05:00","1728","1728"
"22.09.2017 05:00 - 22.09.2017 06:00","1881","1880"
"22.09.2017 06:00 - 22.09.2017 07:00","2279","2289"
"22.09.2017 07:00 - 22.09.2017 08:00","2604","2605"
"22.09.2017 08:00 - 22.09.2017 09:00","2709","2717"
"22.09.2017 09:00 - 22.09.2017 10:00","2734","2727"
"22.09.2017 10:00 - 22.09.2017 11:00","2767","2747"
"22.09.2017 11:00 - 22.09.2017 12:00","2714","2702"
"22.09.2017 12:00 - 22.09.2017 13:00","2603","2607"
"22.09.2017 13:00 - 22.09.2017 14:00","2527","2538"
"22.09.2017 14:00 - 22.09.2017 15:00","2415","2412"
"22.09.2017 15:00 - 22.09.2017 16:00","2316","2329"
"22.09.2017 16:00 - 22.09.2017 17:00","2338","2347"
"22.09.2017 17:00 - 22.09.2017 18:00","2472","2482"
"22.09.2017 18:00 - 22.09.2017 19:00","2411","2431"
"22.09.2017 19:00 - 22.09.2017 20:00","2342","2340"
"22.09.2017 20:00 - 22.09.2017 21:00","2247","2207"
"22.09.2017 21:00 - 22.09.2017 22:00","2078","2073"
"22.09.2017 22:00 - 22.09.2017 23:00","1933","1918"
"22.09.2017 23:00 - 23.09.2017 00:00","1795","1785"
"23.09.2017 00:00 - 23.09.2017 01:00","1662","1673"
"23.09.2017 01:00 - 23.09.2017 02:00","1578","1603"
"23.09.2017 02:00 - 23.09.2017 03:00","1552","1567"
"23.09.2017 03:00 - 23.09.2017 04:00","1547","1563"
"23.09.2017 04:00 - 23.09.2017 05:00","1556","1576"
"23.09.2017 05:00 - 23.09.2017 06:00","1614","1626"
"23.09.2017 06:00 - 23.09.2017 07:00","1739","1752"
"23.09.2017 07:00 - 23.09.2017 08:00","1894","1891"
"23.09.2017 08:00 - 23.09.2017 09:00","2068","2041"
"23.09.2017 09:00 - 23.09.2017 10:00","2139","2129"
"23.09.2017 10:00 - 23.09.2017 11:00","2177","2174"
"23.09.2017 11:00 - 23.09.2017 12:00","2161","2149"
"23.09.2017 12:00 - 23.09.2017 13:00","2105","2092"
"23.09.2017 13:00 - 23.09.2017 14:00","2060","2070"
"23.09.2017 14:00 - 23.09.2017 15:00","2036","2046"
"23.09.2017 15:00 - 23.09.2017 16:00","2020","2015"
"23.09.2017 16:00 - 23.09.2017 17:00","2052","2061"
"23.09.2017 17:00 - 23.09.2017 18:00","2205","2246"
"23.09.2017 18:00 - 23.09.2017 19:00","2203","2226"
"23.09.2017 19:00 - 23.09.2017 20:00","2173","2154"
"23.09.2017 20:00 - 23.09.2017 21:00","2088","2053"
"23.09.2017 21:00 - 23.09.2017 22:00","1912","1925"
"23.09.2017 22:00 - 23.09.2017 23:00","1770","1802"
"23.09.2017 23:00 - 24.09.2017 00:00","1643","1674"
"24.09.2017 00:00 - 24.09.2017 01:00","1559","1579"
"24.09.2017 01:00 - 24.09.2017 02:00","1498","1515"
"24.09.2017 02:00 - 24.09.2017 03:00","1478","1489"
"24.09.2017 03:00 - 24.09.2017 04:00","1473","1480"
"24.09.2017 04:00 - 24.09.2017 05:00","1486","1493"
"24.09.2017 05:00 - 24.09.2017 06:00","1529","1530"
"24.09.2017 06:00 - 24.09.2017 07:00","1623","1626"
"24.09.2017 07:00 - 24.09.2017 08:00","1737","1757"
"24.09.2017 08:00 - 24.09.2017 09:00","1930","1939"
"24.09.2017 09:00 - 24.09.2017 10:00","2057","2061"
"24.09.2017 10:00 - 24.09.2017 11:00","2112","2103"
"24.09.2017 11:00 - 24.09.2017 12:00","2121","2119"
"24.09.2017 12:00 - 24.09.2017 13:00","2096","2096"
"24.09.2017 13:00 - 24.09.2017 14:00","2061","2051"
"24.09.2017 14:00 - 24.09.2017 15:00","2057","2056"
"24.09.2017 15:00 - 24.09.2017 16:00","2033","2038"
"24.09.2017 16:00 - 24.09.2017 17:00","2070","2100"
"24.09.2017 17:00 - 24.09.2017 18:00","2263","2299"
"24.09.2017 18:00 - 24.09.2017 19:00","2266","2281"
"24.09.2017 19:00 - 24.09.2017 20:00","2260","2241"
"24.09.2017 20:00 - 24.09.2017 21:00","2182","2171"
"24.09.2017 21:00 - 24.09.2017 22:00","2022","2009"
"24.09.2017 22:00 - 24.09.2017 23:00","1869","1874"
"24.09.2017 23:00 - 25.09.2017 00:00","1753","1716"
"25.09.2017 00:00 - 25.09.2017 01:00","1630","1650"
"25.09.2017 01:00 - 25.09.2017 02:00","1602","1612"
"25.09.2017 02:00 - 25.09.2017 03:00","1603","1600"
"25.09.2017 03:00 - 25.09.2017 04:00","1625","1604"
"25.09.2017 04:00 - 25.09.2017 05:00","1633","1650"
"25.09.2017 05:00 - 25.09.2017 06:00","1789","1828"
"25.09.2017 06:00 - 25.09.2017 07:00","2241","2274"
"25.09.2017 07:00 - 25.09.2017 08:00","2621","2633"
"25.09.2017 08:00 - 25.09.2017 09:00","2749","2733"
"25.09.2017 09:00 - 25.09.2017 10:00","2736","2681"
"25.09.2017 10:00 - 25.09.2017 11:00","2745","2744"
"25.09.2017 11:00 - 25.09.2017 12:00","2776","2752"
"25.09.2017 12:00 - 25.09.2017 13:00","2669","2671"
"25.09.2017 13:00 - 25.09.2017 14:00","2680","2662"
"25.09.2017 14:00 - 25.09.2017 15:00","2602","2615"
"25.09.2017 15:00 - 25.09.2017 16:00","2498","2492"
"25.09.2017 16:00 - 25.09.2017 17:00","2462","2480"
"25.09.2017 17:00 - 25.09.2017 18:00","2621","2670"
"25.09.2017 18:00 - 25.09.2017 19:00","2591","2643"
"25.09.2017 19:00 - 25.09.2017 20:00","2600","2604"
"25.09.2017 20:00 - 25.09.2017 21:00","2505","2481"
"25.09.2017 21:00 - 25.09.2017 22:00","2305","2302"
"25.09.2017 22:00 - 25.09.2017 23:00","2114","2097"
"25.09.2017 23:00 - 26.09.2017 00:00","1947","1907"
"26.09.2017 00:00 - 26.09.2017 01:00","1786","1792"
"26.09.2017 01:00 - 26.09.2017 02:00","1718","1738"
"26.09.2017 02:00 - 26.09.2017 03:00","1700","1728"
"26.09.2017 03:00 - 26.09.2017 04:00","1724","1737"
"26.09.2017 04:00 - 26.09.2017 05:00","1786","1786"
"26.09.2017 05:00 - 26.09.2017 06:00","1943","1941"
"26.09.2017 06:00 - 26.09.2017 07:00","2310","2334"
"26.09.2017 07:00 - 26.09.2017 08:00","2656","2675"
"26.09.2017 08:00 - 26.09.2017 09:00","2776","2772"
"26.09.2017 09:00 - 26.09.2017 10:00","2769","2765"
"26.09.2017 10:00 - 26.09.2017 11:00","2818","2782"
"26.09.2017 11:00 - 26.09.2017 12:00","2788","2781"
"26.09.2017 12:00 - 26.09.2017 13:00","2711","2724"
"26.09.2017 13:00 - 26.09.2017 14:00","2746","2752"
"26.09.2017 14:00 - 26.09.2017 15:00","2695","2668"
"26.09.2017 15:00 - 26.09.2017 16:00","2544","2554"
"26.09.2017 16:00 - 26.09.2017 17:00","2519","2518"
"26.09.2017 17:00 - 26.09.2017 18:00","2674","2654"
"26.09.2017 18:00 - 26.09.2017 19:00","2601","2582"
"26.09.2017 19:00 - 26.09.2017 20:00","2555","2546"
"26.09.2017 20:00 - 26.09.2017 21:00","2482","2473"
"26.09.2017 21:00 - 26.09.2017 22:00","2331","2312"
"26.09.2017 22:00 - 26.09.2017 23:00","2102","2114"
"26.09.2017 23:00 - 27.09.2017 00:00","1940","1931"
"27.09.2017 00:00 - 27.09.2017 01:00","1801","1792"
"27.09.2017 01:00 - 27.09.2017 02:00","1712","1739"
"27.09.2017 02:00 - 27.09.2017 03:00","1702","1716"
"27.09.2017 03:00 - 27.09.2017 04:00","1723","1722"
"27.09.2017 04:00 - 27.09.2017 05:00","1769","1767"
"27.09.2017 05:00 - 27.09.2017 06:00","1931","1924"
"27.09.2017 06:00 - 27.09.2017 07:00","2309","2307"
"27.09.2017 07:00 - 27.09.2017 08:00","2658","2671"
"27.09.2017 08:00 - 27.09.2017 09:00","2825","2867"
"27.09.2017 09:00 - 27.09.2017 10:00","2860","2865"
"27.09.2017 10:00 - 27.09.2017 11:00","2898","2887"
"27.09.2017 11:00 - 27.09.2017 12:00","2824","2793"
"27.09.2017 12:00 - 27.09.2017 13:00","2707","2712"
"27.09.2017 13:00 - 27.09.2017 14:00","2742","2753"
"27.09.2017 14:00 - 27.09.2017 15:00","2687","2696"
"27.09.2017 15:00 - 27.09.2017 16:00","2591","2587"
"27.09.2017 16:00 - 27.09.2017 17:00","2555","2590"
"27.09.2017 17:00 - 27.09.2017 18:00","2719","2708"
"27.09.2017 18:00 - 27.09.2017 19:00","2655","2608"
"27.09.2017 19:00 - 27.09.2017 20:00","2613","2600"
"27.09.2017 20:00 - 27.09.2017 21:00","2517","2519"
"27.09.2017 21:00 - 27.09.2017 22:00","2369","2362"
"27.09.2017 22:00 - 27.09.2017 23:00","2194","2229"
"27.09.2017 23:00 - 28.09.2017 00:00","2027","2034"
"28.09.2017 00:00 - 28.09.2017 01:00","1890","1915"
"28.09.2017 01:00 - 28.09.2017 02:00","1811","1864"
"28.09.2017 02:00 - 28.09.2017 03:00","1806","1830"
"28.09.2017 03:00 - 28.09.2017 04:00","1826","1831"
"28.09.2017 04:00 - 28.09.2017 05:00","1875","1889"
"28.09.2017 05:00 - 28.09.2017 06:00","2040","2036"
"28.09.2017 06:00 - 28.09.2017 07:00","2401","2357"
"28.09.2017 07:00 - 28.09.2017 08:00","2702","2703"
"28.09.2017 08:00 - 28.09.2017 09:00","2803","2803"
"28.09.2017 09:00 - 28.09.2017 10:00","2801","2787"
"28.09.2017 10:00 - 28.09.2017 11:00","2831","2819"
"28.09.2017 11:00 - 28.09.2017 12:00","2814","2825"
"28.09.2017 12:00 - 28.09.2017 13:00","2743","2718"
"28.09.2017 13:00 - 28.09.2017 14:00","2745","2725"
"28.09.2017 14:00 - 28.09.2017 15:00","2668","2669"
"28.09.2017 15:00 - 28.09.2017 16:00","2585","2623"
"28.09.2017 16:00 - 28.09.2017 17:00","2587","2589"
"28.09.2017 17:00 - 28.09.2017 18:00","2701","2703"
"28.09.2017 18:00 - 28.09.2017 19:00","2638","2645"
"28.09.2017 19:00 - 28.09.2017 20:00","2650","2630"
"28.09.2017 20:00 - 28.09.2017 21:00","2548","2504"
"28.09.2017 21:00 - 28.09.2017 22:00","2395","2312"
"28.09.2017 22:00 - 28.09.2017 23:00","2231","2132"
"28.09.2017 23:00 - 29.09.2017 00:00","2050","1943"
"29.09.2017 00:00 - 29.09.2017 01:00","1807","1830"
"29.09.2017 01:00 - 29.09.2017 02:00","1731","1767"
"29.09.2017 02:00 - 29.09.2017 03:00","1744","1745"
"29.09.2017 03:00 - 29.09.2017 04:00","1730","1754"
"29.09.2017 04:00 - 29.09.2017 05:00","1785","1805"
"29.09.2017 05:00 - 29.09.2017 06:00","1948","1951"
"29.09.2017 06:00 - 29.09.2017 07:00","2335","2333"
"29.09.2017 07:00 - 29.09.2017 08:00","2673","2689"
"29.09.2017 08:00 - 29.09.2017 09:00","2793","2796"
"29.09.2017 09:00 - 29.09.2017 10:00","2773","2771"
"29.09.2017 10:00 - 29.09.2017 11:00","2828","2807"
"29.09.2017 11:00 - 29.09.2017 12:00","2764","2770"
"29.09.2017 12:00 - 29.09.2017 13:00","2673","2662"
"29.09.2017 13:00 - 29.09.2017 14:00","2575","2567"
"29.09.2017 14:00 - 29.09.2017 15:00","2459","2452"
"29.09.2017 15:00 - 29.09.2017 16:00","2343","2340"
"29.09.2017 16:00 - 29.09.2017 17:00","2343","2356"
"29.09.2017 17:00 - 29.09.2017 18:00","2481","2489"
"29.09.2017 18:00 - 29.09.2017 19:00","2422","2467"
"29.09.2017 19:00 - 29.09.2017 20:00","2409","2410"
"29.09.2017 20:00 - 29.09.2017 21:00","2279","2256"
"29.09.2017 21:00 - 29.09.2017 22:00","2104","2099"
"29.09.2017 22:00 - 29.09.2017 23:00","1939","1940"
"29.09.2017 23:00 - 30.09.2017 00:00","1794","1803"
"30.09.2017 00:00 - 30.09.2017 01:00","1689","1685"
"30.09.2017 01:00 - 30.09.2017 02:00","1586","1584"
"30.09.2017 02:00 - 30.09.2017 03:00","1534","1544"
"30.09.2017 03:00 - 30.09.2017 04:00","1521","1527"
"30.09.2017 04:00 - 30.09.2017 05:00","1535","1538"
"30.09.2017 05:00 - 30.09.2017 06:00","1589","1590"
"30.09.2017 06:00 - 30.09.2017 07:00","1725","1710"
"30.09.2017 07:00 - 30.09.2017 08:00","1869","1881"
"30.09.2017 08:00 - 30.09.2017 09:00","2051","2071"
"30.09.2017 09:00 - 30.09.2017 10:00","2184","2193"
"30.09.2017 10:00 - 30.09.2017 11:00","2224","2217"
"30.09.2017 11:00 - 30.09.2017 12:00","2198","2208"
"30.09.2017 12:00 - 30.09.2017 13:00","2167","2170"
"30.09.2017 13:00 - 30.09.2017 14:00","2128","2138"
"30.09.2017 14:00 - 30.09.2017 15:00","2093","2120"
"30.09.2017 15:00 - 30.09.2017 16:00","2085","2105"
"30.09.2017 16:00 - 30.09.2017 17:00","2096","2147"
"30.09.2017 17:00 - 30.09.2017 18:00","2286","2319"
"30.09.2017 18:00 - 30.09.2017 19:00","2341","2334"
"30.09.2017 19:00 - 30.09.2017 20:00","2275","2233"
"30.09.2017 20:00 - 30.09.2017 21:00","2115","2090"
"30.09.2017 21:00 - 30.09.2017 22:00","1950","1952"
"30.09.2017 22:00 - 30.09.2017 23:00","1822","1810"
"30.09.2017 23:00 - 01.10.2017 00:00","1698","1698"
"01.10.2017 00:00 - 01.10.2017 01:00","1570","1588"
"01.10.2017 01:00 - 01.10.2017 02:00","1497","1510"
"01.10.2017 02:00 - 01.10.2017 03:00","1467","1484"
"01.10.2017 03:00 - 01.10.2017 04:00","1474","1483"
"01.10.2017 04:00 - 01.10.2017 05:00","1486","1490"
"01.10.2017 05:00 - 01.10.2017 06:00","1527","1532"
"01.10.2017 06:00 - 01.10.2017 07:00","1637","1640"
"01.10.2017 07:00 - 01.10.2017 08:00","1794","1803"
"01.10.2017 08:00 - 01.10.2017 09:00","1985","1991"
"01.10.2017 09:00 - 01.10.2017 10:00","2095","2082"
"01.10.2017 10:00 - 01.10.2017 11:00","2140","2115"
"01.10.2017 11:00 - 01.10.2017 12:00","2121","2101"
"01.10.2017 12:00 - 01.10.2017 13:00","2077","2067"
"01.10.2017 13:00 - 01.10.2017 14:00","2047","2044"
"01.10.2017 14:00 - 01.10.2017 15:00","2027","2018"
"01.10.2017 15:00 - 01.10.2017 16:00","2000","2004"
"01.10.2017 16:00 - 01.10.2017 17:00","2057","2061"
"01.10.2017 17:00 - 01.10.2017 18:00","2270","2313"
"01.10.2017 18:00 - 01.10.2017 19:00","2353","2366"
"01.10.2017 19:00 - 01.10.2017 20:00","2349","2351"
"01.10.2017 20:00 - 01.10.2017 21:00","2234","2225"
"01.10.2017 21:00 - 01.10.2017 22:00","2075","2064"
"01.10.2017 22:00 - 01.10.2017 23:00","1924","1871"
"01.10.2017 23:00 - 02.10.2017 00:00","1793","1735"
"02.10.2017 00:00 - 02.10.2017 01:00","1645","1659"
"02.10.2017 01:00 - 02.10.2017 02:00","1607","1633"
"02.10.2017 02:00 - 02.10.2017 03:00","1622","1640"
"02.10.2017 03:00 - 02.10.2017 04:00","1655","1657"
"02.10.2017 04:00 - 02.10.2017 05:00","1707","1721"
"02.10.2017 05:00 - 02.10.2017 06:00","1885","1882"
"02.10.2017 06:00 - 02.10.2017 07:00","2279","2265"
"02.10.2017 07:00 - 02.10.2017 08:00","2667","2669"
"02.10.2017 08:00 - 02.10.2017 09:00","2755","2742"
"02.10.2017 09:00 - 02.10.2017 10:00","2784","2819"
"02.10.2017 10:00 - 02.10.2017 11:00","2870","2864"
"02.10.2017 11:00 - 02.10.2017 12:00","2831","2833"
"02.10.2017 12:00 - 02.10.2017 13:00","2759","2761"
"02.10.2017 13:00 - 02.10.2017 14:00","2778","2761"
"02.10.2017 14:00 - 02.10.2017 15:00","2712","2701"
"02.10.2017 15:00 - 02.10.2017 16:00","2602","2626"
"02.10.2017 16:00 - 02.10.2017 17:00","2601","2593"
"02.10.2017 17:00 - 02.10.2017 18:00","2724","2740"
"02.10.2017 18:00 - 02.10.2017 19:00","2727","2718"
"02.10.2017 19:00 - 02.10.2017 20:00","2702","2694"
"02.10.2017 20:00 - 02.10.2017 21:00","2559","2540"
"02.10.2017 21:00 - 02.10.2017 22:00","2361","2331"
"02.10.2017 22:00 - 02.10.2017 23:00","2208","2141"
"02.10.2017 23:00 - 03.10.2017 00:00","2053","1968"
"03.10.2017 00:00 - 03.10.2017 01:00","1832","1861"
"03.10.2017 01:00 - 03.10.2017 02:00","1778","1811"
"03.10.2017 02:00 - 03.10.2017 03:00","1741","1747"
"03.10.2017 03:00 - 03.10.2017 04:00","1751","1759"
"03.10.2017 04:00 - 03.10.2017 05:00","1810","1820"
"03.10.2017 05:00 - 03.10.2017 06:00","1955","1951"
"03.10.2017 06:00 - 03.10.2017 07:00","2380","2381"
"03.10.2017 07:00 - 03.10.2017 08:00","2734","2732"
"03.10.2017 08:00 - 03.10.2017 09:00","2802","3581"
"03.10.2017 09:00 - 03.10.2017 10:00","2870","2845"
"03.10.2017 10:00 - 03.10.2017 11:00","2862","2853"
"03.10.2017 11:00 - 03.10.2017 12:00","2826","2769"
"03.10.2017 12:00 - 03.10.2017 13:00","2730","2726"
"03.10.2017 13:00 - 03.10.2017 14:00","2816","2757"
"03.10.2017 14:00 - 03.10.2017 15:00","2732","2697"
"03.10.2017 15:00 - 03.10.2017 16:00","2575","2598"
"03.10.2017 16:00 - 03.10.2017 17:00","2457","2554"
"03.10.2017 17:00 - 03.10.2017 18:00","2689","2706"
"03.10.2017 18:00 - 03.10.2017 19:00","2653","2664"
"03.10.2017 19:00 - 03.10.2017 20:00","2683","2642"
"03.10.2017 20:00 - 03.10.2017 21:00","2499","2507"
"03.10.2017 21:00 - 03.10.2017 22:00","2319","2329"
"03.10.2017 22:00 - 03.10.2017 23:00","2146","2137"
"03.10.2017 23:00 - 04.10.2017 00:00","1985","1943"
"04.10.2017 00:00 - 04.10.2017 01:00","1822","1852"
"04.10.2017 01:00 - 04.10.2017 02:00","1773","1812"
"04.10.2017 02:00 - 04.10.2017 03:00","1790","1784"
"04.10.2017 03:00 - 04.10.2017 04:00","1774","1771"
"04.10.2017 04:00 - 04.10.2017 05:00","1810","1812"
"04.10.2017 05:00 - 04.10.2017 06:00","1968","1956"
"04.10.2017 06:00 - 04.10.2017 07:00","2357","2356"
"04.10.2017 07:00 - 04.10.2017 08:00","2745","2758"
"04.10.2017 08:00 - 04.10.2017 09:00","2881","2901"
"04.10.2017 09:00 - 04.10.2017 10:00","2873","2880"
"04.10.2017 10:00 - 04.10.2017 11:00","2927","2951"
"04.10.2017 11:00 - 04.10.2017 12:00","2923","2928"
"04.10.2017 12:00 - 04.10.2017 13:00","2847","2880"
"04.10.2017 13:00 - 04.10.2017 14:00","2897","2856"
"04.10.2017 14:00 - 04.10.2017 15:00","2825","2819"
"04.10.2017 15:00 - 04.10.2017 16:00","2706","2695"
"04.10.2017 16:00 - 04.10.2017 17:00","2643","2682"
"04.10.2017 17:00 - 04.10.2017 18:00","2816","2836"
"04.10.2017 18:00 - 04.10.2017 19:00","2786","2795"
"04.10.2017 19:00 - 04.10.2017 20:00","2796","2744"
"04.10.2017 20:00 - 04.10.2017 21:00","2628","2600"
"04.10.2017 21:00 - 04.10.2017 22:00","2421","2441"
"04.10.2017 22:00 - 04.10.2017 23:00","2229","2207"
"04.10.2017 23:00 - 05.10.2017 00:00","2056","2002"
"05.10.2017 00:00 - 05.10.2017 01:00","1890","1908"
"05.10.2017 01:00 - 05.10.2017 02:00","1829","1853"
"05.10.2017 02:00 - 05.10.2017 03:00","1791","1821"
"05.10.2017 03:00 - 05.10.2017 04:00","1797","1812"
"05.10.2017 04:00 - 05.10.2017 05:00","1845","1857"
"05.10.2017 05:00 - 05.10.2017 06:00","1979","1964"
"05.10.2017 06:00 - 05.10.2017 07:00","2380","2362"
"05.10.2017 07:00 - 05.10.2017 08:00","2759","2761"
"05.10.2017 08:00 - 05.10.2017 09:00","2864","2884"
"05.10.2017 09:00 - 05.10.2017 10:00","2880","2891"
"05.10.2017 10:00 - 05.10.2017 11:00","2927","2913"
"05.10.2017 11:00 - 05.10.2017 12:00","2918","2934"
"05.10.2017 12:00 - 05.10.2017 13:00","2871","2912"
"05.10.2017 13:00 - 05.10.2017 14:00","2869","2856"
"05.10.2017 14:00 - 05.10.2017 15:00","2759","2733"
"05.10.2017 15:00 - 05.10.2017 16:00","2646","2639"
"05.10.2017 16:00 - 05.10.2017 17:00","2624","2573"
"05.10.2017 17:00 - 05.10.2017 18:00","2777","2751"
"05.10.2017 18:00 - 05.10.2017 19:00","2703","2723"
"05.10.2017 19:00 - 05.10.2017 20:00","2703","2741"
"05.10.2017 20:00 - 05.10.2017 21:00","2594","2593"
"05.10.2017 21:00 - 05.10.2017 22:00","2418","2398"
"05.10.2017 22:00 - 05.10.2017 23:00","2218","2188"
"05.10.2017 23:00 - 06.10.2017 00:00","2040","2009"
"06.10.2017 00:00 - 06.10.2017 01:00","1873","1880"
"06.10.2017 01:00 - 06.10.2017 02:00","1808","1837"
"06.10.2017 02:00 - 06.10.2017 03:00","1791","1805"
"06.10.2017 03:00 - 06.10.2017 04:00","1785","1801"
"06.10.2017 04:00 - 06.10.2017 05:00","1834","1843"
"06.10.2017 05:00 - 06.10.2017 06:00","1992","1978"
"06.10.2017 06:00 - 06.10.2017 07:00","2396","2361"
"06.10.2017 07:00 - 06.10.2017 08:00","2753","2706"
"06.10.2017 08:00 - 06.10.2017 09:00","2827","2800"
"06.10.2017 09:00 - 06.10.2017 10:00","2809","2782"
"06.10.2017 10:00 - 06.10.2017 11:00","2803","2775"
"06.10.2017 11:00 - 06.10.2017 12:00","2752","2743"
"06.10.2017 12:00 - 06.10.2017 13:00","2631","2628"
"06.10.2017 13:00 - 06.10.2017 14:00","2542","2556"
"06.10.2017 14:00 - 06.10.2017 15:00","2433","2445"
"06.10.2017 15:00 - 06.10.2017 16:00","2335","2339"
"06.10.2017 16:00 - 06.10.2017 17:00","2347","2369"
"06.10.2017 17:00 - 06.10.2017 18:00","2523","2532"
"06.10.2017 18:00 - 06.10.2017 19:00","2516","2512"
"06.10.2017 19:00 - 06.10.2017 20:00","2465","2463"
"06.10.2017 20:00 - 06.10.2017 21:00","2290","2294"
"06.10.2017 21:00 - 06.10.2017 22:00","2132","2122"
"06.10.2017 22:00 - 06.10.2017 23:00","1985","1933"
"06.10.2017 23:00 - 07.10.2017 00:00","1816","1786"
"07.10.2017 00:00 - 07.10.2017 01:00","1650","1688"
"07.10.2017 01:00 - 07.10.2017 02:00","1583","1635"
"07.10.2017 02:00 - 07.10.2017 03:00","1600","1612"
"07.10.2017 03:00 - 07.10.2017 04:00","1590","1586"
"07.10.2017 04:00 - 07.10.2017 05:00","1592","1612"
"07.10.2017 05:00 - 07.10.2017 06:00","1653","1640"
"07.10.2017 06:00 - 07.10.2017 07:00","1766","1756"
"07.10.2017 07:00 - 07.10.2017 08:00","1942","1937"
"07.10.2017 08:00 - 07.10.2017 09:00","2093","2099"
"07.10.2017 09:00 - 07.10.2017 10:00","2217","2234"
"07.10.2017 10:00 - 07.10.2017 11:00","2292","2319"
"07.10.2017 11:00 - 07.10.2017 12:00","2303","2297"
"07.10.2017 12:00 - 07.10.2017 13:00","2253","2237"
"07.10.2017 13:00 - 07.10.2017 14:00","2227","2203"
"07.10.2017 14:00 - 07.10.2017 15:00","2176","2179"
"07.10.2017 15:00 - 07.10.2017 16:00","2150","2170"
"07.10.2017 16:00 - 07.10.2017 17:00","2188","2197"
"07.10.2017 17:00 - 07.10.2017 18:00","2367","2374"
"07.10.2017 18:00 - 07.10.2017 19:00","2381","2355"
"07.10.2017 19:00 - 07.10.2017 20:00","2320","2277"
"07.10.2017 20:00 - 07.10.2017 21:00","2126","2122"
"07.10.2017 21:00 - 07.10.2017 22:00","2003","1996"
"07.10.2017 22:00 - 07.10.2017 23:00","1842","1871"
"07.10.2017 23:00 - 08.10.2017 00:00","1711","1753"
"08.10.2017 00:00 - 08.10.2017 01:00","1639","1657"
"08.10.2017 01:00 - 08.10.2017 02:00","1585","1610"
"08.10.2017 02:00 - 08.10.2017 03:00","1586","1589"
"08.10.2017 03:00 - 08.10.2017 04:00","1570","1579"
"08.10.2017 04:00 - 08.10.2017 05:00","1580","1596"
"08.10.2017 05:00 - 08.10.2017 06:00","1636","1628"
"08.10.2017 06:00 - 08.10.2017 07:00","1719","1678"
"08.10.2017 07:00 - 08.10.2017 08:00","1837","1818"
"08.10.2017 08:00 - 08.10.2017 09:00","1984","1950"
"08.10.2017 09:00 - 08.10.2017 10:00","2059","2051"
"08.10.2017 10:00 - 08.10.2017 11:00","2109","2084"
"08.10.2017 11:00 - 08.10.2017 12:00","2081","2055"
"08.10.2017 12:00 - 08.10.2017 13:00","2025","1996"
"08.10.2017 13:00 - 08.10.2017 14:00","1984","1978"
"08.10.2017 14:00 - 08.10.2017 15:00","1981","1967"
"08.10.2017 15:00 - 08.10.2017 16:00","1967","1971"
"08.10.2017 16:00 - 08.10.2017 17:00","2047","2039"
"08.10.2017 17:00 - 08.10.2017 18:00","2301","2300"
"08.10.2017 18:00 - 08.10.2017 19:00","2362","2336"
"08.10.2017 19:00 - 08.10.2017 20:00","2342","2327"
"08.10.2017 20:00 - 08.10.2017 21:00","2207","2201"
"08.10.2017 21:00 - 08.10.2017 22:00","2057","2052"
"08.10.2017 22:00 - 08.10.2017 23:00","1897","1897"
"08.10.2017 23:00 - 09.10.2017 00:00","1757","1760"
"09.10.2017 00:00 - 09.10.2017 01:00","1649","1698"
"09.10.2017 01:00 - 09.10.2017 02:00","1642","1674"
"09.10.2017 02:00 - 09.10.2017 03:00","1659","1663"
"09.10.2017 03:00 - 09.10.2017 04:00","1673","1670"
"09.10.2017 04:00 - 09.10.2017 05:00","1716","1726"
"09.10.2017 05:00 - 09.10.2017 06:00","1880","1890"
"09.10.2017 06:00 - 09.10.2017 07:00","2322","2336"
"09.10.2017 07:00 - 09.10.2017 08:00","2748","2737"
"09.10.2017 08:00 - 09.10.2017 09:00","2835","2822"
"09.10.2017 09:00 - 09.10.2017 10:00","2792","2782"
"09.10.2017 10:00 - 09.10.2017 11:00","2839","2818"
"09.10.2017 11:00 - 09.10.2017 12:00","2802","2798"
"09.10.2017 12:00 - 09.10.2017 13:00","2726","2704"
"09.10.2017 13:00 - 09.10.2017 14:00","2733","2723"
"09.10.2017 14:00 - 09.10.2017 15:00","2689","2665"
"09.10.2017 15:00 - 09.10.2017 16:00","2579","2563"
"09.10.2017 16:00 - 09.10.2017 17:00","2561","2545"
"09.10.2017 17:00 - 09.10.2017 18:00","2714","2715"
"09.10.2017 18:00 - 09.10.2017 19:00","2705","2712"
"09.10.2017 19:00 - 09.10.2017 20:00","2691","2696"
"09.10.2017 20:00 - 09.10.2017 21:00","2508","2521"
"09.10.2017 21:00 - 09.10.2017 22:00","2321","2327"
"09.10.2017 22:00 - 09.10.2017 23:00","2180","2142"
"09.10.2017 23:00 - 10.10.2017 00:00","2026","1953"
"10.10.2017 00:00 - 10.10.2017 01:00","1802","1838"
"10.10.2017 01:00 - 10.10.2017 02:00","1718","1779"
"10.10.2017 02:00 - 10.10.2017 03:00","1698","1758"
"10.10.2017 03:00 - 10.10.2017 04:00","1740","1757"
"10.10.2017 04:00 - 10.10.2017 05:00","1797","1809"
"10.10.2017 05:00 - 10.10.2017 06:00","1972","1958"
"10.10.2017 06:00 - 10.10.2017 07:00","2396","2355"
"10.10.2017 07:00 - 10.10.2017 08:00","2784","2741"
"10.10.2017 08:00 - 10.10.2017 09:00","2820","2808"
"10.10.2017 09:00 - 10.10.2017 10:00","2815","3637"
"10.10.2017 10:00 - 10.10.2017 11:00","2879","2857"
"10.10.2017 11:00 - 10.10.2017 12:00","2860","2839"
"10.10.2017 12:00 - 10.10.2017 13:00","2738","2763"
"10.10.2017 13:00 - 10.10.2017 14:00","2781","2785"
"10.10.2017 14:00 - 10.10.2017 15:00","2719","2730"
"10.10.2017 15:00 - 10.10.2017 16:00","2673","2703"
"10.10.2017 16:00 - 10.10.2017 17:00","2680","2723"
"10.10.2017 17:00 - 10.10.2017 18:00","2860","2830"
"10.10.2017 18:00 - 10.10.2017 19:00","2793","2782"
"10.10.2017 19:00 - 10.10.2017 20:00","2721","2703"
"10.10.2017 20:00 - 10.10.2017 21:00","2544","2560"
"10.10.2017 21:00 - 10.10.2017 22:00","2379","2338"
"10.10.2017 22:00 - 10.10.2017 23:00","2210","2121"
"10.10.2017 23:00 - 11.10.2017 00:00","2042","1930"
"11.10.2017 00:00 - 11.10.2017 01:00","1822","1832"
"11.10.2017 01:00 - 11.10.2017 02:00","1754","1783"
"11.10.2017 02:00 - 11.10.2017 03:00","1755","1756"
"11.10.2017 03:00 - 11.10.2017 04:00","1757","1753"
"11.10.2017 04:00 - 11.10.2017 05:00","1768","1797"
"11.10.2017 05:00 - 11.10.2017 06:00","1952","1949"
"11.10.2017 06:00 - 11.10.2017 07:00","2353","2349"
"11.10.2017 07:00 - 11.10.2017 08:00","2774","2777"
"11.10.2017 08:00 - 11.10.2017 09:00","2877","2887"
"11.10.2017 09:00 - 11.10.2017 10:00","2880","2877"
"11.10.2017 10:00 - 11.10.2017 11:00","2922","2900"
"11.10.2017 11:00 - 11.10.2017 12:00","2876","2866"
"11.10.2017 12:00 - 11.10.2017 13:00","2790","2818"
"11.10.2017 13:00 - 11.10.2017 14:00","2820","2837"
"11.10.2017 14:00 - 11.10.2017 15:00","2802","2820"
"11.10.2017 15:00 - 11.10.2017 16:00","2713","2704"
"11.10.2017 16:00 - 11.10.2017 17:00","2652","2672"
"11.10.2017 17:00 - 11.10.2017 18:00","2832","2826"
"11.10.2017 18:00 - 11.10.2017 19:00","2776","2799"
"11.10.2017 19:00 - 11.10.2017 20:00","2717","2694"
"11.10.2017 20:00 - 11.10.2017 21:00","2509","2493"
"11.10.2017 21:00 - 11.10.2017 22:00","2336","2315"
"11.10.2017 22:00 - 11.10.2017 23:00","2192","2119"
"11.10.2017 23:00 - 12.10.2017 00:00","2050","1932"
"12.10.2017 00:00 - 12.10.2017 01:00","1802","1821"
"12.10.2017 01:00 - 12.10.2017 02:00","1722","1784"
"12.10.2017 02:00 - 12.10.2017 03:00","1732","1742"
"12.10.2017 03:00 - 12.10.2017 04:00","1741","1745"
"12.10.2017 04:00 - 12.10.2017 05:00","1769","1803"
"12.10.2017 05:00 - 12.10.2017 06:00","1973","1969"
"12.10.2017 06:00 - 12.10.2017 07:00","2328","2343"
"12.10.2017 07:00 - 12.10.2017 08:00","2716","2715"
"12.10.2017 08:00 - 12.10.2017 09:00","2809","2817"
"12.10.2017 09:00 - 12.10.2017 10:00","2840","2773"
"12.10.2017 10:00 - 12.10.2017 11:00","2869","2843"
"12.10.2017 11:00 - 12.10.2017 12:00","2824","2820"
"12.10.2017 12:00 - 12.10.2017 13:00","2764","2744"
"12.10.2017 13:00 - 12.10.2017 14:00","2753","2755"
"12.10.2017 14:00 - 12.10.2017 15:00","2692","2678"
"12.10.2017 15:00 - 12.10.2017 16:00","2577","2564"
"12.10.2017 16:00 - 12.10.2017 17:00","2540","2576"
"12.10.2017 17:00 - 12.10.2017 18:00","2730","2731"
"12.10.2017 18:00 - 12.10.2017 19:00","2735","2699"
"12.10.2017 19:00 - 12.10.2017 20:00","2658","2668"
"12.10.2017 20:00 - 12.10.2017 21:00","2517","2498"
"12.10.2017 21:00 - 12.10.2017 22:00","2377","2304"
"12.10.2017 22:00 - 12.10.2017 23:00","2201","2114"
"12.10.2017 23:00 - 13.10.2017 00:00","2033","1946"
"13.10.2017 00:00 - 13.10.2017 01:00","1811","1789"
"13.10.2017 01:00 - 13.10.2017 02:00","1716","1753"
"13.10.2017 02:00 - 13.10.2017 03:00","1722","1729"
"13.10.2017 03:00 - 13.10.2017 04:00","1730","1741"
"13.10.2017 04:00 - 13.10.2017 05:00","1780","1786"
"13.10.2017 05:00 - 13.10.2017 06:00","1951","1970"
"13.10.2017 06:00 - 13.10.2017 07:00","2393","2345"
"13.10.2017 07:00 - 13.10.2017 08:00","2790","2715"
"13.10.2017 08:00 - 13.10.2017 09:00","2808","2790"
"13.10.2017 09:00 - 13.10.2017 10:00","2785","2743"
"13.10.2017 10:00 - 13.10.2017 11:00","2796","2755"
"13.10.2017 11:00 - 13.10.2017 12:00","2734","2710"
"13.10.2017 12:00 - 13.10.2017 13:00","2638","2651"
"13.10.2017 13:00 - 13.10.2017 14:00","2600","2613"
"13.10.2017 14:00 - 13.10.2017 15:00","2501","2502"
"13.10.2017 15:00 - 13.10.2017 16:00","2411","2423"
"13.10.2017 16:00 - 13.10.2017 17:00","2442","2464"
"13.10.2017 17:00 - 13.10.2017 18:00","2641","2645"
"13.10.2017 18:00 - 13.10.2017 19:00","2684","2680"
"13.10.2017 19:00 - 13.10.2017 20:00","2557","2507"
"13.10.2017 20:00 - 13.10.2017 21:00","2306","2315"
"13.10.2017 21:00 - 13.10.2017 22:00","2070","2149"
"13.10.2017 22:00 - 13.10.2017 23:00","1831","1980"
"13.10.2017 23:00 - 14.10.2017 00:00","1646","1829"
"14.10.2017 00:00 - 14.10.2017 01:00","1695","1715"
"14.10.2017 01:00 - 14.10.2017 02:00","1615","1637"
"14.10.2017 02:00 - 14.10.2017 03:00","1558","1568"
"14.10.2017 03:00 - 14.10.2017 04:00","1536","1560"
"14.10.2017 04:00 - 14.10.2017 05:00","1559","1564"
"14.10.2017 05:00 - 14.10.2017 06:00","1631","1615"
"14.10.2017 06:00 - 14.10.2017 07:00","1735","1737"
"14.10.2017 07:00 - 14.10.2017 08:00","1911","1926"
"14.10.2017 08:00 - 14.10.2017 09:00","2058","2074"
"14.10.2017 09:00 - 14.10.2017 10:00","2186","2193"
"14.10.2017 10:00 - 14.10.2017 11:00","2238","2240"
"14.10.2017 11:00 - 14.10.2017 12:00","2227","2209"
"14.10.2017 12:00 - 14.10.2017 13:00","2161","2166"
"14.10.2017 13:00 - 14.10.2017 14:00","2122","2136"
"14.10.2017 14:00 - 14.10.2017 15:00","2083","2082"
"14.10.2017 15:00 - 14.10.2017 16:00","2083","2105"
"14.10.2017 16:00 - 14.10.2017 17:00","2164","2158"
"14.10.2017 17:00 - 14.10.2017 18:00","2323","2316"
"14.10.2017 18:00 - 14.10.2017 19:00","2369","2366"
"14.10.2017 19:00 - 14.10.2017 20:00","2256","2249"
"14.10.2017 20:00 - 14.10.2017 21:00","2098","2105"
"14.10.2017 21:00 - 14.10.2017 22:00","1965","1963"
"14.10.2017 22:00 - 14.10.2017 23:00","1830","1823"
"14.10.2017 23:00 - 15.10.2017 00:00","1709","1681"
"15.10.2017 00:00 - 15.10.2017 01:00","1617","1631"
"15.10.2017 01:00 - 15.10.2017 02:00","1548","1549"
"15.10.2017 02:00 - 15.10.2017 03:00","1499","1487"
"15.10.2017 03:00 - 15.10.2017 04:00","1482","1479"
"15.10.2017 04:00 - 15.10.2017 05:00","1494","1506"
"15.10.2017 05:00 - 15.10.2017 06:00","1546","1555"
"15.10.2017 06:00 - 15.10.2017 07:00","1659","1665"
"15.10.2017 07:00 - 15.10.2017 08:00","1806","1803"
"15.10.2017 08:00 - 15.10.2017 09:00","1947","1956"
"15.10.2017 09:00 - 15.10.2017 10:00","2070","2077"
"15.10.2017 10:00 - 15.10.2017 11:00","2138","2130"
"15.10.2017 11:00 - 15.10.2017 12:00","2147","2118"
"15.10.2017 12:00 - 15.10.2017 13:00","2103","2089"
"15.10.2017 13:00 - 15.10.2017 14:00","2068","2088"
"15.10.2017 14:00 - 15.10.2017 15:00","2062","2064"
"15.10.2017 15:00 - 15.10.2017 16:00","2040","2023"
"15.10.2017 16:00 - 15.10.2017 17:00","2071","2068"
"15.10.2017 17:00 - 15.10.2017 18:00","2268","2255"
"15.10.2017 18:00 - 15.10.2017 19:00","2351","2362"
"15.10.2017 19:00 - 15.10.2017 20:00","2314","2305"
"15.10.2017 20:00 - 15.10.2017 21:00","2158","2171"
"15.10.2017 21:00 - 15.10.2017 22:00","2035","2067"
"15.10.2017 22:00 - 15.10.2017 23:00","1906","1922"
"15.10.2017 23:00 - 16.10.2017 00:00","1798","1745"
"16.10.2017 00:00 - 16.10.2017 01:00","1674","1678"
"16.10.2017 01:00 - 16.10.2017 02:00","1604","1604"
"16.10.2017 02:00 - 16.10.2017 03:00","1559","1584"
"16.10.2017 03:00 - 16.10.2017 04:00","1585","1575"
"16.10.2017 04:00 - 16.10.2017 05:00","1627","1635"
"16.10.2017 05:00 - 16.10.2017 06:00","1784","1798"
"16.10.2017 06:00 - 16.10.2017 07:00","2123","2138"
"16.10.2017 07:00 - 16.10.2017 08:00","2429","2563"
"16.10.2017 08:00 - 16.10.2017 09:00","2653","2717"
"16.10.2017 09:00 - 16.10.2017 10:00","2757","2774"
"16.10.2017 10:00 - 16.10.2017 11:00","2787","2761"
"16.10.2017 11:00 - 16.10.2017 12:00","2769","2771"
"16.10.2017 12:00 - 16.10.2017 13:00","2701","2719"
"16.10.2017 13:00 - 16.10.2017 14:00","2716","2718"
"16.10.2017 14:00 - 16.10.2017 15:00","2662","2675"
"16.10.2017 15:00 - 16.10.2017 16:00","2567","2573"
"16.10.2017 16:00 - 16.10.2017 17:00","2543","2535"
"16.10.2017 17:00 - 16.10.2017 18:00","2687","2688"
"16.10.2017 18:00 - 16.10.2017 19:00","2736","2766"
"16.10.2017 19:00 - 16.10.2017 20:00","2671","2655"
"16.10.2017 20:00 - 16.10.2017 21:00","2485","2478"
"16.10.2017 21:00 - 16.10.2017 22:00","2333","2277"
"16.10.2017 22:00 - 16.10.2017 23:00","2187","2147"
"16.10.2017 23:00 - 17.10.2017 00:00","2027","1951"
"17.10.2017 00:00 - 17.10.2017 01:00","1815","1826"
"17.10.2017 01:00 - 17.10.2017 02:00","1758","1769"
"17.10.2017 02:00 - 17.10.2017 03:00","1753","1739"
"17.10.2017 03:00 - 17.10.2017 04:00","1752","1758"
"17.10.2017 04:00 - 17.10.2017 05:00","1791","1777"
"17.10.2017 05:00 - 17.10.2017 06:00","1898","1871"
"17.10.2017 06:00 - 17.10.2017 07:00","2188","2195"
"17.10.2017 07:00 - 17.10.2017 08:00","2573","2615"
"17.10.2017 08:00 - 17.10.2017 09:00","2740","2751"
"17.10.2017 09:00 - 17.10.2017 10:00","2759","2761"
"17.10.2017 10:00 - 17.10.2017 11:00","2810","2800"
"17.10.2017 11:00 - 17.10.2017 12:00","2754","2758"
"17.10.2017 12:00 - 17.10.2017 13:00","2672","2680"
"17.10.2017 13:00 - 17.10.2017 14:00","2683","2697"
"17.10.2017 14:00 - 17.10.2017 15:00","2632","2663"
"17.10.2017 15:00 - 17.10.2017 16:00","2557","2569"
"17.10.2017 16:00 - 17.10.2017 17:00","2527","2554"
"17.10.2017 17:00 - 17.10.2017 18:00","2664","2726"
"17.10.2017 18:00 - 17.10.2017 19:00","2753","2753"
"17.10.2017 19:00 - 17.10.2017 20:00","2692","2670"
"17.10.2017 20:00 - 17.10.2017 21:00","2516","2494"
"17.10.2017 21:00 - 17.10.2017 22:00","2395","2322"
"17.10.2017 22:00 - 17.10.2017 23:00","2262","2160"
"17.10.2017 23:00 - 18.10.2017 00:00","2096","1982"
"18.10.2017 00:00 - 18.10.2017 01:00","1859","1882"
"18.10.2017 01:00 - 18.10.2017 02:00","1782","1802"
"18.10.2017 02:00 - 18.10.2017 03:00","1764","1776"
"18.10.2017 03:00 - 18.10.2017 04:00","1784","1781"
"18.10.2017 04:00 - 18.10.2017 05:00","1817","1812"
"18.10.2017 05:00 - 18.10.2017 06:00","1952","1931"
"18.10.2017 06:00 - 18.10.2017 07:00","2255","2246"
"18.10.2017 07:00 - 18.10.2017 08:00","2580","2617"
"18.10.2017 08:00 - 18.10.2017 09:00","2728","2750"
"18.10.2017 09:00 - 18.10.2017 10:00","2770","2762"
"18.10.2017 10:00 - 18.10.2017 11:00","2793","2732"
"18.10.2017 11:00 - 18.10.2017 12:00","2766","2803"
"18.10.2017 12:00 - 18.10.2017 13:00","2741","2767"
"18.10.2017 13:00 - 18.10.2017 14:00","2743","2771"
"18.10.2017 14:00 - 18.10.2017 15:00","2712","2725"
"18.10.2017 15:00 - 18.10.2017 16:00","2609","2631"
"18.10.2017 16:00 - 18.10.2017 17:00","2599","2604"
"18.10.2017 17:00 - 18.10.2017 18:00","2748","2769"
"18.10.2017 18:00 - 18.10.2017 19:00","2784","2778"
"18.10.2017 19:00 - 18.10.2017 20:00","2612","2610"
"18.10.2017 20:00 - 18.10.2017 21:00","2444","2449"
"18.10.2017 21:00 - 18.10.2017 22:00","2287","2291"
"18.10.2017 22:00 - 18.10.2017 23:00","2129","2120"
"18.10.2017 23:00 - 19.10.2017 00:00","1972","1946"
"19.10.2017 00:00 - 19.10.2017 01:00","1819","1815"
"19.10.2017 01:00 - 19.10.2017 02:00","1723","1747"
"19.10.2017 02:00 - 19.10.2017 03:00","1686","1721"
"19.10.2017 03:00 - 19.10.2017 04:00","1703","1720"
"19.10.2017 04:00 - 19.10.2017 05:00","1745","1752"
"19.10.2017 05:00 - 19.10.2017 06:00","1884","1876"
"19.10.2017 06:00 - 19.10.2017 07:00","2196","2183"
"19.10.2017 07:00 - 19.10.2017 08:00","2523","2538"
"19.10.2017 08:00 - 19.10.2017 09:00","2666","2694"
"19.10.2017 09:00 - 19.10.2017 10:00","2736","2758"
"19.10.2017 10:00 - 19.10.2017 11:00","2826","2830"
"19.10.2017 11:00 - 19.10.2017 12:00","2805","2815"
"19.10.2017 12:00 - 19.10.2017 13:00","2726","2733"
"19.10.2017 13:00 - 19.10.2017 14:00","2725","2731"
"19.10.2017 14:00 - 19.10.2017 15:00","2661","2659"
"19.10.2017 15:00 - 19.10.2017 16:00","2575","2577"
"19.10.2017 16:00 - 19.10.2017 17:00","2549","2544"
"19.10.2017 17:00 - 19.10.2017 18:00","2671","2662"
"19.10.2017 18:00 - 19.10.2017 19:00","2677","2692"
"19.10.2017 19:00 - 19.10.2017 20:00","2593","2579"
"19.10.2017 20:00 - 19.10.2017 21:00","2428","2403"
"19.10.2017 21:00 - 19.10.2017 22:00","2297","2224"
"19.10.2017 22:00 - 19.10.2017 23:00","2160","2052"
"19.10.2017 23:00 - 20.10.2017 00:00","2017","1884"
"20.10.2017 00:00 - 20.10.2017 01:00","1767","1769"
"20.10.2017 01:00 - 20.10.2017 02:00","1681","1693"
"20.10.2017 02:00 - 20.10.2017 03:00","1655","1668"
"20.10.2017 03:00 - 20.10.2017 04:00","1662","1674"
"20.10.2017 04:00 - 20.10.2017 05:00","1710","1715"
"20.10.2017 05:00 - 20.10.2017 06:00","1853","1871"
"20.10.2017 06:00 - 20.10.2017 07:00","2194","2172"
"20.10.2017 07:00 - 20.10.2017 08:00","2516","2527"
"20.10.2017 08:00 - 20.10.2017 09:00","2658","2675"
"20.10.2017 09:00 - 20.10.2017 10:00","2710","2725"
"20.10.2017 10:00 - 20.10.2017 11:00","2778","2786"
"20.10.2017 11:00 - 20.10.2017 12:00","2752","2774"
"20.10.2017 12:00 - 20.10.2017 13:00","2660","2695"
"20.10.2017 13:00 - 20.10.2017 14:00","2607","2625"
"20.10.2017 14:00 - 20.10.2017 15:00","2497","2503"
"20.10.2017 15:00 - 20.10.2017 16:00","2413","2427"
"20.10.2017 16:00 - 20.10.2017 17:00","2422","2427"
"20.10.2017 17:00 - 20.10.2017 18:00","2565","2571"
"20.10.2017 18:00 - 20.10.2017 19:00","2603","2586"
"20.10.2017 19:00 - 20.10.2017 20:00","2422","2415"
"20.10.2017 20:00 - 20.10.2017 21:00","2236","2241"
"20.10.2017 21:00 - 20.10.2017 22:00","2093","2116"
"20.10.2017 22:00 - 20.10.2017 23:00","1955","1959"
"20.10.2017 23:00 - 21.10.2017 00:00","1817","1824"
"21.10.2017 00:00 - 21.10.2017 01:00","1689","1673"
"21.10.2017 01:00 - 21.10.2017 02:00","1572","1599"
"21.10.2017 02:00 - 21.10.2017 03:00","1529","1557"
"21.10.2017 03:00 - 21.10.2017 04:00","1532","1548"
"21.10.2017 04:00 - 21.10.2017 05:00","1557","1565"
"21.10.2017 05:00 - 21.10.2017 06:00","1614","1617"
"21.10.2017 06:00 - 21.10.2017 07:00","1728","1726"
"21.10.2017 07:00 - 21.10.2017 08:00","1913","1934"
"21.10.2017 08:00 - 21.10.2017 09:00","2074","2082"
"21.10.2017 09:00 - 21.10.2017 10:00","2186","2191"
"21.10.2017 10:00 - 21.10.2017 11:00","2242","2234"
"21.10.2017 11:00 - 21.10.2017 12:00","2212","2205"
"21.10.2017 12:00 - 21.10.2017 13:00","2181","2192"
"21.10.2017 13:00 - 21.10.2017 14:00","2146","2150"
"21.10.2017 14:00 - 21.10.2017 15:00","2122","2093"
"21.10.2017 15:00 - 21.10.2017 16:00","2068","2082"
"21.10.2017 16:00 - 21.10.2017 17:00","2138","2144"
"21.10.2017 17:00 - 21.10.2017 18:00","2351","2344"
"21.10.2017 18:00 - 21.10.2017 19:00","2400","2427"
"21.10.2017 19:00 - 21.10.2017 20:00","2247","2267"
"21.10.2017 20:00 - 21.10.2017 21:00","2119","2100"
"21.10.2017 21:00 - 21.10.2017 22:00","1973","1942"
"21.10.2017 22:00 - 21.10.2017 23:00","1817","1819"
"21.10.2017 23:00 - 22.10.2017 00:00","1683","1744"
"22.10.2017 00:00 - 22.10.2017 01:00","1642","1644"
"22.10.2017 01:00 - 22.10.2017 02:00","1562","1581"
"22.10.2017 02:00 - 22.10.2017 03:00","1530","1548"
"22.10.2017 03:00 - 22.10.2017 04:00","1541","1540"
"22.10.2017 04:00 - 22.10.2017 05:00","1537","1559"
"22.10.2017 05:00 - 22.10.2017 06:00","1577","1577"
"22.10.2017 06:00 - 22.10.2017 07:00","1678","1674"
"22.10.2017 07:00 - 22.10.2017 08:00","1840","1850"
"22.10.2017 08:00 - 22.10.2017 09:00","1998","2003"
"22.10.2017 09:00 - 22.10.2017 10:00","2114","2119"
"22.10.2017 10:00 - 22.10.2017 11:00","2168","2154"
"22.10.2017 11:00 - 22.10.2017 12:00","2187","2154"
"22.10.2017 12:00 - 22.10.2017 13:00","2127","2122"
"22.10.2017 13:00 - 22.10.2017 14:00","2096","2088"
"22.10.2017 14:00 - 22.10.2017 15:00","2075","2060"
"22.10.2017 15:00 - 22.10.2017 16:00","2041","2030"
"22.10.2017 16:00 - 22.10.2017 17:00","2111","2142"
"22.10.2017 17:00 - 22.10.2017 18:00","2411","2415"
"22.10.2017 18:00 - 22.10.2017 19:00","2475","2498"
"22.10.2017 19:00 - 22.10.2017 20:00","2347","2357"
"22.10.2017 20:00 - 22.10.2017 21:00","2179","2210"
"22.10.2017 21:00 - 22.10.2017 22:00","2040","2070"
"22.10.2017 22:00 - 22.10.2017 23:00","1900","1929"
"22.10.2017 23:00 - 23.10.2017 00:00","1787","1775"
"23.10.2017 00:00 - 23.10.2017 01:00","1684","1670"
"23.10.2017 01:00 - 23.10.2017 02:00","1609","1624"
"23.10.2017 02:00 - 23.10.2017 03:00","1601","1614"
"23.10.2017 03:00 - 23.10.2017 04:00","1625","1638"
"23.10.2017 04:00 - 23.10.2017 05:00","1679","1694"
"23.10.2017 05:00 - 23.10.2017 06:00","1861","1810"
"23.10.2017 06:00 - 23.10.2017 07:00","2318","2286"
"23.10.2017 07:00 - 23.10.2017 08:00","2719","2725"
"23.10.2017 08:00 - 23.10.2017 09:00","2843","2859"
"23.10.2017 09:00 - 23.10.2017 10:00","2845","2843"
"23.10.2017 10:00 - 23.10.2017 11:00","2883","2883"
"23.10.2017 11:00 - 23.10.2017 12:00","2862","2847"
"23.10.2017 12:00 - 23.10.2017 13:00","2774","2809"
"23.10.2017 13:00 - 23.10.2017 14:00","2858","2842"
"23.10.2017 14:00 - 23.10.2017 15:00","2766","2751"
"23.10.2017 15:00 - 23.10.2017 16:00","2630","2664"
"23.10.2017 16:00 - 23.10.2017 17:00","2631","2632"
"23.10.2017 17:00 - 23.10.2017 18:00","2869","2853"
"23.10.2017 18:00 - 23.10.2017 19:00","2867","2854"
"23.10.2017 19:00 - 23.10.2017 20:00","2672","2658"
"23.10.2017 20:00 - 23.10.2017 21:00","2459","2476"
"23.10.2017 21:00 - 23.10.2017 22:00","2280","2303"
"23.10.2017 22:00 - 23.10.2017 23:00","2105","2112"
"23.10.2017 23:00 - 24.10.2017 00:00","1950","1934"
"24.10.2017 00:00 - 24.10.2017 01:00","1793","1803"
"24.10.2017 01:00 - 24.10.2017 02:00","1702","1751"
"24.10.2017 02:00 - 24.10.2017 03:00","1697","1733"
"24.10.2017 03:00 - 24.10.2017 04:00","1751","1740"
"24.10.2017 04:00 - 24.10.2017 05:00","1779","1767"
"24.10.2017 05:00 - 24.10.2017 06:00","1940","1924"
"24.10.2017 06:00 - 24.10.2017 07:00","2354","2344"
"24.10.2017 07:00 - 24.10.2017 08:00","2756","2782"
"24.10.2017 08:00 - 24.10.2017 09:00","2873","2869"
"24.10.2017 09:00 - 24.10.2017 10:00","2844","2720"
"24.10.2017 10:00 - 24.10.2017 11:00","2744","2813"
"24.10.2017 11:00 - 24.10.2017 12:00","2829","2835"
"24.10.2017 12:00 - 24.10.2017 13:00","2771","2785"
"24.10.2017 13:00 - 24.10.2017 14:00","2785","2795"
"24.10.2017 14:00 - 24.10.2017 15:00","2790","2837"
"24.10.2017 15:00 - 24.10.2017 16:00","2746","2767"
"24.10.2017 16:00 - 24.10.2017 17:00","2760","2799"
"24.10.2017 17:00 - 24.10.2017 18:00","2972","3004"
"24.10.2017 18:00 - 24.10.2017 19:00","2978","2966"
"24.10.2017 19:00 - 24.10.2017 20:00","2807","2792"
"24.10.2017 20:00 - 24.10.2017 21:00","2623","2638"
"24.10.2017 21:00 - 24.10.2017 22:00","2465","2443"
"24.10.2017 22:00 - 24.10.2017 23:00","2276","2223"
"24.10.2017 23:00 - 25.10.2017 00:00","2091","2011"
"25.10.2017 00:00 - 25.10.2017 01:00","1868","1877"
"25.10.2017 01:00 - 25.10.2017 02:00","1770","1792"
"25.10.2017 02:00 - 25.10.2017 03:00","1771","1800"
"25.10.2017 03:00 - 25.10.2017 04:00","1778","1773"
"25.10.2017 04:00 - 25.10.2017 05:00","1826","1848"
"25.10.2017 05:00 - 25.10.2017 06:00","2024","2048"
"25.10.2017 06:00 - 25.10.2017 07:00","2419","2417"
"25.10.2017 07:00 - 25.10.2017 08:00","2811","2830"
"25.10.2017 08:00 - 25.10.2017 09:00","2943","2941"
"25.10.2017 09:00 - 25.10.2017 10:00","2930","2935"
"25.10.2017 10:00 - 25.10.2017 11:00","2940","2869"
"25.10.2017 11:00 - 25.10.2017 12:00","2885","2878"
"25.10.2017 12:00 - 25.10.2017 13:00","2778","2763"
"25.10.2017 13:00 - 25.10.2017 14:00","2812","2813"
"25.10.2017 14:00 - 25.10.2017 15:00","2734","2729"
"25.10.2017 15:00 - 25.10.2017 16:00","2604","2593"
"25.10.2017 16:00 - 25.10.2017 17:00","2617","2633"
"25.10.2017 17:00 - 25.10.2017 18:00","2859","2823"
"25.10.2017 18:00 - 25.10.2017 19:00","2842","2884"
"25.10.2017 19:00 - 25.10.2017 20:00","2732","2693"
"25.10.2017 20:00 - 25.10.2017 21:00","2524","2493"
"25.10.2017 21:00 - 25.10.2017 22:00","2372","2349"
"25.10.2017 22:00 - 25.10.2017 23:00","2213","2203"
"25.10.2017 23:00 - 26.10.2017 00:00","2055","2013"
"26.10.2017 00:00 - 26.10.2017 01:00","1892","1911"
"26.10.2017 01:00 - 26.10.2017 02:00","1795","1875"
"26.10.2017 02:00 - 26.10.2017 03:00","1806","1841"
"26.10.2017 03:00 - 26.10.2017 04:00","1853","1848"
"26.10.2017 04:00 - 26.10.2017 05:00","1859","1845"
"26.10.2017 05:00 - 26.10.2017 06:00","1991","2006"
"26.10.2017 06:00 - 26.10.2017 07:00","2407","2451"
"26.10.2017 07:00 - 26.10.2017 08:00","2832","2933"
"26.10.2017 08:00 - 26.10.2017 09:00","3017","3046"
"26.10.2017 09:00 - 26.10.2017 10:00","2997","3013"
"26.10.2017 10:00 - 26.10.2017 11:00","3006","2979"
"26.10.2017 11:00 - 26.10.2017 12:00","2916","2917"
"26.10.2017 12:00 - 26.10.2017 13:00","2827","2814"
"26.10.2017 13:00 - 26.10.2017 14:00","2823","2819"
"26.10.2017 14:00 - 26.10.2017 15:00","2760","2780"
"26.10.2017 15:00 - 26.10.2017 16:00","2652","2663"
"26.10.2017 16:00 - 26.10.2017 17:00","2673","2696"
"26.10.2017 17:00 - 26.10.2017 18:00","2969","2884"
"26.10.2017 18:00 - 26.10.2017 19:00","2869","2927"
"26.10.2017 19:00 - 26.10.2017 20:00","2778","2762"
"26.10.2017 20:00 - 26.10.2017 21:00","2635","2602"
"26.10.2017 21:00 - 26.10.2017 22:00","2482","2407"
"26.10.2017 22:00 - 26.10.2017 23:00","2297","2213"
"26.10.2017 23:00 - 27.10.2017 00:00","2133","2012"
"27.10.2017 00:00 - 27.10.2017 01:00","1880","1851"
"27.10.2017 01:00 - 27.10.2017 02:00","1788","1789"
"27.10.2017 02:00 - 27.10.2017 03:00","1757","1763"
"27.10.2017 03:00 - 27.10.2017 04:00","1750","1783"
"27.10.2017 04:00 - 27.10.2017 05:00","1842","1834"
"27.10.2017 05:00 - 27.10.2017 06:00","2025","2042"
"27.10.2017 06:00 - 27.10.2017 07:00","2389","2446"
"27.10.2017 07:00 - 27.10.2017 08:00","2851","2903"
"27.10.2017 08:00 - 27.10.2017 09:00","2996","3018"
"27.10.2017 09:00 - 27.10.2017 10:00","2946","2939"
"27.10.2017 10:00 - 27.10.2017 11:00","2939","2923"
"27.10.2017 11:00 - 27.10.2017 12:00","2871","2875"
"27.10.2017 12:00 - 27.10.2017 13:00","2737","2760"
"27.10.2017 13:00 - 27.10.2017 14:00","2653","2660"
"27.10.2017 14:00 - 27.10.2017 15:00","2565","2594"
"27.10.2017 15:00 - 27.10.2017 16:00","2504","2501"
"27.10.2017 16:00 - 27.10.2017 17:00","2557","2567"
"27.10.2017 17:00 - 27.10.2017 18:00","2742","2743"
"27.10.2017 18:00 - 27.10.2017 19:00","2764","2801"
"27.10.2017 19:00 - 27.10.2017 20:00","2594","2568"
"27.10.2017 20:00 - 27.10.2017 21:00","2402","2370"
"27.10.2017 21:00 - 27.10.2017 22:00","2242","2195"
"27.10.2017 22:00 - 27.10.2017 23:00","2085","2038"
"27.10.2017 23:00 - 28.10.2017 00:00","1952","1914"
"28.10.2017 00:00 - 28.10.2017 01:00","1789","1786"
"28.10.2017 01:00 - 28.10.2017 02:00","1690","1691"
"28.10.2017 02:00 - 28.10.2017 03:00","1614","1646"
"28.10.2017 03:00 - 28.10.2017 04:00","1634","1640"
"28.10.2017 04:00 - 28.10.2017 05:00","1643","1652"
"28.10.2017 05:00 - 28.10.2017 06:00","1675","1672"
"28.10.2017 06:00 - 28.10.2017 07:00","1808","1821"
"28.10.2017 07:00 - 28.10.2017 08:00","2020","2033"
"28.10.2017 08:00 - 28.10.2017 09:00","2188","2214"
"28.10.2017 09:00 - 28.10.2017 10:00","2299","2309"
"28.10.2017 10:00 - 28.10.2017 11:00","2363","2391"
"28.10.2017 11:00 - 28.10.2017 12:00","2346","2330"
"28.10.2017 12:00 - 28.10.2017 13:00","2263","2225"
"28.10.2017 13:00 - 28.10.2017 14:00","2237","2175"
"28.10.2017 14:00 - 28.10.2017 15:00","2187","2131"
"28.10.2017 15:00 - 28.10.2017 16:00","2107","2132"
"28.10.2017 16:00 - 28.10.2017 17:00","2159","2206"
"28.10.2017 17:00 - 28.10.2017 18:00","2405","2422"
"28.10.2017 18:00 - 28.10.2017 19:00","2482","2506"
"28.10.2017 19:00 - 28.10.2017 20:00","2307","2316"
"28.10.2017 20:00 - 28.10.2017 21:00","2147","2198"
"28.10.2017 21:00 - 28.10.2017 22:00","2017","2103"
"28.10.2017 22:00 - 28.10.2017 23:00","1889","1970"
"28.10.2017 23:00 - 29.10.2017 00:00","1772","1823"
"29.10.2017 00:00 - 29.10.2017 01:00","1709","1726"
"29.10.2017 01:00 - 29.10.2017 02:00","1617","1620"
"29.10.2017 02:00 - 29.10.2017 03:00","1583","1578"
"29.10.2017 02:00 - 29.10.2017 03:00","1566","1564"
"29.10.2017 03:00 - 29.10.2017 04:00","1552","1565"
"29.10.2017 04:00 - 29.10.2017 05:00","1599","1607"
"29.10.2017 05:00 - 29.10.2017 06:00","1641","1644"
"29.10.2017 06:00 - 29.10.2017 07:00","1767","1784"
"29.10.2017 07:00 - 29.10.2017 08:00","1914","1947"
"29.10.2017 08:00 - 29.10.2017 09:00","2130","2167"
"29.10.2017 09:00 - 29.10.2017 10:00","2217","2186"
"29.10.2017 10:00 - 29.10.2017 11:00","2175","2151"
"29.10.2017 11:00 - 29.10.2017 12:00","2159","2180"
"29.10.2017 12:00 - 29.10.2017 13:00","2138","2130"
"29.10.2017 13:00 - 29.10.2017 14:00","2077","2067"
"29.10.2017 14:00 - 29.10.2017 15:00","2053","2064"
"29.10.2017 15:00 - 29.10.2017 16:00","2064","2071"
"29.10.2017 16:00 - 29.10.2017 17:00","2230","2269"
"29.10.2017 17:00 - 29.10.2017 18:00","2647","2686"
"29.10.2017 18:00 - 29.10.2017 19:00","2598","2615"
"29.10.2017 19:00 - 29.10.2017 20:00","2436","2443"
"29.10.2017 20:00 - 29.10.2017 21:00","2264","2289"
"29.10.2017 21:00 - 29.10.2017 22:00","2134","2140"
"29.10.2017 22:00 - 29.10.2017 23:00","2001","1979"
"29.10.2017 23:00 - 30.10.2017 00:00","1885","1852"
"30.10.2017 00:00 - 30.10.2017 01:00","1784","1787"
"30.10.2017 01:00 - 30.10.2017 02:00","1748","1757"
"30.10.2017 02:00 - 30.10.2017 03:00","1764","1763"
"30.10.2017 03:00 - 30.10.2017 04:00","1787","1771"
"30.10.2017 04:00 - 30.10.2017 05:00","1844","1887"
"30.10.2017 05:00 - 30.10.2017 06:00","2018","2010"
"30.10.2017 06:00 - 30.10.2017 07:00","2489","2458"
"30.10.2017 07:00 - 30.10.2017 08:00","2833","2823"
"30.10.2017 08:00 - 30.10.2017 09:00","2937","2937"
"30.10.2017 09:00 - 30.10.2017 10:00","2942","2945"
"30.10.2017 10:00 - 30.10.2017 11:00","2935","2914"
"30.10.2017 11:00 - 30.10.2017 12:00","2888","2871"
"30.10.2017 12:00 - 30.10.2017 13:00","2795","2793"
"30.10.2017 13:00 - 30.10.2017 14:00","2847","2857"
"30.10.2017 14:00 - 30.10.2017 15:00","2844","2852"
"30.10.2017 15:00 - 30.10.2017 16:00","2779","2777"
"30.10.2017 16:00 - 30.10.2017 17:00","2851","2819"
"30.10.2017 17:00 - 30.10.2017 18:00","3148","3163"
"30.10.2017 18:00 - 30.10.2017 19:00","2981","2986"
"30.10.2017 19:00 - 30.10.2017 20:00","2760","2781"
"30.10.2017 20:00 - 30.10.2017 21:00","2541","2615"
"30.10.2017 21:00 - 30.10.2017 22:00","2393","2427"
"30.10.2017 22:00 - 30.10.2017 23:00","2239","2188"
"30.10.2017 23:00 - 31.10.2017 00:00","2091","2007"
"31.10.2017 00:00 - 31.10.2017 01:00","1886","1881"
"31.10.2017 01:00 - 31.10.2017 02:00","1804","1837"
"31.10.2017 02:00 - 31.10.2017 03:00","1790","1823"
"31.10.2017 03:00 - 31.10.2017 04:00","1825","1843"
"31.10.2017 04:00 - 31.10.2017 05:00","1898","1899"
"31.10.2017 05:00 - 31.10.2017 06:00","2080","2066"
"31.10.2017 06:00 - 31.10.2017 07:00","2467","2489"
"31.10.2017 07:00 - 31.10.2017 08:00","2841","2847"
"31.10.2017 08:00 - 31.10.2017 09:00","2933","2933"
"31.10.2017 09:00 - 31.10.2017 10:00","2918","2913"
"31.10.2017 10:00 - 31.10.2017 11:00","2947","2936"
"31.10.2017 11:00 - 31.10.2017 12:00","2924","2920"
"31.10.2017 12:00 - 31.10.2017 13:00","2838","2857"
"31.10.2017 13:00 - 31.10.2017 14:00","2855","2858"
"31.10.2017 14:00 - 31.10.2017 15:00","2813","2827"
"31.10.2017 15:00 - 31.10.2017 16:00","2730","2747"
"31.10.2017 16:00 - 31.10.2017 17:00","2801","2809"
"31.10.2017 17:00 - 31.10.2017 18:00","3144","3090"
"31.10.2017 18:00 - 31.10.2017 19:00","2942","2947"
"31.10.2017 19:00 - 31.10.2017 20:00","2749","2759"
"31.10.2017 20:00 - 31.10.2017 21:00","2590","2575"
"31.10.2017 21:00 - 31.10.2017 22:00","2407","2419"
"31.10.2017 22:00 - 31.10.2017 23:00","2209","2190"
"31.10.2017 23:00 - 01.11.2017 00:00","2043","2026"
"01.11.2017 00:00 - 01.11.2017 01:00","1876","1868"
"01.11.2017 01:00 - 01.11.2017 02:00","1770","1804"
"01.11.2017 02:00 - 01.11.2017 03:00","1742","1778"
"01.11.2017 03:00 - 01.11.2017 04:00","1779","1799"
"01.11.2017 04:00 - 01.11.2017 05:00","1853","1843"
"01.11.2017 05:00 - 01.11.2017 06:00","2007","1989"
"01.11.2017 06:00 - 01.11.2017 07:00","2429","2440"
"01.11.2017 07:00 - 01.11.2017 08:00","2819","2818"
"01.11.2017 08:00 - 01.11.2017 09:00","2917","2914"
"01.11.2017 09:00 - 01.11.2017 10:00","2918","2927"
"01.11.2017 10:00 - 01.11.2017 11:00","2953","2962"
"01.11.2017 11:00 - 01.11.2017 12:00","2941","2959"
"01.11.2017 12:00 - 01.11.2017 13:00","2874","2885"
"01.11.2017 13:00 - 01.11.2017 14:00","2828","2852"
"01.11.2017 14:00 - 01.11.2017 15:00","2814","2847"
"01.11.2017 15:00 - 01.11.2017 16:00","2747","2760"
"01.11.2017 16:00 - 01.11.2017 17:00","2835","2833"
"01.11.2017 17:00 - 01.11.2017 18:00","3111","3078"
"01.11.2017 18:00 - 01.11.2017 19:00","2931","2934"
"01.11.2017 19:00 - 01.11.2017 20:00","2731","2715"
"01.11.2017 20:00 - 01.11.2017 21:00","2548","2541"
"01.11.2017 21:00 - 01.11.2017 22:00","2374","2375"
"01.11.2017 22:00 - 01.11.2017 23:00","2179","2189"
"01.11.2017 23:00 - 02.11.2017 00:00","2015","2011"
"02.11.2017 00:00 - 02.11.2017 01:00","1878","1884"
"02.11.2017 01:00 - 02.11.2017 02:00","1792","1814"
"02.11.2017 02:00 - 02.11.2017 03:00","1764","1780"
"02.11.2017 03:00 - 02.11.2017 04:00","1773","1803"
"02.11.2017 04:00 - 02.11.2017 05:00","1850","1873"
"02.11.2017 05:00 - 02.11.2017 06:00","2025","2041"
"02.11.2017 06:00 - 02.11.2017 07:00","2443","2443"
"02.11.2017 07:00 - 02.11.2017 08:00","2795","2788"
"02.11.2017 08:00 - 02.11.2017 09:00","2866","2880"
"02.11.2017 09:00 - 02.11.2017 10:00","2855","2834"
"02.11.2017 10:00 - 02.11.2017 11:00","2856","2834"
"02.11.2017 11:00 - 02.11.2017 12:00","2832","2838"
"02.11.2017 12:00 - 02.11.2017 13:00","2775","2771"
"02.11.2017 13:00 - 02.11.2017 14:00","2805","2801"
"02.11.2017 14:00 - 02.11.2017 15:00","2760","2771"
"02.11.2017 15:00 - 02.11.2017 16:00","2694","2697"
"02.11.2017 16:00 - 02.11.2017 17:00","2775","2745"
"02.11.2017 17:00 - 02.11.2017 18:00","3045","3042"
"02.11.2017 18:00 - 02.11.2017 19:00","2896","2912"
"02.11.2017 19:00 - 02.11.2017 20:00","2729","2730"
"02.11.2017 20:00 - 02.11.2017 21:00","2575","2585"
"02.11.2017 21:00 - 02.11.2017 22:00","2415","2403"
"02.11.2017 22:00 - 02.11.2017 23:00","2250","2138"
"02.11.2017 23:00 - 03.11.2017 00:00","2089","1969"
"03.11.2017 00:00 - 03.11.2017 01:00","1839","1835"
"03.11.2017 01:00 - 03.11.2017 02:00","1765","1796"
"03.11.2017 02:00 - 03.11.2017 03:00","1752","1778"
"03.11.2017 03:00 - 03.11.2017 04:00","1781","1788"
"03.11.2017 04:00 - 03.11.2017 05:00","1849","1834"
"03.11.2017 05:00 - 03.11.2017 06:00","2014","1997"
"03.11.2017 06:00 - 03.11.2017 07:00","2395","2399"
"03.11.2017 07:00 - 03.11.2017 08:00","2791","2800"
"03.11.2017 08:00 - 03.11.2017 09:00","2909","2903"
"03.11.2017 09:00 - 03.11.2017 10:00","2893","2884"
"03.11.2017 10:00 - 03.11.2017 11:00","2907","2898"
"03.11.2017 11:00 - 03.11.2017 12:00","2856","2864"
"03.11.2017 12:00 - 03.11.2017 13:00","2742","2758"
"03.11.2017 13:00 - 03.11.2017 14:00","2691","2697"
"03.11.2017 14:00 - 03.11.2017 15:00","2571","2573"
"03.11.2017 15:00 - 03.11.2017 16:00","2509","2502"
"03.11.2017 16:00 - 03.11.2017 17:00","2620","2596"
"03.11.2017 17:00 - 03.11.2017 18:00","2847","2854"
"03.11.2017 18:00 - 03.11.2017 19:00","2719","2714"
"03.11.2017 19:00 - 03.11.2017 20:00","2502","2520"
"03.11.2017 20:00 - 03.11.2017 21:00","2328","2331"
"03.11.2017 21:00 - 03.11.2017 22:00","2202","2224"
"03.11.2017 22:00 - 03.11.2017 23:00","2062","2048"
"03.11.2017 23:00 - 04.11.2017 00:00","1901","1892"
"04.11.2017 00:00 - 04.11.2017 01:00","1758","1749"
"04.11.2017 01:00 - 04.11.2017 02:00","1651","1656"
"04.11.2017 02:00 - 04.11.2017 03:00","1591","1617"
"04.11.2017 03:00 - 04.11.2017 04:00","1572","1669"
"04.11.2017 04:00 - 04.11.2017 05:00","1610","1604"
"04.11.2017 05:00 - 04.11.2017 06:00","1665","1655"
"04.11.2017 06:00 - 04.11.2017 07:00","1804","1810"
"04.11.2017 07:00 - 04.11.2017 08:00","2007","2012"
"04.11.2017 08:00 - 04.11.2017 09:00","2170","2181"
"04.11.2017 09:00 - 04.11.2017 10:00","2305","2343"
"04.11.2017 10:00 - 04.11.2017 11:00","2370","2333"
"04.11.2017 11:00 - 04.11.2017 12:00","2328","2297"
"04.11.2017 12:00 - 04.11.2017 13:00","2272","2296"
"04.11.2017 13:00 - 04.11.2017 14:00","2256","2255"
"04.11.2017 14:00 - 04.11.2017 15:00","2213","2179"
"04.11.2017 15:00 - 04.11.2017 16:00","2199","2182"
"04.11.2017 16:00 - 04.11.2017 17:00","2308","2302"
"04.11.2017 17:00 - 04.11.2017 18:00","2584","2590"
"04.11.2017 18:00 - 04.11.2017 19:00","2502","2500"
"04.11.2017 19:00 - 04.11.2017 20:00","2283","2280"
"04.11.2017 20:00 - 04.11.2017 21:00","2131","2119"
"04.11.2017 21:00 - 04.11.2017 22:00","1991","1992"
"04.11.2017 22:00 - 04.11.2017 23:00","1867","1857"
"04.11.2017 23:00 - 05.11.2017 00:00","1751","1769"
"05.11.2017 00:00 - 05.11.2017 01:00","1661","1685"
"05.11.2017 01:00 - 05.11.2017 02:00","1600","1614"
"05.11.2017 02:00 - 05.11.2017 03:00","1561","1581"
"05.11.2017 03:00 - 05.11.2017 04:00","1557","1542"
"05.11.2017 04:00 - 05.11.2017 05:00","1542","1566"
"05.11.2017 05:00 - 05.11.2017 06:00","1587","1603"
"05.11.2017 06:00 - 05.11.2017 07:00","1705","1713"
"05.11.2017 07:00 - 05.11.2017 08:00","1874","1878"
"05.11.2017 08:00 - 05.11.2017 09:00","2072","2102"
"05.11.2017 09:00 - 05.11.2017 10:00","2148","2152"
"05.11.2017 10:00 - 05.11.2017 11:00","2194","2191"
"05.11.2017 11:00 - 05.11.2017 12:00","2206","2200"
"05.11.2017 12:00 - 05.11.2017 13:00","2188","2184"
"05.11.2017 13:00 - 05.11.2017 14:00","2161","2168"
"05.11.2017 14:00 - 05.11.2017 15:00","2147","2170"
"05.11.2017 15:00 - 05.11.2017 16:00","2179","2182"
"05.11.2017 16:00 - 05.11.2017 17:00","2346","2320"
"05.11.2017 17:00 - 05.11.2017 18:00","2687","2687"
"05.11.2017 18:00 - 05.11.2017 19:00","2603","2597"
"05.11.2017 19:00 - 05.11.2017 20:00","2423","2412"
"05.11.2017 20:00 - 05.11.2017 21:00","2250","2255"
"05.11.2017 21:00 - 05.11.2017 22:00","2129","2104"
"05.11.2017 22:00 - 05.11.2017 23:00","1982","1952"
"05.11.2017 23:00 - 06.11.2017 00:00","1860","1827"
"06.11.2017 00:00 - 06.11.2017 01:00","1740","1754"
"06.11.2017 01:00 - 06.11.2017 02:00","1699","1707"
"06.11.2017 02:00 - 06.11.2017 03:00","1707","1706"
"06.11.2017 03:00 - 06.11.2017 04:00","1709","1711"
"06.11.2017 04:00 - 06.11.2017 05:00","1764","1779"
"06.11.2017 05:00 - 06.11.2017 06:00","1943","1960"
"06.11.2017 06:00 - 06.11.2017 07:00","2410","2424"
"06.11.2017 07:00 - 06.11.2017 08:00","2894","2894"
"06.11.2017 08:00 - 06.11.2017 09:00","2977","2971"
"06.11.2017 09:00 - 06.11.2017 10:00","2888","2861"
"06.11.2017 10:00 - 06.11.2017 11:00","2893","2846"
"06.11.2017 11:00 - 06.11.2017 12:00","2864","2851"
"06.11.2017 12:00 - 06.11.2017 13:00","2777","2745"
"06.11.2017 13:00 - 06.11.2017 14:00","2769","2750"
"06.11.2017 14:00 - 06.11.2017 15:00","2724","2735"
"06.11.2017 15:00 - 06.11.2017 16:00","2679","2668"
"06.11.2017 16:00 - 06.11.2017 17:00","2775","2759"
"06.11.2017 17:00 - 06.11.2017 18:00","3070","3093"
"06.11.2017 18:00 - 06.11.2017 19:00","2946","2958"
"06.11.2017 19:00 - 06.11.2017 20:00","2758","2766"
"06.11.2017 20:00 - 06.11.2017 21:00","2579","2592"
"06.11.2017 21:00 - 06.11.2017 22:00","2393","2400"
"06.11.2017 22:00 - 06.11.2017 23:00","2180","2209"
"06.11.2017 23:00 - 07.11.2017 00:00","2010","2020"
"07.11.2017 00:00 - 07.11.2017 01:00","1892","1910"
"07.11.2017 01:00 - 07.11.2017 02:00","1832","1855"
"07.11.2017 02:00 - 07.11.2017 03:00","1823","1847"
"07.11.2017 03:00 - 07.11.2017 04:00","1848","1849"
"07.11.2017 04:00 - 07.11.2017 05:00","1907","1902"
"07.11.2017 05:00 - 07.11.2017 06:00","2077","2064"
"07.11.2017 06:00 - 07.11.2017 07:00","2527","2571"
"07.11.2017 07:00 - 07.11.2017 08:00","2956","2928"
"07.11.2017 08:00 - 07.11.2017 09:00","3004","2996"
"07.11.2017 09:00 - 07.11.2017 10:00","2983","2947"
"07.11.2017 10:00 - 07.11.2017 11:00","2981","2949"
"07.11.2017 11:00 - 07.11.2017 12:00","2907","2876"
"07.11.2017 12:00 - 07.11.2017 13:00","2781","2763"
"07.11.2017 13:00 - 07.11.2017 14:00","2807","2808"
"07.11.2017 14:00 - 07.11.2017 15:00","2818","2845"
"07.11.2017 15:00 - 07.11.2017 16:00","2789","2754"
"07.11.2017 16:00 - 07.11.2017 17:00","2830","2817"
"07.11.2017 17:00 - 07.11.2017 18:00","3101","3121"
"07.11.2017 18:00 - 07.11.2017 19:00","2972","2970"
"07.11.2017 19:00 - 07.11.2017 20:00","2808","2825"
"07.11.2017 20:00 - 07.11.2017 21:00","2642","2623"
"07.11.2017 21:00 - 07.11.2017 22:00","2431","2406"
"07.11.2017 22:00 - 07.11.2017 23:00","2231","2191"
"07.11.2017 23:00 - 08.11.2017 00:00","2056","2008"
"08.11.2017 00:00 - 08.11.2017 01:00","1888","1919"
"08.11.2017 01:00 - 08.11.2017 02:00","1807","1870"
"08.11.2017 02:00 - 08.11.2017 03:00","1823","1865"
"08.11.2017 03:00 - 08.11.2017 04:00","1879","1871"
"08.11.2017 04:00 - 08.11.2017 05:00","1937","1923"
"08.11.2017 05:00 - 08.11.2017 06:00","2098","2079"
"08.11.2017 06:00 - 08.11.2017 07:00","2499","2498"
"08.11.2017 07:00 - 08.11.2017 08:00","2896","2884"
"08.11.2017 08:00 - 08.11.2017 09:00","2976","2957"
"08.11.2017 09:00 - 08.11.2017 10:00","2939","2942"
"08.11.2017 10:00 - 08.11.2017 11:00","2941","2923"
"08.11.2017 11:00 - 08.11.2017 12:00","2901","2877"
"08.11.2017 12:00 - 08.11.2017 13:00","2779","2791"
"08.11.2017 13:00 - 08.11.2017 14:00","2832","2831"
"08.11.2017 14:00 - 08.11.2017 15:00","2802","2807"
"08.11.2017 15:00 - 08.11.2017 16:00","2738","2735"
"08.11.2017 16:00 - 08.11.2017 17:00","2835","2806"
"08.11.2017 17:00 - 08.11.2017 18:00","3054","3075"
"08.11.2017 18:00 - 08.11.2017 19:00","2893","2926"
"08.11.2017 19:00 - 08.11.2017 20:00","2765","2777"
"08.11.2017 20:00 - 08.11.2017 21:00","2632","2591"
"08.11.2017 21:00 - 08.11.2017 22:00","2417","2394"
"08.11.2017 22:00 - 08.11.2017 23:00","2224","2186"
"08.11.2017 23:00 - 09.11.2017 00:00","2049","1998"
"09.11.2017 00:00 - 09.11.2017 01:00","1833","1896"
"09.11.2017 01:00 - 09.11.2017 02:00","1807","1845"
"09.11.2017 02:00 - 09.11.2017 03:00","1822","1813"
"09.11.2017 03:00 - 09.11.2017 04:00","1831","1832"
"09.11.2017 04:00 - 09.11.2017 05:00","1887","1886"
"09.11.2017 05:00 - 09.11.2017 06:00","2053","2040"
"09.11.2017 06:00 - 09.11.2017 07:00","2504","2533"
"09.11.2017 07:00 - 09.11.2017 08:00","2930","2915"
"09.11.2017 08:00 - 09.11.2017 09:00","3004","3033"
"09.11.2017 09:00 - 09.11.2017 10:00","2985","3025"
"09.11.2017 10:00 - 09.11.2017 11:00","3063","3056"
"09.11.2017 11:00 - 09.11.2017 12:00","3014","3033"
"09.11.2017 12:00 - 09.11.2017 13:00","2946","2967"
"09.11.2017 13:00 - 09.11.2017 14:00","2982","2999"
"09.11.2017 14:00 - 09.11.2017 15:00","2945","2936"
"09.11.2017 15:00 - 09.11.2017 16:00","2838","2844"
"09.11.2017 16:00 - 09.11.2017 17:00","2923","2890"
"09.11.2017 17:00 - 09.11.2017 18:00","3162","3180"
"09.11.2017 18:00 - 09.11.2017 19:00","2991","3013"
"09.11.2017 19:00 - 09.11.2017 20:00","2821","2824"
"09.11.2017 20:00 - 09.11.2017 21:00","2665","2648"
"09.11.2017 21:00 - 09.11.2017 22:00","2461","2466"
"09.11.2017 22:00 - 09.11.2017 23:00","2303","2218"
"09.11.2017 23:00 - 10.11.2017 00:00","2152","2049"
"10.11.2017 00:00 - 10.11.2017 01:00","1918","1896"
"10.11.2017 01:00 - 10.11.2017 02:00","1824","1838"
"10.11.2017 02:00 - 10.11.2017 03:00","1803","1804"
"10.11.2017 03:00 - 10.11.2017 04:00","1820","1835"
"10.11.2017 04:00 - 10.11.2017 05:00","1902","1919"
"10.11.2017 05:00 - 10.11.2017 06:00","2076","2047"
"10.11.2017 06:00 - 10.11.2017 07:00","2507","2510"
"10.11.2017 07:00 - 10.11.2017 08:00","2915","2906"
"10.11.2017 08:00 - 10.11.2017 09:00","2997","3000"
"10.11.2017 09:00 - 10.11.2017 10:00","2958","2972"
"10.11.2017 10:00 - 10.11.2017 11:00","2970","2979"
"10.11.2017 11:00 - 10.11.2017 12:00","2954","2980"
"10.11.2017 12:00 - 10.11.2017 13:00","2850","2872"
"10.11.2017 13:00 - 10.11.2017 14:00","2801","2866"
"10.11.2017 14:00 - 10.11.2017 15:00","2745","2765"
"10.11.2017 15:00 - 10.11.2017 16:00","2700","2755"
"10.11.2017 16:00 - 10.11.2017 17:00","2882","2891"
"10.11.2017 17:00 - 10.11.2017 18:00","3126","3073"
"10.11.2017 18:00 - 10.11.2017 19:00","2926","2855"
"10.11.2017 19:00 - 10.11.2017 20:00","2601","2579"
"10.11.2017 20:00 - 10.11.2017 21:00","2418","2427"
"10.11.2017 21:00 - 10.11.2017 22:00","2307","2301"
"10.11.2017 22:00 - 10.11.2017 23:00","2116","2190"
"10.11.2017 23:00 - 11.11.2017 00:00","1967","2005"
"11.11.2017 00:00 - 11.11.2017 01:00","1859","1814"
"11.11.2017 01:00 - 11.11.2017 02:00","1766","1808"
"11.11.2017 02:00 - 11.11.2017 03:00","1752","1775"
"11.11.2017 03:00 - 11.11.2017 04:00","1744","1737"
"11.11.2017 04:00 - 11.11.2017 05:00","1742","1744"
"11.11.2017 05:00 - 11.11.2017 06:00","1780","1761"
"11.11.2017 06:00 - 11.11.2017 07:00","1961","1991"
"11.11.2017 07:00 - 11.11.2017 08:00","2192","2195"
"11.11.2017 08:00 - 11.11.2017 09:00","2333","2303"
"11.11.2017 09:00 - 11.11.2017 10:00","2408","2372"
"11.11.2017 10:00 - 11.11.2017 11:00","2366","2371"
"11.11.2017 11:00 - 11.11.2017 12:00","2346","2320"
"11.11.2017 12:00 - 11.11.2017 13:00","2274","2240"
"11.11.2017 13:00 - 11.11.2017 14:00","2203","2183"
"11.11.2017 14:00 - 11.11.2017 15:00","2167","2177"
"11.11.2017 15:00 - 11.11.2017 16:00","2201","2259"
"11.11.2017 16:00 - 11.11.2017 17:00","2425","2432"
"11.11.2017 17:00 - 11.11.2017 18:00","2728","2697"
"11.11.2017 18:00 - 11.11.2017 19:00","2575","2569"
"11.11.2017 19:00 - 11.11.2017 20:00","2361","2373"
"11.11.2017 20:00 - 11.11.2017 21:00","2276","2274"
"11.11.2017 21:00 - 11.11.2017 22:00","2107","2120"
"11.11.2017 22:00 - 11.11.2017 23:00","1940","2021"
"11.11.2017 23:00 - 12.11.2017 00:00","1799","1913"
"12.11.2017 00:00 - 12.11.2017 01:00","1783","1752"
"12.11.2017 01:00 - 12.11.2017 02:00","1663","1662"
"12.11.2017 02:00 - 12.11.2017 03:00","1624","1625"
"12.11.2017 03:00 - 12.11.2017 04:00","1614","1613"
"12.11.2017 04:00 - 12.11.2017 05:00","1654","1667"
"12.11.2017 05:00 - 12.11.2017 06:00","1677","1666"
"12.11.2017 06:00 - 12.11.2017 07:00","1788","1780"
"12.11.2017 07:00 - 12.11.2017 08:00","1960","1949"
"12.11.2017 08:00 - 12.11.2017 09:00","2115","2092"
"12.11.2017 09:00 - 12.11.2017 10:00","2221","2206"
"12.11.2017 10:00 - 12.11.2017 11:00","2257","2242"
"12.11.2017 11:00 - 12.11.2017 12:00","2242","2235"
"12.11.2017 12:00 - 12.11.2017 13:00","2198","2210"
"12.11.2017 13:00 - 12.11.2017 14:00","2171","2190"
"12.11.2017 14:00 - 12.11.2017 15:00","2179","2201"
"12.11.2017 15:00 - 12.11.2017 16:00","2218","2213"
"12.11.2017 16:00 - 12.11.2017 17:00","2414","2396"
"12.11.2017 17:00 - 12.11.2017 18:00","2754","2733"
"12.11.2017 18:00 - 12.11.2017 19:00","2669","2681"
"12.11.2017 19:00 - 12.11.2017 20:00","2487","2478"
"12.11.2017 20:00 - 12.11.2017 21:00","2323","2337"
"12.11.2017 21:00 - 12.11.2017 22:00","2196","2189"
"12.11.2017 22:00 - 12.11.2017 23:00","2049","2036"
"12.11.2017 23:00 - 13.11.2017 00:00","1934","1892"
"13.11.2017 00:00 - 13.11.2017 01:00","1802","1792"
"13.11.2017 01:00 - 13.11.2017 02:00","1747","1770"
"13.11.2017 02:00 - 13.11.2017 03:00","1779","1795"
"13.11.2017 03:00 - 13.11.2017 04:00","1803","1809"
"13.11.2017 04:00 - 13.11.2017 05:00","1856","1871"
"13.11.2017 05:00 - 13.11.2017 06:00","2057","2060"
"13.11.2017 06:00 - 13.11.2017 07:00","2508","2498"
"13.11.2017 07:00 - 13.11.2017 08:00","2992","3022"
"13.11.2017 08:00 - 13.11.2017 09:00","3106","3087"
"13.11.2017 09:00 - 13.11.2017 10:00","3029","3002"
"13.11.2017 10:00 - 13.11.2017 11:00","3067","2997"
"13.11.2017 11:00 - 13.11.2017 12:00","3068","2950"
"13.11.2017 12:00 - 13.11.2017 13:00","2932","2878"
"13.11.2017 13:00 - 13.11.2017 14:00","2917","2917"
"13.11.2017 14:00 - 13.11.2017 15:00","2885","2846"
"13.11.2017 15:00 - 13.11.2017 16:00","2804","2816"
"13.11.2017 16:00 - 13.11.2017 17:00","2944","2919"
"13.11.2017 17:00 - 13.11.2017 18:00","3159","3181"
"13.11.2017 18:00 - 13.11.2017 19:00","3004","3036"
"13.11.2017 19:00 - 13.11.2017 20:00","2829","2832"
"13.11.2017 20:00 - 13.11.2017 21:00","2659","2656"
"13.11.2017 21:00 - 13.11.2017 22:00","2482","2453"
"13.11.2017 22:00 - 13.11.2017 23:00","2265","2253"
"13.11.2017 23:00 - 14.11.2017 00:00","2082","2050"
"14.11.2017 00:00 - 14.11.2017 01:00","1919","1935"
"14.11.2017 01:00 - 14.11.2017 02:00","1867","1884"
"14.11.2017 02:00 - 14.11.2017 03:00","1859","1843"
"14.11.2017 03:00 - 14.11.2017 04:00","1865","1879"
"14.11.2017 04:00 - 14.11.2017 05:00","1941","1996"
"14.11.2017 05:00 - 14.11.2017 06:00","2168","2160"
"14.11.2017 06:00 - 14.11.2017 07:00","2586","2638"
"14.11.2017 07:00 - 14.11.2017 08:00","3053","3077"
"14.11.2017 08:00 - 14.11.2017 09:00","3134","3143"
"14.11.2017 09:00 - 14.11.2017 10:00","3150","3153"
"14.11.2017 10:00 - 14.11.2017 11:00","3164","3048"
"14.11.2017 11:00 - 14.11.2017 12:00","3110","3109"
"14.11.2017 12:00 - 14.11.2017 13:00","2975","2964"
"14.11.2017 13:00 - 14.11.2017 14:00","2983","2980"
"14.11.2017 14:00 - 14.11.2017 15:00","2896","2866"
"14.11.2017 15:00 - 14.11.2017 16:00","2800","2823"
"14.11.2017 16:00 - 14.11.2017 17:00","2912","2915"
"14.11.2017 17:00 - 14.11.2017 18:00","3183","3190"
"14.11.2017 18:00 - 14.11.2017 19:00","3040","3052"
"14.11.2017 19:00 - 14.11.2017 20:00","2849","2856"
"14.11.2017 20:00 - 14.11.2017 21:00","2654","2637"
"14.11.2017 21:00 - 14.11.2017 22:00","2474","2467"
"14.11.2017 22:00 - 14.11.2017 23:00","2294","2266"
"14.11.2017 23:00 - 15.11.2017 00:00","2126","2088"
"15.11.2017 00:00 - 15.11.2017 01:00","1944","1931"
"15.11.2017 01:00 - 15.11.2017 02:00","1861","1875"
"15.11.2017 02:00 - 15.11.2017 03:00","1848","1841"
"15.11.2017 03:00 - 15.11.2017 04:00","1861","1849"
"15.11.2017 04:00 - 15.11.2017 05:00","1903","1885"
"15.11.2017 05:00 - 15.11.2017 06:00","2072","2056"
"15.11.2017 06:00 - 15.11.2017 07:00","2473","2480"
"15.11.2017 07:00 - 15.11.2017 08:00","2913","2920"
"15.11.2017 08:00 - 15.11.2017 09:00","2984","2991"
"15.11.2017 09:00 - 15.11.2017 10:00","2986","3009"
"15.11.2017 10:00 - 15.11.2017 11:00","3045","3043"
"15.11.2017 11:00 - 15.11.2017 12:00","3013","2948"
"15.11.2017 12:00 - 15.11.2017 13:00","2862","2897"
"15.11.2017 13:00 - 15.11.2017 14:00","2915","2953"
"15.11.2017 14:00 - 15.11.2017 15:00","2885","2846"
"15.11.2017 15:00 - 15.11.2017 16:00","2786","2781"
"15.11.2017 16:00 - 15.11.2017 17:00","2896","2900"
"15.11.2017 17:00 - 15.11.2017 18:00","3130","3141"
"15.11.2017 18:00 - 15.11.2017 19:00","2990","2999"
"15.11.2017 19:00 - 15.11.2017 20:00","2810","2804"
"15.11.2017 20:00 - 15.11.2017 21:00","2619","2603"
"15.11.2017 21:00 - 15.11.2017 22:00","2413","2416"
"15.11.2017 22:00 - 15.11.2017 23:00","2226","2216"
"15.11.2017 23:00 - 16.11.2017 00:00","2058","2046"
"16.11.2017 00:00 - 16.11.2017 01:00","1914","1939"
"16.11.2017 01:00 - 16.11.2017 02:00","1857","1892"
"16.11.2017 02:00 - 16.11.2017 03:00","1863","1867"
"16.11.2017 03:00 - 16.11.2017 04:00","1879","1873"
"16.11.2017 04:00 - 16.11.2017 05:00","1953","1934"
"16.11.2017 05:00 - 16.11.2017 06:00","2098","2086"
"16.11.2017 06:00 - 16.11.2017 07:00","2517","2542"
"16.11.2017 07:00 - 16.11.2017 08:00","2954","2956"
"16.11.2017 08:00 - 16.11.2017 09:00","3031","3028"
"16.11.2017 09:00 - 16.11.2017 10:00","3011","3029"
"16.11.2017 10:00 - 16.11.2017 11:00","3072","3070"
"16.11.2017 11:00 - 16.11.2017 12:00","3065","3049"
"16.11.2017 12:00 - 16.11.2017 13:00","2985","2998"
"16.11.2017 13:00 - 16.11.2017 14:00","2999","2997"
"16.11.2017 14:00 - 16.11.2017 15:00","2947","2961"
"16.11.2017 15:00 - 16.11.2017 16:00","2911","2925"
"16.11.2017 16:00 - 16.11.2017 17:00","3032","3000"
"16.11.2017 17:00 - 16.11.2017 18:00","3201","3197"
"16.11.2017 18:00 - 16.11.2017 19:00","3007","3028"
"16.11.2017 19:00 - 16.11.2017 20:00","2833","2812"
"16.11.2017 20:00 - 16.11.2017 21:00","2648","2633"
"16.11.2017 21:00 - 16.11.2017 22:00","2477","2477"
"16.11.2017 22:00 - 16.11.2017 23:00","2315","2310"
"16.11.2017 23:00 - 17.11.2017 00:00","2176","2148"
"17.11.2017 00:00 - 17.11.2017 01:00","2015","2017"
"17.11.2017 01:00 - 17.11.2017 02:00","1951","1967"
"17.11.2017 02:00 - 17.11.2017 03:00","1918","1935"
"17.11.2017 03:00 - 17.11.2017 04:00","1931","1934"
"17.11.2017 04:00 - 17.11.2017 05:00","1978","1969"
"17.11.2017 05:00 - 17.11.2017 06:00","2116","2090"
"17.11.2017 06:00 - 17.11.2017 07:00","2458","2483"
"17.11.2017 07:00 - 17.11.2017 08:00","2926","2966"
"17.11.2017 08:00 - 17.11.2017 09:00","3035","3041"
"17.11.2017 09:00 - 17.11.2017 10:00","2966","2930"
"17.11.2017 10:00 - 17.11.2017 11:00","2967","2945"
"17.11.2017 11:00 - 17.11.2017 12:00","2923","2888"
"17.11.2017 12:00 - 17.11.2017 13:00","2762","2748"
"17.11.2017 13:00 - 17.11.2017 14:00","2676","2711"
"17.11.2017 14:00 - 17.11.2017 15:00","2608","2613"
"17.11.2017 15:00 - 17.11.2017 16:00","2597","2655"
"17.11.2017 16:00 - 17.11.2017 17:00","2780","2766"
"17.11.2017 17:00 - 17.11.2017 18:00","2959","2930"
"17.11.2017 18:00 - 17.11.2017 19:00","2789","2794"
"17.11.2017 19:00 - 17.11.2017 20:00","2588","2615"
"17.11.2017 20:00 - 17.11.2017 21:00","2419","2407"
"17.11.2017 21:00 - 17.11.2017 22:00","2272","2272"
"17.11.2017 22:00 - 17.11.2017 23:00","2137","2131"
"17.11.2017 23:00 - 18.11.2017 00:00","1991","1995"
"18.11.2017 00:00 - 18.11.2017 01:00","1868","1902"
"18.11.2017 01:00 - 18.11.2017 02:00","1793","1814"
"18.11.2017 02:00 - 18.11.2017 03:00","1760","1793"
"18.11.2017 03:00 - 18.11.2017 04:00","1750","1786"
"18.11.2017 04:00 - 18.11.2017 05:00","1770","1774"
"18.11.2017 05:00 - 18.11.2017 06:00","1824","1799"
"18.11.2017 06:00 - 18.11.2017 07:00","1901","1920"
"18.11.2017 07:00 - 18.11.2017 08:00","2132","2134"
"18.11.2017 08:00 - 18.11.2017 09:00","2305","2324"
"18.11.2017 09:00 - 18.11.2017 10:00","2482","2465"
"18.11.2017 10:00 - 18.11.2017 11:00","2505","2501"
"18.11.2017 11:00 - 18.11.2017 12:00","2468","2431"
"18.11.2017 12:00 - 18.11.2017 13:00","2365","2354"
"18.11.2017 13:00 - 18.11.2017 14:00","2302","2307"
"18.11.2017 14:00 - 18.11.2017 15:00","2302","2289"
"18.11.2017 15:00 - 18.11.2017 16:00","2312","2298"
"18.11.2017 16:00 - 18.11.2017 17:00","2466","2471"
"18.11.2017 17:00 - 18.11.2017 18:00","2680","2696"
"18.11.2017 18:00 - 18.11.2017 19:00","2580","2577"
"18.11.2017 19:00 - 18.11.2017 20:00","2382","2406"
"18.11.2017 20:00 - 18.11.2017 21:00","2234","2257"
"18.11.2017 21:00 - 18.11.2017 22:00","2177","2219"
"18.11.2017 22:00 - 18.11.2017 23:00","2061","1973"
"18.11.2017 23:00 - 19.11.2017 00:00","1918","1970"
"19.11.2017 00:00 - 19.11.2017 01:00","1883","1907"
"19.11.2017 01:00 - 19.11.2017 02:00","1795","1814"
"19.11.2017 02:00 - 19.11.2017 03:00","1753","1778"
"19.11.2017 03:00 - 19.11.2017 04:00","1753","1754"
"19.11.2017 04:00 - 19.11.2017 05:00","1760","1765"
"19.11.2017 05:00 - 19.11.2017 06:00","1809","1821"
"19.11.2017 06:00 - 19.11.2017 07:00","1920","1904"
"19.11.2017 07:00 - 19.11.2017 08:00","2051","1993"
"19.11.2017 08:00 - 19.11.2017 09:00","2133","2087"
"19.11.2017 09:00 - 19.11.2017 10:00","2183","2173"
"19.11.2017 10:00 - 19.11.2017 11:00","2221","2204"
"19.11.2017 11:00 - 19.11.2017 12:00","2229","2208"
"19.11.2017 12:00 - 19.11.2017 13:00","2209","2180"
"19.11.2017 13:00 - 19.11.2017 14:00","2188","2164"
"19.11.2017 14:00 - 19.11.2017 15:00","2193","2173"
"19.11.2017 15:00 - 19.11.2017 16:00","2236","2232"
"19.11.2017 16:00 - 19.11.2017 17:00","2443","2465"
"19.11.2017 17:00 - 19.11.2017 18:00","2752","2772"
"19.11.2017 18:00 - 19.11.2017 19:00","2671","2679"
"19.11.2017 19:00 - 19.11.2017 20:00","2498","2520"
"19.11.2017 20:00 - 19.11.2017 21:00","2339","2359"
"19.11.2017 21:00 - 19.11.2017 22:00","2231","2225"
"19.11.2017 22:00 - 19.11.2017 23:00","2068","2065"
"19.11.2017 23:00 - 20.11.2017 00:00","1937","1936"
"20.11.2017 00:00 - 20.11.2017 01:00","1863","1874"
"20.11.2017 01:00 - 20.11.2017 02:00","1835","1954"
"20.11.2017 02:00 - 20.11.2017 03:00","1819","1805"
"20.11.2017 03:00 - 20.11.2017 04:00","1828","1817"
"20.11.2017 04:00 - 20.11.2017 05:00","1856","1859"
"20.11.2017 05:00 - 20.11.2017 06:00","2029","2033"
"20.11.2017 06:00 - 20.11.2017 07:00","2481","2461"
"20.11.2017 07:00 - 20.11.2017 08:00","2926","2872"
"20.11.2017 08:00 - 20.11.2017 09:00","2959","2943"
"20.11.2017 09:00 - 20.11.2017 10:00","2936","2926"
"20.11.2017 10:00 - 20.11.2017 11:00","2934","2917"
"20.11.2017 11:00 - 20.11.2017 12:00","2938","2965"
"20.11.2017 12:00 - 20.11.2017 13:00","2881","2900"
"20.11.2017 13:00 - 20.11.2017 14:00","2921","2916"
"20.11.2017 14:00 - 20.11.2017 15:00","2892","2876"
"20.11.2017 15:00 - 20.11.2017 16:00","2820","2791"
"20.11.2017 16:00 - 20.11.2017 17:00","2895","2897"
"20.11.2017 17:00 - 20.11.2017 18:00","3089","3139"
"20.11.2017 18:00 - 20.11.2017 19:00","2962","2999"
"20.11.2017 19:00 - 20.11.2017 20:00","2805","2831"
"20.11.2017 20:00 - 20.11.2017 21:00","2619","2627"
"20.11.2017 21:00 - 20.11.2017 22:00","2467","2498"
"20.11.2017 22:00 - 20.11.2017 23:00","2298","2257"
"20.11.2017 23:00 - 21.11.2017 00:00","2122","2078"
"21.11.2017 00:00 - 21.11.2017 01:00","1945","1953"
"21.11.2017 01:00 - 21.11.2017 02:00","1877","1899"
"21.11.2017 02:00 - 21.11.2017 03:00","1877","1873"
"21.11.2017 03:00 - 21.11.2017 04:00","1892","1885"
"21.11.2017 04:00 - 21.11.2017 05:00","1944","1939"
"21.11.2017 05:00 - 21.11.2017 06:00","2129","2101"
"21.11.2017 06:00 - 21.11.2017 07:00","2529","2520"
"21.11.2017 07:00 - 21.11.2017 08:00","2977","2961"
"21.11.2017 08:00 - 21.11.2017 09:00","3055","3030"
"21.11.2017 09:00 - 21.11.2017 10:00","3005","3003"
"21.11.2017 10:00 - 21.11.2017 11:00","3046","3041"
"21.11.2017 11:00 - 21.11.2017 12:00","3017","2992"
"21.11.2017 12:00 - 21.11.2017 13:00","2931","2909"
"21.11.2017 13:00 - 21.11.2017 14:00","2954","2926"
"21.11.2017 14:00 - 21.11.2017 15:00","2897","2890"
"21.11.2017 15:00 - 21.11.2017 16:00","2806","2971"
"21.11.2017 16:00 - 21.11.2017 17:00","2948","3336"
"21.11.2017 17:00 - 21.11.2017 18:00","3150","3133"
"21.11.2017 18:00 - 21.11.2017 19:00","2977","2959"
"21.11.2017 19:00 - 21.11.2017 20:00","2788","2780"
"21.11.2017 20:00 - 21.11.2017 21:00","2599","2589"
"21.11.2017 21:00 - 21.11.2017 22:00","2425","2418"
"21.11.2017 22:00 - 21.11.2017 23:00","2249","2233"
"21.11.2017 23:00 - 22.11.2017 00:00","2081","2059"
"22.11.2017 00:00 - 22.11.2017 01:00","1999","2024"
"22.11.2017 01:00 - 22.11.2017 02:00","1950","1961"
"22.11.2017 02:00 - 22.11.2017 03:00","1929","1946"
"22.11.2017 03:00 - 22.11.2017 04:00","1932","1948"
"22.11.2017 04:00 - 22.11.2017 05:00","2011","2004"
"22.11.2017 05:00 - 22.11.2017 06:00","2177","2161"
"22.11.2017 06:00 - 22.11.2017 07:00","2484","2450"
"22.11.2017 07:00 - 22.11.2017 08:00","2824","2848"
"22.11.2017 08:00 - 22.11.2017 09:00","2958","2980"
"22.11.2017 09:00 - 22.11.2017 10:00","2952","2999"
"22.11.2017 10:00 - 22.11.2017 11:00","3078","3074"
"22.11.2017 11:00 - 22.11.2017 12:00","3041","3034"
"22.11.2017 12:00 - 22.11.2017 13:00","2947","2959"
"22.11.2017 13:00 - 22.11.2017 14:00","2985","2999"
"22.11.2017 14:00 - 22.11.2017 15:00","2979","2987"
"22.11.2017 15:00 - 22.11.2017 16:00","2902","2904"
"22.11.2017 16:00 - 22.11.2017 17:00","3024","3012"
"22.11.2017 17:00 - 22.11.2017 18:00","3179","3177"
"22.11.2017 18:00 - 22.11.2017 19:00","3012","3007"
"22.11.2017 19:00 - 22.11.2017 20:00","2825","2793"
"22.11.2017 20:00 - 22.11.2017 21:00","2652","2629"
"22.11.2017 21:00 - 22.11.2017 22:00","2508","2489"
"22.11.2017 22:00 - 22.11.2017 23:00","2366","2300"
"22.11.2017 23:00 - 23.11.2017 00:00","2219","2117"
"23.11.2017 00:00 - 23.11.2017 01:00","1999","2008"
"23.11.2017 01:00 - 23.11.2017 02:00","1920","1960"
"23.11.2017 02:00 - 23.11.2017 03:00","1905","1953"
"23.11.2017 03:00 - 23.11.2017 04:00","1961","1957"
"23.11.2017 04:00 - 23.11.2017 05:00","2004","2001"
"23.11.2017 05:00 - 23.11.2017 06:00","2174","2161"
"23.11.2017 06:00 - 23.11.2017 07:00","2549","2538"
"23.11.2017 07:00 - 23.11.2017 08:00","2934","2923"
"23.11.2017 08:00 - 23.11.2017 09:00","2999","3003"
"23.11.2017 09:00 - 23.11.2017 10:00","2963","2977"
"23.11.2017 10:00 - 23.11.2017 11:00","3031","3062"
"23.11.2017 11:00 - 23.11.2017 12:00","3031","3048"
"23.11.2017 12:00 - 23.11.2017 13:00","2964","2997"
"23.11.2017 13:00 - 23.11.2017 14:00","3010","3049"
"23.11.2017 14:00 - 23.11.2017 15:00","2983","2952"
"23.11.2017 15:00 - 23.11.2017 16:00","2851","2825"
"23.11.2017 16:00 - 23.11.2017 17:00","2971","2974"
"23.11.2017 17:00 - 23.11.2017 18:00","3124","3114"
"23.11.2017 18:00 - 23.11.2017 19:00","2971","3002"
"23.11.2017 19:00 - 23.11.2017 20:00","2838","2811"
"23.11.2017 20:00 - 23.11.2017 21:00","2665","2626"
"23.11.2017 21:00 - 23.11.2017 22:00","2470","2420"
"23.11.2017 22:00 - 23.11.2017 23:00","2270","2207"
"23.11.2017 23:00 - 24.11.2017 00:00","2129","2087"
"24.11.2017 00:00 - 24.11.2017 01:00","1957","1949"
"24.11.2017 01:00 - 24.11.2017 02:00","1839","1871"
"24.11.2017 02:00 - 24.11.2017 03:00","1823","1866"
"24.11.2017 03:00 - 24.11.2017 04:00","1904","1860"
"24.11.2017 04:00 - 24.11.2017 05:00","1921","1883"
"24.11.2017 05:00 - 24.11.2017 06:00","2076","2052"
"24.11.2017 06:00 - 24.11.2017 07:00","2446","2463"
"24.11.2017 07:00 - 24.11.2017 08:00","2886","2887"
"24.11.2017 08:00 - 24.11.2017 09:00","2966","2972"
"24.11.2017 09:00 - 24.11.2017 10:00","2944","2967"
"24.11.2017 10:00 - 24.11.2017 11:00","2981","2985"
"24.11.2017 11:00 - 24.11.2017 12:00","2926","2943"
"24.11.2017 12:00 - 24.11.2017 13:00","2803","2811"
"24.11.2017 13:00 - 24.11.2017 14:00","2745","2749"
"24.11.2017 14:00 - 24.11.2017 15:00","2632","2630"
"24.11.2017 15:00 - 24.11.2017 16:00","2580","2566"
"24.11.2017 16:00 - 24.11.2017 17:00","2723","2713"
"24.11.2017 17:00 - 24.11.2017 18:00","2890","2892"
"24.11.2017 18:00 - 24.11.2017 19:00","2761","2757"
"24.11.2017 19:00 - 24.11.2017 20:00","2589","2602"
"24.11.2017 20:00 - 24.11.2017 21:00","2447","2434"
"24.11.2017 21:00 - 24.11.2017 22:00","2298","2284"
"24.11.2017 22:00 - 24.11.2017 23:00","2142","2137"
"24.11.2017 23:00 - 25.11.2017 00:00","1999","2001"
"25.11.2017 00:00 - 25.11.2017 01:00","1867","1864"
"25.11.2017 01:00 - 25.11.2017 02:00","1759","1772"
"25.11.2017 02:00 - 25.11.2017 03:00","1706","1741"
"25.11.2017 03:00 - 25.11.2017 04:00","1723","1735"
"25.11.2017 04:00 - 25.11.2017 05:00","1745","1750"
"25.11.2017 05:00 - 25.11.2017 06:00","1802","1794"
"25.11.2017 06:00 - 25.11.2017 07:00","1932","1928"
"25.11.2017 07:00 - 25.11.2017 08:00","2137","2132"
"25.11.2017 08:00 - 25.11.2017 09:00","2300","2309"
"25.11.2017 09:00 - 25.11.2017 10:00","2400","2404"
"25.11.2017 10:00 - 25.11.2017 11:00","2417","2425"
"25.11.2017 11:00 - 25.11.2017 12:00","2395","2402"
"25.11.2017 12:00 - 25.11.2017 13:00","2343","2335"
"25.11.2017 13:00 - 25.11.2017 14:00","2309","2322"
"25.11.2017 14:00 - 25.11.2017 15:00","2314","2333"
"25.11.2017 15:00 - 25.11.2017 16:00","2350","2343"
"25.11.2017 16:00 - 25.11.2017 17:00","2545","2557"
"25.11.2017 17:00 - 25.11.2017 18:00","2752","2759"
"25.11.2017 18:00 - 25.11.2017 19:00","2657","2662"
"25.11.2017 19:00 - 25.11.2017 20:00","2478","2469"
"25.11.2017 20:00 - 25.11.2017 21:00","2303","2323"
"25.11.2017 21:00 - 25.11.2017 22:00","2174","2162"
"25.11.2017 22:00 - 25.11.2017 23:00","2028","2061"
"25.11.2017 23:00 - 26.11.2017 00:00","1890","1915"
"26.11.2017 00:00 - 26.11.2017 01:00","1816","1829"
"26.11.2017 01:00 - 26.11.2017 02:00","1779","1803"
"26.11.2017 02:00 - 26.11.2017 03:00","1789","1797"
"26.11.2017 03:00 - 26.11.2017 04:00","1772","1800"
"26.11.2017 04:00 - 26.11.2017 05:00","1756","1714"
"26.11.2017 05:00 - 26.11.2017 06:00","1748","1730"
"26.11.2017 06:00 - 26.11.2017 07:00","1851","1853"
"26.11.2017 07:00 - 26.11.2017 08:00","2028","2040"
"26.11.2017 08:00 - 26.11.2017 09:00","2202","2214"
"26.11.2017 09:00 - 26.11.2017 10:00","2297","2292"
"26.11.2017 10:00 - 26.11.2017 11:00","2348","2339"
"26.11.2017 11:00 - 26.11.2017 12:00","2338","2352"
"26.11.2017 12:00 - 26.11.2017 13:00","2339","2336"
"26.11.2017 13:00 - 26.11.2017 14:00","2297","2292"
"26.11.2017 14:00 - 26.11.2017 15:00","2296","2296"
"26.11.2017 15:00 - 26.11.2017 16:00","2317","2324"
"26.11.2017 16:00 - 26.11.2017 17:00","2542","2535"
"26.11.2017 17:00 - 26.11.2017 18:00","2790","2795"
"26.11.2017 18:00 - 26.11.2017 19:00","2711","2708"
"26.11.2017 19:00 - 26.11.2017 20:00","2521","2504"
"26.11.2017 20:00 - 26.11.2017 21:00","2359","2358"
"26.11.2017 21:00 - 26.11.2017 22:00","2225","2161"
"26.11.2017 22:00 - 26.11.2017 23:00","2036","2021"
"26.11.2017 23:00 - 27.11.2017 00:00","1941","1921"
"27.11.2017 00:00 - 27.11.2017 01:00","1851","1838"
"27.11.2017 01:00 - 27.11.2017 02:00","1794","1793"
"27.11.2017 02:00 - 27.11.2017 03:00","1790","1780"
"27.11.2017 03:00 - 27.11.2017 04:00","1804","1786"
"27.11.2017 04:00 - 27.11.2017 05:00","1864","1886"
"27.11.2017 05:00 - 27.11.2017 06:00","2039","2037"
"27.11.2017 06:00 - 27.11.2017 07:00","2513","2502"
"27.11.2017 07:00 - 27.11.2017 08:00","2904","2870"
"27.11.2017 08:00 - 27.11.2017 09:00","2999","3024"
"27.11.2017 09:00 - 27.11.2017 10:00","3012","3048"
"27.11.2017 10:00 - 27.11.2017 11:00","3067","3089"
"27.11.2017 11:00 - 27.11.2017 12:00","3072","3067"
"27.11.2017 12:00 - 27.11.2017 13:00","3014","3030"
"27.11.2017 13:00 - 27.11.2017 14:00","3023","3000"
"27.11.2017 14:00 - 27.11.2017 15:00","2955","2991"
"27.11.2017 15:00 - 27.11.2017 16:00","2956","2965"
"27.11.2017 16:00 - 27.11.2017 17:00","3095","3075"
"27.11.2017 17:00 - 27.11.2017 18:00","3274","3262"
"27.11.2017 18:00 - 27.11.2017 19:00","3080","3110"
"27.11.2017 19:00 - 27.11.2017 20:00","2908","2913"
"27.11.2017 20:00 - 27.11.2017 21:00","2717","2671"
"27.11.2017 21:00 - 27.11.2017 22:00","2495","2461"
"27.11.2017 22:00 - 27.11.2017 23:00","2289","2268"
"27.11.2017 23:00 - 28.11.2017 00:00","2125","2097"
"28.11.2017 00:00 - 28.11.2017 01:00","1958","1974"
"28.11.2017 01:00 - 28.11.2017 02:00","1874","1908"
"28.11.2017 02:00 - 28.11.2017 03:00","1879","1902"
"28.11.2017 03:00 - 28.11.2017 04:00","1897","1869"
"28.11.2017 04:00 - 28.11.2017 05:00","1926","1917"
"28.11.2017 05:00 - 28.11.2017 06:00","2082","2070"
"28.11.2017 06:00 - 28.11.2017 07:00","2514","2522"
"28.11.2017 07:00 - 28.11.2017 08:00","2993","2985"
"28.11.2017 08:00 - 28.11.2017 09:00","3072","3076"
"28.11.2017 09:00 - 28.11.2017 10:00","3028","3036"
"28.11.2017 10:00 - 28.11.2017 11:00","3065","3058"
"28.11.2017 11:00 - 28.11.2017 12:00","3033","3052"
"28.11.2017 12:00 - 28.11.2017 13:00","2962","2983"
"28.11.2017 13:00 - 28.11.2017 14:00","2976","2968"
"28.11.2017 14:00 - 28.11.2017 15:00","2976","2986"
"28.11.2017 15:00 - 28.11.2017 16:00","2914","2921"
"28.11.2017 16:00 - 28.11.2017 17:00","3090","3041"
"28.11.2017 17:00 - 28.11.2017 18:00","3202","3220"
"28.11.2017 18:00 - 28.11.2017 19:00","3070","3082"
"28.11.2017 19:00 - 28.11.2017 20:00","2887","2888"
"28.11.2017 20:00 - 28.11.2017 21:00","2710","2725"
"28.11.2017 21:00 - 28.11.2017 22:00","2539","2525"
"28.11.2017 22:00 - 28.11.2017 23:00","2362","2334"
"28.11.2017 23:00 - 29.11.2017 00:00","2202","2169"
"29.11.2017 00:00 - 29.11.2017 01:00","2040","2013"
"29.11.2017 01:00 - 29.11.2017 02:00","1934","1935"
"29.11.2017 02:00 - 29.11.2017 03:00","1907","1914"
"29.11.2017 03:00 - 29.11.2017 04:00","1929","1924"
"29.11.2017 04:00 - 29.11.2017 05:00","1990","1993"
"29.11.2017 05:00 - 29.11.2017 06:00","2168","2164"
"29.11.2017 06:00 - 29.11.2017 07:00","2618","2593"
"29.11.2017 07:00 - 29.11.2017 08:00","3041","3006"
"29.11.2017 08:00 - 29.11.2017 09:00","3091","3116"
"29.11.2017 09:00 - 29.11.2017 10:00","3113","3089"
"29.11.2017 10:00 - 29.11.2017 11:00","3115","3113"
"29.11.2017 11:00 - 29.11.2017 12:00","3073","3082"
"29.11.2017 12:00 - 29.11.2017 13:00","2994","3005"
"29.11.2017 13:00 - 29.11.2017 14:00","3033","3045"
"29.11.2017 14:00 - 29.11.2017 15:00","3013","3008"
"29.11.2017 15:00 - 29.11.2017 16:00","2938","2927"
"29.11.2017 16:00 - 29.11.2017 17:00","3069","3078"
"29.11.2017 17:00 - 29.11.2017 18:00","3247","3255"
"29.11.2017 18:00 - 29.11.2017 19:00","3086","3098"
"29.11.2017 19:00 - 29.11.2017 20:00","2929","2935"
"29.11.2017 20:00 - 29.11.2017 21:00","2773","2783"
"29.11.2017 21:00 - 29.11.2017 22:00","2606","2598"
"29.11.2017 22:00 - 29.11.2017 23:00","2426","2388"
"29.11.2017 23:00 - 30.11.2017 00:00","2270","2182"
"30.11.2017 00:00 - 30.11.2017 01:00","2072","2062"
"30.11.2017 01:00 - 30.11.2017 02:00","1994","2005"
"30.11.2017 02:00 - 30.11.2017 03:00","1944","1990"
"30.11.2017 03:00 - 30.11.2017 04:00","1970","2002"
"30.11.2017 04:00 - 30.11.2017 05:00","2054","2070"
"30.11.2017 05:00 - 30.11.2017 06:00","2247","2246"
"30.11.2017 06:00 - 30.11.2017 07:00","2695","2679"
"30.11.2017 07:00 - 30.11.2017 08:00","3076","3085"
"30.11.2017 08:00 - 30.11.2017 09:00","3152","3161"
"30.11.2017 09:00 - 30.11.2017 10:00","3171","3160"
"30.11.2017 10:00 - 30.11.2017 11:00","3202","3174"
"30.11.2017 11:00 - 30.11.2017 12:00","3142","3130"
"30.11.2017 12:00 - 30.11.2017 13:00","3037","3040"
"30.11.2017 13:00 - 30.11.2017 14:00","3062","3047"
"30.11.2017 14:00 - 30.11.2017 15:00","2999","2987"
"30.11.2017 15:00 - 30.11.2017 16:00","2935","2931"
"30.11.2017 16:00 - 30.11.2017 17:00","3055","3074"
"30.11.2017 17:00 - 30.11.2017 18:00","3217","3232"
"30.11.2017 18:00 - 30.11.2017 19:00","3081","3088"
"30.11.2017 19:00 - 30.11.2017 20:00","2921","2935"
"30.11.2017 20:00 - 30.11.2017 21:00","2790","2788"
"30.11.2017 21:00 - 30.11.2017 22:00","2616","2602"
"30.11.2017 22:00 - 30.11.2017 23:00","2417","2401"
"30.11.2017 23:00 - 01.12.2017 00:00","2231","2205"
"01.12.2017 00:00 - 01.12.2017 01:00","2052","2048"
"01.12.2017 01:00 - 01.12.2017 02:00","1960","1984"
"01.12.2017 02:00 - 01.12.2017 03:00","1957","1950"
"01.12.2017 03:00 - 01.12.2017 04:00","1988","1960"
"01.12.2017 04:00 - 01.12.2017 05:00","2060","2017"
"01.12.2017 05:00 - 01.12.2017 06:00","2218","2182"
"01.12.2017 06:00 - 01.12.2017 07:00","2599","2596"
"01.12.2017 07:00 - 01.12.2017 08:00","3018","2987"
"01.12.2017 08:00 - 01.12.2017 09:00","3108","3117"
"01.12.2017 09:00 - 01.12.2017 10:00","3075","3084"
"01.12.2017 10:00 - 01.12.2017 11:00","3107","3115"
"01.12.2017 11:00 - 01.12.2017 12:00","3055","3028"
"01.12.2017 12:00 - 01.12.2017 13:00","2909","2888"
"01.12.2017 13:00 - 01.12.2017 14:00","2809","2813"
"01.12.2017 14:00 - 01.12.2017 15:00","2715","2715"
"01.12.2017 15:00 - 01.12.2017 16:00","2677","2672"
"01.12.2017 16:00 - 01.12.2017 17:00","2855","2835"
"01.12.2017 17:00 - 01.12.2017 18:00","2973","2985"
"01.12.2017 18:00 - 01.12.2017 19:00","2853","2865"
"01.12.2017 19:00 - 01.12.2017 20:00","2678","2674"
"01.12.2017 20:00 - 01.12.2017 21:00","2517","2522"
"01.12.2017 21:00 - 01.12.2017 22:00","2392","2390"
"01.12.2017 22:00 - 01.12.2017 23:00","2239","2225"
"01.12.2017 23:00 - 02.12.2017 00:00","2087","2071"
"02.12.2017 00:00 - 02.12.2017 01:00","1947","1970"
"02.12.2017 01:00 - 02.12.2017 02:00","1873","1895"
"02.12.2017 02:00 - 02.12.2017 03:00","1826","1854"
"02.12.2017 03:00 - 02.12.2017 04:00","1822","1840"
"02.12.2017 04:00 - 02.12.2017 05:00","1833","1855"
"02.12.2017 05:00 - 02.12.2017 06:00","1889","1884"
"02.12.2017 06:00 - 02.12.2017 07:00","2009","2018"
"02.12.2017 07:00 - 02.12.2017 08:00","2215","2229"
"02.12.2017 08:00 - 02.12.2017 09:00","2397","2397"
"02.12.2017 09:00 - 02.12.2017 10:00","2484","2473"
"02.12.2017 10:00 - 02.12.2017 11:00","2522","2497"
"02.12.2017 11:00 - 02.12.2017 12:00","2476","2455"
"02.12.2017 12:00 - 02.12.2017 13:00","2393","2367"
"02.12.2017 13:00 - 02.12.2017 14:00","2314","2315"
"02.12.2017 14:00 - 02.12.2017 15:00","2328","2350"
"02.12.2017 15:00 - 02.12.2017 16:00","2406","2381"
"02.12.2017 16:00 - 02.12.2017 17:00","2544","2542"
"02.12.2017 17:00 - 02.12.2017 18:00","2688","2680"
"02.12.2017 18:00 - 02.12.2017 19:00","2575","2573"
"02.12.2017 19:00 - 02.12.2017 20:00","2398","2398"
"02.12.2017 20:00 - 02.12.2017 21:00","2261","2265"
"02.12.2017 21:00 - 02.12.2017 22:00","2165","2166"
"02.12.2017 22:00 - 02.12.2017 23:00","2035","2015"
"02.12.2017 23:00 - 03.12.2017 00:00","1906","1918"
"03.12.2017 00:00 - 03.12.2017 01:00","1807","1807"
"03.12.2017 01:00 - 03.12.2017 02:00","1776","1830"
"03.12.2017 02:00 - 03.12.2017 03:00","1772","1791"
"03.12.2017 03:00 - 03.12.2017 04:00","1737","1732"
"03.12.2017 04:00 - 03.12.2017 05:00","1743","1770"
"03.12.2017 05:00 - 03.12.2017 06:00","1794","1762"
"03.12.2017 06:00 - 03.12.2017 07:00","1910","1941"
"03.12.2017 07:00 - 03.12.2017 08:00","2100","2085"
"03.12.2017 08:00 - 03.12.2017 09:00","2248","2241"
"03.12.2017 09:00 - 03.12.2017 10:00","2349","2350"
"03.12.2017 10:00 - 03.12.2017 11:00","2398","2353"
"03.12.2017 11:00 - 03.12.2017 12:00","2365","2338"
"03.12.2017 12:00 - 03.12.2017 13:00","2306","2295"
"03.12.2017 13:00 - 03.12.2017 14:00","2288","2294"
"03.12.2017 14:00 - 03.12.2017 15:00","2302","2315"
"03.12.2017 15:00 - 03.12.2017 16:00","2341","2338"
"03.12.2017 16:00 - 03.12.2017 17:00","2542","2552"
"03.12.2017 17:00 - 03.12.2017 18:00","2767","2785"
"03.12.2017 18:00 - 03.12.2017 19:00","2705","2700"
"03.12.2017 19:00 - 03.12.2017 20:00","2527","2551"
"03.12.2017 20:00 - 03.12.2017 21:00","2364","2406"
"03.12.2017 21:00 - 03.12.2017 22:00","2284","2285"
"03.12.2017 22:00 - 03.12.2017 23:00","2144","2166"
"03.12.2017 23:00 - 04.12.2017 00:00","2015","2061"
"04.12.2017 00:00 - 04.12.2017 01:00","1926","1924"
"04.12.2017 01:00 - 04.12.2017 02:00","1874","1908"
"04.12.2017 02:00 - 04.12.2017 03:00","1898","1903"
"04.12.2017 03:00 - 04.12.2017 04:00","1938","1907"
"04.12.2017 04:00 - 04.12.2017 05:00","1965","1972"
"04.12.2017 05:00 - 04.12.2017 06:00","2128","2141"
"04.12.2017 06:00 - 04.12.2017 07:00","2580","2579"
"04.12.2017 07:00 - 04.12.2017 08:00","3017","3068"
"04.12.2017 08:00 - 04.12.2017 09:00","3178","3189"
"04.12.2017 09:00 - 04.12.2017 10:00","3158","3184"
"04.12.2017 10:00 - 04.12.2017 11:00","3160","3109"
"04.12.2017 11:00 - 04.12.2017 12:00","3096","3133"
"04.12.2017 12:00 - 04.12.2017 13:00","3053","3024"
"04.12.2017 13:00 - 04.12.2017 14:00","3030","3001"
"04.12.2017 14:00 - 04.12.2017 15:00","2985","3053"
"04.12.2017 15:00 - 04.12.2017 16:00","2966","2941"
"04.12.2017 16:00 - 04.12.2017 17:00","3095","3088"
"04.12.2017 17:00 - 04.12.2017 18:00","3249","3238"
"04.12.2017 18:00 - 04.12.2017 19:00","3077","3083"
"04.12.2017 19:00 - 04.12.2017 20:00","2879","2879"
"04.12.2017 20:00 - 04.12.2017 21:00","2698","2685"
"04.12.2017 21:00 - 04.12.2017 22:00","2536","2559"
"04.12.2017 22:00 - 04.12.2017 23:00","2386","2344"
"04.12.2017 23:00 - 05.12.2017 00:00","2217","2176"
"05.12.2017 00:00 - 05.12.2017 01:00","2036","2045"
"05.12.2017 01:00 - 05.12.2017 02:00","1945","1945"
"05.12.2017 02:00 - 05.12.2017 03:00","1898","1904"
"05.12.2017 03:00 - 05.12.2017 04:00","1918","1930"
"05.12.2017 04:00 - 05.12.2017 05:00","1955","1929"
"05.12.2017 05:00 - 05.12.2017 06:00","2087","2128"
"05.12.2017 06:00 - 05.12.2017 07:00","2532","2520"
"05.12.2017 07:00 - 05.12.2017 08:00","2864","2854"
"05.12.2017 08:00 - 05.12.2017 09:00","2970","2974"
"05.12.2017 09:00 - 05.12.2017 10:00","3005","3023"
"05.12.2017 10:00 - 05.12.2017 11:00","3049","3035"
"05.12.2017 11:00 - 05.12.2017 12:00","2977","2950"
"05.12.2017 12:00 - 05.12.2017 13:00","2917","2948"
"05.12.2017 13:00 - 05.12.2017 14:00","2943","2943"
"05.12.2017 14:00 - 05.12.2017 15:00","2969","2984"
"05.12.2017 15:00 - 05.12.2017 16:00","2915","2875"
"05.12.2017 16:00 - 05.12.2017 17:00","2998","2989"
"05.12.2017 17:00 - 05.12.2017 18:00","3103","3088"
"05.12.2017 18:00 - 05.12.2017 19:00","2953","2964"
"05.12.2017 19:00 - 05.12.2017 20:00","2813","2800"
"05.12.2017 20:00 - 05.12.2017 21:00","2647","2613"
"05.12.2017 21:00 - 05.12.2017 22:00","2458","2460"
"05.12.2017 22:00 - 05.12.2017 23:00","2295","2310"
"05.12.2017 23:00 - 06.12.2017 00:00","2144","2074"
"06.12.2017 00:00 - 06.12.2017 01:00","1948","1976"
"06.12.2017 01:00 - 06.12.2017 02:00","1902","1937"
"06.12.2017 02:00 - 06.12.2017 03:00","1913","1946"
"06.12.2017 03:00 - 06.12.2017 04:00","1915","1898"
"06.12.2017 04:00 - 06.12.2017 05:00","1978","2007"
"06.12.2017 05:00 - 06.12.2017 06:00","2181","2195"
"06.12.2017 06:00 - 06.12.2017 07:00","2556","2543"
"06.12.2017 07:00 - 06.12.2017 08:00","2956","2969"
"06.12.2017 08:00 - 06.12.2017 09:00","3063","3064"
"06.12.2017 09:00 - 06.12.2017 10:00","3006","3013"
"06.12.2017 10:00 - 06.12.2017 11:00","3055","3050"
"06.12.2017 11:00 - 06.12.2017 12:00","3000","2998"
"06.12.2017 12:00 - 06.12.2017 13:00","2915","2921"
"06.12.2017 13:00 - 06.12.2017 14:00","2947","2954"
"06.12.2017 14:00 - 06.12.2017 15:00","2921","2926"
"06.12.2017 15:00 - 06.12.2017 16:00","2901","2931"
"06.12.2017 16:00 - 06.12.2017 17:00","3072","3046"
"06.12.2017 17:00 - 06.12.2017 18:00","3157","3118"
"06.12.2017 18:00 - 06.12.2017 19:00","2953","2926"
"06.12.2017 19:00 - 06.12.2017 20:00","2787","2775"
"06.12.2017 20:00 - 06.12.2017 21:00","2648","2589"
"06.12.2017 21:00 - 06.12.2017 22:00","2477","2475"
"06.12.2017 22:00 - 06.12.2017 23:00","2327","2269"
"06.12.2017 23:00 - 07.12.2017 00:00","2174","2100"
"07.12.2017 00:00 - 07.12.2017 01:00","1963","1967"
"07.12.2017 01:00 - 07.12.2017 02:00","1886","1908"
"07.12.2017 02:00 - 07.12.2017 03:00","1859","1891"
"07.12.2017 03:00 - 07.12.2017 04:00","1885","1876"
"07.12.2017 04:00 - 07.12.2017 05:00","1921","1935"
"07.12.2017 05:00 - 07.12.2017 06:00","2085","2075"
"07.12.2017 06:00 - 07.12.2017 07:00","2444","2447"
"07.12.2017 07:00 - 07.12.2017 08:00","2904","2904"
"07.12.2017 08:00 - 07.12.2017 09:00","3009","3023"
"07.12.2017 09:00 - 07.12.2017 10:00","2974","2956"
"07.12.2017 10:00 - 07.12.2017 11:00","3048","3073"
"07.12.2017 11:00 - 07.12.2017 12:00","3072","3104"
"07.12.2017 12:00 - 07.12.2017 13:00","3016","3010"
"07.12.2017 13:00 - 07.12.2017 14:00","3054","3078"
"07.12.2017 14:00 - 07.12.2017 15:00","3000","2996"
"07.12.2017 15:00 - 07.12.2017 16:00","2961","2956"
"07.12.2017 16:00 - 07.12.2017 17:00","3084","3016"
"07.12.2017 17:00 - 07.12.2017 18:00","3146","3132"
"07.12.2017 18:00 - 07.12.2017 19:00","2977","3020"
"07.12.2017 19:00 - 07.12.2017 20:00","2826","2813"
"07.12.2017 20:00 - 07.12.2017 21:00","2693","2655"
"07.12.2017 21:00 - 07.12.2017 22:00","2525","2518"
"07.12.2017 22:00 - 07.12.2017 23:00","2360","2331"
"07.12.2017 23:00 - 08.12.2017 00:00","2212","2176"
"08.12.2017 00:00 - 08.12.2017 01:00","2007","2018"
"08.12.2017 01:00 - 08.12.2017 02:00","1923","1971"
"08.12.2017 02:00 - 08.12.2017 03:00","1930","1963"
"08.12.2017 03:00 - 08.12.2017 04:00","1931","1912"
"08.12.2017 04:00 - 08.12.2017 05:00","1942","1932"
"08.12.2017 05:00 - 08.12.2017 06:00","2101","2091"
"08.12.2017 06:00 - 08.12.2017 07:00","2470","2471"
"08.12.2017 07:00 - 08.12.2017 08:00","2878","2907"
"08.12.2017 08:00 - 08.12.2017 09:00","3067","3061"
"08.12.2017 09:00 - 08.12.2017 10:00","3057","3082"
"08.12.2017 10:00 - 08.12.2017 11:00","3081","3076"
"08.12.2017 11:00 - 08.12.2017 12:00","3004","2965"
"08.12.2017 12:00 - 08.12.2017 13:00","2874","2898"
"08.12.2017 13:00 - 08.12.2017 14:00","2835","2807"
"08.12.2017 14:00 - 08.12.2017 15:00","2709","2712"
"08.12.2017 15:00 - 08.12.2017 16:00","2670","2664"
"08.12.2017 16:00 - 08.12.2017 17:00","2806","2797"
"08.12.2017 17:00 - 08.12.2017 18:00","2906","2963"
"08.12.2017 18:00 - 08.12.2017 19:00","2850","2858"
"08.12.2017 19:00 - 08.12.2017 20:00","2690","2683"
"08.12.2017 20:00 - 08.12.2017 21:00","2579","2544"
"08.12.2017 21:00 - 08.12.2017 22:00","2440","2411"
"08.12.2017 22:00 - 08.12.2017 23:00","2299","2233"
"08.12.2017 23:00 - 09.12.2017 00:00","2153","2080"
"09.12.2017 00:00 - 09.12.2017 01:00","1927","1939"
"09.12.2017 01:00 - 09.12.2017 02:00","1830","1898"
"09.12.2017 02:00 - 09.12.2017 03:00","1821","1881"
"09.12.2017 03:00 - 09.12.2017 04:00","1857","1938"
"09.12.2017 04:00 - 09.12.2017 05:00","1906","1974"
"09.12.2017 05:00 - 09.12.2017 06:00","1999","2001"
"09.12.2017 06:00 - 09.12.2017 07:00","2068","2070"
"09.12.2017 07:00 - 09.12.2017 08:00","2286","2215"
"09.12.2017 08:00 - 09.12.2017 09:00","2431","2388"
"09.12.2017 09:00 - 09.12.2017 10:00","2465","2454"
"09.12.2017 10:00 - 09.12.2017 11:00","2496","2497"
"09.12.2017 11:00 - 09.12.2017 12:00","2463","2447"
"09.12.2017 12:00 - 09.12.2017 13:00","2391","2400"
"09.12.2017 13:00 - 09.12.2017 14:00","2355","2380"
"09.12.2017 14:00 - 09.12.2017 15:00","2380","2382"
"09.12.2017 15:00 - 09.12.2017 16:00","2458","2450"
"09.12.2017 16:00 - 09.12.2017 17:00","2646","2588"
"09.12.2017 17:00 - 09.12.2017 18:00","2747","2737"
"09.12.2017 18:00 - 09.12.2017 19:00","2654","2665"
"09.12.2017 19:00 - 09.12.2017 20:00","2503","2502"
"09.12.2017 20:00 - 09.12.2017 21:00","2349","2369"
"09.12.2017 21:00 - 09.12.2017 22:00","2242","2223"
"09.12.2017 22:00 - 09.12.2017 23:00","2086","2106"
"09.12.2017 23:00 - 10.12.2017 00:00","1961","2001"
"10.12.2017 00:00 - 10.12.2017 01:00","1909","1921"
"10.12.2017 01:00 - 10.12.2017 02:00","1839","1859"
"10.12.2017 02:00 - 10.12.2017 03:00","1798","1819"
"10.12.2017 03:00 - 10.12.2017 04:00","1804","1853"
"10.12.2017 04:00 - 10.12.2017 05:00","1850","1850"
"10.12.2017 05:00 - 10.12.2017 06:00","1891","1882"
"10.12.2017 06:00 - 10.12.2017 07:00","1988","1960"
"10.12.2017 07:00 - 10.12.2017 08:00","2123","2112"
"10.12.2017 08:00 - 10.12.2017 09:00","2313","2273"
"10.12.2017 09:00 - 10.12.2017 10:00","2360","2356"
"10.12.2017 10:00 - 10.12.2017 11:00","2420","2428"
"10.12.2017 11:00 - 10.12.2017 12:00","2434","2434"
"10.12.2017 12:00 - 10.12.2017 13:00","2412","2411"
"10.12.2017 13:00 - 10.12.2017 14:00","2395","2401"
"10.12.2017 14:00 - 10.12.2017 15:00","2419","2426"
"10.12.2017 15:00 - 10.12.2017 16:00","2475","2463"
"10.12.2017 16:00 - 10.12.2017 17:00","2644","2643"
"10.12.2017 17:00 - 10.12.2017 18:00","2851","2854"
"10.12.2017 18:00 - 10.12.2017 19:00","2778","2783"
"10.12.2017 19:00 - 10.12.2017 20:00","2616","2604"
"10.12.2017 20:00 - 10.12.2017 21:00","2451","2438"
"10.12.2017 21:00 - 10.12.2017 22:00","2307","2309"
"10.12.2017 22:00 - 10.12.2017 23:00","2201","2182"
"10.12.2017 23:00 - 11.12.2017 00:00","2091","2032"
"11.12.2017 00:00 - 11.12.2017 01:00","1938","1936"
"11.12.2017 01:00 - 11.12.2017 02:00","1881","1885"
"11.12.2017 02:00 - 11.12.2017 03:00","1884","1866"
"11.12.2017 03:00 - 11.12.2017 04:00","1912","1893"
"11.12.2017 04:00 - 11.12.2017 05:00","1960","1942"
"11.12.2017 05:00 - 11.12.2017 06:00","2144","2126"
"11.12.2017 06:00 - 11.12.2017 07:00","2585","2579"
"11.12.2017 07:00 - 11.12.2017 08:00","3066","3053"
"11.12.2017 08:00 - 11.12.2017 09:00","3199","3178"
"11.12.2017 09:00 - 11.12.2017 10:00","3177","3179"
"11.12.2017 10:00 - 11.12.2017 11:00","3207","3213"
"11.12.2017 11:00 - 11.12.2017 12:00","3182","3188"
"11.12.2017 12:00 - 11.12.2017 13:00","3112","3118"
"11.12.2017 13:00 - 11.12.2017 14:00","3131","3155"
"11.12.2017 14:00 - 11.12.2017 15:00","3117","3115"
"11.12.2017 15:00 - 11.12.2017 16:00","3060","3051"
"11.12.2017 16:00 - 11.12.2017 17:00","3155","3144"
"11.12.2017 17:00 - 11.12.2017 18:00","3293","3286"
"11.12.2017 18:00 - 11.12.2017 19:00","3127","3132"
"11.12.2017 19:00 - 11.12.2017 20:00","2966","2991"
"11.12.2017 20:00 - 11.12.2017 21:00","2821","2832"
"11.12.2017 21:00 - 11.12.2017 22:00","2638","2632"
"11.12.2017 22:00 - 11.12.2017 23:00","2455","2443"
"11.12.2017 23:00 - 12.12.2017 00:00","2285","2214"
"12.12.2017 00:00 - 12.12.2017 01:00","2055","2061"
"12.12.2017 01:00 - 12.12.2017 02:00","1979","2011"
"12.12.2017 02:00 - 12.12.2017 03:00","1998","2015"
"12.12.2017 03:00 - 12.12.2017 04:00","2019","2022"
"12.12.2017 04:00 - 12.12.2017 05:00","2073","2087"
"12.12.2017 05:00 - 12.12.2017 06:00","2236","2203"
"12.12.2017 06:00 - 12.12.2017 07:00","2618","2634"
"12.12.2017 07:00 - 12.12.2017 08:00","3055","3015"
"12.12.2017 08:00 - 12.12.2017 09:00","3161","3127"
"12.12.2017 09:00 - 12.12.2017 10:00","3108","3126"
"12.12.2017 10:00 - 12.12.2017 11:00","3176","3171"
"12.12.2017 11:00 - 12.12.2017 12:00","3152","3148"
"12.12.2017 12:00 - 12.12.2017 13:00","3071","3039"
"12.12.2017 13:00 - 12.12.2017 14:00","3058","3045"
"12.12.2017 14:00 - 12.12.2017 15:00","3007","3002"
"12.12.2017 15:00 - 12.12.2017 16:00","2941","2942"
"12.12.2017 16:00 - 12.12.2017 17:00","3096","3126"
"12.12.2017 17:00 - 12.12.2017 18:00","3276","3282"
"12.12.2017 18:00 - 12.12.2017 19:00","3104","3110"
"12.12.2017 19:00 - 12.12.2017 20:00","2939","2951"
"12.12.2017 20:00 - 12.12.2017 21:00","2773","2764"
"12.12.2017 21:00 - 12.12.2017 22:00","2632","2629"
"12.12.2017 22:00 - 12.12.2017 23:00","2438","2438"
"12.12.2017 23:00 - 13.12.2017 00:00","2252","2224"
"13.12.2017 00:00 - 13.12.2017 01:00","2080","2096"
"13.12.2017 01:00 - 13.12.2017 02:00","2025","2043"
"13.12.2017 02:00 - 13.12.2017 03:00","2001","1980"
"13.12.2017 03:00 - 13.12.2017 04:00","1980","1961"
"13.12.2017 04:00 - 13.12.2017 05:00","2028","2034"
"13.12.2017 05:00 - 13.12.2017 06:00","2174","2171"
"13.12.2017 06:00 - 13.12.2017 07:00","2553","2592"
"13.12.2017 07:00 - 13.12.2017 08:00","3025","3006"
"13.12.2017 08:00 - 13.12.2017 09:00","3126","3132"
"13.12.2017 09:00 - 13.12.2017 10:00","3102","3120"
"13.12.2017 10:00 - 13.12.2017 11:00","3141","3127"
"13.12.2017 11:00 - 13.12.2017 12:00","3124","3146"
"13.12.2017 12:00 - 13.12.2017 13:00","3056","3072"
"13.12.2017 13:00 - 13.12.2017 14:00","3105","3135"
"13.12.2017 14:00 - 13.12.2017 15:00","3100","3109"
"13.12.2017 15:00 - 13.12.2017 16:00","3040","3056"
"13.12.2017 16:00 - 13.12.2017 17:00","3167","3155"
"13.12.2017 17:00 - 13.12.2017 18:00","3263","3254"
"13.12.2017 18:00 - 13.12.2017 19:00","3081","3087"
"13.12.2017 19:00 - 13.12.2017 20:00","2918","2928"
"13.12.2017 20:00 - 13.12.2017 21:00","2748","2744"
"13.12.2017 21:00 - 13.12.2017 22:00","2606","2590"
"13.12.2017 22:00 - 13.12.2017 23:00","2437","2406"
"13.12.2017 23:00 - 14.12.2017 00:00","2262","2233"
"14.12.2017 00:00 - 14.12.2017 01:00","2117","2116"
"14.12.2017 01:00 - 14.12.2017 02:00","2027","2045"
"14.12.2017 02:00 - 14.12.2017 03:00","2041","2035"
"14.12.2017 03:00 - 14.12.2017 04:00","2064","2066"
"14.12.2017 04:00 - 14.12.2017 05:00","2147","2145"
"14.12.2017 05:00 - 14.12.2017 06:00","2272","2265"
"14.12.2017 06:00 - 14.12.2017 07:00","2650","2636"
"14.12.2017 07:00 - 14.12.2017 08:00","3054","3044"
"14.12.2017 08:00 - 14.12.2017 09:00","3208","3234"
"14.12.2017 09:00 - 14.12.2017 10:00","3189","3198"
"14.12.2017 10:00 - 14.12.2017 11:00","3269","3254"
"14.12.2017 11:00 - 14.12.2017 12:00","3183","3167"
"14.12.2017 12:00 - 14.12.2017 13:00","3078","3098"
"14.12.2017 13:00 - 14.12.2017 14:00","3106","3118"
"14.12.2017 14:00 - 14.12.2017 15:00","3069","3080"
"14.12.2017 15:00 - 14.12.2017 16:00","3023","3013"
"14.12.2017 16:00 - 14.12.2017 17:00","3140","3123"
"14.12.2017 17:00 - 14.12.2017 18:00","3293","3276"
"14.12.2017 18:00 - 14.12.2017 19:00","3105","3101"
"14.12.2017 19:00 - 14.12.2017 20:00","2939","2921"
"14.12.2017 20:00 - 14.12.2017 21:00","2769","2736"
"14.12.2017 21:00 - 14.12.2017 22:00","2589","2546"
"14.12.2017 22:00 - 14.12.2017 23:00","2413","2347"
"14.12.2017 23:00 - 15.12.2017 00:00","2269","2154"
"15.12.2017 00:00 - 15.12.2017 01:00","2044","2037"
"15.12.2017 01:00 - 15.12.2017 02:00","1942","1990"
"15.12.2017 02:00 - 15.12.2017 03:00","1943","1975"
"15.12.2017 03:00 - 15.12.2017 04:00","1986","1980"
"15.12.2017 04:00 - 15.12.2017 05:00","2041","2039"
"15.12.2017 05:00 - 15.12.2017 06:00","2202","2199"
"15.12.2017 06:00 - 15.12.2017 07:00","2574","2613"
"15.12.2017 07:00 - 15.12.2017 08:00","3040","3052"
"15.12.2017 08:00 - 15.12.2017 09:00","3185","3212"
"15.12.2017 09:00 - 15.12.2017 10:00","3172","3154"
"15.12.2017 10:00 - 15.12.2017 11:00","3206","3189"
"15.12.2017 11:00 - 15.12.2017 12:00","3098","3115"
"15.12.2017 12:00 - 15.12.2017 13:00","2979","2974"
"15.12.2017 13:00 - 15.12.2017 14:00","2893","2895"
"15.12.2017 14:00 - 15.12.2017 15:00","2801","2786"
"15.12.2017 15:00 - 15.12.2017 16:00","2775","2763"
"15.12.2017 16:00 - 15.12.2017 17:00","2908","2926"
"15.12.2017 17:00 - 15.12.2017 18:00","3039","3047"
"15.12.2017 18:00 - 15.12.2017 19:00","2909","2918"
"15.12.2017 19:00 - 15.12.2017 20:00","2714","2715"
"15.12.2017 20:00 - 15.12.2017 21:00","2541","2527"
"15.12.2017 21:00 - 15.12.2017 22:00","2385","2376"
"15.12.2017 22:00 - 15.12.2017 23:00","2237","2214"
"15.12.2017 23:00 - 16.12.2017 00:00","2084","2062"
"16.12.2017 00:00 - 16.12.2017 01:00","1933","1952"
"16.12.2017 01:00 - 16.12.2017 02:00","1849","1864"
"16.12.2017 02:00 - 16.12.2017 03:00","1804","1832"
"16.12.2017 03:00 - 16.12.2017 04:00","1801","1823"
"16.12.2017 04:00 - 16.12.2017 05:00","1826","1854"
"16.12.2017 05:00 - 16.12.2017 06:00","1892","1912"
"16.12.2017 06:00 - 16.12.2017 07:00","2060","2081"
"16.12.2017 07:00 - 16.12.2017 08:00","2290","2288"
"16.12.2017 08:00 - 16.12.2017 09:00","2489","2500"
"16.12.2017 09:00 - 16.12.2017 10:00","2579","2580"
"16.12.2017 10:00 - 16.12.2017 11:00","2593","2587"
"16.12.2017 11:00 - 16.12.2017 12:00","2557","2539"
"16.12.2017 12:00 - 16.12.2017 13:00","2469","2444"
"16.12.2017 13:00 - 16.12.2017 14:00","2410","2399"
"16.12.2017 14:00 - 16.12.2017 15:00","2373","2394"
"16.12.2017 15:00 - 16.12.2017 16:00","2442","2457"
"16.12.2017 16:00 - 16.12.2017 17:00","2633","2648"
"16.12.2017 17:00 - 16.12.2017 18:00","2813","2834"
"16.12.2017 18:00 - 16.12.2017 19:00","2752","2769"
"16.12.2017 19:00 - 16.12.2017 20:00","2573","2565"
"16.12.2017 20:00 - 16.12.2017 21:00","2412","2407"
"16.12.2017 21:00 - 16.12.2017 22:00","2284","2274"
"16.12.2017 22:00 - 16.12.2017 23:00","2128","2142"
"16.12.2017 23:00 - 17.12.2017 00:00","1973","1989"
"17.12.2017 00:00 - 17.12.2017 01:00","1845","1864"
"17.12.2017 01:00 - 17.12.2017 02:00","1762","1800"
"17.12.2017 02:00 - 17.12.2017 03:00","1782","1774"
"17.12.2017 03:00 - 17.12.2017 04:00","1758","1774"
"17.12.2017 04:00 - 17.12.2017 05:00","1786","1802"
"17.12.2017 05:00 - 17.12.2017 06:00","1848","1849"
"17.12.2017 06:00 - 17.12.2017 07:00","1973","1977"
"17.12.2017 07:00 - 17.12.2017 08:00","2158","2165"
"17.12.2017 08:00 - 17.12.2017 09:00","2380","2384"
"17.12.2017 09:00 - 17.12.2017 10:00","2501","2490"
"17.12.2017 10:00 - 17.12.2017 11:00","2527","2494"
"17.12.2017 11:00 - 17.12.2017 12:00","2472","2462"
"17.12.2017 12:00 - 17.12.2017 13:00","2434","2412"
"17.12.2017 13:00 - 17.12.2017 14:00","2393","2372"
"17.12.2017 14:00 - 17.12.2017 15:00","2378","2381"
"17.12.2017 15:00 - 17.12.2017 16:00","2442","2443"
"17.12.2017 16:00 - 17.12.2017 17:00","2647","2657"
"17.12.2017 17:00 - 17.12.2017 18:00","2827","2845"
"17.12.2017 18:00 - 17.12.2017 19:00","2793","2795"
"17.12.2017 19:00 - 17.12.2017 20:00","2640","2648"
"17.12.2017 20:00 - 17.12.2017 21:00","2470","2454"
"17.12.2017 21:00 - 17.12.2017 22:00","2324","2325"
"17.12.2017 22:00 - 17.12.2017 23:00","2202","2138"
"17.12.2017 23:00 - 18.12.2017 00:00","2077","2041"
"18.12.2017 00:00 - 18.12.2017 01:00","1926","1924"
"18.12.2017 01:00 - 18.12.2017 02:00","1866","1878"
"18.12.2017 02:00 - 18.12.2017 03:00","1867","1865"
"18.12.2017 03:00 - 18.12.2017 04:00","1887","1863"
"18.12.2017 04:00 - 18.12.2017 05:00","1932","1936"
"18.12.2017 05:00 - 18.12.2017 06:00","2153","2217"
"18.12.2017 06:00 - 18.12.2017 07:00","2624","2629"
"18.12.2017 07:00 - 18.12.2017 08:00","3063","3024"
"18.12.2017 08:00 - 18.12.2017 09:00","3154","3136"
"18.12.2017 09:00 - 18.12.2017 10:00","3106","3121"
"18.12.2017 10:00 - 18.12.2017 11:00","3166","3169"
"18.12.2017 11:00 - 18.12.2017 12:00","3159","3179"
"18.12.2017 12:00 - 18.12.2017 13:00","3075","3112"
"18.12.2017 13:00 - 18.12.2017 14:00","3139","3142"
"18.12.2017 14:00 - 18.12.2017 15:00","3107","3100"
"18.12.2017 15:00 - 18.12.2017 16:00","3037","3006"
"18.12.2017 16:00 - 18.12.2017 17:00","3102","3078"
"18.12.2017 17:00 - 18.12.2017 18:00","3228","3203"
"18.12.2017 18:00 - 18.12.2017 19:00","3074","3077"
"18.12.2017 19:00 - 18.12.2017 20:00","2876","2889"
"18.12.2017 20:00 - 18.12.2017 21:00","2697","2714"
"18.12.2017 21:00 - 18.12.2017 22:00","2518","2532"
"18.12.2017 22:00 - 18.12.2017 23:00","2375","2328"
"18.12.2017 23:00 - 19.12.2017 00:00","2239","2141"
"19.12.2017 00:00 - 19.12.2017 01:00","2019","2004"
"19.12.2017 01:00 - 19.12.2017 02:00","1921","1938"
"19.12.2017 02:00 - 19.12.2017 03:00","1902","1922"
"19.12.2017 03:00 - 19.12.2017 04:00","1946","1935"
"19.12.2017 04:00 - 19.12.2017 05:00","1986","1984"
"19.12.2017 05:00 - 19.12.2017 06:00","2176","2163"
"19.12.2017 06:00 - 19.12.2017 07:00","2582","2585"
"19.12.2017 07:00 - 19.12.2017 08:00","3007","3003"
"19.12.2017 08:00 - 19.12.2017 09:00","3140","3131"
"19.12.2017 09:00 - 19.12.2017 10:00","3086","3090"
"19.12.2017 10:00 - 19.12.2017 11:00","3134","3129"
"19.12.2017 11:00 - 19.12.2017 12:00","3094","3065"
"19.12.2017 12:00 - 19.12.2017 13:00","2993","3015"
"19.12.2017 13:00 - 19.12.2017 14:00","3039","3033"
"19.12.2017 14:00 - 19.12.2017 15:00","2995","2987"
"19.12.2017 15:00 - 19.12.2017 16:00","2950","2923"
"19.12.2017 16:00 - 19.12.2017 17:00","3032","3019"
"19.12.2017 17:00 - 19.12.2017 18:00","3152","3138"
"19.12.2017 18:00 - 19.12.2017 19:00","3003","3004"
"19.12.2017 19:00 - 19.12.2017 20:00","2832","2860"
"19.12.2017 20:00 - 19.12.2017 21:00","2733","2677"
"19.12.2017 21:00 - 19.12.2017 22:00","2545","2498"
"19.12.2017 22:00 - 19.12.2017 23:00","2335","2305"
"19.12.2017 23:00 - 20.12.2017 00:00","2167","2104"
"20.12.2017 00:00 - 20.12.2017 01:00","1968","1976"
"20.12.2017 01:00 - 20.12.2017 02:00","1894","1915"
"20.12.2017 02:00 - 20.12.2017 03:00","1879","1882"
"20.12.2017 03:00 - 20.12.2017 04:00","1883","1882"
"20.12.2017 04:00 - 20.12.2017 05:00","1951","1938"
"20.12.2017 05:00 - 20.12.2017 06:00","2093","2091"
"20.12.2017 06:00 - 20.12.2017 07:00","2495","2497"
"20.12.2017 07:00 - 20.12.2017 08:00","2920","2883"
"20.12.2017 08:00 - 20.12.2017 09:00","3075","3059"
"20.12.2017 09:00 - 20.12.2017 10:00","3035","3019"
"20.12.2017 10:00 - 20.12.2017 11:00","3074","3070"
"20.12.2017 11:00 - 20.12.2017 12:00","3048","3034"
"20.12.2017 12:00 - 20.12.2017 13:00","2992","2971"
"20.12.2017 13:00 - 20.12.2017 14:00","3014","2972"
"20.12.2017 14:00 - 20.12.2017 15:00","2947","2899"
"20.12.2017 15:00 - 20.12.2017 16:00","2848","2834"
"20.12.2017 16:00 - 20.12.2017 17:00","2933","2912"
"20.12.2017 17:00 - 20.12.2017 18:00","3047","3017"
"20.12.2017 18:00 - 20.12.2017 19:00","2910","2911"
"20.12.2017 19:00 - 20.12.2017 20:00","2746","2765"
"20.12.2017 20:00 - 20.12.2017 21:00","2627","2613"
"20.12.2017 21:00 - 20.12.2017 22:00","2458","2426"
"20.12.2017 22:00 - 20.12.2017 23:00","2265","2244"
"20.12.2017 23:00 - 21.12.2017 00:00","2088","2029"
"21.12.2017 00:00 - 21.12.2017 01:00","1863","1854"
"21.12.2017 01:00 - 21.12.2017 02:00","1774","1786"
"21.12.2017 02:00 - 21.12.2017 03:00","1769","1753"
"21.12.2017 03:00 - 21.12.2017 04:00","1764","1747"
"21.12.2017 04:00 - 21.12.2017 05:00","1810","1789"
"21.12.2017 05:00 - 21.12.2017 06:00","1966","1967"
"21.12.2017 06:00 - 21.12.2017 07:00","2368","2350"
"21.12.2017 07:00 - 21.12.2017 08:00","2794","2757"
"21.12.2017 08:00 - 21.12.2017 09:00","2941","2937"
"21.12.2017 09:00 - 21.12.2017 10:00","2973","2897"
"21.12.2017 10:00 - 21.12.2017 11:00","2937","2906"
"21.12.2017 11:00 - 21.12.2017 12:00","2882","2876"
"21.12.2017 12:00 - 21.12.2017 13:00","2845","2832"
"21.12.2017 13:00 - 21.12.2017 14:00","2846","2838"
"21.12.2017 14:00 - 21.12.2017 15:00","2773","2743"
"21.12.2017 15:00 - 21.12.2017 16:00","2707","2663"
"21.12.2017 16:00 - 21.12.2017 17:00","2778","2789"
"21.12.2017 17:00 - 21.12.2017 18:00","2940","2923"
"21.12.2017 18:00 - 21.12.2017 19:00","2830","2862"
"21.12.2017 19:00 - 21.12.2017 20:00","2682","2698"
"21.12.2017 20:00 - 21.12.2017 21:00","2507","2487"
"21.12.2017 21:00 - 21.12.2017 22:00","2347","2381"
"21.12.2017 22:00 - 21.12.2017 23:00","2167","2145"
"21.12.2017 23:00 - 22.12.2017 00:00","1969","2013"
"22.12.2017 00:00 - 22.12.2017 01:00","1817","1796"
"22.12.2017 01:00 - 22.12.2017 02:00","1729","1740"
"22.12.2017 02:00 - 22.12.2017 03:00","1701","1691"
"22.12.2017 03:00 - 22.12.2017 04:00","1676","1681"
"22.12.2017 04:00 - 22.12.2017 05:00","1704","1712"
"22.12.2017 05:00 - 22.12.2017 06:00","1854","1872"
"22.12.2017 06:00 - 22.12.2017 07:00","2220","2205"
"22.12.2017 07:00 - 22.12.2017 08:00","2664","2597"
"22.12.2017 08:00 - 22.12.2017 09:00","2801","2801"
"22.12.2017 09:00 - 22.12.2017 10:00","2811","2781"
"22.12.2017 10:00 - 22.12.2017 11:00","2792","2803"
"22.12.2017 11:00 - 22.12.2017 12:00","2741","2742"
"22.12.2017 12:00 - 22.12.2017 13:00","2643","2588"
"22.12.2017 13:00 - 22.12.2017 14:00","2582","2538"
"22.12.2017 14:00 - 22.12.2017 15:00","2525","2489"
"22.12.2017 15:00 - 22.12.2017 16:00","2503","2509"
"22.12.2017 16:00 - 22.12.2017 17:00","2663","2654"
"22.12.2017 17:00 - 22.12.2017 18:00","2798","2786"
"22.12.2017 18:00 - 22.12.2017 19:00","2702","2673"
"22.12.2017 19:00 - 22.12.2017 20:00","2460","2449"
"22.12.2017 20:00 - 22.12.2017 21:00","2252","2278"
"22.12.2017 21:00 - 22.12.2017 22:00","2132","2172"
"22.12.2017 22:00 - 22.12.2017 23:00","1960","2021"
"22.12.2017 23:00 - 23.12.2017 00:00","1804","1846"
"23.12.2017 00:00 - 23.12.2017 01:00","1722","1729"
"23.12.2017 01:00 - 23.12.2017 02:00","1640","1653"
"23.12.2017 02:00 - 23.12.2017 03:00","1592","1596"
"23.12.2017 03:00 - 23.12.2017 04:00","1585","1592"
"23.12.2017 04:00 - 23.12.2017 05:00","1605","1611"
"23.12.2017 05:00 - 23.12.2017 06:00","1653","1645"
"23.12.2017 06:00 - 23.12.2017 07:00","1764","1744"
"23.12.2017 07:00 - 23.12.2017 08:00","1915","1923"
"23.12.2017 08:00 - 23.12.2017 09:00","2106","2151"
"23.12.2017 09:00 - 23.12.2017 10:00","2206","2285"
"23.12.2017 10:00 - 23.12.2017 11:00","2301","2353"
"23.12.2017 11:00 - 23.12.2017 12:00","2358","2351"
"23.12.2017 12:00 - 23.12.2017 13:00","2309","2310"
"23.12.2017 13:00 - 23.12.2017 14:00","2263","2263"
"23.12.2017 14:00 - 23.12.2017 15:00","2241","2258"
"23.12.2017 15:00 - 23.12.2017 16:00","2288","2286"
"23.12.2017 16:00 - 23.12.2017 17:00","2401","2432"
"23.12.2017 17:00 - 23.12.2017 18:00","2553","2530"
"23.12.2017 18:00 - 23.12.2017 19:00","2457","2480"
"23.12.2017 19:00 - 23.12.2017 20:00","2310","2311"
"23.12.2017 20:00 - 23.12.2017 21:00","2164","2142"
"23.12.2017 21:00 - 23.12.2017 22:00","2026","1988"
"23.12.2017 22:00 - 23.12.2017 23:00","1867","1854"
"23.12.2017 23:00 - 24.12.2017 00:00","1762","1723"
"24.12.2017 00:00 - 24.12.2017 01:00","1626","1612"
"24.12.2017 01:00 - 24.12.2017 02:00","1539","1534"
"24.12.2017 02:00 - 24.12.2017 03:00","1482","1468"
"24.12.2017 03:00 - 24.12.2017 04:00","1477","1462"
"24.12.2017 04:00 - 24.12.2017 05:00","1471","1440"
"24.12.2017 05:00 - 24.12.2017 06:00","1499","1486"
"24.12.2017 06:00 - 24.12.2017 07:00","1594","1573"
"24.12.2017 07:00 - 24.12.2017 08:00","1769","1753"
"24.12.2017 08:00 - 24.12.2017 09:00","2006","2029"
"24.12.2017 09:00 - 24.12.2017 10:00","2137","2158"
"24.12.2017 10:00 - 24.12.2017 11:00","2183","2215"
"24.12.2017 11:00 - 24.12.2017 12:00","2237","2262"
"24.12.2017 12:00 - 24.12.2017 13:00","2227","2247"
"24.12.2017 13:00 - 24.12.2017 14:00","2248","2221"
"24.12.2017 14:00 - 24.12.2017 15:00","2267","2315"
"24.12.2017 15:00 - 24.12.2017 16:00","2385","2379"
"24.12.2017 16:00 - 24.12.2017 17:00","2549","2489"
"24.12.2017 17:00 - 24.12.2017 18:00","2614","2565"
"24.12.2017 18:00 - 24.12.2017 19:00","2116","2142"
"24.12.2017 19:00 - 24.12.2017 20:00","1940","2014"
"24.12.2017 20:00 - 24.12.2017 21:00","1908","1898"
"24.12.2017 21:00 - 24.12.2017 22:00","1833","1811"
"24.12.2017 22:00 - 24.12.2017 23:00","1742","1732"
"24.12.2017 23:00 - 25.12.2017 00:00","1656","1704"
"25.12.2017 00:00 - 25.12.2017 01:00","1652","1649"
"25.12.2017 01:00 - 25.12.2017 02:00","1579","1552"
"25.12.2017 02:00 - 25.12.2017 03:00","1522","1495"
"25.12.2017 03:00 - 25.12.2017 04:00","1467","1523"
"25.12.2017 04:00 - 25.12.2017 05:00","1494","1525"
"25.12.2017 05:00 - 25.12.2017 06:00","1555","1544"
"25.12.2017 06:00 - 25.12.2017 07:00","1624","1614"
"25.12.2017 07:00 - 25.12.2017 08:00","1693","1688"
"25.12.2017 08:00 - 25.12.2017 09:00","1833","1838"
"25.12.2017 09:00 - 25.12.2017 10:00","1938","1901"
"25.12.2017 10:00 - 25.12.2017 11:00","1980","1982"
"25.12.2017 11:00 - 25.12.2017 12:00","2032","2027"
"25.12.2017 12:00 - 25.12.2017 13:00","2001","2009"
"25.12.2017 13:00 - 25.12.2017 14:00","1960","1967"
"25.12.2017 14:00 - 25.12.2017 15:00","1969","1955"
"25.12.2017 15:00 - 25.12.2017 16:00","1966","1949"
"25.12.2017 16:00 - 25.12.2017 17:00","2089","2060"
"25.12.2017 17:00 - 25.12.2017 18:00","2211","2179"
"25.12.2017 18:00 - 25.12.2017 19:00","2150","2114"
"25.12.2017 19:00 - 25.12.2017 20:00","2010","2027"
"25.12.2017 20:00 - 25.12.2017 21:00","1929","1963"
"25.12.2017 21:00 - 25.12.2017 22:00","1864","1872"
"25.12.2017 22:00 - 25.12.2017 23:00","1731","1766"
"25.12.2017 23:00 - 26.12.2017 00:00","1606","1710"
"26.12.2017 00:00 - 26.12.2017 01:00","1617","1581"
"26.12.2017 01:00 - 26.12.2017 02:00","1519","1541"
"26.12.2017 02:00 - 26.12.2017 03:00","1522","1542"
"26.12.2017 03:00 - 26.12.2017 04:00","1563","1573"
"26.12.2017 04:00 - 26.12.2017 05:00","1586","1600"
"26.12.2017 05:00 - 26.12.2017 06:00","1643","1659"
"26.12.2017 06:00 - 26.12.2017 07:00","1749","1774"
"26.12.2017 07:00 - 26.12.2017 08:00","1897","1887"
"26.12.2017 08:00 - 26.12.2017 09:00","2031","2035"
"26.12.2017 09:00 - 26.12.2017 10:00","2128","2127"
"26.12.2017 10:00 - 26.12.2017 11:00","2202","2221"
"26.12.2017 11:00 - 26.12.2017 12:00","2235","2238"
"26.12.2017 12:00 - 26.12.2017 13:00","2223","2255"
"26.12.2017 13:00 - 26.12.2017 14:00","2183","2178"
"26.12.2017 14:00 - 26.12.2017 15:00","2170","2189"
"26.12.2017 15:00 - 26.12.2017 16:00","2149","2113"
"26.12.2017 16:00 - 26.12.2017 17:00","2230","2183"
"26.12.2017 17:00 - 26.12.2017 18:00","2306","2288"
"26.12.2017 18:00 - 26.12.2017 19:00","2273","2254"
"26.12.2017 19:00 - 26.12.2017 20:00","2173","2166"
"26.12.2017 20:00 - 26.12.2017 21:00","2069","2064"
"26.12.2017 21:00 - 26.12.2017 22:00","1989","1983"
"26.12.2017 22:00 - 26.12.2017 23:00","1912","1877"
"26.12.2017 23:00 - 27.12.2017 00:00","1825","1760"
"27.12.2017 00:00 - 27.12.2017 01:00","1646","1634"
"27.12.2017 01:00 - 27.12.2017 02:00","1579","1583"
"27.12.2017 02:00 - 27.12.2017 03:00","1564","1575"
"27.12.2017 03:00 - 27.12.2017 04:00","1584","1610"
"27.12.2017 04:00 - 27.12.2017 05:00","1652","1661"
"27.12.2017 05:00 - 27.12.2017 06:00","1742","1749"
"27.12.2017 06:00 - 27.12.2017 07:00","1934","1939"
"27.12.2017 07:00 - 27.12.2017 08:00","2188","2161"
"27.12.2017 08:00 - 27.12.2017 09:00","2374","2375"
"27.12.2017 09:00 - 27.12.2017 10:00","2492","2505"
"27.12.2017 10:00 - 27.12.2017 11:00","2580","2597"
"27.12.2017 11:00 - 27.12.2017 12:00","2591","2606"
"27.12.2017 12:00 - 27.12.2017 13:00","2555","2549"
"27.12.2017 13:00 - 27.12.2017 14:00","2506","2511"
"27.12.2017 14:00 - 27.12.2017 15:00","2509","2536"
"27.12.2017 15:00 - 27.12.2017 16:00","2545","2554"
"27.12.2017 16:00 - 27.12.2017 17:00","2660","2639"
"27.12.2017 17:00 - 27.12.2017 18:00","2796","2794"
"27.12.2017 18:00 - 27.12.2017 19:00","2703","2708"
"27.12.2017 19:00 - 27.12.2017 20:00","2525","2541"
"27.12.2017 20:00 - 27.12.2017 21:00","2339","2384"
"27.12.2017 21:00 - 27.12.2017 22:00","2232","2239"
"27.12.2017 22:00 - 27.12.2017 23:00","2050","2079"
"27.12.2017 23:00 - 28.12.2017 00:00","1879","1924"
"28.12.2017 00:00 - 28.12.2017 01:00","1792","1791"
"28.12.2017 01:00 - 28.12.2017 02:00","1702","1693"
"28.12.2017 02:00 - 28.12.2017 03:00","1664","1656"
"28.12.2017 03:00 - 28.12.2017 04:00","1659","1664"
"28.12.2017 04:00 - 28.12.2017 05:00","1705","1707"
"28.12.2017 05:00 - 28.12.2017 06:00","1801","1801"
"28.12.2017 06:00 - 28.12.2017 07:00","2012","2006"
"28.12.2017 07:00 - 28.12.2017 08:00","2276","2283"
"28.12.2017 08:00 - 28.12.2017 09:00","2512","2497"
"28.12.2017 09:00 - 28.12.2017 10:00","2576","2580"
"28.12.2017 10:00 - 28.12.2017 11:00","2622","2619"
"28.12.2017 11:00 - 28.12.2017 12:00","2588","2566"
"28.12.2017 12:00 - 28.12.2017 13:00","2522","2499"
"28.12.2017 13:00 - 28.12.2017 14:00","2518","2528"
"28.12.2017 14:00 - 28.12.2017 15:00","2497","2499"
"28.12.2017 15:00 - 28.12.2017 16:00","2523","2528"
"28.12.2017 16:00 - 28.12.2017 17:00","2658","2662"
"28.12.2017 17:00 - 28.12.2017 18:00","2827","2823"
"28.12.2017 18:00 - 28.12.2017 19:00","2715","2694"
"28.12.2017 19:00 - 28.12.2017 20:00","2507","2504"
"28.12.2017 20:00 - 28.12.2017 21:00","2330","2348"
"28.12.2017 21:00 - 28.12.2017 22:00","2216","2209"
"28.12.2017 22:00 - 28.12.2017 23:00","2038","2054"
"28.12.2017 23:00 - 29.12.2017 00:00","1876","1904"
"29.12.2017 00:00 - 29.12.2017 01:00","1790","1807"
"29.12.2017 01:00 - 29.12.2017 02:00","1716","1716"
"29.12.2017 02:00 - 29.12.2017 03:00","1692","1691"
"29.12.2017 03:00 - 29.12.2017 04:00","1682","1682"
"29.12.2017 04:00 - 29.12.2017 05:00","1701","1708"
"29.12.2017 05:00 - 29.12.2017 06:00","1794","1763"
"29.12.2017 06:00 - 29.12.2017 07:00","1995","1963"
"29.12.2017 07:00 - 29.12.2017 08:00","2244","2227"
"29.12.2017 08:00 - 29.12.2017 09:00","2434","2410"
"29.12.2017 09:00 - 29.12.2017 10:00","2491","2468"
"29.12.2017 10:00 - 29.12.2017 11:00","2542","2522"
"29.12.2017 11:00 - 29.12.2017 12:00","2499","2465"
"29.12.2017 12:00 - 29.12.2017 13:00","2403","2378"
"29.12.2017 13:00 - 29.12.2017 14:00","2358","2353"
"29.12.2017 14:00 - 29.12.2017 15:00","2364","2361"
"29.12.2017 15:00 - 29.12.2017 16:00","2368","2368"
"29.12.2017 16:00 - 29.12.2017 17:00","2502","2563"
"29.12.2017 17:00 - 29.12.2017 18:00","2725","2751"
"29.12.2017 18:00 - 29.12.2017 19:00","2651","2649"
"29.12.2017 19:00 - 29.12.2017 20:00","2493","2479"
"29.12.2017 20:00 - 29.12.2017 21:00","2321","2326"
"29.12.2017 21:00 - 29.12.2017 22:00","2191","2198"
"29.12.2017 22:00 - 29.12.2017 23:00","2024","2047"
"29.12.2017 23:00 - 30.12.2017 00:00","1855","1939"
"30.12.2017 00:00 - 30.12.2017 01:00","1792","1829"
"30.12.2017 01:00 - 30.12.2017 02:00","1721","1756"
"30.12.2017 02:00 - 30.12.2017 03:00","1667","1698"
"30.12.2017 03:00 - 30.12.2017 04:00","1652","1680"
"30.12.2017 04:00 - 30.12.2017 05:00","1674","1703"
"30.12.2017 05:00 - 30.12.2017 06:00","1784","1745"
"30.12.2017 06:00 - 30.12.2017 07:00","1858","1832"
"30.12.2017 07:00 - 30.12.2017 08:00","2025","1999"
"30.12.2017 08:00 - 30.12.2017 09:00","2181","2170"
"30.12.2017 09:00 - 30.12.2017 10:00","2302","2299"
"30.12.2017 10:00 - 30.12.2017 11:00","2400","2393"
"30.12.2017 11:00 - 30.12.2017 12:00","2392","2375"
"30.12.2017 12:00 - 30.12.2017 13:00","2326","2364"
"30.12.2017 13:00 - 30.12.2017 14:00","2388","2379"
"30.12.2017 14:00 - 30.12.2017 15:00","2368","2380"
"30.12.2017 15:00 - 30.12.2017 16:00","2405","2420"
"30.12.2017 16:00 - 30.12.2017 17:00","2588","2561"
"30.12.2017 17:00 - 30.12.2017 18:00","2749","2737"
"30.12.2017 18:00 - 30.12.2017 19:00","2704","2721"
"30.12.2017 19:00 - 30.12.2017 20:00","2533","2552"
"30.12.2017 20:00 - 30.12.2017 21:00","2415","2411"
"30.12.2017 21:00 - 30.12.2017 22:00","2257","2253"
"30.12.2017 22:00 - 30.12.2017 23:00","2211","2109"
"30.12.2017 23:00 - 31.12.2017 00:00","2095","1950"
"31.12.2017 00:00 - 31.12.2017 01:00","1782","1757"
"31.12.2017 01:00 - 31.12.2017 02:00","1648","1676"
"31.12.2017 02:00 - 31.12.2017 03:00","1618","1646"
"31.12.2017 03:00 - 31.12.2017 04:00","1622","1616"
"31.12.2017 04:00 - 31.12.2017 05:00","1632","1623"
"31.12.2017 05:00 - 31.12.2017 06:00","1663","1651"
"31.12.2017 06:00 - 31.12.2017 07:00","1761","1729"
"31.12.2017 07:00 - 31.12.2017 08:00","1899","1874"
"31.12.2017 08:00 - 31.12.2017 09:00","2053","2033"
"31.12.2017 09:00 - 31.12.2017 10:00","2183","2185"
"31.12.2017 10:00 - 31.12.2017 11:00","2274","2297"
"31.12.2017 11:00 - 31.12.2017 12:00","2296","2296"
"31.12.2017 12:00 - 31.12.2017 13:00","2286","2283"
"31.12.2017 13:00 - 31.12.2017 14:00","2261","2262"
"31.12.2017 14:00 - 31.12.2017 15:00","2218","2238"
"31.12.2017 15:00 - 31.12.2017 16:00","2316","2299"
"31.12.2017 16:00 - 31.12.2017 17:00","2480","2462"
"31.12.2017 17:00 - 31.12.2017 18:00","2599","2608"
"31.12.2017 18:00 - 31.12.2017 19:00","2455","2494"
"31.12.2017 19:00 - 31.12.2017 20:00","2248","2273"
"31.12.2017 20:00 - 31.12.2017 21:00","2127","2121"
"31.12.2017 21:00 - 31.12.2017 22:00","2053","2055"
"31.12.2017 22:00 - 31.12.2017 23:00","1959","1992"
"31.12.2017 23:00 - 01.01.2018 00:00","1881","1923"
