Time (CET/CEST),Day-ahead Total Load Forecast [MW] - BZN|DK1,Actual Total Load [MW] - BZN|DK1
01.01.2019 00:00 - 01.01.2019 01:00,1857,1898
01.01.2019 01:00 - 01.01.2019 02:00,1819,1838
01.01.2019 02:00 - 01.01.2019 03:00,1755,1779
01.01.2019 03:00 - 01.01.2019 04:00,1709,1726
01.01.2019 04:00 - 01.01.2019 05:00,1685,1710
01.01.2019 05:00 - 01.01.2019 06:00,1706,1716
01.01.2019 06:00 - 01.01.2019 07:00,1726,1765
01.01.2019 07:00 - 01.01.2019 08:00,1777,1820
01.01.2019 08:00 - 01.01.2019 09:00,1901,1883
01.01.2019 09:00 - 01.01.2019 10:00,1979,1943
01.01.2019 10:00 - 01.01.2019 11:00,2062,2043
01.01.2019 11:00 - 01.01.2019 12:00,2132,2101
01.01.2019 12:00 - 01.01.2019 13:00,2143,2151
01.01.2019 13:00 - 01.01.2019 14:00,2133,2174
01.01.2019 14:00 - 01.01.2019 15:00,2201,2189
01.01.2019 15:00 - 01.01.2019 16:00,2197,2135
01.01.2019 16:00 - 01.01.2019 17:00,2341,2414
01.01.2019 17:00 - 01.01.2019 18:00,2576,2512
01.01.2019 18:00 - 01.01.2019 19:00,2469,2526
01.01.2019 19:00 - 01.01.2019 20:00,2367,2412
01.01.2019 20:00 - 01.01.2019 21:00,2267,2300
01.01.2019 21:00 - 01.01.2019 22:00,2179,2145
01.01.2019 22:00 - 01.01.2019 23:00,2054,2012
01.01.2019 23:00 - 02.01.2019 00:00,1980,1854
02.01.2019 00:00 - 02.01.2019 01:00,1788,1748
02.01.2019 01:00 - 02.01.2019 02:00,1716,1694
02.01.2019 02:00 - 02.01.2019 03:00,1714,1658
02.01.2019 03:00 - 02.01.2019 04:00,1713,1673
02.01.2019 04:00 - 02.01.2019 05:00,1806,1739
02.01.2019 05:00 - 02.01.2019 06:00,1907,1853
02.01.2019 06:00 - 02.01.2019 07:00,2272,2207
02.01.2019 07:00 - 02.01.2019 08:00,2641,2533
02.01.2019 08:00 - 02.01.2019 09:00,2710,2736
02.01.2019 09:00 - 02.01.2019 10:00,2798,2797
02.01.2019 10:00 - 02.01.2019 11:00,2827,2763
02.01.2019 11:00 - 02.01.2019 12:00,2803,2770
02.01.2019 12:00 - 02.01.2019 13:00,2722,2656
02.01.2019 13:00 - 02.01.2019 14:00,2639,2665
02.01.2019 14:00 - 02.01.2019 15:00,2633,2620
02.01.2019 15:00 - 02.01.2019 16:00,2584,2624
02.01.2019 16:00 - 02.01.2019 17:00,2763,2764
02.01.2019 17:00 - 02.01.2019 18:00,3004,3045
02.01.2019 18:00 - 02.01.2019 19:00,2911,2938
02.01.2019 19:00 - 02.01.2019 20:00,2712,2731
02.01.2019 20:00 - 02.01.2019 21:00,2486,2537
02.01.2019 21:00 - 02.01.2019 22:00,2333,2369
02.01.2019 22:00 - 02.01.2019 23:00,2164,2200
02.01.2019 23:00 - 03.01.2019 00:00,2019,2054
03.01.2019 00:00 - 03.01.2019 01:00,1958,1977
03.01.2019 01:00 - 03.01.2019 02:00,1908,1910
03.01.2019 02:00 - 03.01.2019 03:00,1903,1909
03.01.2019 03:00 - 03.01.2019 04:00,1925,1934
03.01.2019 04:00 - 03.01.2019 05:00,2013,1987
03.01.2019 05:00 - 03.01.2019 06:00,2139,2099
03.01.2019 06:00 - 03.01.2019 07:00,2452,2439
03.01.2019 07:00 - 03.01.2019 08:00,2864,2858
03.01.2019 08:00 - 03.01.2019 09:00,3036,3003
03.01.2019 09:00 - 03.01.2019 10:00,2999,2975
03.01.2019 10:00 - 03.01.2019 11:00,3005,2985
03.01.2019 11:00 - 03.01.2019 12:00,2979,2971
03.01.2019 12:00 - 03.01.2019 13:00,2912,2908
03.01.2019 13:00 - 03.01.2019 14:00,2890,2923
03.01.2019 14:00 - 03.01.2019 15:00,2867,2871
03.01.2019 15:00 - 03.01.2019 16:00,2805,2831
03.01.2019 16:00 - 03.01.2019 17:00,2935,2964
03.01.2019 17:00 - 03.01.2019 18:00,3158,3216
03.01.2019 18:00 - 03.01.2019 19:00,3064,3055
03.01.2019 19:00 - 03.01.2019 20:00,2856,2844
03.01.2019 20:00 - 03.01.2019 21:00,2655,2647
03.01.2019 21:00 - 03.01.2019 22:00,2470,2475
03.01.2019 22:00 - 03.01.2019 23:00,2280,2303
03.01.2019 23:00 - 04.01.2019 00:00,2115,2103
04.01.2019 00:00 - 04.01.2019 01:00,1972,2004
04.01.2019 01:00 - 04.01.2019 02:00,1929,1950
04.01.2019 02:00 - 04.01.2019 03:00,1896,1901
04.01.2019 03:00 - 04.01.2019 04:00,1905,1940
04.01.2019 04:00 - 04.01.2019 05:00,1980,1992
04.01.2019 05:00 - 04.01.2019 06:00,2140,2156
04.01.2019 06:00 - 04.01.2019 07:00,2533,2459
04.01.2019 07:00 - 04.01.2019 08:00,2884,2868
04.01.2019 08:00 - 04.01.2019 09:00,3007,3018
04.01.2019 09:00 - 04.01.2019 10:00,2974,3002
04.01.2019 10:00 - 04.01.2019 11:00,3034,3049
04.01.2019 11:00 - 04.01.2019 12:00,3009,2994
04.01.2019 12:00 - 04.01.2019 13:00,2859,2849
04.01.2019 13:00 - 04.01.2019 14:00,2774,2829
04.01.2019 14:00 - 04.01.2019 15:00,2757,2736
04.01.2019 15:00 - 04.01.2019 16:00,2673,2692
04.01.2019 16:00 - 04.01.2019 17:00,2821,2824
04.01.2019 17:00 - 04.01.2019 18:00,3006,3001
04.01.2019 18:00 - 04.01.2019 19:00,2876,2871
04.01.2019 19:00 - 04.01.2019 20:00,2625,2635
04.01.2019 20:00 - 04.01.2019 21:00,2447,2466
04.01.2019 21:00 - 04.01.2019 22:00,2290,2283
04.01.2019 22:00 - 04.01.2019 23:00,2110,2174
04.01.2019 23:00 - 05.01.2019 00:00,1970,2032
05.01.2019 00:00 - 05.01.2019 01:00,1912,1935
05.01.2019 01:00 - 05.01.2019 02:00,1792,1816
05.01.2019 02:00 - 05.01.2019 03:00,1749,1789
05.01.2019 03:00 - 05.01.2019 04:00,1773,1858
05.01.2019 04:00 - 05.01.2019 05:00,1830,1808
05.01.2019 05:00 - 05.01.2019 06:00,1870,1821
05.01.2019 06:00 - 05.01.2019 07:00,1944,1904
05.01.2019 07:00 - 05.01.2019 08:00,2094,2072
05.01.2019 08:00 - 05.01.2019 09:00,2275,2240
05.01.2019 09:00 - 05.01.2019 10:00,2363,2307
05.01.2019 10:00 - 05.01.2019 11:00,2396,2339
05.01.2019 11:00 - 05.01.2019 12:00,2336,2299
05.01.2019 12:00 - 05.01.2019 13:00,2251,2236
05.01.2019 13:00 - 05.01.2019 14:00,2251,2218
05.01.2019 14:00 - 05.01.2019 15:00,2229,2235
05.01.2019 15:00 - 05.01.2019 16:00,2257,2269
05.01.2019 16:00 - 05.01.2019 17:00,2450,2452
05.01.2019 17:00 - 05.01.2019 18:00,2711,2729
05.01.2019 18:00 - 05.01.2019 19:00,2643,2649
05.01.2019 19:00 - 05.01.2019 20:00,2428,2447
05.01.2019 20:00 - 05.01.2019 21:00,2293,2293
05.01.2019 21:00 - 05.01.2019 22:00,2185,2165
05.01.2019 22:00 - 05.01.2019 23:00,2092,2006
05.01.2019 23:00 - 06.01.2019 00:00,1979,1898
06.01.2019 00:00 - 06.01.2019 01:00,1767,1823
06.01.2019 01:00 - 06.01.2019 02:00,1717,1766
06.01.2019 02:00 - 06.01.2019 03:00,1723,1741
06.01.2019 03:00 - 06.01.2019 04:00,1718,1729
06.01.2019 04:00 - 06.01.2019 05:00,1739,1747
06.01.2019 05:00 - 06.01.2019 06:00,1772,1765
06.01.2019 06:00 - 06.01.2019 07:00,1862,1814
06.01.2019 07:00 - 06.01.2019 08:00,1979,1961
06.01.2019 08:00 - 06.01.2019 09:00,2138,2136
06.01.2019 09:00 - 06.01.2019 10:00,2228,2264
06.01.2019 10:00 - 06.01.2019 11:00,2354,2343
06.01.2019 11:00 - 06.01.2019 12:00,2355,2366
06.01.2019 12:00 - 06.01.2019 13:00,2310,2337
06.01.2019 13:00 - 06.01.2019 14:00,2309,2320
06.01.2019 14:00 - 06.01.2019 15:00,2319,2316
06.01.2019 15:00 - 06.01.2019 16:00,2348,2347
06.01.2019 16:00 - 06.01.2019 17:00,2531,2520
06.01.2019 17:00 - 06.01.2019 18:00,2768,2780
06.01.2019 18:00 - 06.01.2019 19:00,2702,2710
06.01.2019 19:00 - 06.01.2019 20:00,2522,2496
06.01.2019 20:00 - 06.01.2019 21:00,2305,2289
06.01.2019 21:00 - 06.01.2019 22:00,2165,2201
06.01.2019 22:00 - 06.01.2019 23:00,2081,2053
06.01.2019 23:00 - 07.01.2019 00:00,1984,1888
07.01.2019 00:00 - 07.01.2019 01:00,1822,1826
07.01.2019 01:00 - 07.01.2019 02:00,1779,1813
07.01.2019 02:00 - 07.01.2019 03:00,1799,1789
07.01.2019 03:00 - 07.01.2019 04:00,1818,1810
07.01.2019 04:00 - 07.01.2019 05:00,1868,1850
07.01.2019 05:00 - 07.01.2019 06:00,2014,2005
07.01.2019 06:00 - 07.01.2019 07:00,2388,2364
07.01.2019 07:00 - 07.01.2019 08:00,2874,2861
07.01.2019 08:00 - 07.01.2019 09:00,3017,3014
07.01.2019 09:00 - 07.01.2019 10:00,2998,2979
07.01.2019 10:00 - 07.01.2019 11:00,3036,2999
07.01.2019 11:00 - 07.01.2019 12:00,2969,2973
07.01.2019 12:00 - 07.01.2019 13:00,2889,2929
07.01.2019 13:00 - 07.01.2019 14:00,2922,2968
07.01.2019 14:00 - 07.01.2019 15:00,2892,2926
07.01.2019 15:00 - 07.01.2019 16:00,2872,2847
07.01.2019 16:00 - 07.01.2019 17:00,2972,2944
07.01.2019 17:00 - 07.01.2019 18:00,3129,3140
07.01.2019 18:00 - 07.01.2019 19:00,3018,3004
07.01.2019 19:00 - 07.01.2019 20:00,2828,2796
07.01.2019 20:00 - 07.01.2019 21:00,2608,2626
07.01.2019 21:00 - 07.01.2019 22:00,2455,2510
07.01.2019 22:00 - 07.01.2019 23:00,2323,2331
07.01.2019 23:00 - 08.01.2019 00:00,2185,2097
08.01.2019 00:00 - 08.01.2019 01:00,2062,2107
08.01.2019 01:00 - 08.01.2019 02:00,2031,2058
08.01.2019 02:00 - 08.01.2019 03:00,1937,1922
08.01.2019 03:00 - 08.01.2019 04:00,1943,1949
08.01.2019 04:00 - 08.01.2019 05:00,2016,1996
08.01.2019 05:00 - 08.01.2019 06:00,2142,2140
08.01.2019 06:00 - 08.01.2019 07:00,2509,2477
08.01.2019 07:00 - 08.01.2019 08:00,2876,2869
08.01.2019 08:00 - 08.01.2019 09:00,3028,3009
08.01.2019 09:00 - 08.01.2019 10:00,3004,2990
08.01.2019 10:00 - 08.01.2019 11:00,3022,3009
08.01.2019 11:00 - 08.01.2019 12:00,2989,2973
08.01.2019 12:00 - 08.01.2019 13:00,2916,2925
08.01.2019 13:00 - 08.01.2019 14:00,2955,2975
08.01.2019 14:00 - 08.01.2019 15:00,2942,3003
08.01.2019 15:00 - 08.01.2019 16:00,2935,2915
08.01.2019 16:00 - 08.01.2019 17:00,2983,2950
08.01.2019 17:00 - 08.01.2019 18:00,3182,3178
08.01.2019 18:00 - 08.01.2019 19:00,3029,3021
08.01.2019 19:00 - 08.01.2019 20:00,2881,2908
08.01.2019 20:00 - 08.01.2019 21:00,2700,2703
08.01.2019 21:00 - 08.01.2019 22:00,2532,2585
08.01.2019 22:00 - 08.01.2019 23:00,2390,2451
08.01.2019 23:00 - 09.01.2019 00:00,2245,2277
09.01.2019 00:00 - 09.01.2019 01:00,2172,2188
09.01.2019 01:00 - 09.01.2019 02:00,2090,2110
09.01.2019 02:00 - 09.01.2019 03:00,2035,2072
09.01.2019 03:00 - 09.01.2019 04:00,2078,2070
09.01.2019 04:00 - 09.01.2019 05:00,2086,2029
09.01.2019 05:00 - 09.01.2019 06:00,2223,2258
09.01.2019 06:00 - 09.01.2019 07:00,2587,2548
09.01.2019 07:00 - 09.01.2019 08:00,2939,2936
09.01.2019 08:00 - 09.01.2019 09:00,3084,3073
09.01.2019 09:00 - 09.01.2019 10:00,3049,3033
09.01.2019 10:00 - 09.01.2019 11:00,3058,3053
09.01.2019 11:00 - 09.01.2019 12:00,3017,3002
09.01.2019 12:00 - 09.01.2019 13:00,2933,2931
09.01.2019 13:00 - 09.01.2019 14:00,2939,2945
09.01.2019 14:00 - 09.01.2019 15:00,2883,2909
09.01.2019 15:00 - 09.01.2019 16:00,2837,2827
09.01.2019 16:00 - 09.01.2019 17:00,2915,2924
09.01.2019 17:00 - 09.01.2019 18:00,3145,3149
09.01.2019 18:00 - 09.01.2019 19:00,3008,3014
09.01.2019 19:00 - 09.01.2019 20:00,2857,2850
09.01.2019 20:00 - 09.01.2019 21:00,2677,2641
09.01.2019 21:00 - 09.01.2019 22:00,2500,2491
09.01.2019 22:00 - 09.01.2019 23:00,2367,2285
09.01.2019 23:00 - 10.01.2019 00:00,2235,2129
10.01.2019 00:00 - 10.01.2019 01:00,2038,2069
10.01.2019 01:00 - 10.01.2019 02:00,1988,2019
10.01.2019 02:00 - 10.01.2019 03:00,1967,2002
10.01.2019 03:00 - 10.01.2019 04:00,2016,2007
10.01.2019 04:00 - 10.01.2019 05:00,2079,2073
10.01.2019 05:00 - 10.01.2019 06:00,2194,2210
10.01.2019 06:00 - 10.01.2019 07:00,2569,2582
10.01.2019 07:00 - 10.01.2019 08:00,2991,2991
10.01.2019 08:00 - 10.01.2019 09:00,3141,3134
10.01.2019 09:00 - 10.01.2019 10:00,3095,3107
10.01.2019 10:00 - 10.01.2019 11:00,3135,3149
10.01.2019 11:00 - 10.01.2019 12:00,3147,3133
10.01.2019 12:00 - 10.01.2019 13:00,3042,3051
10.01.2019 13:00 - 10.01.2019 14:00,3073,3079
10.01.2019 14:00 - 10.01.2019 15:00,3025,3029
10.01.2019 15:00 - 10.01.2019 16:00,2953,2959
10.01.2019 16:00 - 10.01.2019 17:00,3043,3058
10.01.2019 17:00 - 10.01.2019 18:00,3236,3244
10.01.2019 18:00 - 10.01.2019 19:00,3081,3095
10.01.2019 19:00 - 10.01.2019 20:00,2911,2878
10.01.2019 20:00 - 10.01.2019 21:00,2713,2675
10.01.2019 21:00 - 10.01.2019 22:00,2521,2517
10.01.2019 22:00 - 10.01.2019 23:00,2369,2303
10.01.2019 23:00 - 11.01.2019 00:00,2223,2095
11.01.2019 00:00 - 11.01.2019 01:00,1999,2013
11.01.2019 01:00 - 11.01.2019 02:00,1962,1994
11.01.2019 02:00 - 11.01.2019 03:00,1982,1963
11.01.2019 03:00 - 11.01.2019 04:00,1955,1959
11.01.2019 04:00 - 11.01.2019 05:00,2017,1996
11.01.2019 05:00 - 11.01.2019 06:00,2119,2094
11.01.2019 06:00 - 11.01.2019 07:00,2501,2515
11.01.2019 07:00 - 11.01.2019 08:00,2919,2893
11.01.2019 08:00 - 11.01.2019 09:00,3052,3056
11.01.2019 09:00 - 11.01.2019 10:00,2978,2971
11.01.2019 10:00 - 11.01.2019 11:00,2986,2978
11.01.2019 11:00 - 11.01.2019 12:00,2920,2918
11.01.2019 12:00 - 11.01.2019 13:00,2820,2821
11.01.2019 13:00 - 11.01.2019 14:00,2709,2680
11.01.2019 14:00 - 11.01.2019 15:00,2584,2599
11.01.2019 15:00 - 11.01.2019 16:00,2557,2623
11.01.2019 16:00 - 11.01.2019 17:00,2732,2763
11.01.2019 17:00 - 11.01.2019 18:00,2973,2978
11.01.2019 18:00 - 11.01.2019 19:00,2877,2849
11.01.2019 19:00 - 11.01.2019 20:00,2653,2628
11.01.2019 20:00 - 11.01.2019 21:00,2449,2445
11.01.2019 21:00 - 11.01.2019 22:00,2272,2294
11.01.2019 22:00 - 11.01.2019 23:00,2127,2170
11.01.2019 23:00 - 12.01.2019 00:00,1992,2020
12.01.2019 00:00 - 12.01.2019 01:00,1909,1940
12.01.2019 01:00 - 12.01.2019 02:00,1840,1857
12.01.2019 02:00 - 12.01.2019 03:00,1798,1823
12.01.2019 03:00 - 12.01.2019 04:00,1800,1822
12.01.2019 04:00 - 12.01.2019 05:00,1831,1825
12.01.2019 05:00 - 12.01.2019 06:00,1846,1850
12.01.2019 06:00 - 12.01.2019 07:00,1964,1952
12.01.2019 07:00 - 12.01.2019 08:00,2157,2159
12.01.2019 08:00 - 12.01.2019 09:00,2360,2337
12.01.2019 09:00 - 12.01.2019 10:00,2416,2395
12.01.2019 10:00 - 12.01.2019 11:00,2454,2468
12.01.2019 11:00 - 12.01.2019 12:00,2490,2514
12.01.2019 12:00 - 12.01.2019 13:00,2466,2525
12.01.2019 13:00 - 12.01.2019 14:00,2449,2453
12.01.2019 14:00 - 12.01.2019 15:00,2436,2455
12.01.2019 15:00 - 12.01.2019 16:00,2457,2450
12.01.2019 16:00 - 12.01.2019 17:00,2572,2589
12.01.2019 17:00 - 12.01.2019 18:00,2828,2833
12.01.2019 18:00 - 12.01.2019 19:00,2710,2673
12.01.2019 19:00 - 12.01.2019 20:00,2478,2464
12.01.2019 20:00 - 12.01.2019 21:00,2325,2314
12.01.2019 21:00 - 12.01.2019 22:00,2137,2176
12.01.2019 22:00 - 12.01.2019 23:00,1999,2134
12.01.2019 23:00 - 13.01.2019 00:00,1885,2012
13.01.2019 00:00 - 13.01.2019 01:00,1888,1891
13.01.2019 01:00 - 13.01.2019 02:00,1784,1784
13.01.2019 02:00 - 13.01.2019 03:00,1736,1749
13.01.2019 03:00 - 13.01.2019 04:00,1730,1753
13.01.2019 04:00 - 13.01.2019 05:00,1763,1791
13.01.2019 05:00 - 13.01.2019 06:00,1893,1889
13.01.2019 06:00 - 13.01.2019 07:00,1887,1876
13.01.2019 07:00 - 13.01.2019 08:00,2054,2049
13.01.2019 08:00 - 13.01.2019 09:00,2246,2247
13.01.2019 09:00 - 13.01.2019 10:00,2342,2356
13.01.2019 10:00 - 13.01.2019 11:00,2447,2478
13.01.2019 11:00 - 13.01.2019 12:00,2485,2499
13.01.2019 12:00 - 13.01.2019 13:00,2476,2490
13.01.2019 13:00 - 13.01.2019 14:00,2457,2459
13.01.2019 14:00 - 13.01.2019 15:00,2417,2414
13.01.2019 15:00 - 13.01.2019 16:00,2452,2457
13.01.2019 16:00 - 13.01.2019 17:00,2594,2595
13.01.2019 17:00 - 13.01.2019 18:00,2861,2816
13.01.2019 18:00 - 13.01.2019 19:00,2742,2745
13.01.2019 19:00 - 13.01.2019 20:00,2583,2591
13.01.2019 20:00 - 13.01.2019 21:00,2443,2464
13.01.2019 21:00 - 13.01.2019 22:00,2340,2339
13.01.2019 22:00 - 13.01.2019 23:00,2193,2197
13.01.2019 23:00 - 14.01.2019 00:00,2075,2068
14.01.2019 00:00 - 14.01.2019 01:00,1982,2002
14.01.2019 01:00 - 14.01.2019 02:00,1966,1994
14.01.2019 02:00 - 14.01.2019 03:00,1959,1962
14.01.2019 03:00 - 14.01.2019 04:00,1982,1979
14.01.2019 04:00 - 14.01.2019 05:00,2048,2058
14.01.2019 05:00 - 14.01.2019 06:00,2230,2229
14.01.2019 06:00 - 14.01.2019 07:00,2615,2530
14.01.2019 07:00 - 14.01.2019 08:00,2993,3010
14.01.2019 08:00 - 14.01.2019 09:00,3124,3114
14.01.2019 09:00 - 14.01.2019 10:00,3094,3095
14.01.2019 10:00 - 14.01.2019 11:00,3102,3079
14.01.2019 11:00 - 14.01.2019 12:00,3026,3011
14.01.2019 12:00 - 14.01.2019 13:00,2932,2958
14.01.2019 13:00 - 14.01.2019 14:00,2957,2954
14.01.2019 14:00 - 14.01.2019 15:00,2913,2886
14.01.2019 15:00 - 14.01.2019 16:00,2832,2860
14.01.2019 16:00 - 14.01.2019 17:00,2966,2982
14.01.2019 17:00 - 14.01.2019 18:00,3243,3242
14.01.2019 18:00 - 14.01.2019 19:00,3084,3122
14.01.2019 19:00 - 14.01.2019 20:00,2935,2945
14.01.2019 20:00 - 14.01.2019 21:00,2754,2762
14.01.2019 21:00 - 14.01.2019 22:00,2576,2600
14.01.2019 22:00 - 14.01.2019 23:00,2409,2385
14.01.2019 23:00 - 15.01.2019 00:00,2253,2202
15.01.2019 00:00 - 15.01.2019 01:00,2094,2112
15.01.2019 01:00 - 15.01.2019 02:00,2021,2048
15.01.2019 02:00 - 15.01.2019 03:00,2014,2017
15.01.2019 03:00 - 15.01.2019 04:00,2018,2051
15.01.2019 04:00 - 15.01.2019 05:00,2107,2115
15.01.2019 05:00 - 15.01.2019 06:00,2254,2212
15.01.2019 06:00 - 15.01.2019 07:00,2576,2573
15.01.2019 07:00 - 15.01.2019 08:00,2988,2991
15.01.2019 08:00 - 15.01.2019 09:00,3116,3118
15.01.2019 09:00 - 15.01.2019 10:00,3087,3158
15.01.2019 10:00 - 15.01.2019 11:00,3192,3194
15.01.2019 11:00 - 15.01.2019 12:00,3129,3139
15.01.2019 12:00 - 15.01.2019 13:00,3045,3053
15.01.2019 13:00 - 15.01.2019 14:00,3062,3043
15.01.2019 14:00 - 15.01.2019 15:00,2996,2981
15.01.2019 15:00 - 15.01.2019 16:00,2909,2890
15.01.2019 16:00 - 15.01.2019 17:00,2926,2935
15.01.2019 17:00 - 15.01.2019 18:00,3155,3159
15.01.2019 18:00 - 15.01.2019 19:00,3029,3057
15.01.2019 19:00 - 15.01.2019 20:00,2866,2853
15.01.2019 20:00 - 15.01.2019 21:00,2662,2657
15.01.2019 21:00 - 15.01.2019 22:00,2493,2478
15.01.2019 22:00 - 15.01.2019 23:00,2338,2293
15.01.2019 23:00 - 16.01.2019 00:00,2219,2148
16.01.2019 00:00 - 16.01.2019 01:00,2056,2071
16.01.2019 01:00 - 16.01.2019 02:00,1992,2000
16.01.2019 02:00 - 16.01.2019 03:00,1952,1963
16.01.2019 03:00 - 16.01.2019 04:00,1976,1977
16.01.2019 04:00 - 16.01.2019 05:00,2030,2010
16.01.2019 05:00 - 16.01.2019 06:00,2163,2137
16.01.2019 06:00 - 16.01.2019 07:00,2525,2525
16.01.2019 07:00 - 16.01.2019 08:00,2943,2920
16.01.2019 08:00 - 16.01.2019 09:00,3051,3036
16.01.2019 09:00 - 16.01.2019 10:00,3013,3004
16.01.2019 10:00 - 16.01.2019 11:00,3048,3034
16.01.2019 11:00 - 16.01.2019 12:00,3000,3029
16.01.2019 12:00 - 16.01.2019 13:00,2970,2976
16.01.2019 13:00 - 16.01.2019 14:00,3005,3009
16.01.2019 14:00 - 16.01.2019 15:00,2970,2986
16.01.2019 15:00 - 16.01.2019 16:00,2900,2908
16.01.2019 16:00 - 16.01.2019 17:00,2961,2988
16.01.2019 17:00 - 16.01.2019 18:00,3172,3163
16.01.2019 18:00 - 16.01.2019 19:00,3023,3029
16.01.2019 19:00 - 16.01.2019 20:00,2841,2857
16.01.2019 20:00 - 16.01.2019 21:00,2669,2659
16.01.2019 21:00 - 16.01.2019 22:00,2489,2497
16.01.2019 22:00 - 16.01.2019 23:00,2334,2313
16.01.2019 23:00 - 17.01.2019 00:00,2193,2175
17.01.2019 00:00 - 17.01.2019 01:00,2058,2085
17.01.2019 01:00 - 17.01.2019 02:00,2009,2030
17.01.2019 02:00 - 17.01.2019 03:00,1994,1987
17.01.2019 03:00 - 17.01.2019 04:00,1990,1974
17.01.2019 04:00 - 17.01.2019 05:00,2018,2007
17.01.2019 05:00 - 17.01.2019 06:00,2141,2119
17.01.2019 06:00 - 17.01.2019 07:00,2531,2496
17.01.2019 07:00 - 17.01.2019 08:00,2943,2895
17.01.2019 08:00 - 17.01.2019 09:00,3005,3027
17.01.2019 09:00 - 17.01.2019 10:00,2998,3038
17.01.2019 10:00 - 17.01.2019 11:00,3054,3067
17.01.2019 11:00 - 17.01.2019 12:00,3051,3043
17.01.2019 12:00 - 17.01.2019 13:00,2971,2974
17.01.2019 13:00 - 17.01.2019 14:00,2962,2968
17.01.2019 14:00 - 17.01.2019 15:00,2907,2933
17.01.2019 15:00 - 17.01.2019 16:00,2833,2914
17.01.2019 16:00 - 17.01.2019 17:00,2936,2975
17.01.2019 17:00 - 17.01.2019 18:00,3215,3189
17.01.2019 18:00 - 17.01.2019 19:00,3087,3055
17.01.2019 19:00 - 17.01.2019 20:00,2899,2890
17.01.2019 20:00 - 17.01.2019 21:00,2707,2682
17.01.2019 21:00 - 17.01.2019 22:00,2495,2509
17.01.2019 22:00 - 17.01.2019 23:00,2348,2338
17.01.2019 23:00 - 18.01.2019 00:00,2212,2172
18.01.2019 00:00 - 18.01.2019 01:00,2077,2110
18.01.2019 01:00 - 18.01.2019 02:00,2043,2069
18.01.2019 02:00 - 18.01.2019 03:00,2020,2062
18.01.2019 03:00 - 18.01.2019 04:00,2066,2072
18.01.2019 04:00 - 18.01.2019 05:00,2116,2124
18.01.2019 05:00 - 18.01.2019 06:00,2276,2282
18.01.2019 06:00 - 18.01.2019 07:00,2640,2660
18.01.2019 07:00 - 18.01.2019 08:00,3034,3039
18.01.2019 08:00 - 18.01.2019 09:00,3159,3142
18.01.2019 09:00 - 18.01.2019 10:00,3111,3079
18.01.2019 10:00 - 18.01.2019 11:00,3098,3047
18.01.2019 11:00 - 18.01.2019 12:00,3029,2991
18.01.2019 12:00 - 18.01.2019 13:00,2860,2837
18.01.2019 13:00 - 18.01.2019 14:00,2769,2787
18.01.2019 14:00 - 18.01.2019 15:00,2673,2686
18.01.2019 15:00 - 18.01.2019 16:00,2641,2643
18.01.2019 16:00 - 18.01.2019 17:00,2756,2761
18.01.2019 17:00 - 18.01.2019 18:00,3024,3033
18.01.2019 18:00 - 18.01.2019 19:00,2925,2921
18.01.2019 19:00 - 18.01.2019 20:00,2706,2690
18.01.2019 20:00 - 18.01.2019 21:00,2541,2510
18.01.2019 21:00 - 18.01.2019 22:00,2382,2352
18.01.2019 22:00 - 18.01.2019 23:00,2237,2256
18.01.2019 23:00 - 19.01.2019 00:00,2086,2076
19.01.2019 00:00 - 19.01.2019 01:00,1930,1980
19.01.2019 01:00 - 19.01.2019 02:00,1856,1899
19.01.2019 02:00 - 19.01.2019 03:00,1837,1879
19.01.2019 03:00 - 19.01.2019 04:00,1841,1880
19.01.2019 04:00 - 19.01.2019 05:00,1883,1903
19.01.2019 05:00 - 19.01.2019 06:00,1940,1959
19.01.2019 06:00 - 19.01.2019 07:00,2070,2068
19.01.2019 07:00 - 19.01.2019 08:00,2256,2265
19.01.2019 08:00 - 19.01.2019 09:00,2453,2458
19.01.2019 09:00 - 19.01.2019 10:00,2562,2557
19.01.2019 10:00 - 19.01.2019 11:00,2606,2588
19.01.2019 11:00 - 19.01.2019 12:00,2576,2561
19.01.2019 12:00 - 19.01.2019 13:00,2488,2479
19.01.2019 13:00 - 19.01.2019 14:00,2414,2404
19.01.2019 14:00 - 19.01.2019 15:00,2362,2368
19.01.2019 15:00 - 19.01.2019 16:00,2392,2390
19.01.2019 16:00 - 19.01.2019 17:00,2510,2508
19.01.2019 17:00 - 19.01.2019 18:00,2793,2824
19.01.2019 18:00 - 19.01.2019 19:00,2748,2761
19.01.2019 19:00 - 19.01.2019 20:00,2544,2551
19.01.2019 20:00 - 19.01.2019 21:00,2385,2382
19.01.2019 21:00 - 19.01.2019 22:00,2251,2266
19.01.2019 22:00 - 19.01.2019 23:00,2133,2161
19.01.2019 23:00 - 20.01.2019 00:00,2011,2059
20.01.2019 00:00 - 20.01.2019 01:00,1943,1980
20.01.2019 01:00 - 20.01.2019 02:00,1899,1917
20.01.2019 02:00 - 20.01.2019 03:00,1855,1879
20.01.2019 03:00 - 20.01.2019 04:00,1830,1881
20.01.2019 04:00 - 20.01.2019 05:00,1891,1894
20.01.2019 05:00 - 20.01.2019 06:00,1931,1920
20.01.2019 06:00 - 20.01.2019 07:00,2026,2004
20.01.2019 07:00 - 20.01.2019 08:00,2171,2161
20.01.2019 08:00 - 20.01.2019 09:00,2330,2322
20.01.2019 09:00 - 20.01.2019 10:00,2435,2414
20.01.2019 10:00 - 20.01.2019 11:00,2459,2411
20.01.2019 11:00 - 20.01.2019 12:00,2416,2395
20.01.2019 12:00 - 20.01.2019 13:00,2351,2348
20.01.2019 13:00 - 20.01.2019 14:00,2317,2323
20.01.2019 14:00 - 20.01.2019 15:00,2308,2309
20.01.2019 15:00 - 20.01.2019 16:00,2327,2335
20.01.2019 16:00 - 20.01.2019 17:00,2490,2500
20.01.2019 17:00 - 20.01.2019 18:00,2839,2844
20.01.2019 18:00 - 20.01.2019 19:00,2775,2755
20.01.2019 19:00 - 20.01.2019 20:00,2578,2574
20.01.2019 20:00 - 20.01.2019 21:00,2425,2414
20.01.2019 21:00 - 20.01.2019 22:00,2287,2266
20.01.2019 22:00 - 20.01.2019 23:00,2167,2111
20.01.2019 23:00 - 21.01.2019 00:00,2072,2001
21.01.2019 00:00 - 21.01.2019 01:00,1957,1969
21.01.2019 01:00 - 21.01.2019 02:00,1934,1935
21.01.2019 02:00 - 21.01.2019 03:00,1908,1911
21.01.2019 03:00 - 21.01.2019 04:00,1923,1928
21.01.2019 04:00 - 21.01.2019 05:00,1990,1975
21.01.2019 05:00 - 21.01.2019 06:00,2126,2134
21.01.2019 06:00 - 21.01.2019 07:00,2570,2543
21.01.2019 07:00 - 21.01.2019 08:00,3008,2949
21.01.2019 08:00 - 21.01.2019 09:00,3091,3064
21.01.2019 09:00 - 21.01.2019 10:00,3048,3056
21.01.2019 10:00 - 21.01.2019 11:00,3092,3076
21.01.2019 11:00 - 21.01.2019 12:00,3045,3027
21.01.2019 12:00 - 21.01.2019 13:00,2941,2915
21.01.2019 13:00 - 21.01.2019 14:00,2939,2927
21.01.2019 14:00 - 21.01.2019 15:00,2891,2871
21.01.2019 15:00 - 21.01.2019 16:00,2806,2764
21.01.2019 16:00 - 21.01.2019 17:00,2847,2854
21.01.2019 17:00 - 21.01.2019 18:00,3141,3144
21.01.2019 18:00 - 21.01.2019 19:00,3015,3037
21.01.2019 19:00 - 21.01.2019 20:00,2837,2842
21.01.2019 20:00 - 21.01.2019 21:00,2661,2684
21.01.2019 21:00 - 21.01.2019 22:00,2505,2531
21.01.2019 22:00 - 21.01.2019 23:00,2344,2351
21.01.2019 23:00 - 22.01.2019 00:00,2189,2168
22.01.2019 00:00 - 22.01.2019 01:00,2071,2107
22.01.2019 01:00 - 22.01.2019 02:00,2019,2057
22.01.2019 02:00 - 22.01.2019 03:00,2015,2034
22.01.2019 03:00 - 22.01.2019 04:00,2034,2041
22.01.2019 04:00 - 22.01.2019 05:00,2096,2085
22.01.2019 05:00 - 22.01.2019 06:00,2243,2233
22.01.2019 06:00 - 22.01.2019 07:00,2621,2628
22.01.2019 07:00 - 22.01.2019 08:00,3015,3020
22.01.2019 08:00 - 22.01.2019 09:00,3129,3146
22.01.2019 09:00 - 22.01.2019 10:00,3105,3115
22.01.2019 10:00 - 22.01.2019 11:00,3144,3158
22.01.2019 11:00 - 22.01.2019 12:00,3128,3131
22.01.2019 12:00 - 22.01.2019 13:00,3041,3029
22.01.2019 13:00 - 22.01.2019 14:00,3026,3048
22.01.2019 14:00 - 22.01.2019 15:00,2999,3011
22.01.2019 15:00 - 22.01.2019 16:00,2961,2936
22.01.2019 16:00 - 22.01.2019 17:00,3007,2976
22.01.2019 17:00 - 22.01.2019 18:00,3220,3231
22.01.2019 18:00 - 22.01.2019 19:00,3105,3090
22.01.2019 19:00 - 22.01.2019 20:00,2910,2888
22.01.2019 20:00 - 22.01.2019 21:00,2737,2795
22.01.2019 21:00 - 22.01.2019 22:00,2610,2645
22.01.2019 22:00 - 22.01.2019 23:00,2477,2435
22.01.2019 23:00 - 23.01.2019 00:00,2329,2262
23.01.2019 00:00 - 23.01.2019 01:00,2136,2124
23.01.2019 01:00 - 23.01.2019 02:00,2067,2114
23.01.2019 02:00 - 23.01.2019 03:00,2066,2084
23.01.2019 03:00 - 23.01.2019 04:00,2064,2075
23.01.2019 04:00 - 23.01.2019 05:00,2130,2121
23.01.2019 05:00 - 23.01.2019 06:00,2281,2258
23.01.2019 06:00 - 23.01.2019 07:00,2660,2658
23.01.2019 07:00 - 23.01.2019 08:00,3074,3095
23.01.2019 08:00 - 23.01.2019 09:00,3191,3169
23.01.2019 09:00 - 23.01.2019 10:00,3123,3152
23.01.2019 10:00 - 23.01.2019 11:00,3179,3184
23.01.2019 11:00 - 23.01.2019 12:00,3161,3173
23.01.2019 12:00 - 23.01.2019 13:00,3087,3097
23.01.2019 13:00 - 23.01.2019 14:00,3083,3096
23.01.2019 14:00 - 23.01.2019 15:00,3032,3033
23.01.2019 15:00 - 23.01.2019 16:00,2963,2959
23.01.2019 16:00 - 23.01.2019 17:00,3016,3014
23.01.2019 17:00 - 23.01.2019 18:00,3239,3222
23.01.2019 18:00 - 23.01.2019 19:00,3144,3144
23.01.2019 19:00 - 23.01.2019 20:00,2966,2965
23.01.2019 20:00 - 23.01.2019 21:00,2825,2806
23.01.2019 21:00 - 23.01.2019 22:00,2687,2674
23.01.2019 22:00 - 23.01.2019 23:00,2518,2480
23.01.2019 23:00 - 24.01.2019 00:00,2385,2306
24.01.2019 00:00 - 24.01.2019 01:00,2196,2204
24.01.2019 01:00 - 24.01.2019 02:00,2116,2137
24.01.2019 02:00 - 24.01.2019 03:00,2085,2156
24.01.2019 03:00 - 24.01.2019 04:00,2136,2158
24.01.2019 04:00 - 24.01.2019 05:00,2188,2222
24.01.2019 05:00 - 24.01.2019 06:00,2314,2340
24.01.2019 06:00 - 24.01.2019 07:00,2732,2717
24.01.2019 07:00 - 24.01.2019 08:00,3082,3094
24.01.2019 08:00 - 24.01.2019 09:00,3177,3172
24.01.2019 09:00 - 24.01.2019 10:00,3138,3142
24.01.2019 10:00 - 24.01.2019 11:00,3191,3220
24.01.2019 11:00 - 24.01.2019 12:00,3189,3200
24.01.2019 12:00 - 24.01.2019 13:00,3132,3183
24.01.2019 13:00 - 24.01.2019 14:00,3189,3213
24.01.2019 14:00 - 24.01.2019 15:00,3157,3158
24.01.2019 15:00 - 24.01.2019 16:00,3067,3073
24.01.2019 16:00 - 24.01.2019 17:00,3121,3118
24.01.2019 17:00 - 24.01.2019 18:00,3341,3336
24.01.2019 18:00 - 24.01.2019 19:00,3215,3227
24.01.2019 19:00 - 24.01.2019 20:00,3054,3034
24.01.2019 20:00 - 24.01.2019 21:00,2885,2874
24.01.2019 21:00 - 24.01.2019 22:00,2734,2727
24.01.2019 22:00 - 24.01.2019 23:00,2653,2528
24.01.2019 23:00 - 25.01.2019 00:00,2524,2352
25.01.2019 00:00 - 25.01.2019 01:00,2219,2246
25.01.2019 01:00 - 25.01.2019 02:00,2120,2172
25.01.2019 02:00 - 25.01.2019 03:00,2107,2130
25.01.2019 03:00 - 25.01.2019 04:00,2131,2132
25.01.2019 04:00 - 25.01.2019 05:00,2187,2181
25.01.2019 05:00 - 25.01.2019 06:00,2346,2320
25.01.2019 06:00 - 25.01.2019 07:00,2671,2689
25.01.2019 07:00 - 25.01.2019 08:00,3095,3119
25.01.2019 08:00 - 25.01.2019 09:00,3216,3217
25.01.2019 09:00 - 25.01.2019 10:00,3156,3187
25.01.2019 10:00 - 25.01.2019 11:00,3209,3226
25.01.2019 11:00 - 25.01.2019 12:00,3156,3177
25.01.2019 12:00 - 25.01.2019 13:00,3018,3065
25.01.2019 13:00 - 25.01.2019 14:00,2979,3025
25.01.2019 14:00 - 25.01.2019 15:00,2886,2925
25.01.2019 15:00 - 25.01.2019 16:00,2843,2866
25.01.2019 16:00 - 25.01.2019 17:00,2943,2978
25.01.2019 17:00 - 25.01.2019 18:00,3232,3141
25.01.2019 18:00 - 25.01.2019 19:00,3060,3003
25.01.2019 19:00 - 25.01.2019 20:00,2823,2821
25.01.2019 20:00 - 25.01.2019 21:00,2650,2642
25.01.2019 21:00 - 25.01.2019 22:00,2507,2475
25.01.2019 22:00 - 25.01.2019 23:00,2382,2330
25.01.2019 23:00 - 26.01.2019 00:00,2230,2211
26.01.2019 00:00 - 26.01.2019 01:00,2084,2119
26.01.2019 01:00 - 26.01.2019 02:00,2003,2023
26.01.2019 02:00 - 26.01.2019 03:00,1944,1985
26.01.2019 03:00 - 26.01.2019 04:00,1952,1988
26.01.2019 04:00 - 26.01.2019 05:00,1988,1986
26.01.2019 05:00 - 26.01.2019 06:00,2034,2015
26.01.2019 06:00 - 26.01.2019 07:00,2128,2137
26.01.2019 07:00 - 26.01.2019 08:00,2334,2318
26.01.2019 08:00 - 26.01.2019 09:00,2490,2492
26.01.2019 09:00 - 26.01.2019 10:00,2588,2573
26.01.2019 10:00 - 26.01.2019 11:00,2620,2619
26.01.2019 11:00 - 26.01.2019 12:00,2628,2590
26.01.2019 12:00 - 26.01.2019 13:00,2514,2526
26.01.2019 13:00 - 26.01.2019 14:00,2483,2483
26.01.2019 14:00 - 26.01.2019 15:00,2426,2444
26.01.2019 15:00 - 26.01.2019 16:00,2462,2457
26.01.2019 16:00 - 26.01.2019 17:00,2572,2571
26.01.2019 17:00 - 26.01.2019 18:00,2871,2841
26.01.2019 18:00 - 26.01.2019 19:00,2766,2766
26.01.2019 19:00 - 26.01.2019 20:00,2580,2581
26.01.2019 20:00 - 26.01.2019 21:00,2418,2446
26.01.2019 21:00 - 26.01.2019 22:00,2326,2318
26.01.2019 22:00 - 26.01.2019 23:00,2200,2192
26.01.2019 23:00 - 27.01.2019 00:00,2086,2088
27.01.2019 00:00 - 27.01.2019 01:00,1971,2015
27.01.2019 01:00 - 27.01.2019 02:00,1903,1932
27.01.2019 02:00 - 27.01.2019 03:00,1853,1890
27.01.2019 03:00 - 27.01.2019 04:00,1848,1883
27.01.2019 04:00 - 27.01.2019 05:00,1903,1900
27.01.2019 05:00 - 27.01.2019 06:00,1942,1943
27.01.2019 06:00 - 27.01.2019 07:00,2058,2057
27.01.2019 07:00 - 27.01.2019 08:00,2197,2203
27.01.2019 08:00 - 27.01.2019 09:00,2345,2361
27.01.2019 09:00 - 27.01.2019 10:00,2472,2473
27.01.2019 10:00 - 27.01.2019 11:00,2547,2562
27.01.2019 11:00 - 27.01.2019 12:00,2581,2573
27.01.2019 12:00 - 27.01.2019 13:00,2550,2561
27.01.2019 13:00 - 27.01.2019 14:00,2527,2532
27.01.2019 14:00 - 27.01.2019 15:00,2519,2516
27.01.2019 15:00 - 27.01.2019 16:00,2525,2504
27.01.2019 16:00 - 27.01.2019 17:00,2618,2625
27.01.2019 17:00 - 27.01.2019 18:00,2861,2775
27.01.2019 18:00 - 27.01.2019 19:00,2603,2640
27.01.2019 19:00 - 27.01.2019 20:00,2490,2509
27.01.2019 20:00 - 27.01.2019 21:00,2405,2446
27.01.2019 21:00 - 27.01.2019 22:00,2330,2307
27.01.2019 22:00 - 27.01.2019 23:00,2185,2160
27.01.2019 23:00 - 28.01.2019 00:00,2101,2033
28.01.2019 00:00 - 28.01.2019 01:00,1959,1966
28.01.2019 01:00 - 28.01.2019 02:00,1921,1900
28.01.2019 02:00 - 28.01.2019 03:00,1902,1877
28.01.2019 03:00 - 28.01.2019 04:00,1934,1896
28.01.2019 04:00 - 28.01.2019 05:00,1980,1941
28.01.2019 05:00 - 28.01.2019 06:00,2127,2102
28.01.2019 06:00 - 28.01.2019 07:00,2532,2509
28.01.2019 07:00 - 28.01.2019 08:00,2943,2936
28.01.2019 08:00 - 28.01.2019 09:00,3106,3095
28.01.2019 09:00 - 28.01.2019 10:00,3094,3096
28.01.2019 10:00 - 28.01.2019 11:00,3150,3178
28.01.2019 11:00 - 28.01.2019 12:00,3139,3137
28.01.2019 12:00 - 28.01.2019 13:00,3059,3067
28.01.2019 13:00 - 28.01.2019 14:00,3062,3093
28.01.2019 14:00 - 28.01.2019 15:00,3040,3037
28.01.2019 15:00 - 28.01.2019 16:00,2950,2959
28.01.2019 16:00 - 28.01.2019 17:00,2983,2988
28.01.2019 17:00 - 28.01.2019 18:00,3244,3238
28.01.2019 18:00 - 28.01.2019 19:00,3166,3130
28.01.2019 19:00 - 28.01.2019 20:00,2932,2903
28.01.2019 20:00 - 28.01.2019 21:00,2734,2733
28.01.2019 21:00 - 28.01.2019 22:00,2600,2539
28.01.2019 22:00 - 28.01.2019 23:00,2317,2351
28.01.2019 23:00 - 29.01.2019 00:00,2164,2231
29.01.2019 00:00 - 29.01.2019 01:00,2113,2171
29.01.2019 01:00 - 29.01.2019 02:00,2075,2130
29.01.2019 02:00 - 29.01.2019 03:00,2091,2106
29.01.2019 03:00 - 29.01.2019 04:00,2096,2102
29.01.2019 04:00 - 29.01.2019 05:00,2155,2142
29.01.2019 05:00 - 29.01.2019 06:00,2349,2271
29.01.2019 06:00 - 29.01.2019 07:00,2643,2651
29.01.2019 07:00 - 29.01.2019 08:00,3059,3089
29.01.2019 08:00 - 29.01.2019 09:00,3178,3171
29.01.2019 09:00 - 29.01.2019 10:00,3135,3136
29.01.2019 10:00 - 29.01.2019 11:00,3133,3141
29.01.2019 11:00 - 29.01.2019 12:00,3109,3091
29.01.2019 12:00 - 29.01.2019 13:00,3022,3005
29.01.2019 13:00 - 29.01.2019 14:00,3014,3012
29.01.2019 14:00 - 29.01.2019 15:00,2941,2971
29.01.2019 15:00 - 29.01.2019 16:00,2905,2880
29.01.2019 16:00 - 29.01.2019 17:00,2888,2909
29.01.2019 17:00 - 29.01.2019 18:00,3193,3221
29.01.2019 18:00 - 29.01.2019 19:00,3110,3114
29.01.2019 19:00 - 29.01.2019 20:00,2939,2927
29.01.2019 20:00 - 29.01.2019 21:00,2789,2759
29.01.2019 21:00 - 29.01.2019 22:00,2593,2548
29.01.2019 22:00 - 29.01.2019 23:00,2432,2361
29.01.2019 23:00 - 30.01.2019 00:00,2285,2193
30.01.2019 00:00 - 30.01.2019 01:00,2049,2093
30.01.2019 01:00 - 30.01.2019 02:00,1976,2045
30.01.2019 02:00 - 30.01.2019 03:00,1994,2031
30.01.2019 03:00 - 30.01.2019 04:00,2042,2041
30.01.2019 04:00 - 30.01.2019 05:00,2105,2084
30.01.2019 05:00 - 30.01.2019 06:00,2287,2239
30.01.2019 06:00 - 30.01.2019 07:00,2622,2637
30.01.2019 07:00 - 30.01.2019 08:00,3069,3056
30.01.2019 08:00 - 30.01.2019 09:00,3177,3141
30.01.2019 09:00 - 30.01.2019 10:00,3122,3125
30.01.2019 10:00 - 30.01.2019 11:00,3134,3148
30.01.2019 11:00 - 30.01.2019 12:00,3117,3094
30.01.2019 12:00 - 30.01.2019 13:00,3027,3006
30.01.2019 13:00 - 30.01.2019 14:00,3020,2998
30.01.2019 14:00 - 30.01.2019 15:00,2926,2943
30.01.2019 15:00 - 30.01.2019 16:00,2876,2884
30.01.2019 16:00 - 30.01.2019 17:00,2908,2928
30.01.2019 17:00 - 30.01.2019 18:00,3199,3232
30.01.2019 18:00 - 30.01.2019 19:00,3104,3128
30.01.2019 19:00 - 30.01.2019 20:00,2927,2921
30.01.2019 20:00 - 30.01.2019 21:00,2760,2740
30.01.2019 21:00 - 30.01.2019 22:00,2602,2577
30.01.2019 22:00 - 30.01.2019 23:00,2468,2397
30.01.2019 23:00 - 31.01.2019 00:00,2325,2230
31.01.2019 00:00 - 31.01.2019 01:00,2096,2133
31.01.2019 01:00 - 31.01.2019 02:00,2053,2096
31.01.2019 02:00 - 31.01.2019 03:00,2068,2074
31.01.2019 03:00 - 31.01.2019 04:00,2100,2103
31.01.2019 04:00 - 31.01.2019 05:00,2173,2156
31.01.2019 05:00 - 31.01.2019 06:00,2329,2294
31.01.2019 06:00 - 31.01.2019 07:00,2639,2671
31.01.2019 07:00 - 31.01.2019 08:00,3112,3125
31.01.2019 08:00 - 31.01.2019 09:00,3234,3207
31.01.2019 09:00 - 31.01.2019 10:00,3184,3192
31.01.2019 10:00 - 31.01.2019 11:00,3239,3266
31.01.2019 11:00 - 31.01.2019 12:00,3240,3253
31.01.2019 12:00 - 31.01.2019 13:00,3154,3151
31.01.2019 13:00 - 31.01.2019 14:00,3129,3114
31.01.2019 14:00 - 31.01.2019 15:00,3051,3070
31.01.2019 15:00 - 31.01.2019 16:00,2989,2998
31.01.2019 16:00 - 31.01.2019 17:00,3000,3004
31.01.2019 17:00 - 31.01.2019 18:00,3268,3261
31.01.2019 18:00 - 31.01.2019 19:00,3135,3158
31.01.2019 19:00 - 31.01.2019 20:00,2975,2963
31.01.2019 20:00 - 31.01.2019 21:00,2793,2763
31.01.2019 21:00 - 31.01.2019 22:00,2606,2576
31.01.2019 22:00 - 31.01.2019 23:00,2408,2372
31.01.2019 23:00 - 01.02.2019 00:00,2249,2203
01.02.2019 00:00 - 01.02.2019 01:00,2090,2121
01.02.2019 01:00 - 01.02.2019 02:00,2063,2066
01.02.2019 02:00 - 01.02.2019 03:00,2047,2036
01.02.2019 03:00 - 01.02.2019 04:00,2059,2060
01.02.2019 04:00 - 01.02.2019 05:00,2114,2113
01.02.2019 05:00 - 01.02.2019 06:00,2261,2258
01.02.2019 06:00 - 01.02.2019 07:00,2644,2670
01.02.2019 07:00 - 01.02.2019 08:00,3051,3050
01.02.2019 08:00 - 01.02.2019 09:00,3158,3136
01.02.2019 09:00 - 01.02.2019 10:00,3125,3126
01.02.2019 10:00 - 01.02.2019 11:00,3149,3119
01.02.2019 11:00 - 01.02.2019 12:00,3075,3054
01.02.2019 12:00 - 01.02.2019 13:00,2938,2932
01.02.2019 13:00 - 01.02.2019 14:00,2868,2841
01.02.2019 14:00 - 01.02.2019 15:00,2709,2749
01.02.2019 15:00 - 01.02.2019 16:00,2671,2691
01.02.2019 16:00 - 01.02.2019 17:00,2753,2740
01.02.2019 17:00 - 01.02.2019 18:00,2994,3014
01.02.2019 18:00 - 01.02.2019 19:00,2943,2951
01.02.2019 19:00 - 01.02.2019 20:00,2728,2733
01.02.2019 20:00 - 01.02.2019 21:00,2535,2534
01.02.2019 21:00 - 01.02.2019 22:00,2383,2348
01.02.2019 22:00 - 01.02.2019 23:00,2232,2212
01.02.2019 23:00 - 02.02.2019 00:00,2079,2080
02.02.2019 00:00 - 02.02.2019 01:00,1972,1997
02.02.2019 01:00 - 02.02.2019 02:00,1933,1969
02.02.2019 02:00 - 02.02.2019 03:00,1927,1937
02.02.2019 03:00 - 02.02.2019 04:00,1918,1909
02.02.2019 04:00 - 02.02.2019 05:00,1921,1920
02.02.2019 05:00 - 02.02.2019 06:00,1967,1963
02.02.2019 06:00 - 02.02.2019 07:00,2085,2073
02.02.2019 07:00 - 02.02.2019 08:00,2252,2249
02.02.2019 08:00 - 02.02.2019 09:00,2425,2406
02.02.2019 09:00 - 02.02.2019 10:00,2515,2505
02.02.2019 10:00 - 02.02.2019 11:00,2570,2574
02.02.2019 11:00 - 02.02.2019 12:00,2561,2578
02.02.2019 12:00 - 02.02.2019 13:00,2547,2531
02.02.2019 13:00 - 02.02.2019 14:00,2467,2463
02.02.2019 14:00 - 02.02.2019 15:00,2439,2462
02.02.2019 15:00 - 02.02.2019 16:00,2447,2451
02.02.2019 16:00 - 02.02.2019 17:00,2540,2518
02.02.2019 17:00 - 02.02.2019 18:00,2797,2776
02.02.2019 18:00 - 02.02.2019 19:00,2742,2749
02.02.2019 19:00 - 02.02.2019 20:00,2541,2528
02.02.2019 20:00 - 02.02.2019 21:00,2355,2379
02.02.2019 21:00 - 02.02.2019 22:00,2243,2259
02.02.2019 22:00 - 02.02.2019 23:00,2125,2133
02.02.2019 23:00 - 03.02.2019 00:00,2005,2032
03.02.2019 00:00 - 03.02.2019 01:00,1929,1953
03.02.2019 01:00 - 03.02.2019 02:00,1884,1893
03.02.2019 02:00 - 03.02.2019 03:00,1846,1853
03.02.2019 03:00 - 03.02.2019 04:00,1852,1841
03.02.2019 04:00 - 03.02.2019 05:00,1853,1840
03.02.2019 05:00 - 03.02.2019 06:00,1885,1882
03.02.2019 06:00 - 03.02.2019 07:00,1970,1974
03.02.2019 07:00 - 03.02.2019 08:00,2149,2140
03.02.2019 08:00 - 03.02.2019 09:00,2280,2264
03.02.2019 09:00 - 03.02.2019 10:00,2388,2369
03.02.2019 10:00 - 03.02.2019 11:00,2425,2406
03.02.2019 11:00 - 03.02.2019 12:00,2414,2366
03.02.2019 12:00 - 03.02.2019 13:00,2348,2316
03.02.2019 13:00 - 03.02.2019 14:00,2294,2277
03.02.2019 14:00 - 03.02.2019 15:00,2266,2247
03.02.2019 15:00 - 03.02.2019 16:00,2276,2263
03.02.2019 16:00 - 03.02.2019 17:00,2374,2363
03.02.2019 17:00 - 03.02.2019 18:00,2697,2723
03.02.2019 18:00 - 03.02.2019 19:00,2713,2741
03.02.2019 19:00 - 03.02.2019 20:00,2560,2560
03.02.2019 20:00 - 03.02.2019 21:00,2394,2388
03.02.2019 21:00 - 03.02.2019 22:00,2261,2252
03.02.2019 22:00 - 03.02.2019 23:00,2136,2128
03.02.2019 23:00 - 04.02.2019 00:00,2039,2050
04.02.2019 00:00 - 04.02.2019 01:00,1990,2002
04.02.2019 01:00 - 04.02.2019 02:00,1963,1963
04.02.2019 02:00 - 04.02.2019 03:00,1962,1965
04.02.2019 03:00 - 04.02.2019 04:00,1996,1986
04.02.2019 04:00 - 04.02.2019 05:00,2034,2041
04.02.2019 05:00 - 04.02.2019 06:00,2204,2187
04.02.2019 06:00 - 04.02.2019 07:00,2568,2571
04.02.2019 07:00 - 04.02.2019 08:00,3019,3052
04.02.2019 08:00 - 04.02.2019 09:00,3184,3183
04.02.2019 09:00 - 04.02.2019 10:00,3185,3182
04.02.2019 10:00 - 04.02.2019 11:00,3198,3157
04.02.2019 11:00 - 04.02.2019 12:00,3173,3184
04.02.2019 12:00 - 04.02.2019 13:00,3100,3118
04.02.2019 13:00 - 04.02.2019 14:00,3142,3108
04.02.2019 14:00 - 04.02.2019 15:00,3068,3016
04.02.2019 15:00 - 04.02.2019 16:00,2948,2982
04.02.2019 16:00 - 04.02.2019 17:00,3008,3034
04.02.2019 17:00 - 04.02.2019 18:00,3294,3272
04.02.2019 18:00 - 04.02.2019 19:00,3190,3167
04.02.2019 19:00 - 04.02.2019 20:00,2959,2974
04.02.2019 20:00 - 04.02.2019 21:00,2767,2780
04.02.2019 21:00 - 04.02.2019 22:00,2589,2633
04.02.2019 22:00 - 04.02.2019 23:00,2532,2434
04.02.2019 23:00 - 05.02.2019 00:00,2406,2314
05.02.2019 00:00 - 05.02.2019 01:00,2154,2182
05.02.2019 01:00 - 05.02.2019 02:00,2065,2096
05.02.2019 02:00 - 05.02.2019 03:00,2044,2074
05.02.2019 03:00 - 05.02.2019 04:00,2062,2066
05.02.2019 04:00 - 05.02.2019 05:00,2113,2078
05.02.2019 05:00 - 05.02.2019 06:00,2252,2223
05.02.2019 06:00 - 05.02.2019 07:00,2643,2646
05.02.2019 07:00 - 05.02.2019 08:00,3043,3038
05.02.2019 08:00 - 05.02.2019 09:00,3104,3115
05.02.2019 09:00 - 05.02.2019 10:00,3087,3074
05.02.2019 10:00 - 05.02.2019 11:00,3107,3097
05.02.2019 11:00 - 05.02.2019 12:00,3079,3094
05.02.2019 12:00 - 05.02.2019 13:00,2997,2986
05.02.2019 13:00 - 05.02.2019 14:00,3001,3026
05.02.2019 14:00 - 05.02.2019 15:00,2964,2951
05.02.2019 15:00 - 05.02.2019 16:00,2838,2868
05.02.2019 16:00 - 05.02.2019 17:00,2866,2875
05.02.2019 17:00 - 05.02.2019 18:00,3143,3116
05.02.2019 18:00 - 05.02.2019 19:00,3069,3045
05.02.2019 19:00 - 05.02.2019 20:00,2875,2882
05.02.2019 20:00 - 05.02.2019 21:00,2724,2681
05.02.2019 21:00 - 05.02.2019 22:00,2547,2511
05.02.2019 22:00 - 05.02.2019 23:00,2372,2285
05.02.2019 23:00 - 06.02.2019 00:00,2222,2122
06.02.2019 00:00 - 06.02.2019 01:00,2002,2049
06.02.2019 01:00 - 06.02.2019 02:00,1965,2006
06.02.2019 02:00 - 06.02.2019 03:00,1968,1984
06.02.2019 03:00 - 06.02.2019 04:00,2009,1995
06.02.2019 04:00 - 06.02.2019 05:00,2051,2042
06.02.2019 05:00 - 06.02.2019 06:00,2198,2192
06.02.2019 06:00 - 06.02.2019 07:00,2605,2558
06.02.2019 07:00 - 06.02.2019 08:00,3024,3012
06.02.2019 08:00 - 06.02.2019 09:00,3100,3150
06.02.2019 09:00 - 06.02.2019 10:00,3106,3072
06.02.2019 10:00 - 06.02.2019 11:00,3030,2896
06.02.2019 11:00 - 06.02.2019 12:00,2928,3124
06.02.2019 12:00 - 06.02.2019 13:00,2966,3101
06.02.2019 13:00 - 06.02.2019 14:00,3088,3092
06.02.2019 14:00 - 06.02.2019 15:00,3030,3020
06.02.2019 15:00 - 06.02.2019 16:00,2899,2883
06.02.2019 16:00 - 06.02.2019 17:00,2888,2901
06.02.2019 17:00 - 06.02.2019 18:00,3178,3149
06.02.2019 18:00 - 06.02.2019 19:00,3078,3037
06.02.2019 19:00 - 06.02.2019 20:00,2856,2853
06.02.2019 20:00 - 06.02.2019 21:00,2686,2658
06.02.2019 21:00 - 06.02.2019 22:00,2516,2465
06.02.2019 22:00 - 06.02.2019 23:00,2332,2258
06.02.2019 23:00 - 07.02.2019 00:00,2190,2109
07.02.2019 00:00 - 07.02.2019 01:00,1994,2013
07.02.2019 01:00 - 07.02.2019 02:00,1945,1951
07.02.2019 02:00 - 07.02.2019 03:00,1937,1927
07.02.2019 03:00 - 07.02.2019 04:00,1951,1928
07.02.2019 04:00 - 07.02.2019 05:00,2001,1971
07.02.2019 05:00 - 07.02.2019 06:00,2159,2139
07.02.2019 06:00 - 07.02.2019 07:00,2548,2537
07.02.2019 07:00 - 07.02.2019 08:00,2984,2952
07.02.2019 08:00 - 07.02.2019 09:00,3073,3059
07.02.2019 09:00 - 07.02.2019 10:00,3056,3057
07.02.2019 10:00 - 07.02.2019 11:00,3093,3136
07.02.2019 11:00 - 07.02.2019 12:00,3132,3158
07.02.2019 12:00 - 07.02.2019 13:00,3089,3152
07.02.2019 13:00 - 07.02.2019 14:00,3084,3156
07.02.2019 14:00 - 07.02.2019 15:00,3050,3114
07.02.2019 15:00 - 07.02.2019 16:00,2986,3017
07.02.2019 16:00 - 07.02.2019 17:00,3004,3015
07.02.2019 17:00 - 07.02.2019 18:00,3250,3241
07.02.2019 18:00 - 07.02.2019 19:00,3186,3175
07.02.2019 19:00 - 07.02.2019 20:00,2949,2958
07.02.2019 20:00 - 07.02.2019 21:00,2764,2764
07.02.2019 21:00 - 07.02.2019 22:00,2570,2573
07.02.2019 22:00 - 07.02.2019 23:00,2385,2382
07.02.2019 23:00 - 08.02.2019 00:00,2235,2189
08.02.2019 00:00 - 08.02.2019 01:00,2090,2115
08.02.2019 01:00 - 08.02.2019 02:00,2068,2093
08.02.2019 02:00 - 08.02.2019 03:00,2073,2047
08.02.2019 03:00 - 08.02.2019 04:00,2040,2033
08.02.2019 04:00 - 08.02.2019 05:00,2047,2056
08.02.2019 05:00 - 08.02.2019 06:00,2187,2228
08.02.2019 06:00 - 08.02.2019 07:00,2603,2596
08.02.2019 07:00 - 08.02.2019 08:00,2969,2935
08.02.2019 08:00 - 08.02.2019 09:00,3054,3055
08.02.2019 09:00 - 08.02.2019 10:00,3044,3047
08.02.2019 10:00 - 08.02.2019 11:00,3086,3095
08.02.2019 11:00 - 08.02.2019 12:00,3043,3008
08.02.2019 12:00 - 08.02.2019 13:00,2889,2894
08.02.2019 13:00 - 08.02.2019 14:00,2860,2910
08.02.2019 14:00 - 08.02.2019 15:00,2788,2810
08.02.2019 15:00 - 08.02.2019 16:00,2726,2759
08.02.2019 16:00 - 08.02.2019 17:00,2798,2798
08.02.2019 17:00 - 08.02.2019 18:00,3011,3023
08.02.2019 18:00 - 08.02.2019 19:00,2997,2964
08.02.2019 19:00 - 08.02.2019 20:00,2731,2721
08.02.2019 20:00 - 08.02.2019 21:00,2574,2535
08.02.2019 21:00 - 08.02.2019 22:00,2412,2382
08.02.2019 22:00 - 08.02.2019 23:00,2262,2221
08.02.2019 23:00 - 09.02.2019 00:00,2131,2082
09.02.2019 00:00 - 09.02.2019 01:00,1974,2026
09.02.2019 01:00 - 09.02.2019 02:00,1950,1991
09.02.2019 02:00 - 09.02.2019 03:00,1907,1914
09.02.2019 03:00 - 09.02.2019 04:00,1881,1902
09.02.2019 04:00 - 09.02.2019 05:00,1918,1933
09.02.2019 05:00 - 09.02.2019 06:00,1984,2009
09.02.2019 06:00 - 09.02.2019 07:00,2121,2120
09.02.2019 07:00 - 09.02.2019 08:00,2320,2307
09.02.2019 08:00 - 09.02.2019 09:00,2495,2520
09.02.2019 09:00 - 09.02.2019 10:00,2602,2553
09.02.2019 10:00 - 09.02.2019 11:00,2559,2606
09.02.2019 11:00 - 09.02.2019 12:00,2545,2540
09.02.2019 12:00 - 09.02.2019 13:00,2496,2518
09.02.2019 13:00 - 09.02.2019 14:00,2468,2527
09.02.2019 14:00 - 09.02.2019 15:00,2482,2514
09.02.2019 15:00 - 09.02.2019 16:00,2510,2523
09.02.2019 16:00 - 09.02.2019 17:00,2583,2576
09.02.2019 17:00 - 09.02.2019 18:00,2801,2758
09.02.2019 18:00 - 09.02.2019 19:00,2724,2693
09.02.2019 19:00 - 09.02.2019 20:00,2500,2494
09.02.2019 20:00 - 09.02.2019 21:00,2371,2379
09.02.2019 21:00 - 09.02.2019 22:00,2260,2271
09.02.2019 22:00 - 09.02.2019 23:00,2168,2130
09.02.2019 23:00 - 10.02.2019 00:00,2051,2011
10.02.2019 00:00 - 10.02.2019 01:00,1905,1913
10.02.2019 01:00 - 10.02.2019 02:00,1844,1858
10.02.2019 02:00 - 10.02.2019 03:00,1813,1825
10.02.2019 03:00 - 10.02.2019 04:00,1813,1816
10.02.2019 04:00 - 10.02.2019 05:00,1845,1852
10.02.2019 05:00 - 10.02.2019 06:00,1880,1868
10.02.2019 06:00 - 10.02.2019 07:00,1985,2007
10.02.2019 07:00 - 10.02.2019 08:00,2144,2186
10.02.2019 08:00 - 10.02.2019 09:00,2314,2270
10.02.2019 09:00 - 10.02.2019 10:00,2407,2402
10.02.2019 10:00 - 10.02.2019 11:00,2435,2394
10.02.2019 11:00 - 10.02.2019 12:00,2396,2391
10.02.2019 12:00 - 10.02.2019 13:00,2353,2371
10.02.2019 13:00 - 10.02.2019 14:00,2326,2341
10.02.2019 14:00 - 10.02.2019 15:00,2337,2324
10.02.2019 15:00 - 10.02.2019 16:00,2344,2317
10.02.2019 16:00 - 10.02.2019 17:00,2365,2351
10.02.2019 17:00 - 10.02.2019 18:00,2631,2623
10.02.2019 18:00 - 10.02.2019 19:00,2674,2654
10.02.2019 19:00 - 10.02.2019 20:00,2485,2462
10.02.2019 20:00 - 10.02.2019 21:00,2328,2348
10.02.2019 21:00 - 10.02.2019 22:00,2207,2210
10.02.2019 22:00 - 10.02.2019 23:00,2184,2111
10.02.2019 23:00 - 11.02.2019 00:00,2135,2019
11.02.2019 00:00 - 11.02.2019 01:00,1949,1962
11.02.2019 01:00 - 11.02.2019 02:00,1881,1902
11.02.2019 02:00 - 11.02.2019 03:00,1857,1886
11.02.2019 03:00 - 11.02.2019 04:00,1870,1882
11.02.2019 04:00 - 11.02.2019 05:00,1940,1999
11.02.2019 05:00 - 11.02.2019 06:00,2117,2102
11.02.2019 06:00 - 11.02.2019 07:00,2469,2439
11.02.2019 07:00 - 11.02.2019 08:00,2824,2812
11.02.2019 08:00 - 11.02.2019 09:00,3028,2981
11.02.2019 09:00 - 11.02.2019 10:00,3035,2937
11.02.2019 10:00 - 11.02.2019 11:00,2974,2933
11.02.2019 11:00 - 11.02.2019 12:00,2937,2963
11.02.2019 12:00 - 11.02.2019 13:00,2892,2897
11.02.2019 13:00 - 11.02.2019 14:00,2897,2923
11.02.2019 14:00 - 11.02.2019 15:00,2885,2884
11.02.2019 15:00 - 11.02.2019 16:00,2768,2806
11.02.2019 16:00 - 11.02.2019 17:00,2786,2819
11.02.2019 17:00 - 11.02.2019 18:00,3075,3076
11.02.2019 18:00 - 11.02.2019 19:00,3069,3090
11.02.2019 19:00 - 11.02.2019 20:00,2875,2893
11.02.2019 20:00 - 11.02.2019 21:00,2709,2750
11.02.2019 21:00 - 11.02.2019 22:00,2559,2605
11.02.2019 22:00 - 11.02.2019 23:00,2425,2397
11.02.2019 23:00 - 12.02.2019 00:00,2283,2264
12.02.2019 00:00 - 12.02.2019 01:00,2167,2167
12.02.2019 01:00 - 12.02.2019 02:00,2102,2125
12.02.2019 02:00 - 12.02.2019 03:00,2097,2117
12.02.2019 03:00 - 12.02.2019 04:00,2115,2091
12.02.2019 04:00 - 12.02.2019 05:00,2147,2116
12.02.2019 05:00 - 12.02.2019 06:00,2261,2244
12.02.2019 06:00 - 12.02.2019 07:00,2528,2554
12.02.2019 07:00 - 12.02.2019 08:00,2883,2944
12.02.2019 08:00 - 12.02.2019 09:00,3041,3053
12.02.2019 09:00 - 12.02.2019 10:00,3070,3014
12.02.2019 10:00 - 12.02.2019 11:00,3040,3032
12.02.2019 11:00 - 12.02.2019 12:00,2998,2974
12.02.2019 12:00 - 12.02.2019 13:00,2894,2904
12.02.2019 13:00 - 12.02.2019 14:00,2902,2923
12.02.2019 14:00 - 12.02.2019 15:00,2847,2886
12.02.2019 15:00 - 12.02.2019 16:00,2787,2829
12.02.2019 16:00 - 12.02.2019 17:00,2803,2857
12.02.2019 17:00 - 12.02.2019 18:00,3060,3094
12.02.2019 18:00 - 12.02.2019 19:00,3080,3050
12.02.2019 19:00 - 12.02.2019 20:00,2923,2884
12.02.2019 20:00 - 12.02.2019 21:00,2723,2668
12.02.2019 21:00 - 12.02.2019 22:00,2543,2538
12.02.2019 22:00 - 12.02.2019 23:00,2388,2406
12.02.2019 23:00 - 13.02.2019 00:00,2238,2245
13.02.2019 00:00 - 13.02.2019 01:00,2118,2133
13.02.2019 01:00 - 13.02.2019 02:00,2055,2073
13.02.2019 02:00 - 13.02.2019 03:00,2018,2042
13.02.2019 03:00 - 13.02.2019 04:00,2047,2069
13.02.2019 04:00 - 13.02.2019 05:00,2102,2108
13.02.2019 05:00 - 13.02.2019 06:00,2250,2254
13.02.2019 06:00 - 13.02.2019 07:00,2569,2546
13.02.2019 07:00 - 13.02.2019 08:00,2877,2903
13.02.2019 08:00 - 13.02.2019 09:00,2996,3003
13.02.2019 09:00 - 13.02.2019 10:00,2995,2980
13.02.2019 10:00 - 13.02.2019 11:00,3011,2995
13.02.2019 11:00 - 13.02.2019 12:00,2975,2937
13.02.2019 12:00 - 13.02.2019 13:00,2875,2887
13.02.2019 13:00 - 13.02.2019 14:00,2873,2894
13.02.2019 14:00 - 13.02.2019 15:00,2827,2839
13.02.2019 15:00 - 13.02.2019 16:00,2717,2741
13.02.2019 16:00 - 13.02.2019 17:00,2738,2788
13.02.2019 17:00 - 13.02.2019 18:00,3008,3017
13.02.2019 18:00 - 13.02.2019 19:00,2997,2990
13.02.2019 19:00 - 13.02.2019 20:00,2829,2790
13.02.2019 20:00 - 13.02.2019 21:00,2641,2622
13.02.2019 21:00 - 13.02.2019 22:00,2503,2497
13.02.2019 22:00 - 13.02.2019 23:00,2373,2306
13.02.2019 23:00 - 14.02.2019 00:00,2231,2127
14.02.2019 00:00 - 14.02.2019 01:00,2022,2038
14.02.2019 01:00 - 14.02.2019 02:00,1967,1988
14.02.2019 02:00 - 14.02.2019 03:00,1964,1957
14.02.2019 03:00 - 14.02.2019 04:00,1972,1950
14.02.2019 04:00 - 14.02.2019 05:00,2010,1996
14.02.2019 05:00 - 14.02.2019 06:00,2140,2111
14.02.2019 06:00 - 14.02.2019 07:00,2461,2425
14.02.2019 07:00 - 14.02.2019 08:00,2788,2798
14.02.2019 08:00 - 14.02.2019 09:00,2919,2914
14.02.2019 09:00 - 14.02.2019 10:00,2925,2948
14.02.2019 10:00 - 14.02.2019 11:00,2967,3016
14.02.2019 11:00 - 14.02.2019 12:00,2994,3028
14.02.2019 12:00 - 14.02.2019 13:00,2920,2947
14.02.2019 13:00 - 14.02.2019 14:00,2943,2967
14.02.2019 14:00 - 14.02.2019 15:00,2869,2885
14.02.2019 15:00 - 14.02.2019 16:00,2753,2785
14.02.2019 16:00 - 14.02.2019 17:00,2742,2796
14.02.2019 17:00 - 14.02.2019 18:00,2983,2970
14.02.2019 18:00 - 14.02.2019 19:00,2978,2931
14.02.2019 19:00 - 14.02.2019 20:00,2782,2800
14.02.2019 20:00 - 14.02.2019 21:00,2629,2618
14.02.2019 21:00 - 14.02.2019 22:00,2472,2447
14.02.2019 22:00 - 14.02.2019 23:00,2283,2279
14.02.2019 23:00 - 15.02.2019 00:00,2144,2125
15.02.2019 00:00 - 15.02.2019 01:00,2002,2002
15.02.2019 01:00 - 15.02.2019 02:00,1926,1942
15.02.2019 02:00 - 15.02.2019 03:00,1907,1931
15.02.2019 03:00 - 15.02.2019 04:00,1916,1952
15.02.2019 04:00 - 15.02.2019 05:00,1970,1976
15.02.2019 05:00 - 15.02.2019 06:00,2135,2112
15.02.2019 06:00 - 15.02.2019 07:00,2431,2424
15.02.2019 07:00 - 15.02.2019 08:00,2783,2797
15.02.2019 08:00 - 15.02.2019 09:00,2929,2909
15.02.2019 09:00 - 15.02.2019 10:00,2915,2887
15.02.2019 10:00 - 15.02.2019 11:00,2895,2865
15.02.2019 11:00 - 15.02.2019 12:00,2816,2775
15.02.2019 12:00 - 15.02.2019 13:00,2668,2656
15.02.2019 13:00 - 15.02.2019 14:00,2575,2580
15.02.2019 14:00 - 15.02.2019 15:00,2479,2451
15.02.2019 15:00 - 15.02.2019 16:00,2374,2365
15.02.2019 16:00 - 15.02.2019 17:00,2409,2394
15.02.2019 17:00 - 15.02.2019 18:00,2611,2632
15.02.2019 18:00 - 15.02.2019 19:00,2704,2727
15.02.2019 19:00 - 15.02.2019 20:00,2537,2534
15.02.2019 20:00 - 15.02.2019 21:00,2360,2345
15.02.2019 21:00 - 15.02.2019 22:00,2201,2218
15.02.2019 22:00 - 15.02.2019 23:00,2076,2143
15.02.2019 23:00 - 16.02.2019 00:00,1937,2041
16.02.2019 00:00 - 16.02.2019 01:00,1902,1905
16.02.2019 01:00 - 16.02.2019 02:00,1814,1851
16.02.2019 02:00 - 16.02.2019 03:00,1811,1816
16.02.2019 03:00 - 16.02.2019 04:00,1789,1811
16.02.2019 04:00 - 16.02.2019 05:00,1803,1839
16.02.2019 05:00 - 16.02.2019 06:00,1875,1893
16.02.2019 06:00 - 16.02.2019 07:00,2009,2000
16.02.2019 07:00 - 16.02.2019 08:00,2179,2170
16.02.2019 08:00 - 16.02.2019 09:00,2319,2294
16.02.2019 09:00 - 16.02.2019 10:00,2373,2359
16.02.2019 10:00 - 16.02.2019 11:00,2396,2380
16.02.2019 11:00 - 16.02.2019 12:00,2344,2313
16.02.2019 12:00 - 16.02.2019 13:00,2285,2273
16.02.2019 13:00 - 16.02.2019 14:00,2250,2253
16.02.2019 14:00 - 16.02.2019 15:00,2209,2166
16.02.2019 15:00 - 16.02.2019 16:00,2157,2164
16.02.2019 16:00 - 16.02.2019 17:00,2243,2267
16.02.2019 17:00 - 16.02.2019 18:00,2491,2465
16.02.2019 18:00 - 16.02.2019 19:00,2562,2550
16.02.2019 19:00 - 16.02.2019 20:00,2351,2322
16.02.2019 20:00 - 16.02.2019 21:00,2172,2168
16.02.2019 21:00 - 16.02.2019 22:00,2039,2059
16.02.2019 22:00 - 16.02.2019 23:00,1937,1946
16.02.2019 23:00 - 17.02.2019 00:00,1834,1849
17.02.2019 00:00 - 17.02.2019 01:00,1748,1748
17.02.2019 01:00 - 17.02.2019 02:00,1694,1714
17.02.2019 02:00 - 17.02.2019 03:00,1680,1681
17.02.2019 03:00 - 17.02.2019 04:00,1669,1679
17.02.2019 04:00 - 17.02.2019 05:00,1683,1693
17.02.2019 05:00 - 17.02.2019 06:00,1718,1733
17.02.2019 06:00 - 17.02.2019 07:00,1821,1815
17.02.2019 07:00 - 17.02.2019 08:00,1978,1966
17.02.2019 08:00 - 17.02.2019 09:00,2105,2111
17.02.2019 09:00 - 17.02.2019 10:00,2230,2221
17.02.2019 10:00 - 17.02.2019 11:00,2271,2238
17.02.2019 11:00 - 17.02.2019 12:00,2272,2235
17.02.2019 12:00 - 17.02.2019 13:00,2201,2219
17.02.2019 13:00 - 17.02.2019 14:00,2172,2176
17.02.2019 14:00 - 17.02.2019 15:00,2150,2138
17.02.2019 15:00 - 17.02.2019 16:00,2138,2135
17.02.2019 16:00 - 17.02.2019 17:00,2240,2203
17.02.2019 17:00 - 17.02.2019 18:00,2514,2490
17.02.2019 18:00 - 17.02.2019 19:00,2596,2573
17.02.2019 19:00 - 17.02.2019 20:00,2417,2438
17.02.2019 20:00 - 17.02.2019 21:00,2267,2271
17.02.2019 21:00 - 17.02.2019 22:00,2128,2172
17.02.2019 22:00 - 17.02.2019 23:00,2001,2054
17.02.2019 23:00 - 18.02.2019 00:00,1885,1934
18.02.2019 00:00 - 18.02.2019 01:00,1839,1877
18.02.2019 01:00 - 18.02.2019 02:00,1832,1861
18.02.2019 02:00 - 18.02.2019 03:00,1832,1845
18.02.2019 03:00 - 18.02.2019 04:00,1834,1856
18.02.2019 04:00 - 18.02.2019 05:00,1890,1914
18.02.2019 05:00 - 18.02.2019 06:00,2063,2054
18.02.2019 06:00 - 18.02.2019 07:00,2462,2433
18.02.2019 07:00 - 18.02.2019 08:00,2876,2861
18.02.2019 08:00 - 18.02.2019 09:00,2978,2968
18.02.2019 09:00 - 18.02.2019 10:00,2961,2910
18.02.2019 10:00 - 18.02.2019 11:00,2969,2934
18.02.2019 11:00 - 18.02.2019 12:00,2920,2873
18.02.2019 12:00 - 18.02.2019 13:00,2819,2788
18.02.2019 13:00 - 18.02.2019 14:00,2820,2788
18.02.2019 14:00 - 18.02.2019 15:00,2755,2744
18.02.2019 15:00 - 18.02.2019 16:00,2677,2668
18.02.2019 16:00 - 18.02.2019 17:00,2659,2665
18.02.2019 17:00 - 18.02.2019 18:00,2885,2909
18.02.2019 18:00 - 18.02.2019 19:00,2928,2920
18.02.2019 19:00 - 18.02.2019 20:00,2753,2749
18.02.2019 20:00 - 18.02.2019 21:00,2546,2544
18.02.2019 21:00 - 18.02.2019 22:00,2370,2388
18.02.2019 22:00 - 18.02.2019 23:00,2190,2231
18.02.2019 23:00 - 19.02.2019 00:00,2030,2065
19.02.2019 00:00 - 19.02.2019 01:00,1962,1976
19.02.2019 01:00 - 19.02.2019 02:00,1911,1931
19.02.2019 02:00 - 19.02.2019 03:00,1902,1897
19.02.2019 03:00 - 19.02.2019 04:00,1887,1938
19.02.2019 04:00 - 19.02.2019 05:00,1960,1983
19.02.2019 05:00 - 19.02.2019 06:00,2134,2135
19.02.2019 06:00 - 19.02.2019 07:00,2513,2480
19.02.2019 07:00 - 19.02.2019 08:00,2874,2886
19.02.2019 08:00 - 19.02.2019 09:00,2983,2986
19.02.2019 09:00 - 19.02.2019 10:00,3006,2946
19.02.2019 10:00 - 19.02.2019 11:00,3005,2993
19.02.2019 11:00 - 19.02.2019 12:00,2974,2959
19.02.2019 12:00 - 19.02.2019 13:00,2882,2835
19.02.2019 13:00 - 19.02.2019 14:00,2863,2746
19.02.2019 14:00 - 19.02.2019 15:00,2780,2793
19.02.2019 15:00 - 19.02.2019 16:00,2723,2731
19.02.2019 16:00 - 19.02.2019 17:00,2729,2736
19.02.2019 17:00 - 19.02.2019 18:00,2978,2943
19.02.2019 18:00 - 19.02.2019 19:00,2969,2967
19.02.2019 19:00 - 19.02.2019 20:00,2769,2778
19.02.2019 20:00 - 19.02.2019 21:00,2609,2632
19.02.2019 21:00 - 19.02.2019 22:00,2454,2446
19.02.2019 22:00 - 19.02.2019 23:00,2298,2354
19.02.2019 23:00 - 20.02.2019 00:00,2174,2181
20.02.2019 00:00 - 20.02.2019 01:00,2044,2042
20.02.2019 01:00 - 20.02.2019 02:00,1979,1997
20.02.2019 02:00 - 20.02.2019 03:00,1990,2009
20.02.2019 03:00 - 20.02.2019 04:00,1977,1999
20.02.2019 04:00 - 20.02.2019 05:00,2049,2052
20.02.2019 05:00 - 20.02.2019 06:00,2187,2146
20.02.2019 06:00 - 20.02.2019 07:00,2482,2476
20.02.2019 07:00 - 20.02.2019 08:00,2861,2860
20.02.2019 08:00 - 20.02.2019 09:00,2964,2938
20.02.2019 09:00 - 20.02.2019 10:00,2935,2886
20.02.2019 10:00 - 20.02.2019 11:00,2945,2937
20.02.2019 11:00 - 20.02.2019 12:00,2926,2915
20.02.2019 12:00 - 20.02.2019 13:00,2839,2837
20.02.2019 13:00 - 20.02.2019 14:00,2862,2870
20.02.2019 14:00 - 20.02.2019 15:00,2807,2818
20.02.2019 15:00 - 20.02.2019 16:00,2738,2755
20.02.2019 16:00 - 20.02.2019 17:00,2766,2800
20.02.2019 17:00 - 20.02.2019 18:00,3022,3016
20.02.2019 18:00 - 20.02.2019 19:00,3011,2980
20.02.2019 19:00 - 20.02.2019 20:00,2812,2780
20.02.2019 20:00 - 20.02.2019 21:00,2647,2654
20.02.2019 21:00 - 20.02.2019 22:00,2471,2475
20.02.2019 22:00 - 20.02.2019 23:00,2321,2301
20.02.2019 23:00 - 21.02.2019 00:00,2176,2114
21.02.2019 00:00 - 21.02.2019 01:00,1973,1992
21.02.2019 01:00 - 21.02.2019 02:00,1909,1968
21.02.2019 02:00 - 21.02.2019 03:00,1932,1941
21.02.2019 03:00 - 21.02.2019 04:00,1924,1927
21.02.2019 04:00 - 21.02.2019 05:00,1971,1983
21.02.2019 05:00 - 21.02.2019 06:00,2184,2135
21.02.2019 06:00 - 21.02.2019 07:00,2498,2478
21.02.2019 07:00 - 21.02.2019 08:00,2863,2856
21.02.2019 08:00 - 21.02.2019 09:00,2975,2996
21.02.2019 09:00 - 21.02.2019 10:00,2959,2960
21.02.2019 10:00 - 21.02.2019 11:00,2964,2983
21.02.2019 11:00 - 21.02.2019 12:00,2973,2992
21.02.2019 12:00 - 21.02.2019 13:00,2912,2901
21.02.2019 13:00 - 21.02.2019 14:00,2892,2884
21.02.2019 14:00 - 21.02.2019 15:00,2831,2845
21.02.2019 15:00 - 21.02.2019 16:00,2744,2747
21.02.2019 16:00 - 21.02.2019 17:00,2752,2744
21.02.2019 17:00 - 21.02.2019 18:00,2975,2963
21.02.2019 18:00 - 21.02.2019 19:00,2983,2936
21.02.2019 19:00 - 21.02.2019 20:00,2777,2788
21.02.2019 20:00 - 21.02.2019 21:00,2606,2608
21.02.2019 21:00 - 21.02.2019 22:00,2471,2495
21.02.2019 22:00 - 21.02.2019 23:00,2362,2294
21.02.2019 23:00 - 22.02.2019 00:00,2232,2053
22.02.2019 00:00 - 22.02.2019 01:00,1994,1988
22.02.2019 01:00 - 22.02.2019 02:00,1910,1972
22.02.2019 02:00 - 22.02.2019 03:00,1919,1947
22.02.2019 03:00 - 22.02.2019 04:00,1961,1906
22.02.2019 04:00 - 22.02.2019 05:00,1960,1958
22.02.2019 05:00 - 22.02.2019 06:00,2109,2134
22.02.2019 06:00 - 22.02.2019 07:00,2486,2508
22.02.2019 07:00 - 22.02.2019 08:00,2846,2835
22.02.2019 08:00 - 22.02.2019 09:00,2951,2958
22.02.2019 09:00 - 22.02.2019 10:00,2937,2974
22.02.2019 10:00 - 22.02.2019 11:00,3004,2984
22.02.2019 11:00 - 22.02.2019 12:00,2933,2926
22.02.2019 12:00 - 22.02.2019 13:00,2788,2783
22.02.2019 13:00 - 22.02.2019 14:00,2694,2729
22.02.2019 14:00 - 22.02.2019 15:00,2629,2618
22.02.2019 15:00 - 22.02.2019 16:00,2484,2470
22.02.2019 16:00 - 22.02.2019 17:00,2472,2496
22.02.2019 17:00 - 22.02.2019 18:00,2708,2731
22.02.2019 18:00 - 22.02.2019 19:00,2823,2809
22.02.2019 19:00 - 22.02.2019 20:00,2604,2595
22.02.2019 20:00 - 22.02.2019 21:00,2406,2421
22.02.2019 21:00 - 22.02.2019 22:00,2283,2247
22.02.2019 22:00 - 22.02.2019 23:00,2171,2114
22.02.2019 23:00 - 23.02.2019 00:00,2073,2001
23.02.2019 00:00 - 23.02.2019 01:00,1888,1930
23.02.2019 01:00 - 23.02.2019 02:00,1838,1870
23.02.2019 02:00 - 23.02.2019 03:00,1814,1843
23.02.2019 03:00 - 23.02.2019 04:00,1824,1837
23.02.2019 04:00 - 23.02.2019 05:00,1862,1852
23.02.2019 05:00 - 23.02.2019 06:00,1921,1902
23.02.2019 06:00 - 23.02.2019 07:00,2002,2001
23.02.2019 07:00 - 23.02.2019 08:00,2132,2159
23.02.2019 08:00 - 23.02.2019 09:00,2297,2334
23.02.2019 09:00 - 23.02.2019 10:00,2414,2392
23.02.2019 10:00 - 23.02.2019 11:00,2423,2389
23.02.2019 11:00 - 23.02.2019 12:00,2363,2350
23.02.2019 12:00 - 23.02.2019 13:00,2308,2285
23.02.2019 13:00 - 23.02.2019 14:00,2237,2211
23.02.2019 14:00 - 23.02.2019 15:00,2204,2171
23.02.2019 15:00 - 23.02.2019 16:00,2171,2149
23.02.2019 16:00 - 23.02.2019 17:00,2210,2182
23.02.2019 17:00 - 23.02.2019 18:00,2438,2422
23.02.2019 18:00 - 23.02.2019 19:00,2530,2567
23.02.2019 19:00 - 23.02.2019 20:00,2384,2397
23.02.2019 20:00 - 23.02.2019 21:00,2240,2246
23.02.2019 21:00 - 23.02.2019 22:00,2136,2137
23.02.2019 22:00 - 23.02.2019 23:00,2012,2008
23.02.2019 23:00 - 24.02.2019 00:00,1903,1917
24.02.2019 00:00 - 24.02.2019 01:00,1836,1850
24.02.2019 01:00 - 24.02.2019 02:00,1779,1796
24.02.2019 02:00 - 24.02.2019 03:00,1745,1770
24.02.2019 03:00 - 24.02.2019 04:00,1755,1760
24.02.2019 04:00 - 24.02.2019 05:00,1772,1771
24.02.2019 05:00 - 24.02.2019 06:00,1771,1829
24.02.2019 06:00 - 24.02.2019 07:00,1910,1927
24.02.2019 07:00 - 24.02.2019 08:00,2039,2059
24.02.2019 08:00 - 24.02.2019 09:00,2204,2183
24.02.2019 09:00 - 24.02.2019 10:00,2265,2225
24.02.2019 10:00 - 24.02.2019 11:00,2250,2228
24.02.2019 11:00 - 24.02.2019 12:00,2256,2229
24.02.2019 12:00 - 24.02.2019 13:00,2231,2196
24.02.2019 13:00 - 24.02.2019 14:00,2168,2150
24.02.2019 14:00 - 24.02.2019 15:00,2141,2135
24.02.2019 15:00 - 24.02.2019 16:00,2129,2118
24.02.2019 16:00 - 24.02.2019 17:00,2201,2172
24.02.2019 17:00 - 24.02.2019 18:00,2462,2446
24.02.2019 18:00 - 24.02.2019 19:00,2559,2572
24.02.2019 19:00 - 24.02.2019 20:00,2413,2409
24.02.2019 20:00 - 24.02.2019 21:00,2242,2241
24.02.2019 21:00 - 24.02.2019 22:00,2115,2102
24.02.2019 22:00 - 24.02.2019 23:00,1978,1972
24.02.2019 23:00 - 25.02.2019 00:00,1893,1882
25.02.2019 00:00 - 25.02.2019 01:00,1833,1859
25.02.2019 01:00 - 25.02.2019 02:00,1802,1829
25.02.2019 02:00 - 25.02.2019 03:00,1814,1835
25.02.2019 03:00 - 25.02.2019 04:00,1851,1850
25.02.2019 04:00 - 25.02.2019 05:00,1891,1913
25.02.2019 05:00 - 25.02.2019 06:00,2066,2063
25.02.2019 06:00 - 25.02.2019 07:00,2490,2478
25.02.2019 07:00 - 25.02.2019 08:00,2884,2862
25.02.2019 08:00 - 25.02.2019 09:00,2968,2944
25.02.2019 09:00 - 25.02.2019 10:00,2952,2918
25.02.2019 10:00 - 25.02.2019 11:00,2979,2943
25.02.2019 11:00 - 25.02.2019 12:00,2932,2913
25.02.2019 12:00 - 25.02.2019 13:00,2851,2809
25.02.2019 13:00 - 25.02.2019 14:00,2838,2789
25.02.2019 14:00 - 25.02.2019 15:00,2735,2708
25.02.2019 15:00 - 25.02.2019 16:00,2623,2624
25.02.2019 16:00 - 25.02.2019 17:00,2638,2635
25.02.2019 17:00 - 25.02.2019 18:00,2852,2865
25.02.2019 18:00 - 25.02.2019 19:00,2932,2931
25.02.2019 19:00 - 25.02.2019 20:00,2745,2740
25.02.2019 20:00 - 25.02.2019 21:00,2527,2529
25.02.2019 21:00 - 25.02.2019 22:00,2363,2358
25.02.2019 22:00 - 25.02.2019 23:00,2176,2228
25.02.2019 23:00 - 26.02.2019 00:00,2018,2074
26.02.2019 00:00 - 26.02.2019 01:00,1954,1979
26.02.2019 01:00 - 26.02.2019 02:00,1893,1919
26.02.2019 02:00 - 26.02.2019 03:00,1868,1877
26.02.2019 03:00 - 26.02.2019 04:00,1889,1894
26.02.2019 04:00 - 26.02.2019 05:00,1949,1945
26.02.2019 05:00 - 26.02.2019 06:00,2096,2080
26.02.2019 06:00 - 26.02.2019 07:00,2457,2470
26.02.2019 07:00 - 26.02.2019 08:00,2837,2848
26.02.2019 08:00 - 26.02.2019 09:00,2958,2922
26.02.2019 09:00 - 26.02.2019 10:00,2897,2870
26.02.2019 10:00 - 26.02.2019 11:00,2898,2862
26.02.2019 11:00 - 26.02.2019 12:00,2864,2828
26.02.2019 12:00 - 26.02.2019 13:00,2790,2719
26.02.2019 13:00 - 26.02.2019 14:00,2744,2734
26.02.2019 14:00 - 26.02.2019 15:00,2690,2700
26.02.2019 15:00 - 26.02.2019 16:00,2597,2570
26.02.2019 16:00 - 26.02.2019 17:00,2588,2560
26.02.2019 17:00 - 26.02.2019 18:00,2769,2755
26.02.2019 18:00 - 26.02.2019 19:00,2838,2845
26.02.2019 19:00 - 26.02.2019 20:00,2687,2699
26.02.2019 20:00 - 26.02.2019 21:00,2523,2523
26.02.2019 21:00 - 26.02.2019 22:00,2346,2389
26.02.2019 22:00 - 26.02.2019 23:00,2194,2205
26.02.2019 23:00 - 27.02.2019 00:00,2046,2031
27.02.2019 00:00 - 27.02.2019 01:00,1900,1940
27.02.2019 01:00 - 27.02.2019 02:00,1855,1880
27.02.2019 02:00 - 27.02.2019 03:00,1843,1849
27.02.2019 03:00 - 27.02.2019 04:00,1863,1859
27.02.2019 04:00 - 27.02.2019 05:00,1922,1914
27.02.2019 05:00 - 27.02.2019 06:00,2075,2073
27.02.2019 06:00 - 27.02.2019 07:00,2509,2486
27.02.2019 07:00 - 27.02.2019 08:00,2886,2824
27.02.2019 08:00 - 27.02.2019 09:00,2934,2861
27.02.2019 09:00 - 27.02.2019 10:00,2844,2818
27.02.2019 10:00 - 27.02.2019 11:00,2852,2781
27.02.2019 11:00 - 27.02.2019 12:00,2776,2730
27.02.2019 12:00 - 27.02.2019 13:00,2704,2660
27.02.2019 13:00 - 27.02.2019 14:00,2685,2659
27.02.2019 14:00 - 27.02.2019 15:00,2617,2615
27.02.2019 15:00 - 27.02.2019 16:00,2541,2543
27.02.2019 16:00 - 27.02.2019 17:00,2565,2573
27.02.2019 17:00 - 27.02.2019 18:00,2761,2762
27.02.2019 18:00 - 27.02.2019 19:00,2822,2840
27.02.2019 19:00 - 27.02.2019 20:00,2667,2667
27.02.2019 20:00 - 27.02.2019 21:00,2473,2504
27.02.2019 21:00 - 27.02.2019 22:00,2324,2339
27.02.2019 22:00 - 27.02.2019 23:00,2168,2165
27.02.2019 23:00 - 28.02.2019 00:00,2020,2042
28.02.2019 00:00 - 28.02.2019 01:00,1904,1892
28.02.2019 01:00 - 28.02.2019 02:00,1798,1828
28.02.2019 02:00 - 28.02.2019 03:00,1781,1833
28.02.2019 03:00 - 28.02.2019 04:00,1814,1836
28.02.2019 04:00 - 28.02.2019 05:00,1893,1909
28.02.2019 05:00 - 28.02.2019 06:00,2068,2086
28.02.2019 06:00 - 28.02.2019 07:00,2476,2416
28.02.2019 07:00 - 28.02.2019 08:00,2805,2784
28.02.2019 08:00 - 28.02.2019 09:00,2888,2871
28.02.2019 09:00 - 28.02.2019 10:00,2881,2813
28.02.2019 10:00 - 28.02.2019 11:00,2900,2830
28.02.2019 11:00 - 28.02.2019 12:00,2831,2793
28.02.2019 12:00 - 28.02.2019 13:00,2766,2722
28.02.2019 13:00 - 28.02.2019 14:00,2746,2736
28.02.2019 14:00 - 28.02.2019 15:00,2676,2650
28.02.2019 15:00 - 28.02.2019 16:00,2565,2545
28.02.2019 16:00 - 28.02.2019 17:00,2559,2545
28.02.2019 17:00 - 28.02.2019 18:00,2744,2735
28.02.2019 18:00 - 28.02.2019 19:00,2810,2823
28.02.2019 19:00 - 28.02.2019 20:00,2666,2686
28.02.2019 20:00 - 28.02.2019 21:00,2483,2522
28.02.2019 21:00 - 28.02.2019 22:00,2340,2340
28.02.2019 22:00 - 28.02.2019 23:00,2172,2152
28.02.2019 23:00 - 01.03.2019 00:00,2010,1990
01.03.2019 00:00 - 01.03.2019 01:00,1869,1927
01.03.2019 01:00 - 01.03.2019 02:00,1840,1882
01.03.2019 02:00 - 01.03.2019 03:00,1854,1872
01.03.2019 03:00 - 01.03.2019 04:00,1887,1895
01.03.2019 04:00 - 01.03.2019 05:00,1946,1945
01.03.2019 05:00 - 01.03.2019 06:00,2107,2087
01.03.2019 06:00 - 01.03.2019 07:00,2483,2462
01.03.2019 07:00 - 01.03.2019 08:00,2824,2813
01.03.2019 08:00 - 01.03.2019 09:00,2914,2906
01.03.2019 09:00 - 01.03.2019 10:00,2882,2861
01.03.2019 10:00 - 01.03.2019 11:00,2880,2845
01.03.2019 11:00 - 01.03.2019 12:00,2831,2777
01.03.2019 12:00 - 01.03.2019 13:00,2685,2632
01.03.2019 13:00 - 01.03.2019 14:00,2559,2540
01.03.2019 14:00 - 01.03.2019 15:00,2436,2406
01.03.2019 15:00 - 01.03.2019 16:00,2352,2350
01.03.2019 16:00 - 01.03.2019 17:00,2374,2387
01.03.2019 17:00 - 01.03.2019 18:00,2548,2587
01.03.2019 18:00 - 01.03.2019 19:00,2646,2681
01.03.2019 19:00 - 01.03.2019 20:00,2481,2511
01.03.2019 20:00 - 01.03.2019 21:00,2341,2333
01.03.2019 21:00 - 01.03.2019 22:00,2185,2183
01.03.2019 22:00 - 01.03.2019 23:00,2049,2063
01.03.2019 23:00 - 02.03.2019 00:00,1922,1941
02.03.2019 00:00 - 02.03.2019 01:00,1815,1838
02.03.2019 01:00 - 02.03.2019 02:00,1738,1773
02.03.2019 02:00 - 02.03.2019 03:00,1710,1790
02.03.2019 03:00 - 02.03.2019 04:00,1789,1802
02.03.2019 04:00 - 02.03.2019 05:00,1812,1815
02.03.2019 05:00 - 02.03.2019 06:00,1855,1867
02.03.2019 06:00 - 02.03.2019 07:00,1987,1973
02.03.2019 07:00 - 02.03.2019 08:00,2130,2120
02.03.2019 08:00 - 02.03.2019 09:00,2307,2334
02.03.2019 09:00 - 02.03.2019 10:00,2447,2417
02.03.2019 10:00 - 02.03.2019 11:00,2426,2387
02.03.2019 11:00 - 02.03.2019 12:00,2353,2314
02.03.2019 12:00 - 02.03.2019 13:00,2293,2295
02.03.2019 13:00 - 02.03.2019 14:00,2255,2249
02.03.2019 14:00 - 02.03.2019 15:00,2227,2223
02.03.2019 15:00 - 02.03.2019 16:00,2217,2232
02.03.2019 16:00 - 02.03.2019 17:00,2289,2307
02.03.2019 17:00 - 02.03.2019 18:00,2502,2497
02.03.2019 18:00 - 02.03.2019 19:00,2579,2585
02.03.2019 19:00 - 02.03.2019 20:00,2404,2413
02.03.2019 20:00 - 02.03.2019 21:00,2245,2256
02.03.2019 21:00 - 02.03.2019 22:00,2115,2113
02.03.2019 22:00 - 02.03.2019 23:00,1968,1976
02.03.2019 23:00 - 03.03.2019 00:00,1849,1944
03.03.2019 00:00 - 03.03.2019 01:00,1867,1894
03.03.2019 01:00 - 03.03.2019 02:00,1819,1841
03.03.2019 02:00 - 03.03.2019 03:00,1816,1830
03.03.2019 03:00 - 03.03.2019 04:00,1817,1836
03.03.2019 04:00 - 03.03.2019 05:00,1844,1853
03.03.2019 05:00 - 03.03.2019 06:00,1867,1862
03.03.2019 06:00 - 03.03.2019 07:00,1951,1963
03.03.2019 07:00 - 03.03.2019 08:00,2051,2094
03.03.2019 08:00 - 03.03.2019 09:00,2279,2272
03.03.2019 09:00 - 03.03.2019 10:00,2361,2338
03.03.2019 10:00 - 03.03.2019 11:00,2393,2346
03.03.2019 11:00 - 03.03.2019 12:00,2341,2337
03.03.2019 12:00 - 03.03.2019 13:00,2305,2281
03.03.2019 13:00 - 03.03.2019 14:00,2243,2213
03.03.2019 14:00 - 03.03.2019 15:00,2205,2233
03.03.2019 15:00 - 03.03.2019 16:00,2223,2242
03.03.2019 16:00 - 03.03.2019 17:00,2291,2323
03.03.2019 17:00 - 03.03.2019 18:00,2534,2539
03.03.2019 18:00 - 03.03.2019 19:00,2626,2596
03.03.2019 19:00 - 03.03.2019 20:00,2453,2439
03.03.2019 20:00 - 03.03.2019 21:00,2282,2275
03.03.2019 21:00 - 03.03.2019 22:00,2147,2134
03.03.2019 22:00 - 03.03.2019 23:00,2031,2022
03.03.2019 23:00 - 04.03.2019 00:00,1945,1914
04.03.2019 00:00 - 04.03.2019 01:00,1843,1865
04.03.2019 01:00 - 04.03.2019 02:00,1843,1911
04.03.2019 02:00 - 04.03.2019 03:00,1902,1929
04.03.2019 03:00 - 04.03.2019 04:00,1928,1955
04.03.2019 04:00 - 04.03.2019 05:00,1972,1946
04.03.2019 05:00 - 04.03.2019 06:00,2099,2078
04.03.2019 06:00 - 04.03.2019 07:00,2481,2477
04.03.2019 07:00 - 04.03.2019 08:00,2854,2808
04.03.2019 08:00 - 04.03.2019 09:00,2927,2928
04.03.2019 09:00 - 04.03.2019 10:00,2940,2926
04.03.2019 10:00 - 04.03.2019 11:00,3006,3021
04.03.2019 11:00 - 04.03.2019 12:00,3011,2997
04.03.2019 12:00 - 04.03.2019 13:00,2934,2906
04.03.2019 13:00 - 04.03.2019 14:00,2898,2887
04.03.2019 14:00 - 04.03.2019 15:00,2831,2839
04.03.2019 15:00 - 04.03.2019 16:00,2743,2735
04.03.2019 16:00 - 04.03.2019 17:00,2731,2722
04.03.2019 17:00 - 04.03.2019 18:00,2920,2909
04.03.2019 18:00 - 04.03.2019 19:00,2939,2962
04.03.2019 19:00 - 04.03.2019 20:00,2814,2802
04.03.2019 20:00 - 04.03.2019 21:00,2605,2631
04.03.2019 21:00 - 04.03.2019 22:00,2442,2458
04.03.2019 22:00 - 04.03.2019 23:00,2289,2267
04.03.2019 23:00 - 05.03.2019 00:00,2140,2199
05.03.2019 00:00 - 05.03.2019 01:00,2061,2091
05.03.2019 01:00 - 05.03.2019 02:00,2000,1984
05.03.2019 02:00 - 05.03.2019 03:00,1955,1956
05.03.2019 03:00 - 05.03.2019 04:00,1959,1977
05.03.2019 04:00 - 05.03.2019 05:00,2034,2053
05.03.2019 05:00 - 05.03.2019 06:00,2240,2207
05.03.2019 06:00 - 05.03.2019 07:00,2590,2579
05.03.2019 07:00 - 05.03.2019 08:00,2950,2957
05.03.2019 08:00 - 05.03.2019 09:00,3050,2991
05.03.2019 09:00 - 05.03.2019 10:00,2994,2937
05.03.2019 10:00 - 05.03.2019 11:00,3020,2967
05.03.2019 11:00 - 05.03.2019 12:00,2988,2959
05.03.2019 12:00 - 05.03.2019 13:00,2897,2882
05.03.2019 13:00 - 05.03.2019 14:00,2887,2889
05.03.2019 14:00 - 05.03.2019 15:00,2788,2785
05.03.2019 15:00 - 05.03.2019 16:00,2740,2747
05.03.2019 16:00 - 05.03.2019 17:00,2737,2713
05.03.2019 17:00 - 05.03.2019 18:00,2878,2854
05.03.2019 18:00 - 05.03.2019 19:00,2906,2884
05.03.2019 19:00 - 05.03.2019 20:00,2774,2754
05.03.2019 20:00 - 05.03.2019 21:00,2583,2583
05.03.2019 21:00 - 05.03.2019 22:00,2416,2431
05.03.2019 22:00 - 05.03.2019 23:00,2253,2237
05.03.2019 23:00 - 06.03.2019 00:00,2113,2032
06.03.2019 00:00 - 06.03.2019 01:00,1936,1952
06.03.2019 01:00 - 06.03.2019 02:00,1879,1894
06.03.2019 02:00 - 06.03.2019 03:00,1867,1889
06.03.2019 03:00 - 06.03.2019 04:00,1902,1894
06.03.2019 04:00 - 06.03.2019 05:00,1953,1936
06.03.2019 05:00 - 06.03.2019 06:00,2089,2088
06.03.2019 06:00 - 06.03.2019 07:00,2427,2447
06.03.2019 07:00 - 06.03.2019 08:00,2771,2763
06.03.2019 08:00 - 06.03.2019 09:00,2892,2863
06.03.2019 09:00 - 06.03.2019 10:00,2877,2891
06.03.2019 10:00 - 06.03.2019 11:00,2951,2919
06.03.2019 11:00 - 06.03.2019 12:00,2904,2916
06.03.2019 12:00 - 06.03.2019 13:00,2850,2880
06.03.2019 13:00 - 06.03.2019 14:00,2913,2923
06.03.2019 14:00 - 06.03.2019 15:00,2870,2870
06.03.2019 15:00 - 06.03.2019 16:00,2768,2822
06.03.2019 16:00 - 06.03.2019 17:00,2801,2844
06.03.2019 17:00 - 06.03.2019 18:00,2999,3000
06.03.2019 18:00 - 06.03.2019 19:00,3025,2990
06.03.2019 19:00 - 06.03.2019 20:00,2846,2794
06.03.2019 20:00 - 06.03.2019 21:00,2610,2641
06.03.2019 21:00 - 06.03.2019 22:00,2455,2491
06.03.2019 22:00 - 06.03.2019 23:00,2301,2340
06.03.2019 23:00 - 07.03.2019 00:00,2145,2142
07.03.2019 00:00 - 07.03.2019 01:00,2031,2048
07.03.2019 01:00 - 07.03.2019 02:00,1953,1976
07.03.2019 02:00 - 07.03.2019 03:00,1953,1961
07.03.2019 03:00 - 07.03.2019 04:00,1953,1976
07.03.2019 04:00 - 07.03.2019 05:00,2017,2024
07.03.2019 05:00 - 07.03.2019 06:00,2167,2137
07.03.2019 06:00 - 07.03.2019 07:00,2495,2472
07.03.2019 07:00 - 07.03.2019 08:00,2826,2819
07.03.2019 08:00 - 07.03.2019 09:00,2943,2906
07.03.2019 09:00 - 07.03.2019 10:00,2927,2918
07.03.2019 10:00 - 07.03.2019 11:00,2968,2947
07.03.2019 11:00 - 07.03.2019 12:00,2943,2948
07.03.2019 12:00 - 07.03.2019 13:00,2876,2882
07.03.2019 13:00 - 07.03.2019 14:00,2897,2874
07.03.2019 14:00 - 07.03.2019 15:00,2868,2912
07.03.2019 15:00 - 07.03.2019 16:00,2808,2791
07.03.2019 16:00 - 07.03.2019 17:00,2765,2770
07.03.2019 17:00 - 07.03.2019 18:00,2940,2964
07.03.2019 18:00 - 07.03.2019 19:00,2977,2959
07.03.2019 19:00 - 07.03.2019 20:00,2839,2814
07.03.2019 20:00 - 07.03.2019 21:00,2665,2647
07.03.2019 21:00 - 07.03.2019 22:00,2487,2445
07.03.2019 22:00 - 07.03.2019 23:00,2309,2278
07.03.2019 23:00 - 08.03.2019 00:00,2174,2098
08.03.2019 00:00 - 08.03.2019 01:00,2018,1996
08.03.2019 01:00 - 08.03.2019 02:00,1920,1933
08.03.2019 02:00 - 08.03.2019 03:00,1903,1925
08.03.2019 03:00 - 08.03.2019 04:00,1933,1960
08.03.2019 04:00 - 08.03.2019 05:00,2017,2017
08.03.2019 05:00 - 08.03.2019 06:00,2175,2176
08.03.2019 06:00 - 08.03.2019 07:00,2532,2541
08.03.2019 07:00 - 08.03.2019 08:00,2879,2834
08.03.2019 08:00 - 08.03.2019 09:00,2952,2899
08.03.2019 09:00 - 08.03.2019 10:00,2892,2890
08.03.2019 10:00 - 08.03.2019 11:00,2925,2905
08.03.2019 11:00 - 08.03.2019 12:00,2889,2896
08.03.2019 12:00 - 08.03.2019 13:00,2798,2838
08.03.2019 13:00 - 08.03.2019 14:00,2766,2795
08.03.2019 14:00 - 08.03.2019 15:00,2656,2673
08.03.2019 15:00 - 08.03.2019 16:00,2589,2619
08.03.2019 16:00 - 08.03.2019 17:00,2608,2575
08.03.2019 17:00 - 08.03.2019 18:00,2715,2713
08.03.2019 18:00 - 08.03.2019 19:00,2730,2695
08.03.2019 19:00 - 08.03.2019 20:00,2571,2557
08.03.2019 20:00 - 08.03.2019 21:00,2385,2393
08.03.2019 21:00 - 08.03.2019 22:00,2244,2251
08.03.2019 22:00 - 08.03.2019 23:00,2089,2128
08.03.2019 23:00 - 09.03.2019 00:00,1961,1998
09.03.2019 00:00 - 09.03.2019 01:00,1891,1899
09.03.2019 01:00 - 09.03.2019 02:00,1811,1827
09.03.2019 02:00 - 09.03.2019 03:00,1772,1797
09.03.2019 03:00 - 09.03.2019 04:00,1796,1830
09.03.2019 04:00 - 09.03.2019 05:00,1830,1845
09.03.2019 05:00 - 09.03.2019 06:00,1895,1913
09.03.2019 06:00 - 09.03.2019 07:00,2012,2044
09.03.2019 07:00 - 09.03.2019 08:00,2213,2217
09.03.2019 08:00 - 09.03.2019 09:00,2385,2398
09.03.2019 09:00 - 09.03.2019 10:00,2466,2445
09.03.2019 10:00 - 09.03.2019 11:00,2481,2479
09.03.2019 11:00 - 09.03.2019 12:00,2481,2504
09.03.2019 12:00 - 09.03.2019 13:00,2442,2452
09.03.2019 13:00 - 09.03.2019 14:00,2384,2365
09.03.2019 14:00 - 09.03.2019 15:00,2294,2288
09.03.2019 15:00 - 09.03.2019 16:00,2267,2261
09.03.2019 16:00 - 09.03.2019 17:00,2327,2309
09.03.2019 17:00 - 09.03.2019 18:00,2483,2469
09.03.2019 18:00 - 09.03.2019 19:00,2573,2561
09.03.2019 19:00 - 09.03.2019 20:00,2440,2398
09.03.2019 20:00 - 09.03.2019 21:00,2291,2376
09.03.2019 21:00 - 09.03.2019 22:00,2261,2269
09.03.2019 22:00 - 09.03.2019 23:00,2139,2144
09.03.2019 23:00 - 10.03.2019 00:00,2010,2047
10.03.2019 00:00 - 10.03.2019 01:00,1899,1884
10.03.2019 01:00 - 10.03.2019 02:00,1853,1922
10.03.2019 02:00 - 10.03.2019 03:00,1846,1830
10.03.2019 03:00 - 10.03.2019 04:00,1808,1794
10.03.2019 04:00 - 10.03.2019 05:00,1815,1810
10.03.2019 05:00 - 10.03.2019 06:00,1859,1845
10.03.2019 06:00 - 10.03.2019 07:00,1920,1872
10.03.2019 07:00 - 10.03.2019 08:00,2016,2015
10.03.2019 08:00 - 10.03.2019 09:00,2178,2142
10.03.2019 09:00 - 10.03.2019 10:00,2230,2195
10.03.2019 10:00 - 10.03.2019 11:00,2239,2226
10.03.2019 11:00 - 10.03.2019 12:00,2235,2210
10.03.2019 12:00 - 10.03.2019 13:00,2184,2155
10.03.2019 13:00 - 10.03.2019 14:00,2120,2125
10.03.2019 14:00 - 10.03.2019 15:00,2092,2105
10.03.2019 15:00 - 10.03.2019 16:00,2086,2100
10.03.2019 16:00 - 10.03.2019 17:00,2174,2204
10.03.2019 17:00 - 10.03.2019 18:00,2442,2443
10.03.2019 18:00 - 10.03.2019 19:00,2538,2526
10.03.2019 19:00 - 10.03.2019 20:00,2422,2419
10.03.2019 20:00 - 10.03.2019 21:00,2283,2318
10.03.2019 21:00 - 10.03.2019 22:00,2188,2198
10.03.2019 22:00 - 10.03.2019 23:00,2084,2055
10.03.2019 23:00 - 11.03.2019 00:00,1990,1967
11.03.2019 00:00 - 11.03.2019 01:00,1918,1953
11.03.2019 01:00 - 11.03.2019 02:00,1904,1925
11.03.2019 02:00 - 11.03.2019 03:00,1919,1918
11.03.2019 03:00 - 11.03.2019 04:00,1950,1955
11.03.2019 04:00 - 11.03.2019 05:00,2007,2014
11.03.2019 05:00 - 11.03.2019 06:00,2170,2149
11.03.2019 06:00 - 11.03.2019 07:00,2574,2515
11.03.2019 07:00 - 11.03.2019 08:00,2883,2867
11.03.2019 08:00 - 11.03.2019 09:00,3004,2983
11.03.2019 09:00 - 11.03.2019 10:00,2979,2936
11.03.2019 10:00 - 11.03.2019 11:00,2980,2948
11.03.2019 11:00 - 11.03.2019 12:00,2942,2923
11.03.2019 12:00 - 11.03.2019 13:00,2852,2816
11.03.2019 13:00 - 11.03.2019 14:00,2822,2782
11.03.2019 14:00 - 11.03.2019 15:00,2731,2706
11.03.2019 15:00 - 11.03.2019 16:00,2622,2586
11.03.2019 16:00 - 11.03.2019 17:00,2576,2581
11.03.2019 17:00 - 11.03.2019 18:00,2773,2788
11.03.2019 18:00 - 11.03.2019 19:00,2825,2865
11.03.2019 19:00 - 11.03.2019 20:00,2789,2801
11.03.2019 20:00 - 11.03.2019 21:00,2602,2602
11.03.2019 21:00 - 11.03.2019 22:00,2405,2414
11.03.2019 22:00 - 11.03.2019 23:00,2236,2233
11.03.2019 23:00 - 12.03.2019 00:00,2083,2078
12.03.2019 00:00 - 12.03.2019 01:00,1964,1982
12.03.2019 01:00 - 12.03.2019 02:00,1915,1953
12.03.2019 02:00 - 12.03.2019 03:00,1931,1926
12.03.2019 03:00 - 12.03.2019 04:00,1935,1926
12.03.2019 04:00 - 12.03.2019 05:00,1981,1962
12.03.2019 05:00 - 12.03.2019 06:00,2124,2121
12.03.2019 06:00 - 12.03.2019 07:00,2481,2521
12.03.2019 07:00 - 12.03.2019 08:00,2859,2845
12.03.2019 08:00 - 12.03.2019 09:00,2953,2927
12.03.2019 09:00 - 12.03.2019 10:00,2917,2881
12.03.2019 10:00 - 12.03.2019 11:00,2940,2937
12.03.2019 11:00 - 12.03.2019 12:00,2947,2967
12.03.2019 12:00 - 12.03.2019 13:00,2896,2906
12.03.2019 13:00 - 12.03.2019 14:00,2910,2927
12.03.2019 14:00 - 12.03.2019 15:00,2874,2900
12.03.2019 15:00 - 12.03.2019 16:00,2802,2828
12.03.2019 16:00 - 12.03.2019 17:00,2799,2840
12.03.2019 17:00 - 12.03.2019 18:00,2991,3011
12.03.2019 18:00 - 12.03.2019 19:00,2984,2994
12.03.2019 19:00 - 12.03.2019 20:00,2882,2837
12.03.2019 20:00 - 12.03.2019 21:00,2659,2649
12.03.2019 21:00 - 12.03.2019 22:00,2475,2480
12.03.2019 22:00 - 12.03.2019 23:00,2330,2341
12.03.2019 23:00 - 13.03.2019 00:00,2184,2149
13.03.2019 00:00 - 13.03.2019 01:00,2034,2040
13.03.2019 01:00 - 13.03.2019 02:00,1975,1997
13.03.2019 02:00 - 13.03.2019 03:00,2007,2033
13.03.2019 03:00 - 13.03.2019 04:00,2025,2013
13.03.2019 04:00 - 13.03.2019 05:00,2045,2034
13.03.2019 05:00 - 13.03.2019 06:00,2186,2184
13.03.2019 06:00 - 13.03.2019 07:00,2550,2579
13.03.2019 07:00 - 13.03.2019 08:00,2921,2906
13.03.2019 08:00 - 13.03.2019 09:00,3016,3009
13.03.2019 09:00 - 13.03.2019 10:00,2997,3012
13.03.2019 10:00 - 13.03.2019 11:00,3038,3047
13.03.2019 11:00 - 13.03.2019 12:00,3017,2999
13.03.2019 12:00 - 13.03.2019 13:00,2913,2902
13.03.2019 13:00 - 13.03.2019 14:00,2891,2888
13.03.2019 14:00 - 13.03.2019 15:00,2828,2829
13.03.2019 15:00 - 13.03.2019 16:00,2735,2751
13.03.2019 16:00 - 13.03.2019 17:00,2745,2764
13.03.2019 17:00 - 13.03.2019 18:00,2925,2936
13.03.2019 18:00 - 13.03.2019 19:00,2931,2933
13.03.2019 19:00 - 13.03.2019 20:00,2872,2817
13.03.2019 20:00 - 13.03.2019 21:00,2662,2666
13.03.2019 21:00 - 13.03.2019 22:00,2505,2463
13.03.2019 22:00 - 13.03.2019 23:00,2382,2223
13.03.2019 23:00 - 14.03.2019 00:00,2251,2059
14.03.2019 00:00 - 14.03.2019 01:00,1960,1992
14.03.2019 01:00 - 14.03.2019 02:00,1935,1977
14.03.2019 02:00 - 14.03.2019 03:00,1948,1941
14.03.2019 03:00 - 14.03.2019 04:00,1953,1942
14.03.2019 04:00 - 14.03.2019 05:00,1998,2014
14.03.2019 05:00 - 14.03.2019 06:00,2172,2197
14.03.2019 06:00 - 14.03.2019 07:00,2541,2524
14.03.2019 07:00 - 14.03.2019 08:00,2844,2815
14.03.2019 08:00 - 14.03.2019 09:00,2920,2938
14.03.2019 09:00 - 14.03.2019 10:00,2936,2928
14.03.2019 10:00 - 14.03.2019 11:00,2984,2995
14.03.2019 11:00 - 14.03.2019 12:00,3002,2996
14.03.2019 12:00 - 14.03.2019 13:00,2908,2934
14.03.2019 13:00 - 14.03.2019 14:00,2933,2924
14.03.2019 14:00 - 14.03.2019 15:00,2863,2869
14.03.2019 15:00 - 14.03.2019 16:00,2778,2799
14.03.2019 16:00 - 14.03.2019 17:00,2797,2842
14.03.2019 17:00 - 14.03.2019 18:00,2983,2986
14.03.2019 18:00 - 14.03.2019 19:00,2973,2973
14.03.2019 19:00 - 14.03.2019 20:00,2890,2858
14.03.2019 20:00 - 14.03.2019 21:00,2682,2684
14.03.2019 21:00 - 14.03.2019 22:00,2519,2495
14.03.2019 22:00 - 14.03.2019 23:00,2366,2278
14.03.2019 23:00 - 15.03.2019 00:00,2222,2119
15.03.2019 00:00 - 15.03.2019 01:00,2011,2022
15.03.2019 01:00 - 15.03.2019 02:00,1959,1989
15.03.2019 02:00 - 15.03.2019 03:00,1966,1955
15.03.2019 03:00 - 15.03.2019 04:00,1944,1932
15.03.2019 04:00 - 15.03.2019 05:00,1978,1956
15.03.2019 05:00 - 15.03.2019 06:00,2110,2102
15.03.2019 06:00 - 15.03.2019 07:00,2478,2475
15.03.2019 07:00 - 15.03.2019 08:00,2808,2774
15.03.2019 08:00 - 15.03.2019 09:00,2890,2868
15.03.2019 09:00 - 15.03.2019 10:00,2863,2852
15.03.2019 10:00 - 15.03.2019 11:00,2897,2904
15.03.2019 11:00 - 15.03.2019 12:00,2903,2916
15.03.2019 12:00 - 15.03.2019 13:00,2821,2831
15.03.2019 13:00 - 15.03.2019 14:00,2766,2797
15.03.2019 14:00 - 15.03.2019 15:00,2666,2685
15.03.2019 15:00 - 15.03.2019 16:00,2588,2625
15.03.2019 16:00 - 15.03.2019 17:00,2619,2657
15.03.2019 17:00 - 15.03.2019 18:00,2774,2809
15.03.2019 18:00 - 15.03.2019 19:00,2825,2820
15.03.2019 19:00 - 15.03.2019 20:00,2709,2660
15.03.2019 20:00 - 15.03.2019 21:00,2484,2423
15.03.2019 21:00 - 15.03.2019 22:00,2293,2326
15.03.2019 22:00 - 15.03.2019 23:00,2165,2173
15.03.2019 23:00 - 16.03.2019 00:00,2029,2151
16.03.2019 00:00 - 16.03.2019 01:00,1991,1964
16.03.2019 01:00 - 16.03.2019 02:00,1897,1913
16.03.2019 02:00 - 16.03.2019 03:00,1888,1992
16.03.2019 03:00 - 16.03.2019 04:00,1870,1843
16.03.2019 04:00 - 16.03.2019 05:00,1858,1927
16.03.2019 05:00 - 16.03.2019 06:00,1913,1908
16.03.2019 06:00 - 16.03.2019 07:00,2005,1968
16.03.2019 07:00 - 16.03.2019 08:00,2145,2125
16.03.2019 08:00 - 16.03.2019 09:00,2258,2234
16.03.2019 09:00 - 16.03.2019 10:00,2331,2316
16.03.2019 10:00 - 16.03.2019 11:00,2396,2345
16.03.2019 11:00 - 16.03.2019 12:00,2352,2331
16.03.2019 12:00 - 16.03.2019 13:00,2302,2291
16.03.2019 13:00 - 16.03.2019 14:00,2243,2243
16.03.2019 14:00 - 16.03.2019 15:00,2183,2229
16.03.2019 15:00 - 16.03.2019 16:00,2217,2246
16.03.2019 16:00 - 16.03.2019 17:00,2277,2309
16.03.2019 17:00 - 16.03.2019 18:00,2477,2499
16.03.2019 18:00 - 16.03.2019 19:00,2539,2547
16.03.2019 19:00 - 16.03.2019 20:00,2453,2431
16.03.2019 20:00 - 16.03.2019 21:00,2318,2370
16.03.2019 21:00 - 16.03.2019 22:00,2214,2235
16.03.2019 22:00 - 16.03.2019 23:00,2110,2204
16.03.2019 23:00 - 17.03.2019 00:00,1972,2103
17.03.2019 00:00 - 17.03.2019 01:00,1980,1963
17.03.2019 01:00 - 17.03.2019 02:00,1878,1906
17.03.2019 02:00 - 17.03.2019 03:00,1870,1866
17.03.2019 03:00 - 17.03.2019 04:00,1874,1887
17.03.2019 04:00 - 17.03.2019 05:00,1848,1827
17.03.2019 05:00 - 17.03.2019 06:00,1871,1884
17.03.2019 06:00 - 17.03.2019 07:00,1999,2012
17.03.2019 07:00 - 17.03.2019 08:00,2128,2100
17.03.2019 08:00 - 17.03.2019 09:00,2243,2224
17.03.2019 09:00 - 17.03.2019 10:00,2318,2344
17.03.2019 10:00 - 17.03.2019 11:00,2376,2351
17.03.2019 11:00 - 17.03.2019 12:00,2365,2403
17.03.2019 12:00 - 17.03.2019 13:00,2382,2389
17.03.2019 13:00 - 17.03.2019 14:00,2307,2291
17.03.2019 14:00 - 17.03.2019 15:00,2294,2323
17.03.2019 15:00 - 17.03.2019 16:00,2293,2320
17.03.2019 16:00 - 17.03.2019 17:00,2346,2385
17.03.2019 17:00 - 17.03.2019 18:00,2531,2496
17.03.2019 18:00 - 17.03.2019 19:00,2576,2523
17.03.2019 19:00 - 17.03.2019 20:00,2460,2441
17.03.2019 20:00 - 17.03.2019 21:00,2292,2281
17.03.2019 21:00 - 17.03.2019 22:00,2185,2210
17.03.2019 22:00 - 17.03.2019 23:00,2083,2093
17.03.2019 23:00 - 18.03.2019 00:00,2005,2058
18.03.2019 00:00 - 18.03.2019 01:00,1996,2001
18.03.2019 01:00 - 18.03.2019 02:00,1975,1992
18.03.2019 02:00 - 18.03.2019 03:00,2000,1999
18.03.2019 03:00 - 18.03.2019 04:00,2025,2001
18.03.2019 04:00 - 18.03.2019 05:00,2053,2076
18.03.2019 05:00 - 18.03.2019 06:00,2224,2200
18.03.2019 06:00 - 18.03.2019 07:00,2594,2545
18.03.2019 07:00 - 18.03.2019 08:00,2903,2854
18.03.2019 08:00 - 18.03.2019 09:00,2902,2899
18.03.2019 09:00 - 18.03.2019 10:00,2825,2832
18.03.2019 10:00 - 18.03.2019 11:00,2911,2912
18.03.2019 11:00 - 18.03.2019 12:00,2877,2850
18.03.2019 12:00 - 18.03.2019 13:00,2810,2803
18.03.2019 13:00 - 18.03.2019 14:00,2813,2756
18.03.2019 14:00 - 18.03.2019 15:00,2708,2655
18.03.2019 15:00 - 18.03.2019 16:00,2593,2600
18.03.2019 16:00 - 18.03.2019 17:00,2581,2584
18.03.2019 17:00 - 18.03.2019 18:00,2743,2753
18.03.2019 18:00 - 18.03.2019 19:00,2716,2733
18.03.2019 19:00 - 18.03.2019 20:00,2684,2787
18.03.2019 20:00 - 18.03.2019 21:00,2585,2604
18.03.2019 21:00 - 18.03.2019 22:00,2387,2391
18.03.2019 22:00 - 18.03.2019 23:00,2259,2234
18.03.2019 23:00 - 19.03.2019 00:00,2152,2047
19.03.2019 00:00 - 19.03.2019 01:00,1978,2029
19.03.2019 01:00 - 19.03.2019 02:00,1942,1988
19.03.2019 02:00 - 19.03.2019 03:00,1917,1917
19.03.2019 03:00 - 19.03.2019 04:00,1940,1945
19.03.2019 04:00 - 19.03.2019 05:00,1992,2018
19.03.2019 05:00 - 19.03.2019 06:00,2156,2173
19.03.2019 06:00 - 19.03.2019 07:00,2517,2492
19.03.2019 07:00 - 19.03.2019 08:00,2829,2793
19.03.2019 08:00 - 19.03.2019 09:00,2880,2858
19.03.2019 09:00 - 19.03.2019 10:00,2826,2790
19.03.2019 10:00 - 19.03.2019 11:00,2874,2847
19.03.2019 11:00 - 19.03.2019 12:00,2852,2802
19.03.2019 12:00 - 19.03.2019 13:00,2772,2734
19.03.2019 13:00 - 19.03.2019 14:00,2750,2717
19.03.2019 14:00 - 19.03.2019 15:00,2639,2644
19.03.2019 15:00 - 19.03.2019 16:00,2549,2551
19.03.2019 16:00 - 19.03.2019 17:00,2521,2530
19.03.2019 17:00 - 19.03.2019 18:00,2696,2718
19.03.2019 18:00 - 19.03.2019 19:00,2719,2732
19.03.2019 19:00 - 19.03.2019 20:00,2656,2673
19.03.2019 20:00 - 19.03.2019 21:00,2507,2534
19.03.2019 21:00 - 19.03.2019 22:00,2353,2351
19.03.2019 22:00 - 19.03.2019 23:00,2189,2160
19.03.2019 23:00 - 20.03.2019 00:00,2055,2022
20.03.2019 00:00 - 20.03.2019 01:00,1932,1960
20.03.2019 01:00 - 20.03.2019 02:00,1911,1919
20.03.2019 02:00 - 20.03.2019 03:00,1884,1884
20.03.2019 03:00 - 20.03.2019 04:00,1905,1900
20.03.2019 04:00 - 20.03.2019 05:00,1935,1937
20.03.2019 05:00 - 20.03.2019 06:00,2087,2083
20.03.2019 06:00 - 20.03.2019 07:00,2431,2417
20.03.2019 07:00 - 20.03.2019 08:00,2767,2829
20.03.2019 08:00 - 20.03.2019 09:00,2881,2868
20.03.2019 09:00 - 20.03.2019 10:00,2780,2828
20.03.2019 10:00 - 20.03.2019 11:00,2893,2900
20.03.2019 11:00 - 20.03.2019 12:00,2895,2883
20.03.2019 12:00 - 20.03.2019 13:00,2815,2791
20.03.2019 13:00 - 20.03.2019 14:00,2749,2763
20.03.2019 14:00 - 20.03.2019 15:00,2704,2715
20.03.2019 15:00 - 20.03.2019 16:00,2611,2617
20.03.2019 16:00 - 20.03.2019 17:00,2597,2602
20.03.2019 17:00 - 20.03.2019 18:00,2761,2775
20.03.2019 18:00 - 20.03.2019 19:00,2763,2770
20.03.2019 19:00 - 20.03.2019 20:00,2706,2711
20.03.2019 20:00 - 20.03.2019 21:00,2529,2550
20.03.2019 21:00 - 20.03.2019 22:00,2375,2365
20.03.2019 22:00 - 20.03.2019 23:00,2202,2152
20.03.2019 23:00 - 21.03.2019 00:00,2056,1982
21.03.2019 00:00 - 21.03.2019 01:00,1863,1919
21.03.2019 01:00 - 21.03.2019 02:00,1833,1872
21.03.2019 02:00 - 21.03.2019 03:00,1852,1862
21.03.2019 03:00 - 21.03.2019 04:00,1865,1858
21.03.2019 04:00 - 21.03.2019 05:00,1921,1928
21.03.2019 05:00 - 21.03.2019 06:00,2081,2072
21.03.2019 06:00 - 21.03.2019 07:00,2443,2448
21.03.2019 07:00 - 21.03.2019 08:00,2801,2811
21.03.2019 08:00 - 21.03.2019 09:00,2915,2896
21.03.2019 09:00 - 21.03.2019 10:00,2845,2830
21.03.2019 10:00 - 21.03.2019 11:00,2879,2862
21.03.2019 11:00 - 21.03.2019 12:00,2870,2834
21.03.2019 12:00 - 21.03.2019 13:00,2772,2744
21.03.2019 13:00 - 21.03.2019 14:00,2761,2760
21.03.2019 14:00 - 21.03.2019 15:00,2736,2727
21.03.2019 15:00 - 21.03.2019 16:00,2645,2645
21.03.2019 16:00 - 21.03.2019 17:00,2640,2638
21.03.2019 17:00 - 21.03.2019 18:00,2781,2755
21.03.2019 18:00 - 21.03.2019 19:00,2746,2748
21.03.2019 19:00 - 21.03.2019 20:00,2662,2709
21.03.2019 20:00 - 21.03.2019 21:00,2543,2548
21.03.2019 21:00 - 21.03.2019 22:00,2381,2374
21.03.2019 22:00 - 21.03.2019 23:00,2219,2204
21.03.2019 23:00 - 22.03.2019 00:00,2077,2031
22.03.2019 00:00 - 22.03.2019 01:00,1914,1966
22.03.2019 01:00 - 22.03.2019 02:00,1914,1951
22.03.2019 02:00 - 22.03.2019 03:00,1909,1920
22.03.2019 03:00 - 22.03.2019 04:00,1923,1931
22.03.2019 04:00 - 22.03.2019 05:00,1979,1959
22.03.2019 05:00 - 22.03.2019 06:00,2122,2099
22.03.2019 06:00 - 22.03.2019 07:00,2449,2423
22.03.2019 07:00 - 22.03.2019 08:00,2811,2738
22.03.2019 08:00 - 22.03.2019 09:00,2870,2826
22.03.2019 09:00 - 22.03.2019 10:00,2815,2801
22.03.2019 10:00 - 22.03.2019 11:00,2862,2855
22.03.2019 11:00 - 22.03.2019 12:00,2831,2841
22.03.2019 12:00 - 22.03.2019 13:00,2725,2739
22.03.2019 13:00 - 22.03.2019 14:00,2643,2665
22.03.2019 14:00 - 22.03.2019 15:00,2531,2564
22.03.2019 15:00 - 22.03.2019 16:00,2456,2487
22.03.2019 16:00 - 22.03.2019 17:00,2477,2508
22.03.2019 17:00 - 22.03.2019 18:00,2665,2662
22.03.2019 18:00 - 22.03.2019 19:00,2687,2682
22.03.2019 19:00 - 22.03.2019 20:00,2610,2571
22.03.2019 20:00 - 22.03.2019 21:00,2372,2342
22.03.2019 21:00 - 22.03.2019 22:00,2176,2154
22.03.2019 22:00 - 22.03.2019 23:00,2003,2014
22.03.2019 23:00 - 23.03.2019 00:00,1866,1907
23.03.2019 00:00 - 23.03.2019 01:00,1768,1852
23.03.2019 01:00 - 23.03.2019 02:00,1775,1810
23.03.2019 02:00 - 23.03.2019 03:00,1759,1756
23.03.2019 03:00 - 23.03.2019 04:00,1729,1737
23.03.2019 04:00 - 23.03.2019 05:00,1739,1724
23.03.2019 05:00 - 23.03.2019 06:00,1786,1760
23.03.2019 06:00 - 23.03.2019 07:00,1857,1838
23.03.2019 07:00 - 23.03.2019 08:00,2032,2025
23.03.2019 08:00 - 23.03.2019 09:00,2197,2185
23.03.2019 09:00 - 23.03.2019 10:00,2270,2245
23.03.2019 10:00 - 23.03.2019 11:00,2269,2242
23.03.2019 11:00 - 23.03.2019 12:00,2228,2217
23.03.2019 12:00 - 23.03.2019 13:00,2170,2171
23.03.2019 13:00 - 23.03.2019 14:00,2122,2122
23.03.2019 14:00 - 23.03.2019 15:00,2059,2053
23.03.2019 15:00 - 23.03.2019 16:00,2022,2030
23.03.2019 16:00 - 23.03.2019 17:00,2102,2106
23.03.2019 17:00 - 23.03.2019 18:00,2293,2277
23.03.2019 18:00 - 23.03.2019 19:00,2334,2358
23.03.2019 19:00 - 23.03.2019 20:00,2349,2340
23.03.2019 20:00 - 23.03.2019 21:00,2195,2196
23.03.2019 21:00 - 23.03.2019 22:00,2063,2058
23.03.2019 22:00 - 23.03.2019 23:00,1957,1933
23.03.2019 23:00 - 24.03.2019 00:00,1831,1842
24.03.2019 00:00 - 24.03.2019 01:00,1719,1759
24.03.2019 01:00 - 24.03.2019 02:00,1664,1715
24.03.2019 02:00 - 24.03.2019 03:00,1683,1692
24.03.2019 03:00 - 24.03.2019 04:00,1678,1676
24.03.2019 04:00 - 24.03.2019 05:00,1691,1687
24.03.2019 05:00 - 24.03.2019 06:00,1725,1725
24.03.2019 06:00 - 24.03.2019 07:00,1809,1799
24.03.2019 07:00 - 24.03.2019 08:00,1918,1971
24.03.2019 08:00 - 24.03.2019 09:00,2121,2139
24.03.2019 09:00 - 24.03.2019 10:00,2227,2204
24.03.2019 10:00 - 24.03.2019 11:00,2277,2261
24.03.2019 11:00 - 24.03.2019 12:00,2260,2247
24.03.2019 12:00 - 24.03.2019 13:00,2201,2176
24.03.2019 13:00 - 24.03.2019 14:00,2132,2099
24.03.2019 14:00 - 24.03.2019 15:00,2082,2113
24.03.2019 15:00 - 24.03.2019 16:00,2091,2138
24.03.2019 16:00 - 24.03.2019 17:00,2145,2150
24.03.2019 17:00 - 24.03.2019 18:00,2345,2378
24.03.2019 18:00 - 24.03.2019 19:00,2432,2420
24.03.2019 19:00 - 24.03.2019 20:00,2373,2398
24.03.2019 20:00 - 24.03.2019 21:00,2311,2249
24.03.2019 21:00 - 24.03.2019 22:00,2141,2108
24.03.2019 22:00 - 24.03.2019 23:00,1980,1950
24.03.2019 23:00 - 25.03.2019 00:00,1889,1849
25.03.2019 00:00 - 25.03.2019 01:00,1800,1815
25.03.2019 01:00 - 25.03.2019 02:00,1763,1749
25.03.2019 02:00 - 25.03.2019 03:00,1771,1805
25.03.2019 03:00 - 25.03.2019 04:00,1836,1812
25.03.2019 04:00 - 25.03.2019 05:00,1874,1857
25.03.2019 05:00 - 25.03.2019 06:00,2044,2041
25.03.2019 06:00 - 25.03.2019 07:00,2456,2416
25.03.2019 07:00 - 25.03.2019 08:00,2757,2727
25.03.2019 08:00 - 25.03.2019 09:00,2872,2855
25.03.2019 09:00 - 25.03.2019 10:00,2851,2846
25.03.2019 10:00 - 25.03.2019 11:00,2922,2936
25.03.2019 11:00 - 25.03.2019 12:00,2907,2897
25.03.2019 12:00 - 25.03.2019 13:00,2829,2835
25.03.2019 13:00 - 25.03.2019 14:00,2850,2868
25.03.2019 14:00 - 25.03.2019 15:00,2772,2730
25.03.2019 15:00 - 25.03.2019 16:00,2613,2601
25.03.2019 16:00 - 25.03.2019 17:00,2553,2574
25.03.2019 17:00 - 25.03.2019 18:00,2708,2756
25.03.2019 18:00 - 25.03.2019 19:00,2727,2742
25.03.2019 19:00 - 25.03.2019 20:00,2675,2721
25.03.2019 20:00 - 25.03.2019 21:00,2581,2575
25.03.2019 21:00 - 25.03.2019 22:00,2391,2366
25.03.2019 22:00 - 25.03.2019 23:00,2178,2239
25.03.2019 23:00 - 26.03.2019 00:00,2039,2049
26.03.2019 00:00 - 26.03.2019 01:00,1929,1941
26.03.2019 01:00 - 26.03.2019 02:00,1900,1915
26.03.2019 02:00 - 26.03.2019 03:00,1895,1898
26.03.2019 03:00 - 26.03.2019 04:00,1921,1945
26.03.2019 04:00 - 26.03.2019 05:00,1984,1985
26.03.2019 05:00 - 26.03.2019 06:00,2138,2176
26.03.2019 06:00 - 26.03.2019 07:00,2496,2470
26.03.2019 07:00 - 26.03.2019 08:00,2853,2870
26.03.2019 08:00 - 26.03.2019 09:00,2913,2906
26.03.2019 09:00 - 26.03.2019 10:00,2915,2876
26.03.2019 10:00 - 26.03.2019 11:00,2928,2922
26.03.2019 11:00 - 26.03.2019 12:00,2918,2872
26.03.2019 12:00 - 26.03.2019 13:00,2825,2789
26.03.2019 13:00 - 26.03.2019 14:00,2823,2795
26.03.2019 14:00 - 26.03.2019 15:00,2739,2718
26.03.2019 15:00 - 26.03.2019 16:00,2604,2599
26.03.2019 16:00 - 26.03.2019 17:00,2573,2589
26.03.2019 17:00 - 26.03.2019 18:00,2727,2760
26.03.2019 18:00 - 26.03.2019 19:00,2712,2723
26.03.2019 19:00 - 26.03.2019 20:00,2684,2707
26.03.2019 20:00 - 26.03.2019 21:00,2614,2510
26.03.2019 21:00 - 26.03.2019 22:00,2349,2351
26.03.2019 22:00 - 26.03.2019 23:00,2185,2171
26.03.2019 23:00 - 27.03.2019 00:00,2039,2017
27.03.2019 00:00 - 27.03.2019 01:00,1912,1951
27.03.2019 01:00 - 27.03.2019 02:00,1856,1894
27.03.2019 02:00 - 27.03.2019 03:00,1867,1895
27.03.2019 03:00 - 27.03.2019 04:00,1906,1896
27.03.2019 04:00 - 27.03.2019 05:00,1948,1970
27.03.2019 05:00 - 27.03.2019 06:00,2102,2128
27.03.2019 06:00 - 27.03.2019 07:00,2443,2415
27.03.2019 07:00 - 27.03.2019 08:00,2767,2745
27.03.2019 08:00 - 27.03.2019 09:00,2863,2844
27.03.2019 09:00 - 27.03.2019 10:00,2855,2800
27.03.2019 10:00 - 27.03.2019 11:00,2857,2823
27.03.2019 11:00 - 27.03.2019 12:00,2828,2809
27.03.2019 12:00 - 27.03.2019 13:00,2768,2769
27.03.2019 13:00 - 27.03.2019 14:00,2788,2773
27.03.2019 14:00 - 27.03.2019 15:00,2728,2743
27.03.2019 15:00 - 27.03.2019 16:00,2637,2645
27.03.2019 16:00 - 27.03.2019 17:00,2616,2654
27.03.2019 17:00 - 27.03.2019 18:00,2783,2821
27.03.2019 18:00 - 27.03.2019 19:00,2721,2780
27.03.2019 19:00 - 27.03.2019 20:00,2683,2726
27.03.2019 20:00 - 27.03.2019 21:00,2619,2549
27.03.2019 21:00 - 27.03.2019 22:00,2352,2303
27.03.2019 22:00 - 27.03.2019 23:00,2133,2146
27.03.2019 23:00 - 28.03.2019 00:00,1989,2015
28.03.2019 00:00 - 28.03.2019 01:00,1903,1920
28.03.2019 01:00 - 28.03.2019 02:00,1872,1896
28.03.2019 02:00 - 28.03.2019 03:00,1862,1867
28.03.2019 03:00 - 28.03.2019 04:00,1900,1888
28.03.2019 04:00 - 28.03.2019 05:00,1958,1952
28.03.2019 05:00 - 28.03.2019 06:00,2092,2111
28.03.2019 06:00 - 28.03.2019 07:00,2450,2443
28.03.2019 07:00 - 28.03.2019 08:00,2783,2790
28.03.2019 08:00 - 28.03.2019 09:00,2913,2889
28.03.2019 09:00 - 28.03.2019 10:00,2892,2859
28.03.2019 10:00 - 28.03.2019 11:00,2908,2866
28.03.2019 11:00 - 28.03.2019 12:00,2859,2845
28.03.2019 12:00 - 28.03.2019 13:00,2809,2784
28.03.2019 13:00 - 28.03.2019 14:00,2800,2784
28.03.2019 14:00 - 28.03.2019 15:00,2717,2696
28.03.2019 15:00 - 28.03.2019 16:00,2594,2587
28.03.2019 16:00 - 28.03.2019 17:00,2542,2531
28.03.2019 17:00 - 28.03.2019 18:00,2645,2647
28.03.2019 18:00 - 28.03.2019 19:00,2581,2638
28.03.2019 19:00 - 28.03.2019 20:00,2577,2659
28.03.2019 20:00 - 28.03.2019 21:00,2590,2518
28.03.2019 21:00 - 28.03.2019 22:00,2368,2353
28.03.2019 22:00 - 28.03.2019 23:00,2183,2147
28.03.2019 23:00 - 29.03.2019 00:00,2025,1987
29.03.2019 00:00 - 29.03.2019 01:00,1876,1921
29.03.2019 01:00 - 29.03.2019 02:00,1852,1906
29.03.2019 02:00 - 29.03.2019 03:00,1862,1900
29.03.2019 03:00 - 29.03.2019 04:00,1932,1944
29.03.2019 04:00 - 29.03.2019 05:00,1988,1976
29.03.2019 05:00 - 29.03.2019 06:00,2120,2099
29.03.2019 06:00 - 29.03.2019 07:00,2401,2375
29.03.2019 07:00 - 29.03.2019 08:00,2705,2673
29.03.2019 08:00 - 29.03.2019 09:00,2785,2752
29.03.2019 09:00 - 29.03.2019 10:00,2736,2718
29.03.2019 10:00 - 29.03.2019 11:00,2778,2741
29.03.2019 11:00 - 29.03.2019 12:00,2737,2733
29.03.2019 12:00 - 29.03.2019 13:00,2632,2636
29.03.2019 13:00 - 29.03.2019 14:00,2545,2546
29.03.2019 14:00 - 29.03.2019 15:00,2420,2417
29.03.2019 15:00 - 29.03.2019 16:00,2314,2305
29.03.2019 16:00 - 29.03.2019 17:00,2289,2293
29.03.2019 17:00 - 29.03.2019 18:00,2401,2427
29.03.2019 18:00 - 29.03.2019 19:00,2409,2440
29.03.2019 19:00 - 29.03.2019 20:00,2385,2436
29.03.2019 20:00 - 29.03.2019 21:00,2347,2277
29.03.2019 21:00 - 29.03.2019 22:00,2157,2148
29.03.2019 22:00 - 29.03.2019 23:00,2010,1986
29.03.2019 23:00 - 30.03.2019 00:00,1868,1837
30.03.2019 00:00 - 30.03.2019 01:00,1730,1758
30.03.2019 01:00 - 30.03.2019 02:00,1668,1709
30.03.2019 02:00 - 30.03.2019 03:00,1654,1693
30.03.2019 03:00 - 30.03.2019 04:00,1676,1700
30.03.2019 04:00 - 30.03.2019 05:00,1716,1735
30.03.2019 05:00 - 30.03.2019 06:00,1771,1786
30.03.2019 06:00 - 30.03.2019 07:00,1879,1863
30.03.2019 07:00 - 30.03.2019 08:00,2027,2024
30.03.2019 08:00 - 30.03.2019 09:00,2180,2159
30.03.2019 09:00 - 30.03.2019 10:00,2256,2222
30.03.2019 10:00 - 30.03.2019 11:00,2266,2253
30.03.2019 11:00 - 30.03.2019 12:00,2244,2217
30.03.2019 12:00 - 30.03.2019 13:00,2187,2172
30.03.2019 13:00 - 30.03.2019 14:00,2124,2081
30.03.2019 14:00 - 30.03.2019 15:00,2056,2039
30.03.2019 15:00 - 30.03.2019 16:00,2010,2010
30.03.2019 16:00 - 30.03.2019 17:00,2057,2065
30.03.2019 17:00 - 30.03.2019 18:00,2214,2221
30.03.2019 18:00 - 30.03.2019 19:00,2255,2283
30.03.2019 19:00 - 30.03.2019 20:00,2205,2265
30.03.2019 20:00 - 30.03.2019 21:00,2196,2132
30.03.2019 21:00 - 30.03.2019 22:00,1999,2004
30.03.2019 22:00 - 30.03.2019 23:00,1852,1886
30.03.2019 23:00 - 31.03.2019 00:00,1739,1806
31.03.2019 00:00 - 31.03.2019 01:00,1714,1734
31.03.2019 01:00 - 31.03.2019 02:00,1679,1690
31.03.2019 02:00 - 31.03.2019 03:00,,
31.03.2019 03:00 - 31.03.2019 04:00,1669,1667
31.03.2019 04:00 - 31.03.2019 05:00,1671,1691
31.03.2019 05:00 - 31.03.2019 06:00,1751,1798
31.03.2019 06:00 - 31.03.2019 07:00,1881,1880
31.03.2019 07:00 - 31.03.2019 08:00,1977,1968
31.03.2019 08:00 - 31.03.2019 09:00,2109,2072
31.03.2019 09:00 - 31.03.2019 10:00,2190,2185
31.03.2019 10:00 - 31.03.2019 11:00,2279,2287
31.03.2019 11:00 - 31.03.2019 12:00,2305,2287
31.03.2019 12:00 - 31.03.2019 13:00,2183,2114
31.03.2019 13:00 - 31.03.2019 14:00,2099,2100
31.03.2019 14:00 - 31.03.2019 15:00,2157,2211
31.03.2019 15:00 - 31.03.2019 16:00,2171,2146
31.03.2019 16:00 - 31.03.2019 17:00,2153,2089
31.03.2019 17:00 - 31.03.2019 18:00,2310,2260
31.03.2019 18:00 - 31.03.2019 19:00,2304,2312
31.03.2019 19:00 - 31.03.2019 20:00,2219,2220
31.03.2019 20:00 - 31.03.2019 21:00,2196,2192
31.03.2019 21:00 - 31.03.2019 22:00,2077,2102
31.03.2019 22:00 - 31.03.2019 23:00,1947,1990
31.03.2019 23:00 - 01.04.2019 00:00,1851,1882
01.04.2019 00:00 - 01.04.2019 01:00,1801,1852
01.04.2019 01:00 - 01.04.2019 02:00,1785,1834
01.04.2019 02:00 - 01.04.2019 03:00,1814,1844
01.04.2019 03:00 - 01.04.2019 04:00,1863,1879
01.04.2019 04:00 - 01.04.2019 05:00,1921,1936
01.04.2019 05:00 - 01.04.2019 06:00,2069,2068
01.04.2019 06:00 - 01.04.2019 07:00,2424,2445
01.04.2019 07:00 - 01.04.2019 08:00,2770,2717
01.04.2019 08:00 - 01.04.2019 09:00,2857,2801
01.04.2019 09:00 - 01.04.2019 10:00,2822,2777
01.04.2019 10:00 - 01.04.2019 11:00,2861,2811
01.04.2019 11:00 - 01.04.2019 12:00,2833,2792
01.04.2019 12:00 - 01.04.2019 13:00,2723,2695
01.04.2019 13:00 - 01.04.2019 14:00,2716,2674
01.04.2019 14:00 - 01.04.2019 15:00,2628,2620
01.04.2019 15:00 - 01.04.2019 16:00,2514,2521
01.04.2019 16:00 - 01.04.2019 17:00,2486,2497
01.04.2019 17:00 - 01.04.2019 18:00,2606,2621
01.04.2019 18:00 - 01.04.2019 19:00,2534,2539
01.04.2019 19:00 - 01.04.2019 20:00,2432,2454
01.04.2019 20:00 - 01.04.2019 21:00,2430,2433
01.04.2019 21:00 - 01.04.2019 22:00,2311,2396
01.04.2019 22:00 - 01.04.2019 23:00,2110,2190
01.04.2019 23:00 - 02.04.2019 00:00,1955,2040
02.04.2019 00:00 - 02.04.2019 01:00,1912,1919
02.04.2019 01:00 - 02.04.2019 02:00,1851,1872
02.04.2019 02:00 - 02.04.2019 03:00,1827,1841
02.04.2019 03:00 - 02.04.2019 04:00,1856,1855
02.04.2019 04:00 - 02.04.2019 05:00,1930,1911
02.04.2019 05:00 - 02.04.2019 06:00,2069,2058
02.04.2019 06:00 - 02.04.2019 07:00,2473,2469
02.04.2019 07:00 - 02.04.2019 08:00,2800,2762
02.04.2019 08:00 - 02.04.2019 09:00,2862,2821
02.04.2019 09:00 - 02.04.2019 10:00,2810,2709
02.04.2019 10:00 - 02.04.2019 11:00,2774,2711
02.04.2019 11:00 - 02.04.2019 12:00,2675,2674
02.04.2019 12:00 - 02.04.2019 13:00,2598,2568
02.04.2019 13:00 - 02.04.2019 14:00,2607,2596
02.04.2019 14:00 - 02.04.2019 15:00,2580,2575
02.04.2019 15:00 - 02.04.2019 16:00,2474,2463
02.04.2019 16:00 - 02.04.2019 17:00,2432,2454
02.04.2019 17:00 - 02.04.2019 18:00,2574,2571
02.04.2019 18:00 - 02.04.2019 19:00,2525,2561
02.04.2019 19:00 - 02.04.2019 20:00,2454,2475
02.04.2019 20:00 - 02.04.2019 21:00,2477,2492
02.04.2019 21:00 - 02.04.2019 22:00,2359,2362
02.04.2019 22:00 - 02.04.2019 23:00,2178,2207
02.04.2019 23:00 - 03.04.2019 00:00,2027,1999
03.04.2019 00:00 - 03.04.2019 01:00,1889,1915
03.04.2019 01:00 - 03.04.2019 02:00,1850,1863
03.04.2019 02:00 - 03.04.2019 03:00,1846,1848
03.04.2019 03:00 - 03.04.2019 04:00,1836,1832
03.04.2019 04:00 - 03.04.2019 05:00,1887,1865
03.04.2019 05:00 - 03.04.2019 06:00,2015,2001
03.04.2019 06:00 - 03.04.2019 07:00,2379,2381
03.04.2019 07:00 - 03.04.2019 08:00,2724,2725
03.04.2019 08:00 - 03.04.2019 09:00,2871,2851
03.04.2019 09:00 - 03.04.2019 10:00,2860,2832
03.04.2019 10:00 - 03.04.2019 11:00,2847,2783
03.04.2019 11:00 - 03.04.2019 12:00,2749,2748
03.04.2019 12:00 - 03.04.2019 13:00,2683,2687
03.04.2019 13:00 - 03.04.2019 14:00,2713,2695
03.04.2019 14:00 - 03.04.2019 15:00,2636,2633
03.04.2019 15:00 - 03.04.2019 16:00,2538,2542
03.04.2019 16:00 - 03.04.2019 17:00,2522,2560
03.04.2019 17:00 - 03.04.2019 18:00,2680,2686
03.04.2019 18:00 - 03.04.2019 19:00,2607,2583
03.04.2019 19:00 - 03.04.2019 20:00,2466,2445
03.04.2019 20:00 - 03.04.2019 21:00,2402,2395
03.04.2019 21:00 - 03.04.2019 22:00,2278,2211
03.04.2019 22:00 - 03.04.2019 23:00,2109,2012
03.04.2019 23:00 - 04.04.2019 00:00,1951,1849
04.04.2019 00:00 - 04.04.2019 01:00,1725,1748
04.04.2019 01:00 - 04.04.2019 02:00,1695,1714
04.04.2019 02:00 - 04.04.2019 03:00,1680,1654
04.04.2019 03:00 - 04.04.2019 04:00,1660,1610
04.04.2019 04:00 - 04.04.2019 05:00,1674,1639
04.04.2019 05:00 - 04.04.2019 06:00,1800,1787
04.04.2019 06:00 - 04.04.2019 07:00,2166,2149
04.04.2019 07:00 - 04.04.2019 08:00,2477,2439
04.04.2019 08:00 - 04.04.2019 09:00,2532,2517
04.04.2019 09:00 - 04.04.2019 10:00,2553,2582
04.04.2019 10:00 - 04.04.2019 11:00,2617,2630
04.04.2019 11:00 - 04.04.2019 12:00,2626,2572
04.04.2019 12:00 - 04.04.2019 13:00,2520,2467
04.04.2019 13:00 - 04.04.2019 14:00,2505,2502
04.04.2019 14:00 - 04.04.2019 15:00,2442,2467
04.04.2019 15:00 - 04.04.2019 16:00,2357,2361
04.04.2019 16:00 - 04.04.2019 17:00,2330,2342
04.04.2019 17:00 - 04.04.2019 18:00,2478,2495
04.04.2019 18:00 - 04.04.2019 19:00,2433,2466
04.04.2019 19:00 - 04.04.2019 20:00,2356,2385
04.04.2019 20:00 - 04.04.2019 21:00,2326,2353
04.04.2019 21:00 - 04.04.2019 22:00,2190,2216
04.04.2019 22:00 - 04.04.2019 23:00,2007,2030
04.04.2019 23:00 - 05.04.2019 00:00,1870,1835
05.04.2019 00:00 - 05.04.2019 01:00,1721,1728
05.04.2019 01:00 - 05.04.2019 02:00,1685,1723
05.04.2019 02:00 - 05.04.2019 03:00,1694,1730
05.04.2019 03:00 - 05.04.2019 04:00,1741,1749
05.04.2019 04:00 - 05.04.2019 05:00,1769,1765
05.04.2019 05:00 - 05.04.2019 06:00,1930,1922
05.04.2019 06:00 - 05.04.2019 07:00,2286,2247
05.04.2019 07:00 - 05.04.2019 08:00,2565,2534
05.04.2019 08:00 - 05.04.2019 09:00,2646,2622
05.04.2019 09:00 - 05.04.2019 10:00,2630,2605
05.04.2019 10:00 - 05.04.2019 11:00,2651,2602
05.04.2019 11:00 - 05.04.2019 12:00,2583,2533
05.04.2019 12:00 - 05.04.2019 13:00,2421,2378
05.04.2019 13:00 - 05.04.2019 14:00,2313,2266
05.04.2019 14:00 - 05.04.2019 15:00,2152,2150
05.04.2019 15:00 - 05.04.2019 16:00,2069,2051
05.04.2019 16:00 - 05.04.2019 17:00,2051,2069
05.04.2019 17:00 - 05.04.2019 18:00,2200,2240
05.04.2019 18:00 - 05.04.2019 19:00,2209,2214
05.04.2019 19:00 - 05.04.2019 20:00,2072,2096
05.04.2019 20:00 - 05.04.2019 21:00,2045,2074
05.04.2019 21:00 - 05.04.2019 22:00,1992,1964
05.04.2019 22:00 - 05.04.2019 23:00,1842,1798
05.04.2019 23:00 - 06.04.2019 00:00,1721,1676
06.04.2019 00:00 - 06.04.2019 01:00,1587,1592
06.04.2019 01:00 - 06.04.2019 02:00,1525,1530
06.04.2019 02:00 - 06.04.2019 03:00,1503,1505
06.04.2019 03:00 - 06.04.2019 04:00,1524,1521
06.04.2019 04:00 - 06.04.2019 05:00,1536,1540
06.04.2019 05:00 - 06.04.2019 06:00,1598,1601
06.04.2019 06:00 - 06.04.2019 07:00,1718,1718
06.04.2019 07:00 - 06.04.2019 08:00,1878,1893
06.04.2019 08:00 - 06.04.2019 09:00,2086,2035
06.04.2019 09:00 - 06.04.2019 10:00,2143,2119
06.04.2019 10:00 - 06.04.2019 11:00,2151,2108
06.04.2019 11:00 - 06.04.2019 12:00,2081,2050
06.04.2019 12:00 - 06.04.2019 13:00,2004,1993
06.04.2019 13:00 - 06.04.2019 14:00,1918,1908
06.04.2019 14:00 - 06.04.2019 15:00,1860,1880
06.04.2019 15:00 - 06.04.2019 16:00,1841,1847
06.04.2019 16:00 - 06.04.2019 17:00,1876,1866
06.04.2019 17:00 - 06.04.2019 18:00,2014,2049
06.04.2019 18:00 - 06.04.2019 19:00,2065,2103
06.04.2019 19:00 - 06.04.2019 20:00,1966,2000
06.04.2019 20:00 - 06.04.2019 21:00,1948,1980
06.04.2019 21:00 - 06.04.2019 22:00,1925,1894
06.04.2019 22:00 - 06.04.2019 23:00,1805,1782
06.04.2019 23:00 - 07.04.2019 00:00,1697,1654
07.04.2019 00:00 - 07.04.2019 01:00,1570,1582
07.04.2019 01:00 - 07.04.2019 02:00,1520,1555
07.04.2019 02:00 - 07.04.2019 03:00,1513,1561
07.04.2019 03:00 - 07.04.2019 04:00,1545,1580
07.04.2019 04:00 - 07.04.2019 05:00,1588,1602
07.04.2019 05:00 - 07.04.2019 06:00,1639,1641
07.04.2019 06:00 - 07.04.2019 07:00,1710,1709
07.04.2019 07:00 - 07.04.2019 08:00,1832,1831
07.04.2019 08:00 - 07.04.2019 09:00,1959,1928
07.04.2019 09:00 - 07.04.2019 10:00,2033,1987
07.04.2019 10:00 - 07.04.2019 11:00,2057,2003
07.04.2019 11:00 - 07.04.2019 12:00,2055,1958
07.04.2019 12:00 - 07.04.2019 13:00,1976,1903
07.04.2019 13:00 - 07.04.2019 14:00,1894,1887
07.04.2019 14:00 - 07.04.2019 15:00,1878,1854
07.04.2019 15:00 - 07.04.2019 16:00,1848,1850
07.04.2019 16:00 - 07.04.2019 17:00,1872,1896
07.04.2019 17:00 - 07.04.2019 18:00,2069,2084
07.04.2019 18:00 - 07.04.2019 19:00,2097,2098
07.04.2019 19:00 - 07.04.2019 20:00,2020,2044
07.04.2019 20:00 - 07.04.2019 21:00,2061,2020
07.04.2019 21:00 - 07.04.2019 22:00,2005,1921
07.04.2019 22:00 - 07.04.2019 23:00,1890,1782
07.04.2019 23:00 - 08.04.2019 00:00,1798,1662
08.04.2019 00:00 - 08.04.2019 01:00,1606,1613
08.04.2019 01:00 - 08.04.2019 02:00,1579,1589
08.04.2019 02:00 - 08.04.2019 03:00,1577,1566
08.04.2019 03:00 - 08.04.2019 04:00,1589,1561
08.04.2019 04:00 - 08.04.2019 05:00,1614,1596
08.04.2019 05:00 - 08.04.2019 06:00,1757,1703
08.04.2019 06:00 - 08.04.2019 07:00,2101,2059
08.04.2019 07:00 - 08.04.2019 08:00,2456,2427
08.04.2019 08:00 - 08.04.2019 09:00,2591,2572
08.04.2019 09:00 - 08.04.2019 10:00,2477,2448
08.04.2019 10:00 - 08.04.2019 11:00,2507,2502
08.04.2019 11:00 - 08.04.2019 12:00,2502,2459
08.04.2019 12:00 - 08.04.2019 13:00,2410,2414
08.04.2019 13:00 - 08.04.2019 14:00,2421,2420
08.04.2019 14:00 - 08.04.2019 15:00,2345,2328
08.04.2019 15:00 - 08.04.2019 16:00,2217,2227
08.04.2019 16:00 - 08.04.2019 17:00,2261,2331
08.04.2019 17:00 - 08.04.2019 18:00,2477,2503
08.04.2019 18:00 - 08.04.2019 19:00,2402,2456
08.04.2019 19:00 - 08.04.2019 20:00,2305,2417
08.04.2019 20:00 - 08.04.2019 21:00,2378,2380
08.04.2019 21:00 - 08.04.2019 22:00,2319,2268
08.04.2019 22:00 - 08.04.2019 23:00,2185,2024
08.04.2019 23:00 - 09.04.2019 00:00,2054,1883
09.04.2019 00:00 - 09.04.2019 01:00,1745,1768
09.04.2019 01:00 - 09.04.2019 02:00,1681,1719
09.04.2019 02:00 - 09.04.2019 03:00,1665,1672
09.04.2019 03:00 - 09.04.2019 04:00,1700,1655
09.04.2019 04:00 - 09.04.2019 05:00,1725,1693
09.04.2019 05:00 - 09.04.2019 06:00,1854,1866
09.04.2019 06:00 - 09.04.2019 07:00,2232,2181
09.04.2019 07:00 - 09.04.2019 08:00,2537,2516
09.04.2019 08:00 - 09.04.2019 09:00,2625,2577
09.04.2019 09:00 - 09.04.2019 10:00,2594,2625
09.04.2019 10:00 - 09.04.2019 11:00,2769,2782
09.04.2019 11:00 - 09.04.2019 12:00,2747,2748
09.04.2019 12:00 - 09.04.2019 13:00,2662,2670
09.04.2019 13:00 - 09.04.2019 14:00,2695,2713
09.04.2019 14:00 - 09.04.2019 15:00,2659,2637
09.04.2019 15:00 - 09.04.2019 16:00,2550,2543
09.04.2019 16:00 - 09.04.2019 17:00,2517,2508
09.04.2019 17:00 - 09.04.2019 18:00,2647,2626
09.04.2019 18:00 - 09.04.2019 19:00,2574,2590
09.04.2019 19:00 - 09.04.2019 20:00,2478,2527
09.04.2019 20:00 - 09.04.2019 21:00,2456,2498
09.04.2019 21:00 - 09.04.2019 22:00,2374,2356
09.04.2019 22:00 - 09.04.2019 23:00,2245,2197
09.04.2019 23:00 - 10.04.2019 00:00,2101,2063
10.04.2019 00:00 - 10.04.2019 01:00,1924,1952
10.04.2019 01:00 - 10.04.2019 02:00,1806,1922
10.04.2019 02:00 - 10.04.2019 03:00,1828,1903
10.04.2019 03:00 - 10.04.2019 04:00,1899,1909
10.04.2019 04:00 - 10.04.2019 05:00,1963,1992
10.04.2019 05:00 - 10.04.2019 06:00,2123,2125
10.04.2019 06:00 - 10.04.2019 07:00,2454,2438
10.04.2019 07:00 - 10.04.2019 08:00,2767,2756
10.04.2019 08:00 - 10.04.2019 09:00,2865,2813
10.04.2019 09:00 - 10.04.2019 10:00,2830,2783
10.04.2019 10:00 - 10.04.2019 11:00,2832,2818
10.04.2019 11:00 - 10.04.2019 12:00,2791,2812
10.04.2019 12:00 - 10.04.2019 13:00,2746,2769
10.04.2019 13:00 - 10.04.2019 14:00,2790,2809
10.04.2019 14:00 - 10.04.2019 15:00,2759,2744
10.04.2019 15:00 - 10.04.2019 16:00,2647,2650
10.04.2019 16:00 - 10.04.2019 17:00,2656,2665
10.04.2019 17:00 - 10.04.2019 18:00,2826,2816
10.04.2019 18:00 - 10.04.2019 19:00,2729,2731
10.04.2019 19:00 - 10.04.2019 20:00,2604,2622
10.04.2019 20:00 - 10.04.2019 21:00,2572,2571
10.04.2019 21:00 - 10.04.2019 22:00,2492,2465
10.04.2019 22:00 - 10.04.2019 23:00,2399,2301
10.04.2019 23:00 - 11.04.2019 00:00,2254,2124
11.04.2019 00:00 - 11.04.2019 01:00,1949,2021
11.04.2019 01:00 - 11.04.2019 02:00,1921,2000
11.04.2019 02:00 - 11.04.2019 03:00,1950,1973
11.04.2019 03:00 - 11.04.2019 04:00,1963,1981
11.04.2019 04:00 - 11.04.2019 05:00,2013,2012
11.04.2019 05:00 - 11.04.2019 06:00,2166,2161
11.04.2019 06:00 - 11.04.2019 07:00,2488,2481
11.04.2019 07:00 - 11.04.2019 08:00,2789,2804
11.04.2019 08:00 - 11.04.2019 09:00,2934,2911
11.04.2019 09:00 - 11.04.2019 10:00,2941,2902
11.04.2019 10:00 - 11.04.2019 11:00,2954,2935
11.04.2019 11:00 - 11.04.2019 12:00,2916,2914
11.04.2019 12:00 - 11.04.2019 13:00,2855,2832
11.04.2019 13:00 - 11.04.2019 14:00,2859,2856
11.04.2019 14:00 - 11.04.2019 15:00,2789,2769
11.04.2019 15:00 - 11.04.2019 16:00,2665,2665
11.04.2019 16:00 - 11.04.2019 17:00,2640,2652
11.04.2019 17:00 - 11.04.2019 18:00,2784,2756
11.04.2019 18:00 - 11.04.2019 19:00,2700,2658
11.04.2019 19:00 - 11.04.2019 20:00,2548,2551
11.04.2019 20:00 - 11.04.2019 21:00,2506,2517
11.04.2019 21:00 - 11.04.2019 22:00,2416,2461
11.04.2019 22:00 - 11.04.2019 23:00,2257,2278
11.04.2019 23:00 - 12.04.2019 00:00,2119,2110
12.04.2019 00:00 - 12.04.2019 01:00,1995,2001
12.04.2019 01:00 - 12.04.2019 02:00,1950,1981
12.04.2019 02:00 - 12.04.2019 03:00,1954,1964
12.04.2019 03:00 - 12.04.2019 04:00,1957,1959
12.04.2019 04:00 - 12.04.2019 05:00,1986,2013
12.04.2019 05:00 - 12.04.2019 06:00,2149,2150
12.04.2019 06:00 - 12.04.2019 07:00,2509,2447
12.04.2019 07:00 - 12.04.2019 08:00,2800,2761
12.04.2019 08:00 - 12.04.2019 09:00,2893,2847
12.04.2019 09:00 - 12.04.2019 10:00,2848,2816
12.04.2019 10:00 - 12.04.2019 11:00,2878,2844
12.04.2019 11:00 - 12.04.2019 12:00,2837,2821
12.04.2019 12:00 - 12.04.2019 13:00,2706,2680
12.04.2019 13:00 - 12.04.2019 14:00,2610,2620
12.04.2019 14:00 - 12.04.2019 15:00,2501,2517
12.04.2019 15:00 - 12.04.2019 16:00,2424,2446
12.04.2019 16:00 - 12.04.2019 17:00,2430,2454
12.04.2019 17:00 - 12.04.2019 18:00,2576,2583
12.04.2019 18:00 - 12.04.2019 19:00,2545,2541
12.04.2019 19:00 - 12.04.2019 20:00,2383,2395
12.04.2019 20:00 - 12.04.2019 21:00,2315,2317
12.04.2019 21:00 - 12.04.2019 22:00,2248,2259
12.04.2019 22:00 - 12.04.2019 23:00,2073,2108
12.04.2019 23:00 - 13.04.2019 00:00,1918,1981
13.04.2019 00:00 - 13.04.2019 01:00,1847,1874
13.04.2019 01:00 - 13.04.2019 02:00,1806,1842
13.04.2019 02:00 - 13.04.2019 03:00,1816,1803
13.04.2019 03:00 - 13.04.2019 04:00,1785,1799
13.04.2019 04:00 - 13.04.2019 05:00,1808,1823
13.04.2019 05:00 - 13.04.2019 06:00,1867,1864
13.04.2019 06:00 - 13.04.2019 07:00,1952,1938
13.04.2019 07:00 - 13.04.2019 08:00,2089,2055
13.04.2019 08:00 - 13.04.2019 09:00,2239,2172
13.04.2019 09:00 - 13.04.2019 10:00,2269,2211
13.04.2019 10:00 - 13.04.2019 11:00,2273,2257
13.04.2019 11:00 - 13.04.2019 12:00,2274,2273
13.04.2019 12:00 - 13.04.2019 13:00,2234,2216
13.04.2019 13:00 - 13.04.2019 14:00,2200,2176
13.04.2019 14:00 - 13.04.2019 15:00,2155,2158
13.04.2019 15:00 - 13.04.2019 16:00,2149,2149
13.04.2019 16:00 - 13.04.2019 17:00,2173,2138
13.04.2019 17:00 - 13.04.2019 18:00,2302,2286
13.04.2019 18:00 - 13.04.2019 19:00,2297,2309
13.04.2019 19:00 - 13.04.2019 20:00,2173,2139
13.04.2019 20:00 - 13.04.2019 21:00,2059,2092
13.04.2019 21:00 - 13.04.2019 22:00,2014,2093
13.04.2019 22:00 - 13.04.2019 23:00,1874,1987
13.04.2019 23:00 - 14.04.2019 00:00,1750,1869
14.04.2019 00:00 - 14.04.2019 01:00,1761,1797
14.04.2019 01:00 - 14.04.2019 02:00,1706,1747
14.04.2019 02:00 - 14.04.2019 03:00,1714,1728
14.04.2019 03:00 - 14.04.2019 04:00,1703,1719
14.04.2019 04:00 - 14.04.2019 05:00,1736,1743
14.04.2019 05:00 - 14.04.2019 06:00,1784,1781
14.04.2019 06:00 - 14.04.2019 07:00,1847,1846
14.04.2019 07:00 - 14.04.2019 08:00,2005,2003
14.04.2019 08:00 - 14.04.2019 09:00,2154,2130
14.04.2019 09:00 - 14.04.2019 10:00,2228,2253
14.04.2019 10:00 - 14.04.2019 11:00,2270,2232
14.04.2019 11:00 - 14.04.2019 12:00,2200,2196
14.04.2019 12:00 - 14.04.2019 13:00,2172,2154
14.04.2019 13:00 - 14.04.2019 14:00,2107,2129
14.04.2019 14:00 - 14.04.2019 15:00,2112,2095
14.04.2019 15:00 - 14.04.2019 16:00,2089,2071
14.04.2019 16:00 - 14.04.2019 17:00,2111,2085
14.04.2019 17:00 - 14.04.2019 18:00,2279,2270
14.04.2019 18:00 - 14.04.2019 19:00,2290,2315
14.04.2019 19:00 - 14.04.2019 20:00,2204,2188
14.04.2019 20:00 - 14.04.2019 21:00,2138,2150
14.04.2019 21:00 - 14.04.2019 22:00,2099,2140
14.04.2019 22:00 - 14.04.2019 23:00,1950,2053
14.04.2019 23:00 - 15.04.2019 00:00,1835,1945
15.04.2019 00:00 - 15.04.2019 01:00,1848,1858
15.04.2019 01:00 - 15.04.2019 02:00,1801,1840
15.04.2019 02:00 - 15.04.2019 03:00,1807,1832
15.04.2019 03:00 - 15.04.2019 04:00,1822,1837
15.04.2019 04:00 - 15.04.2019 05:00,1887,1897
15.04.2019 05:00 - 15.04.2019 06:00,2040,1999
15.04.2019 06:00 - 15.04.2019 07:00,2311,2244
15.04.2019 07:00 - 15.04.2019 08:00,2592,2601
15.04.2019 08:00 - 15.04.2019 09:00,2769,2748
15.04.2019 09:00 - 15.04.2019 10:00,2702,2693
15.04.2019 10:00 - 15.04.2019 11:00,2761,2766
15.04.2019 11:00 - 15.04.2019 12:00,2811,2771
15.04.2019 12:00 - 15.04.2019 13:00,2745,2722
15.04.2019 13:00 - 15.04.2019 14:00,2711,2705
15.04.2019 14:00 - 15.04.2019 15:00,2654,2628
15.04.2019 15:00 - 15.04.2019 16:00,2534,2504
15.04.2019 16:00 - 15.04.2019 17:00,2450,2455
15.04.2019 17:00 - 15.04.2019 18:00,2580,2567
15.04.2019 18:00 - 15.04.2019 19:00,2510,2532
15.04.2019 19:00 - 15.04.2019 20:00,2404,2443
15.04.2019 20:00 - 15.04.2019 21:00,2363,2350
15.04.2019 21:00 - 15.04.2019 22:00,2303,2300
15.04.2019 22:00 - 15.04.2019 23:00,2154,2187
15.04.2019 23:00 - 16.04.2019 00:00,1981,2025
16.04.2019 00:00 - 16.04.2019 01:00,1890,1933
16.04.2019 01:00 - 16.04.2019 02:00,1855,1912
16.04.2019 02:00 - 16.04.2019 03:00,1890,1899
16.04.2019 03:00 - 16.04.2019 04:00,1899,1912
16.04.2019 04:00 - 16.04.2019 05:00,1968,1975
16.04.2019 05:00 - 16.04.2019 06:00,2128,2077
16.04.2019 06:00 - 16.04.2019 07:00,2353,2298
16.04.2019 07:00 - 16.04.2019 08:00,2595,2603
16.04.2019 08:00 - 16.04.2019 09:00,2745,2737
16.04.2019 09:00 - 16.04.2019 10:00,2700,2716
16.04.2019 10:00 - 16.04.2019 11:00,2804,2793
16.04.2019 11:00 - 16.04.2019 12:00,2800,2793
16.04.2019 12:00 - 16.04.2019 13:00,2726,2701
16.04.2019 13:00 - 16.04.2019 14:00,2715,2707
16.04.2019 14:00 - 16.04.2019 15:00,2642,2649
16.04.2019 15:00 - 16.04.2019 16:00,2564,2572
16.04.2019 16:00 - 16.04.2019 17:00,2532,2499
16.04.2019 17:00 - 16.04.2019 18:00,2599,2565
16.04.2019 18:00 - 16.04.2019 19:00,2524,2547
16.04.2019 19:00 - 16.04.2019 20:00,2492,2455
16.04.2019 20:00 - 16.04.2019 21:00,2471,2380
16.04.2019 21:00 - 16.04.2019 22:00,2463,2354
16.04.2019 22:00 - 16.04.2019 23:00,2327,2153
16.04.2019 23:00 - 17.04.2019 00:00,2173,2052
17.04.2019 00:00 - 17.04.2019 01:00,1913,1922
17.04.2019 01:00 - 17.04.2019 02:00,1834,1870
17.04.2019 02:00 - 17.04.2019 03:00,1834,1846
17.04.2019 03:00 - 17.04.2019 04:00,1864,1864
17.04.2019 04:00 - 17.04.2019 05:00,1920,1921
17.04.2019 05:00 - 17.04.2019 06:00,2068,2046
17.04.2019 06:00 - 17.04.2019 07:00,2334,2276
17.04.2019 07:00 - 17.04.2019 08:00,2573,2545
17.04.2019 08:00 - 17.04.2019 09:00,2718,2733
17.04.2019 09:00 - 17.04.2019 10:00,2744,2714
17.04.2019 10:00 - 17.04.2019 11:00,2774,2731
17.04.2019 11:00 - 17.04.2019 12:00,2723,2720
17.04.2019 12:00 - 17.04.2019 13:00,2638,2657
17.04.2019 13:00 - 17.04.2019 14:00,2625,2634
17.04.2019 14:00 - 17.04.2019 15:00,2518,2558
17.04.2019 15:00 - 17.04.2019 16:00,2439,2461
17.04.2019 16:00 - 17.04.2019 17:00,2423,2392
17.04.2019 17:00 - 17.04.2019 18:00,2510,2468
17.04.2019 18:00 - 17.04.2019 19:00,2414,2432
17.04.2019 19:00 - 17.04.2019 20:00,2304,2336
17.04.2019 20:00 - 17.04.2019 21:00,2262,2285
17.04.2019 21:00 - 17.04.2019 22:00,2241,2250
17.04.2019 22:00 - 17.04.2019 23:00,2087,2104
17.04.2019 23:00 - 18.04.2019 00:00,1930,1951
18.04.2019 00:00 - 18.04.2019 01:00,1819,1834
18.04.2019 01:00 - 18.04.2019 02:00,1734,1763
18.04.2019 02:00 - 18.04.2019 03:00,1676,1714
18.04.2019 03:00 - 18.04.2019 04:00,1691,1713
18.04.2019 04:00 - 18.04.2019 05:00,1698,1725
18.04.2019 05:00 - 18.04.2019 06:00,1766,1764
18.04.2019 06:00 - 18.04.2019 07:00,1816,1818
18.04.2019 07:00 - 18.04.2019 08:00,1959,1951
18.04.2019 08:00 - 18.04.2019 09:00,2105,2129
18.04.2019 09:00 - 18.04.2019 10:00,2205,2175
18.04.2019 10:00 - 18.04.2019 11:00,2207,2162
18.04.2019 11:00 - 18.04.2019 12:00,2184,2201
18.04.2019 12:00 - 18.04.2019 13:00,2139,2109
18.04.2019 13:00 - 18.04.2019 14:00,2069,2062
18.04.2019 14:00 - 18.04.2019 15:00,2041,2033
18.04.2019 15:00 - 18.04.2019 16:00,1994,1991
18.04.2019 16:00 - 18.04.2019 17:00,2021,2014
18.04.2019 17:00 - 18.04.2019 18:00,2144,2124
18.04.2019 18:00 - 18.04.2019 19:00,2136,2136
18.04.2019 19:00 - 18.04.2019 20:00,2050,2057
18.04.2019 20:00 - 18.04.2019 21:00,2023,2045
18.04.2019 21:00 - 18.04.2019 22:00,1963,2032
18.04.2019 22:00 - 18.04.2019 23:00,1834,1920
18.04.2019 23:00 - 19.04.2019 00:00,1712,1793
19.04.2019 00:00 - 19.04.2019 01:00,1679,1715
19.04.2019 01:00 - 19.04.2019 02:00,1623,1648
19.04.2019 02:00 - 19.04.2019 03:00,1597,1608
19.04.2019 03:00 - 19.04.2019 04:00,1584,1605
19.04.2019 04:00 - 19.04.2019 05:00,1611,1639
19.04.2019 05:00 - 19.04.2019 06:00,1679,1683
19.04.2019 06:00 - 19.04.2019 07:00,1729,1729
19.04.2019 07:00 - 19.04.2019 08:00,1871,1890
19.04.2019 08:00 - 19.04.2019 09:00,2039,2045
19.04.2019 09:00 - 19.04.2019 10:00,2135,2121
19.04.2019 10:00 - 19.04.2019 11:00,2156,2140
19.04.2019 11:00 - 19.04.2019 12:00,2119,2104
19.04.2019 12:00 - 19.04.2019 13:00,2052,2061
19.04.2019 13:00 - 19.04.2019 14:00,2000,2012
19.04.2019 14:00 - 19.04.2019 15:00,1977,1981
19.04.2019 15:00 - 19.04.2019 16:00,1959,1955
19.04.2019 16:00 - 19.04.2019 17:00,1976,1970
19.04.2019 17:00 - 19.04.2019 18:00,2092,2083
19.04.2019 18:00 - 19.04.2019 19:00,2087,2076
19.04.2019 19:00 - 19.04.2019 20:00,1999,1978
19.04.2019 20:00 - 19.04.2019 21:00,1945,1935
19.04.2019 21:00 - 19.04.2019 22:00,1884,1946
19.04.2019 22:00 - 19.04.2019 23:00,1775,1884
19.04.2019 23:00 - 20.04.2019 00:00,1668,1760
20.04.2019 00:00 - 20.04.2019 01:00,1665,1661
20.04.2019 01:00 - 20.04.2019 02:00,1583,1599
20.04.2019 02:00 - 20.04.2019 03:00,1567,1588
20.04.2019 03:00 - 20.04.2019 04:00,1573,1586
20.04.2019 04:00 - 20.04.2019 05:00,1596,1616
20.04.2019 05:00 - 20.04.2019 06:00,1662,1671
20.04.2019 06:00 - 20.04.2019 07:00,1731,1731
20.04.2019 07:00 - 20.04.2019 08:00,1868,1864
20.04.2019 08:00 - 20.04.2019 09:00,2021,2019
20.04.2019 09:00 - 20.04.2019 10:00,2103,2099
20.04.2019 10:00 - 20.04.2019 11:00,2114,2119
20.04.2019 11:00 - 20.04.2019 12:00,2098,2087
20.04.2019 12:00 - 20.04.2019 13:00,2045,2034
20.04.2019 13:00 - 20.04.2019 14:00,1999,1990
20.04.2019 14:00 - 20.04.2019 15:00,1957,1953
20.04.2019 15:00 - 20.04.2019 16:00,1930,1922
20.04.2019 16:00 - 20.04.2019 17:00,1929,1948
20.04.2019 17:00 - 20.04.2019 18:00,2078,2079
20.04.2019 18:00 - 20.04.2019 19:00,2095,2069
20.04.2019 19:00 - 20.04.2019 20:00,1995,1970
20.04.2019 20:00 - 20.04.2019 21:00,1929,1928
20.04.2019 21:00 - 20.04.2019 22:00,1881,1929
20.04.2019 22:00 - 20.04.2019 23:00,1756,1835
20.04.2019 23:00 - 21.04.2019 00:00,1641,1720
21.04.2019 00:00 - 21.04.2019 01:00,1622,1624
21.04.2019 01:00 - 21.04.2019 02:00,1561,1578
21.04.2019 02:00 - 21.04.2019 03:00,1547,1565
21.04.2019 03:00 - 21.04.2019 04:00,1555,1562
21.04.2019 04:00 - 21.04.2019 05:00,1568,1581
21.04.2019 05:00 - 21.04.2019 06:00,1606,1609
21.04.2019 06:00 - 21.04.2019 07:00,1644,1640
21.04.2019 07:00 - 21.04.2019 08:00,1744,1761
21.04.2019 08:00 - 21.04.2019 09:00,1903,1921
21.04.2019 09:00 - 21.04.2019 10:00,2005,2011
21.04.2019 10:00 - 21.04.2019 11:00,2049,2030
21.04.2019 11:00 - 21.04.2019 12:00,2029,2008
21.04.2019 12:00 - 21.04.2019 13:00,1969,1970
21.04.2019 13:00 - 21.04.2019 14:00,1920,1908
21.04.2019 14:00 - 21.04.2019 15:00,1883,1882
21.04.2019 15:00 - 21.04.2019 16:00,1869,1868
21.04.2019 16:00 - 21.04.2019 17:00,1880,1890
21.04.2019 17:00 - 21.04.2019 18:00,2001,2022
21.04.2019 18:00 - 21.04.2019 19:00,2019,2017
21.04.2019 19:00 - 21.04.2019 20:00,1946,1942
21.04.2019 20:00 - 21.04.2019 21:00,1912,1884
21.04.2019 21:00 - 21.04.2019 22:00,1836,1900
21.04.2019 22:00 - 21.04.2019 23:00,1726,1801
21.04.2019 23:00 - 22.04.2019 00:00,1618,1699
22.04.2019 00:00 - 22.04.2019 01:00,1595,1597
22.04.2019 01:00 - 22.04.2019 02:00,1535,1541
22.04.2019 02:00 - 22.04.2019 03:00,1524,1530
22.04.2019 03:00 - 22.04.2019 04:00,1527,1526
22.04.2019 04:00 - 22.04.2019 05:00,1546,1553
22.04.2019 05:00 - 22.04.2019 06:00,1600,1606
22.04.2019 06:00 - 22.04.2019 07:00,1668,1663
22.04.2019 07:00 - 22.04.2019 08:00,1780,1791
22.04.2019 08:00 - 22.04.2019 09:00,1949,1959
22.04.2019 09:00 - 22.04.2019 10:00,2072,2062
22.04.2019 10:00 - 22.04.2019 11:00,2127,2107
22.04.2019 11:00 - 22.04.2019 12:00,2116,2103
22.04.2019 12:00 - 22.04.2019 13:00,2044,2075
22.04.2019 13:00 - 22.04.2019 14:00,2001,2007
22.04.2019 14:00 - 22.04.2019 15:00,1976,1994
22.04.2019 15:00 - 22.04.2019 16:00,1989,2017
22.04.2019 16:00 - 22.04.2019 17:00,2062,2091
22.04.2019 17:00 - 22.04.2019 18:00,2239,2234
22.04.2019 18:00 - 22.04.2019 19:00,2197,2215
22.04.2019 19:00 - 22.04.2019 20:00,2124,2085
22.04.2019 20:00 - 22.04.2019 21:00,2053,2029
22.04.2019 21:00 - 22.04.2019 22:00,2041,2049
22.04.2019 22:00 - 22.04.2019 23:00,1971,1943
22.04.2019 23:00 - 23.04.2019 00:00,1921,1875
23.04.2019 00:00 - 23.04.2019 01:00,1794,1792
23.04.2019 01:00 - 23.04.2019 02:00,1762,1755
23.04.2019 02:00 - 23.04.2019 03:00,1748,1723
23.04.2019 03:00 - 23.04.2019 04:00,1740,1731
23.04.2019 04:00 - 23.04.2019 05:00,1798,1786
23.04.2019 05:00 - 23.04.2019 06:00,1924,1905
23.04.2019 06:00 - 23.04.2019 07:00,2173,2178
23.04.2019 07:00 - 23.04.2019 08:00,2502,2520
23.04.2019 08:00 - 23.04.2019 09:00,2650,2632
23.04.2019 09:00 - 23.04.2019 10:00,2651,2647
23.04.2019 10:00 - 23.04.2019 11:00,2719,2733
23.04.2019 11:00 - 23.04.2019 12:00,2728,2743
23.04.2019 12:00 - 23.04.2019 13:00,2673,2671
23.04.2019 13:00 - 23.04.2019 14:00,2674,2663
23.04.2019 14:00 - 23.04.2019 15:00,2622,2606
23.04.2019 15:00 - 23.04.2019 16:00,2512,2513
23.04.2019 16:00 - 23.04.2019 17:00,2471,2490
23.04.2019 17:00 - 23.04.2019 18:00,2583,2590
23.04.2019 18:00 - 23.04.2019 19:00,2505,2527
23.04.2019 19:00 - 23.04.2019 20:00,2382,2379
23.04.2019 20:00 - 23.04.2019 21:00,2290,2298
23.04.2019 21:00 - 23.04.2019 22:00,2281,2259
23.04.2019 22:00 - 23.04.2019 23:00,2141,2124
23.04.2019 23:00 - 24.04.2019 00:00,1971,1971
24.04.2019 00:00 - 24.04.2019 01:00,1848,1887
24.04.2019 01:00 - 24.04.2019 02:00,1806,1830
24.04.2019 02:00 - 24.04.2019 03:00,1791,1792
24.04.2019 03:00 - 24.04.2019 04:00,1803,1812
24.04.2019 04:00 - 24.04.2019 05:00,1858,1849
24.04.2019 05:00 - 24.04.2019 06:00,1974,1961
24.04.2019 06:00 - 24.04.2019 07:00,2230,2271
24.04.2019 07:00 - 24.04.2019 08:00,2549,2607
24.04.2019 08:00 - 24.04.2019 09:00,2704,2689
24.04.2019 09:00 - 24.04.2019 10:00,2699,2719
24.04.2019 10:00 - 24.04.2019 11:00,2774,2754
24.04.2019 11:00 - 24.04.2019 12:00,2756,2760
24.04.2019 12:00 - 24.04.2019 13:00,2681,2679
24.04.2019 13:00 - 24.04.2019 14:00,2701,2725
24.04.2019 14:00 - 24.04.2019 15:00,2677,2667
24.04.2019 15:00 - 24.04.2019 16:00,2542,2546
24.04.2019 16:00 - 24.04.2019 17:00,2508,2535
24.04.2019 17:00 - 24.04.2019 18:00,2643,2689
24.04.2019 18:00 - 24.04.2019 19:00,2560,2580
24.04.2019 19:00 - 24.04.2019 20:00,2470,2447
24.04.2019 20:00 - 24.04.2019 21:00,2384,2359
24.04.2019 21:00 - 24.04.2019 22:00,2363,2327
24.04.2019 22:00 - 24.04.2019 23:00,2252,2197
24.04.2019 23:00 - 25.04.2019 00:00,2101,2026
25.04.2019 00:00 - 25.04.2019 01:00,1907,1934
25.04.2019 01:00 - 25.04.2019 02:00,1860,1881
25.04.2019 02:00 - 25.04.2019 03:00,1850,1865
25.04.2019 03:00 - 25.04.2019 04:00,1876,1882
25.04.2019 04:00 - 25.04.2019 05:00,1897,1873
25.04.2019 05:00 - 25.04.2019 06:00,1992,1970
25.04.2019 06:00 - 25.04.2019 07:00,2203,2251
25.04.2019 07:00 - 25.04.2019 08:00,2589,2598
25.04.2019 08:00 - 25.04.2019 09:00,2670,2711
25.04.2019 09:00 - 25.04.2019 10:00,2683,2685
25.04.2019 10:00 - 25.04.2019 11:00,2735,2760
25.04.2019 11:00 - 25.04.2019 12:00,2754,2763
25.04.2019 12:00 - 25.04.2019 13:00,2684,2709
25.04.2019 13:00 - 25.04.2019 14:00,2723,2724
25.04.2019 14:00 - 25.04.2019 15:00,2669,2664
25.04.2019 15:00 - 25.04.2019 16:00,2571,2564
25.04.2019 16:00 - 25.04.2019 17:00,2564,2545
25.04.2019 17:00 - 25.04.2019 18:00,2634,2632
25.04.2019 18:00 - 25.04.2019 19:00,2540,2558
25.04.2019 19:00 - 25.04.2019 20:00,2428,2442
25.04.2019 20:00 - 25.04.2019 21:00,2386,2333
25.04.2019 21:00 - 25.04.2019 22:00,2407,2302
25.04.2019 22:00 - 25.04.2019 23:00,2315,2134
25.04.2019 23:00 - 26.04.2019 00:00,2174,1940
26.04.2019 00:00 - 26.04.2019 01:00,1822,1817
26.04.2019 01:00 - 26.04.2019 02:00,1767,1781
26.04.2019 02:00 - 26.04.2019 03:00,1755,1745
26.04.2019 03:00 - 26.04.2019 04:00,1755,1737
26.04.2019 04:00 - 26.04.2019 05:00,1784,1762
26.04.2019 05:00 - 26.04.2019 06:00,1895,1872
26.04.2019 06:00 - 26.04.2019 07:00,2128,2189
26.04.2019 07:00 - 26.04.2019 08:00,2453,2507
26.04.2019 08:00 - 26.04.2019 09:00,2642,2668
26.04.2019 09:00 - 26.04.2019 10:00,2661,2687
26.04.2019 10:00 - 26.04.2019 11:00,2716,2728
26.04.2019 11:00 - 26.04.2019 12:00,2716,2728
26.04.2019 12:00 - 26.04.2019 13:00,2616,2629
26.04.2019 13:00 - 26.04.2019 14:00,2552,2584
26.04.2019 14:00 - 26.04.2019 15:00,2446,2488
26.04.2019 15:00 - 26.04.2019 16:00,2383,2417
26.04.2019 16:00 - 26.04.2019 17:00,2394,2425
26.04.2019 17:00 - 26.04.2019 18:00,2517,2546
26.04.2019 18:00 - 26.04.2019 19:00,2474,2494
26.04.2019 19:00 - 26.04.2019 20:00,2343,2314
26.04.2019 20:00 - 26.04.2019 21:00,2211,2165
26.04.2019 21:00 - 26.04.2019 22:00,2155,2106
26.04.2019 22:00 - 26.04.2019 23:00,2048,1951
26.04.2019 23:00 - 27.04.2019 00:00,1905,1801
27.04.2019 00:00 - 27.04.2019 01:00,1667,1699
27.04.2019 01:00 - 27.04.2019 02:00,1622,1651
27.04.2019 02:00 - 27.04.2019 03:00,1678,1748
27.04.2019 03:00 - 27.04.2019 04:00,1755,1847
27.04.2019 04:00 - 27.04.2019 05:00,1819,1825
27.04.2019 05:00 - 27.04.2019 06:00,1667,1675
27.04.2019 06:00 - 27.04.2019 07:00,1761,1749
27.04.2019 07:00 - 27.04.2019 08:00,1919,1919
27.04.2019 08:00 - 27.04.2019 09:00,2091,2087
27.04.2019 09:00 - 27.04.2019 10:00,2187,2176
27.04.2019 10:00 - 27.04.2019 11:00,2219,2195
27.04.2019 11:00 - 27.04.2019 12:00,2179,2177
27.04.2019 12:00 - 27.04.2019 13:00,2124,2122
27.04.2019 13:00 - 27.04.2019 14:00,2088,2102
27.04.2019 14:00 - 27.04.2019 15:00,2048,2045
27.04.2019 15:00 - 27.04.2019 16:00,2009,2022
27.04.2019 16:00 - 27.04.2019 17:00,2049,2070
27.04.2019 17:00 - 27.04.2019 18:00,2184,2203
27.04.2019 18:00 - 27.04.2019 19:00,2193,2216
27.04.2019 19:00 - 27.04.2019 20:00,2071,2080
27.04.2019 20:00 - 27.04.2019 21:00,1988,2007
27.04.2019 21:00 - 27.04.2019 22:00,1995,1977
27.04.2019 22:00 - 27.04.2019 23:00,1895,1871
27.04.2019 23:00 - 28.04.2019 00:00,1752,1751
28.04.2019 00:00 - 28.04.2019 01:00,1649,1638
28.04.2019 01:00 - 28.04.2019 02:00,1573,1579
28.04.2019 02:00 - 28.04.2019 03:00,1552,1546
28.04.2019 03:00 - 28.04.2019 04:00,1552,1532
28.04.2019 04:00 - 28.04.2019 05:00,1568,1542
28.04.2019 05:00 - 28.04.2019 06:00,1563,1564
28.04.2019 06:00 - 28.04.2019 07:00,1624,1613
28.04.2019 07:00 - 28.04.2019 08:00,1755,1758
28.04.2019 08:00 - 28.04.2019 09:00,1932,1947
28.04.2019 09:00 - 28.04.2019 10:00,2059,2037
28.04.2019 10:00 - 28.04.2019 11:00,2077,2080
28.04.2019 11:00 - 28.04.2019 12:00,2082,2085
28.04.2019 12:00 - 28.04.2019 13:00,2063,2075
28.04.2019 13:00 - 28.04.2019 14:00,2036,2039
28.04.2019 14:00 - 28.04.2019 15:00,2002,2021
28.04.2019 15:00 - 28.04.2019 16:00,1993,2005
28.04.2019 16:00 - 28.04.2019 17:00,2033,2048
28.04.2019 17:00 - 28.04.2019 18:00,2200,2244
28.04.2019 18:00 - 28.04.2019 19:00,2235,2266
28.04.2019 19:00 - 28.04.2019 20:00,2141,2164
28.04.2019 20:00 - 28.04.2019 21:00,2076,2069
28.04.2019 21:00 - 28.04.2019 22:00,2085,2035
28.04.2019 22:00 - 28.04.2019 23:00,1976,1920
28.04.2019 23:00 - 29.04.2019 00:00,1855,1803
29.04.2019 00:00 - 29.04.2019 01:00,1749,1739
29.04.2019 01:00 - 29.04.2019 02:00,1696,1695
29.04.2019 02:00 - 29.04.2019 03:00,1695,1688
29.04.2019 03:00 - 29.04.2019 04:00,1712,1695
29.04.2019 04:00 - 29.04.2019 05:00,1756,1751
29.04.2019 05:00 - 29.04.2019 06:00,1882,1876
29.04.2019 06:00 - 29.04.2019 07:00,2250,2228
29.04.2019 07:00 - 29.04.2019 08:00,2592,2579
29.04.2019 08:00 - 29.04.2019 09:00,2712,2702
29.04.2019 09:00 - 29.04.2019 10:00,2701,2719
29.04.2019 10:00 - 29.04.2019 11:00,2781,2765
29.04.2019 11:00 - 29.04.2019 12:00,2793,2755
29.04.2019 12:00 - 29.04.2019 13:00,2713,2704
29.04.2019 13:00 - 29.04.2019 14:00,2724,2717
29.04.2019 14:00 - 29.04.2019 15:00,2682,2648
29.04.2019 15:00 - 29.04.2019 16:00,2509,2554
29.04.2019 16:00 - 29.04.2019 17:00,2526,2511
29.04.2019 17:00 - 29.04.2019 18:00,2622,2640
29.04.2019 18:00 - 29.04.2019 19:00,2541,2573
29.04.2019 19:00 - 29.04.2019 20:00,2411,2432
29.04.2019 20:00 - 29.04.2019 21:00,2297,2329
29.04.2019 21:00 - 29.04.2019 22:00,2211,2286
29.04.2019 22:00 - 29.04.2019 23:00,2052,2139
29.04.2019 23:00 - 30.04.2019 00:00,1890,1952
30.04.2019 00:00 - 30.04.2019 01:00,1829,1854
30.04.2019 01:00 - 30.04.2019 02:00,1768,1794
30.04.2019 02:00 - 30.04.2019 03:00,1768,1787
30.04.2019 03:00 - 30.04.2019 04:00,1784,1790
30.04.2019 04:00 - 30.04.2019 05:00,1842,1836
30.04.2019 05:00 - 30.04.2019 06:00,1959,1938
30.04.2019 06:00 - 30.04.2019 07:00,2213,2244
30.04.2019 07:00 - 30.04.2019 08:00,2527,2568
30.04.2019 08:00 - 30.04.2019 09:00,2688,2691
30.04.2019 09:00 - 30.04.2019 10:00,2693,2709
30.04.2019 10:00 - 30.04.2019 11:00,2753,2760
30.04.2019 11:00 - 30.04.2019 12:00,2784,2752
30.04.2019 12:00 - 30.04.2019 13:00,2694,2710
30.04.2019 13:00 - 30.04.2019 14:00,2700,2706
30.04.2019 14:00 - 30.04.2019 15:00,2655,2648
30.04.2019 15:00 - 30.04.2019 16:00,2567,2540
30.04.2019 16:00 - 30.04.2019 17:00,2499,2504
30.04.2019 17:00 - 30.04.2019 18:00,2611,2626
30.04.2019 18:00 - 30.04.2019 19:00,2500,2551
30.04.2019 19:00 - 30.04.2019 20:00,2420,2422
30.04.2019 20:00 - 30.04.2019 21:00,2339,2311
30.04.2019 21:00 - 30.04.2019 22:00,2292,2271
30.04.2019 22:00 - 30.04.2019 23:00,2177,2116
30.04.2019 23:00 - 01.05.2019 00:00,1995,1926
01.05.2019 00:00 - 01.05.2019 01:00,1774,1778
01.05.2019 01:00 - 01.05.2019 02:00,1680,1715
01.05.2019 02:00 - 01.05.2019 03:00,1666,1696
01.05.2019 03:00 - 01.05.2019 04:00,1684,1713
01.05.2019 04:00 - 01.05.2019 05:00,1744,1734
01.05.2019 05:00 - 01.05.2019 06:00,1844,1828
01.05.2019 06:00 - 01.05.2019 07:00,2055,2078
01.05.2019 07:00 - 01.05.2019 08:00,2279,2328
01.05.2019 08:00 - 01.05.2019 09:00,2429,2463
01.05.2019 09:00 - 01.05.2019 10:00,2479,2481
01.05.2019 10:00 - 01.05.2019 11:00,2531,2509
01.05.2019 11:00 - 01.05.2019 12:00,2526,2512
01.05.2019 12:00 - 01.05.2019 13:00,2434,2457
01.05.2019 13:00 - 01.05.2019 14:00,2437,2462
01.05.2019 14:00 - 01.05.2019 15:00,2412,2403
01.05.2019 15:00 - 01.05.2019 16:00,2356,2389
01.05.2019 16:00 - 01.05.2019 17:00,2380,1726
01.05.2019 17:00 - 01.05.2019 18:00,2456,0
01.05.2019 18:00 - 01.05.2019 19:00,2329,0
01.05.2019 19:00 - 01.05.2019 20:00,2275,1690
01.05.2019 20:00 - 01.05.2019 21:00,2304,2291
01.05.2019 21:00 - 01.05.2019 22:00,2344,2224
01.05.2019 22:00 - 01.05.2019 23:00,2285,2113
01.05.2019 23:00 - 02.05.2019 00:00,2120,1956
02.05.2019 00:00 - 02.05.2019 01:00,1854,1870
02.05.2019 01:00 - 02.05.2019 02:00,1820,1838
02.05.2019 02:00 - 02.05.2019 03:00,1811,1789
02.05.2019 03:00 - 02.05.2019 04:00,1797,1790
02.05.2019 04:00 - 02.05.2019 05:00,1852,1843
02.05.2019 05:00 - 02.05.2019 06:00,1974,1967
02.05.2019 06:00 - 02.05.2019 07:00,2269,2309
02.05.2019 07:00 - 02.05.2019 08:00,2608,2634
02.05.2019 08:00 - 02.05.2019 09:00,2754,2736
02.05.2019 09:00 - 02.05.2019 10:00,2753,2767
02.05.2019 10:00 - 02.05.2019 11:00,2811,2791
02.05.2019 11:00 - 02.05.2019 12:00,2813,2814
02.05.2019 12:00 - 02.05.2019 13:00,2733,2716
02.05.2019 13:00 - 02.05.2019 14:00,2705,2729
02.05.2019 14:00 - 02.05.2019 15:00,2685,2678
02.05.2019 15:00 - 02.05.2019 16:00,2606,2556
02.05.2019 16:00 - 02.05.2019 17:00,2567,2563
02.05.2019 17:00 - 02.05.2019 18:00,2660,2697
02.05.2019 18:00 - 02.05.2019 19:00,2554,2578
02.05.2019 19:00 - 02.05.2019 20:00,2439,2434
02.05.2019 20:00 - 02.05.2019 21:00,2357,2367
02.05.2019 21:00 - 02.05.2019 22:00,2352,2335
02.05.2019 22:00 - 02.05.2019 23:00,2254,2190
02.05.2019 23:00 - 03.05.2019 00:00,2091,2023
03.05.2019 00:00 - 03.05.2019 01:00,1894,1915
03.05.2019 01:00 - 03.05.2019 02:00,1841,1870
03.05.2019 02:00 - 03.05.2019 03:00,1847,1849
03.05.2019 03:00 - 03.05.2019 04:00,1866,1878
03.05.2019 04:00 - 03.05.2019 05:00,1932,1917
03.05.2019 05:00 - 03.05.2019 06:00,2031,2015
03.05.2019 06:00 - 03.05.2019 07:00,2295,2313
03.05.2019 07:00 - 03.05.2019 08:00,2596,2623
03.05.2019 08:00 - 03.05.2019 09:00,2776,2743
03.05.2019 09:00 - 03.05.2019 10:00,2752,2749
03.05.2019 10:00 - 03.05.2019 11:00,2804,2783
03.05.2019 11:00 - 03.05.2019 12:00,2758,2785
03.05.2019 12:00 - 03.05.2019 13:00,2655,2694
03.05.2019 13:00 - 03.05.2019 14:00,2630,2622
03.05.2019 14:00 - 03.05.2019 15:00,2469,2498
03.05.2019 15:00 - 03.05.2019 16:00,2396,2428
03.05.2019 16:00 - 03.05.2019 17:00,2402,2457
03.05.2019 17:00 - 03.05.2019 18:00,2556,2566
03.05.2019 18:00 - 03.05.2019 19:00,2515,2573
03.05.2019 19:00 - 03.05.2019 20:00,2425,2416
03.05.2019 20:00 - 03.05.2019 21:00,2293,2261
03.05.2019 21:00 - 03.05.2019 22:00,2257,2277
03.05.2019 22:00 - 03.05.2019 23:00,2164,2113
03.05.2019 23:00 - 04.05.2019 00:00,1989,1950
04.05.2019 00:00 - 04.05.2019 01:00,1867,1892
04.05.2019 01:00 - 04.05.2019 02:00,1793,1808
04.05.2019 02:00 - 04.05.2019 03:00,1754,1747
04.05.2019 03:00 - 04.05.2019 04:00,1724,1733
04.05.2019 04:00 - 04.05.2019 05:00,1739,1740
04.05.2019 05:00 - 04.05.2019 06:00,1816,1798
04.05.2019 06:00 - 04.05.2019 07:00,1918,1909
04.05.2019 07:00 - 04.05.2019 08:00,2085,2033
04.05.2019 08:00 - 04.05.2019 09:00,2240,2127
04.05.2019 09:00 - 04.05.2019 10:00,2274,2188
04.05.2019 10:00 - 04.05.2019 11:00,2229,2204
04.05.2019 11:00 - 04.05.2019 12:00,2231,2240
04.05.2019 12:00 - 04.05.2019 13:00,2210,2254
04.05.2019 13:00 - 04.05.2019 14:00,2202,2221
04.05.2019 14:00 - 04.05.2019 15:00,2175,2202
04.05.2019 15:00 - 04.05.2019 16:00,2157,2171
04.05.2019 16:00 - 04.05.2019 17:00,2166,2195
04.05.2019 17:00 - 04.05.2019 18:00,2298,2273
04.05.2019 18:00 - 04.05.2019 19:00,2248,2229
04.05.2019 19:00 - 04.05.2019 20:00,2154,2059
04.05.2019 20:00 - 04.05.2019 21:00,1991,1989
04.05.2019 21:00 - 04.05.2019 22:00,1958,1981
04.05.2019 22:00 - 04.05.2019 23:00,1917,1920
04.05.2019 23:00 - 05.05.2019 00:00,1790,1795
05.05.2019 00:00 - 05.05.2019 01:00,1678,1728
05.05.2019 01:00 - 05.05.2019 02:00,1643,1650
05.05.2019 02:00 - 05.05.2019 03:00,1620,1631
05.05.2019 03:00 - 05.05.2019 04:00,1632,1654
05.05.2019 04:00 - 05.05.2019 05:00,1664,1678
05.05.2019 05:00 - 05.05.2019 06:00,1684,1684
05.05.2019 06:00 - 05.05.2019 07:00,1766,1754
05.05.2019 07:00 - 05.05.2019 08:00,1875,1888
05.05.2019 08:00 - 05.05.2019 09:00,2062,2009
05.05.2019 09:00 - 05.05.2019 10:00,2151,2117
05.05.2019 10:00 - 05.05.2019 11:00,2174,2138
05.05.2019 11:00 - 05.05.2019 12:00,2168,2191
05.05.2019 12:00 - 05.05.2019 13:00,2174,2145
05.05.2019 13:00 - 05.05.2019 14:00,2142,2152
05.05.2019 14:00 - 05.05.2019 15:00,2106,2093
05.05.2019 15:00 - 05.05.2019 16:00,2057,2038
05.05.2019 16:00 - 05.05.2019 17:00,2072,2107
05.05.2019 17:00 - 05.05.2019 18:00,2259,2291
05.05.2019 18:00 - 05.05.2019 19:00,2275,2300
05.05.2019 19:00 - 05.05.2019 20:00,2166,2177
05.05.2019 20:00 - 05.05.2019 21:00,2098,2069
05.05.2019 21:00 - 05.05.2019 22:00,2068,2053
05.05.2019 22:00 - 05.05.2019 23:00,2005,1988
05.05.2019 23:00 - 06.05.2019 00:00,1899,1872
06.05.2019 00:00 - 06.05.2019 01:00,1804,1814
06.05.2019 01:00 - 06.05.2019 02:00,1771,1780
06.05.2019 02:00 - 06.05.2019 03:00,1767,1775
06.05.2019 03:00 - 06.05.2019 04:00,1786,1785
06.05.2019 04:00 - 06.05.2019 05:00,1832,1818
06.05.2019 05:00 - 06.05.2019 06:00,1931,1938
06.05.2019 06:00 - 06.05.2019 07:00,2323,2289
06.05.2019 07:00 - 06.05.2019 08:00,2676,2624
06.05.2019 08:00 - 06.05.2019 09:00,2762,2729
06.05.2019 09:00 - 06.05.2019 10:00,2787,2743
06.05.2019 10:00 - 06.05.2019 11:00,2835,2784
06.05.2019 11:00 - 06.05.2019 12:00,2811,2800
06.05.2019 12:00 - 06.05.2019 13:00,2781,2762
06.05.2019 13:00 - 06.05.2019 14:00,2777,2778
06.05.2019 14:00 - 06.05.2019 15:00,2722,2688
06.05.2019 15:00 - 06.05.2019 16:00,2586,2617
06.05.2019 16:00 - 06.05.2019 17:00,2584,2622
06.05.2019 17:00 - 06.05.2019 18:00,2688,2703
06.05.2019 18:00 - 06.05.2019 19:00,2609,2647
06.05.2019 19:00 - 06.05.2019 20:00,2507,2492
06.05.2019 20:00 - 06.05.2019 21:00,2355,2353
06.05.2019 21:00 - 06.05.2019 22:00,2276,2295
06.05.2019 22:00 - 06.05.2019 23:00,2225,2206
06.05.2019 23:00 - 07.05.2019 00:00,2097,2031
07.05.2019 00:00 - 07.05.2019 01:00,1907,1931
07.05.2019 01:00 - 07.05.2019 02:00,1825,1895
07.05.2019 02:00 - 07.05.2019 03:00,1838,1891
07.05.2019 03:00 - 07.05.2019 04:00,1870,1891
07.05.2019 04:00 - 07.05.2019 05:00,1933,1944
07.05.2019 05:00 - 07.05.2019 06:00,2046,2034
07.05.2019 06:00 - 07.05.2019 07:00,2333,2338
07.05.2019 07:00 - 07.05.2019 08:00,2662,2669
07.05.2019 08:00 - 07.05.2019 09:00,2784,2729
07.05.2019 09:00 - 07.05.2019 10:00,2781,2573
07.05.2019 10:00 - 07.05.2019 11:00,2821,2787
07.05.2019 11:00 - 07.05.2019 12:00,2837,2773
07.05.2019 12:00 - 07.05.2019 13:00,2802,2733
07.05.2019 13:00 - 07.05.2019 14:00,2862,2731
07.05.2019 14:00 - 07.05.2019 15:00,2823,2660
07.05.2019 15:00 - 07.05.2019 16:00,2642,2567
07.05.2019 16:00 - 07.05.2019 17:00,2605,2542
07.05.2019 17:00 - 07.05.2019 18:00,2710,2687
07.05.2019 18:00 - 07.05.2019 19:00,2601,2592
07.05.2019 19:00 - 07.05.2019 20:00,2460,2452
07.05.2019 20:00 - 07.05.2019 21:00,2358,2328
07.05.2019 21:00 - 07.05.2019 22:00,2303,2225
07.05.2019 22:00 - 07.05.2019 23:00,2237,2119
07.05.2019 23:00 - 08.05.2019 00:00,2098,2013
08.05.2019 00:00 - 08.05.2019 01:00,1928,1910
08.05.2019 01:00 - 08.05.2019 02:00,1894,1862
08.05.2019 02:00 - 08.05.2019 03:00,1881,1862
08.05.2019 03:00 - 08.05.2019 04:00,1873,1874
08.05.2019 04:00 - 08.05.2019 05:00,1918,1923
08.05.2019 05:00 - 08.05.2019 06:00,2017,2015
08.05.2019 06:00 - 08.05.2019 07:00,2324,2318
08.05.2019 07:00 - 08.05.2019 08:00,2638,2620
08.05.2019 08:00 - 08.05.2019 09:00,2775,2742
08.05.2019 09:00 - 08.05.2019 10:00,2778,2724
08.05.2019 10:00 - 08.05.2019 11:00,2807,2783
08.05.2019 11:00 - 08.05.2019 12:00,2798,2792
08.05.2019 12:00 - 08.05.2019 13:00,2732,2724
08.05.2019 13:00 - 08.05.2019 14:00,2745,2707
08.05.2019 14:00 - 08.05.2019 15:00,2684,2647
08.05.2019 15:00 - 08.05.2019 16:00,2567,2572
08.05.2019 16:00 - 08.05.2019 17:00,2533,2561
08.05.2019 17:00 - 08.05.2019 18:00,2659,2693
08.05.2019 18:00 - 08.05.2019 19:00,2612,2651
08.05.2019 19:00 - 08.05.2019 20:00,2559,2549
08.05.2019 20:00 - 08.05.2019 21:00,2430,2419
08.05.2019 21:00 - 08.05.2019 22:00,2358,2337
08.05.2019 22:00 - 08.05.2019 23:00,2284,2207
08.05.2019 23:00 - 09.05.2019 00:00,2144,2044
09.05.2019 00:00 - 09.05.2019 01:00,1914,1919
09.05.2019 01:00 - 09.05.2019 02:00,1818,1860
09.05.2019 02:00 - 09.05.2019 03:00,1812,1844
09.05.2019 03:00 - 09.05.2019 04:00,1837,1859
09.05.2019 04:00 - 09.05.2019 05:00,1896,1904
09.05.2019 05:00 - 09.05.2019 06:00,2000,2014
09.05.2019 06:00 - 09.05.2019 07:00,2336,2343
09.05.2019 07:00 - 09.05.2019 08:00,2651,2669
09.05.2019 08:00 - 09.05.2019 09:00,2817,2806
09.05.2019 09:00 - 09.05.2019 10:00,2836,2811
09.05.2019 10:00 - 09.05.2019 11:00,2875,2847
09.05.2019 11:00 - 09.05.2019 12:00,2846,2849
09.05.2019 12:00 - 09.05.2019 13:00,2796,2779
09.05.2019 13:00 - 09.05.2019 14:00,2813,2764
09.05.2019 14:00 - 09.05.2019 15:00,2722,2720
09.05.2019 15:00 - 09.05.2019 16:00,2611,2603
09.05.2019 16:00 - 09.05.2019 17:00,2551,2601
09.05.2019 17:00 - 09.05.2019 18:00,2670,2710
09.05.2019 18:00 - 09.05.2019 19:00,2602,2621
09.05.2019 19:00 - 09.05.2019 20:00,2477,2483
09.05.2019 20:00 - 09.05.2019 21:00,2378,2381
09.05.2019 21:00 - 09.05.2019 22:00,2324,2316
09.05.2019 22:00 - 09.05.2019 23:00,2262,2187
09.05.2019 23:00 - 10.05.2019 00:00,2139,1992
10.05.2019 00:00 - 10.05.2019 01:00,1858,1857
10.05.2019 01:00 - 10.05.2019 02:00,1756,1798
10.05.2019 02:00 - 10.05.2019 03:00,1757,1805
10.05.2019 03:00 - 10.05.2019 04:00,1813,1834
10.05.2019 04:00 - 10.05.2019 05:00,1876,1855
10.05.2019 05:00 - 10.05.2019 06:00,1955,1946
10.05.2019 06:00 - 10.05.2019 07:00,2236,2254
10.05.2019 07:00 - 10.05.2019 08:00,2591,2596
10.05.2019 08:00 - 10.05.2019 09:00,2750,2726
10.05.2019 09:00 - 10.05.2019 10:00,2742,2737
10.05.2019 10:00 - 10.05.2019 11:00,2797,2794
10.05.2019 11:00 - 10.05.2019 12:00,2768,2771
10.05.2019 12:00 - 10.05.2019 13:00,2674,2678
10.05.2019 13:00 - 10.05.2019 14:00,2603,2613
10.05.2019 14:00 - 10.05.2019 15:00,2466,2474
10.05.2019 15:00 - 10.05.2019 16:00,2392,2404
10.05.2019 16:00 - 10.05.2019 17:00,2386,2418
10.05.2019 17:00 - 10.05.2019 18:00,2491,2522
10.05.2019 18:00 - 10.05.2019 19:00,2483,2482
10.05.2019 19:00 - 10.05.2019 20:00,2329,2316
10.05.2019 20:00 - 10.05.2019 21:00,2180,2178
10.05.2019 21:00 - 10.05.2019 22:00,2146,2108
10.05.2019 22:00 - 10.05.2019 23:00,2051,2036
10.05.2019 23:00 - 11.05.2019 00:00,1883,1886
11.05.2019 00:00 - 11.05.2019 01:00,1745,1759
11.05.2019 01:00 - 11.05.2019 02:00,1675,1704
11.05.2019 02:00 - 11.05.2019 03:00,1654,1683
11.05.2019 03:00 - 11.05.2019 04:00,1661,1692
11.05.2019 04:00 - 11.05.2019 05:00,1674,1727
11.05.2019 05:00 - 11.05.2019 06:00,1713,1716
11.05.2019 06:00 - 11.05.2019 07:00,1817,1805
11.05.2019 07:00 - 11.05.2019 08:00,1980,1953
11.05.2019 08:00 - 11.05.2019 09:00,2118,2103
11.05.2019 09:00 - 11.05.2019 10:00,2176,2178
11.05.2019 10:00 - 11.05.2019 11:00,2227,2211
11.05.2019 11:00 - 11.05.2019 12:00,2221,2191
11.05.2019 12:00 - 11.05.2019 13:00,2153,2140
11.05.2019 13:00 - 11.05.2019 14:00,2118,2121
11.05.2019 14:00 - 11.05.2019 15:00,2074,2111
11.05.2019 15:00 - 11.05.2019 16:00,2081,2099
11.05.2019 16:00 - 11.05.2019 17:00,2115,2113
11.05.2019 17:00 - 11.05.2019 18:00,2216,2214
11.05.2019 18:00 - 11.05.2019 19:00,2208,2220
11.05.2019 19:00 - 11.05.2019 20:00,2094,2101
11.05.2019 20:00 - 11.05.2019 21:00,2004,2011
11.05.2019 21:00 - 11.05.2019 22:00,1980,1979
11.05.2019 22:00 - 11.05.2019 23:00,1895,1927
11.05.2019 23:00 - 12.05.2019 00:00,1744,1803
12.05.2019 00:00 - 12.05.2019 01:00,1666,1697
12.05.2019 01:00 - 12.05.2019 02:00,1610,1641
12.05.2019 02:00 - 12.05.2019 03:00,1608,1610
12.05.2019 03:00 - 12.05.2019 04:00,1620,1636
12.05.2019 04:00 - 12.05.2019 05:00,1655,1646
12.05.2019 05:00 - 12.05.2019 06:00,1657,1638
12.05.2019 06:00 - 12.05.2019 07:00,1708,1704
12.05.2019 07:00 - 12.05.2019 08:00,1845,1831
12.05.2019 08:00 - 12.05.2019 09:00,2019,1998
12.05.2019 09:00 - 12.05.2019 10:00,2102,2075
12.05.2019 10:00 - 12.05.2019 11:00,2131,2105
12.05.2019 11:00 - 12.05.2019 12:00,2125,2104
12.05.2019 12:00 - 12.05.2019 13:00,2106,2097
12.05.2019 13:00 - 12.05.2019 14:00,2125,2157
12.05.2019 14:00 - 12.05.2019 15:00,2144,2155
12.05.2019 15:00 - 12.05.2019 16:00,2107,2101
12.05.2019 16:00 - 12.05.2019 17:00,2118,2101
12.05.2019 17:00 - 12.05.2019 18:00,2232,2241
12.05.2019 18:00 - 12.05.2019 19:00,2207,2261
12.05.2019 19:00 - 12.05.2019 20:00,2134,2136
12.05.2019 20:00 - 12.05.2019 21:00,2054,2056
12.05.2019 21:00 - 12.05.2019 22:00,2021,2014
12.05.2019 22:00 - 12.05.2019 23:00,1987,1977
12.05.2019 23:00 - 13.05.2019 00:00,1899,1854
13.05.2019 00:00 - 13.05.2019 01:00,1770,1779
13.05.2019 01:00 - 13.05.2019 02:00,1728,1750
13.05.2019 02:00 - 13.05.2019 03:00,1753,1755
13.05.2019 03:00 - 13.05.2019 04:00,1755,1758
13.05.2019 04:00 - 13.05.2019 05:00,1801,1808
13.05.2019 05:00 - 13.05.2019 06:00,1900,1908
13.05.2019 06:00 - 13.05.2019 07:00,2242,2226
13.05.2019 07:00 - 13.05.2019 08:00,2583,2563
13.05.2019 08:00 - 13.05.2019 09:00,2737,2712
13.05.2019 09:00 - 13.05.2019 10:00,2750,2739
13.05.2019 10:00 - 13.05.2019 11:00,2843,2814
13.05.2019 11:00 - 13.05.2019 12:00,2829,2797
13.05.2019 12:00 - 13.05.2019 13:00,2758,2730
13.05.2019 13:00 - 13.05.2019 14:00,2773,2754
13.05.2019 14:00 - 13.05.2019 15:00,2714,2704
13.05.2019 15:00 - 13.05.2019 16:00,2579,2586
13.05.2019 16:00 - 13.05.2019 17:00,2515,2576
13.05.2019 17:00 - 13.05.2019 18:00,2642,2709
13.05.2019 18:00 - 13.05.2019 19:00,2601,2618
13.05.2019 19:00 - 13.05.2019 20:00,2470,2471
13.05.2019 20:00 - 13.05.2019 21:00,2371,2377
13.05.2019 21:00 - 13.05.2019 22:00,2327,2305
13.05.2019 22:00 - 13.05.2019 23:00,2262,2224
13.05.2019 23:00 - 14.05.2019 00:00,2111,2045
14.05.2019 00:00 - 14.05.2019 01:00,1931,1940
14.05.2019 01:00 - 14.05.2019 02:00,1872,1886
14.05.2019 02:00 - 14.05.2019 03:00,1874,1880
14.05.2019 03:00 - 14.05.2019 04:00,1887,1888
14.05.2019 04:00 - 14.05.2019 05:00,1922,1917
14.05.2019 05:00 - 14.05.2019 06:00,2025,2025
14.05.2019 06:00 - 14.05.2019 07:00,2345,2361
14.05.2019 07:00 - 14.05.2019 08:00,2661,2670
14.05.2019 08:00 - 14.05.2019 09:00,2816,2796
14.05.2019 09:00 - 14.05.2019 10:00,2824,2792
14.05.2019 10:00 - 14.05.2019 11:00,2887,2871
14.05.2019 11:00 - 14.05.2019 12:00,2878,2846
14.05.2019 12:00 - 14.05.2019 13:00,2823,2768
14.05.2019 13:00 - 14.05.2019 14:00,2898,2785
14.05.2019 14:00 - 14.05.2019 15:00,2837,2725
14.05.2019 15:00 - 14.05.2019 16:00,2685,2624
14.05.2019 16:00 - 14.05.2019 17:00,2568,2593
14.05.2019 17:00 - 14.05.2019 18:00,2670,2708
14.05.2019 18:00 - 14.05.2019 19:00,2611,2645
14.05.2019 19:00 - 14.05.2019 20:00,2521,2529
14.05.2019 20:00 - 14.05.2019 21:00,2458,2434
14.05.2019 21:00 - 14.05.2019 22:00,2419,2344
14.05.2019 22:00 - 14.05.2019 23:00,2386,2274
14.05.2019 23:00 - 15.05.2019 00:00,2252,2082
15.05.2019 00:00 - 15.05.2019 01:00,1958,1966
15.05.2019 01:00 - 15.05.2019 02:00,1903,1907
15.05.2019 02:00 - 15.05.2019 03:00,1901,1901
15.05.2019 03:00 - 15.05.2019 04:00,1915,1913
15.05.2019 04:00 - 15.05.2019 05:00,1953,1947
15.05.2019 05:00 - 15.05.2019 06:00,2027,2039
15.05.2019 06:00 - 15.05.2019 07:00,2345,2367
15.05.2019 07:00 - 15.05.2019 08:00,2675,2665
15.05.2019 08:00 - 15.05.2019 09:00,2832,2806
15.05.2019 09:00 - 15.05.2019 10:00,2808,2795
15.05.2019 10:00 - 15.05.2019 11:00,2876,2850
15.05.2019 11:00 - 15.05.2019 12:00,2846,2826
15.05.2019 12:00 - 15.05.2019 13:00,2779,2794
15.05.2019 13:00 - 15.05.2019 14:00,2823,2788
15.05.2019 14:00 - 15.05.2019 15:00,2752,2729
15.05.2019 15:00 - 15.05.2019 16:00,2619,2618
15.05.2019 16:00 - 15.05.2019 17:00,2573,2583
15.05.2019 17:00 - 15.05.2019 18:00,2680,2684
15.05.2019 18:00 - 15.05.2019 19:00,2582,2640
15.05.2019 19:00 - 15.05.2019 20:00,2514,2537
15.05.2019 20:00 - 15.05.2019 21:00,2485,2416
15.05.2019 21:00 - 15.05.2019 22:00,2463,2344
15.05.2019 22:00 - 15.05.2019 23:00,2443,2263
15.05.2019 23:00 - 16.05.2019 00:00,2317,2079
16.05.2019 00:00 - 16.05.2019 01:00,1930,1954
16.05.2019 01:00 - 16.05.2019 02:00,1837,1890
16.05.2019 02:00 - 16.05.2019 03:00,1821,1857
16.05.2019 03:00 - 16.05.2019 04:00,1849,1853
16.05.2019 04:00 - 16.05.2019 05:00,1895,1891
16.05.2019 05:00 - 16.05.2019 06:00,1973,1984
16.05.2019 06:00 - 16.05.2019 07:00,2223,2281
16.05.2019 07:00 - 16.05.2019 08:00,2584,2596
16.05.2019 08:00 - 16.05.2019 09:00,2727,2718
16.05.2019 09:00 - 16.05.2019 10:00,2724,2715
16.05.2019 10:00 - 16.05.2019 11:00,2809,2798
16.05.2019 11:00 - 16.05.2019 12:00,2779,2769
16.05.2019 12:00 - 16.05.2019 13:00,2711,2703
16.05.2019 13:00 - 16.05.2019 14:00,2753,2753
16.05.2019 14:00 - 16.05.2019 15:00,2693,2686
16.05.2019 15:00 - 16.05.2019 16:00,2577,2588
16.05.2019 16:00 - 16.05.2019 17:00,2532,2541
16.05.2019 17:00 - 16.05.2019 18:00,2605,2611
16.05.2019 18:00 - 16.05.2019 19:00,2544,2610
16.05.2019 19:00 - 16.05.2019 20:00,2547,2594
16.05.2019 20:00 - 16.05.2019 21:00,2497,2494
16.05.2019 21:00 - 16.05.2019 22:00,2398,2377
16.05.2019 22:00 - 16.05.2019 23:00,2338,2221
16.05.2019 23:00 - 17.05.2019 00:00,2184,2043
17.05.2019 00:00 - 17.05.2019 01:00,1847,1880
17.05.2019 01:00 - 17.05.2019 02:00,1698,1799
17.05.2019 02:00 - 17.05.2019 03:00,1715,1770
17.05.2019 03:00 - 17.05.2019 04:00,1684,1755
17.05.2019 04:00 - 17.05.2019 05:00,1733,1766
17.05.2019 05:00 - 17.05.2019 06:00,1776,1790
17.05.2019 06:00 - 17.05.2019 07:00,1861,1902
17.05.2019 07:00 - 17.05.2019 08:00,2059,2063
17.05.2019 08:00 - 17.05.2019 09:00,2222,2241
17.05.2019 09:00 - 17.05.2019 10:00,2319,2345
17.05.2019 10:00 - 17.05.2019 11:00,2375,2421
17.05.2019 11:00 - 17.05.2019 12:00,2411,2421
17.05.2019 12:00 - 17.05.2019 13:00,2347,2360
17.05.2019 13:00 - 17.05.2019 14:00,2286,2326
17.05.2019 14:00 - 17.05.2019 15:00,2252,2288
17.05.2019 15:00 - 17.05.2019 16:00,2246,2259
17.05.2019 16:00 - 17.05.2019 17:00,2266,2274
17.05.2019 17:00 - 17.05.2019 18:00,2388,2396
17.05.2019 18:00 - 17.05.2019 19:00,2372,2354
17.05.2019 19:00 - 17.05.2019 20:00,2236,2231
17.05.2019 20:00 - 17.05.2019 21:00,2139,2126
17.05.2019 21:00 - 17.05.2019 22:00,2123,2072
17.05.2019 22:00 - 17.05.2019 23:00,2059,1989
17.05.2019 23:00 - 18.05.2019 00:00,1946,1845
18.05.2019 00:00 - 18.05.2019 01:00,1728,1732
18.05.2019 01:00 - 18.05.2019 02:00,1654,1670
18.05.2019 02:00 - 18.05.2019 03:00,1628,1628
18.05.2019 03:00 - 18.05.2019 04:00,1625,1624
18.05.2019 04:00 - 18.05.2019 05:00,1637,1626
18.05.2019 05:00 - 18.05.2019 06:00,1648,1632
18.05.2019 06:00 - 18.05.2019 07:00,1716,1707
18.05.2019 07:00 - 18.05.2019 08:00,1862,1866
18.05.2019 08:00 - 18.05.2019 09:00,2044,2032
18.05.2019 09:00 - 18.05.2019 10:00,2143,2136
18.05.2019 10:00 - 18.05.2019 11:00,2169,2164
18.05.2019 11:00 - 18.05.2019 12:00,2142,2158
18.05.2019 12:00 - 18.05.2019 13:00,2095,2129
18.05.2019 13:00 - 18.05.2019 14:00,2078,2090
18.05.2019 14:00 - 18.05.2019 15:00,2060,2050
18.05.2019 15:00 - 18.05.2019 16:00,2029,2030
18.05.2019 16:00 - 18.05.2019 17:00,2053,2061
18.05.2019 17:00 - 18.05.2019 18:00,2187,2186
18.05.2019 18:00 - 18.05.2019 19:00,2189,2191
18.05.2019 19:00 - 18.05.2019 20:00,2064,2082
18.05.2019 20:00 - 18.05.2019 21:00,1996,2000
18.05.2019 21:00 - 18.05.2019 22:00,1976,1941
18.05.2019 22:00 - 18.05.2019 23:00,1904,1915
18.05.2019 23:00 - 19.05.2019 00:00,1785,1821
19.05.2019 00:00 - 19.05.2019 01:00,1706,1705
19.05.2019 01:00 - 19.05.2019 02:00,1625,1623
19.05.2019 02:00 - 19.05.2019 03:00,1584,1582
19.05.2019 03:00 - 19.05.2019 04:00,1572,1573
19.05.2019 04:00 - 19.05.2019 05:00,1586,1566
19.05.2019 05:00 - 19.05.2019 06:00,1567,1548
19.05.2019 06:00 - 19.05.2019 07:00,1609,1615
19.05.2019 07:00 - 19.05.2019 08:00,1749,1768
19.05.2019 08:00 - 19.05.2019 09:00,1926,1943
19.05.2019 09:00 - 19.05.2019 10:00,2045,2044
19.05.2019 10:00 - 19.05.2019 11:00,2093,2101
19.05.2019 11:00 - 19.05.2019 12:00,2095,2111
19.05.2019 12:00 - 19.05.2019 13:00,2082,2091
19.05.2019 13:00 - 19.05.2019 14:00,2056,2069
19.05.2019 14:00 - 19.05.2019 15:00,2039,2053
19.05.2019 15:00 - 19.05.2019 16:00,2027,2032
19.05.2019 16:00 - 19.05.2019 17:00,2075,2063
19.05.2019 17:00 - 19.05.2019 18:00,2233,2227
19.05.2019 18:00 - 19.05.2019 19:00,2228,2248
19.05.2019 19:00 - 19.05.2019 20:00,2141,2162
19.05.2019 20:00 - 19.05.2019 21:00,2102,2097
19.05.2019 21:00 - 19.05.2019 22:00,2083,2024
19.05.2019 22:00 - 19.05.2019 23:00,2005,1972
19.05.2019 23:00 - 20.05.2019 00:00,1904,1876
20.05.2019 00:00 - 20.05.2019 01:00,1795,1778
20.05.2019 01:00 - 20.05.2019 02:00,1732,1744
20.05.2019 02:00 - 20.05.2019 03:00,1726,1725
20.05.2019 03:00 - 20.05.2019 04:00,1730,1720
20.05.2019 04:00 - 20.05.2019 05:00,1760,1746
20.05.2019 05:00 - 20.05.2019 06:00,1849,1853
20.05.2019 06:00 - 20.05.2019 07:00,2217,2192
20.05.2019 07:00 - 20.05.2019 08:00,2534,2514
20.05.2019 08:00 - 20.05.2019 09:00,2709,2715
20.05.2019 09:00 - 20.05.2019 10:00,2777,2741
20.05.2019 10:00 - 20.05.2019 11:00,2824,2736
20.05.2019 11:00 - 20.05.2019 12:00,2768,2735
20.05.2019 12:00 - 20.05.2019 13:00,2681,2668
20.05.2019 13:00 - 20.05.2019 14:00,2714,2752
20.05.2019 14:00 - 20.05.2019 15:00,2702,2707
20.05.2019 15:00 - 20.05.2019 16:00,2595,2620
20.05.2019 16:00 - 20.05.2019 17:00,2530,2609
20.05.2019 17:00 - 20.05.2019 18:00,2598,2726
20.05.2019 18:00 - 20.05.2019 19:00,2528,2671
20.05.2019 19:00 - 20.05.2019 20:00,2488,2547
20.05.2019 20:00 - 20.05.2019 21:00,2409,2441
20.05.2019 21:00 - 20.05.2019 22:00,2345,2339
20.05.2019 22:00 - 20.05.2019 23:00,2247,2236
20.05.2019 23:00 - 21.05.2019 00:00,2071,2033
21.05.2019 00:00 - 21.05.2019 01:00,1880,1901
21.05.2019 01:00 - 21.05.2019 02:00,1810,1834
21.05.2019 02:00 - 21.05.2019 03:00,1805,1807
21.05.2019 03:00 - 21.05.2019 04:00,1811,1807
21.05.2019 04:00 - 21.05.2019 05:00,1843,1843
21.05.2019 05:00 - 21.05.2019 06:00,1926,1953
21.05.2019 06:00 - 21.05.2019 07:00,2205,2291
21.05.2019 07:00 - 21.05.2019 08:00,2604,2610
21.05.2019 08:00 - 21.05.2019 09:00,2778,2759
21.05.2019 09:00 - 21.05.2019 10:00,2785,2759
21.05.2019 10:00 - 21.05.2019 11:00,2829,2819
21.05.2019 11:00 - 21.05.2019 12:00,2835,2815
21.05.2019 12:00 - 21.05.2019 13:00,2752,2751
21.05.2019 13:00 - 21.05.2019 14:00,2792,2828
21.05.2019 14:00 - 21.05.2019 15:00,2763,2759
21.05.2019 15:00 - 21.05.2019 16:00,2666,2681
21.05.2019 16:00 - 21.05.2019 17:00,2629,2648
21.05.2019 17:00 - 21.05.2019 18:00,2738,2789
21.05.2019 18:00 - 21.05.2019 19:00,2689,2725
21.05.2019 19:00 - 21.05.2019 20:00,2617,2606
21.05.2019 20:00 - 21.05.2019 21:00,2523,2474
21.05.2019 21:00 - 21.05.2019 22:00,2467,2368
21.05.2019 22:00 - 21.05.2019 23:00,2447,2226
21.05.2019 23:00 - 22.05.2019 00:00,2325,2058
22.05.2019 00:00 - 22.05.2019 01:00,1908,1928
22.05.2019 01:00 - 22.05.2019 02:00,1815,1872
22.05.2019 02:00 - 22.05.2019 03:00,1807,1849
22.05.2019 03:00 - 22.05.2019 04:00,1829,1826
22.05.2019 04:00 - 22.05.2019 05:00,1857,1869
22.05.2019 05:00 - 22.05.2019 06:00,1951,1985
22.05.2019 06:00 - 22.05.2019 07:00,2235,2312
22.05.2019 07:00 - 22.05.2019 08:00,2640,2680
22.05.2019 08:00 - 22.05.2019 09:00,2816,2848
22.05.2019 09:00 - 22.05.2019 10:00,2853,2876
22.05.2019 10:00 - 22.05.2019 11:00,2905,2913
22.05.2019 11:00 - 22.05.2019 12:00,2882,2888
22.05.2019 12:00 - 22.05.2019 13:00,2851,2833
22.05.2019 13:00 - 22.05.2019 14:00,2836,2827
22.05.2019 14:00 - 22.05.2019 15:00,2786,2755
22.05.2019 15:00 - 22.05.2019 16:00,2648,2675
22.05.2019 16:00 - 22.05.2019 17:00,2623,2657
22.05.2019 17:00 - 22.05.2019 18:00,2759,2776
22.05.2019 18:00 - 22.05.2019 19:00,2690,2689
22.05.2019 19:00 - 22.05.2019 20:00,2584,2502
22.05.2019 20:00 - 22.05.2019 21:00,2445,2382
22.05.2019 21:00 - 22.05.2019 22:00,2341,2306
22.05.2019 22:00 - 22.05.2019 23:00,2334,2225
22.05.2019 23:00 - 23.05.2019 00:00,2222,2050
23.05.2019 00:00 - 23.05.2019 01:00,1900,1915
23.05.2019 01:00 - 23.05.2019 02:00,1825,1890
23.05.2019 02:00 - 23.05.2019 03:00,1840,1850
23.05.2019 03:00 - 23.05.2019 04:00,1838,1853
23.05.2019 04:00 - 23.05.2019 05:00,1876,1885
23.05.2019 05:00 - 23.05.2019 06:00,1967,1957
23.05.2019 06:00 - 23.05.2019 07:00,2187,2266
23.05.2019 07:00 - 23.05.2019 08:00,2545,2624
23.05.2019 08:00 - 23.05.2019 09:00,2730,2758
23.05.2019 09:00 - 23.05.2019 10:00,2747,2753
23.05.2019 10:00 - 23.05.2019 11:00,2810,2823
23.05.2019 11:00 - 23.05.2019 12:00,2811,2809
23.05.2019 12:00 - 23.05.2019 13:00,2750,2749
23.05.2019 13:00 - 23.05.2019 14:00,2739,2748
23.05.2019 14:00 - 23.05.2019 15:00,2678,2684
23.05.2019 15:00 - 23.05.2019 16:00,2598,2611
23.05.2019 16:00 - 23.05.2019 17:00,2554,2566
23.05.2019 17:00 - 23.05.2019 18:00,2653,2634
23.05.2019 18:00 - 23.05.2019 19:00,2578,2595
23.05.2019 19:00 - 23.05.2019 20:00,2507,2505
23.05.2019 20:00 - 23.05.2019 21:00,2438,2393
23.05.2019 21:00 - 23.05.2019 22:00,2399,2303
23.05.2019 22:00 - 23.05.2019 23:00,2388,2236
23.05.2019 23:00 - 24.05.2019 00:00,2287,2058
24.05.2019 00:00 - 24.05.2019 01:00,1915,1920
24.05.2019 01:00 - 24.05.2019 02:00,1818,1870
24.05.2019 02:00 - 24.05.2019 03:00,1818,1836
24.05.2019 03:00 - 24.05.2019 04:00,1826,1843
24.05.2019 04:00 - 24.05.2019 05:00,1855,1875
24.05.2019 05:00 - 24.05.2019 06:00,1971,1974
24.05.2019 06:00 - 24.05.2019 07:00,2231,2288
24.05.2019 07:00 - 24.05.2019 08:00,2602,2659
24.05.2019 08:00 - 24.05.2019 09:00,2753,2720
24.05.2019 09:00 - 24.05.2019 10:00,2728,2759
24.05.2019 10:00 - 24.05.2019 11:00,2797,2861
24.05.2019 11:00 - 24.05.2019 12:00,2820,2759
24.05.2019 12:00 - 24.05.2019 13:00,2670,2611
24.05.2019 13:00 - 24.05.2019 14:00,2571,2560
24.05.2019 14:00 - 24.05.2019 15:00,2448,2458
24.05.2019 15:00 - 24.05.2019 16:00,2352,2365
24.05.2019 16:00 - 24.05.2019 17:00,2315,2386
24.05.2019 17:00 - 24.05.2019 18:00,2456,2490
24.05.2019 18:00 - 24.05.2019 19:00,2434,2483
24.05.2019 19:00 - 24.05.2019 20:00,2338,2338
24.05.2019 20:00 - 24.05.2019 21:00,2221,2210
24.05.2019 21:00 - 24.05.2019 22:00,2153,2095
24.05.2019 22:00 - 24.05.2019 23:00,2126,2004
24.05.2019 23:00 - 25.05.2019 00:00,2020,1880
25.05.2019 00:00 - 25.05.2019 01:00,1747,1773
25.05.2019 01:00 - 25.05.2019 02:00,1646,1689
25.05.2019 02:00 - 25.05.2019 03:00,1600,1642
25.05.2019 03:00 - 25.05.2019 04:00,1592,1622
25.05.2019 04:00 - 25.05.2019 05:00,1594,1615
25.05.2019 05:00 - 25.05.2019 06:00,1623,1622
25.05.2019 06:00 - 25.05.2019 07:00,1734,1730
25.05.2019 07:00 - 25.05.2019 08:00,1907,1890
25.05.2019 08:00 - 25.05.2019 09:00,2063,2039
25.05.2019 09:00 - 25.05.2019 10:00,2140,2112
25.05.2019 10:00 - 25.05.2019 11:00,2164,2157
25.05.2019 11:00 - 25.05.2019 12:00,2127,2129
25.05.2019 12:00 - 25.05.2019 13:00,2091,2097
25.05.2019 13:00 - 25.05.2019 14:00,2066,2067
25.05.2019 14:00 - 25.05.2019 15:00,2026,2034
25.05.2019 15:00 - 25.05.2019 16:00,2010,2020
25.05.2019 16:00 - 25.05.2019 17:00,2027,2056
25.05.2019 17:00 - 25.05.2019 18:00,2150,2193
25.05.2019 18:00 - 25.05.2019 19:00,2169,2202
25.05.2019 19:00 - 25.05.2019 20:00,2099,2091
25.05.2019 20:00 - 25.05.2019 21:00,2010,1995
25.05.2019 21:00 - 25.05.2019 22:00,1910,1929
25.05.2019 22:00 - 25.05.2019 23:00,1874,1888
25.05.2019 23:00 - 26.05.2019 00:00,1777,1782
26.05.2019 00:00 - 26.05.2019 01:00,1668,1679
26.05.2019 01:00 - 26.05.2019 02:00,1594,1617
26.05.2019 02:00 - 26.05.2019 03:00,1567,1579
26.05.2019 03:00 - 26.05.2019 04:00,1555,1574
26.05.2019 04:00 - 26.05.2019 05:00,1548,1575
26.05.2019 05:00 - 26.05.2019 06:00,1557,1584
26.05.2019 06:00 - 26.05.2019 07:00,1654,1655
26.05.2019 07:00 - 26.05.2019 08:00,1800,1775
26.05.2019 08:00 - 26.05.2019 09:00,1943,1942
26.05.2019 09:00 - 26.05.2019 10:00,2065,2028
26.05.2019 10:00 - 26.05.2019 11:00,2068,2070
26.05.2019 11:00 - 26.05.2019 12:00,2070,2085
26.05.2019 12:00 - 26.05.2019 13:00,2076,2048
26.05.2019 13:00 - 26.05.2019 14:00,2054,2024
26.05.2019 14:00 - 26.05.2019 15:00,2003,2023
26.05.2019 15:00 - 26.05.2019 16:00,1998,2010
26.05.2019 16:00 - 26.05.2019 17:00,2068,2086
26.05.2019 17:00 - 26.05.2019 18:00,2258,2295
26.05.2019 18:00 - 26.05.2019 19:00,2264,2282
26.05.2019 19:00 - 26.05.2019 20:00,2167,2176
26.05.2019 20:00 - 26.05.2019 21:00,2070,2066
26.05.2019 21:00 - 26.05.2019 22:00,1995,2009
26.05.2019 22:00 - 26.05.2019 23:00,1941,1960
26.05.2019 23:00 - 27.05.2019 00:00,1858,1807
27.05.2019 00:00 - 27.05.2019 01:00,1726,1740
27.05.2019 01:00 - 27.05.2019 02:00,1697,1691
27.05.2019 02:00 - 27.05.2019 03:00,1679,1669
27.05.2019 03:00 - 27.05.2019 04:00,1681,1639
27.05.2019 04:00 - 27.05.2019 05:00,1671,1670
27.05.2019 05:00 - 27.05.2019 06:00,1788,1791
27.05.2019 06:00 - 27.05.2019 07:00,2165,2138
27.05.2019 07:00 - 27.05.2019 08:00,2535,2481
27.05.2019 08:00 - 27.05.2019 09:00,2656,2671
27.05.2019 09:00 - 27.05.2019 10:00,2720,2700
27.05.2019 10:00 - 27.05.2019 11:00,2793,2742
27.05.2019 11:00 - 27.05.2019 12:00,2766,2765
27.05.2019 12:00 - 27.05.2019 13:00,2701,2647
27.05.2019 13:00 - 27.05.2019 14:00,2689,2682
27.05.2019 14:00 - 27.05.2019 15:00,2645,2625
27.05.2019 15:00 - 27.05.2019 16:00,2528,2535
27.05.2019 16:00 - 27.05.2019 17:00,2501,2555
27.05.2019 17:00 - 27.05.2019 18:00,2658,2711
27.05.2019 18:00 - 27.05.2019 19:00,2611,2603
27.05.2019 19:00 - 27.05.2019 20:00,2438,2469
27.05.2019 20:00 - 27.05.2019 21:00,2310,2342
27.05.2019 21:00 - 27.05.2019 22:00,2200,2226
27.05.2019 22:00 - 27.05.2019 23:00,2074,2128
27.05.2019 23:00 - 28.05.2019 00:00,1925,1956
28.05.2019 00:00 - 28.05.2019 01:00,1791,1841
28.05.2019 01:00 - 28.05.2019 02:00,1761,1783
28.05.2019 02:00 - 28.05.2019 03:00,1760,1772
28.05.2019 03:00 - 28.05.2019 04:00,1788,1779
28.05.2019 04:00 - 28.05.2019 05:00,1803,1786
28.05.2019 05:00 - 28.05.2019 06:00,1884,1893
28.05.2019 06:00 - 28.05.2019 07:00,2189,2220
28.05.2019 07:00 - 28.05.2019 08:00,2522,2530
28.05.2019 08:00 - 28.05.2019 09:00,2693,2681
28.05.2019 09:00 - 28.05.2019 10:00,2695,2675
28.05.2019 10:00 - 28.05.2019 11:00,2776,2780
28.05.2019 11:00 - 28.05.2019 12:00,2766,2758
28.05.2019 12:00 - 28.05.2019 13:00,2711,2722
28.05.2019 13:00 - 28.05.2019 14:00,2749,2729
28.05.2019 14:00 - 28.05.2019 15:00,2695,2694
28.05.2019 15:00 - 28.05.2019 16:00,2579,2579
28.05.2019 16:00 - 28.05.2019 17:00,2521,2548
28.05.2019 17:00 - 28.05.2019 18:00,2640,2646
28.05.2019 18:00 - 28.05.2019 19:00,2563,2573
28.05.2019 19:00 - 28.05.2019 20:00,2449,2447
28.05.2019 20:00 - 28.05.2019 21:00,2351,2321
28.05.2019 21:00 - 28.05.2019 22:00,2257,2232
28.05.2019 22:00 - 28.05.2019 23:00,2237,2154
28.05.2019 23:00 - 29.05.2019 00:00,2146,2006
29.05.2019 00:00 - 29.05.2019 01:00,1865,1894
29.05.2019 01:00 - 29.05.2019 02:00,1816,1836
29.05.2019 02:00 - 29.05.2019 03:00,1796,1810
29.05.2019 03:00 - 29.05.2019 04:00,1807,1815
29.05.2019 04:00 - 29.05.2019 05:00,1820,1822
29.05.2019 05:00 - 29.05.2019 06:00,1913,1918
29.05.2019 06:00 - 29.05.2019 07:00,2215,2218
29.05.2019 07:00 - 29.05.2019 08:00,2563,2613
29.05.2019 08:00 - 29.05.2019 09:00,2754,2726
29.05.2019 09:00 - 29.05.2019 10:00,2738,2715
29.05.2019 10:00 - 29.05.2019 11:00,2785,2750
29.05.2019 11:00 - 29.05.2019 12:00,2774,2765
29.05.2019 12:00 - 29.05.2019 13:00,2709,2712
29.05.2019 13:00 - 29.05.2019 14:00,2717,2672
29.05.2019 14:00 - 29.05.2019 15:00,2624,2614
29.05.2019 15:00 - 29.05.2019 16:00,2518,2508
29.05.2019 16:00 - 29.05.2019 17:00,2481,2464
29.05.2019 17:00 - 29.05.2019 18:00,2527,2518
29.05.2019 18:00 - 29.05.2019 19:00,2472,2491
29.05.2019 19:00 - 29.05.2019 20:00,2372,2367
29.05.2019 20:00 - 29.05.2019 21:00,2265,2264
29.05.2019 21:00 - 29.05.2019 22:00,2159,2173
29.05.2019 22:00 - 29.05.2019 23:00,2127,2100
29.05.2019 23:00 - 30.05.2019 00:00,2019,1959
30.05.2019 00:00 - 30.05.2019 01:00,1819,1866
30.05.2019 01:00 - 30.05.2019 02:00,1725,1784
30.05.2019 02:00 - 30.05.2019 03:00,1717,1766
30.05.2019 03:00 - 30.05.2019 04:00,1742,1771
30.05.2019 04:00 - 30.05.2019 05:00,1740,1760
30.05.2019 05:00 - 30.05.2019 06:00,1734,1754
30.05.2019 06:00 - 30.05.2019 07:00,1832,1842
30.05.2019 07:00 - 30.05.2019 08:00,2037,2000
30.05.2019 08:00 - 30.05.2019 09:00,2159,2145
30.05.2019 09:00 - 30.05.2019 10:00,2260,2290
30.05.2019 10:00 - 30.05.2019 11:00,2326,2352
30.05.2019 11:00 - 30.05.2019 12:00,2336,2338
30.05.2019 12:00 - 30.05.2019 13:00,2292,2313
30.05.2019 13:00 - 30.05.2019 14:00,2299,2326
30.05.2019 14:00 - 30.05.2019 15:00,2278,2308
30.05.2019 15:00 - 30.05.2019 16:00,2263,2263
30.05.2019 16:00 - 30.05.2019 17:00,2253,2258
30.05.2019 17:00 - 30.05.2019 18:00,2370,2349
30.05.2019 18:00 - 30.05.2019 19:00,2333,2313
30.05.2019 19:00 - 30.05.2019 20:00,2200,2190
30.05.2019 20:00 - 30.05.2019 21:00,2090,2079
30.05.2019 21:00 - 30.05.2019 22:00,2045,1988
30.05.2019 22:00 - 30.05.2019 23:00,1994,1929
30.05.2019 23:00 - 31.05.2019 00:00,1889,1788
31.05.2019 00:00 - 31.05.2019 01:00,1669,1661
31.05.2019 01:00 - 31.05.2019 02:00,1594,1605
31.05.2019 02:00 - 31.05.2019 03:00,1590,1605
31.05.2019 03:00 - 31.05.2019 04:00,1605,1617
31.05.2019 04:00 - 31.05.2019 05:00,1626,1605
31.05.2019 05:00 - 31.05.2019 06:00,1655,1646
31.05.2019 06:00 - 31.05.2019 07:00,1815,1797
31.05.2019 07:00 - 31.05.2019 08:00,2025,2008
31.05.2019 08:00 - 31.05.2019 09:00,2202,2207
31.05.2019 09:00 - 31.05.2019 10:00,2299,2283
31.05.2019 10:00 - 31.05.2019 11:00,2332,2322
31.05.2019 11:00 - 31.05.2019 12:00,2342,2300
31.05.2019 12:00 - 31.05.2019 13:00,2270,2251
31.05.2019 13:00 - 31.05.2019 14:00,2239,2226
31.05.2019 14:00 - 31.05.2019 15:00,2181,2173
31.05.2019 15:00 - 31.05.2019 16:00,2109,2124
31.05.2019 16:00 - 31.05.2019 17:00,2119,2120
31.05.2019 17:00 - 31.05.2019 18:00,2187,2227
31.05.2019 18:00 - 31.05.2019 19:00,2169,2213
31.05.2019 19:00 - 31.05.2019 20:00,2066,2080
31.05.2019 20:00 - 31.05.2019 21:00,1971,1969
31.05.2019 21:00 - 31.05.2019 22:00,1924,1907
31.05.2019 22:00 - 31.05.2019 23:00,1869,1885
31.05.2019 23:00 - 01.06.2019 00:00,1765,1771
01.06.2019 00:00 - 01.06.2019 01:00,1653,1648
01.06.2019 01:00 - 01.06.2019 02:00,1556,1577
01.06.2019 02:00 - 01.06.2019 03:00,1527,1551
01.06.2019 03:00 - 01.06.2019 04:00,1527,1541
01.06.2019 04:00 - 01.06.2019 05:00,1511,1525
01.06.2019 05:00 - 01.06.2019 06:00,1523,1529
01.06.2019 06:00 - 01.06.2019 07:00,1629,1631
01.06.2019 07:00 - 01.06.2019 08:00,1800,1801
01.06.2019 08:00 - 01.06.2019 09:00,1990,1984
01.06.2019 09:00 - 01.06.2019 10:00,2098,2089
01.06.2019 10:00 - 01.06.2019 11:00,2140,2118
01.06.2019 11:00 - 01.06.2019 12:00,2118,2133
01.06.2019 12:00 - 01.06.2019 13:00,2097,2104
01.06.2019 13:00 - 01.06.2019 14:00,2056,2079
01.06.2019 14:00 - 01.06.2019 15:00,2016,2047
01.06.2019 15:00 - 01.06.2019 16:00,2006,2017
01.06.2019 16:00 - 01.06.2019 17:00,2005,2001
01.06.2019 17:00 - 01.06.2019 18:00,2085,2134
01.06.2019 18:00 - 01.06.2019 19:00,2108,2115
01.06.2019 19:00 - 01.06.2019 20:00,1995,1986
01.06.2019 20:00 - 01.06.2019 21:00,1896,1892
01.06.2019 21:00 - 01.06.2019 22:00,1829,1833
01.06.2019 22:00 - 01.06.2019 23:00,1772,1801
01.06.2019 23:00 - 02.06.2019 00:00,1690,1708
02.06.2019 00:00 - 02.06.2019 01:00,1616,1604
02.06.2019 01:00 - 02.06.2019 02:00,1523,1523
02.06.2019 02:00 - 02.06.2019 03:00,1474,1503
02.06.2019 03:00 - 02.06.2019 04:00,1463,1496
02.06.2019 04:00 - 02.06.2019 05:00,1430,1491
02.06.2019 05:00 - 02.06.2019 06:00,1424,1505
02.06.2019 06:00 - 02.06.2019 07:00,1574,1585
02.06.2019 07:00 - 02.06.2019 08:00,1720,1719
02.06.2019 08:00 - 02.06.2019 09:00,1888,1878
02.06.2019 09:00 - 02.06.2019 10:00,1992,1977
02.06.2019 10:00 - 02.06.2019 11:00,2046,2032
02.06.2019 11:00 - 02.06.2019 12:00,2060,2045
02.06.2019 12:00 - 02.06.2019 13:00,2036,2032
02.06.2019 13:00 - 02.06.2019 14:00,2015,2031
02.06.2019 14:00 - 02.06.2019 15:00,1988,2009
02.06.2019 15:00 - 02.06.2019 16:00,1992,2010
02.06.2019 16:00 - 02.06.2019 17:00,2030,2048
02.06.2019 17:00 - 02.06.2019 18:00,2167,2206
02.06.2019 18:00 - 02.06.2019 19:00,2187,2192
02.06.2019 19:00 - 02.06.2019 20:00,2094,2086
02.06.2019 20:00 - 02.06.2019 21:00,2004,2002
02.06.2019 21:00 - 02.06.2019 22:00,1937,1910
02.06.2019 22:00 - 02.06.2019 23:00,1889,1945
02.06.2019 23:00 - 03.06.2019 00:00,1818,1869
03.06.2019 00:00 - 03.06.2019 01:00,1800,1827
03.06.2019 01:00 - 03.06.2019 02:00,1747,1749
03.06.2019 02:00 - 03.06.2019 03:00,1709,1707
03.06.2019 03:00 - 03.06.2019 04:00,1701,1717
03.06.2019 04:00 - 03.06.2019 05:00,1732,1760
03.06.2019 05:00 - 03.06.2019 06:00,1830,1817
03.06.2019 06:00 - 03.06.2019 07:00,2169,2134
03.06.2019 07:00 - 03.06.2019 08:00,2511,2435
03.06.2019 08:00 - 03.06.2019 09:00,2638,2623
03.06.2019 09:00 - 03.06.2019 10:00,2697,2696
03.06.2019 10:00 - 03.06.2019 11:00,2729,2675
03.06.2019 11:00 - 03.06.2019 12:00,2706,2686
03.06.2019 12:00 - 03.06.2019 13:00,2643,2595
03.06.2019 13:00 - 03.06.2019 14:00,2642,2648
03.06.2019 14:00 - 03.06.2019 15:00,2580,2547
03.06.2019 15:00 - 03.06.2019 16:00,2439,2414
03.06.2019 16:00 - 03.06.2019 17:00,2381,2393
03.06.2019 17:00 - 03.06.2019 18:00,2466,2472
03.06.2019 18:00 - 03.06.2019 19:00,2430,2452
03.06.2019 19:00 - 03.06.2019 20:00,2273,2271
03.06.2019 20:00 - 03.06.2019 21:00,2151,2169
03.06.2019 21:00 - 03.06.2019 22:00,2050,2100
03.06.2019 22:00 - 03.06.2019 23:00,1947,2038
03.06.2019 23:00 - 04.06.2019 00:00,1842,1915
04.06.2019 00:00 - 04.06.2019 01:00,1783,1776
04.06.2019 01:00 - 04.06.2019 02:00,1701,1728
04.06.2019 02:00 - 04.06.2019 03:00,1685,1690
04.06.2019 03:00 - 04.06.2019 04:00,1687,1690
04.06.2019 04:00 - 04.06.2019 05:00,1708,1709
04.06.2019 05:00 - 04.06.2019 06:00,1818,1812
04.06.2019 06:00 - 04.06.2019 07:00,2119,2130
04.06.2019 07:00 - 04.06.2019 08:00,2466,2485
04.06.2019 08:00 - 04.06.2019 09:00,2633,2618
04.06.2019 09:00 - 04.06.2019 10:00,2656,2622
04.06.2019 10:00 - 04.06.2019 11:00,2694,2657
04.06.2019 11:00 - 04.06.2019 12:00,2686,2653
04.06.2019 12:00 - 04.06.2019 13:00,2620,2599
04.06.2019 13:00 - 04.06.2019 14:00,2635,2622
04.06.2019 14:00 - 04.06.2019 15:00,2588,2568
04.06.2019 15:00 - 04.06.2019 16:00,2488,2456
04.06.2019 16:00 - 04.06.2019 17:00,2431,2431
04.06.2019 17:00 - 04.06.2019 18:00,2478,2504
04.06.2019 18:00 - 04.06.2019 19:00,2410,2433
04.06.2019 19:00 - 04.06.2019 20:00,2341,2339
04.06.2019 20:00 - 04.06.2019 21:00,2223,2212
04.06.2019 21:00 - 04.06.2019 22:00,2111,2131
04.06.2019 22:00 - 04.06.2019 23:00,2009,2047
04.06.2019 23:00 - 05.06.2019 00:00,1865,1874
05.06.2019 00:00 - 05.06.2019 01:00,1730,1688
05.06.2019 01:00 - 05.06.2019 02:00,1615,1622
05.06.2019 02:00 - 05.06.2019 03:00,1553,1594
05.06.2019 03:00 - 05.06.2019 04:00,1572,1600
05.06.2019 04:00 - 05.06.2019 05:00,1560,1645
05.06.2019 05:00 - 05.06.2019 06:00,1609,1674
05.06.2019 06:00 - 05.06.2019 07:00,1767,1767
05.06.2019 07:00 - 05.06.2019 08:00,1939,1948
05.06.2019 08:00 - 05.06.2019 09:00,2156,2167
05.06.2019 09:00 - 05.06.2019 10:00,2246,2227
05.06.2019 10:00 - 05.06.2019 11:00,2262,2228
05.06.2019 11:00 - 05.06.2019 12:00,2265,2265
05.06.2019 12:00 - 05.06.2019 13:00,2235,2240
05.06.2019 13:00 - 05.06.2019 14:00,2202,2196
05.06.2019 14:00 - 05.06.2019 15:00,2141,2147
05.06.2019 15:00 - 05.06.2019 16:00,2113,2138
05.06.2019 16:00 - 05.06.2019 17:00,2145,2177
05.06.2019 17:00 - 05.06.2019 18:00,2291,2324
05.06.2019 18:00 - 05.06.2019 19:00,2284,2251
05.06.2019 19:00 - 05.06.2019 20:00,2093,2091
05.06.2019 20:00 - 05.06.2019 21:00,2004,2047
05.06.2019 21:00 - 05.06.2019 22:00,1975,2023
05.06.2019 22:00 - 05.06.2019 23:00,1951,1952
05.06.2019 23:00 - 06.06.2019 00:00,1903,1857
06.06.2019 00:00 - 06.06.2019 01:00,1795,1785
06.06.2019 01:00 - 06.06.2019 02:00,1725,1704
06.06.2019 02:00 - 06.06.2019 03:00,1692,1651
06.06.2019 03:00 - 06.06.2019 04:00,1680,1665
06.06.2019 04:00 - 06.06.2019 05:00,1700,1691
06.06.2019 05:00 - 06.06.2019 06:00,1789,1761
06.06.2019 06:00 - 06.06.2019 07:00,2063,2070
06.06.2019 07:00 - 06.06.2019 08:00,2441,2439
06.06.2019 08:00 - 06.06.2019 09:00,2579,2546
06.06.2019 09:00 - 06.06.2019 10:00,2615,2692
06.06.2019 10:00 - 06.06.2019 11:00,2817,2827
06.06.2019 11:00 - 06.06.2019 12:00,2851,2861
06.06.2019 12:00 - 06.06.2019 13:00,2806,2791
06.06.2019 13:00 - 06.06.2019 14:00,2803,2820
06.06.2019 14:00 - 06.06.2019 15:00,2769,2787
06.06.2019 15:00 - 06.06.2019 16:00,2677,2670
06.06.2019 16:00 - 06.06.2019 17:00,2593,2575
06.06.2019 17:00 - 06.06.2019 18:00,2649,2688
06.06.2019 18:00 - 06.06.2019 19:00,2605,2613
06.06.2019 19:00 - 06.06.2019 20:00,2468,2497
06.06.2019 20:00 - 06.06.2019 21:00,2353,2357
06.06.2019 21:00 - 06.06.2019 22:00,2256,2228
06.06.2019 22:00 - 06.06.2019 23:00,2169,2105
06.06.2019 23:00 - 07.06.2019 00:00,2055,1927
07.06.2019 00:00 - 07.06.2019 01:00,1842,1816
07.06.2019 01:00 - 07.06.2019 02:00,1759,1754
07.06.2019 02:00 - 07.06.2019 03:00,1727,1719
07.06.2019 03:00 - 07.06.2019 04:00,1723,1729
07.06.2019 04:00 - 07.06.2019 05:00,1738,1741
07.06.2019 05:00 - 07.06.2019 06:00,1859,1845
07.06.2019 06:00 - 07.06.2019 07:00,2133,2162
07.06.2019 07:00 - 07.06.2019 08:00,2503,2514
07.06.2019 08:00 - 07.06.2019 09:00,2673,2667
07.06.2019 09:00 - 07.06.2019 10:00,2697,2697
07.06.2019 10:00 - 07.06.2019 11:00,2781,2752
07.06.2019 11:00 - 07.06.2019 12:00,2745,2726
07.06.2019 12:00 - 07.06.2019 13:00,2649,2583
07.06.2019 13:00 - 07.06.2019 14:00,2625,2296
07.06.2019 14:00 - 07.06.2019 15:00,2403,2393
07.06.2019 15:00 - 07.06.2019 16:00,2310,2313
07.06.2019 16:00 - 07.06.2019 17:00,2322,2352
07.06.2019 17:00 - 07.06.2019 18:00,2410,2427
07.06.2019 18:00 - 07.06.2019 19:00,2368,2401
07.06.2019 19:00 - 07.06.2019 20:00,2219,2275
07.06.2019 20:00 - 07.06.2019 21:00,2135,2179
07.06.2019 21:00 - 07.06.2019 22:00,2062,2156
07.06.2019 22:00 - 07.06.2019 23:00,1954,2066
07.06.2019 23:00 - 08.06.2019 00:00,1816,1913
08.06.2019 00:00 - 08.06.2019 01:00,1766,1735
08.06.2019 01:00 - 08.06.2019 02:00,1654,1694
08.06.2019 02:00 - 08.06.2019 03:00,1641,1671
08.06.2019 03:00 - 08.06.2019 04:00,1637,1647
08.06.2019 04:00 - 08.06.2019 05:00,1621,1635
08.06.2019 05:00 - 08.06.2019 06:00,1656,1665
08.06.2019 06:00 - 08.06.2019 07:00,1750,1733
08.06.2019 07:00 - 08.06.2019 08:00,1903,1874
08.06.2019 08:00 - 08.06.2019 09:00,2056,2065
08.06.2019 09:00 - 08.06.2019 10:00,2181,2184
08.06.2019 10:00 - 08.06.2019 11:00,2226,2208
08.06.2019 11:00 - 08.06.2019 12:00,2185,2175
08.06.2019 12:00 - 08.06.2019 13:00,2148,2171
08.06.2019 13:00 - 08.06.2019 14:00,2162,2177
08.06.2019 14:00 - 08.06.2019 15:00,2106,2119
08.06.2019 15:00 - 08.06.2019 16:00,2066,2077
08.06.2019 16:00 - 08.06.2019 17:00,2087,2097
08.06.2019 17:00 - 08.06.2019 18:00,2224,2253
08.06.2019 18:00 - 08.06.2019 19:00,2236,2262
08.06.2019 19:00 - 08.06.2019 20:00,2121,2163
08.06.2019 20:00 - 08.06.2019 21:00,2041,2085
08.06.2019 21:00 - 08.06.2019 22:00,2002,1935
08.06.2019 22:00 - 08.06.2019 23:00,1914,1915
08.06.2019 23:00 - 09.06.2019 00:00,1793,1840
09.06.2019 00:00 - 09.06.2019 01:00,1755,1754
09.06.2019 01:00 - 09.06.2019 02:00,1651,1650
09.06.2019 02:00 - 09.06.2019 03:00,1612,1599
09.06.2019 03:00 - 09.06.2019 04:00,1580,1566
09.06.2019 04:00 - 09.06.2019 05:00,1548,1578
09.06.2019 05:00 - 09.06.2019 06:00,1574,1585
09.06.2019 06:00 - 09.06.2019 07:00,1657,1663
09.06.2019 07:00 - 09.06.2019 08:00,1782,1764
09.06.2019 08:00 - 09.06.2019 09:00,1939,1932
09.06.2019 09:00 - 09.06.2019 10:00,2046,2039
09.06.2019 10:00 - 09.06.2019 11:00,2096,2101
09.06.2019 11:00 - 09.06.2019 12:00,2106,2111
09.06.2019 12:00 - 09.06.2019 13:00,2099,2088
09.06.2019 13:00 - 09.06.2019 14:00,2053,2065
09.06.2019 14:00 - 09.06.2019 15:00,2035,2042
09.06.2019 15:00 - 09.06.2019 16:00,2014,1995
09.06.2019 16:00 - 09.06.2019 17:00,2022,2001
09.06.2019 17:00 - 09.06.2019 18:00,2148,2141
09.06.2019 18:00 - 09.06.2019 19:00,2135,2153
09.06.2019 19:00 - 09.06.2019 20:00,2031,2037
09.06.2019 20:00 - 09.06.2019 21:00,1964,1931
09.06.2019 21:00 - 09.06.2019 22:00,1859,1853
09.06.2019 22:00 - 09.06.2019 23:00,1819,1777
09.06.2019 23:00 - 10.06.2019 00:00,1743,1708
10.06.2019 00:00 - 10.06.2019 01:00,1595,1635
10.06.2019 01:00 - 10.06.2019 02:00,1552,1568
10.06.2019 02:00 - 10.06.2019 03:00,1532,1541
10.06.2019 03:00 - 10.06.2019 04:00,1525,1528
10.06.2019 04:00 - 10.06.2019 05:00,1503,1495
10.06.2019 05:00 - 10.06.2019 06:00,1508,1509
10.06.2019 06:00 - 10.06.2019 07:00,1607,1610
10.06.2019 07:00 - 10.06.2019 08:00,1785,1770
10.06.2019 08:00 - 10.06.2019 09:00,1965,1933
10.06.2019 09:00 - 10.06.2019 10:00,2066,2044
10.06.2019 10:00 - 10.06.2019 11:00,2090,2087
10.06.2019 11:00 - 10.06.2019 12:00,2087,2094
10.06.2019 12:00 - 10.06.2019 13:00,2069,2061
10.06.2019 13:00 - 10.06.2019 14:00,2050,2047
10.06.2019 14:00 - 10.06.2019 15:00,2025,2021
10.06.2019 15:00 - 10.06.2019 16:00,1992,1999
10.06.2019 16:00 - 10.06.2019 17:00,2028,2042
10.06.2019 17:00 - 10.06.2019 18:00,2199,2260
10.06.2019 18:00 - 10.06.2019 19:00,2233,2245
10.06.2019 19:00 - 10.06.2019 20:00,2131,2139
10.06.2019 20:00 - 10.06.2019 21:00,2015,2043
10.06.2019 21:00 - 10.06.2019 22:00,1941,1947
10.06.2019 22:00 - 10.06.2019 23:00,1901,1900
10.06.2019 23:00 - 11.06.2019 00:00,1836,1811
11.06.2019 00:00 - 11.06.2019 01:00,1738,1729
11.06.2019 01:00 - 11.06.2019 02:00,1675,1667
11.06.2019 02:00 - 11.06.2019 03:00,1642,1649
11.06.2019 03:00 - 11.06.2019 04:00,1671,1681
11.06.2019 04:00 - 11.06.2019 05:00,1715,1717
11.06.2019 05:00 - 11.06.2019 06:00,1834,1828
11.06.2019 06:00 - 11.06.2019 07:00,2170,2181
11.06.2019 07:00 - 11.06.2019 08:00,2569,2595
11.06.2019 08:00 - 11.06.2019 09:00,2745,2729
11.06.2019 09:00 - 11.06.2019 10:00,2746,2747
11.06.2019 10:00 - 11.06.2019 11:00,2834,2830
11.06.2019 11:00 - 11.06.2019 12:00,2839,2834
11.06.2019 12:00 - 11.06.2019 13:00,2783,2777
11.06.2019 13:00 - 11.06.2019 14:00,2810,2827
11.06.2019 14:00 - 11.06.2019 15:00,2763,2777
11.06.2019 15:00 - 11.06.2019 16:00,2668,2669
11.06.2019 16:00 - 11.06.2019 17:00,2626,2640
11.06.2019 17:00 - 11.06.2019 18:00,2731,2766
11.06.2019 18:00 - 11.06.2019 19:00,2659,2659
11.06.2019 19:00 - 11.06.2019 20:00,2501,2512
11.06.2019 20:00 - 11.06.2019 21:00,2362,2378
11.06.2019 21:00 - 11.06.2019 22:00,2259,2248
11.06.2019 22:00 - 11.06.2019 23:00,2137,2084
11.06.2019 23:00 - 12.06.2019 00:00,2011,1946
12.06.2019 00:00 - 12.06.2019 01:00,1866,1852
12.06.2019 01:00 - 12.06.2019 02:00,1820,1831
12.06.2019 02:00 - 12.06.2019 03:00,1810,1801
12.06.2019 03:00 - 12.06.2019 04:00,1774,1747
12.06.2019 04:00 - 12.06.2019 05:00,1770,1790
12.06.2019 05:00 - 12.06.2019 06:00,1895,1909
12.06.2019 06:00 - 12.06.2019 07:00,2226,2247
12.06.2019 07:00 - 12.06.2019 08:00,2584,2623
12.06.2019 08:00 - 12.06.2019 09:00,2775,2785
12.06.2019 09:00 - 12.06.2019 10:00,2813,2845
12.06.2019 10:00 - 12.06.2019 11:00,2916,2884
12.06.2019 11:00 - 12.06.2019 12:00,2868,2836
12.06.2019 12:00 - 12.06.2019 13:00,2713,2669
12.06.2019 13:00 - 12.06.2019 14:00,2710,2717
12.06.2019 14:00 - 12.06.2019 15:00,2699,2722
12.06.2019 15:00 - 12.06.2019 16:00,2618,2653
12.06.2019 16:00 - 12.06.2019 17:00,2604,2664
12.06.2019 17:00 - 12.06.2019 18:00,2722,2792
12.06.2019 18:00 - 12.06.2019 19:00,2657,2700
12.06.2019 19:00 - 12.06.2019 20:00,2567,2569
12.06.2019 20:00 - 12.06.2019 21:00,2450,2422
12.06.2019 21:00 - 12.06.2019 22:00,2337,2304
12.06.2019 22:00 - 12.06.2019 23:00,2237,2188
12.06.2019 23:00 - 13.06.2019 00:00,2101,2021
13.06.2019 00:00 - 13.06.2019 01:00,1919,1898
13.06.2019 01:00 - 13.06.2019 02:00,1807,1790
13.06.2019 02:00 - 13.06.2019 03:00,1787,1826
13.06.2019 03:00 - 13.06.2019 04:00,1831,1829
13.06.2019 04:00 - 13.06.2019 05:00,1857,1845
13.06.2019 05:00 - 13.06.2019 06:00,1948,1957
13.06.2019 06:00 - 13.06.2019 07:00,2254,2301
13.06.2019 07:00 - 13.06.2019 08:00,2595,2629
13.06.2019 08:00 - 13.06.2019 09:00,2741,2721
13.06.2019 09:00 - 13.06.2019 10:00,2749,2758
13.06.2019 10:00 - 13.06.2019 11:00,2811,2758
13.06.2019 11:00 - 13.06.2019 12:00,2774,2764
13.06.2019 12:00 - 13.06.2019 13:00,2701,2684
13.06.2019 13:00 - 13.06.2019 14:00,2690,2650
13.06.2019 14:00 - 13.06.2019 15:00,2628,2697
13.06.2019 15:00 - 13.06.2019 16:00,2606,2624
13.06.2019 16:00 - 13.06.2019 17:00,2587,2613
13.06.2019 17:00 - 13.06.2019 18:00,2671,2677
13.06.2019 18:00 - 13.06.2019 19:00,2576,2578
13.06.2019 19:00 - 13.06.2019 20:00,2437,2405
13.06.2019 20:00 - 13.06.2019 21:00,2299,2270
13.06.2019 21:00 - 13.06.2019 22:00,2212,2167
13.06.2019 22:00 - 13.06.2019 23:00,2154,2062
13.06.2019 23:00 - 14.06.2019 00:00,2066,1966
14.06.2019 00:00 - 14.06.2019 01:00,1872,1851
14.06.2019 01:00 - 14.06.2019 02:00,1777,1788
14.06.2019 02:00 - 14.06.2019 03:00,1786,1823
14.06.2019 03:00 - 14.06.2019 04:00,1815,1808
14.06.2019 04:00 - 14.06.2019 05:00,1824,1830
14.06.2019 05:00 - 14.06.2019 06:00,1939,1914
14.06.2019 06:00 - 14.06.2019 07:00,2176,2242
14.06.2019 07:00 - 14.06.2019 08:00,2551,2577
14.06.2019 08:00 - 14.06.2019 09:00,2700,2705
14.06.2019 09:00 - 14.06.2019 10:00,2725,2731
14.06.2019 10:00 - 14.06.2019 11:00,2799,2772
14.06.2019 11:00 - 14.06.2019 12:00,2739,2745
14.06.2019 12:00 - 14.06.2019 13:00,2658,2650
14.06.2019 13:00 - 14.06.2019 14:00,2592,2586
14.06.2019 14:00 - 14.06.2019 15:00,2489,2468
14.06.2019 15:00 - 14.06.2019 16:00,2395,2388
14.06.2019 16:00 - 14.06.2019 17:00,2395,2410
14.06.2019 17:00 - 14.06.2019 18:00,2494,2496
14.06.2019 18:00 - 14.06.2019 19:00,2405,2407
14.06.2019 19:00 - 14.06.2019 20:00,2230,2221
14.06.2019 20:00 - 14.06.2019 21:00,2096,2072
14.06.2019 21:00 - 14.06.2019 22:00,1999,1945
14.06.2019 22:00 - 14.06.2019 23:00,1937,1854
14.06.2019 23:00 - 15.06.2019 00:00,1849,1804
15.06.2019 00:00 - 15.06.2019 01:00,1648,1636
15.06.2019 01:00 - 15.06.2019 02:00,1535,1563
15.06.2019 02:00 - 15.06.2019 03:00,1499,1523
15.06.2019 03:00 - 15.06.2019 04:00,1488,1510
15.06.2019 04:00 - 15.06.2019 05:00,1469,1487
15.06.2019 05:00 - 15.06.2019 06:00,1505,1527
15.06.2019 06:00 - 15.06.2019 07:00,1633,1651
15.06.2019 07:00 - 15.06.2019 08:00,1823,1836
15.06.2019 08:00 - 15.06.2019 09:00,2016,2010
15.06.2019 09:00 - 15.06.2019 10:00,2129,2137
15.06.2019 10:00 - 15.06.2019 11:00,2186,2201
15.06.2019 11:00 - 15.06.2019 12:00,2170,2178
15.06.2019 12:00 - 15.06.2019 13:00,2119,2126
15.06.2019 13:00 - 15.06.2019 14:00,2092,2112
15.06.2019 14:00 - 15.06.2019 15:00,2061,2062
15.06.2019 15:00 - 15.06.2019 16:00,2043,2045
15.06.2019 16:00 - 15.06.2019 17:00,2080,2105
15.06.2019 17:00 - 15.06.2019 18:00,2249,2277
15.06.2019 18:00 - 15.06.2019 19:00,2268,2264
15.06.2019 19:00 - 15.06.2019 20:00,2108,2091
15.06.2019 20:00 - 15.06.2019 21:00,1983,1971
15.06.2019 21:00 - 15.06.2019 22:00,1890,1888
15.06.2019 22:00 - 15.06.2019 23:00,1811,1848
15.06.2019 23:00 - 16.06.2019 00:00,1721,1726
16.06.2019 00:00 - 16.06.2019 01:00,1620,1587
16.06.2019 01:00 - 16.06.2019 02:00,1526,1539
16.06.2019 02:00 - 16.06.2019 03:00,1503,1499
16.06.2019 03:00 - 16.06.2019 04:00,1489,1497
16.06.2019 04:00 - 16.06.2019 05:00,1466,1450
16.06.2019 05:00 - 16.06.2019 06:00,1465,1450
16.06.2019 06:00 - 16.06.2019 07:00,1528,1532
16.06.2019 07:00 - 16.06.2019 08:00,1694,1690
16.06.2019 08:00 - 16.06.2019 09:00,1874,1853
16.06.2019 09:00 - 16.06.2019 10:00,1974,1966
16.06.2019 10:00 - 16.06.2019 11:00,2031,2025
16.06.2019 11:00 - 16.06.2019 12:00,2063,2009
16.06.2019 12:00 - 16.06.2019 13:00,1999,1965
16.06.2019 13:00 - 16.06.2019 14:00,1954,1957
16.06.2019 14:00 - 16.06.2019 15:00,1984,1970
16.06.2019 15:00 - 16.06.2019 16:00,1950,1954
16.06.2019 16:00 - 16.06.2019 17:00,1991,2005
16.06.2019 17:00 - 16.06.2019 18:00,2163,2190
16.06.2019 18:00 - 16.06.2019 19:00,2165,2218
16.06.2019 19:00 - 16.06.2019 20:00,2100,2118
16.06.2019 20:00 - 16.06.2019 21:00,2007,2005
16.06.2019 21:00 - 16.06.2019 22:00,1909,1899
16.06.2019 22:00 - 16.06.2019 23:00,1830,1872
16.06.2019 23:00 - 17.06.2019 00:00,1759,1809
17.06.2019 00:00 - 17.06.2019 01:00,1742,1746
17.06.2019 01:00 - 17.06.2019 02:00,1692,1701
17.06.2019 02:00 - 17.06.2019 03:00,1702,1707
17.06.2019 03:00 - 17.06.2019 04:00,1718,1722
17.06.2019 04:00 - 17.06.2019 05:00,1715,1733
17.06.2019 05:00 - 17.06.2019 06:00,1835,1827
17.06.2019 06:00 - 17.06.2019 07:00,2163,2151
17.06.2019 07:00 - 17.06.2019 08:00,2541,2500
17.06.2019 08:00 - 17.06.2019 09:00,2696,2675
17.06.2019 09:00 - 17.06.2019 10:00,2723,2715
17.06.2019 10:00 - 17.06.2019 11:00,2781,2776
17.06.2019 11:00 - 17.06.2019 12:00,2779,2807
17.06.2019 12:00 - 17.06.2019 13:00,2772,2883
17.06.2019 13:00 - 17.06.2019 14:00,2913,2970
17.06.2019 14:00 - 17.06.2019 15:00,2901,2891
17.06.2019 15:00 - 17.06.2019 16:00,2750,2737
17.06.2019 16:00 - 17.06.2019 17:00,2636,2586
17.06.2019 17:00 - 17.06.2019 18:00,2678,2666
17.06.2019 18:00 - 17.06.2019 19:00,2574,2580
17.06.2019 19:00 - 17.06.2019 20:00,2440,2442
17.06.2019 20:00 - 17.06.2019 21:00,2308,2303
17.06.2019 21:00 - 17.06.2019 22:00,2185,2185
17.06.2019 22:00 - 17.06.2019 23:00,2099,2093
17.06.2019 23:00 - 18.06.2019 00:00,1992,1970
18.06.2019 00:00 - 18.06.2019 01:00,1834,1823
18.06.2019 01:00 - 18.06.2019 02:00,1735,1745
18.06.2019 02:00 - 18.06.2019 03:00,1704,1705
18.06.2019 03:00 - 18.06.2019 04:00,1698,1696
18.06.2019 04:00 - 18.06.2019 05:00,1708,1699
18.06.2019 05:00 - 18.06.2019 06:00,1835,1818
18.06.2019 06:00 - 18.06.2019 07:00,2146,2157
18.06.2019 07:00 - 18.06.2019 08:00,2531,2496
18.06.2019 08:00 - 18.06.2019 09:00,2651,2654
18.06.2019 09:00 - 18.06.2019 10:00,2696,2698
18.06.2019 10:00 - 18.06.2019 11:00,2781,2775
18.06.2019 11:00 - 18.06.2019 12:00,2803,2777
18.06.2019 12:00 - 18.06.2019 13:00,2732,2755
18.06.2019 13:00 - 18.06.2019 14:00,2791,2789
18.06.2019 14:00 - 18.06.2019 15:00,2711,2731
18.06.2019 15:00 - 18.06.2019 16:00,2624,2628
18.06.2019 16:00 - 18.06.2019 17:00,2568,2564
18.06.2019 17:00 - 18.06.2019 18:00,2627,2651
18.06.2019 18:00 - 18.06.2019 19:00,2511,2489
18.06.2019 19:00 - 18.06.2019 20:00,2360,2372
18.06.2019 20:00 - 18.06.2019 21:00,2246,2240
18.06.2019 21:00 - 18.06.2019 22:00,2139,2166
18.06.2019 22:00 - 18.06.2019 23:00,2060,2076
18.06.2019 23:00 - 19.06.2019 00:00,1962,1964
19.06.2019 00:00 - 19.06.2019 01:00,1864,1879
19.06.2019 01:00 - 19.06.2019 02:00,1811,1804
19.06.2019 02:00 - 19.06.2019 03:00,1785,1769
19.06.2019 03:00 - 19.06.2019 04:00,1789,1769
19.06.2019 04:00 - 19.06.2019 05:00,1806,1772
19.06.2019 05:00 - 19.06.2019 06:00,1897,1876
19.06.2019 06:00 - 19.06.2019 07:00,2179,2193
19.06.2019 07:00 - 19.06.2019 08:00,2528,2464
19.06.2019 08:00 - 19.06.2019 09:00,2665,2685
19.06.2019 09:00 - 19.06.2019 10:00,2680,2622
19.06.2019 10:00 - 19.06.2019 11:00,2738,2770
19.06.2019 11:00 - 19.06.2019 12:00,2793,2778
19.06.2019 12:00 - 19.06.2019 13:00,2743,2749
19.06.2019 13:00 - 19.06.2019 14:00,2780,2796
19.06.2019 14:00 - 19.06.2019 15:00,2718,2737
19.06.2019 15:00 - 19.06.2019 16:00,2636,2632
19.06.2019 16:00 - 19.06.2019 17:00,2567,2585
19.06.2019 17:00 - 19.06.2019 18:00,2644,2710
19.06.2019 18:00 - 19.06.2019 19:00,2524,2647
19.06.2019 19:00 - 19.06.2019 20:00,2380,2497
19.06.2019 20:00 - 19.06.2019 21:00,2367,2354
19.06.2019 21:00 - 19.06.2019 22:00,2222,2245
19.06.2019 22:00 - 19.06.2019 23:00,2152,2178
19.06.2019 23:00 - 20.06.2019 00:00,2044,2028
20.06.2019 00:00 - 20.06.2019 01:00,1896,1883
20.06.2019 01:00 - 20.06.2019 02:00,1814,1803
20.06.2019 02:00 - 20.06.2019 03:00,1766,1744
20.06.2019 03:00 - 20.06.2019 04:00,1709,1713
20.06.2019 04:00 - 20.06.2019 05:00,1713,1714
20.06.2019 05:00 - 20.06.2019 06:00,1869,1893
20.06.2019 06:00 - 20.06.2019 07:00,2193,2226
20.06.2019 07:00 - 20.06.2019 08:00,2587,2595
20.06.2019 08:00 - 20.06.2019 09:00,2734,2716
20.06.2019 09:00 - 20.06.2019 10:00,2769,2794
20.06.2019 10:00 - 20.06.2019 11:00,2875,2852
20.06.2019 11:00 - 20.06.2019 12:00,2876,2875
20.06.2019 12:00 - 20.06.2019 13:00,2808,2796
20.06.2019 13:00 - 20.06.2019 14:00,2805,2792
20.06.2019 14:00 - 20.06.2019 15:00,2698,2698
20.06.2019 15:00 - 20.06.2019 16:00,2619,2644
20.06.2019 16:00 - 20.06.2019 17:00,2605,2620
20.06.2019 17:00 - 20.06.2019 18:00,2701,2699
20.06.2019 18:00 - 20.06.2019 19:00,2606,2618
20.06.2019 19:00 - 20.06.2019 20:00,2467,2453
20.06.2019 20:00 - 20.06.2019 21:00,2312,2315
20.06.2019 21:00 - 20.06.2019 22:00,2220,2194
20.06.2019 22:00 - 20.06.2019 23:00,2151,2092
20.06.2019 23:00 - 21.06.2019 00:00,2049,2049
21.06.2019 00:00 - 21.06.2019 01:00,1943,1959
21.06.2019 01:00 - 21.06.2019 02:00,1872,1923
21.06.2019 02:00 - 21.06.2019 03:00,1863,1877
21.06.2019 03:00 - 21.06.2019 04:00,1879,1869
21.06.2019 04:00 - 21.06.2019 05:00,1841,1842
21.06.2019 05:00 - 21.06.2019 06:00,1912,1919
21.06.2019 06:00 - 21.06.2019 07:00,2213,2214
21.06.2019 07:00 - 21.06.2019 08:00,2537,2536
21.06.2019 08:00 - 21.06.2019 09:00,2694,2692
21.06.2019 09:00 - 21.06.2019 10:00,2711,2715
21.06.2019 10:00 - 21.06.2019 11:00,2790,2785
21.06.2019 11:00 - 21.06.2019 12:00,2772,2772
21.06.2019 12:00 - 21.06.2019 13:00,2704,2698
21.06.2019 13:00 - 21.06.2019 14:00,2641,2666
21.06.2019 14:00 - 21.06.2019 15:00,2545,2537
21.06.2019 15:00 - 21.06.2019 16:00,2449,2438
21.06.2019 16:00 - 21.06.2019 17:00,2434,2391
21.06.2019 17:00 - 21.06.2019 18:00,2433,2452
21.06.2019 18:00 - 21.06.2019 19:00,2381,2386
21.06.2019 19:00 - 21.06.2019 20:00,2241,2228
21.06.2019 20:00 - 21.06.2019 21:00,2123,2123
21.06.2019 21:00 - 21.06.2019 22:00,2045,2028
21.06.2019 22:00 - 21.06.2019 23:00,1976,1941
21.06.2019 23:00 - 22.06.2019 00:00,1870,1930
22.06.2019 00:00 - 22.06.2019 01:00,1804,1797
22.06.2019 01:00 - 22.06.2019 02:00,1698,1721
22.06.2019 02:00 - 22.06.2019 03:00,1644,1670
22.06.2019 03:00 - 22.06.2019 04:00,1636,1659
22.06.2019 04:00 - 22.06.2019 05:00,1626,1589
22.06.2019 05:00 - 22.06.2019 06:00,1593,1556
22.06.2019 06:00 - 22.06.2019 07:00,1653,1660
22.06.2019 07:00 - 22.06.2019 08:00,1834,1847
22.06.2019 08:00 - 22.06.2019 09:00,2037,2038
22.06.2019 09:00 - 22.06.2019 10:00,2168,2147
22.06.2019 10:00 - 22.06.2019 11:00,2186,2162
22.06.2019 11:00 - 22.06.2019 12:00,2140,2139
22.06.2019 12:00 - 22.06.2019 13:00,2102,2092
22.06.2019 13:00 - 22.06.2019 14:00,2063,2039
22.06.2019 14:00 - 22.06.2019 15:00,2015,1998
22.06.2019 15:00 - 22.06.2019 16:00,1991,1983
22.06.2019 16:00 - 22.06.2019 17:00,2000,1998
22.06.2019 17:00 - 22.06.2019 18:00,2129,2107
22.06.2019 18:00 - 22.06.2019 19:00,2079,2107
22.06.2019 19:00 - 22.06.2019 20:00,1996,2034
22.06.2019 20:00 - 22.06.2019 21:00,1922,1932
22.06.2019 21:00 - 22.06.2019 22:00,1838,1848
22.06.2019 22:00 - 22.06.2019 23:00,1764,1810
22.06.2019 23:00 - 23.06.2019 00:00,1669,1804
23.06.2019 00:00 - 23.06.2019 01:00,1664,1701
23.06.2019 01:00 - 23.06.2019 02:00,1616,1634
23.06.2019 02:00 - 23.06.2019 03:00,1553,1557
23.06.2019 03:00 - 23.06.2019 04:00,1524,1523
23.06.2019 04:00 - 23.06.2019 05:00,1495,1446
23.06.2019 05:00 - 23.06.2019 06:00,1448,1440
23.06.2019 06:00 - 23.06.2019 07:00,1519,1525
23.06.2019 07:00 - 23.06.2019 08:00,1660,1648
23.06.2019 08:00 - 23.06.2019 09:00,1868,1886
23.06.2019 09:00 - 23.06.2019 10:00,2022,1999
23.06.2019 10:00 - 23.06.2019 11:00,2080,2049
23.06.2019 11:00 - 23.06.2019 12:00,2073,2047
23.06.2019 12:00 - 23.06.2019 13:00,2031,2034
23.06.2019 13:00 - 23.06.2019 14:00,2032,2022
23.06.2019 14:00 - 23.06.2019 15:00,1990,1995
23.06.2019 15:00 - 23.06.2019 16:00,1996,1994
23.06.2019 16:00 - 23.06.2019 17:00,2017,2036
23.06.2019 17:00 - 23.06.2019 18:00,2167,2143
23.06.2019 18:00 - 23.06.2019 19:00,2136,2101
23.06.2019 19:00 - 23.06.2019 20:00,1988,2004
23.06.2019 20:00 - 23.06.2019 21:00,1900,1961
23.06.2019 21:00 - 23.06.2019 22:00,1816,1925
23.06.2019 22:00 - 23.06.2019 23:00,1762,1936
23.06.2019 23:00 - 24.06.2019 00:00,1706,1932
24.06.2019 00:00 - 24.06.2019 01:00,1818,1851
24.06.2019 01:00 - 24.06.2019 02:00,1780,1784
24.06.2019 02:00 - 24.06.2019 03:00,1761,1763
24.06.2019 03:00 - 24.06.2019 04:00,1759,1771
24.06.2019 04:00 - 24.06.2019 05:00,1753,1739
24.06.2019 05:00 - 24.06.2019 06:00,1837,1824
24.06.2019 06:00 - 24.06.2019 07:00,2167,2190
24.06.2019 07:00 - 24.06.2019 08:00,2565,2557
24.06.2019 08:00 - 24.06.2019 09:00,2731,2701
24.06.2019 09:00 - 24.06.2019 10:00,2759,2750
24.06.2019 10:00 - 24.06.2019 11:00,2840,2843
24.06.2019 11:00 - 24.06.2019 12:00,2895,2866
24.06.2019 12:00 - 24.06.2019 13:00,2816,2781
24.06.2019 13:00 - 24.06.2019 14:00,2827,2761
24.06.2019 14:00 - 24.06.2019 15:00,2705,2717
24.06.2019 15:00 - 24.06.2019 16:00,2600,2619
24.06.2019 16:00 - 24.06.2019 17:00,2575,2607
24.06.2019 17:00 - 24.06.2019 18:00,2708,2706
24.06.2019 18:00 - 24.06.2019 19:00,2624,2647
24.06.2019 19:00 - 24.06.2019 20:00,2502,2534
24.06.2019 20:00 - 24.06.2019 21:00,2382,2398
24.06.2019 21:00 - 24.06.2019 22:00,2248,2297
24.06.2019 22:00 - 24.06.2019 23:00,2145,2210
24.06.2019 23:00 - 25.06.2019 00:00,2026,2167
25.06.2019 00:00 - 25.06.2019 01:00,2036,2038
25.06.2019 01:00 - 25.06.2019 02:00,1940,1984
25.06.2019 02:00 - 25.06.2019 03:00,1924,1970
25.06.2019 03:00 - 25.06.2019 04:00,1950,1980
25.06.2019 04:00 - 25.06.2019 05:00,1969,1936
25.06.2019 05:00 - 25.06.2019 06:00,2048,1995
25.06.2019 06:00 - 25.06.2019 07:00,2248,2315
25.06.2019 07:00 - 25.06.2019 08:00,2611,2672
25.06.2019 08:00 - 25.06.2019 09:00,2834,2836
25.06.2019 09:00 - 25.06.2019 10:00,2868,2846
25.06.2019 10:00 - 25.06.2019 11:00,2919,2914
25.06.2019 11:00 - 25.06.2019 12:00,2927,2917
25.06.2019 12:00 - 25.06.2019 13:00,2860,2860
25.06.2019 13:00 - 25.06.2019 14:00,2877,2877
25.06.2019 14:00 - 25.06.2019 15:00,2824,2825
25.06.2019 15:00 - 25.06.2019 16:00,2720,2737
25.06.2019 16:00 - 25.06.2019 17:00,2682,2699
25.06.2019 17:00 - 25.06.2019 18:00,2746,2751
25.06.2019 18:00 - 25.06.2019 19:00,2654,2681
25.06.2019 19:00 - 25.06.2019 20:00,2584,2574
25.06.2019 20:00 - 25.06.2019 21:00,2526,2457
25.06.2019 21:00 - 25.06.2019 22:00,2452,2380
25.06.2019 22:00 - 25.06.2019 23:00,2423,2288
25.06.2019 23:00 - 26.06.2019 00:00,2321,2222
26.06.2019 00:00 - 26.06.2019 01:00,2074,2092
26.06.2019 01:00 - 26.06.2019 02:00,1961,2025
26.06.2019 02:00 - 26.06.2019 03:00,1951,1982
26.06.2019 03:00 - 26.06.2019 04:00,1939,1984
26.06.2019 04:00 - 26.06.2019 05:00,1929,1950
26.06.2019 05:00 - 26.06.2019 06:00,2031,2038
26.06.2019 06:00 - 26.06.2019 07:00,2321,2354
26.06.2019 07:00 - 26.06.2019 08:00,2603,2693
26.06.2019 08:00 - 26.06.2019 09:00,2841,2845
26.06.2019 09:00 - 26.06.2019 10:00,2889,2919
26.06.2019 10:00 - 26.06.2019 11:00,2994,3005
26.06.2019 11:00 - 26.06.2019 12:00,2977,2959
26.06.2019 12:00 - 26.06.2019 13:00,2909,2911
26.06.2019 13:00 - 26.06.2019 14:00,2921,2930
26.06.2019 14:00 - 26.06.2019 15:00,2869,2899
26.06.2019 15:00 - 26.06.2019 16:00,2782,2780
26.06.2019 16:00 - 26.06.2019 17:00,2709,2714
26.06.2019 17:00 - 26.06.2019 18:00,2824,2813
26.06.2019 18:00 - 26.06.2019 19:00,2712,2730
26.06.2019 19:00 - 26.06.2019 20:00,2606,2592
26.06.2019 20:00 - 26.06.2019 21:00,2462,2480
26.06.2019 21:00 - 26.06.2019 22:00,2420,2369
26.06.2019 22:00 - 26.06.2019 23:00,2395,2313
26.06.2019 23:00 - 27.06.2019 00:00,2297,2088
27.06.2019 00:00 - 27.06.2019 01:00,1880,1701
27.06.2019 01:00 - 27.06.2019 02:00,1650,1633
27.06.2019 02:00 - 27.06.2019 03:00,1616,1593
27.06.2019 03:00 - 27.06.2019 04:00,1657,1636
27.06.2019 04:00 - 27.06.2019 05:00,1635,1571
27.06.2019 05:00 - 27.06.2019 06:00,1666,1613
27.06.2019 06:00 - 27.06.2019 07:00,1958,1954
27.06.2019 07:00 - 27.06.2019 08:00,2373,2296
27.06.2019 08:00 - 27.06.2019 09:00,2490,2461
27.06.2019 09:00 - 27.06.2019 10:00,2575,2678
27.06.2019 10:00 - 27.06.2019 11:00,2894,2920
27.06.2019 11:00 - 27.06.2019 12:00,2901,2873
27.06.2019 12:00 - 27.06.2019 13:00,2798,2797
27.06.2019 13:00 - 27.06.2019 14:00,2819,2835
27.06.2019 14:00 - 27.06.2019 15:00,2768,2765
27.06.2019 15:00 - 27.06.2019 16:00,2688,2681
27.06.2019 16:00 - 27.06.2019 17:00,2635,2651
27.06.2019 17:00 - 27.06.2019 18:00,2723,2729
27.06.2019 18:00 - 27.06.2019 19:00,2672,2672
27.06.2019 19:00 - 27.06.2019 20:00,2547,2550
27.06.2019 20:00 - 27.06.2019 21:00,2424,2453
27.06.2019 21:00 - 27.06.2019 22:00,2292,2333
27.06.2019 22:00 - 27.06.2019 23:00,2150,2239
27.06.2019 23:00 - 28.06.2019 00:00,1985,2180
28.06.2019 00:00 - 28.06.2019 01:00,2058,2047
28.06.2019 01:00 - 28.06.2019 02:00,1963,1973
28.06.2019 02:00 - 28.06.2019 03:00,1934,1927
28.06.2019 03:00 - 28.06.2019 04:00,1929,1921
28.06.2019 04:00 - 28.06.2019 05:00,1946,1892
28.06.2019 05:00 - 28.06.2019 06:00,1991,1956
28.06.2019 06:00 - 28.06.2019 07:00,2237,2267
28.06.2019 07:00 - 28.06.2019 08:00,2554,2584
28.06.2019 08:00 - 28.06.2019 09:00,2730,2708
28.06.2019 09:00 - 28.06.2019 10:00,2741,2712
28.06.2019 10:00 - 28.06.2019 11:00,2820,2838
28.06.2019 11:00 - 28.06.2019 12:00,2813,2800
28.06.2019 12:00 - 28.06.2019 13:00,2694,2703
28.06.2019 13:00 - 28.06.2019 14:00,2636,2644
28.06.2019 14:00 - 28.06.2019 15:00,2519,2534
28.06.2019 15:00 - 28.06.2019 16:00,2433,2442
28.06.2019 16:00 - 28.06.2019 17:00,2418,2420
28.06.2019 17:00 - 28.06.2019 18:00,2480,2487
28.06.2019 18:00 - 28.06.2019 19:00,2457,2459
28.06.2019 19:00 - 28.06.2019 20:00,2351,2340
28.06.2019 20:00 - 28.06.2019 21:00,2238,2223
28.06.2019 21:00 - 28.06.2019 22:00,2159,2092
28.06.2019 22:00 - 28.06.2019 23:00,2101,2021
28.06.2019 23:00 - 29.06.2019 00:00,1981,2015
29.06.2019 00:00 - 29.06.2019 01:00,1861,1883
29.06.2019 01:00 - 29.06.2019 02:00,1751,1795
29.06.2019 02:00 - 29.06.2019 03:00,1726,1753
29.06.2019 03:00 - 29.06.2019 04:00,1689,1716
29.06.2019 04:00 - 29.06.2019 05:00,1674,1657
29.06.2019 05:00 - 29.06.2019 06:00,1656,1638
29.06.2019 06:00 - 29.06.2019 07:00,1736,1717
29.06.2019 07:00 - 29.06.2019 08:00,1891,1885
29.06.2019 08:00 - 29.06.2019 09:00,2061,2044
29.06.2019 09:00 - 29.06.2019 10:00,2159,2156
29.06.2019 10:00 - 29.06.2019 11:00,2220,2197
29.06.2019 11:00 - 29.06.2019 12:00,2186,2194
29.06.2019 12:00 - 29.06.2019 13:00,2156,2158
29.06.2019 13:00 - 29.06.2019 14:00,2121,2156
29.06.2019 14:00 - 29.06.2019 15:00,2111,2101
29.06.2019 15:00 - 29.06.2019 16:00,2068,2069
29.06.2019 16:00 - 29.06.2019 17:00,2069,2085
29.06.2019 17:00 - 29.06.2019 18:00,2142,2185
29.06.2019 18:00 - 29.06.2019 19:00,2126,2192
29.06.2019 19:00 - 29.06.2019 20:00,2056,2098
29.06.2019 20:00 - 29.06.2019 21:00,1986,2017
29.06.2019 21:00 - 29.06.2019 22:00,1912,1960
29.06.2019 22:00 - 29.06.2019 23:00,1847,1926
29.06.2019 23:00 - 30.06.2019 00:00,1744,1920
30.06.2019 00:00 - 30.06.2019 01:00,1791,1792
30.06.2019 01:00 - 30.06.2019 02:00,1694,1701
30.06.2019 02:00 - 30.06.2019 03:00,1645,1647
30.06.2019 03:00 - 30.06.2019 04:00,1624,1656
30.06.2019 04:00 - 30.06.2019 05:00,1630,1627
30.06.2019 05:00 - 30.06.2019 06:00,1596,1588
30.06.2019 06:00 - 30.06.2019 07:00,1662,1671
30.06.2019 07:00 - 30.06.2019 08:00,1823,1814
30.06.2019 08:00 - 30.06.2019 09:00,1995,1979
30.06.2019 09:00 - 30.06.2019 10:00,2090,2078
30.06.2019 10:00 - 30.06.2019 11:00,2163,2173
30.06.2019 11:00 - 30.06.2019 12:00,2209,2231
30.06.2019 12:00 - 30.06.2019 13:00,2220,2226
30.06.2019 13:00 - 30.06.2019 14:00,2199,2170
30.06.2019 14:00 - 30.06.2019 15:00,2162,2187
30.06.2019 15:00 - 30.06.2019 16:00,2162,2143
30.06.2019 16:00 - 30.06.2019 17:00,2158,2145
30.06.2019 17:00 - 30.06.2019 18:00,2282,2287
30.06.2019 18:00 - 30.06.2019 19:00,2292,2282
30.06.2019 19:00 - 30.06.2019 20:00,2190,2206
30.06.2019 20:00 - 30.06.2019 21:00,2090,2135
30.06.2019 21:00 - 30.06.2019 22:00,2016,2047
30.06.2019 22:00 - 30.06.2019 23:00,1948,2017
30.06.2019 23:00 - 01.07.2019 00:00,1874,2108
01.07.2019 00:00 - 01.07.2019 01:00,1959,1943
01.07.2019 01:00 - 01.07.2019 02:00,1882,1910
01.07.2019 02:00 - 01.07.2019 03:00,1874,1890
01.07.2019 03:00 - 01.07.2019 04:00,1880,1893
01.07.2019 04:00 - 01.07.2019 05:00,1886,1833
01.07.2019 05:00 - 01.07.2019 06:00,1930,1889
01.07.2019 06:00 - 01.07.2019 07:00,2212,2187
01.07.2019 07:00 - 01.07.2019 08:00,2560,2532
01.07.2019 08:00 - 01.07.2019 09:00,2727,2703
01.07.2019 09:00 - 01.07.2019 10:00,2776,2763
01.07.2019 10:00 - 01.07.2019 11:00,2851,2837
01.07.2019 11:00 - 01.07.2019 12:00,2851,2826
01.07.2019 12:00 - 01.07.2019 13:00,2789,2823
01.07.2019 13:00 - 01.07.2019 14:00,2905,2910
01.07.2019 14:00 - 01.07.2019 15:00,2840,2830
01.07.2019 15:00 - 01.07.2019 16:00,2705,2713
01.07.2019 16:00 - 01.07.2019 17:00,2679,2696
01.07.2019 17:00 - 01.07.2019 18:00,2729,2744
01.07.2019 18:00 - 01.07.2019 19:00,2671,2664
01.07.2019 19:00 - 01.07.2019 20:00,2512,2545
01.07.2019 20:00 - 01.07.2019 21:00,2378,2416
01.07.2019 21:00 - 01.07.2019 22:00,2278,2306
01.07.2019 22:00 - 01.07.2019 23:00,2173,2203
01.07.2019 23:00 - 02.07.2019 00:00,2055,2161
02.07.2019 00:00 - 02.07.2019 01:00,2036,2025
02.07.2019 01:00 - 02.07.2019 02:00,1948,1970
02.07.2019 02:00 - 02.07.2019 03:00,1907,1915
02.07.2019 03:00 - 02.07.2019 04:00,1915,1932
02.07.2019 04:00 - 02.07.2019 05:00,1943,1903
02.07.2019 05:00 - 02.07.2019 06:00,1985,1927
02.07.2019 06:00 - 02.07.2019 07:00,2192,2218
02.07.2019 07:00 - 02.07.2019 08:00,2512,2576
02.07.2019 08:00 - 02.07.2019 09:00,2724,2702
02.07.2019 09:00 - 02.07.2019 10:00,2788,2731
02.07.2019 10:00 - 02.07.2019 11:00,2863,2859
02.07.2019 11:00 - 02.07.2019 12:00,2858,2872
02.07.2019 12:00 - 02.07.2019 13:00,2854,2843
02.07.2019 13:00 - 02.07.2019 14:00,2841,2822
02.07.2019 14:00 - 02.07.2019 15:00,2769,2744
02.07.2019 15:00 - 02.07.2019 16:00,2631,2627
02.07.2019 16:00 - 02.07.2019 17:00,2565,2611
02.07.2019 17:00 - 02.07.2019 18:00,2662,2697
02.07.2019 18:00 - 02.07.2019 19:00,2620,2622
02.07.2019 19:00 - 02.07.2019 20:00,2508,2486
02.07.2019 20:00 - 02.07.2019 21:00,2394,2380
02.07.2019 21:00 - 02.07.2019 22:00,2323,2278
02.07.2019 22:00 - 02.07.2019 23:00,2284,2194
02.07.2019 23:00 - 03.07.2019 00:00,2196,2178
03.07.2019 00:00 - 03.07.2019 01:00,2053,2068
03.07.2019 01:00 - 03.07.2019 02:00,1954,1989
03.07.2019 02:00 - 03.07.2019 03:00,1926,1947
03.07.2019 03:00 - 03.07.2019 04:00,1921,1940
03.07.2019 04:00 - 03.07.2019 05:00,1924,1885
03.07.2019 05:00 - 03.07.2019 06:00,1968,1947
03.07.2019 06:00 - 03.07.2019 07:00,2199,2217
03.07.2019 07:00 - 03.07.2019 08:00,2485,2527
03.07.2019 08:00 - 03.07.2019 09:00,2699,2706
03.07.2019 09:00 - 03.07.2019 10:00,2746,2759
03.07.2019 10:00 - 03.07.2019 11:00,2887,2877
03.07.2019 11:00 - 03.07.2019 12:00,2890,2953
03.07.2019 12:00 - 03.07.2019 13:00,2868,2858
03.07.2019 13:00 - 03.07.2019 14:00,2870,2913
03.07.2019 14:00 - 03.07.2019 15:00,2845,2844
03.07.2019 15:00 - 03.07.2019 16:00,2715,2686
03.07.2019 16:00 - 03.07.2019 17:00,2647,2703
03.07.2019 17:00 - 03.07.2019 18:00,2757,2746
03.07.2019 18:00 - 03.07.2019 19:00,2642,2663
03.07.2019 19:00 - 03.07.2019 20:00,2544,2512
03.07.2019 20:00 - 03.07.2019 21:00,2401,2366
03.07.2019 21:00 - 03.07.2019 22:00,2313,2281
03.07.2019 22:00 - 03.07.2019 23:00,2294,2226
03.07.2019 23:00 - 04.07.2019 00:00,2228,2130
04.07.2019 00:00 - 04.07.2019 01:00,1999,1992
04.07.2019 01:00 - 04.07.2019 02:00,1905,1925
04.07.2019 02:00 - 04.07.2019 03:00,1877,1890
04.07.2019 03:00 - 04.07.2019 04:00,1871,1870
04.07.2019 04:00 - 04.07.2019 05:00,1878,1863
04.07.2019 05:00 - 04.07.2019 06:00,1934,1933
04.07.2019 06:00 - 04.07.2019 07:00,2187,2227
04.07.2019 07:00 - 04.07.2019 08:00,2514,2614
04.07.2019 08:00 - 04.07.2019 09:00,2756,2793
04.07.2019 09:00 - 04.07.2019 10:00,2844,2855
04.07.2019 10:00 - 04.07.2019 11:00,2971,2961
04.07.2019 11:00 - 04.07.2019 12:00,2944,2976
04.07.2019 12:00 - 04.07.2019 13:00,2918,2905
04.07.2019 13:00 - 04.07.2019 14:00,2898,2892
04.07.2019 14:00 - 04.07.2019 15:00,2834,2820
04.07.2019 15:00 - 04.07.2019 16:00,2744,2761
04.07.2019 16:00 - 04.07.2019 17:00,2672,2680
04.07.2019 17:00 - 04.07.2019 18:00,2782,2794
04.07.2019 18:00 - 04.07.2019 19:00,2719,2738
04.07.2019 19:00 - 04.07.2019 20:00,2609,2605
04.07.2019 20:00 - 04.07.2019 21:00,2475,2445
04.07.2019 21:00 - 04.07.2019 22:00,2372,2380
04.07.2019 22:00 - 04.07.2019 23:00,2318,2281
04.07.2019 23:00 - 05.07.2019 00:00,2209,2122
05.07.2019 00:00 - 05.07.2019 01:00,1988,1996
05.07.2019 01:00 - 05.07.2019 02:00,1904,1913
05.07.2019 02:00 - 05.07.2019 03:00,1859,1847
05.07.2019 03:00 - 05.07.2019 04:00,1844,1845
05.07.2019 04:00 - 05.07.2019 05:00,1885,1898
05.07.2019 05:00 - 05.07.2019 06:00,1991,1977
05.07.2019 06:00 - 05.07.2019 07:00,2225,2257
05.07.2019 07:00 - 05.07.2019 08:00,2555,2585
05.07.2019 08:00 - 05.07.2019 09:00,2754,2748
05.07.2019 09:00 - 05.07.2019 10:00,2775,2728
05.07.2019 10:00 - 05.07.2019 11:00,2787,2769
05.07.2019 11:00 - 05.07.2019 12:00,2751,2752
05.07.2019 12:00 - 05.07.2019 13:00,2652,2655
05.07.2019 13:00 - 05.07.2019 14:00,2590,2593
05.07.2019 14:00 - 05.07.2019 15:00,2484,2473
05.07.2019 15:00 - 05.07.2019 16:00,2377,2391
05.07.2019 16:00 - 05.07.2019 17:00,2360,2352
05.07.2019 17:00 - 05.07.2019 18:00,2429,2439
05.07.2019 18:00 - 05.07.2019 19:00,2381,2382
05.07.2019 19:00 - 05.07.2019 20:00,2244,2238
05.07.2019 20:00 - 05.07.2019 21:00,2132,2106
05.07.2019 21:00 - 05.07.2019 22:00,2030,2022
05.07.2019 22:00 - 05.07.2019 23:00,1970,1967
05.07.2019 23:00 - 06.07.2019 00:00,1872,1874
06.07.2019 00:00 - 06.07.2019 01:00,1752,1761
06.07.2019 01:00 - 06.07.2019 02:00,1639,1691
06.07.2019 02:00 - 06.07.2019 03:00,1612,1634
06.07.2019 03:00 - 06.07.2019 04:00,1599,1620
06.07.2019 04:00 - 06.07.2019 05:00,1587,1616
06.07.2019 05:00 - 06.07.2019 06:00,1607,1637
06.07.2019 06:00 - 06.07.2019 07:00,1721,1738
06.07.2019 07:00 - 06.07.2019 08:00,1900,1910
06.07.2019 08:00 - 06.07.2019 09:00,2081,2079
06.07.2019 09:00 - 06.07.2019 10:00,2177,2168
06.07.2019 10:00 - 06.07.2019 11:00,2264,2286
06.07.2019 11:00 - 06.07.2019 12:00,2310,2314
06.07.2019 12:00 - 06.07.2019 13:00,2300,2310
06.07.2019 13:00 - 06.07.2019 14:00,2252,2235
06.07.2019 14:00 - 06.07.2019 15:00,2196,2201
06.07.2019 15:00 - 06.07.2019 16:00,2151,2134
06.07.2019 16:00 - 06.07.2019 17:00,2144,2156
06.07.2019 17:00 - 06.07.2019 18:00,2258,2251
06.07.2019 18:00 - 06.07.2019 19:00,2232,2239
06.07.2019 19:00 - 06.07.2019 20:00,2122,2129
06.07.2019 20:00 - 06.07.2019 21:00,2012,2020
06.07.2019 21:00 - 06.07.2019 22:00,1916,1939
06.07.2019 22:00 - 06.07.2019 23:00,1851,1870
06.07.2019 23:00 - 07.07.2019 00:00,1766,1800
07.07.2019 00:00 - 07.07.2019 01:00,1704,1695
07.07.2019 01:00 - 07.07.2019 02:00,1629,1645
07.07.2019 02:00 - 07.07.2019 03:00,1607,1606
07.07.2019 03:00 - 07.07.2019 04:00,1589,1593
07.07.2019 04:00 - 07.07.2019 05:00,1576,1591
07.07.2019 05:00 - 07.07.2019 06:00,1576,1589
07.07.2019 06:00 - 07.07.2019 07:00,1666,1659
07.07.2019 07:00 - 07.07.2019 08:00,1803,1783
07.07.2019 08:00 - 07.07.2019 09:00,1964,1963
07.07.2019 09:00 - 07.07.2019 10:00,2084,2054
07.07.2019 10:00 - 07.07.2019 11:00,2138,2124
07.07.2019 11:00 - 07.07.2019 12:00,2160,2137
07.07.2019 12:00 - 07.07.2019 13:00,2113,2096
07.07.2019 13:00 - 07.07.2019 14:00,2083,2090
07.07.2019 14:00 - 07.07.2019 15:00,2079,2090
07.07.2019 15:00 - 07.07.2019 16:00,2061,2060
07.07.2019 16:00 - 07.07.2019 17:00,2092,2094
07.07.2019 17:00 - 07.07.2019 18:00,2213,2247
07.07.2019 18:00 - 07.07.2019 19:00,2251,2247
07.07.2019 19:00 - 07.07.2019 20:00,2136,2140
07.07.2019 20:00 - 07.07.2019 21:00,2045,2026
07.07.2019 21:00 - 07.07.2019 22:00,1957,1967
07.07.2019 22:00 - 07.07.2019 23:00,1900,1925
07.07.2019 23:00 - 08.07.2019 00:00,1818,1829
08.07.2019 00:00 - 08.07.2019 01:00,1747,1744
08.07.2019 01:00 - 08.07.2019 02:00,1669,1683
08.07.2019 02:00 - 08.07.2019 03:00,1643,1657
08.07.2019 03:00 - 08.07.2019 04:00,1632,1665
08.07.2019 04:00 - 08.07.2019 05:00,1679,1693
08.07.2019 05:00 - 08.07.2019 06:00,1787,1778
08.07.2019 06:00 - 08.07.2019 07:00,2023,2077
08.07.2019 07:00 - 08.07.2019 08:00,2363,2412
08.07.2019 08:00 - 08.07.2019 09:00,2619,2647
08.07.2019 09:00 - 08.07.2019 10:00,2702,2712
08.07.2019 10:00 - 08.07.2019 11:00,2774,2789
08.07.2019 11:00 - 08.07.2019 12:00,2766,2768
08.07.2019 12:00 - 08.07.2019 13:00,2728,2728
08.07.2019 13:00 - 08.07.2019 14:00,2764,2749
08.07.2019 14:00 - 08.07.2019 15:00,2732,2757
08.07.2019 15:00 - 08.07.2019 16:00,2675,2695
08.07.2019 16:00 - 08.07.2019 17:00,2639,2622
08.07.2019 17:00 - 08.07.2019 18:00,2675,2640
08.07.2019 18:00 - 08.07.2019 19:00,2591,2600
08.07.2019 19:00 - 08.07.2019 20:00,2511,2567
08.07.2019 20:00 - 08.07.2019 21:00,2462,2464
08.07.2019 21:00 - 08.07.2019 22:00,2373,2337
08.07.2019 22:00 - 08.07.2019 23:00,2315,2231
08.07.2019 23:00 - 09.07.2019 00:00,2206,2048
09.07.2019 00:00 - 09.07.2019 01:00,1911,1895
09.07.2019 01:00 - 09.07.2019 02:00,1778,1821
09.07.2019 02:00 - 09.07.2019 03:00,1755,1789
09.07.2019 03:00 - 09.07.2019 04:00,1782,1786
09.07.2019 04:00 - 09.07.2019 05:00,1798,1805
09.07.2019 05:00 - 09.07.2019 06:00,1871,1855
09.07.2019 06:00 - 09.07.2019 07:00,2068,2120
09.07.2019 07:00 - 09.07.2019 08:00,2353,2427
09.07.2019 08:00 - 09.07.2019 09:00,2594,2593
09.07.2019 09:00 - 09.07.2019 10:00,2652,2659
09.07.2019 10:00 - 09.07.2019 11:00,2722,2709
09.07.2019 11:00 - 09.07.2019 12:00,2714,2710
09.07.2019 12:00 - 09.07.2019 13:00,2676,2711
09.07.2019 13:00 - 09.07.2019 14:00,2722,2709
09.07.2019 14:00 - 09.07.2019 15:00,2645,2642
09.07.2019 15:00 - 09.07.2019 16:00,2556,2576
09.07.2019 16:00 - 09.07.2019 17:00,2526,2539
09.07.2019 17:00 - 09.07.2019 18:00,2593,2610
09.07.2019 18:00 - 09.07.2019 19:00,2578,2589
09.07.2019 19:00 - 09.07.2019 20:00,2469,2486
09.07.2019 20:00 - 09.07.2019 21:00,2371,2351
09.07.2019 21:00 - 09.07.2019 22:00,2272,2200
09.07.2019 22:00 - 09.07.2019 23:00,2219,2147
09.07.2019 23:00 - 10.07.2019 00:00,2125,2036
10.07.2019 00:00 - 10.07.2019 01:00,1937,1893
10.07.2019 01:00 - 10.07.2019 02:00,1786,1825
10.07.2019 02:00 - 10.07.2019 03:00,1725,1774
10.07.2019 03:00 - 10.07.2019 04:00,1755,1766
10.07.2019 04:00 - 10.07.2019 05:00,1795,1780
10.07.2019 05:00 - 10.07.2019 06:00,1856,1850
10.07.2019 06:00 - 10.07.2019 07:00,2065,2085
10.07.2019 07:00 - 10.07.2019 08:00,2352,2381
10.07.2019 08:00 - 10.07.2019 09:00,2557,2564
10.07.2019 09:00 - 10.07.2019 10:00,2622,2636
10.07.2019 10:00 - 10.07.2019 11:00,2713,2697
10.07.2019 11:00 - 10.07.2019 12:00,2726,2672
10.07.2019 12:00 - 10.07.2019 13:00,2625,2625
10.07.2019 13:00 - 10.07.2019 14:00,2647,2640
10.07.2019 14:00 - 10.07.2019 15:00,2596,2598
10.07.2019 15:00 - 10.07.2019 16:00,2493,2513
10.07.2019 16:00 - 10.07.2019 17:00,2445,2473
10.07.2019 17:00 - 10.07.2019 18:00,2533,2560
10.07.2019 18:00 - 10.07.2019 19:00,2554,2596
10.07.2019 19:00 - 10.07.2019 20:00,2458,2468
10.07.2019 20:00 - 10.07.2019 21:00,2355,2368
10.07.2019 21:00 - 10.07.2019 22:00,2270,2273
10.07.2019 22:00 - 10.07.2019 23:00,2208,2141
10.07.2019 23:00 - 11.07.2019 00:00,2088,2014
11.07.2019 00:00 - 11.07.2019 01:00,1904,1903
11.07.2019 01:00 - 11.07.2019 02:00,1807,1827
11.07.2019 02:00 - 11.07.2019 03:00,1775,1794
11.07.2019 03:00 - 11.07.2019 04:00,1784,1787
11.07.2019 04:00 - 11.07.2019 05:00,1808,1801
11.07.2019 05:00 - 11.07.2019 06:00,1878,1873
11.07.2019 06:00 - 11.07.2019 07:00,2098,2148
11.07.2019 07:00 - 11.07.2019 08:00,2423,2502
11.07.2019 08:00 - 11.07.2019 09:00,2657,2667
11.07.2019 09:00 - 11.07.2019 10:00,2732,2735
11.07.2019 10:00 - 11.07.2019 11:00,2816,2783
11.07.2019 11:00 - 11.07.2019 12:00,2791,2786
11.07.2019 12:00 - 11.07.2019 13:00,2705,2672
11.07.2019 13:00 - 11.07.2019 14:00,2697,2682
11.07.2019 14:00 - 11.07.2019 15:00,2637,2644
11.07.2019 15:00 - 11.07.2019 16:00,2543,2549
11.07.2019 16:00 - 11.07.2019 17:00,2486,2534
11.07.2019 17:00 - 11.07.2019 18:00,2630,2683
11.07.2019 18:00 - 11.07.2019 19:00,2628,2665
11.07.2019 19:00 - 11.07.2019 20:00,2524,2537
11.07.2019 20:00 - 11.07.2019 21:00,2430,2416
11.07.2019 21:00 - 11.07.2019 22:00,2340,2309
11.07.2019 22:00 - 11.07.2019 23:00,2279,2149
11.07.2019 23:00 - 12.07.2019 00:00,2165,2003
12.07.2019 00:00 - 12.07.2019 01:00,1885,1882
12.07.2019 01:00 - 12.07.2019 02:00,1788,1802
12.07.2019 02:00 - 12.07.2019 03:00,1744,1769
12.07.2019 03:00 - 12.07.2019 04:00,1755,1770
12.07.2019 04:00 - 12.07.2019 05:00,1773,1779
12.07.2019 05:00 - 12.07.2019 06:00,1850,1854
12.07.2019 06:00 - 12.07.2019 07:00,2077,2104
12.07.2019 07:00 - 12.07.2019 08:00,2346,2395
12.07.2019 08:00 - 12.07.2019 09:00,2536,2548
12.07.2019 09:00 - 12.07.2019 10:00,2636,2606
12.07.2019 10:00 - 12.07.2019 11:00,2672,2654
12.07.2019 11:00 - 12.07.2019 12:00,2618,2626
12.07.2019 12:00 - 12.07.2019 13:00,2543,2536
12.07.2019 13:00 - 12.07.2019 14:00,2472,2448
12.07.2019 14:00 - 12.07.2019 15:00,2356,2352
12.07.2019 15:00 - 12.07.2019 16:00,2271,2288
12.07.2019 16:00 - 12.07.2019 17:00,2245,2285
12.07.2019 17:00 - 12.07.2019 18:00,2339,2353
12.07.2019 18:00 - 12.07.2019 19:00,2289,2306
12.07.2019 19:00 - 12.07.2019 20:00,2178,2191
12.07.2019 20:00 - 12.07.2019 21:00,2097,2087
12.07.2019 21:00 - 12.07.2019 22:00,2001,1986
12.07.2019 22:00 - 12.07.2019 23:00,1937,1903
12.07.2019 23:00 - 13.07.2019 00:00,1816,1808
13.07.2019 00:00 - 13.07.2019 01:00,1681,1696
13.07.2019 01:00 - 13.07.2019 02:00,1584,1618
13.07.2019 02:00 - 13.07.2019 03:00,1552,1570
13.07.2019 03:00 - 13.07.2019 04:00,1525,1548
13.07.2019 04:00 - 13.07.2019 05:00,1524,1541
13.07.2019 05:00 - 13.07.2019 06:00,1504,1540
13.07.2019 06:00 - 13.07.2019 07:00,1601,1619
13.07.2019 07:00 - 13.07.2019 08:00,1766,1757
13.07.2019 08:00 - 13.07.2019 09:00,1930,1915
13.07.2019 09:00 - 13.07.2019 10:00,2032,2026
13.07.2019 10:00 - 13.07.2019 11:00,2082,2072
13.07.2019 11:00 - 13.07.2019 12:00,2073,2062
13.07.2019 12:00 - 13.07.2019 13:00,2053,2005
13.07.2019 13:00 - 13.07.2019 14:00,2001,1980
13.07.2019 14:00 - 13.07.2019 15:00,1954,1955
13.07.2019 15:00 - 13.07.2019 16:00,1937,1936
13.07.2019 16:00 - 13.07.2019 17:00,1955,1961
13.07.2019 17:00 - 13.07.2019 18:00,2073,2091
13.07.2019 18:00 - 13.07.2019 19:00,2091,2093
13.07.2019 19:00 - 13.07.2019 20:00,1964,2002
13.07.2019 20:00 - 13.07.2019 21:00,1903,1912
13.07.2019 21:00 - 13.07.2019 22:00,1831,1825
13.07.2019 22:00 - 13.07.2019 23:00,1771,1784
13.07.2019 23:00 - 14.07.2019 00:00,1675,1686
14.07.2019 00:00 - 14.07.2019 01:00,1612,1653
14.07.2019 01:00 - 14.07.2019 02:00,1570,1588
14.07.2019 02:00 - 14.07.2019 03:00,1539,1559
14.07.2019 03:00 - 14.07.2019 04:00,1536,1560
14.07.2019 04:00 - 14.07.2019 05:00,1553,1576
14.07.2019 05:00 - 14.07.2019 06:00,1546,1570
14.07.2019 06:00 - 14.07.2019 07:00,1601,1629
14.07.2019 07:00 - 14.07.2019 08:00,1751,1751
14.07.2019 08:00 - 14.07.2019 09:00,1902,1911
14.07.2019 09:00 - 14.07.2019 10:00,1986,1933
14.07.2019 10:00 - 14.07.2019 11:00,2014,1985
14.07.2019 11:00 - 14.07.2019 12:00,2020,1985
14.07.2019 12:00 - 14.07.2019 13:00,1989,1978
14.07.2019 13:00 - 14.07.2019 14:00,1957,1960
14.07.2019 14:00 - 14.07.2019 15:00,1939,1932
14.07.2019 15:00 - 14.07.2019 16:00,1912,1914
14.07.2019 16:00 - 14.07.2019 17:00,1950,1965
14.07.2019 17:00 - 14.07.2019 18:00,2106,2147
14.07.2019 18:00 - 14.07.2019 19:00,2169,2178
14.07.2019 19:00 - 14.07.2019 20:00,2055,2083
14.07.2019 20:00 - 14.07.2019 21:00,2009,2058
14.07.2019 21:00 - 14.07.2019 22:00,1963,1988
14.07.2019 22:00 - 14.07.2019 23:00,1901,1949
14.07.2019 23:00 - 15.07.2019 00:00,1791,1791
15.07.2019 00:00 - 15.07.2019 01:00,1660,1654
15.07.2019 01:00 - 15.07.2019 02:00,1574,1593
15.07.2019 02:00 - 15.07.2019 03:00,1575,1574
15.07.2019 03:00 - 15.07.2019 04:00,1590,1586
15.07.2019 04:00 - 15.07.2019 05:00,1601,1615
15.07.2019 05:00 - 15.07.2019 06:00,1658,1667
15.07.2019 06:00 - 15.07.2019 07:00,1856,1885
15.07.2019 07:00 - 15.07.2019 08:00,2118,2187
15.07.2019 08:00 - 15.07.2019 09:00,2387,2402
15.07.2019 09:00 - 15.07.2019 10:00,2493,2499
15.07.2019 10:00 - 15.07.2019 11:00,2563,2571
15.07.2019 11:00 - 15.07.2019 12:00,2562,2542
15.07.2019 12:00 - 15.07.2019 13:00,2501,2505
15.07.2019 13:00 - 15.07.2019 14:00,2503,2512
15.07.2019 14:00 - 15.07.2019 15:00,2460,2461
15.07.2019 15:00 - 15.07.2019 16:00,2383,2394
15.07.2019 16:00 - 15.07.2019 17:00,2346,2357
15.07.2019 17:00 - 15.07.2019 18:00,2433,2444
15.07.2019 18:00 - 15.07.2019 19:00,2414,2438
15.07.2019 19:00 - 15.07.2019 20:00,2340,2336
15.07.2019 20:00 - 15.07.2019 21:00,2248,2224
15.07.2019 21:00 - 15.07.2019 22:00,2184,2107
15.07.2019 22:00 - 15.07.2019 23:00,2172,2032
15.07.2019 23:00 - 16.07.2019 00:00,2084,1949
16.07.2019 00:00 - 16.07.2019 01:00,1809,1825
16.07.2019 01:00 - 16.07.2019 02:00,1704,1726
16.07.2019 02:00 - 16.07.2019 03:00,1672,1689
16.07.2019 03:00 - 16.07.2019 04:00,1670,1675
16.07.2019 04:00 - 16.07.2019 05:00,1699,1711
16.07.2019 05:00 - 16.07.2019 06:00,1773,1783
16.07.2019 06:00 - 16.07.2019 07:00,1973,2003
16.07.2019 07:00 - 16.07.2019 08:00,2212,2266
16.07.2019 08:00 - 16.07.2019 09:00,2395,2402
16.07.2019 09:00 - 16.07.2019 10:00,2493,2490
16.07.2019 10:00 - 16.07.2019 11:00,2552,2562
16.07.2019 11:00 - 16.07.2019 12:00,2531,2512
16.07.2019 12:00 - 16.07.2019 13:00,2497,2509
16.07.2019 13:00 - 16.07.2019 14:00,2510,2514
16.07.2019 14:00 - 16.07.2019 15:00,2465,2456
16.07.2019 15:00 - 16.07.2019 16:00,2364,2368
16.07.2019 16:00 - 16.07.2019 17:00,2323,2351
16.07.2019 17:00 - 16.07.2019 18:00,2430,2464
16.07.2019 18:00 - 16.07.2019 19:00,2418,2474
16.07.2019 19:00 - 16.07.2019 20:00,2396,2417
16.07.2019 20:00 - 16.07.2019 21:00,2339,2297
16.07.2019 21:00 - 16.07.2019 22:00,2296,2186
16.07.2019 22:00 - 16.07.2019 23:00,2280,2025
16.07.2019 23:00 - 17.07.2019 00:00,2163,1924
17.07.2019 00:00 - 17.07.2019 01:00,1806,1829
17.07.2019 01:00 - 17.07.2019 02:00,1721,1746
17.07.2019 02:00 - 17.07.2019 03:00,1693,1704
17.07.2019 03:00 - 17.07.2019 04:00,1684,1693
17.07.2019 04:00 - 17.07.2019 05:00,1705,1706
17.07.2019 05:00 - 17.07.2019 06:00,1753,1750
17.07.2019 06:00 - 17.07.2019 07:00,1909,1974
17.07.2019 07:00 - 17.07.2019 08:00,2174,2293
17.07.2019 08:00 - 17.07.2019 09:00,2416,2444
17.07.2019 09:00 - 17.07.2019 10:00,2526,2534
17.07.2019 10:00 - 17.07.2019 11:00,2566,2513
17.07.2019 11:00 - 17.07.2019 12:00,2478,2464
17.07.2019 12:00 - 17.07.2019 13:00,2416,2429
17.07.2019 13:00 - 17.07.2019 14:00,2440,2434
17.07.2019 14:00 - 17.07.2019 15:00,2396,2388
17.07.2019 15:00 - 17.07.2019 16:00,2318,2317
17.07.2019 16:00 - 17.07.2019 17:00,2277,2276
17.07.2019 17:00 - 17.07.2019 18:00,2333,2353
17.07.2019 18:00 - 17.07.2019 19:00,2339,2406
17.07.2019 19:00 - 17.07.2019 20:00,2295,2306
17.07.2019 20:00 - 17.07.2019 21:00,2261,2179
17.07.2019 21:00 - 17.07.2019 22:00,2207,2103
17.07.2019 22:00 - 17.07.2019 23:00,2184,1977
17.07.2019 23:00 - 18.07.2019 00:00,2087,1846
18.07.2019 00:00 - 18.07.2019 01:00,1731,1738
18.07.2019 01:00 - 18.07.2019 02:00,1644,1668
18.07.2019 02:00 - 18.07.2019 03:00,1615,1630
18.07.2019 03:00 - 18.07.2019 04:00,1605,1618
18.07.2019 04:00 - 18.07.2019 05:00,1628,1628
18.07.2019 05:00 - 18.07.2019 06:00,1659,1662
18.07.2019 06:00 - 18.07.2019 07:00,1840,1862
18.07.2019 07:00 - 18.07.2019 08:00,2093,2126
18.07.2019 08:00 - 18.07.2019 09:00,2288,2305
18.07.2019 09:00 - 18.07.2019 10:00,2383,2393
18.07.2019 10:00 - 18.07.2019 11:00,2452,2451
18.07.2019 11:00 - 18.07.2019 12:00,2448,2442
18.07.2019 12:00 - 18.07.2019 13:00,2397,2394
18.07.2019 13:00 - 18.07.2019 14:00,2399,2395
18.07.2019 14:00 - 18.07.2019 15:00,2374,2344
18.07.2019 15:00 - 18.07.2019 16:00,2269,2297
18.07.2019 16:00 - 18.07.2019 17:00,2227,2273
18.07.2019 17:00 - 18.07.2019 18:00,2314,2397
18.07.2019 18:00 - 18.07.2019 19:00,2336,2447
18.07.2019 19:00 - 18.07.2019 20:00,2314,2330
18.07.2019 20:00 - 18.07.2019 21:00,2248,2216
18.07.2019 21:00 - 18.07.2019 22:00,2163,2052
18.07.2019 22:00 - 18.07.2019 23:00,2108,1975
18.07.2019 23:00 - 19.07.2019 00:00,2010,1840
19.07.2019 00:00 - 19.07.2019 01:00,1735,1723
19.07.2019 01:00 - 19.07.2019 02:00,1641,1654
19.07.2019 02:00 - 19.07.2019 03:00,1617,1625
19.07.2019 03:00 - 19.07.2019 04:00,1615,1617
19.07.2019 04:00 - 19.07.2019 05:00,1643,1657
19.07.2019 05:00 - 19.07.2019 06:00,1701,1693
19.07.2019 06:00 - 19.07.2019 07:00,1858,1890
19.07.2019 07:00 - 19.07.2019 08:00,2124,2203
19.07.2019 08:00 - 19.07.2019 09:00,2362,2358
19.07.2019 09:00 - 19.07.2019 10:00,2441,2448
19.07.2019 10:00 - 19.07.2019 11:00,2479,2435
19.07.2019 11:00 - 19.07.2019 12:00,2450,2447
19.07.2019 12:00 - 19.07.2019 13:00,2386,2405
19.07.2019 13:00 - 19.07.2019 14:00,2345,2338
19.07.2019 14:00 - 19.07.2019 15:00,2263,2271
19.07.2019 15:00 - 19.07.2019 16:00,2200,2229
19.07.2019 16:00 - 19.07.2019 17:00,2192,2201
19.07.2019 17:00 - 19.07.2019 18:00,2253,2248
19.07.2019 18:00 - 19.07.2019 19:00,2239,2242
19.07.2019 19:00 - 19.07.2019 20:00,2119,2098
19.07.2019 20:00 - 19.07.2019 21:00,2009,1989
19.07.2019 21:00 - 19.07.2019 22:00,1925,1906
19.07.2019 22:00 - 19.07.2019 23:00,1911,1857
19.07.2019 23:00 - 20.07.2019 00:00,1826,1753
20.07.2019 00:00 - 20.07.2019 01:00,1632,1642
20.07.2019 01:00 - 20.07.2019 02:00,1520,1552
20.07.2019 02:00 - 20.07.2019 03:00,1467,1511
20.07.2019 03:00 - 20.07.2019 04:00,1470,1497
20.07.2019 04:00 - 20.07.2019 05:00,1491,1510
20.07.2019 05:00 - 20.07.2019 06:00,1487,1504
20.07.2019 06:00 - 20.07.2019 07:00,1574,1578
20.07.2019 07:00 - 20.07.2019 08:00,1720,1698
20.07.2019 08:00 - 20.07.2019 09:00,1872,1870
20.07.2019 09:00 - 20.07.2019 10:00,1990,1963
20.07.2019 10:00 - 20.07.2019 11:00,2030,1983
20.07.2019 11:00 - 20.07.2019 12:00,1999,1981
20.07.2019 12:00 - 20.07.2019 13:00,1980,1979
20.07.2019 13:00 - 20.07.2019 14:00,1955,1956
20.07.2019 14:00 - 20.07.2019 15:00,1919,1928
20.07.2019 15:00 - 20.07.2019 16:00,1893,1908
20.07.2019 16:00 - 20.07.2019 17:00,1905,1909
20.07.2019 17:00 - 20.07.2019 18:00,2036,2058
20.07.2019 18:00 - 20.07.2019 19:00,2066,2086
20.07.2019 19:00 - 20.07.2019 20:00,1987,2044
20.07.2019 20:00 - 20.07.2019 21:00,1932,1946
20.07.2019 21:00 - 20.07.2019 22:00,1852,1831
20.07.2019 22:00 - 20.07.2019 23:00,1801,1761
20.07.2019 23:00 - 21.07.2019 00:00,1689,1645
21.07.2019 00:00 - 21.07.2019 01:00,1544,1543
21.07.2019 01:00 - 21.07.2019 02:00,1459,1482
21.07.2019 02:00 - 21.07.2019 03:00,1440,1458
21.07.2019 03:00 - 21.07.2019 04:00,1446,1455
21.07.2019 04:00 - 21.07.2019 05:00,1446,1447
21.07.2019 05:00 - 21.07.2019 06:00,1424,1419
21.07.2019 06:00 - 21.07.2019 07:00,1481,1478
21.07.2019 07:00 - 21.07.2019 08:00,1614,1611
21.07.2019 08:00 - 21.07.2019 09:00,1766,1747
21.07.2019 09:00 - 21.07.2019 10:00,1873,1849
21.07.2019 10:00 - 21.07.2019 11:00,1920,1902
21.07.2019 11:00 - 21.07.2019 12:00,1935,1941
21.07.2019 12:00 - 21.07.2019 13:00,1930,1943
21.07.2019 13:00 - 21.07.2019 14:00,1933,1969
21.07.2019 14:00 - 21.07.2019 15:00,1938,1968
21.07.2019 15:00 - 21.07.2019 16:00,1938,1940
21.07.2019 16:00 - 21.07.2019 17:00,1953,1942
21.07.2019 17:00 - 21.07.2019 18:00,2071,2093
21.07.2019 18:00 - 21.07.2019 19:00,2090,2072
21.07.2019 19:00 - 21.07.2019 20:00,1962,1976
21.07.2019 20:00 - 21.07.2019 21:00,1885,1899
21.07.2019 21:00 - 21.07.2019 22:00,1844,1814
21.07.2019 22:00 - 21.07.2019 23:00,1826,1773
21.07.2019 23:00 - 22.07.2019 00:00,1754,1670
22.07.2019 00:00 - 22.07.2019 01:00,1581,1554
22.07.2019 01:00 - 22.07.2019 02:00,1503,1500
22.07.2019 02:00 - 22.07.2019 03:00,1480,1484
22.07.2019 03:00 - 22.07.2019 04:00,1507,1479
22.07.2019 04:00 - 22.07.2019 05:00,1514,1495
22.07.2019 05:00 - 22.07.2019 06:00,1552,1548
22.07.2019 06:00 - 22.07.2019 07:00,1716,1738
22.07.2019 07:00 - 22.07.2019 08:00,1952,1954
22.07.2019 08:00 - 22.07.2019 09:00,2167,2164
22.07.2019 09:00 - 22.07.2019 10:00,2288,2280
22.07.2019 10:00 - 22.07.2019 11:00,2373,2384
22.07.2019 11:00 - 22.07.2019 12:00,2404,2419
22.07.2019 12:00 - 22.07.2019 13:00,2406,2431
22.07.2019 13:00 - 22.07.2019 14:00,2411,2427
22.07.2019 14:00 - 22.07.2019 15:00,2395,2409
22.07.2019 15:00 - 22.07.2019 16:00,2339,2352
22.07.2019 16:00 - 22.07.2019 17:00,2303,2316
22.07.2019 17:00 - 22.07.2019 18:00,2395,2425
22.07.2019 18:00 - 22.07.2019 19:00,2372,2428
22.07.2019 19:00 - 22.07.2019 20:00,2292,2295
22.07.2019 20:00 - 22.07.2019 21:00,2174,2157
22.07.2019 21:00 - 22.07.2019 22:00,2098,2056
22.07.2019 22:00 - 22.07.2019 23:00,2051,1973
22.07.2019 23:00 - 23.07.2019 00:00,1935,1809
23.07.2019 00:00 - 23.07.2019 01:00,1691,1682
23.07.2019 01:00 - 23.07.2019 02:00,1601,1615
23.07.2019 02:00 - 23.07.2019 03:00,1578,1597
23.07.2019 03:00 - 23.07.2019 04:00,1595,1583
23.07.2019 04:00 - 23.07.2019 05:00,1602,1590
23.07.2019 05:00 - 23.07.2019 06:00,1630,1611
23.07.2019 06:00 - 23.07.2019 07:00,1782,1784
23.07.2019 07:00 - 23.07.2019 08:00,2022,2062
23.07.2019 08:00 - 23.07.2019 09:00,2254,2279
23.07.2019 09:00 - 23.07.2019 10:00,2380,2362
23.07.2019 10:00 - 23.07.2019 11:00,2417,2375
23.07.2019 11:00 - 23.07.2019 12:00,2384,2367
23.07.2019 12:00 - 23.07.2019 13:00,2346,2336
23.07.2019 13:00 - 23.07.2019 14:00,2348,2343
23.07.2019 14:00 - 23.07.2019 15:00,2315,2307
23.07.2019 15:00 - 23.07.2019 16:00,2228,2236
23.07.2019 16:00 - 23.07.2019 17:00,2209,2219
23.07.2019 17:00 - 23.07.2019 18:00,2270,2295
23.07.2019 18:00 - 23.07.2019 19:00,2249,2257
23.07.2019 19:00 - 23.07.2019 20:00,2153,2194
23.07.2019 20:00 - 23.07.2019 21:00,2103,2123
23.07.2019 21:00 - 23.07.2019 22:00,2047,1968
23.07.2019 22:00 - 23.07.2019 23:00,2012,1926
23.07.2019 23:00 - 24.07.2019 00:00,1912,1795
24.07.2019 00:00 - 24.07.2019 01:00,1671,1656
24.07.2019 01:00 - 24.07.2019 02:00,1561,1581
24.07.2019 02:00 - 24.07.2019 03:00,1534,1577
24.07.2019 03:00 - 24.07.2019 04:00,1586,1571
24.07.2019 04:00 - 24.07.2019 05:00,1599,1566
24.07.2019 05:00 - 24.07.2019 06:00,1613,1595
24.07.2019 06:00 - 24.07.2019 07:00,1763,1782
24.07.2019 07:00 - 24.07.2019 08:00,1995,2037
24.07.2019 08:00 - 24.07.2019 09:00,2219,2223
24.07.2019 09:00 - 24.07.2019 10:00,2327,2337
24.07.2019 10:00 - 24.07.2019 11:00,2447,2472
24.07.2019 11:00 - 24.07.2019 12:00,2475,2494
24.07.2019 12:00 - 24.07.2019 13:00,2441,2469
24.07.2019 13:00 - 24.07.2019 14:00,2443,2462
24.07.2019 14:00 - 24.07.2019 15:00,2373,2343
24.07.2019 15:00 - 24.07.2019 16:00,2251,2256
24.07.2019 16:00 - 24.07.2019 17:00,2215,2197
24.07.2019 17:00 - 24.07.2019 18:00,2273,2284
24.07.2019 18:00 - 24.07.2019 19:00,2302,2346
24.07.2019 19:00 - 24.07.2019 20:00,2237,2265
24.07.2019 20:00 - 24.07.2019 21:00,2170,2171
24.07.2019 21:00 - 24.07.2019 22:00,2110,2038
24.07.2019 22:00 - 24.07.2019 23:00,2090,1986
24.07.2019 23:00 - 25.07.2019 00:00,1983,1827
25.07.2019 00:00 - 25.07.2019 01:00,1660,1674
25.07.2019 01:00 - 25.07.2019 02:00,1602,1656
25.07.2019 02:00 - 25.07.2019 03:00,1529,1512
25.07.2019 03:00 - 25.07.2019 04:00,1513,1499
25.07.2019 04:00 - 25.07.2019 05:00,1525,1507
25.07.2019 05:00 - 25.07.2019 06:00,1560,1545
25.07.2019 06:00 - 25.07.2019 07:00,1736,1730
25.07.2019 07:00 - 25.07.2019 08:00,1984,1976
25.07.2019 08:00 - 25.07.2019 09:00,2176,2204
25.07.2019 09:00 - 25.07.2019 10:00,2313,2333
25.07.2019 10:00 - 25.07.2019 11:00,2405,2394
25.07.2019 11:00 - 25.07.2019 12:00,2399,2420
25.07.2019 12:00 - 25.07.2019 13:00,2371,2406
25.07.2019 13:00 - 25.07.2019 14:00,2371,2396
25.07.2019 14:00 - 25.07.2019 15:00,2357,2371
25.07.2019 15:00 - 25.07.2019 16:00,2301,2331
25.07.2019 16:00 - 25.07.2019 17:00,2279,2306
25.07.2019 17:00 - 25.07.2019 18:00,2356,2360
25.07.2019 18:00 - 25.07.2019 19:00,2349,2389
25.07.2019 19:00 - 25.07.2019 20:00,2260,2299
25.07.2019 20:00 - 25.07.2019 21:00,2178,2199
25.07.2019 21:00 - 25.07.2019 22:00,2115,2072
25.07.2019 22:00 - 25.07.2019 23:00,2074,2041
25.07.2019 23:00 - 26.07.2019 00:00,1958,1924
26.07.2019 00:00 - 26.07.2019 01:00,1796,1778
26.07.2019 01:00 - 26.07.2019 02:00,1678,1711
26.07.2019 02:00 - 26.07.2019 03:00,1664,1678
26.07.2019 03:00 - 26.07.2019 04:00,1659,1644
26.07.2019 04:00 - 26.07.2019 05:00,1655,1654
26.07.2019 05:00 - 26.07.2019 06:00,1682,1699
26.07.2019 06:00 - 26.07.2019 07:00,1859,1856
26.07.2019 07:00 - 26.07.2019 08:00,2055,2114
26.07.2019 08:00 - 26.07.2019 09:00,2313,2338
26.07.2019 09:00 - 26.07.2019 10:00,2438,2486
26.07.2019 10:00 - 26.07.2019 11:00,2540,2552
26.07.2019 11:00 - 26.07.2019 12:00,2508,2472
26.07.2019 12:00 - 26.07.2019 13:00,2436,2423
26.07.2019 13:00 - 26.07.2019 14:00,2363,2351
26.07.2019 14:00 - 26.07.2019 15:00,2301,2314
26.07.2019 15:00 - 26.07.2019 16:00,2266,2292
26.07.2019 16:00 - 26.07.2019 17:00,2269,2279
26.07.2019 17:00 - 26.07.2019 18:00,2342,2342
26.07.2019 18:00 - 26.07.2019 19:00,2300,2304
26.07.2019 19:00 - 26.07.2019 20:00,2193,2187
26.07.2019 20:00 - 26.07.2019 21:00,2100,2071
26.07.2019 21:00 - 26.07.2019 22:00,2021,2022
26.07.2019 22:00 - 26.07.2019 23:00,2021,1996
26.07.2019 23:00 - 27.07.2019 00:00,1924,1846
27.07.2019 00:00 - 27.07.2019 01:00,1712,1746
27.07.2019 01:00 - 27.07.2019 02:00,1602,1643
27.07.2019 02:00 - 27.07.2019 03:00,1550,1590
27.07.2019 03:00 - 27.07.2019 04:00,1540,1566
27.07.2019 04:00 - 27.07.2019 05:00,1548,1561
27.07.2019 05:00 - 27.07.2019 06:00,1543,1538
27.07.2019 06:00 - 27.07.2019 07:00,1614,1652
27.07.2019 07:00 - 27.07.2019 08:00,1788,1785
27.07.2019 08:00 - 27.07.2019 09:00,1981,1974
27.07.2019 09:00 - 27.07.2019 10:00,2106,2107
27.07.2019 10:00 - 27.07.2019 11:00,2178,2156
27.07.2019 11:00 - 27.07.2019 12:00,2190,2218
27.07.2019 12:00 - 27.07.2019 13:00,2194,2203
27.07.2019 13:00 - 27.07.2019 14:00,2173,2164
27.07.2019 14:00 - 27.07.2019 15:00,2141,2144
27.07.2019 15:00 - 27.07.2019 16:00,2125,2123
27.07.2019 16:00 - 27.07.2019 17:00,2110,2129
27.07.2019 17:00 - 27.07.2019 18:00,2224,2248
27.07.2019 18:00 - 27.07.2019 19:00,2218,2187
27.07.2019 19:00 - 27.07.2019 20:00,2077,2071
27.07.2019 20:00 - 27.07.2019 21:00,1948,1961
27.07.2019 21:00 - 27.07.2019 22:00,1863,1885
27.07.2019 22:00 - 27.07.2019 23:00,1834,1863
27.07.2019 23:00 - 28.07.2019 00:00,1750,1738
28.07.2019 00:00 - 28.07.2019 01:00,1643,1671
28.07.2019 01:00 - 28.07.2019 02:00,1578,1605
28.07.2019 02:00 - 28.07.2019 03:00,1563,1587
28.07.2019 03:00 - 28.07.2019 04:00,1561,1561
28.07.2019 04:00 - 28.07.2019 05:00,1558,1565
28.07.2019 05:00 - 28.07.2019 06:00,1548,1542
28.07.2019 06:00 - 28.07.2019 07:00,1590,1575
28.07.2019 07:00 - 28.07.2019 08:00,1710,1704
28.07.2019 08:00 - 28.07.2019 09:00,1881,1857
28.07.2019 09:00 - 28.07.2019 10:00,1979,1975
28.07.2019 10:00 - 28.07.2019 11:00,2027,1999
28.07.2019 11:00 - 28.07.2019 12:00,2027,2001
28.07.2019 12:00 - 28.07.2019 13:00,2001,2024
28.07.2019 13:00 - 28.07.2019 14:00,2086,2088
28.07.2019 14:00 - 28.07.2019 15:00,2063,2038
28.07.2019 15:00 - 28.07.2019 16:00,2013,2021
28.07.2019 16:00 - 28.07.2019 17:00,2039,2026
28.07.2019 17:00 - 28.07.2019 18:00,2153,2168
28.07.2019 18:00 - 28.07.2019 19:00,2176,2186
28.07.2019 19:00 - 28.07.2019 20:00,2066,2067
28.07.2019 20:00 - 28.07.2019 21:00,1970,1985
28.07.2019 21:00 - 28.07.2019 22:00,1921,1924
28.07.2019 22:00 - 28.07.2019 23:00,1901,1910
28.07.2019 23:00 - 29.07.2019 00:00,1820,1790
29.07.2019 00:00 - 29.07.2019 01:00,1678,1674
29.07.2019 01:00 - 29.07.2019 02:00,1587,1602
29.07.2019 02:00 - 29.07.2019 03:00,1580,1570
29.07.2019 03:00 - 29.07.2019 04:00,1590,1565
29.07.2019 04:00 - 29.07.2019 05:00,1613,1597
29.07.2019 05:00 - 29.07.2019 06:00,1670,1651
29.07.2019 06:00 - 29.07.2019 07:00,1832,1878
29.07.2019 07:00 - 29.07.2019 08:00,2121,2147
29.07.2019 08:00 - 29.07.2019 09:00,2359,2379
29.07.2019 09:00 - 29.07.2019 10:00,2489,2465
29.07.2019 10:00 - 29.07.2019 11:00,2546,2551
29.07.2019 11:00 - 29.07.2019 12:00,2575,2571
29.07.2019 12:00 - 29.07.2019 13:00,2532,2520
29.07.2019 13:00 - 29.07.2019 14:00,2551,2572
29.07.2019 14:00 - 29.07.2019 15:00,2504,2531
29.07.2019 15:00 - 29.07.2019 16:00,2438,2449
29.07.2019 16:00 - 29.07.2019 17:00,2396,2417
29.07.2019 17:00 - 29.07.2019 18:00,2490,2512
29.07.2019 18:00 - 29.07.2019 19:00,2480,2579
29.07.2019 19:00 - 29.07.2019 20:00,2439,2445
29.07.2019 20:00 - 29.07.2019 21:00,2333,2311
29.07.2019 21:00 - 29.07.2019 22:00,2271,2176
29.07.2019 22:00 - 29.07.2019 23:00,2268,2091
29.07.2019 23:00 - 30.07.2019 00:00,2146,1949
30.07.2019 00:00 - 30.07.2019 01:00,1845,1813
30.07.2019 01:00 - 30.07.2019 02:00,1695,1739
30.07.2019 02:00 - 30.07.2019 03:00,1680,1701
30.07.2019 03:00 - 30.07.2019 04:00,1687,1705
30.07.2019 04:00 - 30.07.2019 05:00,1719,1709
30.07.2019 05:00 - 30.07.2019 06:00,1756,1743
30.07.2019 06:00 - 30.07.2019 07:00,1936,1952
30.07.2019 07:00 - 30.07.2019 08:00,2171,2228
30.07.2019 08:00 - 30.07.2019 09:00,2411,2409
30.07.2019 09:00 - 30.07.2019 10:00,2491,2490
30.07.2019 10:00 - 30.07.2019 11:00,2561,2575
30.07.2019 11:00 - 30.07.2019 12:00,2573,2614
30.07.2019 12:00 - 30.07.2019 13:00,2555,2589
30.07.2019 13:00 - 30.07.2019 14:00,2579,2596
30.07.2019 14:00 - 30.07.2019 15:00,2528,2553
30.07.2019 15:00 - 30.07.2019 16:00,2473,2469
30.07.2019 16:00 - 30.07.2019 17:00,2414,2455
30.07.2019 17:00 - 30.07.2019 18:00,2518,2572
30.07.2019 18:00 - 30.07.2019 19:00,2497,2530
30.07.2019 19:00 - 30.07.2019 20:00,2400,2388
30.07.2019 20:00 - 30.07.2019 21:00,2319,2271
30.07.2019 21:00 - 30.07.2019 22:00,2266,2196
30.07.2019 22:00 - 30.07.2019 23:00,2255,2115
30.07.2019 23:00 - 31.07.2019 00:00,2147,1938
31.07.2019 00:00 - 31.07.2019 01:00,1811,1822
31.07.2019 01:00 - 31.07.2019 02:00,1710,1747
31.07.2019 02:00 - 31.07.2019 03:00,1675,1689
31.07.2019 03:00 - 31.07.2019 04:00,1680,1687
31.07.2019 04:00 - 31.07.2019 05:00,1723,1727
31.07.2019 05:00 - 31.07.2019 06:00,1784,1780
31.07.2019 06:00 - 31.07.2019 07:00,1965,2005
31.07.2019 07:00 - 31.07.2019 08:00,2242,2274
31.07.2019 08:00 - 31.07.2019 09:00,2438,2437
31.07.2019 09:00 - 31.07.2019 10:00,2531,2541
31.07.2019 10:00 - 31.07.2019 11:00,2612,2629
31.07.2019 11:00 - 31.07.2019 12:00,2622,2622
31.07.2019 12:00 - 31.07.2019 13:00,2567,2578
31.07.2019 13:00 - 31.07.2019 14:00,2573,2574
31.07.2019 14:00 - 31.07.2019 15:00,2530,2558
31.07.2019 15:00 - 31.07.2019 16:00,2458,2475
31.07.2019 16:00 - 31.07.2019 17:00,2419,2424
31.07.2019 17:00 - 31.07.2019 18:00,2497,2532
31.07.2019 18:00 - 31.07.2019 19:00,2469,2527
31.07.2019 19:00 - 31.07.2019 20:00,2414,2477
31.07.2019 20:00 - 31.07.2019 21:00,2389,2332
31.07.2019 21:00 - 31.07.2019 22:00,2341,2217
31.07.2019 22:00 - 31.07.2019 23:00,2285,2030
31.07.2019 23:00 - 01.08.2019 00:00,2154,1862
01.08.2019 00:00 - 01.08.2019 01:00,1751,1744
01.08.2019 01:00 - 01.08.2019 02:00,1635,1659
01.08.2019 02:00 - 01.08.2019 03:00,1601,1607
01.08.2019 03:00 - 01.08.2019 04:00,1623,1624
01.08.2019 04:00 - 01.08.2019 05:00,1655,1645
01.08.2019 05:00 - 01.08.2019 06:00,1736,1733
01.08.2019 06:00 - 01.08.2019 07:00,1949,1962
01.08.2019 07:00 - 01.08.2019 08:00,2223,2229
01.08.2019 08:00 - 01.08.2019 09:00,2427,2423
01.08.2019 09:00 - 01.08.2019 10:00,2522,2507
01.08.2019 10:00 - 01.08.2019 11:00,2571,2539
01.08.2019 11:00 - 01.08.2019 12:00,2567,2555
01.08.2019 12:00 - 01.08.2019 13:00,2541,2561
01.08.2019 13:00 - 01.08.2019 14:00,2542,2537
01.08.2019 14:00 - 01.08.2019 15:00,2499,2511
01.08.2019 15:00 - 01.08.2019 16:00,2421,2426
01.08.2019 16:00 - 01.08.2019 17:00,2361,2362
01.08.2019 17:00 - 01.08.2019 18:00,2430,2458
01.08.2019 18:00 - 01.08.2019 19:00,2431,2490
01.08.2019 19:00 - 01.08.2019 20:00,2350,2361
01.08.2019 20:00 - 01.08.2019 21:00,2241,2230
01.08.2019 21:00 - 01.08.2019 22:00,2195,2077
01.08.2019 22:00 - 01.08.2019 23:00,2155,2009
01.08.2019 23:00 - 02.08.2019 00:00,2015,1848
02.08.2019 00:00 - 02.08.2019 01:00,1727,1726
02.08.2019 01:00 - 02.08.2019 02:00,1632,1657
02.08.2019 02:00 - 02.08.2019 03:00,1617,1621
02.08.2019 03:00 - 02.08.2019 04:00,1632,1615
02.08.2019 04:00 - 02.08.2019 05:00,1662,1630
02.08.2019 05:00 - 02.08.2019 06:00,1707,1683
02.08.2019 06:00 - 02.08.2019 07:00,1912,1911
02.08.2019 07:00 - 02.08.2019 08:00,2180,2189
02.08.2019 08:00 - 02.08.2019 09:00,2381,2379
02.08.2019 09:00 - 02.08.2019 10:00,2482,2458
02.08.2019 10:00 - 02.08.2019 11:00,2525,2536
02.08.2019 11:00 - 02.08.2019 12:00,2547,2525
02.08.2019 12:00 - 02.08.2019 13:00,2471,2447
02.08.2019 13:00 - 02.08.2019 14:00,2399,2385
02.08.2019 14:00 - 02.08.2019 15:00,2318,2305
02.08.2019 15:00 - 02.08.2019 16:00,2218,2226
02.08.2019 16:00 - 02.08.2019 17:00,2189,2222
02.08.2019 17:00 - 02.08.2019 18:00,2294,2305
02.08.2019 18:00 - 02.08.2019 19:00,2271,2277
02.08.2019 19:00 - 02.08.2019 20:00,2144,2156
02.08.2019 20:00 - 02.08.2019 21:00,2060,2028
02.08.2019 21:00 - 02.08.2019 22:00,2009,1959
02.08.2019 22:00 - 02.08.2019 23:00,1950,1907
02.08.2019 23:00 - 03.08.2019 00:00,1820,1762
03.08.2019 00:00 - 03.08.2019 01:00,1620,1635
03.08.2019 01:00 - 03.08.2019 02:00,1510,1547
03.08.2019 02:00 - 03.08.2019 03:00,1488,1504
03.08.2019 03:00 - 03.08.2019 04:00,1467,1478
03.08.2019 04:00 - 03.08.2019 05:00,1479,1483
03.08.2019 05:00 - 03.08.2019 06:00,1470,1491
03.08.2019 06:00 - 03.08.2019 07:00,1543,1568
03.08.2019 07:00 - 03.08.2019 08:00,1713,1729
03.08.2019 08:00 - 03.08.2019 09:00,1895,1917
03.08.2019 09:00 - 03.08.2019 10:00,2033,2006
03.08.2019 10:00 - 03.08.2019 11:00,2086,2087
03.08.2019 11:00 - 03.08.2019 12:00,2087,2055
03.08.2019 12:00 - 03.08.2019 13:00,2037,2035
03.08.2019 13:00 - 03.08.2019 14:00,2004,2006
03.08.2019 14:00 - 03.08.2019 15:00,1969,1979
03.08.2019 15:00 - 03.08.2019 16:00,1940,1965
03.08.2019 16:00 - 03.08.2019 17:00,1957,1992
03.08.2019 17:00 - 03.08.2019 18:00,2071,2099
03.08.2019 18:00 - 03.08.2019 19:00,2090,2098
03.08.2019 19:00 - 03.08.2019 20:00,1966,1989
03.08.2019 20:00 - 03.08.2019 21:00,1874,1912
03.08.2019 21:00 - 03.08.2019 22:00,1830,1863
03.08.2019 22:00 - 03.08.2019 23:00,1800,1814
03.08.2019 23:00 - 04.08.2019 00:00,1704,1665
04.08.2019 00:00 - 04.08.2019 01:00,1556,1556
04.08.2019 01:00 - 04.08.2019 02:00,1447,1473
04.08.2019 02:00 - 04.08.2019 03:00,1411,1434
04.08.2019 03:00 - 04.08.2019 04:00,1411,1422
04.08.2019 04:00 - 04.08.2019 05:00,1425,1444
04.08.2019 05:00 - 04.08.2019 06:00,1425,1423
04.08.2019 06:00 - 04.08.2019 07:00,1481,1480
04.08.2019 07:00 - 04.08.2019 08:00,1623,1595
04.08.2019 08:00 - 04.08.2019 09:00,1775,1748
04.08.2019 09:00 - 04.08.2019 10:00,1911,1887
04.08.2019 10:00 - 04.08.2019 11:00,1968,1965
04.08.2019 11:00 - 04.08.2019 12:00,2014,1964
04.08.2019 12:00 - 04.08.2019 13:00,2035,1958
04.08.2019 13:00 - 04.08.2019 14:00,1977,1973
04.08.2019 14:00 - 04.08.2019 15:00,1975,1951
04.08.2019 15:00 - 04.08.2019 16:00,1919,1925
04.08.2019 16:00 - 04.08.2019 17:00,1964,1981
04.08.2019 17:00 - 04.08.2019 18:00,2127,2145
04.08.2019 18:00 - 04.08.2019 19:00,2143,2174
04.08.2019 19:00 - 04.08.2019 20:00,2043,2081
04.08.2019 20:00 - 04.08.2019 21:00,1964,1992
04.08.2019 21:00 - 04.08.2019 22:00,1934,1952
04.08.2019 22:00 - 04.08.2019 23:00,1891,1895
04.08.2019 23:00 - 05.08.2019 00:00,1770,1756
05.08.2019 00:00 - 05.08.2019 01:00,1657,1649
05.08.2019 01:00 - 05.08.2019 02:00,1579,1601
05.08.2019 02:00 - 05.08.2019 03:00,1590,1594
05.08.2019 03:00 - 05.08.2019 04:00,1599,1579
05.08.2019 04:00 - 05.08.2019 05:00,1625,1607
05.08.2019 05:00 - 05.08.2019 06:00,1732,1741
05.08.2019 06:00 - 05.08.2019 07:00,1997,2001
05.08.2019 07:00 - 05.08.2019 08:00,2339,2341
05.08.2019 08:00 - 05.08.2019 09:00,2549,2543
05.08.2019 09:00 - 05.08.2019 10:00,2647,2672
05.08.2019 10:00 - 05.08.2019 11:00,2788,2771
05.08.2019 11:00 - 05.08.2019 12:00,2759,2742
05.08.2019 12:00 - 05.08.2019 13:00,2703,2687
05.08.2019 13:00 - 05.08.2019 14:00,2728,2720
05.08.2019 14:00 - 05.08.2019 15:00,2655,2645
05.08.2019 15:00 - 05.08.2019 16:00,2529,2543
05.08.2019 16:00 - 05.08.2019 17:00,2487,2517
05.08.2019 17:00 - 05.08.2019 18:00,2617,2635
05.08.2019 18:00 - 05.08.2019 19:00,2554,2581
05.08.2019 19:00 - 05.08.2019 20:00,2418,2466
05.08.2019 20:00 - 05.08.2019 21:00,2368,2405
05.08.2019 21:00 - 05.08.2019 22:00,2339,2332
05.08.2019 22:00 - 05.08.2019 23:00,2256,2197
05.08.2019 23:00 - 06.08.2019 00:00,2092,1952
06.08.2019 00:00 - 06.08.2019 01:00,1829,1803
06.08.2019 01:00 - 06.08.2019 02:00,1703,1721
06.08.2019 02:00 - 06.08.2019 03:00,1671,1686
06.08.2019 03:00 - 06.08.2019 04:00,1698,1688
06.08.2019 04:00 - 06.08.2019 05:00,1737,1739
06.08.2019 05:00 - 06.08.2019 06:00,1846,1848
06.08.2019 06:00 - 06.08.2019 07:00,2112,2130
06.08.2019 07:00 - 06.08.2019 08:00,2451,2470
06.08.2019 08:00 - 06.08.2019 09:00,2652,2649
06.08.2019 09:00 - 06.08.2019 10:00,2707,2709
06.08.2019 10:00 - 06.08.2019 11:00,2800,2770
06.08.2019 11:00 - 06.08.2019 12:00,2781,2751
06.08.2019 12:00 - 06.08.2019 13:00,2725,2716
06.08.2019 13:00 - 06.08.2019 14:00,2739,2740
06.08.2019 14:00 - 06.08.2019 15:00,2673,2651
06.08.2019 15:00 - 06.08.2019 16:00,2566,2586
06.08.2019 16:00 - 06.08.2019 17:00,2539,2552
06.08.2019 17:00 - 06.08.2019 18:00,2625,2661
06.08.2019 18:00 - 06.08.2019 19:00,2623,2674
06.08.2019 19:00 - 06.08.2019 20:00,2534,2544
06.08.2019 20:00 - 06.08.2019 21:00,2408,2395
06.08.2019 21:00 - 06.08.2019 22:00,2353,2319
06.08.2019 22:00 - 06.08.2019 23:00,2256,2152
06.08.2019 23:00 - 07.08.2019 00:00,2085,1962
07.08.2019 00:00 - 07.08.2019 01:00,1835,1838
07.08.2019 01:00 - 07.08.2019 02:00,1724,1745
07.08.2019 02:00 - 07.08.2019 03:00,1702,1708
07.08.2019 03:00 - 07.08.2019 04:00,1719,1704
07.08.2019 04:00 - 07.08.2019 05:00,1757,1742
07.08.2019 05:00 - 07.08.2019 06:00,1852,1846
07.08.2019 06:00 - 07.08.2019 07:00,2115,2135
07.08.2019 07:00 - 07.08.2019 08:00,2463,2498
07.08.2019 08:00 - 07.08.2019 09:00,2709,2744
07.08.2019 09:00 - 07.08.2019 10:00,2784,2791
07.08.2019 10:00 - 07.08.2019 11:00,2847,2808
07.08.2019 11:00 - 07.08.2019 12:00,2788,2794
07.08.2019 12:00 - 07.08.2019 13:00,2726,2713
07.08.2019 13:00 - 07.08.2019 14:00,2739,2753
07.08.2019 14:00 - 07.08.2019 15:00,2689,2682
07.08.2019 15:00 - 07.08.2019 16:00,2583,2608
07.08.2019 16:00 - 07.08.2019 17:00,2561,2593
07.08.2019 17:00 - 07.08.2019 18:00,2692,2690
07.08.2019 18:00 - 07.08.2019 19:00,2615,2594
07.08.2019 19:00 - 07.08.2019 20:00,2461,2420
07.08.2019 20:00 - 07.08.2019 21:00,2318,2284
07.08.2019 21:00 - 07.08.2019 22:00,2273,2201
07.08.2019 22:00 - 07.08.2019 23:00,2208,2087
07.08.2019 23:00 - 08.08.2019 00:00,2073,1932
08.08.2019 00:00 - 08.08.2019 01:00,1779,1770
08.08.2019 01:00 - 08.08.2019 02:00,1674,1704
08.08.2019 02:00 - 08.08.2019 03:00,1664,1669
08.08.2019 03:00 - 08.08.2019 04:00,1669,1647
08.08.2019 04:00 - 08.08.2019 05:00,1684,1673
08.08.2019 05:00 - 08.08.2019 06:00,1781,1795
08.08.2019 06:00 - 08.08.2019 07:00,2056,2111
08.08.2019 07:00 - 08.08.2019 08:00,2434,2425
08.08.2019 08:00 - 08.08.2019 09:00,2598,2586
08.08.2019 09:00 - 08.08.2019 10:00,2685,2643
08.08.2019 10:00 - 08.08.2019 11:00,2745,2736
08.08.2019 11:00 - 08.08.2019 12:00,2765,2782
08.08.2019 12:00 - 08.08.2019 13:00,2750,2783
08.08.2019 13:00 - 08.08.2019 14:00,2811,2814
08.08.2019 14:00 - 08.08.2019 15:00,2736,2739
08.08.2019 15:00 - 08.08.2019 16:00,2595,2569
08.08.2019 16:00 - 08.08.2019 17:00,2505,2533
08.08.2019 17:00 - 08.08.2019 18:00,2645,2665
08.08.2019 18:00 - 08.08.2019 19:00,2606,2596
08.08.2019 19:00 - 08.08.2019 20:00,2464,2468
08.08.2019 20:00 - 08.08.2019 21:00,2337,2318
08.08.2019 21:00 - 08.08.2019 22:00,2301,2230
08.08.2019 22:00 - 08.08.2019 23:00,2205,2122
08.08.2019 23:00 - 09.08.2019 00:00,2044,1954
09.08.2019 00:00 - 09.08.2019 01:00,1807,1809
09.08.2019 01:00 - 09.08.2019 02:00,1706,1737
09.08.2019 02:00 - 09.08.2019 03:00,1701,1698
09.08.2019 03:00 - 09.08.2019 04:00,1694,1685
09.08.2019 04:00 - 09.08.2019 05:00,1737,1722
09.08.2019 05:00 - 09.08.2019 06:00,1831,1832
09.08.2019 06:00 - 09.08.2019 07:00,2089,2111
09.08.2019 07:00 - 09.08.2019 08:00,2420,2437
09.08.2019 08:00 - 09.08.2019 09:00,2615,2616
09.08.2019 09:00 - 09.08.2019 10:00,2675,2670
09.08.2019 10:00 - 09.08.2019 11:00,2750,2740
09.08.2019 11:00 - 09.08.2019 12:00,2728,2725
09.08.2019 12:00 - 09.08.2019 13:00,2616,2629
09.08.2019 13:00 - 09.08.2019 14:00,2572,2561
09.08.2019 14:00 - 09.08.2019 15:00,2439,2443
09.08.2019 15:00 - 09.08.2019 16:00,2339,2345
09.08.2019 16:00 - 09.08.2019 17:00,2320,2339
09.08.2019 17:00 - 09.08.2019 18:00,2432,2446
09.08.2019 18:00 - 09.08.2019 19:00,2370,2392
09.08.2019 19:00 - 09.08.2019 20:00,2225,2256
09.08.2019 20:00 - 09.08.2019 21:00,2127,2133
09.08.2019 21:00 - 09.08.2019 22:00,2080,2092
09.08.2019 22:00 - 09.08.2019 23:00,1970,1984
09.08.2019 23:00 - 10.08.2019 00:00,1818,1873
10.08.2019 00:00 - 10.08.2019 01:00,1723,1709
10.08.2019 01:00 - 10.08.2019 02:00,1611,1633
10.08.2019 02:00 - 10.08.2019 03:00,1577,1603
10.08.2019 03:00 - 10.08.2019 04:00,1571,1561
10.08.2019 04:00 - 10.08.2019 05:00,1571,1571
10.08.2019 05:00 - 10.08.2019 06:00,1593,1612
10.08.2019 06:00 - 10.08.2019 07:00,1676,1693
10.08.2019 07:00 - 10.08.2019 08:00,1856,1859
10.08.2019 08:00 - 10.08.2019 09:00,2034,2023
10.08.2019 09:00 - 10.08.2019 10:00,2137,2139
10.08.2019 10:00 - 10.08.2019 11:00,2209,2203
10.08.2019 11:00 - 10.08.2019 12:00,2204,2243
10.08.2019 12:00 - 10.08.2019 13:00,2255,2257
10.08.2019 13:00 - 10.08.2019 14:00,2188,2186
10.08.2019 14:00 - 10.08.2019 15:00,2179,2178
10.08.2019 15:00 - 10.08.2019 16:00,2164,2215
10.08.2019 16:00 - 10.08.2019 17:00,2181,2180
10.08.2019 17:00 - 10.08.2019 18:00,2277,2280
10.08.2019 18:00 - 10.08.2019 19:00,2225,2253
10.08.2019 19:00 - 10.08.2019 20:00,2099,2080
10.08.2019 20:00 - 10.08.2019 21:00,1979,1989
10.08.2019 21:00 - 10.08.2019 22:00,1931,1956
10.08.2019 22:00 - 10.08.2019 23:00,1855,1869
10.08.2019 23:00 - 11.08.2019 00:00,1734,1785
11.08.2019 00:00 - 11.08.2019 01:00,1673,1693
11.08.2019 01:00 - 11.08.2019 02:00,1586,1584
11.08.2019 02:00 - 11.08.2019 03:00,1539,1559
11.08.2019 03:00 - 11.08.2019 04:00,1538,1539
11.08.2019 04:00 - 11.08.2019 05:00,1543,1550
11.08.2019 05:00 - 11.08.2019 06:00,1568,1586
11.08.2019 06:00 - 11.08.2019 07:00,1604,1592
11.08.2019 07:00 - 11.08.2019 08:00,1740,1742
11.08.2019 08:00 - 11.08.2019 09:00,1929,1929
11.08.2019 09:00 - 11.08.2019 10:00,2072,2052
11.08.2019 10:00 - 11.08.2019 11:00,2095,2107
11.08.2019 11:00 - 11.08.2019 12:00,2176,2180
11.08.2019 12:00 - 11.08.2019 13:00,2168,2179
11.08.2019 13:00 - 11.08.2019 14:00,2172,2140
11.08.2019 14:00 - 11.08.2019 15:00,2125,2135
11.08.2019 15:00 - 11.08.2019 16:00,2100,2047
11.08.2019 16:00 - 11.08.2019 17:00,2083,2117
11.08.2019 17:00 - 11.08.2019 18:00,2283,2301
11.08.2019 18:00 - 11.08.2019 19:00,2303,2277
11.08.2019 19:00 - 11.08.2019 20:00,2154,2162
11.08.2019 20:00 - 11.08.2019 21:00,2065,2070
11.08.2019 21:00 - 11.08.2019 22:00,2038,2054
11.08.2019 22:00 - 11.08.2019 23:00,1953,1952
11.08.2019 23:00 - 12.08.2019 00:00,1849,1810
12.08.2019 00:00 - 12.08.2019 01:00,1728,1748
12.08.2019 01:00 - 12.08.2019 02:00,1686,1704
12.08.2019 02:00 - 12.08.2019 03:00,1691,1701
12.08.2019 03:00 - 12.08.2019 04:00,1709,1698
12.08.2019 04:00 - 12.08.2019 05:00,1743,1718
12.08.2019 05:00 - 12.08.2019 06:00,1856,1827
12.08.2019 06:00 - 12.08.2019 07:00,2151,2151
12.08.2019 07:00 - 12.08.2019 08:00,2521,2514
12.08.2019 08:00 - 12.08.2019 09:00,2672,2639
12.08.2019 09:00 - 12.08.2019 10:00,2684,2690
12.08.2019 10:00 - 12.08.2019 11:00,2776,2767
12.08.2019 11:00 - 12.08.2019 12:00,2794,2798
12.08.2019 12:00 - 12.08.2019 13:00,2716,2751
12.08.2019 13:00 - 12.08.2019 14:00,2791,2786
12.08.2019 14:00 - 12.08.2019 15:00,2713,2683
12.08.2019 15:00 - 12.08.2019 16:00,2578,2579
12.08.2019 16:00 - 12.08.2019 17:00,2536,2517
12.08.2019 17:00 - 12.08.2019 18:00,2651,2633
12.08.2019 18:00 - 12.08.2019 19:00,2554,2541
12.08.2019 19:00 - 12.08.2019 20:00,2418,2420
12.08.2019 20:00 - 12.08.2019 21:00,2309,2289
12.08.2019 21:00 - 12.08.2019 22:00,2268,2238
12.08.2019 22:00 - 12.08.2019 23:00,2160,2074
12.08.2019 23:00 - 13.08.2019 00:00,2013,1876
13.08.2019 00:00 - 13.08.2019 01:00,1780,1774
13.08.2019 01:00 - 13.08.2019 02:00,1670,1715
13.08.2019 02:00 - 13.08.2019 03:00,1657,1697
13.08.2019 03:00 - 13.08.2019 04:00,1691,1704
13.08.2019 04:00 - 13.08.2019 05:00,1760,1758
13.08.2019 05:00 - 13.08.2019 06:00,1901,1879
13.08.2019 06:00 - 13.08.2019 07:00,2184,2200
13.08.2019 07:00 - 13.08.2019 08:00,2565,2560
13.08.2019 08:00 - 13.08.2019 09:00,2727,2702
13.08.2019 09:00 - 13.08.2019 10:00,2747,2721
13.08.2019 10:00 - 13.08.2019 11:00,2825,2840
13.08.2019 11:00 - 13.08.2019 12:00,2842,2831
13.08.2019 12:00 - 13.08.2019 13:00,2746,2711
13.08.2019 13:00 - 13.08.2019 14:00,2741,2712
13.08.2019 14:00 - 13.08.2019 15:00,2670,2682
13.08.2019 15:00 - 13.08.2019 16:00,2558,2573
13.08.2019 16:00 - 13.08.2019 17:00,2524,2561
13.08.2019 17:00 - 13.08.2019 18:00,2671,2666
13.08.2019 18:00 - 13.08.2019 19:00,2573,2557
13.08.2019 19:00 - 13.08.2019 20:00,2404,2411
13.08.2019 20:00 - 13.08.2019 21:00,2295,2290
13.08.2019 21:00 - 13.08.2019 22:00,2243,2252
13.08.2019 22:00 - 13.08.2019 23:00,2102,2095
13.08.2019 23:00 - 14.08.2019 00:00,1944,1906
14.08.2019 00:00 - 14.08.2019 01:00,1794,1795
14.08.2019 01:00 - 14.08.2019 02:00,1719,1739
14.08.2019 02:00 - 14.08.2019 03:00,1697,1715
14.08.2019 03:00 - 14.08.2019 04:00,1734,1712
14.08.2019 04:00 - 14.08.2019 05:00,1775,1758
14.08.2019 05:00 - 14.08.2019 06:00,1879,1865
14.08.2019 06:00 - 14.08.2019 07:00,2165,2187
14.08.2019 07:00 - 14.08.2019 08:00,2540,2529
14.08.2019 08:00 - 14.08.2019 09:00,2674,2634
14.08.2019 09:00 - 14.08.2019 10:00,2676,2635
14.08.2019 10:00 - 14.08.2019 11:00,2751,2760
14.08.2019 11:00 - 14.08.2019 12:00,2800,2749
14.08.2019 12:00 - 14.08.2019 13:00,2707,2679
14.08.2019 13:00 - 14.08.2019 14:00,2745,2730
14.08.2019 14:00 - 14.08.2019 15:00,2707,2694
14.08.2019 15:00 - 14.08.2019 16:00,2579,2592
14.08.2019 16:00 - 14.08.2019 17:00,2534,2542
14.08.2019 17:00 - 14.08.2019 18:00,2643,2631
14.08.2019 18:00 - 14.08.2019 19:00,2533,2542
14.08.2019 19:00 - 14.08.2019 20:00,2406,2407
14.08.2019 20:00 - 14.08.2019 21:00,2289,2283
14.08.2019 21:00 - 14.08.2019 22:00,2232,2248
14.08.2019 22:00 - 14.08.2019 23:00,2082,2103
14.08.2019 23:00 - 15.08.2019 00:00,1907,1932
15.08.2019 00:00 - 15.08.2019 01:00,1787,1796
15.08.2019 01:00 - 15.08.2019 02:00,1724,1769
15.08.2019 02:00 - 15.08.2019 03:00,1729,1737
15.08.2019 03:00 - 15.08.2019 04:00,1739,1751
15.08.2019 04:00 - 15.08.2019 05:00,1787,1790
15.08.2019 05:00 - 15.08.2019 06:00,1917,1914
15.08.2019 06:00 - 15.08.2019 07:00,2228,2225
15.08.2019 07:00 - 15.08.2019 08:00,2600,2600
15.08.2019 08:00 - 15.08.2019 09:00,2766,2753
15.08.2019 09:00 - 15.08.2019 10:00,2797,2789
15.08.2019 10:00 - 15.08.2019 11:00,2830,2793
15.08.2019 11:00 - 15.08.2019 12:00,2792,2775
15.08.2019 12:00 - 15.08.2019 13:00,2732,2707
15.08.2019 13:00 - 15.08.2019 14:00,2756,2743
15.08.2019 14:00 - 15.08.2019 15:00,2723,2720
15.08.2019 15:00 - 15.08.2019 16:00,2622,2645
15.08.2019 16:00 - 15.08.2019 17:00,2609,2625
15.08.2019 17:00 - 15.08.2019 18:00,2716,2722
15.08.2019 18:00 - 15.08.2019 19:00,2644,2681
15.08.2019 19:00 - 15.08.2019 20:00,2550,2552
15.08.2019 20:00 - 15.08.2019 21:00,2442,2442
15.08.2019 21:00 - 15.08.2019 22:00,2408,2256
15.08.2019 22:00 - 15.08.2019 23:00,2262,2127
15.08.2019 23:00 - 16.08.2019 00:00,2078,1921
16.08.2019 00:00 - 16.08.2019 01:00,1793,1816
16.08.2019 01:00 - 16.08.2019 02:00,1722,1771
16.08.2019 02:00 - 16.08.2019 03:00,1720,1741
16.08.2019 03:00 - 16.08.2019 04:00,1744,1743
16.08.2019 04:00 - 16.08.2019 05:00,1794,1790
16.08.2019 05:00 - 16.08.2019 06:00,1913,1910
16.08.2019 06:00 - 16.08.2019 07:00,2180,2180
16.08.2019 07:00 - 16.08.2019 08:00,2505,2481
16.08.2019 08:00 - 16.08.2019 09:00,2658,2626
16.08.2019 09:00 - 16.08.2019 10:00,2673,2641
16.08.2019 10:00 - 16.08.2019 11:00,2739,2704
16.08.2019 11:00 - 16.08.2019 12:00,2741,2722
16.08.2019 12:00 - 16.08.2019 13:00,2622,2637
16.08.2019 13:00 - 16.08.2019 14:00,2585,2570
16.08.2019 14:00 - 16.08.2019 15:00,2448,2449
16.08.2019 15:00 - 16.08.2019 16:00,2433,2354
16.08.2019 16:00 - 16.08.2019 17:00,2348,2334
16.08.2019 17:00 - 16.08.2019 18:00,2423,2421
16.08.2019 18:00 - 16.08.2019 19:00,2358,2372
16.08.2019 19:00 - 16.08.2019 20:00,2217,2227
16.08.2019 20:00 - 16.08.2019 21:00,2115,2105
16.08.2019 21:00 - 16.08.2019 22:00,2090,2092
16.08.2019 22:00 - 16.08.2019 23:00,1965,1971
16.08.2019 23:00 - 17.08.2019 00:00,1814,1807
17.08.2019 00:00 - 17.08.2019 01:00,1667,1691
17.08.2019 01:00 - 17.08.2019 02:00,1581,1630
17.08.2019 02:00 - 17.08.2019 03:00,1540,1624
17.08.2019 03:00 - 17.08.2019 04:00,1589,1640
17.08.2019 04:00 - 17.08.2019 05:00,1619,1645
17.08.2019 05:00 - 17.08.2019 06:00,1656,1716
17.08.2019 06:00 - 17.08.2019 07:00,1753,1799
17.08.2019 07:00 - 17.08.2019 08:00,1949,1964
17.08.2019 08:00 - 17.08.2019 09:00,2136,2136
17.08.2019 09:00 - 17.08.2019 10:00,2228,2188
17.08.2019 10:00 - 17.08.2019 11:00,2243,2225
17.08.2019 11:00 - 17.08.2019 12:00,2288,2310
17.08.2019 12:00 - 17.08.2019 13:00,2270,2256
17.08.2019 13:00 - 17.08.2019 14:00,2251,2269
17.08.2019 14:00 - 17.08.2019 15:00,2239,2237
17.08.2019 15:00 - 17.08.2019 16:00,2240,2292
17.08.2019 16:00 - 17.08.2019 17:00,2301,2302
17.08.2019 17:00 - 17.08.2019 18:00,2319,2305
17.08.2019 18:00 - 17.08.2019 19:00,2284,2272
17.08.2019 19:00 - 17.08.2019 20:00,2103,2089
17.08.2019 20:00 - 17.08.2019 21:00,1997,1958
17.08.2019 21:00 - 17.08.2019 22:00,1957,1904
17.08.2019 22:00 - 17.08.2019 23:00,1848,1836
17.08.2019 23:00 - 18.08.2019 00:00,1736,1698
18.08.2019 00:00 - 18.08.2019 01:00,1590,1579
18.08.2019 01:00 - 18.08.2019 02:00,1531,1550
18.08.2019 02:00 - 18.08.2019 03:00,1512,1520
18.08.2019 03:00 - 18.08.2019 04:00,1502,1503
18.08.2019 04:00 - 18.08.2019 05:00,1519,1513
18.08.2019 05:00 - 18.08.2019 06:00,1537,1538
18.08.2019 06:00 - 18.08.2019 07:00,1585,1577
18.08.2019 07:00 - 18.08.2019 08:00,1708,1696
18.08.2019 08:00 - 18.08.2019 09:00,1887,1898
18.08.2019 09:00 - 18.08.2019 10:00,2034,2057
18.08.2019 10:00 - 18.08.2019 11:00,2149,2133
18.08.2019 11:00 - 18.08.2019 12:00,2181,2184
18.08.2019 12:00 - 18.08.2019 13:00,2157,2171
18.08.2019 13:00 - 18.08.2019 14:00,2158,2135
18.08.2019 14:00 - 18.08.2019 15:00,2136,2104
18.08.2019 15:00 - 18.08.2019 16:00,2078,2147
18.08.2019 16:00 - 18.08.2019 17:00,2159,2209
18.08.2019 17:00 - 18.08.2019 18:00,2387,2379
18.08.2019 18:00 - 18.08.2019 19:00,2367,2369
18.08.2019 19:00 - 18.08.2019 20:00,2228,2228
18.08.2019 20:00 - 18.08.2019 21:00,2108,2080
18.08.2019 21:00 - 18.08.2019 22:00,2076,2038
18.08.2019 22:00 - 18.08.2019 23:00,1986,1923
18.08.2019 23:00 - 19.08.2019 00:00,1884,1766
19.08.2019 00:00 - 19.08.2019 01:00,1684,1695
19.08.2019 01:00 - 19.08.2019 02:00,1654,1675
19.08.2019 02:00 - 19.08.2019 03:00,1651,1653
19.08.2019 03:00 - 19.08.2019 04:00,1654,1640
19.08.2019 04:00 - 19.08.2019 05:00,1696,1714
19.08.2019 05:00 - 19.08.2019 06:00,1855,1843
19.08.2019 06:00 - 19.08.2019 07:00,2150,2161
19.08.2019 07:00 - 19.08.2019 08:00,2527,2507
19.08.2019 08:00 - 19.08.2019 09:00,2678,2648
19.08.2019 09:00 - 19.08.2019 10:00,2713,2693
19.08.2019 10:00 - 19.08.2019 11:00,2822,2869
19.08.2019 11:00 - 19.08.2019 12:00,2877,2858
19.08.2019 12:00 - 19.08.2019 13:00,2807,2857
19.08.2019 13:00 - 19.08.2019 14:00,2900,2905
19.08.2019 14:00 - 19.08.2019 15:00,2856,2862
19.08.2019 15:00 - 19.08.2019 16:00,2742,2755
19.08.2019 16:00 - 19.08.2019 17:00,2669,2659
19.08.2019 17:00 - 19.08.2019 18:00,2771,2776
19.08.2019 18:00 - 19.08.2019 19:00,2660,2624
19.08.2019 19:00 - 19.08.2019 20:00,2480,2478
19.08.2019 20:00 - 19.08.2019 21:00,2372,2349
19.08.2019 21:00 - 19.08.2019 22:00,2296,2290
19.08.2019 22:00 - 19.08.2019 23:00,2154,2124
19.08.2019 23:00 - 20.08.2019 00:00,1997,1913
20.08.2019 00:00 - 20.08.2019 01:00,1792,1785
20.08.2019 01:00 - 20.08.2019 02:00,1713,1738
20.08.2019 02:00 - 20.08.2019 03:00,1708,1704
20.08.2019 03:00 - 20.08.2019 04:00,1724,1705
20.08.2019 04:00 - 20.08.2019 05:00,1777,1744
20.08.2019 05:00 - 20.08.2019 06:00,1907,1887
20.08.2019 06:00 - 20.08.2019 07:00,2195,2189
20.08.2019 07:00 - 20.08.2019 08:00,2534,2495
20.08.2019 08:00 - 20.08.2019 09:00,2674,2633
20.08.2019 09:00 - 20.08.2019 10:00,2686,2686
20.08.2019 10:00 - 20.08.2019 11:00,2765,2769
20.08.2019 11:00 - 20.08.2019 12:00,2795,2756
20.08.2019 12:00 - 20.08.2019 13:00,2711,2759
20.08.2019 13:00 - 20.08.2019 14:00,2784,2758
20.08.2019 14:00 - 20.08.2019 15:00,2703,2698
20.08.2019 15:00 - 20.08.2019 16:00,2583,2594
20.08.2019 16:00 - 20.08.2019 17:00,2557,2562
20.08.2019 17:00 - 20.08.2019 18:00,2658,2678
20.08.2019 18:00 - 20.08.2019 19:00,2571,2577
20.08.2019 19:00 - 20.08.2019 20:00,2437,2447
20.08.2019 20:00 - 20.08.2019 21:00,2343,2332
20.08.2019 21:00 - 20.08.2019 22:00,2308,2307
20.08.2019 22:00 - 20.08.2019 23:00,2145,2120
20.08.2019 23:00 - 21.08.2019 00:00,1973,1921
21.08.2019 00:00 - 21.08.2019 01:00,1787,1808
21.08.2019 01:00 - 21.08.2019 02:00,1720,1748
21.08.2019 02:00 - 21.08.2019 03:00,1710,1717
21.08.2019 03:00 - 21.08.2019 04:00,1719,1723
21.08.2019 04:00 - 21.08.2019 05:00,1780,1782
21.08.2019 05:00 - 21.08.2019 06:00,1924,1908
21.08.2019 06:00 - 21.08.2019 07:00,2212,2187
21.08.2019 07:00 - 21.08.2019 08:00,2533,2522
21.08.2019 08:00 - 21.08.2019 09:00,2699,2674
21.08.2019 09:00 - 21.08.2019 10:00,2703,2708
21.08.2019 10:00 - 21.08.2019 11:00,2777,2774
21.08.2019 11:00 - 21.08.2019 12:00,2806,2792
21.08.2019 12:00 - 21.08.2019 13:00,2747,2740
21.08.2019 13:00 - 21.08.2019 14:00,2763,2736
21.08.2019 14:00 - 21.08.2019 15:00,2699,2683
21.08.2019 15:00 - 21.08.2019 16:00,2577,2570
21.08.2019 16:00 - 21.08.2019 17:00,2539,2540
21.08.2019 17:00 - 21.08.2019 18:00,2649,2654
21.08.2019 18:00 - 21.08.2019 19:00,2565,2574
21.08.2019 19:00 - 21.08.2019 20:00,2426,2428
21.08.2019 20:00 - 21.08.2019 21:00,2321,2304
21.08.2019 21:00 - 21.08.2019 22:00,2247,2313
21.08.2019 22:00 - 21.08.2019 23:00,2074,2158
21.08.2019 23:00 - 22.08.2019 00:00,1893,1951
22.08.2019 00:00 - 22.08.2019 01:00,1814,1832
22.08.2019 01:00 - 22.08.2019 02:00,1747,1784
22.08.2019 02:00 - 22.08.2019 03:00,1760,1773
22.08.2019 03:00 - 22.08.2019 04:00,1765,1770
22.08.2019 04:00 - 22.08.2019 05:00,1808,1808
22.08.2019 05:00 - 22.08.2019 06:00,1953,1955
22.08.2019 06:00 - 22.08.2019 07:00,2248,2235
22.08.2019 07:00 - 22.08.2019 08:00,2588,2596
22.08.2019 08:00 - 22.08.2019 09:00,2726,2705
22.08.2019 09:00 - 22.08.2019 10:00,2796,2928
22.08.2019 10:00 - 22.08.2019 11:00,3110,3130
22.08.2019 11:00 - 22.08.2019 12:00,3091,3047
22.08.2019 12:00 - 22.08.2019 13:00,2910,2901
22.08.2019 13:00 - 22.08.2019 14:00,2856,2864
22.08.2019 14:00 - 22.08.2019 15:00,2832,2827
22.08.2019 15:00 - 22.08.2019 16:00,2706,2674
22.08.2019 16:00 - 22.08.2019 17:00,2651,2630
22.08.2019 17:00 - 22.08.2019 18:00,2681,2648
22.08.2019 18:00 - 22.08.2019 19:00,2575,2591
22.08.2019 19:00 - 22.08.2019 20:00,2473,2482
22.08.2019 20:00 - 22.08.2019 21:00,2395,2372
22.08.2019 21:00 - 22.08.2019 22:00,2389,2314
22.08.2019 22:00 - 22.08.2019 23:00,2240,2141
22.08.2019 23:00 - 23.08.2019 00:00,2091,1954
23.08.2019 00:00 - 23.08.2019 01:00,1836,1834
23.08.2019 01:00 - 23.08.2019 02:00,1743,1795
23.08.2019 02:00 - 23.08.2019 03:00,1719,1794
23.08.2019 03:00 - 23.08.2019 04:00,1781,1805
23.08.2019 04:00 - 23.08.2019 05:00,1851,1864
23.08.2019 05:00 - 23.08.2019 06:00,2004,1997
23.08.2019 06:00 - 23.08.2019 07:00,2261,2277
23.08.2019 07:00 - 23.08.2019 08:00,2575,2579
23.08.2019 08:00 - 23.08.2019 09:00,2732,2731
23.08.2019 09:00 - 23.08.2019 10:00,2751,2746
23.08.2019 10:00 - 23.08.2019 11:00,2824,2805
23.08.2019 11:00 - 23.08.2019 12:00,2795,2782
23.08.2019 12:00 - 23.08.2019 13:00,2689,2683
23.08.2019 13:00 - 23.08.2019 14:00,2610,2600
23.08.2019 14:00 - 23.08.2019 15:00,2484,2496
23.08.2019 15:00 - 23.08.2019 16:00,2397,2426
23.08.2019 16:00 - 23.08.2019 17:00,2386,2396
23.08.2019 17:00 - 23.08.2019 18:00,2456,2468
23.08.2019 18:00 - 23.08.2019 19:00,2390,2395
23.08.2019 19:00 - 23.08.2019 20:00,2227,2245
23.08.2019 20:00 - 23.08.2019 21:00,2155,2131
23.08.2019 21:00 - 23.08.2019 22:00,2133,2115
23.08.2019 22:00 - 23.08.2019 23:00,1984,1966
23.08.2019 23:00 - 24.08.2019 00:00,1827,1821
24.08.2019 00:00 - 24.08.2019 01:00,1689,1688
24.08.2019 01:00 - 24.08.2019 02:00,1596,1619
24.08.2019 02:00 - 24.08.2019 03:00,1560,1589
24.08.2019 03:00 - 24.08.2019 04:00,1553,1566
24.08.2019 04:00 - 24.08.2019 05:00,1565,1576
24.08.2019 05:00 - 24.08.2019 06:00,1614,1619
24.08.2019 06:00 - 24.08.2019 07:00,1679,1684
24.08.2019 07:00 - 24.08.2019 08:00,1857,1843
24.08.2019 08:00 - 24.08.2019 09:00,2053,2034
24.08.2019 09:00 - 24.08.2019 10:00,2156,2150
24.08.2019 10:00 - 24.08.2019 11:00,2217,2209
24.08.2019 11:00 - 24.08.2019 12:00,2203,2205
24.08.2019 12:00 - 24.08.2019 13:00,2160,2170
24.08.2019 13:00 - 24.08.2019 14:00,2130,2143
24.08.2019 14:00 - 24.08.2019 15:00,2098,2100
24.08.2019 15:00 - 24.08.2019 16:00,2071,2072
24.08.2019 16:00 - 24.08.2019 17:00,2094,2094
24.08.2019 17:00 - 24.08.2019 18:00,2205,2195
24.08.2019 18:00 - 24.08.2019 19:00,2165,2163
24.08.2019 19:00 - 24.08.2019 20:00,2037,2065
24.08.2019 20:00 - 24.08.2019 21:00,1991,2008
24.08.2019 21:00 - 24.08.2019 22:00,1964,2009
24.08.2019 22:00 - 24.08.2019 23:00,1837,1873
24.08.2019 23:00 - 25.08.2019 00:00,1704,1743
25.08.2019 00:00 - 25.08.2019 01:00,1634,1656
25.08.2019 01:00 - 25.08.2019 02:00,1568,1586
25.08.2019 02:00 - 25.08.2019 03:00,1548,1539
25.08.2019 03:00 - 25.08.2019 04:00,1526,1516
25.08.2019 04:00 - 25.08.2019 05:00,1529,1523
25.08.2019 05:00 - 25.08.2019 06:00,1553,1543
25.08.2019 06:00 - 25.08.2019 07:00,1573,1576
25.08.2019 07:00 - 25.08.2019 08:00,1722,1716
25.08.2019 08:00 - 25.08.2019 09:00,1917,1905
25.08.2019 09:00 - 25.08.2019 10:00,2052,2043
25.08.2019 10:00 - 25.08.2019 11:00,2119,2108
25.08.2019 11:00 - 25.08.2019 12:00,2150,2136
25.08.2019 12:00 - 25.08.2019 13:00,2133,2115
25.08.2019 13:00 - 25.08.2019 14:00,2100,2093
25.08.2019 14:00 - 25.08.2019 15:00,2081,2076
25.08.2019 15:00 - 25.08.2019 16:00,2061,2061
25.08.2019 16:00 - 25.08.2019 17:00,2106,2120
25.08.2019 17:00 - 25.08.2019 18:00,2285,2286
25.08.2019 18:00 - 25.08.2019 19:00,2257,2265
25.08.2019 19:00 - 25.08.2019 20:00,2138,2183
25.08.2019 20:00 - 25.08.2019 21:00,2104,2130
25.08.2019 21:00 - 25.08.2019 22:00,2068,2105
25.08.2019 22:00 - 25.08.2019 23:00,1929,1979
25.08.2019 23:00 - 26.08.2019 00:00,1824,1818
26.08.2019 00:00 - 26.08.2019 01:00,1760,1725
26.08.2019 01:00 - 26.08.2019 02:00,1680,1688
26.08.2019 02:00 - 26.08.2019 03:00,1655,1662
26.08.2019 03:00 - 26.08.2019 04:00,1681,1671
26.08.2019 04:00 - 26.08.2019 05:00,1715,1722
26.08.2019 05:00 - 26.08.2019 06:00,1866,1874
26.08.2019 06:00 - 26.08.2019 07:00,2195,2197
26.08.2019 07:00 - 26.08.2019 08:00,2526,2514
26.08.2019 08:00 - 26.08.2019 09:00,2692,2678
26.08.2019 09:00 - 26.08.2019 10:00,2726,2720
26.08.2019 10:00 - 26.08.2019 11:00,2799,2806
26.08.2019 11:00 - 26.08.2019 12:00,2823,2846
26.08.2019 12:00 - 26.08.2019 13:00,2776,2784
26.08.2019 13:00 - 26.08.2019 14:00,2808,2809
26.08.2019 14:00 - 26.08.2019 15:00,2755,2771
26.08.2019 15:00 - 26.08.2019 16:00,2661,2685
26.08.2019 16:00 - 26.08.2019 17:00,2636,2656
26.08.2019 17:00 - 26.08.2019 18:00,2745,2722
26.08.2019 18:00 - 26.08.2019 19:00,2617,2643
26.08.2019 19:00 - 26.08.2019 20:00,2494,2502
26.08.2019 20:00 - 26.08.2019 21:00,2406,2400
26.08.2019 21:00 - 26.08.2019 22:00,2339,2350
26.08.2019 22:00 - 26.08.2019 23:00,2159,2169
26.08.2019 23:00 - 27.08.2019 00:00,1998,1984
27.08.2019 00:00 - 27.08.2019 01:00,1869,1877
27.08.2019 01:00 - 27.08.2019 02:00,1797,1809
27.08.2019 02:00 - 27.08.2019 03:00,1777,1783
27.08.2019 03:00 - 27.08.2019 04:00,1786,1775
27.08.2019 04:00 - 27.08.2019 05:00,1830,1818
27.08.2019 05:00 - 27.08.2019 06:00,1975,1951
27.08.2019 06:00 - 27.08.2019 07:00,2239,2247
27.08.2019 07:00 - 27.08.2019 08:00,2579,2569
27.08.2019 08:00 - 27.08.2019 09:00,2732,2737
27.08.2019 09:00 - 27.08.2019 10:00,2790,2775
27.08.2019 10:00 - 27.08.2019 11:00,2857,2851
27.08.2019 11:00 - 27.08.2019 12:00,2860,2874
27.08.2019 12:00 - 27.08.2019 13:00,2827,2816
27.08.2019 13:00 - 27.08.2019 14:00,2835,2833
27.08.2019 14:00 - 27.08.2019 15:00,2779,2755
27.08.2019 15:00 - 27.08.2019 16:00,2664,2664
27.08.2019 16:00 - 27.08.2019 17:00,2621,2651
27.08.2019 17:00 - 27.08.2019 18:00,2715,2742
27.08.2019 18:00 - 27.08.2019 19:00,2641,2640
27.08.2019 19:00 - 27.08.2019 20:00,2516,2522
27.08.2019 20:00 - 27.08.2019 21:00,2479,2434
27.08.2019 21:00 - 27.08.2019 22:00,2424,2361
27.08.2019 22:00 - 27.08.2019 23:00,2258,2207
27.08.2019 23:00 - 28.08.2019 00:00,2085,2050
28.08.2019 00:00 - 28.08.2019 01:00,1886,1899
28.08.2019 01:00 - 28.08.2019 02:00,1802,1841
28.08.2019 02:00 - 28.08.2019 03:00,1799,1794
28.08.2019 03:00 - 28.08.2019 04:00,1799,1805
28.08.2019 04:00 - 28.08.2019 05:00,1849,1849
28.08.2019 05:00 - 28.08.2019 06:00,2013,2002
28.08.2019 06:00 - 28.08.2019 07:00,2299,2292
28.08.2019 07:00 - 28.08.2019 08:00,2597,2610
28.08.2019 08:00 - 28.08.2019 09:00,2755,2746
28.08.2019 09:00 - 28.08.2019 10:00,2788,2783
28.08.2019 10:00 - 28.08.2019 11:00,2870,2861
28.08.2019 11:00 - 28.08.2019 12:00,2873,2873
28.08.2019 12:00 - 28.08.2019 13:00,2831,2832
28.08.2019 13:00 - 28.08.2019 14:00,2865,2867
28.08.2019 14:00 - 28.08.2019 15:00,2806,2810
28.08.2019 15:00 - 28.08.2019 16:00,2698,2720
28.08.2019 16:00 - 28.08.2019 17:00,2674,2680
28.08.2019 17:00 - 28.08.2019 18:00,2760,2754
28.08.2019 18:00 - 28.08.2019 19:00,2663,2691
28.08.2019 19:00 - 28.08.2019 20:00,2561,2550
28.08.2019 20:00 - 28.08.2019 21:00,2505,2482
28.08.2019 21:00 - 28.08.2019 22:00,2431,2428
28.08.2019 22:00 - 28.08.2019 23:00,2267,2233
28.08.2019 23:00 - 29.08.2019 00:00,2104,2051
29.08.2019 00:00 - 29.08.2019 01:00,1921,1914
29.08.2019 01:00 - 29.08.2019 02:00,1817,1831
29.08.2019 02:00 - 29.08.2019 03:00,1785,1801
29.08.2019 03:00 - 29.08.2019 04:00,1809,1807
29.08.2019 04:00 - 29.08.2019 05:00,1866,1861
29.08.2019 05:00 - 29.08.2019 06:00,2010,2000
29.08.2019 06:00 - 29.08.2019 07:00,2310,2330
29.08.2019 07:00 - 29.08.2019 08:00,2640,2652
29.08.2019 08:00 - 29.08.2019 09:00,2782,2770
29.08.2019 09:00 - 29.08.2019 10:00,2809,2808
29.08.2019 10:00 - 29.08.2019 11:00,2896,2894
29.08.2019 11:00 - 29.08.2019 12:00,2893,2884
29.08.2019 12:00 - 29.08.2019 13:00,2820,2805
29.08.2019 13:00 - 29.08.2019 14:00,2846,2821
29.08.2019 14:00 - 29.08.2019 15:00,2767,2748
29.08.2019 15:00 - 29.08.2019 16:00,2640,2627
29.08.2019 16:00 - 29.08.2019 17:00,2579,2598
29.08.2019 17:00 - 29.08.2019 18:00,2681,2675
29.08.2019 18:00 - 29.08.2019 19:00,2574,2556
29.08.2019 19:00 - 29.08.2019 20:00,2438,2417
29.08.2019 20:00 - 29.08.2019 21:00,2391,2342
29.08.2019 21:00 - 29.08.2019 22:00,2305,2298
29.08.2019 22:00 - 29.08.2019 23:00,2167,2122
29.08.2019 23:00 - 30.08.2019 00:00,2031,1950
30.08.2019 00:00 - 30.08.2019 01:00,1820,1845
30.08.2019 01:00 - 30.08.2019 02:00,1747,1785
30.08.2019 02:00 - 30.08.2019 03:00,1751,1761
30.08.2019 03:00 - 30.08.2019 04:00,1755,1753
30.08.2019 04:00 - 30.08.2019 05:00,1794,1786
30.08.2019 05:00 - 30.08.2019 06:00,1940,1911
30.08.2019 06:00 - 30.08.2019 07:00,2219,2206
30.08.2019 07:00 - 30.08.2019 08:00,2526,2516
30.08.2019 08:00 - 30.08.2019 09:00,2683,2678
30.08.2019 09:00 - 30.08.2019 10:00,2725,2711
30.08.2019 10:00 - 30.08.2019 11:00,2782,2770
30.08.2019 11:00 - 30.08.2019 12:00,2757,2773
30.08.2019 12:00 - 30.08.2019 13:00,2687,2716
30.08.2019 13:00 - 30.08.2019 14:00,2679,2687
30.08.2019 14:00 - 30.08.2019 15:00,2553,2564
30.08.2019 15:00 - 30.08.2019 16:00,2455,2469
30.08.2019 16:00 - 30.08.2019 17:00,2447,2446
30.08.2019 17:00 - 30.08.2019 18:00,2500,2502
30.08.2019 18:00 - 30.08.2019 19:00,2425,2439
30.08.2019 19:00 - 30.08.2019 20:00,2280,2273
30.08.2019 20:00 - 30.08.2019 21:00,2213,2173
30.08.2019 21:00 - 30.08.2019 22:00,2139,2100
30.08.2019 22:00 - 30.08.2019 23:00,1974,1953
30.08.2019 23:00 - 31.08.2019 00:00,1825,1804
31.08.2019 00:00 - 31.08.2019 01:00,1674,1673
31.08.2019 01:00 - 31.08.2019 02:00,1598,1626
31.08.2019 02:00 - 31.08.2019 03:00,1574,1586
31.08.2019 03:00 - 31.08.2019 04:00,1561,1568
31.08.2019 04:00 - 31.08.2019 05:00,1572,1575
31.08.2019 05:00 - 31.08.2019 06:00,1613,1613
31.08.2019 06:00 - 31.08.2019 07:00,1692,1695
31.08.2019 07:00 - 31.08.2019 08:00,1853,1850
31.08.2019 08:00 - 31.08.2019 09:00,2051,2040
31.08.2019 09:00 - 31.08.2019 10:00,2170,2151
31.08.2019 10:00 - 31.08.2019 11:00,2203,2201
31.08.2019 11:00 - 31.08.2019 12:00,2203,2214
31.08.2019 12:00 - 31.08.2019 13:00,2166,2168
31.08.2019 13:00 - 31.08.2019 14:00,2119,2124
31.08.2019 14:00 - 31.08.2019 15:00,2086,2108
31.08.2019 15:00 - 31.08.2019 16:00,2081,2101
31.08.2019 16:00 - 31.08.2019 17:00,2126,2130
31.08.2019 17:00 - 31.08.2019 18:00,2246,2244
31.08.2019 18:00 - 31.08.2019 19:00,2229,2241
31.08.2019 19:00 - 31.08.2019 20:00,2102,2133
31.08.2019 20:00 - 31.08.2019 21:00,2069,2054
31.08.2019 21:00 - 31.08.2019 22:00,1996,2031
31.08.2019 22:00 - 31.08.2019 23:00,1843,1925
31.08.2019 23:00 - 01.09.2019 00:00,1701,1784
01.09.2019 00:00 - 01.09.2019 01:00,1660,1690
01.09.2019 01:00 - 01.09.2019 02:00,1631,1689
01.09.2019 02:00 - 01.09.2019 03:00,1650,1660
01.09.2019 03:00 - 01.09.2019 04:00,1597,1598
01.09.2019 04:00 - 01.09.2019 05:00,1605,1604
01.09.2019 05:00 - 01.09.2019 06:00,1597,1569
01.09.2019 06:00 - 01.09.2019 07:00,1596,1591
01.09.2019 07:00 - 01.09.2019 08:00,1729,1716
01.09.2019 08:00 - 01.09.2019 09:00,1917,1879
01.09.2019 09:00 - 01.09.2019 10:00,2022,2027
01.09.2019 10:00 - 01.09.2019 11:00,2105,2088
01.09.2019 11:00 - 01.09.2019 12:00,2108,2126
01.09.2019 12:00 - 01.09.2019 13:00,2106,2106
01.09.2019 13:00 - 01.09.2019 14:00,2101,2106
01.09.2019 14:00 - 01.09.2019 15:00,2075,2055
01.09.2019 15:00 - 01.09.2019 16:00,2031,2031
01.09.2019 16:00 - 01.09.2019 17:00,2058,2082
01.09.2019 17:00 - 01.09.2019 18:00,2263,2289
01.09.2019 18:00 - 01.09.2019 19:00,2257,2275
01.09.2019 19:00 - 01.09.2019 20:00,2119,2129
01.09.2019 20:00 - 01.09.2019 21:00,2075,2055
01.09.2019 21:00 - 01.09.2019 22:00,2007,1993
01.09.2019 22:00 - 01.09.2019 23:00,1902,1911
01.09.2019 23:00 - 02.09.2019 00:00,1814,1764
02.09.2019 00:00 - 02.09.2019 01:00,1662,1643
02.09.2019 01:00 - 02.09.2019 02:00,1597,1582
02.09.2019 02:00 - 02.09.2019 03:00,1593,1580
02.09.2019 03:00 - 02.09.2019 04:00,1606,1587
02.09.2019 04:00 - 02.09.2019 05:00,1679,1705
02.09.2019 05:00 - 02.09.2019 06:00,1838,1820
02.09.2019 06:00 - 02.09.2019 07:00,2156,2150
02.09.2019 07:00 - 02.09.2019 08:00,2489,2463
02.09.2019 08:00 - 02.09.2019 09:00,2642,2527
02.09.2019 09:00 - 02.09.2019 10:00,2657,2173
02.09.2019 10:00 - 02.09.2019 11:00,2763,2653
02.09.2019 11:00 - 02.09.2019 12:00,2763,2750
02.09.2019 12:00 - 02.09.2019 13:00,2708,2692
02.09.2019 13:00 - 02.09.2019 14:00,2743,2763
02.09.2019 14:00 - 02.09.2019 15:00,2701,2718
02.09.2019 15:00 - 02.09.2019 16:00,2617,2637
02.09.2019 16:00 - 02.09.2019 17:00,2581,2598
02.09.2019 17:00 - 02.09.2019 18:00,2712,2695
02.09.2019 18:00 - 02.09.2019 19:00,2609,2619
02.09.2019 19:00 - 02.09.2019 20:00,2482,2459
02.09.2019 20:00 - 02.09.2019 21:00,2421,2368
02.09.2019 21:00 - 02.09.2019 22:00,2313,2269
02.09.2019 22:00 - 02.09.2019 23:00,2132,2111
02.09.2019 23:00 - 03.09.2019 00:00,1977,1900
03.09.2019 00:00 - 03.09.2019 01:00,1771,1779
03.09.2019 01:00 - 03.09.2019 02:00,1717,1735
03.09.2019 02:00 - 03.09.2019 03:00,1708,1710
03.09.2019 03:00 - 03.09.2019 04:00,1719,1722
03.09.2019 04:00 - 03.09.2019 05:00,1761,1748
03.09.2019 05:00 - 03.09.2019 06:00,1904,1878
03.09.2019 06:00 - 03.09.2019 07:00,2221,2213
03.09.2019 07:00 - 03.09.2019 08:00,2562,2546
03.09.2019 08:00 - 03.09.2019 09:00,2696,2690
03.09.2019 09:00 - 03.09.2019 10:00,2732,2712
03.09.2019 10:00 - 03.09.2019 11:00,2801,2794
03.09.2019 11:00 - 03.09.2019 12:00,2800,2808
03.09.2019 12:00 - 03.09.2019 13:00,2745,2757
03.09.2019 13:00 - 03.09.2019 14:00,2782,2777
03.09.2019 14:00 - 03.09.2019 15:00,2697,2701
03.09.2019 15:00 - 03.09.2019 16:00,2596,2615
03.09.2019 16:00 - 03.09.2019 17:00,2571,2570
03.09.2019 17:00 - 03.09.2019 18:00,2641,2619
03.09.2019 18:00 - 03.09.2019 19:00,2418,1908
03.09.2019 19:00 - 03.09.2019 20:00,2305,1651
03.09.2019 20:00 - 03.09.2019 21:00,2282,2000
03.09.2019 21:00 - 03.09.2019 22:00,2222,2338
03.09.2019 22:00 - 03.09.2019 23:00,2075,2174
03.09.2019 23:00 - 04.09.2019 00:00,1923,1965
04.09.2019 00:00 - 04.09.2019 01:00,1808,1790
04.09.2019 01:00 - 04.09.2019 02:00,1694,1711
04.09.2019 02:00 - 04.09.2019 03:00,1674,1699
04.09.2019 03:00 - 04.09.2019 04:00,1717,1728
04.09.2019 04:00 - 04.09.2019 05:00,1783,1779
04.09.2019 05:00 - 04.09.2019 06:00,1925,1915
04.09.2019 06:00 - 04.09.2019 07:00,2239,2240
04.09.2019 07:00 - 04.09.2019 08:00,2542,2527
04.09.2019 08:00 - 04.09.2019 09:00,2676,2671
04.09.2019 09:00 - 04.09.2019 10:00,2680,2674
04.09.2019 10:00 - 04.09.2019 11:00,2736,2730
04.09.2019 11:00 - 04.09.2019 12:00,2754,2759
04.09.2019 12:00 - 04.09.2019 13:00,2724,2728
04.09.2019 13:00 - 04.09.2019 14:00,2749,2738
04.09.2019 14:00 - 04.09.2019 15:00,2704,2718
04.09.2019 15:00 - 04.09.2019 16:00,2617,2641
04.09.2019 16:00 - 04.09.2019 17:00,2592,2614
04.09.2019 17:00 - 04.09.2019 18:00,2738,2782
04.09.2019 18:00 - 04.09.2019 19:00,2683,2678
04.09.2019 19:00 - 04.09.2019 20:00,2532,2517
04.09.2019 20:00 - 04.09.2019 21:00,2401,2397
04.09.2019 21:00 - 04.09.2019 22:00,2271,2248
04.09.2019 22:00 - 04.09.2019 23:00,2139,2093
04.09.2019 23:00 - 05.09.2019 00:00,2015,1924
05.09.2019 00:00 - 05.09.2019 01:00,1790,1848
05.09.2019 01:00 - 05.09.2019 02:00,1760,1820
05.09.2019 02:00 - 05.09.2019 03:00,1754,1763
05.09.2019 03:00 - 05.09.2019 04:00,1777,1799
05.09.2019 04:00 - 05.09.2019 05:00,1861,1871
05.09.2019 05:00 - 05.09.2019 06:00,2013,1979
05.09.2019 06:00 - 05.09.2019 07:00,2313,2277
05.09.2019 07:00 - 05.09.2019 08:00,2585,2541
05.09.2019 08:00 - 05.09.2019 09:00,2716,2720
05.09.2019 09:00 - 05.09.2019 10:00,2753,2749
05.09.2019 10:00 - 05.09.2019 11:00,2836,2796
05.09.2019 11:00 - 05.09.2019 12:00,2809,2799
05.09.2019 12:00 - 05.09.2019 13:00,2735,2732
05.09.2019 13:00 - 05.09.2019 14:00,2745,2694
05.09.2019 14:00 - 05.09.2019 15:00,2650,2638
05.09.2019 15:00 - 05.09.2019 16:00,2540,2558
05.09.2019 16:00 - 05.09.2019 17:00,2506,2512
05.09.2019 17:00 - 05.09.2019 18:00,2605,2602
05.09.2019 18:00 - 05.09.2019 19:00,2542,2580
05.09.2019 19:00 - 05.09.2019 20:00,2449,2464
05.09.2019 20:00 - 05.09.2019 21:00,2435,2448
05.09.2019 21:00 - 05.09.2019 22:00,2336,2331
05.09.2019 22:00 - 05.09.2019 23:00,2162,2150
05.09.2019 23:00 - 06.09.2019 00:00,1996,1931
06.09.2019 00:00 - 06.09.2019 01:00,1790,1837
06.09.2019 01:00 - 06.09.2019 02:00,1712,1752
06.09.2019 02:00 - 06.09.2019 03:00,1717,1729
06.09.2019 03:00 - 06.09.2019 04:00,1739,1760
06.09.2019 04:00 - 06.09.2019 05:00,1822,1814
06.09.2019 05:00 - 06.09.2019 06:00,1949,1946
06.09.2019 06:00 - 06.09.2019 07:00,2270,2273
06.09.2019 07:00 - 06.09.2019 08:00,2569,2542
06.09.2019 08:00 - 06.09.2019 09:00,2674,2664
06.09.2019 09:00 - 06.09.2019 10:00,2690,2660
06.09.2019 10:00 - 06.09.2019 11:00,2744,2748
06.09.2019 11:00 - 06.09.2019 12:00,2734,2741
06.09.2019 12:00 - 06.09.2019 13:00,2649,2652
06.09.2019 13:00 - 06.09.2019 14:00,2568,2543
06.09.2019 14:00 - 06.09.2019 15:00,2432,2438
06.09.2019 15:00 - 06.09.2019 16:00,2349,2369
06.09.2019 16:00 - 06.09.2019 17:00,2381,2467
06.09.2019 17:00 - 06.09.2019 18:00,2552,2575
06.09.2019 18:00 - 06.09.2019 19:00,2458,2463
06.09.2019 19:00 - 06.09.2019 20:00,2301,2286
06.09.2019 20:00 - 06.09.2019 21:00,2263,2192
06.09.2019 21:00 - 06.09.2019 22:00,2132,2107
06.09.2019 22:00 - 06.09.2019 23:00,1966,1990
06.09.2019 23:00 - 07.09.2019 00:00,1827,1798
07.09.2019 00:00 - 07.09.2019 01:00,1713,1753
07.09.2019 01:00 - 07.09.2019 02:00,1703,1734
07.09.2019 02:00 - 07.09.2019 03:00,1629,1619
07.09.2019 03:00 - 07.09.2019 04:00,1597,1605
07.09.2019 04:00 - 07.09.2019 05:00,1616,1622
07.09.2019 05:00 - 07.09.2019 06:00,1662,1678
07.09.2019 06:00 - 07.09.2019 07:00,1755,1750
07.09.2019 07:00 - 07.09.2019 08:00,1903,1877
07.09.2019 08:00 - 07.09.2019 09:00,2081,2061
07.09.2019 09:00 - 07.09.2019 10:00,2160,2156
07.09.2019 10:00 - 07.09.2019 11:00,2211,2177
07.09.2019 11:00 - 07.09.2019 12:00,2189,2196
07.09.2019 12:00 - 07.09.2019 13:00,2177,2168
07.09.2019 13:00 - 07.09.2019 14:00,2162,2162
07.09.2019 14:00 - 07.09.2019 15:00,2124,2111
07.09.2019 15:00 - 07.09.2019 16:00,2060,2085
07.09.2019 16:00 - 07.09.2019 17:00,2086,2100
07.09.2019 17:00 - 07.09.2019 18:00,2207,2198
07.09.2019 18:00 - 07.09.2019 19:00,2161,2146
07.09.2019 19:00 - 07.09.2019 20:00,2015,2017
07.09.2019 20:00 - 07.09.2019 21:00,1986,2015
07.09.2019 21:00 - 07.09.2019 22:00,1897,1946
07.09.2019 22:00 - 07.09.2019 23:00,1781,1874
07.09.2019 23:00 - 08.09.2019 00:00,1661,1753
08.09.2019 00:00 - 08.09.2019 01:00,1629,1665
08.09.2019 01:00 - 08.09.2019 02:00,1563,1623
08.09.2019 02:00 - 08.09.2019 03:00,1561,1602
08.09.2019 03:00 - 08.09.2019 04:00,1577,1602
08.09.2019 04:00 - 08.09.2019 05:00,1586,1614
08.09.2019 05:00 - 08.09.2019 06:00,1639,1657
08.09.2019 06:00 - 08.09.2019 07:00,1718,1726
08.09.2019 07:00 - 08.09.2019 08:00,1839,1850
08.09.2019 08:00 - 08.09.2019 09:00,2022,2018
08.09.2019 09:00 - 08.09.2019 10:00,2138,2106
08.09.2019 10:00 - 08.09.2019 11:00,2159,2150
08.09.2019 11:00 - 08.09.2019 12:00,2180,2169
08.09.2019 12:00 - 08.09.2019 13:00,2180,2154
08.09.2019 13:00 - 08.09.2019 14:00,2138,2143
08.09.2019 14:00 - 08.09.2019 15:00,2135,2148
08.09.2019 15:00 - 08.09.2019 16:00,2144,2158
08.09.2019 16:00 - 08.09.2019 17:00,2201,2205
08.09.2019 17:00 - 08.09.2019 18:00,2361,2401
08.09.2019 18:00 - 08.09.2019 19:00,2361,2349
08.09.2019 19:00 - 08.09.2019 20:00,2215,2179
08.09.2019 20:00 - 08.09.2019 21:00,2141,2147
08.09.2019 21:00 - 08.09.2019 22:00,2053,2043
08.09.2019 22:00 - 08.09.2019 23:00,1950,1941
08.09.2019 23:00 - 09.09.2019 00:00,1850,1815
09.09.2019 00:00 - 09.09.2019 01:00,1723,1738
09.09.2019 01:00 - 09.09.2019 02:00,1657,1699
09.09.2019 02:00 - 09.09.2019 03:00,1647,1704
09.09.2019 03:00 - 09.09.2019 04:00,1710,1725
09.09.2019 04:00 - 09.09.2019 05:00,1780,1789
09.09.2019 05:00 - 09.09.2019 06:00,1935,1944
09.09.2019 06:00 - 09.09.2019 07:00,2319,2307
09.09.2019 07:00 - 09.09.2019 08:00,2652,2614
09.09.2019 08:00 - 09.09.2019 09:00,2766,2741
09.09.2019 09:00 - 09.09.2019 10:00,2798,2781
09.09.2019 10:00 - 09.09.2019 11:00,2880,2881
09.09.2019 11:00 - 09.09.2019 12:00,2888,2887
09.09.2019 12:00 - 09.09.2019 13:00,2829,2833
09.09.2019 13:00 - 09.09.2019 14:00,2844,2836
09.09.2019 14:00 - 09.09.2019 15:00,2781,2713
09.09.2019 15:00 - 09.09.2019 16:00,2592,2633
09.09.2019 16:00 - 09.09.2019 17:00,2592,2642
09.09.2019 17:00 - 09.09.2019 18:00,2749,2773
09.09.2019 18:00 - 09.09.2019 19:00,2687,2686
09.09.2019 19:00 - 09.09.2019 20:00,2563,2559
09.09.2019 20:00 - 09.09.2019 21:00,2498,2470
09.09.2019 21:00 - 09.09.2019 22:00,2354,2336
09.09.2019 22:00 - 09.09.2019 23:00,2195,2175
09.09.2019 23:00 - 10.09.2019 00:00,2059,1947
10.09.2019 00:00 - 10.09.2019 01:00,1846,1869
10.09.2019 01:00 - 10.09.2019 02:00,1780,1813
10.09.2019 02:00 - 10.09.2019 03:00,1756,1787
10.09.2019 03:00 - 10.09.2019 04:00,1780,1765
10.09.2019 04:00 - 10.09.2019 05:00,1844,1855
10.09.2019 05:00 - 10.09.2019 06:00,1961,1918
10.09.2019 06:00 - 10.09.2019 07:00,2294,2305
10.09.2019 07:00 - 10.09.2019 08:00,2625,2593
10.09.2019 08:00 - 10.09.2019 09:00,2750,2727
10.09.2019 09:00 - 10.09.2019 10:00,2767,2784
10.09.2019 10:00 - 10.09.2019 11:00,2861,2865
10.09.2019 11:00 - 10.09.2019 12:00,2897,2876
10.09.2019 12:00 - 10.09.2019 13:00,2835,2794
10.09.2019 13:00 - 10.09.2019 14:00,2825,2821
10.09.2019 14:00 - 10.09.2019 15:00,2789,2765
10.09.2019 15:00 - 10.09.2019 16:00,2666,2670
10.09.2019 16:00 - 10.09.2019 17:00,2654,2667
10.09.2019 17:00 - 10.09.2019 18:00,2769,2816
10.09.2019 18:00 - 10.09.2019 19:00,2691,2710
10.09.2019 19:00 - 10.09.2019 20:00,2583,2589
10.09.2019 20:00 - 10.09.2019 21:00,2553,2551
10.09.2019 21:00 - 10.09.2019 22:00,2429,2360
10.09.2019 22:00 - 10.09.2019 23:00,2243,2175
10.09.2019 23:00 - 11.09.2019 00:00,2076,1981
11.09.2019 00:00 - 11.09.2019 01:00,1874,1904
11.09.2019 01:00 - 11.09.2019 02:00,1814,1816
11.09.2019 02:00 - 11.09.2019 03:00,1791,1841
11.09.2019 03:00 - 11.09.2019 04:00,1828,1820
11.09.2019 04:00 - 11.09.2019 05:00,1857,1872
11.09.2019 05:00 - 11.09.2019 06:00,2003,2010
11.09.2019 06:00 - 11.09.2019 07:00,2304,2316
11.09.2019 07:00 - 11.09.2019 08:00,2590,2575
11.09.2019 08:00 - 11.09.2019 09:00,2706,2656
11.09.2019 09:00 - 11.09.2019 10:00,2696,2664
11.09.2019 10:00 - 11.09.2019 11:00,2758,2746
11.09.2019 11:00 - 11.09.2019 12:00,2745,2705
11.09.2019 12:00 - 11.09.2019 13:00,2718,2743
11.09.2019 13:00 - 11.09.2019 14:00,2747,2734
11.09.2019 14:00 - 11.09.2019 15:00,2697,2696
11.09.2019 15:00 - 11.09.2019 16:00,2644,2703
11.09.2019 16:00 - 11.09.2019 17:00,2655,2654
11.09.2019 17:00 - 11.09.2019 18:00,2737,2747
11.09.2019 18:00 - 11.09.2019 19:00,2625,2621
11.09.2019 19:00 - 11.09.2019 20:00,2538,2510
11.09.2019 20:00 - 11.09.2019 21:00,2507,2442
11.09.2019 21:00 - 11.09.2019 22:00,2344,2309
11.09.2019 22:00 - 11.09.2019 23:00,2175,2177
11.09.2019 23:00 - 12.09.2019 00:00,2013,2035
12.09.2019 00:00 - 12.09.2019 01:00,1882,1894
12.09.2019 01:00 - 12.09.2019 02:00,1801,1826
12.09.2019 02:00 - 12.09.2019 03:00,1753,1806
12.09.2019 03:00 - 12.09.2019 04:00,1791,1795
12.09.2019 04:00 - 12.09.2019 05:00,1843,1861
12.09.2019 05:00 - 12.09.2019 06:00,1996,2009
12.09.2019 06:00 - 12.09.2019 07:00,2320,2338
12.09.2019 07:00 - 12.09.2019 08:00,2636,2634
12.09.2019 08:00 - 12.09.2019 09:00,2752,2717
12.09.2019 09:00 - 12.09.2019 10:00,2728,2681
12.09.2019 10:00 - 12.09.2019 11:00,2753,2723
12.09.2019 11:00 - 12.09.2019 12:00,2762,2758
12.09.2019 12:00 - 12.09.2019 13:00,2731,2756
12.09.2019 13:00 - 12.09.2019 14:00,2773,2759
12.09.2019 14:00 - 12.09.2019 15:00,2705,2696
12.09.2019 15:00 - 12.09.2019 16:00,2599,2640
12.09.2019 16:00 - 12.09.2019 17:00,2600,2607
12.09.2019 17:00 - 12.09.2019 18:00,2666,2696
12.09.2019 18:00 - 12.09.2019 19:00,2586,2612
12.09.2019 19:00 - 12.09.2019 20:00,2507,2522
12.09.2019 20:00 - 12.09.2019 21:00,2472,2428
12.09.2019 21:00 - 12.09.2019 22:00,2317,2327
12.09.2019 22:00 - 12.09.2019 23:00,2144,2157
12.09.2019 23:00 - 13.09.2019 00:00,1993,2002
13.09.2019 00:00 - 13.09.2019 01:00,1811,1738
13.09.2019 01:00 - 13.09.2019 02:00,1707,1803
13.09.2019 02:00 - 13.09.2019 03:00,1793,1833
13.09.2019 03:00 - 13.09.2019 04:00,1818,1799
13.09.2019 04:00 - 13.09.2019 05:00,1824,1782
13.09.2019 05:00 - 13.09.2019 06:00,1914,1948
13.09.2019 06:00 - 13.09.2019 07:00,2292,2337
13.09.2019 07:00 - 13.09.2019 08:00,2610,2623
13.09.2019 08:00 - 13.09.2019 09:00,2738,2706
13.09.2019 09:00 - 13.09.2019 10:00,2716,2696
13.09.2019 10:00 - 13.09.2019 11:00,2778,2747
13.09.2019 11:00 - 13.09.2019 12:00,2720,2727
13.09.2019 12:00 - 13.09.2019 13:00,2632,2632
13.09.2019 13:00 - 13.09.2019 14:00,2569,2558
13.09.2019 14:00 - 13.09.2019 15:00,2451,2415
13.09.2019 15:00 - 13.09.2019 16:00,2314,2307
13.09.2019 16:00 - 13.09.2019 17:00,2299,2299
13.09.2019 17:00 - 13.09.2019 18:00,2409,2424
13.09.2019 18:00 - 13.09.2019 19:00,2375,2366
13.09.2019 19:00 - 13.09.2019 20:00,2285,2274
13.09.2019 20:00 - 13.09.2019 21:00,2257,2230
13.09.2019 21:00 - 13.09.2019 22:00,2096,2130
13.09.2019 22:00 - 13.09.2019 23:00,1984,1978
13.09.2019 23:00 - 14.09.2019 00:00,1838,1816
14.09.2019 00:00 - 14.09.2019 01:00,1693,1715
14.09.2019 01:00 - 14.09.2019 02:00,1609,1646
14.09.2019 02:00 - 14.09.2019 03:00,1588,1613
14.09.2019 03:00 - 14.09.2019 04:00,1587,1612
14.09.2019 04:00 - 14.09.2019 05:00,1616,1639
14.09.2019 05:00 - 14.09.2019 06:00,1674,1684
14.09.2019 06:00 - 14.09.2019 07:00,1793,1826
14.09.2019 07:00 - 14.09.2019 08:00,1963,1973
14.09.2019 08:00 - 14.09.2019 09:00,2160,2137
14.09.2019 09:00 - 14.09.2019 10:00,2246,2213
14.09.2019 10:00 - 14.09.2019 11:00,2256,2229
14.09.2019 11:00 - 14.09.2019 12:00,2218,2215
14.09.2019 12:00 - 14.09.2019 13:00,2180,2181
14.09.2019 13:00 - 14.09.2019 14:00,2146,2123
14.09.2019 14:00 - 14.09.2019 15:00,2077,2075
14.09.2019 15:00 - 14.09.2019 16:00,2035,2039
14.09.2019 16:00 - 14.09.2019 17:00,2080,2084
14.09.2019 17:00 - 14.09.2019 18:00,2204,2193
14.09.2019 18:00 - 14.09.2019 19:00,2180,2193
14.09.2019 19:00 - 14.09.2019 20:00,2081,2080
14.09.2019 20:00 - 14.09.2019 21:00,2061,2085
14.09.2019 21:00 - 14.09.2019 22:00,1945,1974
14.09.2019 22:00 - 14.09.2019 23:00,1807,1822
14.09.2019 23:00 - 15.09.2019 00:00,1681,1683
15.09.2019 00:00 - 15.09.2019 01:00,1574,1577
15.09.2019 01:00 - 15.09.2019 02:00,1494,1531
15.09.2019 02:00 - 15.09.2019 03:00,1480,1516
15.09.2019 03:00 - 15.09.2019 04:00,1498,1504
15.09.2019 04:00 - 15.09.2019 05:00,1514,1534
15.09.2019 05:00 - 15.09.2019 06:00,1560,1565
15.09.2019 06:00 - 15.09.2019 07:00,1649,1667
15.09.2019 07:00 - 15.09.2019 08:00,1760,1757
15.09.2019 08:00 - 15.09.2019 09:00,1890,1893
15.09.2019 09:00 - 15.09.2019 10:00,2010,2014
15.09.2019 10:00 - 15.09.2019 11:00,2072,2064
15.09.2019 11:00 - 15.09.2019 12:00,2085,2112
15.09.2019 12:00 - 15.09.2019 13:00,2124,2107
15.09.2019 13:00 - 15.09.2019 14:00,2100,2053
15.09.2019 14:00 - 15.09.2019 15:00,2025,2021
15.09.2019 15:00 - 15.09.2019 16:00,2000,2016
15.09.2019 16:00 - 15.09.2019 17:00,2087,2089
15.09.2019 17:00 - 15.09.2019 18:00,2283,2278
15.09.2019 18:00 - 15.09.2019 19:00,2248,2232
15.09.2019 19:00 - 15.09.2019 20:00,2154,2140
15.09.2019 20:00 - 15.09.2019 21:00,2114,2132
15.09.2019 21:00 - 15.09.2019 22:00,1998,2019
15.09.2019 22:00 - 15.09.2019 23:00,1869,1903
15.09.2019 23:00 - 16.09.2019 00:00,1774,1761
16.09.2019 00:00 - 16.09.2019 01:00,1716,1730
16.09.2019 01:00 - 16.09.2019 02:00,1688,1686
16.09.2019 02:00 - 16.09.2019 03:00,1656,1641
16.09.2019 03:00 - 16.09.2019 04:00,1630,1635
16.09.2019 04:00 - 16.09.2019 05:00,1690,1677
16.09.2019 05:00 - 16.09.2019 06:00,1837,1806
16.09.2019 06:00 - 16.09.2019 07:00,2204,2208
16.09.2019 07:00 - 16.09.2019 08:00,2539,2555
16.09.2019 08:00 - 16.09.2019 09:00,2698,2682
16.09.2019 09:00 - 16.09.2019 10:00,2713,2715
16.09.2019 10:00 - 16.09.2019 11:00,2800,2753
16.09.2019 11:00 - 16.09.2019 12:00,2740,2737
16.09.2019 12:00 - 16.09.2019 13:00,2732,2726
16.09.2019 13:00 - 16.09.2019 14:00,2719,2702
16.09.2019 14:00 - 16.09.2019 15:00,2651,2673
16.09.2019 15:00 - 16.09.2019 16:00,2570,2568
16.09.2019 16:00 - 16.09.2019 17:00,2513,2494
16.09.2019 17:00 - 16.09.2019 18:00,2621,2617
16.09.2019 18:00 - 16.09.2019 19:00,2528,2554
16.09.2019 19:00 - 16.09.2019 20:00,2457,2469
16.09.2019 20:00 - 16.09.2019 21:00,2442,2465
16.09.2019 21:00 - 16.09.2019 22:00,2292,2326
16.09.2019 22:00 - 16.09.2019 23:00,2120,2133
16.09.2019 23:00 - 17.09.2019 00:00,1967,1972
17.09.2019 00:00 - 17.09.2019 01:00,1854,1855
17.09.2019 01:00 - 17.09.2019 02:00,1779,1794
17.09.2019 02:00 - 17.09.2019 03:00,1739,1791
17.09.2019 03:00 - 17.09.2019 04:00,1761,1796
17.09.2019 04:00 - 17.09.2019 05:00,1821,1826
17.09.2019 05:00 - 17.09.2019 06:00,1948,1994
17.09.2019 06:00 - 17.09.2019 07:00,2334,2324
17.09.2019 07:00 - 17.09.2019 08:00,2627,2632
17.09.2019 08:00 - 17.09.2019 09:00,2770,2781
17.09.2019 09:00 - 17.09.2019 10:00,2794,2751
17.09.2019 10:00 - 17.09.2019 11:00,2826,2768
17.09.2019 11:00 - 17.09.2019 12:00,2777,2756
17.09.2019 12:00 - 17.09.2019 13:00,2708,2674
17.09.2019 13:00 - 17.09.2019 14:00,2725,2718
17.09.2019 14:00 - 17.09.2019 15:00,2663,2663
17.09.2019 15:00 - 17.09.2019 16:00,2566,2551
17.09.2019 16:00 - 17.09.2019 17:00,2504,2533
17.09.2019 17:00 - 17.09.2019 18:00,2642,2666
17.09.2019 18:00 - 17.09.2019 19:00,2584,2589
17.09.2019 19:00 - 17.09.2019 20:00,2513,2508
17.09.2019 20:00 - 17.09.2019 21:00,2485,2477
17.09.2019 21:00 - 17.09.2019 22:00,2322,2333
17.09.2019 22:00 - 17.09.2019 23:00,2133,2168
17.09.2019 23:00 - 18.09.2019 00:00,1955,1982
18.09.2019 00:00 - 18.09.2019 01:00,1852,1880
18.09.2019 01:00 - 18.09.2019 02:00,1785,1808
18.09.2019 02:00 - 18.09.2019 03:00,1770,1805
18.09.2019 03:00 - 18.09.2019 04:00,1783,1813
18.09.2019 04:00 - 18.09.2019 05:00,1862,1881
18.09.2019 05:00 - 18.09.2019 06:00,2019,2028
18.09.2019 06:00 - 18.09.2019 07:00,2383,2397
18.09.2019 07:00 - 18.09.2019 08:00,2696,2678
18.09.2019 08:00 - 18.09.2019 09:00,2798,2763
18.09.2019 09:00 - 18.09.2019 10:00,2792,2772
18.09.2019 10:00 - 18.09.2019 11:00,2837,2816
18.09.2019 11:00 - 18.09.2019 12:00,2835,2831
18.09.2019 12:00 - 18.09.2019 13:00,2806,2768
18.09.2019 13:00 - 18.09.2019 14:00,2782,2765
18.09.2019 14:00 - 18.09.2019 15:00,2727,2727
18.09.2019 15:00 - 18.09.2019 16:00,2618,2607
18.09.2019 16:00 - 18.09.2019 17:00,2523,2528
18.09.2019 17:00 - 18.09.2019 18:00,2682,2699
18.09.2019 18:00 - 18.09.2019 19:00,2614,2613
18.09.2019 19:00 - 18.09.2019 20:00,2532,2517
18.09.2019 20:00 - 18.09.2019 21:00,2495,2490
18.09.2019 21:00 - 18.09.2019 22:00,2338,2343
18.09.2019 22:00 - 18.09.2019 23:00,2152,2175
18.09.2019 23:00 - 19.09.2019 00:00,1978,2008
19.09.2019 00:00 - 19.09.2019 01:00,1867,1843
19.09.2019 01:00 - 19.09.2019 02:00,1764,1781
19.09.2019 02:00 - 19.09.2019 03:00,1736,1745
19.09.2019 03:00 - 19.09.2019 04:00,1748,1749
19.09.2019 04:00 - 19.09.2019 05:00,1798,1805
19.09.2019 05:00 - 19.09.2019 06:00,1963,1947
19.09.2019 06:00 - 19.09.2019 07:00,2356,2358
19.09.2019 07:00 - 19.09.2019 08:00,2615,2581
19.09.2019 08:00 - 19.09.2019 09:00,2717,2680
19.09.2019 09:00 - 19.09.2019 10:00,2701,2679
19.09.2019 10:00 - 19.09.2019 11:00,2774,2760
19.09.2019 11:00 - 19.09.2019 12:00,2783,2772
19.09.2019 12:00 - 19.09.2019 13:00,2758,2742
19.09.2019 13:00 - 19.09.2019 14:00,2768,2762
19.09.2019 14:00 - 19.09.2019 15:00,2697,2707
19.09.2019 15:00 - 19.09.2019 16:00,2612,2639
19.09.2019 16:00 - 19.09.2019 17:00,2630,2655
19.09.2019 17:00 - 19.09.2019 18:00,2743,2718
19.09.2019 18:00 - 19.09.2019 19:00,2614,2608
19.09.2019 19:00 - 19.09.2019 20:00,2540,2564
19.09.2019 20:00 - 19.09.2019 21:00,2512,2494
19.09.2019 21:00 - 19.09.2019 22:00,2333,2310
19.09.2019 22:00 - 19.09.2019 23:00,2187,2175
19.09.2019 23:00 - 20.09.2019 00:00,2059,2029
20.09.2019 00:00 - 20.09.2019 01:00,1891,1883
20.09.2019 01:00 - 20.09.2019 02:00,1791,1845
20.09.2019 02:00 - 20.09.2019 03:00,1747,1817
20.09.2019 03:00 - 20.09.2019 04:00,1764,1834
20.09.2019 04:00 - 20.09.2019 05:00,1835,1844
20.09.2019 05:00 - 20.09.2019 06:00,1980,1969
20.09.2019 06:00 - 20.09.2019 07:00,2345,2374
20.09.2019 07:00 - 20.09.2019 08:00,2627,2588
20.09.2019 08:00 - 20.09.2019 09:00,2719,2732
20.09.2019 09:00 - 20.09.2019 10:00,2738,2731
20.09.2019 10:00 - 20.09.2019 11:00,2795,2805
20.09.2019 11:00 - 20.09.2019 12:00,2815,2827
20.09.2019 12:00 - 20.09.2019 13:00,2727,2735
20.09.2019 13:00 - 20.09.2019 14:00,2663,2660
20.09.2019 14:00 - 20.09.2019 15:00,2524,2548
20.09.2019 15:00 - 20.09.2019 16:00,2441,2452
20.09.2019 16:00 - 20.09.2019 17:00,2424,2457
20.09.2019 17:00 - 20.09.2019 18:00,2530,2554
20.09.2019 18:00 - 20.09.2019 19:00,2492,2501
20.09.2019 19:00 - 20.09.2019 20:00,2416,2380
20.09.2019 20:00 - 20.09.2019 21:00,2295,2273
20.09.2019 21:00 - 20.09.2019 22:00,2127,2134
20.09.2019 22:00 - 20.09.2019 23:00,1988,2019
20.09.2019 23:00 - 21.09.2019 00:00,1851,1906
21.09.2019 00:00 - 21.09.2019 01:00,1789,1801
21.09.2019 01:00 - 21.09.2019 02:00,1744,1780
21.09.2019 02:00 - 21.09.2019 03:00,1703,1704
21.09.2019 03:00 - 21.09.2019 04:00,1659,1669
21.09.2019 04:00 - 21.09.2019 05:00,1661,1662
21.09.2019 05:00 - 21.09.2019 06:00,1697,1683
21.09.2019 06:00 - 21.09.2019 07:00,1798,1799
21.09.2019 07:00 - 21.09.2019 08:00,1968,2002
21.09.2019 08:00 - 21.09.2019 09:00,2168,2152
21.09.2019 09:00 - 21.09.2019 10:00,2262,2243
21.09.2019 10:00 - 21.09.2019 11:00,2320,2295
21.09.2019 11:00 - 21.09.2019 12:00,2262,2227
21.09.2019 12:00 - 21.09.2019 13:00,2184,2133
21.09.2019 13:00 - 21.09.2019 14:00,2115,2099
21.09.2019 14:00 - 21.09.2019 15:00,2075,2067
21.09.2019 15:00 - 21.09.2019 16:00,2056,2061
21.09.2019 16:00 - 21.09.2019 17:00,2072,2098
21.09.2019 17:00 - 21.09.2019 18:00,2192,2229
21.09.2019 18:00 - 21.09.2019 19:00,2192,2230
21.09.2019 19:00 - 21.09.2019 20:00,2125,2151
21.09.2019 20:00 - 21.09.2019 21:00,2071,2101
21.09.2019 21:00 - 21.09.2019 22:00,1947,1967
21.09.2019 22:00 - 21.09.2019 23:00,1805,1867
21.09.2019 23:00 - 22.09.2019 00:00,1677,1732
22.09.2019 00:00 - 22.09.2019 01:00,1612,1613
22.09.2019 01:00 - 22.09.2019 02:00,1534,1551
22.09.2019 02:00 - 22.09.2019 03:00,1508,1518
22.09.2019 03:00 - 22.09.2019 04:00,1496,1513
22.09.2019 04:00 - 22.09.2019 05:00,1515,1524
22.09.2019 05:00 - 22.09.2019 06:00,1559,1572
22.09.2019 06:00 - 22.09.2019 07:00,1666,1670
22.09.2019 07:00 - 22.09.2019 08:00,1778,1796
22.09.2019 08:00 - 22.09.2019 09:00,1960,1950
22.09.2019 09:00 - 22.09.2019 10:00,2071,2045
22.09.2019 10:00 - 22.09.2019 11:00,2099,2093
22.09.2019 11:00 - 22.09.2019 12:00,2106,2095
22.09.2019 12:00 - 22.09.2019 13:00,2084,2087
22.09.2019 13:00 - 22.09.2019 14:00,2065,2065
22.09.2019 14:00 - 22.09.2019 15:00,2062,2040
22.09.2019 15:00 - 22.09.2019 16:00,2028,2023
22.09.2019 16:00 - 22.09.2019 17:00,2069,2081
22.09.2019 17:00 - 22.09.2019 18:00,2265,2265
22.09.2019 18:00 - 22.09.2019 19:00,2255,2247
22.09.2019 19:00 - 22.09.2019 20:00,2208,2219
22.09.2019 20:00 - 22.09.2019 21:00,2175,2179
22.09.2019 21:00 - 22.09.2019 22:00,2033,2077
22.09.2019 22:00 - 22.09.2019 23:00,1884,1934
22.09.2019 23:00 - 23.09.2019 00:00,1774,1780
23.09.2019 00:00 - 23.09.2019 01:00,1674,1668
23.09.2019 01:00 - 23.09.2019 02:00,1623,1648
23.09.2019 02:00 - 23.09.2019 03:00,1653,1658
23.09.2019 03:00 - 23.09.2019 04:00,1665,1673
23.09.2019 04:00 - 23.09.2019 05:00,1718,1734
23.09.2019 05:00 - 23.09.2019 06:00,1891,1901
23.09.2019 06:00 - 23.09.2019 07:00,2282,2274
23.09.2019 07:00 - 23.09.2019 08:00,2647,2644
23.09.2019 08:00 - 23.09.2019 09:00,2768,2767
23.09.2019 09:00 - 23.09.2019 10:00,2781,2779
23.09.2019 10:00 - 23.09.2019 11:00,2857,2832
23.09.2019 11:00 - 23.09.2019 12:00,2858,2868
23.09.2019 12:00 - 23.09.2019 13:00,2793,2810
23.09.2019 13:00 - 23.09.2019 14:00,2831,2854
23.09.2019 14:00 - 23.09.2019 15:00,2796,2789
23.09.2019 15:00 - 23.09.2019 16:00,2684,2706
23.09.2019 16:00 - 23.09.2019 17:00,2655,2646
23.09.2019 17:00 - 23.09.2019 18:00,2717,2732
23.09.2019 18:00 - 23.09.2019 19:00,2637,2641
23.09.2019 19:00 - 23.09.2019 20:00,2593,2555
23.09.2019 20:00 - 23.09.2019 21:00,2505,2438
23.09.2019 21:00 - 23.09.2019 22:00,2341,2303
23.09.2019 22:00 - 23.09.2019 23:00,2173,2123
23.09.2019 23:00 - 24.09.2019 00:00,2025,1966
24.09.2019 00:00 - 24.09.2019 01:00,1843,1836
24.09.2019 01:00 - 24.09.2019 02:00,1770,1785
24.09.2019 02:00 - 24.09.2019 03:00,1753,1779
24.09.2019 03:00 - 24.09.2019 04:00,1786,1790
24.09.2019 04:00 - 24.09.2019 05:00,1849,1834
24.09.2019 05:00 - 24.09.2019 06:00,1993,1980
24.09.2019 06:00 - 24.09.2019 07:00,2348,2345
24.09.2019 07:00 - 24.09.2019 08:00,2666,2654
24.09.2019 08:00 - 24.09.2019 09:00,2765,2760
24.09.2019 09:00 - 24.09.2019 10:00,2793,2785
24.09.2019 10:00 - 24.09.2019 11:00,2861,2537
24.09.2019 11:00 - 24.09.2019 12:00,2866,2817
24.09.2019 12:00 - 24.09.2019 13:00,2810,2828
24.09.2019 13:00 - 24.09.2019 14:00,2848,2856
24.09.2019 14:00 - 24.09.2019 15:00,2795,2809
24.09.2019 15:00 - 24.09.2019 16:00,2667,2623
24.09.2019 16:00 - 24.09.2019 17:00,2617,2675
24.09.2019 17:00 - 24.09.2019 18:00,2766,2743
24.09.2019 18:00 - 24.09.2019 19:00,2655,2659
24.09.2019 19:00 - 24.09.2019 20:00,2632,2601
24.09.2019 20:00 - 24.09.2019 21:00,2513,2491
24.09.2019 21:00 - 24.09.2019 22:00,2337,2369
24.09.2019 22:00 - 24.09.2019 23:00,2174,2172
24.09.2019 23:00 - 25.09.2019 00:00,2035,1990
25.09.2019 00:00 - 25.09.2019 01:00,1872,1889
25.09.2019 01:00 - 25.09.2019 02:00,1804,1833
25.09.2019 02:00 - 25.09.2019 03:00,1785,1818
25.09.2019 03:00 - 25.09.2019 04:00,1813,1821
25.09.2019 04:00 - 25.09.2019 05:00,1866,1877
25.09.2019 05:00 - 25.09.2019 06:00,2030,2023
25.09.2019 06:00 - 25.09.2019 07:00,2395,2375
25.09.2019 07:00 - 25.09.2019 08:00,2686,2690
25.09.2019 08:00 - 25.09.2019 09:00,2797,2821
25.09.2019 09:00 - 25.09.2019 10:00,2809,2795
25.09.2019 10:00 - 25.09.2019 11:00,2870,2863
25.09.2019 11:00 - 25.09.2019 12:00,2890,2890
25.09.2019 12:00 - 25.09.2019 13:00,2835,2842
25.09.2019 13:00 - 25.09.2019 14:00,2868,2877
25.09.2019 14:00 - 25.09.2019 15:00,2805,2812
25.09.2019 15:00 - 25.09.2019 16:00,2685,2713
25.09.2019 16:00 - 25.09.2019 17:00,2655,2660
25.09.2019 17:00 - 25.09.2019 18:00,2780,2780
25.09.2019 18:00 - 25.09.2019 19:00,2686,2678
25.09.2019 19:00 - 25.09.2019 20:00,2654,2617
25.09.2019 20:00 - 25.09.2019 21:00,2523,2490
25.09.2019 21:00 - 25.09.2019 22:00,2339,2362
25.09.2019 22:00 - 25.09.2019 23:00,2191,2216
25.09.2019 23:00 - 26.09.2019 00:00,2065,2032
26.09.2019 00:00 - 26.09.2019 01:00,1906,1919
26.09.2019 01:00 - 26.09.2019 02:00,1826,1865
26.09.2019 02:00 - 26.09.2019 03:00,1805,1836
26.09.2019 03:00 - 26.09.2019 04:00,1834,1820
26.09.2019 04:00 - 26.09.2019 05:00,1867,1867
26.09.2019 05:00 - 26.09.2019 06:00,2017,2046
26.09.2019 06:00 - 26.09.2019 07:00,2400,2415
26.09.2019 07:00 - 26.09.2019 08:00,2729,2738
26.09.2019 08:00 - 26.09.2019 09:00,2847,2881
26.09.2019 09:00 - 26.09.2019 10:00,2900,2954
26.09.2019 10:00 - 26.09.2019 11:00,2990,3003
26.09.2019 11:00 - 26.09.2019 12:00,2986,3009
26.09.2019 12:00 - 26.09.2019 13:00,2920,2911
26.09.2019 13:00 - 26.09.2019 14:00,2919,2899
26.09.2019 14:00 - 26.09.2019 15:00,2835,2837
26.09.2019 15:00 - 26.09.2019 16:00,2724,2748
26.09.2019 16:00 - 26.09.2019 17:00,2704,2729
26.09.2019 17:00 - 26.09.2019 18:00,2839,2835
26.09.2019 18:00 - 26.09.2019 19:00,2767,2783
26.09.2019 19:00 - 26.09.2019 20:00,2758,2710
26.09.2019 20:00 - 26.09.2019 21:00,2604,2574
26.09.2019 21:00 - 26.09.2019 22:00,2417,2401
26.09.2019 22:00 - 26.09.2019 23:00,2251,2222
26.09.2019 23:00 - 27.09.2019 00:00,2072,2065
27.09.2019 00:00 - 27.09.2019 01:00,1949,1981
27.09.2019 01:00 - 27.09.2019 02:00,1892,1949
27.09.2019 02:00 - 27.09.2019 03:00,1872,1881
27.09.2019 03:00 - 27.09.2019 04:00,1836,1849
27.09.2019 04:00 - 27.09.2019 05:00,1881,1897
27.09.2019 05:00 - 27.09.2019 06:00,2037,2015
27.09.2019 06:00 - 27.09.2019 07:00,2373,2373
27.09.2019 07:00 - 27.09.2019 08:00,2660,2677
27.09.2019 08:00 - 27.09.2019 09:00,2769,2790
27.09.2019 09:00 - 27.09.2019 10:00,2808,2807
27.09.2019 10:00 - 27.09.2019 11:00,2864,2808
27.09.2019 11:00 - 27.09.2019 12:00,2803,2819
27.09.2019 12:00 - 27.09.2019 13:00,2736,2742
27.09.2019 13:00 - 27.09.2019 14:00,2663,2657
27.09.2019 14:00 - 27.09.2019 15:00,2538,2538
27.09.2019 15:00 - 27.09.2019 16:00,2423,2427
27.09.2019 16:00 - 27.09.2019 17:00,2438,2467
27.09.2019 17:00 - 27.09.2019 18:00,2560,2558
27.09.2019 18:00 - 27.09.2019 19:00,2460,2523
27.09.2019 19:00 - 27.09.2019 20:00,2487,2445
27.09.2019 20:00 - 27.09.2019 21:00,2339,2312
27.09.2019 21:00 - 27.09.2019 22:00,2207,2189
27.09.2019 22:00 - 27.09.2019 23:00,2066,2045
27.09.2019 23:00 - 28.09.2019 00:00,1913,1903
28.09.2019 00:00 - 28.09.2019 01:00,1767,1792
28.09.2019 01:00 - 28.09.2019 02:00,1700,1752
28.09.2019 02:00 - 28.09.2019 03:00,1681,1717
28.09.2019 03:00 - 28.09.2019 04:00,1700,1735
28.09.2019 04:00 - 28.09.2019 05:00,1723,1730
28.09.2019 05:00 - 28.09.2019 06:00,1755,1769
28.09.2019 06:00 - 28.09.2019 07:00,1877,1899
28.09.2019 07:00 - 28.09.2019 08:00,2034,2036
28.09.2019 08:00 - 28.09.2019 09:00,2182,2157
28.09.2019 09:00 - 28.09.2019 10:00,2239,2204
28.09.2019 10:00 - 28.09.2019 11:00,2269,2251
28.09.2019 11:00 - 28.09.2019 12:00,2238,2257
28.09.2019 12:00 - 28.09.2019 13:00,2201,2169
28.09.2019 13:00 - 28.09.2019 14:00,2157,2183
28.09.2019 14:00 - 28.09.2019 15:00,2162,2194
28.09.2019 15:00 - 28.09.2019 16:00,2174,2160
28.09.2019 16:00 - 28.09.2019 17:00,2214,2192
28.09.2019 17:00 - 28.09.2019 18:00,2348,2359
28.09.2019 18:00 - 28.09.2019 19:00,2370,2348
28.09.2019 19:00 - 28.09.2019 20:00,2265,2252
28.09.2019 20:00 - 28.09.2019 21:00,2123,2108
28.09.2019 21:00 - 28.09.2019 22:00,1979,2006
28.09.2019 22:00 - 28.09.2019 23:00,1918,1952
28.09.2019 23:00 - 29.09.2019 00:00,1835,1800
29.09.2019 00:00 - 29.09.2019 01:00,1697,1757
29.09.2019 01:00 - 29.09.2019 02:00,1648,1706
29.09.2019 02:00 - 29.09.2019 03:00,1634,1655
29.09.2019 03:00 - 29.09.2019 04:00,1602,1643
29.09.2019 04:00 - 29.09.2019 05:00,1627,1634
29.09.2019 05:00 - 29.09.2019 06:00,1658,1663
29.09.2019 06:00 - 29.09.2019 07:00,1773,1762
29.09.2019 07:00 - 29.09.2019 08:00,1908,1890
29.09.2019 08:00 - 29.09.2019 09:00,2063,2062
29.09.2019 09:00 - 29.09.2019 10:00,2158,2128
29.09.2019 10:00 - 29.09.2019 11:00,2158,2149
29.09.2019 11:00 - 29.09.2019 12:00,2176,2202
29.09.2019 12:00 - 29.09.2019 13:00,2212,2221
29.09.2019 13:00 - 29.09.2019 14:00,2142,2131
29.09.2019 14:00 - 29.09.2019 15:00,2117,2107
29.09.2019 15:00 - 29.09.2019 16:00,2106,2127
29.09.2019 16:00 - 29.09.2019 17:00,2180,2186
29.09.2019 17:00 - 29.09.2019 18:00,2401,2428
29.09.2019 18:00 - 29.09.2019 19:00,2429,1973
29.09.2019 19:00 - 29.09.2019 20:00,2349,2334
29.09.2019 20:00 - 29.09.2019 21:00,2216,2208
29.09.2019 21:00 - 29.09.2019 22:00,2070,2106
29.09.2019 22:00 - 29.09.2019 23:00,1946,1989
29.09.2019 23:00 - 30.09.2019 00:00,1851,1867
30.09.2019 00:00 - 30.09.2019 01:00,1797,1810
30.09.2019 01:00 - 30.09.2019 02:00,1768,1805
30.09.2019 02:00 - 30.09.2019 03:00,1790,1802
30.09.2019 03:00 - 30.09.2019 04:00,1798,1781
30.09.2019 04:00 - 30.09.2019 05:00,1820,1819
30.09.2019 05:00 - 30.09.2019 06:00,1960,1960
30.09.2019 06:00 - 30.09.2019 07:00,2365,2377
30.09.2019 07:00 - 30.09.2019 08:00,2746,2752
30.09.2019 08:00 - 30.09.2019 09:00,2848,2849
30.09.2019 09:00 - 30.09.2019 10:00,2860,2868
30.09.2019 10:00 - 30.09.2019 11:00,2939,2972
30.09.2019 11:00 - 30.09.2019 12:00,2973,2971
30.09.2019 12:00 - 30.09.2019 13:00,2898,2879
30.09.2019 13:00 - 30.09.2019 14:00,2884,2874
30.09.2019 14:00 - 30.09.2019 15:00,2822,2812
30.09.2019 15:00 - 30.09.2019 16:00,2695,2681
30.09.2019 16:00 - 30.09.2019 17:00,2659,2671
30.09.2019 17:00 - 30.09.2019 18:00,2785,2785
30.09.2019 18:00 - 30.09.2019 19:00,2743,2782
30.09.2019 19:00 - 30.09.2019 20:00,2750,2815
30.09.2019 20:00 - 30.09.2019 21:00,2597,2631
30.09.2019 21:00 - 30.09.2019 22:00,2423,2477
30.09.2019 22:00 - 30.09.2019 23:00,2254,2270
30.09.2019 23:00 - 01.10.2019 00:00,2124,2098
01.10.2019 00:00 - 01.10.2019 01:00,1991,1986
01.10.2019 01:00 - 01.10.2019 02:00,1916,1923
01.10.2019 02:00 - 01.10.2019 03:00,1877,1885
01.10.2019 03:00 - 01.10.2019 04:00,1885,1872
01.10.2019 04:00 - 01.10.2019 05:00,1930,1899
01.10.2019 05:00 - 01.10.2019 06:00,2062,2065
01.10.2019 06:00 - 01.10.2019 07:00,2405,2430
01.10.2019 07:00 - 01.10.2019 08:00,2742,2719
01.10.2019 08:00 - 01.10.2019 09:00,2840,2849
01.10.2019 09:00 - 01.10.2019 10:00,2877,2847
01.10.2019 10:00 - 01.10.2019 11:00,2922,2869
01.10.2019 11:00 - 01.10.2019 12:00,2894,2905
01.10.2019 12:00 - 01.10.2019 13:00,2875,2862
01.10.2019 13:00 - 01.10.2019 14:00,2887,2881
01.10.2019 14:00 - 01.10.2019 15:00,2802,2777
01.10.2019 15:00 - 01.10.2019 16:00,2653,2656
01.10.2019 16:00 - 01.10.2019 17:00,2654,2730
01.10.2019 17:00 - 01.10.2019 18:00,2839,2867
01.10.2019 18:00 - 01.10.2019 19:00,2793,2807
01.10.2019 19:00 - 01.10.2019 20:00,2802,2775
01.10.2019 20:00 - 01.10.2019 21:00,2660,2648
01.10.2019 21:00 - 01.10.2019 22:00,2524,2526
01.10.2019 22:00 - 01.10.2019 23:00,2397,2343
01.10.2019 23:00 - 02.10.2019 00:00,2244,2145
02.10.2019 00:00 - 02.10.2019 01:00,2014,2071
02.10.2019 01:00 - 02.10.2019 02:00,1926,1967
02.10.2019 02:00 - 02.10.2019 03:00,1917,1972
02.10.2019 03:00 - 02.10.2019 04:00,1961,1983
02.10.2019 04:00 - 02.10.2019 05:00,2017,2004
02.10.2019 05:00 - 02.10.2019 06:00,2122,2143
02.10.2019 06:00 - 02.10.2019 07:00,2475,2482
02.10.2019 07:00 - 02.10.2019 08:00,2806,2849
02.10.2019 08:00 - 02.10.2019 09:00,2926,2933
02.10.2019 09:00 - 02.10.2019 10:00,2936,2919
02.10.2019 10:00 - 02.10.2019 11:00,2977,2971
02.10.2019 11:00 - 02.10.2019 12:00,2956,2944
02.10.2019 12:00 - 02.10.2019 13:00,2955,2952
02.10.2019 13:00 - 02.10.2019 14:00,2922,2854
02.10.2019 14:00 - 02.10.2019 15:00,2795,2828
02.10.2019 15:00 - 02.10.2019 16:00,2768,2760
02.10.2019 16:00 - 02.10.2019 17:00,2694,2774
02.10.2019 17:00 - 02.10.2019 18:00,2872,2922
02.10.2019 18:00 - 02.10.2019 19:00,2848,2880
02.10.2019 19:00 - 02.10.2019 20:00,2892,2800
02.10.2019 20:00 - 02.10.2019 21:00,2674,2582
02.10.2019 21:00 - 02.10.2019 22:00,2543,2428
02.10.2019 22:00 - 02.10.2019 23:00,2439,2207
02.10.2019 23:00 - 03.10.2019 00:00,2308,2036
03.10.2019 00:00 - 03.10.2019 01:00,1891,1899
03.10.2019 01:00 - 03.10.2019 02:00,1792,1857
03.10.2019 02:00 - 03.10.2019 03:00,1816,1858
03.10.2019 03:00 - 03.10.2019 04:00,1862,1848
03.10.2019 04:00 - 03.10.2019 05:00,1901,1887
03.10.2019 05:00 - 03.10.2019 06:00,2017,2033
03.10.2019 06:00 - 03.10.2019 07:00,2422,2430
03.10.2019 07:00 - 03.10.2019 08:00,2775,2739
03.10.2019 08:00 - 03.10.2019 09:00,2818,2832
03.10.2019 09:00 - 03.10.2019 10:00,2876,2860
03.10.2019 10:00 - 03.10.2019 11:00,2968,2991
03.10.2019 11:00 - 03.10.2019 12:00,2985,2975
03.10.2019 12:00 - 03.10.2019 13:00,2896,2870
03.10.2019 13:00 - 03.10.2019 14:00,2902,2855
03.10.2019 14:00 - 03.10.2019 15:00,2815,2786
03.10.2019 15:00 - 03.10.2019 16:00,2694,2706
03.10.2019 16:00 - 03.10.2019 17:00,2628,2671
03.10.2019 17:00 - 03.10.2019 18:00,2759,2805
03.10.2019 18:00 - 03.10.2019 19:00,2740,2760
03.10.2019 19:00 - 03.10.2019 20:00,2737,2711
03.10.2019 20:00 - 03.10.2019 21:00,2578,2548
03.10.2019 21:00 - 03.10.2019 22:00,2411,2377
03.10.2019 22:00 - 03.10.2019 23:00,2251,2167
03.10.2019 23:00 - 04.10.2019 00:00,2097,2002
04.10.2019 00:00 - 04.10.2019 01:00,1897,1918
04.10.2019 01:00 - 04.10.2019 02:00,1850,1877
04.10.2019 02:00 - 04.10.2019 03:00,1850,1849
04.10.2019 03:00 - 04.10.2019 04:00,1866,1860
04.10.2019 04:00 - 04.10.2019 05:00,1907,1904
04.10.2019 05:00 - 04.10.2019 06:00,2062,2050
04.10.2019 06:00 - 04.10.2019 07:00,2422,2434
04.10.2019 07:00 - 04.10.2019 08:00,2766,2762
04.10.2019 08:00 - 04.10.2019 09:00,2855,2853
04.10.2019 09:00 - 04.10.2019 10:00,2862,2836
04.10.2019 10:00 - 04.10.2019 11:00,2872,2834
04.10.2019 11:00 - 04.10.2019 12:00,2840,2865
04.10.2019 12:00 - 04.10.2019 13:00,2758,2804
04.10.2019 13:00 - 04.10.2019 14:00,2720,2727
04.10.2019 14:00 - 04.10.2019 15:00,2613,2640
04.10.2019 15:00 - 04.10.2019 16:00,2554,2569
04.10.2019 16:00 - 04.10.2019 17:00,2542,2556
04.10.2019 17:00 - 04.10.2019 18:00,2653,2665
04.10.2019 18:00 - 04.10.2019 19:00,2625,2640
04.10.2019 19:00 - 04.10.2019 20:00,2554,2538
04.10.2019 20:00 - 04.10.2019 21:00,2363,2368
04.10.2019 21:00 - 04.10.2019 22:00,2210,2255
04.10.2019 22:00 - 04.10.2019 23:00,2070,2112
04.10.2019 23:00 - 05.10.2019 00:00,1925,1971
05.10.2019 00:00 - 05.10.2019 01:00,1833,1829
05.10.2019 01:00 - 05.10.2019 02:00,1740,1759
05.10.2019 02:00 - 05.10.2019 03:00,1697,1728
05.10.2019 03:00 - 05.10.2019 04:00,1730,1769
05.10.2019 04:00 - 05.10.2019 05:00,1760,1788
05.10.2019 05:00 - 05.10.2019 06:00,1823,1836
05.10.2019 06:00 - 05.10.2019 07:00,1951,1941
05.10.2019 07:00 - 05.10.2019 08:00,2118,2094
05.10.2019 08:00 - 05.10.2019 09:00,2270,2219
05.10.2019 09:00 - 05.10.2019 10:00,2333,2296
05.10.2019 10:00 - 05.10.2019 11:00,2339,2329
05.10.2019 11:00 - 05.10.2019 12:00,2317,2300
05.10.2019 12:00 - 05.10.2019 13:00,2274,2267
05.10.2019 13:00 - 05.10.2019 14:00,2238,2233
05.10.2019 14:00 - 05.10.2019 15:00,2202,2200
05.10.2019 15:00 - 05.10.2019 16:00,2184,2180
05.10.2019 16:00 - 05.10.2019 17:00,2215,2203
05.10.2019 17:00 - 05.10.2019 18:00,2372,2340
05.10.2019 18:00 - 05.10.2019 19:00,2376,2355
05.10.2019 19:00 - 05.10.2019 20:00,2317,2349
05.10.2019 20:00 - 05.10.2019 21:00,2193,2223
05.10.2019 21:00 - 05.10.2019 22:00,2066,2122
05.10.2019 22:00 - 05.10.2019 23:00,1935,2004
05.10.2019 23:00 - 06.10.2019 00:00,1834,1871
06.10.2019 00:00 - 06.10.2019 01:00,1785,1787
06.10.2019 01:00 - 06.10.2019 02:00,1710,1740
06.10.2019 02:00 - 06.10.2019 03:00,1673,1719
06.10.2019 03:00 - 06.10.2019 04:00,1717,1734
06.10.2019 04:00 - 06.10.2019 05:00,1732,1747
06.10.2019 05:00 - 06.10.2019 06:00,1773,1773
06.10.2019 06:00 - 06.10.2019 07:00,1848,1869
06.10.2019 07:00 - 06.10.2019 08:00,1996,2015
06.10.2019 08:00 - 06.10.2019 09:00,2180,2174
06.10.2019 09:00 - 06.10.2019 10:00,2303,2275
06.10.2019 10:00 - 06.10.2019 11:00,2319,2276
06.10.2019 11:00 - 06.10.2019 12:00,2283,2262
06.10.2019 12:00 - 06.10.2019 13:00,2247,2226
06.10.2019 13:00 - 06.10.2019 14:00,2199,2196
06.10.2019 14:00 - 06.10.2019 15:00,2179,2185
06.10.2019 15:00 - 06.10.2019 16:00,2163,2179
06.10.2019 16:00 - 06.10.2019 17:00,2227,2235
06.10.2019 17:00 - 06.10.2019 18:00,2443,2434
06.10.2019 18:00 - 06.10.2019 19:00,2484,2461
06.10.2019 19:00 - 06.10.2019 20:00,2432,2430
06.10.2019 20:00 - 06.10.2019 21:00,2284,2291
06.10.2019 21:00 - 06.10.2019 22:00,2152,2176
06.10.2019 22:00 - 06.10.2019 23:00,2007,2043
06.10.2019 23:00 - 07.10.2019 00:00,1901,1920
07.10.2019 00:00 - 07.10.2019 01:00,1849,1854
07.10.2019 01:00 - 07.10.2019 02:00,1805,1828
07.10.2019 02:00 - 07.10.2019 03:00,1821,1820
07.10.2019 03:00 - 07.10.2019 04:00,1848,1843
07.10.2019 04:00 - 07.10.2019 05:00,1924,1888
07.10.2019 05:00 - 07.10.2019 06:00,2077,2054
07.10.2019 06:00 - 07.10.2019 07:00,2485,2443
07.10.2019 07:00 - 07.10.2019 08:00,2828,2741
07.10.2019 08:00 - 07.10.2019 09:00,2836,2812
07.10.2019 09:00 - 07.10.2019 10:00,2827,2796
07.10.2019 10:00 - 07.10.2019 11:00,2911,2885
07.10.2019 11:00 - 07.10.2019 12:00,2901,2854
07.10.2019 12:00 - 07.10.2019 13:00,2804,2790
07.10.2019 13:00 - 07.10.2019 14:00,2819,2798
07.10.2019 14:00 - 07.10.2019 15:00,2757,2751
07.10.2019 15:00 - 07.10.2019 16:00,2655,2659
07.10.2019 16:00 - 07.10.2019 17:00,2674,2715
07.10.2019 17:00 - 07.10.2019 18:00,2856,2803
07.10.2019 18:00 - 07.10.2019 19:00,2801,2788
07.10.2019 19:00 - 07.10.2019 20:00,2724,2741
07.10.2019 20:00 - 07.10.2019 21:00,2582,2664
07.10.2019 21:00 - 07.10.2019 22:00,2496,2479
07.10.2019 22:00 - 07.10.2019 23:00,2282,2281
07.10.2019 23:00 - 08.10.2019 00:00,2105,2076
08.10.2019 00:00 - 08.10.2019 01:00,1953,1968
08.10.2019 01:00 - 08.10.2019 02:00,1882,1880
08.10.2019 02:00 - 08.10.2019 03:00,1840,1885
08.10.2019 03:00 - 08.10.2019 04:00,1840,1986
08.10.2019 04:00 - 08.10.2019 05:00,2040,2073
08.10.2019 05:00 - 08.10.2019 06:00,2185,2168
08.10.2019 06:00 - 08.10.2019 07:00,2523,2501
08.10.2019 07:00 - 08.10.2019 08:00,2858,2852
08.10.2019 08:00 - 08.10.2019 09:00,2983,2969
08.10.2019 09:00 - 08.10.2019 10:00,2926,2887
08.10.2019 10:00 - 08.10.2019 11:00,2943,2922
08.10.2019 11:00 - 08.10.2019 12:00,2947,2957
08.10.2019 12:00 - 08.10.2019 13:00,2919,2928
08.10.2019 13:00 - 08.10.2019 14:00,2925,2913
08.10.2019 14:00 - 08.10.2019 15:00,2848,2836
08.10.2019 15:00 - 08.10.2019 16:00,2735,2696
08.10.2019 16:00 - 08.10.2019 17:00,2712,2678
08.10.2019 17:00 - 08.10.2019 18:00,2820,2797
08.10.2019 18:00 - 08.10.2019 19:00,2774,2779
08.10.2019 19:00 - 08.10.2019 20:00,2741,2702
08.10.2019 20:00 - 08.10.2019 21:00,2561,2526
08.10.2019 21:00 - 08.10.2019 22:00,2351,2386
08.10.2019 22:00 - 08.10.2019 23:00,2158,2197
08.10.2019 23:00 - 09.10.2019 00:00,2026,2035
09.10.2019 00:00 - 09.10.2019 01:00,1908,1903
09.10.2019 01:00 - 09.10.2019 02:00,1829,1825
09.10.2019 02:00 - 09.10.2019 03:00,1803,1795
09.10.2019 03:00 - 09.10.2019 04:00,1800,1790
09.10.2019 04:00 - 09.10.2019 05:00,1832,1835
09.10.2019 05:00 - 09.10.2019 06:00,1996,2016
09.10.2019 06:00 - 09.10.2019 07:00,2413,2455
09.10.2019 07:00 - 09.10.2019 08:00,2834,2817
09.10.2019 08:00 - 09.10.2019 09:00,2886,2869
09.10.2019 09:00 - 09.10.2019 10:00,2875,2851
09.10.2019 10:00 - 09.10.2019 11:00,2915,2883
09.10.2019 11:00 - 09.10.2019 12:00,2903,2833
09.10.2019 12:00 - 09.10.2019 13:00,2792,2793
09.10.2019 13:00 - 09.10.2019 14:00,2822,2838
09.10.2019 14:00 - 09.10.2019 15:00,2798,2776
09.10.2019 15:00 - 09.10.2019 16:00,2799,2694
09.10.2019 16:00 - 09.10.2019 17:00,2810,2721
09.10.2019 17:00 - 09.10.2019 18:00,2896,2874
09.10.2019 18:00 - 09.10.2019 19:00,2836,2834
09.10.2019 19:00 - 09.10.2019 20:00,2776,2754
09.10.2019 20:00 - 09.10.2019 21:00,2532,2537
09.10.2019 21:00 - 09.10.2019 22:00,2322,2411
09.10.2019 22:00 - 09.10.2019 23:00,2102,2215
09.10.2019 23:00 - 10.10.2019 00:00,1935,2046
10.10.2019 00:00 - 10.10.2019 01:00,1907,1894
10.10.2019 01:00 - 10.10.2019 02:00,1843,1857
10.10.2019 02:00 - 10.10.2019 03:00,1847,1850
10.10.2019 03:00 - 10.10.2019 04:00,1867,1855
10.10.2019 04:00 - 10.10.2019 05:00,1911,1921
10.10.2019 05:00 - 10.10.2019 06:00,2052,2023
10.10.2019 06:00 - 10.10.2019 07:00,2382,2440
10.10.2019 07:00 - 10.10.2019 08:00,2795,2791
10.10.2019 08:00 - 10.10.2019 09:00,2926,2877
10.10.2019 09:00 - 10.10.2019 10:00,2871,2843
10.10.2019 10:00 - 10.10.2019 11:00,2896,2859
10.10.2019 11:00 - 10.10.2019 12:00,2866,2855
10.10.2019 12:00 - 10.10.2019 13:00,2806,2828
10.10.2019 13:00 - 10.10.2019 14:00,2857,2856
10.10.2019 14:00 - 10.10.2019 15:00,2796,2808
10.10.2019 15:00 - 10.10.2019 16:00,2761,2691
10.10.2019 16:00 - 10.10.2019 17:00,2697,2697
10.10.2019 17:00 - 10.10.2019 18:00,2813,2838
10.10.2019 18:00 - 10.10.2019 19:00,2851,2902
10.10.2019 19:00 - 10.10.2019 20:00,2827,2823
10.10.2019 20:00 - 10.10.2019 21:00,2707,2624
10.10.2019 21:00 - 10.10.2019 22:00,2488,2420
10.10.2019 22:00 - 10.10.2019 23:00,2265,2239
10.10.2019 23:00 - 11.10.2019 00:00,2091,2070
11.10.2019 00:00 - 11.10.2019 01:00,1957,1979
11.10.2019 01:00 - 11.10.2019 02:00,1883,1876
11.10.2019 02:00 - 11.10.2019 03:00,1845,1828
11.10.2019 03:00 - 11.10.2019 04:00,1822,1849
11.10.2019 04:00 - 11.10.2019 05:00,1912,1909
11.10.2019 05:00 - 11.10.2019 06:00,2074,2072
11.10.2019 06:00 - 11.10.2019 07:00,2392,2419
11.10.2019 07:00 - 11.10.2019 08:00,2770,2795
11.10.2019 08:00 - 11.10.2019 09:00,2888,2915
11.10.2019 09:00 - 11.10.2019 10:00,2916,2961
11.10.2019 10:00 - 11.10.2019 11:00,2974,2974
11.10.2019 11:00 - 11.10.2019 12:00,2899,2901
11.10.2019 12:00 - 11.10.2019 13:00,2785,2817
11.10.2019 13:00 - 11.10.2019 14:00,2747,2729
11.10.2019 14:00 - 11.10.2019 15:00,2588,2607
11.10.2019 15:00 - 11.10.2019 16:00,2543,2553
11.10.2019 16:00 - 11.10.2019 17:00,2537,2555
11.10.2019 17:00 - 11.10.2019 18:00,2669,2680
11.10.2019 18:00 - 11.10.2019 19:00,2710,2654
11.10.2019 19:00 - 11.10.2019 20:00,2582,2520
11.10.2019 20:00 - 11.10.2019 21:00,2368,2311
11.10.2019 21:00 - 11.10.2019 22:00,2203,2199
11.10.2019 22:00 - 11.10.2019 23:00,2014,2071
11.10.2019 23:00 - 12.10.2019 00:00,1877,1947
12.10.2019 00:00 - 12.10.2019 01:00,1836,1859
12.10.2019 01:00 - 12.10.2019 02:00,1758,1772
12.10.2019 02:00 - 12.10.2019 03:00,1720,1741
12.10.2019 03:00 - 12.10.2019 04:00,1704,1730
12.10.2019 04:00 - 12.10.2019 05:00,1732,1739
12.10.2019 05:00 - 12.10.2019 06:00,1803,1831
12.10.2019 06:00 - 12.10.2019 07:00,1932,1951
12.10.2019 07:00 - 12.10.2019 08:00,2104,2106
12.10.2019 08:00 - 12.10.2019 09:00,2221,2213
12.10.2019 09:00 - 12.10.2019 10:00,2330,2320
12.10.2019 10:00 - 12.10.2019 11:00,2365,2375
12.10.2019 11:00 - 12.10.2019 12:00,2412,2433
12.10.2019 12:00 - 12.10.2019 13:00,2401,2417
12.10.2019 13:00 - 12.10.2019 14:00,2380,2405
12.10.2019 14:00 - 12.10.2019 15:00,2348,2330
12.10.2019 15:00 - 12.10.2019 16:00,2309,2314
12.10.2019 16:00 - 12.10.2019 17:00,2325,2317
12.10.2019 17:00 - 12.10.2019 18:00,2460,2427
12.10.2019 18:00 - 12.10.2019 19:00,2507,2496
12.10.2019 19:00 - 12.10.2019 20:00,2393,2414
12.10.2019 20:00 - 12.10.2019 21:00,2288,2267
12.10.2019 21:00 - 12.10.2019 22:00,2170,2115
12.10.2019 22:00 - 12.10.2019 23:00,2078,1965
12.10.2019 23:00 - 13.10.2019 00:00,1974,1845
13.10.2019 00:00 - 13.10.2019 01:00,1735,1736
13.10.2019 01:00 - 13.10.2019 02:00,1623,1629
13.10.2019 02:00 - 13.10.2019 03:00,1558,1605
13.10.2019 03:00 - 13.10.2019 04:00,1571,1568
13.10.2019 04:00 - 13.10.2019 05:00,1575,1561
13.10.2019 05:00 - 13.10.2019 06:00,1593,1585
13.10.2019 06:00 - 13.10.2019 07:00,1731,1732
13.10.2019 07:00 - 13.10.2019 08:00,1862,1844
13.10.2019 08:00 - 13.10.2019 09:00,2013,2027
13.10.2019 09:00 - 13.10.2019 10:00,2145,2143
13.10.2019 10:00 - 13.10.2019 11:00,2201,2181
13.10.2019 11:00 - 13.10.2019 12:00,2200,2148
13.10.2019 12:00 - 13.10.2019 13:00,2141,2119
13.10.2019 13:00 - 13.10.2019 14:00,2105,2097
13.10.2019 14:00 - 13.10.2019 15:00,2087,2084
13.10.2019 15:00 - 13.10.2019 16:00,2100,2162
13.10.2019 16:00 - 13.10.2019 17:00,2215,2283
13.10.2019 17:00 - 13.10.2019 18:00,2436,2463
13.10.2019 18:00 - 13.10.2019 19:00,2541,2543
13.10.2019 19:00 - 13.10.2019 20:00,2425,2427
13.10.2019 20:00 - 13.10.2019 21:00,2293,2285
13.10.2019 21:00 - 13.10.2019 22:00,2161,2070
13.10.2019 22:00 - 13.10.2019 23:00,2022,2006
13.10.2019 23:00 - 14.10.2019 00:00,1882,1919
14.10.2019 00:00 - 14.10.2019 01:00,1858,1867
14.10.2019 01:00 - 14.10.2019 02:00,1833,1858
14.10.2019 02:00 - 14.10.2019 03:00,1827,1827
14.10.2019 03:00 - 14.10.2019 04:00,1807,1793
14.10.2019 04:00 - 14.10.2019 05:00,1811,1795
14.10.2019 05:00 - 14.10.2019 06:00,1963,1965
14.10.2019 06:00 - 14.10.2019 07:00,2299,2310
14.10.2019 07:00 - 14.10.2019 08:00,2638,2648
14.10.2019 08:00 - 14.10.2019 09:00,2768,2775
14.10.2019 09:00 - 14.10.2019 10:00,2771,2749
14.10.2019 10:00 - 14.10.2019 11:00,2794,2792
14.10.2019 11:00 - 14.10.2019 12:00,2796,2803
14.10.2019 12:00 - 14.10.2019 13:00,2736,2738
14.10.2019 13:00 - 14.10.2019 14:00,2743,2754
14.10.2019 14:00 - 14.10.2019 15:00,2674,2675
14.10.2019 15:00 - 14.10.2019 16:00,2578,2609
14.10.2019 16:00 - 14.10.2019 17:00,2558,2580
14.10.2019 17:00 - 14.10.2019 18:00,2715,2745
14.10.2019 18:00 - 14.10.2019 19:00,2749,2753
14.10.2019 19:00 - 14.10.2019 20:00,2664,2632
14.10.2019 20:00 - 14.10.2019 21:00,2505,2449
14.10.2019 21:00 - 14.10.2019 22:00,2337,2347
14.10.2019 22:00 - 14.10.2019 23:00,2295,2172
14.10.2019 23:00 - 15.10.2019 00:00,2210,1962
15.10.2019 00:00 - 15.10.2019 01:00,1846,1903
15.10.2019 01:00 - 15.10.2019 02:00,1790,1862
15.10.2019 02:00 - 15.10.2019 03:00,1815,1862
15.10.2019 03:00 - 15.10.2019 04:00,1829,1843
15.10.2019 04:00 - 15.10.2019 05:00,1885,1938
15.10.2019 05:00 - 15.10.2019 06:00,2049,2068
15.10.2019 06:00 - 15.10.2019 07:00,2370,2345
15.10.2019 07:00 - 15.10.2019 08:00,2643,2658
15.10.2019 08:00 - 15.10.2019 09:00,2747,2767
15.10.2019 09:00 - 15.10.2019 10:00,2782,2810
15.10.2019 10:00 - 15.10.2019 11:00,2868,2878
15.10.2019 11:00 - 15.10.2019 12:00,2852,2830
15.10.2019 12:00 - 15.10.2019 13:00,2758,2742
15.10.2019 13:00 - 15.10.2019 14:00,2727,2710
15.10.2019 14:00 - 15.10.2019 15:00,2664,2682
15.10.2019 15:00 - 15.10.2019 16:00,2579,2643
15.10.2019 16:00 - 15.10.2019 17:00,2570,2589
15.10.2019 17:00 - 15.10.2019 18:00,2693,2711
15.10.2019 18:00 - 15.10.2019 19:00,2741,2762
15.10.2019 19:00 - 15.10.2019 20:00,2699,2637
15.10.2019 20:00 - 15.10.2019 21:00,2531,2461
15.10.2019 21:00 - 15.10.2019 22:00,2370,2333
15.10.2019 22:00 - 15.10.2019 23:00,2240,2179
15.10.2019 23:00 - 16.10.2019 00:00,2103,1998
16.10.2019 00:00 - 16.10.2019 01:00,1883,1899
16.10.2019 01:00 - 16.10.2019 02:00,1806,1813
16.10.2019 02:00 - 16.10.2019 03:00,1771,1796
16.10.2019 03:00 - 16.10.2019 04:00,1790,1800
16.10.2019 04:00 - 16.10.2019 05:00,1864,1827
16.10.2019 05:00 - 16.10.2019 06:00,1988,1966
16.10.2019 06:00 - 16.10.2019 07:00,2288,2322
16.10.2019 07:00 - 16.10.2019 08:00,2620,2638
16.10.2019 08:00 - 16.10.2019 09:00,2771,2793
16.10.2019 09:00 - 16.10.2019 10:00,2820,2850
16.10.2019 10:00 - 16.10.2019 11:00,2903,2901
16.10.2019 11:00 - 16.10.2019 12:00,2880,2883
16.10.2019 12:00 - 16.10.2019 13:00,2820,2823
16.10.2019 13:00 - 16.10.2019 14:00,2823,2840
16.10.2019 14:00 - 16.10.2019 15:00,2775,2787
16.10.2019 15:00 - 16.10.2019 16:00,2682,2709
16.10.2019 16:00 - 16.10.2019 17:00,2654,2636
16.10.2019 17:00 - 16.10.2019 18:00,2748,2722
16.10.2019 18:00 - 16.10.2019 19:00,2746,2753
16.10.2019 19:00 - 16.10.2019 20:00,2651,2629
16.10.2019 20:00 - 16.10.2019 21:00,2492,2473
16.10.2019 21:00 - 16.10.2019 22:00,2336,2324
16.10.2019 22:00 - 16.10.2019 23:00,2195,2138
16.10.2019 23:00 - 17.10.2019 00:00,2045,1984
17.10.2019 00:00 - 17.10.2019 01:00,1867,1895
17.10.2019 01:00 - 17.10.2019 02:00,1817,1859
17.10.2019 02:00 - 17.10.2019 03:00,1815,1829
17.10.2019 03:00 - 17.10.2019 04:00,1815,1818
17.10.2019 04:00 - 17.10.2019 05:00,1855,1853
17.10.2019 05:00 - 17.10.2019 06:00,1964,1983
17.10.2019 06:00 - 17.10.2019 07:00,2259,2272
17.10.2019 07:00 - 17.10.2019 08:00,2585,2619
17.10.2019 08:00 - 17.10.2019 09:00,2740,2772
17.10.2019 09:00 - 17.10.2019 10:00,2786,2816
17.10.2019 10:00 - 17.10.2019 11:00,2863,2866
17.10.2019 11:00 - 17.10.2019 12:00,2852,2855
17.10.2019 12:00 - 17.10.2019 13:00,2786,2783
17.10.2019 13:00 - 17.10.2019 14:00,2778,2794
17.10.2019 14:00 - 17.10.2019 15:00,2715,2718
17.10.2019 15:00 - 17.10.2019 16:00,2602,2611
17.10.2019 16:00 - 17.10.2019 17:00,2561,2568
17.10.2019 17:00 - 17.10.2019 18:00,2667,2647
17.10.2019 18:00 - 17.10.2019 19:00,2689,2692
17.10.2019 19:00 - 17.10.2019 20:00,2603,2601
17.10.2019 20:00 - 17.10.2019 21:00,2466,2454
17.10.2019 21:00 - 17.10.2019 22:00,2325,2325
17.10.2019 22:00 - 17.10.2019 23:00,2201,2147
17.10.2019 23:00 - 18.10.2019 00:00,2069,1944
18.10.2019 00:00 - 18.10.2019 01:00,1855,1900
18.10.2019 01:00 - 18.10.2019 02:00,1813,1845
18.10.2019 02:00 - 18.10.2019 03:00,1797,1820
18.10.2019 03:00 - 18.10.2019 04:00,1812,1810
18.10.2019 04:00 - 18.10.2019 05:00,1862,1857
18.10.2019 05:00 - 18.10.2019 06:00,2006,1983
18.10.2019 06:00 - 18.10.2019 07:00,2256,2252
18.10.2019 07:00 - 18.10.2019 08:00,2530,2579
18.10.2019 08:00 - 18.10.2019 09:00,2702,2714
18.10.2019 09:00 - 18.10.2019 10:00,2756,2769
18.10.2019 10:00 - 18.10.2019 11:00,2828,2862
18.10.2019 11:00 - 18.10.2019 12:00,2772,2769
18.10.2019 12:00 - 18.10.2019 13:00,2688,2691
18.10.2019 13:00 - 18.10.2019 14:00,2598,2628
18.10.2019 14:00 - 18.10.2019 15:00,2516,2517
18.10.2019 15:00 - 18.10.2019 16:00,2439,2458
18.10.2019 16:00 - 18.10.2019 17:00,2442,2485
18.10.2019 17:00 - 18.10.2019 18:00,2592,2607
18.10.2019 18:00 - 18.10.2019 19:00,2606,2597
18.10.2019 19:00 - 18.10.2019 20:00,2442,2416
18.10.2019 20:00 - 18.10.2019 21:00,2264,2203
18.10.2019 21:00 - 18.10.2019 22:00,2107,2084
18.10.2019 22:00 - 18.10.2019 23:00,1981,1956
18.10.2019 23:00 - 19.10.2019 00:00,1853,1866
19.10.2019 00:00 - 19.10.2019 01:00,1698,1679
19.10.2019 01:00 - 19.10.2019 02:00,1593,1595
19.10.2019 02:00 - 19.10.2019 03:00,1547,1573
19.10.2019 03:00 - 19.10.2019 04:00,1587,1630
19.10.2019 04:00 - 19.10.2019 05:00,1589,1588
19.10.2019 05:00 - 19.10.2019 06:00,1638,1661
19.10.2019 06:00 - 19.10.2019 07:00,1799,1848
19.10.2019 07:00 - 19.10.2019 08:00,2018,2026
19.10.2019 08:00 - 19.10.2019 09:00,2164,2143
19.10.2019 09:00 - 19.10.2019 10:00,2245,2164
19.10.2019 10:00 - 19.10.2019 11:00,2173,2137
19.10.2019 11:00 - 19.10.2019 12:00,2128,2122
19.10.2019 12:00 - 19.10.2019 13:00,2116,2100
19.10.2019 13:00 - 19.10.2019 14:00,2061,2098
19.10.2019 14:00 - 19.10.2019 15:00,2048,2142
19.10.2019 15:00 - 19.10.2019 16:00,2139,2192
19.10.2019 16:00 - 19.10.2019 17:00,2196,2178
19.10.2019 17:00 - 19.10.2019 18:00,2340,2330
19.10.2019 18:00 - 19.10.2019 19:00,2388,2397
19.10.2019 19:00 - 19.10.2019 20:00,2240,2251
19.10.2019 20:00 - 19.10.2019 21:00,2101,2104
19.10.2019 21:00 - 19.10.2019 22:00,1987,1999
19.10.2019 22:00 - 19.10.2019 23:00,1846,1913
19.10.2019 23:00 - 20.10.2019 00:00,1718,1806
20.10.2019 00:00 - 20.10.2019 01:00,1701,1717
20.10.2019 01:00 - 20.10.2019 02:00,1631,1635
20.10.2019 02:00 - 20.10.2019 03:00,1594,1613
20.10.2019 03:00 - 20.10.2019 04:00,1622,1673
20.10.2019 04:00 - 20.10.2019 05:00,1664,1683
20.10.2019 05:00 - 20.10.2019 06:00,1695,1682
20.10.2019 06:00 - 20.10.2019 07:00,1749,1728
20.10.2019 07:00 - 20.10.2019 08:00,1891,1882
20.10.2019 08:00 - 20.10.2019 09:00,2019,1999
20.10.2019 09:00 - 20.10.2019 10:00,2104,2076
20.10.2019 10:00 - 20.10.2019 11:00,2137,2101
20.10.2019 11:00 - 20.10.2019 12:00,2120,2072
20.10.2019 12:00 - 20.10.2019 13:00,2053,2030
20.10.2019 13:00 - 20.10.2019 14:00,2040,2072
20.10.2019 14:00 - 20.10.2019 15:00,2065,2096
20.10.2019 15:00 - 20.10.2019 16:00,2096,2109
20.10.2019 16:00 - 20.10.2019 17:00,2154,2191
20.10.2019 17:00 - 20.10.2019 18:00,2415,2390
20.10.2019 18:00 - 20.10.2019 19:00,2480,2493
20.10.2019 19:00 - 20.10.2019 20:00,2358,2380
20.10.2019 20:00 - 20.10.2019 21:00,2222,2233
20.10.2019 21:00 - 20.10.2019 22:00,2091,2095
20.10.2019 22:00 - 20.10.2019 23:00,1929,1965
20.10.2019 23:00 - 21.10.2019 00:00,1794,1858
21.10.2019 00:00 - 21.10.2019 01:00,1778,1829
21.10.2019 01:00 - 21.10.2019 02:00,1754,1792
21.10.2019 02:00 - 21.10.2019 03:00,1770,1784
21.10.2019 03:00 - 21.10.2019 04:00,1771,1788
21.10.2019 04:00 - 21.10.2019 05:00,1825,1816
21.10.2019 05:00 - 21.10.2019 06:00,1973,1954
21.10.2019 06:00 - 21.10.2019 07:00,2368,2357
21.10.2019 07:00 - 21.10.2019 08:00,2774,2731
21.10.2019 08:00 - 21.10.2019 09:00,2840,2844
21.10.2019 09:00 - 21.10.2019 10:00,2843,2834
21.10.2019 10:00 - 21.10.2019 11:00,2894,2884
21.10.2019 11:00 - 21.10.2019 12:00,2877,2867
21.10.2019 12:00 - 21.10.2019 13:00,2829,2838
21.10.2019 13:00 - 21.10.2019 14:00,2852,2869
21.10.2019 14:00 - 21.10.2019 15:00,2811,2828
21.10.2019 15:00 - 21.10.2019 16:00,2731,2753
21.10.2019 16:00 - 21.10.2019 17:00,2738,2734
21.10.2019 17:00 - 21.10.2019 18:00,2907,2905
21.10.2019 18:00 - 21.10.2019 19:00,2876,2868
21.10.2019 19:00 - 21.10.2019 20:00,2705,2704
21.10.2019 20:00 - 21.10.2019 21:00,2512,2520
21.10.2019 21:00 - 21.10.2019 22:00,2330,2381
21.10.2019 22:00 - 21.10.2019 23:00,2163,2196
21.10.2019 23:00 - 22.10.2019 00:00,2021,2007
22.10.2019 00:00 - 22.10.2019 01:00,1883,1916
22.10.2019 01:00 - 22.10.2019 02:00,1795,1853
22.10.2019 02:00 - 22.10.2019 03:00,1793,1835
22.10.2019 03:00 - 22.10.2019 04:00,1822,1849
22.10.2019 04:00 - 22.10.2019 05:00,1900,1910
22.10.2019 05:00 - 22.10.2019 06:00,2068,2042
22.10.2019 06:00 - 22.10.2019 07:00,2373,2401
22.10.2019 07:00 - 22.10.2019 08:00,2775,2762
22.10.2019 08:00 - 22.10.2019 09:00,2887,2852
22.10.2019 09:00 - 22.10.2019 10:00,2846,2817
22.10.2019 10:00 - 22.10.2019 11:00,2856,2843
22.10.2019 11:00 - 22.10.2019 12:00,2850,2819
22.10.2019 12:00 - 22.10.2019 13:00,2784,2789
22.10.2019 13:00 - 22.10.2019 14:00,2801,2869
22.10.2019 14:00 - 22.10.2019 15:00,2855,2862
22.10.2019 15:00 - 22.10.2019 16:00,2766,2777
22.10.2019 16:00 - 22.10.2019 17:00,2763,2774
22.10.2019 17:00 - 22.10.2019 18:00,2887,2901
22.10.2019 18:00 - 22.10.2019 19:00,2914,2931
22.10.2019 19:00 - 22.10.2019 20:00,2799,2783
22.10.2019 20:00 - 22.10.2019 21:00,2622,2593
22.10.2019 21:00 - 22.10.2019 22:00,2474,2462
22.10.2019 22:00 - 22.10.2019 23:00,2341,2278
22.10.2019 23:00 - 23.10.2019 00:00,2196,2073
23.10.2019 00:00 - 23.10.2019 01:00,1957,1975
23.10.2019 01:00 - 23.10.2019 02:00,1884,1921
23.10.2019 02:00 - 23.10.2019 03:00,1912,1960
23.10.2019 03:00 - 23.10.2019 04:00,1944,1941
23.10.2019 04:00 - 23.10.2019 05:00,1969,1954
23.10.2019 05:00 - 23.10.2019 06:00,2090,2055
23.10.2019 06:00 - 23.10.2019 07:00,2406,2443
23.10.2019 07:00 - 23.10.2019 08:00,2790,2818
23.10.2019 08:00 - 23.10.2019 09:00,2921,2911
23.10.2019 09:00 - 23.10.2019 10:00,2884,2857
23.10.2019 10:00 - 23.10.2019 11:00,2886,2882
23.10.2019 11:00 - 23.10.2019 12:00,2855,2862
23.10.2019 12:00 - 23.10.2019 13:00,2826,2813
23.10.2019 13:00 - 23.10.2019 14:00,2827,2837
23.10.2019 14:00 - 23.10.2019 15:00,2811,2799
23.10.2019 15:00 - 23.10.2019 16:00,2725,2715
23.10.2019 16:00 - 23.10.2019 17:00,2709,2709
23.10.2019 17:00 - 23.10.2019 18:00,2859,2815
23.10.2019 18:00 - 23.10.2019 19:00,2842,2842
23.10.2019 19:00 - 23.10.2019 20:00,2732,2711
23.10.2019 20:00 - 23.10.2019 21:00,2562,2533
23.10.2019 21:00 - 23.10.2019 22:00,2428,2410
23.10.2019 22:00 - 23.10.2019 23:00,2338,2208
23.10.2019 23:00 - 24.10.2019 00:00,2229,2037
24.10.2019 00:00 - 24.10.2019 01:00,1910,1929
24.10.2019 01:00 - 24.10.2019 02:00,1832,1866
24.10.2019 02:00 - 24.10.2019 03:00,1817,1856
24.10.2019 03:00 - 24.10.2019 04:00,1841,1862
24.10.2019 04:00 - 24.10.2019 05:00,1904,1918
24.10.2019 05:00 - 24.10.2019 06:00,2090,2069
24.10.2019 06:00 - 24.10.2019 07:00,2403,2412
24.10.2019 07:00 - 24.10.2019 08:00,2763,2756
24.10.2019 08:00 - 24.10.2019 09:00,2834,2838
24.10.2019 09:00 - 24.10.2019 10:00,2830,2837
24.10.2019 10:00 - 24.10.2019 11:00,2870,2872
24.10.2019 11:00 - 24.10.2019 12:00,2851,2878
24.10.2019 12:00 - 24.10.2019 13:00,2803,2835
24.10.2019 13:00 - 24.10.2019 14:00,2864,2894
24.10.2019 14:00 - 24.10.2019 15:00,2863,2879
24.10.2019 15:00 - 24.10.2019 16:00,2751,2784
24.10.2019 16:00 - 24.10.2019 17:00,2781,2802
24.10.2019 17:00 - 24.10.2019 18:00,2959,2905
24.10.2019 18:00 - 24.10.2019 19:00,2937,2867
24.10.2019 19:00 - 24.10.2019 20:00,2731,2717
24.10.2019 20:00 - 24.10.2019 21:00,2618,2629
24.10.2019 21:00 - 24.10.2019 22:00,2479,2510
24.10.2019 22:00 - 24.10.2019 23:00,2380,2299
24.10.2019 23:00 - 25.10.2019 00:00,2251,2121
25.10.2019 00:00 - 25.10.2019 01:00,2005,2025
25.10.2019 01:00 - 25.10.2019 02:00,1952,2008
25.10.2019 02:00 - 25.10.2019 03:00,1958,1980
25.10.2019 03:00 - 25.10.2019 04:00,1947,1933
25.10.2019 04:00 - 25.10.2019 05:00,1980,1985
25.10.2019 05:00 - 25.10.2019 06:00,2145,2165
25.10.2019 06:00 - 25.10.2019 07:00,2456,2474
25.10.2019 07:00 - 25.10.2019 08:00,2807,2881
25.10.2019 08:00 - 25.10.2019 09:00,2915,2929
25.10.2019 09:00 - 25.10.2019 10:00,2872,2886
25.10.2019 10:00 - 25.10.2019 11:00,2888,2927
25.10.2019 11:00 - 25.10.2019 12:00,2914,2909
25.10.2019 12:00 - 25.10.2019 13:00,2802,2841
25.10.2019 13:00 - 25.10.2019 14:00,2750,2804
25.10.2019 14:00 - 25.10.2019 15:00,2645,2653
25.10.2019 15:00 - 25.10.2019 16:00,2537,2512
25.10.2019 16:00 - 25.10.2019 17:00,2512,2476
25.10.2019 17:00 - 25.10.2019 18:00,2610,2590
25.10.2019 18:00 - 25.10.2019 19:00,2672,2707
25.10.2019 19:00 - 25.10.2019 20:00,2561,2526
25.10.2019 20:00 - 25.10.2019 21:00,2409,2302
25.10.2019 21:00 - 25.10.2019 22:00,2208,2227
25.10.2019 22:00 - 25.10.2019 23:00,2097,2117
25.10.2019 23:00 - 26.10.2019 00:00,1995,2048
26.10.2019 00:00 - 26.10.2019 01:00,1921,1965
26.10.2019 01:00 - 26.10.2019 02:00,1849,1884
26.10.2019 02:00 - 26.10.2019 03:00,1801,1813
26.10.2019 03:00 - 26.10.2019 04:00,1773,1798
26.10.2019 04:00 - 26.10.2019 05:00,1804,1829
26.10.2019 05:00 - 26.10.2019 06:00,1835,1856
26.10.2019 06:00 - 26.10.2019 07:00,1967,1962
26.10.2019 07:00 - 26.10.2019 08:00,2136,2126
26.10.2019 08:00 - 26.10.2019 09:00,2275,2191
26.10.2019 09:00 - 26.10.2019 10:00,2265,2271
26.10.2019 10:00 - 26.10.2019 11:00,2329,2335
26.10.2019 11:00 - 26.10.2019 12:00,2317,2340
26.10.2019 12:00 - 26.10.2019 13:00,2285,2309
26.10.2019 13:00 - 26.10.2019 14:00,2290,2269
26.10.2019 14:00 - 26.10.2019 15:00,2236,2228
26.10.2019 15:00 - 26.10.2019 16:00,2183,2231
26.10.2019 16:00 - 26.10.2019 17:00,2261,2291
26.10.2019 17:00 - 26.10.2019 18:00,2449,2440
26.10.2019 18:00 - 26.10.2019 19:00,2517,2448
26.10.2019 19:00 - 26.10.2019 20:00,2266,2261
26.10.2019 20:00 - 26.10.2019 21:00,2117,2125
26.10.2019 21:00 - 26.10.2019 22:00,2008,2041
26.10.2019 22:00 - 26.10.2019 23:00,1882,1944
26.10.2019 23:00 - 27.10.2019 00:00,1775,1807
27.10.2019 00:00 - 27.10.2019 01:00,1731,1719
27.10.2019 01:00 - 27.10.2019 02:00,1647,1658
27.10.2019 02:00 - 27.10.2019 03:00,1602,1631
27.10.2019 02:00 - 27.10.2019 03:00,1622,1678
27.10.2019 03:00 - 27.10.2019 04:00,1683,1718
27.10.2019 04:00 - 27.10.2019 05:00,1707,1802
27.10.2019 05:00 - 27.10.2019 06:00,1775,1853
27.10.2019 06:00 - 27.10.2019 07:00,1990,1989
27.10.2019 07:00 - 27.10.2019 08:00,2159,2150
27.10.2019 08:00 - 27.10.2019 09:00,2293,2280
27.10.2019 09:00 - 27.10.2019 10:00,2307,2308
27.10.2019 10:00 - 27.10.2019 11:00,2346,2340
27.10.2019 11:00 - 27.10.2019 12:00,2349,2331
27.10.2019 12:00 - 27.10.2019 13:00,2281,2312
27.10.2019 13:00 - 27.10.2019 14:00,2261,2330
27.10.2019 14:00 - 27.10.2019 15:00,2282,2253
27.10.2019 15:00 - 27.10.2019 16:00,2265,2293
27.10.2019 16:00 - 27.10.2019 17:00,2396,2439
27.10.2019 17:00 - 27.10.2019 18:00,2757,2767
27.10.2019 18:00 - 27.10.2019 19:00,2695,2666
27.10.2019 19:00 - 27.10.2019 20:00,2481,2459
27.10.2019 20:00 - 27.10.2019 21:00,2268,2305
27.10.2019 21:00 - 27.10.2019 22:00,2152,2191
27.10.2019 22:00 - 27.10.2019 23:00,2101,2057
27.10.2019 23:00 - 28.10.2019 00:00,2037,1960
28.10.2019 00:00 - 28.10.2019 01:00,1910,1889
28.10.2019 01:00 - 28.10.2019 02:00,1848,1860
28.10.2019 02:00 - 28.10.2019 03:00,1891,1907
28.10.2019 03:00 - 28.10.2019 04:00,1928,1886
28.10.2019 04:00 - 28.10.2019 05:00,1984,1957
28.10.2019 05:00 - 28.10.2019 06:00,2123,2117
28.10.2019 06:00 - 28.10.2019 07:00,2553,2502
28.10.2019 07:00 - 28.10.2019 08:00,2798,2761
28.10.2019 08:00 - 28.10.2019 09:00,2883,2847
28.10.2019 09:00 - 28.10.2019 10:00,2857,2837
28.10.2019 10:00 - 28.10.2019 11:00,2894,2920
28.10.2019 11:00 - 28.10.2019 12:00,2957,3078
28.10.2019 12:00 - 28.10.2019 13:00,2953,2965
28.10.2019 13:00 - 28.10.2019 14:00,2969,2964
28.10.2019 14:00 - 28.10.2019 15:00,2904,2901
28.10.2019 15:00 - 28.10.2019 16:00,2781,2749
28.10.2019 16:00 - 28.10.2019 17:00,2765,2734
28.10.2019 17:00 - 28.10.2019 18:00,3020,3045
28.10.2019 18:00 - 28.10.2019 19:00,2904,2925
28.10.2019 19:00 - 28.10.2019 20:00,2730,2735
28.10.2019 20:00 - 28.10.2019 21:00,2549,2573
28.10.2019 21:00 - 28.10.2019 22:00,2410,2450
28.10.2019 22:00 - 28.10.2019 23:00,2279,2263
28.10.2019 23:00 - 29.10.2019 00:00,2111,2088
29.10.2019 00:00 - 29.10.2019 01:00,1960,2003
29.10.2019 01:00 - 29.10.2019 02:00,1922,1963
29.10.2019 02:00 - 29.10.2019 03:00,1923,1925
29.10.2019 03:00 - 29.10.2019 04:00,1941,2049
29.10.2019 04:00 - 29.10.2019 05:00,1985,1984
29.10.2019 05:00 - 29.10.2019 06:00,2151,2162
29.10.2019 06:00 - 29.10.2019 07:00,2532,2567
29.10.2019 07:00 - 29.10.2019 08:00,2886,2839
29.10.2019 08:00 - 29.10.2019 09:00,2954,2943
29.10.2019 09:00 - 29.10.2019 10:00,2921,2892
29.10.2019 10:00 - 29.10.2019 11:00,2926,2909
29.10.2019 11:00 - 29.10.2019 12:00,2895,2892
29.10.2019 12:00 - 29.10.2019 13:00,2818,2804
29.10.2019 13:00 - 29.10.2019 14:00,2816,2808
29.10.2019 14:00 - 29.10.2019 15:00,2753,2752
29.10.2019 15:00 - 29.10.2019 16:00,2669,2681
29.10.2019 16:00 - 29.10.2019 17:00,2721,2742
29.10.2019 17:00 - 29.10.2019 18:00,2999,3072
29.10.2019 18:00 - 29.10.2019 19:00,2960,2965
29.10.2019 19:00 - 29.10.2019 20:00,2820,2787
29.10.2019 20:00 - 29.10.2019 21:00,2655,2643
29.10.2019 21:00 - 29.10.2019 22:00,2532,2513
29.10.2019 22:00 - 29.10.2019 23:00,2372,2319
29.10.2019 23:00 - 30.10.2019 00:00,2229,2150
30.10.2019 00:00 - 30.10.2019 01:00,2047,2042
30.10.2019 01:00 - 30.10.2019 02:00,1975,1997
30.10.2019 02:00 - 30.10.2019 03:00,1955,1989
30.10.2019 03:00 - 30.10.2019 04:00,1993,2019
30.10.2019 04:00 - 30.10.2019 05:00,2075,2085
30.10.2019 05:00 - 30.10.2019 06:00,2241,2285
30.10.2019 06:00 - 30.10.2019 07:00,2604,2677
30.10.2019 07:00 - 30.10.2019 08:00,2951,2987
30.10.2019 08:00 - 30.10.2019 09:00,3055,3065
30.10.2019 09:00 - 30.10.2019 10:00,3017,3005
30.10.2019 10:00 - 30.10.2019 11:00,3037,3034
30.10.2019 11:00 - 30.10.2019 12:00,3015,3021
30.10.2019 12:00 - 30.10.2019 13:00,2943,2936
30.10.2019 13:00 - 30.10.2019 14:00,2943,2943
30.10.2019 14:00 - 30.10.2019 15:00,2872,2876
30.10.2019 15:00 - 30.10.2019 16:00,2793,2801
30.10.2019 16:00 - 30.10.2019 17:00,2852,2856
30.10.2019 17:00 - 30.10.2019 18:00,3161,3150
30.10.2019 18:00 - 30.10.2019 19:00,3022,3006
30.10.2019 19:00 - 30.10.2019 20:00,2855,2846
30.10.2019 20:00 - 30.10.2019 21:00,2713,2706
30.10.2019 21:00 - 30.10.2019 22:00,2582,2549
30.10.2019 22:00 - 30.10.2019 23:00,2393,2345
30.10.2019 23:00 - 31.10.2019 00:00,2244,2159
31.10.2019 00:00 - 31.10.2019 01:00,2064,2030
31.10.2019 01:00 - 31.10.2019 02:00,1976,1992
31.10.2019 02:00 - 31.10.2019 03:00,1966,1980
31.10.2019 03:00 - 31.10.2019 04:00,1992,1992
31.10.2019 04:00 - 31.10.2019 05:00,2066,2051
31.10.2019 05:00 - 31.10.2019 06:00,2195,2205
31.10.2019 06:00 - 31.10.2019 07:00,2552,2590
31.10.2019 07:00 - 31.10.2019 08:00,2880,2883
31.10.2019 08:00 - 31.10.2019 09:00,2974,2970
31.10.2019 09:00 - 31.10.2019 10:00,2963,2933
31.10.2019 10:00 - 31.10.2019 11:00,2983,2978
31.10.2019 11:00 - 31.10.2019 12:00,2955,2946
31.10.2019 12:00 - 31.10.2019 13:00,2886,2875
31.10.2019 13:00 - 31.10.2019 14:00,2887,2893
31.10.2019 14:00 - 31.10.2019 15:00,2805,2820
31.10.2019 15:00 - 31.10.2019 16:00,2717,2713
31.10.2019 16:00 - 31.10.2019 17:00,2762,2762
31.10.2019 17:00 - 31.10.2019 18:00,3061,3031
31.10.2019 18:00 - 31.10.2019 19:00,2929,2930
31.10.2019 19:00 - 31.10.2019 20:00,2771,2749
31.10.2019 20:00 - 31.10.2019 21:00,2627,2570
31.10.2019 21:00 - 31.10.2019 22:00,2473,2459
31.10.2019 22:00 - 31.10.2019 23:00,2315,2274
31.10.2019 23:00 - 01.11.2019 00:00,2174,2120
01.11.2019 00:00 - 01.11.2019 01:00,2003,2049
01.11.2019 01:00 - 01.11.2019 02:00,1966,1987
01.11.2019 02:00 - 01.11.2019 03:00,1981,2007
01.11.2019 03:00 - 01.11.2019 04:00,2005,1987
01.11.2019 04:00 - 01.11.2019 05:00,2054,2056
01.11.2019 05:00 - 01.11.2019 06:00,2206,2216
01.11.2019 06:00 - 01.11.2019 07:00,2549,2607
01.11.2019 07:00 - 01.11.2019 08:00,2921,2958
01.11.2019 08:00 - 01.11.2019 09:00,3053,3074
01.11.2019 09:00 - 01.11.2019 10:00,3057,3020
01.11.2019 10:00 - 01.11.2019 11:00,3053,3021
01.11.2019 11:00 - 01.11.2019 12:00,2977,2962
01.11.2019 12:00 - 01.11.2019 13:00,2838,2815
01.11.2019 13:00 - 01.11.2019 14:00,2760,2754
01.11.2019 14:00 - 01.11.2019 15:00,2654,2685
01.11.2019 15:00 - 01.11.2019 16:00,2618,2651
01.11.2019 16:00 - 01.11.2019 17:00,2720,2704
01.11.2019 17:00 - 01.11.2019 18:00,2956,2944
01.11.2019 18:00 - 01.11.2019 19:00,2826,2802
01.11.2019 19:00 - 01.11.2019 20:00,2618,2584
01.11.2019 20:00 - 01.11.2019 21:00,2451,2398
01.11.2019 21:00 - 01.11.2019 22:00,2335,2280
01.11.2019 22:00 - 01.11.2019 23:00,2140,2141
01.11.2019 23:00 - 02.11.2019 00:00,1992,1967
02.11.2019 00:00 - 02.11.2019 01:00,1854,1877
02.11.2019 01:00 - 02.11.2019 02:00,1771,1814
02.11.2019 02:00 - 02.11.2019 03:00,1752,1791
02.11.2019 03:00 - 02.11.2019 04:00,1788,1789
02.11.2019 04:00 - 02.11.2019 05:00,1772,1817
02.11.2019 05:00 - 02.11.2019 06:00,1853,1879
02.11.2019 06:00 - 02.11.2019 07:00,2006,2017
02.11.2019 07:00 - 02.11.2019 08:00,2185,2206
02.11.2019 08:00 - 02.11.2019 09:00,2343,2344
02.11.2019 09:00 - 02.11.2019 10:00,2448,2445
02.11.2019 10:00 - 02.11.2019 11:00,2472,2473
02.11.2019 11:00 - 02.11.2019 12:00,2482,2503
02.11.2019 12:00 - 02.11.2019 13:00,2473,2483
02.11.2019 13:00 - 02.11.2019 14:00,2449,2484
02.11.2019 14:00 - 02.11.2019 15:00,2431,2483
02.11.2019 15:00 - 02.11.2019 16:00,2461,2507
02.11.2019 16:00 - 02.11.2019 17:00,2589,2584
02.11.2019 17:00 - 02.11.2019 18:00,2849,2791
02.11.2019 18:00 - 02.11.2019 19:00,2700,2657
02.11.2019 19:00 - 02.11.2019 20:00,2446,2423
02.11.2019 20:00 - 02.11.2019 21:00,2277,2264
02.11.2019 21:00 - 02.11.2019 22:00,2142,2163
02.11.2019 22:00 - 02.11.2019 23:00,2010,2039
02.11.2019 23:00 - 03.11.2019 00:00,1888,1926
03.11.2019 00:00 - 03.11.2019 01:00,1817,1823
03.11.2019 01:00 - 03.11.2019 02:00,1744,1760
03.11.2019 02:00 - 03.11.2019 03:00,1742,1735
03.11.2019 03:00 - 03.11.2019 04:00,1701,1678
03.11.2019 04:00 - 03.11.2019 05:00,1703,1733
03.11.2019 05:00 - 03.11.2019 06:00,1768,1776
03.11.2019 06:00 - 03.11.2019 07:00,1885,1869
03.11.2019 07:00 - 03.11.2019 08:00,2032,2007
03.11.2019 08:00 - 03.11.2019 09:00,2185,2157
03.11.2019 09:00 - 03.11.2019 10:00,2255,2249
03.11.2019 10:00 - 03.11.2019 11:00,2300,2278
03.11.2019 11:00 - 03.11.2019 12:00,2292,2267
03.11.2019 12:00 - 03.11.2019 13:00,2262,2261
03.11.2019 13:00 - 03.11.2019 14:00,2236,2218
03.11.2019 14:00 - 03.11.2019 15:00,2212,2198
03.11.2019 15:00 - 03.11.2019 16:00,2204,2189
03.11.2019 16:00 - 03.11.2019 17:00,2345,2334
03.11.2019 17:00 - 03.11.2019 18:00,2671,2672
03.11.2019 18:00 - 03.11.2019 19:00,2595,2585
03.11.2019 19:00 - 03.11.2019 20:00,2403,2395
03.11.2019 20:00 - 03.11.2019 21:00,2243,2236
03.11.2019 21:00 - 03.11.2019 22:00,2127,2152
03.11.2019 22:00 - 03.11.2019 23:00,2011,1998
03.11.2019 23:00 - 04.11.2019 00:00,1908,1886
04.11.2019 00:00 - 04.11.2019 01:00,1824,1845
04.11.2019 01:00 - 04.11.2019 02:00,1810,1853
04.11.2019 02:00 - 04.11.2019 03:00,1839,1849
04.11.2019 03:00 - 04.11.2019 04:00,1871,1879
04.11.2019 04:00 - 04.11.2019 05:00,1921,1956
04.11.2019 05:00 - 04.11.2019 06:00,2134,2146
04.11.2019 06:00 - 04.11.2019 07:00,2543,2538
04.11.2019 07:00 - 04.11.2019 08:00,2943,2935
04.11.2019 08:00 - 04.11.2019 09:00,3015,4952
04.11.2019 09:00 - 04.11.2019 10:00,3044,3093
04.11.2019 10:00 - 04.11.2019 11:00,3145,3157
04.11.2019 11:00 - 04.11.2019 12:00,3140,3137
04.11.2019 12:00 - 04.11.2019 13:00,3070,3137
04.11.2019 13:00 - 04.11.2019 14:00,3119,3130
04.11.2019 14:00 - 04.11.2019 15:00,3082,3107
04.11.2019 15:00 - 04.11.2019 16:00,3022,3050
04.11.2019 16:00 - 04.11.2019 17:00,3117,3131
04.11.2019 17:00 - 04.11.2019 18:00,3363,3338
04.11.2019 18:00 - 04.11.2019 19:00,3191,3192
04.11.2019 19:00 - 04.11.2019 20:00,2972,2956
04.11.2019 20:00 - 04.11.2019 21:00,2773,2760
04.11.2019 21:00 - 04.11.2019 22:00,2574,2612
04.11.2019 22:00 - 04.11.2019 23:00,2396,2406
04.11.2019 23:00 - 05.11.2019 00:00,2237,2258
05.11.2019 00:00 - 05.11.2019 01:00,2116,2134
05.11.2019 01:00 - 05.11.2019 02:00,2049,2077
05.11.2019 02:00 - 05.11.2019 03:00,2051,2044
05.11.2019 03:00 - 05.11.2019 04:00,2049,2056
05.11.2019 04:00 - 05.11.2019 05:00,2113,2120
05.11.2019 05:00 - 05.11.2019 06:00,2263,2257
05.11.2019 06:00 - 05.11.2019 07:00,2626,2621
05.11.2019 07:00 - 05.11.2019 08:00,2941,2957
05.11.2019 08:00 - 05.11.2019 09:00,3075,3098
05.11.2019 09:00 - 05.11.2019 10:00,3078,3110
05.11.2019 10:00 - 05.11.2019 11:00,3134,3150
05.11.2019 11:00 - 05.11.2019 12:00,3092,3092
05.11.2019 12:00 - 05.11.2019 13:00,3004,3027
05.11.2019 13:00 - 05.11.2019 14:00,3035,3036
05.11.2019 14:00 - 05.11.2019 15:00,3001,2986
05.11.2019 15:00 - 05.11.2019 16:00,2858,2920
05.11.2019 16:00 - 05.11.2019 17:00,2947,3012
05.11.2019 17:00 - 05.11.2019 18:00,3256,3208
05.11.2019 18:00 - 05.11.2019 19:00,3065,3036
05.11.2019 19:00 - 05.11.2019 20:00,2897,2904
05.11.2019 20:00 - 05.11.2019 21:00,2774,2686
05.11.2019 21:00 - 05.11.2019 22:00,2606,2536
05.11.2019 22:00 - 05.11.2019 23:00,2389,2334
05.11.2019 23:00 - 06.11.2019 00:00,2231,2158
06.11.2019 00:00 - 06.11.2019 01:00,2046,2069
06.11.2019 01:00 - 06.11.2019 02:00,1999,2012
06.11.2019 02:00 - 06.11.2019 03:00,1990,1990
06.11.2019 03:00 - 06.11.2019 04:00,2001,1984
06.11.2019 04:00 - 06.11.2019 05:00,2044,2023
06.11.2019 05:00 - 06.11.2019 06:00,2168,2180
06.11.2019 06:00 - 06.11.2019 07:00,2543,2593
06.11.2019 07:00 - 06.11.2019 08:00,2916,2923
06.11.2019 08:00 - 06.11.2019 09:00,2989,2976
06.11.2019 09:00 - 06.11.2019 10:00,2983,3010
06.11.2019 10:00 - 06.11.2019 11:00,3039,3056
06.11.2019 11:00 - 06.11.2019 12:00,3036,3073
06.11.2019 12:00 - 06.11.2019 13:00,2981,3035
06.11.2019 13:00 - 06.11.2019 14:00,3012,3019
06.11.2019 14:00 - 06.11.2019 15:00,2955,2936
06.11.2019 15:00 - 06.11.2019 16:00,2842,2904
06.11.2019 16:00 - 06.11.2019 17:00,2951,2982
06.11.2019 17:00 - 06.11.2019 18:00,3193,3153
06.11.2019 18:00 - 06.11.2019 19:00,3057,3076
06.11.2019 19:00 - 06.11.2019 20:00,2921,2879
06.11.2019 20:00 - 06.11.2019 21:00,2769,2693
06.11.2019 21:00 - 06.11.2019 22:00,2557,2527
06.11.2019 22:00 - 06.11.2019 23:00,2405,2326
06.11.2019 23:00 - 07.11.2019 00:00,2260,2141
07.11.2019 00:00 - 07.11.2019 01:00,2040,2059
07.11.2019 01:00 - 07.11.2019 02:00,1985,2014
07.11.2019 02:00 - 07.11.2019 03:00,1984,2004
07.11.2019 03:00 - 07.11.2019 04:00,2020,2007
07.11.2019 04:00 - 07.11.2019 05:00,2087,2069
07.11.2019 05:00 - 07.11.2019 06:00,2229,2226
07.11.2019 06:00 - 07.11.2019 07:00,2601,2607
07.11.2019 07:00 - 07.11.2019 08:00,2928,2943
07.11.2019 08:00 - 07.11.2019 09:00,3001,2978
07.11.2019 09:00 - 07.11.2019 10:00,2988,3000
07.11.2019 10:00 - 07.11.2019 11:00,3023,3018
07.11.2019 11:00 - 07.11.2019 12:00,3003,3014
07.11.2019 12:00 - 07.11.2019 13:00,2930,2940
07.11.2019 13:00 - 07.11.2019 14:00,2932,2926
07.11.2019 14:00 - 07.11.2019 15:00,2893,2872
07.11.2019 15:00 - 07.11.2019 16:00,2763,2780
07.11.2019 16:00 - 07.11.2019 17:00,2894,2936
07.11.2019 17:00 - 07.11.2019 18:00,3165,3133
07.11.2019 18:00 - 07.11.2019 19:00,3040,3068
07.11.2019 19:00 - 07.11.2019 20:00,2908,2884
07.11.2019 20:00 - 07.11.2019 21:00,2741,2723
07.11.2019 21:00 - 07.11.2019 22:00,2581,2565
07.11.2019 22:00 - 07.11.2019 23:00,2428,2375
07.11.2019 23:00 - 08.11.2019 00:00,2294,2234
08.11.2019 00:00 - 08.11.2019 01:00,2123,2142
08.11.2019 01:00 - 08.11.2019 02:00,2057,2097
08.11.2019 02:00 - 08.11.2019 03:00,2031,2071
08.11.2019 03:00 - 08.11.2019 04:00,2059,2062
08.11.2019 04:00 - 08.11.2019 05:00,2127,2137
08.11.2019 05:00 - 08.11.2019 06:00,2256,2286
08.11.2019 06:00 - 08.11.2019 07:00,2573,2591
08.11.2019 07:00 - 08.11.2019 08:00,2907,2958
08.11.2019 08:00 - 08.11.2019 09:00,2983,2977
08.11.2019 09:00 - 08.11.2019 10:00,2968,3039
08.11.2019 10:00 - 08.11.2019 11:00,3051,3081
08.11.2019 11:00 - 08.11.2019 12:00,3005,3000
08.11.2019 12:00 - 08.11.2019 13:00,2885,2913
08.11.2019 13:00 - 08.11.2019 14:00,2811,2773
08.11.2019 14:00 - 08.11.2019 15:00,2681,2675
08.11.2019 15:00 - 08.11.2019 16:00,2610,2593
08.11.2019 16:00 - 08.11.2019 17:00,2725,2702
08.11.2019 17:00 - 08.11.2019 18:00,2915,2911
08.11.2019 18:00 - 08.11.2019 19:00,2797,2797
08.11.2019 19:00 - 08.11.2019 20:00,2630,2597
08.11.2019 20:00 - 08.11.2019 21:00,2500,2439
08.11.2019 21:00 - 08.11.2019 22:00,2344,2315
08.11.2019 22:00 - 08.11.2019 23:00,2179,2154
08.11.2019 23:00 - 09.11.2019 00:00,2069,2017
09.11.2019 00:00 - 09.11.2019 01:00,1912,1926
09.11.2019 01:00 - 09.11.2019 02:00,1848,1890
09.11.2019 02:00 - 09.11.2019 03:00,1834,1888
09.11.2019 03:00 - 09.11.2019 04:00,1814,1875
09.11.2019 04:00 - 09.11.2019 05:00,1843,1898
09.11.2019 05:00 - 09.11.2019 06:00,1922,1948
09.11.2019 06:00 - 09.11.2019 07:00,2100,2074
09.11.2019 07:00 - 09.11.2019 08:00,2237,2180
09.11.2019 08:00 - 09.11.2019 09:00,2326,2331
09.11.2019 09:00 - 09.11.2019 10:00,2431,1557
09.11.2019 10:00 - 09.11.2019 11:00,2450,1561
09.11.2019 11:00 - 09.11.2019 12:00,2405,1568
09.11.2019 12:00 - 09.11.2019 13:00,2348,1623
09.11.2019 13:00 - 09.11.2019 14:00,2305,2442
09.11.2019 14:00 - 09.11.2019 15:00,2379,2424
09.11.2019 15:00 - 09.11.2019 16:00,2419,2429
09.11.2019 16:00 - 09.11.2019 17:00,2505,2488
09.11.2019 17:00 - 09.11.2019 18:00,2717,2719
09.11.2019 18:00 - 09.11.2019 19:00,2578,2592
09.11.2019 19:00 - 09.11.2019 20:00,2393,2384
09.11.2019 20:00 - 09.11.2019 21:00,2279,2253
09.11.2019 21:00 - 09.11.2019 22:00,2132,2152
09.11.2019 22:00 - 09.11.2019 23:00,2062,2056
09.11.2019 23:00 - 10.11.2019 00:00,1939,1983
10.11.2019 00:00 - 10.11.2019 01:00,1858,1935
10.11.2019 01:00 - 10.11.2019 02:00,1843,1875
10.11.2019 02:00 - 10.11.2019 03:00,1819,1842
10.11.2019 03:00 - 10.11.2019 04:00,1804,1812
10.11.2019 04:00 - 10.11.2019 05:00,1819,1821
10.11.2019 05:00 - 10.11.2019 06:00,1847,1871
10.11.2019 06:00 - 10.11.2019 07:00,1972,1980
10.11.2019 07:00 - 10.11.2019 08:00,2135,2146
10.11.2019 08:00 - 10.11.2019 09:00,2296,2310
10.11.2019 09:00 - 10.11.2019 10:00,2400,2375
10.11.2019 10:00 - 10.11.2019 11:00,2489,2387
10.11.2019 11:00 - 10.11.2019 12:00,2392,2381
10.11.2019 12:00 - 10.11.2019 13:00,2307,2359
10.11.2019 13:00 - 10.11.2019 14:00,2291,2339
10.11.2019 14:00 - 10.11.2019 15:00,2329,2341
10.11.2019 15:00 - 10.11.2019 16:00,2365,2375
10.11.2019 16:00 - 10.11.2019 17:00,2566,2582
10.11.2019 17:00 - 10.11.2019 18:00,2862,2807
10.11.2019 18:00 - 10.11.2019 19:00,2674,2616
10.11.2019 19:00 - 10.11.2019 20:00,2431,2439
10.11.2019 20:00 - 10.11.2019 21:00,2290,2305
10.11.2019 21:00 - 10.11.2019 22:00,2197,2208
10.11.2019 22:00 - 10.11.2019 23:00,2111,2068
10.11.2019 23:00 - 11.11.2019 00:00,2014,1952
11.11.2019 00:00 - 11.11.2019 01:00,1879,1914
11.11.2019 01:00 - 11.11.2019 02:00,1891,1942
11.11.2019 02:00 - 11.11.2019 03:00,1937,1938
11.11.2019 03:00 - 11.11.2019 04:00,1972,1959
11.11.2019 04:00 - 11.11.2019 05:00,2015,2015
11.11.2019 05:00 - 11.11.2019 06:00,2161,2137
11.11.2019 06:00 - 11.11.2019 07:00,2529,2484
11.11.2019 07:00 - 11.11.2019 08:00,2901,2841
11.11.2019 08:00 - 11.11.2019 09:00,2932,2941
11.11.2019 09:00 - 11.11.2019 10:00,2949,2982
11.11.2019 10:00 - 11.11.2019 11:00,3042,3046
11.11.2019 11:00 - 11.11.2019 12:00,3036,3030
11.11.2019 12:00 - 11.11.2019 13:00,2950,2973
11.11.2019 13:00 - 11.11.2019 14:00,3013,3016
11.11.2019 14:00 - 11.11.2019 15:00,2948,2940
11.11.2019 15:00 - 11.11.2019 16:00,2891,2912
11.11.2019 16:00 - 11.11.2019 17:00,3020,3061
11.11.2019 17:00 - 11.11.2019 18:00,3241,3262
11.11.2019 18:00 - 11.11.2019 19:00,3089,3166
11.11.2019 19:00 - 11.11.2019 20:00,2908,2946
11.11.2019 20:00 - 11.11.2019 21:00,2712,2697
11.11.2019 21:00 - 11.11.2019 22:00,2501,2540
11.11.2019 22:00 - 11.11.2019 23:00,2315,2401
11.11.2019 23:00 - 12.11.2019 00:00,2169,2236
12.11.2019 00:00 - 12.11.2019 01:00,2132,2165
12.11.2019 01:00 - 12.11.2019 02:00,2079,2130
12.11.2019 02:00 - 12.11.2019 03:00,2085,2116
12.11.2019 03:00 - 12.11.2019 04:00,2113,2134
12.11.2019 04:00 - 12.11.2019 05:00,2203,2166
12.11.2019 05:00 - 12.11.2019 06:00,2328,2324
12.11.2019 06:00 - 12.11.2019 07:00,2660,2700
12.11.2019 07:00 - 12.11.2019 08:00,3012,3091
12.11.2019 08:00 - 12.11.2019 09:00,3108,3157
12.11.2019 09:00 - 12.11.2019 10:00,3156,3176
12.11.2019 10:00 - 12.11.2019 11:00,3192,3180
12.11.2019 11:00 - 12.11.2019 12:00,3163,3201
12.11.2019 12:00 - 12.11.2019 13:00,3168,3296
12.11.2019 13:00 - 12.11.2019 14:00,3159,3207
12.11.2019 14:00 - 12.11.2019 15:00,3092,3123
12.11.2019 15:00 - 12.11.2019 16:00,3030,2998
12.11.2019 16:00 - 12.11.2019 17:00,3058,3022
12.11.2019 17:00 - 12.11.2019 18:00,3249,3269
12.11.2019 18:00 - 12.11.2019 19:00,3100,3101
12.11.2019 19:00 - 12.11.2019 20:00,2945,2938
12.11.2019 20:00 - 12.11.2019 21:00,2791,2731
12.11.2019 21:00 - 12.11.2019 22:00,2634,2582
12.11.2019 22:00 - 12.11.2019 23:00,2466,2369
12.11.2019 23:00 - 13.11.2019 00:00,2331,2222
13.11.2019 00:00 - 13.11.2019 01:00,2120,2134
13.11.2019 01:00 - 13.11.2019 02:00,2068,2096
13.11.2019 02:00 - 13.11.2019 03:00,2048,2081
13.11.2019 03:00 - 13.11.2019 04:00,2077,2070
13.11.2019 04:00 - 13.11.2019 05:00,2142,2122
13.11.2019 05:00 - 13.11.2019 06:00,2278,2279
13.11.2019 06:00 - 13.11.2019 07:00,2632,2613
13.11.2019 07:00 - 13.11.2019 08:00,2964,2983
13.11.2019 08:00 - 13.11.2019 09:00,3033,3037
13.11.2019 09:00 - 13.11.2019 10:00,3031,3015
13.11.2019 10:00 - 13.11.2019 11:00,3076,3080
13.11.2019 11:00 - 13.11.2019 12:00,3078,3057
13.11.2019 12:00 - 13.11.2019 13:00,2962,2980
13.11.2019 13:00 - 13.11.2019 14:00,2979,2990
13.11.2019 14:00 - 13.11.2019 15:00,2964,3038
13.11.2019 15:00 - 13.11.2019 16:00,2972,3021
13.11.2019 16:00 - 13.11.2019 17:00,3064,3070
13.11.2019 17:00 - 13.11.2019 18:00,3272,3260
13.11.2019 18:00 - 13.11.2019 19:00,3104,3111
13.11.2019 19:00 - 13.11.2019 20:00,2929,2902
13.11.2019 20:00 - 13.11.2019 21:00,2768,2712
13.11.2019 21:00 - 13.11.2019 22:00,2634,2548
13.11.2019 22:00 - 13.11.2019 23:00,2427,2334
13.11.2019 23:00 - 14.11.2019 00:00,2285,2237
14.11.2019 00:00 - 14.11.2019 01:00,2123,2117
14.11.2019 01:00 - 14.11.2019 02:00,2055,2091
14.11.2019 02:00 - 14.11.2019 03:00,2053,2051
14.11.2019 03:00 - 14.11.2019 04:00,2043,2019
14.11.2019 04:00 - 14.11.2019 05:00,2119,2073
14.11.2019 05:00 - 14.11.2019 06:00,2241,2264
14.11.2019 06:00 - 14.11.2019 07:00,2584,2592
14.11.2019 07:00 - 14.11.2019 08:00,2958,2993
14.11.2019 08:00 - 14.11.2019 09:00,3054,3053
14.11.2019 09:00 - 14.11.2019 10:00,3043,3023
14.11.2019 10:00 - 14.11.2019 11:00,3044,3059
14.11.2019 11:00 - 14.11.2019 12:00,3050,3012
14.11.2019 12:00 - 14.11.2019 13:00,2931,2973
14.11.2019 13:00 - 14.11.2019 14:00,2897,2962
14.11.2019 14:00 - 14.11.2019 15:00,2893,2938
14.11.2019 15:00 - 14.11.2019 16:00,2847,2858
14.11.2019 16:00 - 14.11.2019 17:00,2936,2985
14.11.2019 17:00 - 14.11.2019 18:00,3177,3181
14.11.2019 18:00 - 14.11.2019 19:00,3023,3044
14.11.2019 19:00 - 14.11.2019 20:00,2879,2856
14.11.2019 20:00 - 14.11.2019 21:00,2710,2700
14.11.2019 21:00 - 14.11.2019 22:00,2585,2561
14.11.2019 22:00 - 14.11.2019 23:00,2446,2400
14.11.2019 23:00 - 15.11.2019 00:00,2311,2236
15.11.2019 00:00 - 15.11.2019 01:00,2130,2132
15.11.2019 01:00 - 15.11.2019 02:00,2052,2057
15.11.2019 02:00 - 15.11.2019 03:00,2015,2044
15.11.2019 03:00 - 15.11.2019 04:00,2060,2057
15.11.2019 04:00 - 15.11.2019 05:00,2147,2180
15.11.2019 05:00 - 15.11.2019 06:00,2283,2286
15.11.2019 06:00 - 15.11.2019 07:00,2624,2700
15.11.2019 07:00 - 15.11.2019 08:00,2996,3002
15.11.2019 08:00 - 15.11.2019 09:00,3053,3107
15.11.2019 09:00 - 15.11.2019 10:00,3063,3144
15.11.2019 10:00 - 15.11.2019 11:00,3191,3185
15.11.2019 11:00 - 15.11.2019 12:00,3131,3135
15.11.2019 12:00 - 15.11.2019 13:00,2993,3008
15.11.2019 13:00 - 15.11.2019 14:00,2913,2935
15.11.2019 14:00 - 15.11.2019 15:00,2805,2847
15.11.2019 15:00 - 15.11.2019 16:00,2827,2878
15.11.2019 16:00 - 15.11.2019 17:00,2979,2975
15.11.2019 17:00 - 15.11.2019 18:00,3165,3169
15.11.2019 18:00 - 15.11.2019 19:00,3034,3004
15.11.2019 19:00 - 15.11.2019 20:00,2782,2783
15.11.2019 20:00 - 15.11.2019 21:00,2646,2618
15.11.2019 21:00 - 15.11.2019 22:00,2479,2433
15.11.2019 22:00 - 15.11.2019 23:00,2334,2290
15.11.2019 23:00 - 16.11.2019 00:00,2187,2145
16.11.2019 00:00 - 16.11.2019 01:00,2009,2039
16.11.2019 01:00 - 16.11.2019 02:00,1913,1953
16.11.2019 02:00 - 16.11.2019 03:00,1863,1892
16.11.2019 03:00 - 16.11.2019 04:00,1845,1844
16.11.2019 04:00 - 16.11.2019 05:00,1846,1842
16.11.2019 05:00 - 16.11.2019 06:00,1897,1904
16.11.2019 06:00 - 16.11.2019 07:00,2037,2019
16.11.2019 07:00 - 16.11.2019 08:00,2205,2177
16.11.2019 08:00 - 16.11.2019 09:00,2314,2348
16.11.2019 09:00 - 16.11.2019 10:00,2444,2469
16.11.2019 10:00 - 16.11.2019 11:00,2498,2517
16.11.2019 11:00 - 16.11.2019 12:00,2507,2524
16.11.2019 12:00 - 16.11.2019 13:00,2473,2509
16.11.2019 13:00 - 16.11.2019 14:00,2448,2494
16.11.2019 14:00 - 16.11.2019 15:00,2451,2502
16.11.2019 15:00 - 16.11.2019 16:00,2495,2510
16.11.2019 16:00 - 16.11.2019 17:00,2645,2599
16.11.2019 17:00 - 16.11.2019 18:00,2787,2711
16.11.2019 18:00 - 16.11.2019 19:00,2628,2595
16.11.2019 19:00 - 16.11.2019 20:00,2388,2375
16.11.2019 20:00 - 16.11.2019 21:00,2237,2230
16.11.2019 21:00 - 16.11.2019 22:00,2138,2116
16.11.2019 22:00 - 16.11.2019 23:00,1952,1990
16.11.2019 23:00 - 17.11.2019 00:00,1837,1901
17.11.2019 00:00 - 17.11.2019 01:00,1816,1851
17.11.2019 01:00 - 17.11.2019 02:00,1822,1806
17.11.2019 02:00 - 17.11.2019 03:00,1786,1790
17.11.2019 03:00 - 17.11.2019 04:00,1748,1731
17.11.2019 04:00 - 17.11.2019 05:00,1750,1757
17.11.2019 05:00 - 17.11.2019 06:00,1782,1768
17.11.2019 06:00 - 17.11.2019 07:00,1869,1909
17.11.2019 07:00 - 17.11.2019 08:00,2050,2104
17.11.2019 08:00 - 17.11.2019 09:00,2221,2283
17.11.2019 09:00 - 17.11.2019 10:00,2366,2466
17.11.2019 10:00 - 17.11.2019 11:00,2487,2464
17.11.2019 11:00 - 17.11.2019 12:00,2445,2354
17.11.2019 12:00 - 17.11.2019 13:00,2341,2532
17.11.2019 13:00 - 17.11.2019 14:00,2546,2732
17.11.2019 14:00 - 17.11.2019 15:00,2449,2499
17.11.2019 15:00 - 17.11.2019 16:00,2357,2392
17.11.2019 16:00 - 17.11.2019 17:00,2532,2532
17.11.2019 17:00 - 17.11.2019 18:00,2769,2758
17.11.2019 18:00 - 17.11.2019 19:00,2660,2643
17.11.2019 19:00 - 17.11.2019 20:00,2473,2458
17.11.2019 20:00 - 17.11.2019 21:00,2316,2320
17.11.2019 21:00 - 17.11.2019 22:00,2229,2224
17.11.2019 22:00 - 17.11.2019 23:00,2098,2108
17.11.2019 23:00 - 18.11.2019 00:00,2011,1966
18.11.2019 00:00 - 18.11.2019 01:00,1890,1870
18.11.2019 01:00 - 18.11.2019 02:00,1832,1818
18.11.2019 02:00 - 18.11.2019 03:00,1832,1818
18.11.2019 03:00 - 18.11.2019 04:00,1867,1894
18.11.2019 04:00 - 18.11.2019 05:00,1977,2020
18.11.2019 05:00 - 18.11.2019 06:00,2181,2178
18.11.2019 06:00 - 18.11.2019 07:00,2589,2565
18.11.2019 07:00 - 18.11.2019 08:00,3014,3036
18.11.2019 08:00 - 18.11.2019 09:00,3135,3129
18.11.2019 09:00 - 18.11.2019 10:00,3104,3089
18.11.2019 10:00 - 18.11.2019 11:00,3161,3152
18.11.2019 11:00 - 18.11.2019 12:00,3132,3053
18.11.2019 12:00 - 18.11.2019 13:00,3046,2985
18.11.2019 13:00 - 18.11.2019 14:00,3013,2983
18.11.2019 14:00 - 18.11.2019 15:00,2939,2943
18.11.2019 15:00 - 18.11.2019 16:00,2895,2951
18.11.2019 16:00 - 18.11.2019 17:00,3033,3014
18.11.2019 17:00 - 18.11.2019 18:00,3203,3165
18.11.2019 18:00 - 18.11.2019 19:00,2990,3035
18.11.2019 19:00 - 18.11.2019 20:00,2858,2874
18.11.2019 20:00 - 18.11.2019 21:00,2695,2708
18.11.2019 21:00 - 18.11.2019 22:00,2520,2520
18.11.2019 22:00 - 18.11.2019 23:00,2330,2341
18.11.2019 23:00 - 19.11.2019 00:00,2177,2163
19.11.2019 00:00 - 19.11.2019 01:00,2037,2015
19.11.2019 01:00 - 19.11.2019 02:00,1925,1935
19.11.2019 02:00 - 19.11.2019 03:00,1902,1919
19.11.2019 03:00 - 19.11.2019 04:00,1930,1945
19.11.2019 04:00 - 19.11.2019 05:00,2026,2060
19.11.2019 05:00 - 19.11.2019 06:00,2228,2217
19.11.2019 06:00 - 19.11.2019 07:00,2583,2579
19.11.2019 07:00 - 19.11.2019 08:00,2963,2945
19.11.2019 08:00 - 19.11.2019 09:00,3058,3118
19.11.2019 09:00 - 19.11.2019 10:00,3060,3043
19.11.2019 10:00 - 19.11.2019 11:00,3059,3086
19.11.2019 11:00 - 19.11.2019 12:00,3060,3092
19.11.2019 12:00 - 19.11.2019 13:00,2995,2993
19.11.2019 13:00 - 19.11.2019 14:00,3021,3019
19.11.2019 14:00 - 19.11.2019 15:00,3000,2982
19.11.2019 15:00 - 19.11.2019 16:00,2966,2973
19.11.2019 16:00 - 19.11.2019 17:00,3049,3055
19.11.2019 17:00 - 19.11.2019 18:00,3215,3185
19.11.2019 18:00 - 19.11.2019 19:00,3022,3013
19.11.2019 19:00 - 19.11.2019 20:00,2854,2858
19.11.2019 20:00 - 19.11.2019 21:00,2678,2659
19.11.2019 21:00 - 19.11.2019 22:00,2520,2544
19.11.2019 22:00 - 19.11.2019 23:00,2401,2352
19.11.2019 23:00 - 20.11.2019 00:00,2271,2179
20.11.2019 00:00 - 20.11.2019 01:00,2037,2041
20.11.2019 01:00 - 20.11.2019 02:00,1970,2038
20.11.2019 02:00 - 20.11.2019 03:00,1992,2036
20.11.2019 03:00 - 20.11.2019 04:00,2027,2022
20.11.2019 04:00 - 20.11.2019 05:00,2063,2051
20.11.2019 05:00 - 20.11.2019 06:00,2219,2200
20.11.2019 06:00 - 20.11.2019 07:00,2550,2578
20.11.2019 07:00 - 20.11.2019 08:00,2948,2989
20.11.2019 08:00 - 20.11.2019 09:00,3050,3086
20.11.2019 09:00 - 20.11.2019 10:00,3057,3053
20.11.2019 10:00 - 20.11.2019 11:00,3074,3085
20.11.2019 11:00 - 20.11.2019 12:00,3059,3043
20.11.2019 12:00 - 20.11.2019 13:00,2954,3004
20.11.2019 13:00 - 20.11.2019 14:00,3017,3006
20.11.2019 14:00 - 20.11.2019 15:00,2980,2962
20.11.2019 15:00 - 20.11.2019 16:00,2900,2905
20.11.2019 16:00 - 20.11.2019 17:00,3007,3000
20.11.2019 17:00 - 20.11.2019 18:00,3174,3173
20.11.2019 18:00 - 20.11.2019 19:00,3036,3055
20.11.2019 19:00 - 20.11.2019 20:00,2906,2916
20.11.2019 20:00 - 20.11.2019 21:00,2779,2768
20.11.2019 21:00 - 20.11.2019 22:00,2638,2610
20.11.2019 22:00 - 20.11.2019 23:00,2509,2380
20.11.2019 23:00 - 21.11.2019 00:00,2361,2192
21.11.2019 00:00 - 21.11.2019 01:00,2078,2108
21.11.2019 01:00 - 21.11.2019 02:00,2004,2039
21.11.2019 02:00 - 21.11.2019 03:00,1991,2002
21.11.2019 03:00 - 21.11.2019 04:00,1997,1996
21.11.2019 04:00 - 21.11.2019 05:00,2062,2055
21.11.2019 05:00 - 21.11.2019 06:00,2221,2226
21.11.2019 06:00 - 21.11.2019 07:00,2587,2614
21.11.2019 07:00 - 21.11.2019 08:00,3017,3031
21.11.2019 08:00 - 21.11.2019 09:00,3111,3111
21.11.2019 09:00 - 21.11.2019 10:00,3056,3003
21.11.2019 10:00 - 21.11.2019 11:00,3049,3059
21.11.2019 11:00 - 21.11.2019 12:00,3067,3112
21.11.2019 12:00 - 21.11.2019 13:00,3030,3075
21.11.2019 13:00 - 21.11.2019 14:00,3051,3091
21.11.2019 14:00 - 21.11.2019 15:00,3007,3024
21.11.2019 15:00 - 21.11.2019 16:00,2954,2991
21.11.2019 16:00 - 21.11.2019 17:00,3086,3097
21.11.2019 17:00 - 21.11.2019 18:00,3270,3241
21.11.2019 18:00 - 21.11.2019 19:00,3096,3123
21.11.2019 19:00 - 21.11.2019 20:00,2928,2950
21.11.2019 20:00 - 21.11.2019 21:00,2776,2723
21.11.2019 21:00 - 21.11.2019 22:00,2624,2521
21.11.2019 22:00 - 21.11.2019 23:00,2444,2365
21.11.2019 23:00 - 22.11.2019 00:00,2326,2237
22.11.2019 00:00 - 22.11.2019 01:00,2085,2140
22.11.2019 01:00 - 22.11.2019 02:00,2026,2085
22.11.2019 02:00 - 22.11.2019 03:00,2044,2058
22.11.2019 03:00 - 22.11.2019 04:00,2064,2083
22.11.2019 04:00 - 22.11.2019 05:00,2128,2112
22.11.2019 05:00 - 22.11.2019 06:00,2273,2262
22.11.2019 06:00 - 22.11.2019 07:00,2577,2654
22.11.2019 07:00 - 22.11.2019 08:00,2965,3010
22.11.2019 08:00 - 22.11.2019 09:00,3095,3122
22.11.2019 09:00 - 22.11.2019 10:00,3074,3081
22.11.2019 10:00 - 22.11.2019 11:00,3088,3097
22.11.2019 11:00 - 22.11.2019 12:00,3041,3048
22.11.2019 12:00 - 22.11.2019 13:00,2911,2919
22.11.2019 13:00 - 22.11.2019 14:00,2839,2878
22.11.2019 14:00 - 22.11.2019 15:00,2735,2748
22.11.2019 15:00 - 22.11.2019 16:00,2694,2720
22.11.2019 16:00 - 22.11.2019 17:00,2846,2845
22.11.2019 17:00 - 22.11.2019 18:00,2986,2999
22.11.2019 18:00 - 22.11.2019 19:00,2884,2878
22.11.2019 19:00 - 22.11.2019 20:00,2724,2654
22.11.2019 20:00 - 22.11.2019 21:00,2518,2486
22.11.2019 21:00 - 22.11.2019 22:00,2384,2345
22.11.2019 22:00 - 22.11.2019 23:00,2229,2206
22.11.2019 23:00 - 23.11.2019 00:00,2065,2108
23.11.2019 00:00 - 23.11.2019 01:00,1930,1995
23.11.2019 01:00 - 23.11.2019 02:00,1802,1897
23.11.2019 02:00 - 23.11.2019 03:00,1832,1848
23.11.2019 03:00 - 23.11.2019 04:00,1834,1867
23.11.2019 04:00 - 23.11.2019 05:00,1886,1918
23.11.2019 05:00 - 23.11.2019 06:00,1958,1989
23.11.2019 06:00 - 23.11.2019 07:00,2103,2143
23.11.2019 07:00 - 23.11.2019 08:00,2321,2338
23.11.2019 08:00 - 23.11.2019 09:00,2472,2490
23.11.2019 09:00 - 23.11.2019 10:00,2568,2617
23.11.2019 10:00 - 23.11.2019 11:00,2627,2638
23.11.2019 11:00 - 23.11.2019 12:00,2633,2642
23.11.2019 12:00 - 23.11.2019 13:00,2580,2598
23.11.2019 13:00 - 23.11.2019 14:00,2561,2594
23.11.2019 14:00 - 23.11.2019 15:00,2566,2560
23.11.2019 15:00 - 23.11.2019 16:00,2575,2611
23.11.2019 16:00 - 23.11.2019 17:00,2767,2751
23.11.2019 17:00 - 23.11.2019 18:00,2937,2879
23.11.2019 18:00 - 23.11.2019 19:00,2778,2770
23.11.2019 19:00 - 23.11.2019 20:00,2596,2602
23.11.2019 20:00 - 23.11.2019 21:00,2437,2464
23.11.2019 21:00 - 23.11.2019 22:00,2344,2351
23.11.2019 22:00 - 23.11.2019 23:00,2291,2258
23.11.2019 23:00 - 24.11.2019 00:00,2189,2090
24.11.2019 00:00 - 24.11.2019 01:00,1975,2035
24.11.2019 01:00 - 24.11.2019 02:00,1924,1959
24.11.2019 02:00 - 24.11.2019 03:00,1922,1936
24.11.2019 03:00 - 24.11.2019 04:00,1931,1955
24.11.2019 04:00 - 24.11.2019 05:00,1939,1996
24.11.2019 05:00 - 24.11.2019 06:00,2024,2020
24.11.2019 06:00 - 24.11.2019 07:00,2074,2052
24.11.2019 07:00 - 24.11.2019 08:00,2244,2250
24.11.2019 08:00 - 24.11.2019 09:00,2392,2402
24.11.2019 09:00 - 24.11.2019 10:00,2492,2512
24.11.2019 10:00 - 24.11.2019 11:00,2568,2564
24.11.2019 11:00 - 24.11.2019 12:00,2565,2548
24.11.2019 12:00 - 24.11.2019 13:00,2516,2505
24.11.2019 13:00 - 24.11.2019 14:00,2483,2468
24.11.2019 14:00 - 24.11.2019 15:00,2477,2476
24.11.2019 15:00 - 24.11.2019 16:00,2505,2508
24.11.2019 16:00 - 24.11.2019 17:00,2689,2643
24.11.2019 17:00 - 24.11.2019 18:00,2879,2863
24.11.2019 18:00 - 24.11.2019 19:00,2777,2743
24.11.2019 19:00 - 24.11.2019 20:00,2560,2545
24.11.2019 20:00 - 24.11.2019 21:00,2400,2412
24.11.2019 21:00 - 24.11.2019 22:00,2302,2309
24.11.2019 22:00 - 24.11.2019 23:00,2205,2139
24.11.2019 23:00 - 25.11.2019 00:00,2117,2027
25.11.2019 00:00 - 25.11.2019 01:00,1946,1941
25.11.2019 01:00 - 25.11.2019 02:00,1907,1909
25.11.2019 02:00 - 25.11.2019 03:00,1911,1886
25.11.2019 03:00 - 25.11.2019 04:00,1923,1902
25.11.2019 04:00 - 25.11.2019 05:00,1974,1957
25.11.2019 05:00 - 25.11.2019 06:00,2141,2137
25.11.2019 06:00 - 25.11.2019 07:00,2578,2575
25.11.2019 07:00 - 25.11.2019 08:00,3012,3006
25.11.2019 08:00 - 25.11.2019 09:00,3097,3093
25.11.2019 09:00 - 25.11.2019 10:00,3077,3070
25.11.2019 10:00 - 25.11.2019 11:00,3117,3143
25.11.2019 11:00 - 25.11.2019 12:00,3129,3148
25.11.2019 12:00 - 25.11.2019 13:00,3075,3094
25.11.2019 13:00 - 25.11.2019 14:00,3086,3117
25.11.2019 14:00 - 25.11.2019 15:00,3067,3060
25.11.2019 15:00 - 25.11.2019 16:00,3018,3009
25.11.2019 16:00 - 25.11.2019 17:00,3122,3107
25.11.2019 17:00 - 25.11.2019 18:00,3254,3247
25.11.2019 18:00 - 25.11.2019 19:00,3093,3103
25.11.2019 19:00 - 25.11.2019 20:00,2930,2930
25.11.2019 20:00 - 25.11.2019 21:00,2741,2776
25.11.2019 21:00 - 25.11.2019 22:00,2600,2602
25.11.2019 22:00 - 25.11.2019 23:00,2414,2419
25.11.2019 23:00 - 26.11.2019 00:00,2241,2251
26.11.2019 00:00 - 26.11.2019 01:00,2096,2070
26.11.2019 01:00 - 26.11.2019 02:00,1985,2000
26.11.2019 02:00 - 26.11.2019 03:00,1962,1996
26.11.2019 03:00 - 26.11.2019 04:00,1987,2004
26.11.2019 04:00 - 26.11.2019 05:00,2071,2038
26.11.2019 05:00 - 26.11.2019 06:00,2228,2189
26.11.2019 06:00 - 26.11.2019 07:00,2562,2554
26.11.2019 07:00 - 26.11.2019 08:00,2959,2997
26.11.2019 08:00 - 26.11.2019 09:00,3086,3133
26.11.2019 09:00 - 26.11.2019 10:00,3101,3117
26.11.2019 10:00 - 26.11.2019 11:00,3137,3165
26.11.2019 11:00 - 26.11.2019 12:00,3128,3166
26.11.2019 12:00 - 26.11.2019 13:00,3065,3111
26.11.2019 13:00 - 26.11.2019 14:00,3100,3135
26.11.2019 14:00 - 26.11.2019 15:00,3057,3095
26.11.2019 15:00 - 26.11.2019 16:00,3005,3021
26.11.2019 16:00 - 26.11.2019 17:00,3145,3125
26.11.2019 17:00 - 26.11.2019 18:00,3285,3261
26.11.2019 18:00 - 26.11.2019 19:00,3113,3095
26.11.2019 19:00 - 26.11.2019 20:00,2937,2907
26.11.2019 20:00 - 26.11.2019 21:00,2771,2718
26.11.2019 21:00 - 26.11.2019 22:00,2579,2559
26.11.2019 22:00 - 26.11.2019 23:00,2413,2336
26.11.2019 23:00 - 27.11.2019 00:00,2265,2175
27.11.2019 00:00 - 27.11.2019 01:00,2063,2067
27.11.2019 01:00 - 27.11.2019 02:00,1990,2008
27.11.2019 02:00 - 27.11.2019 03:00,1969,1983
27.11.2019 03:00 - 27.11.2019 04:00,1985,2000
27.11.2019 04:00 - 27.11.2019 05:00,2056,2040
27.11.2019 05:00 - 27.11.2019 06:00,2218,2196
27.11.2019 06:00 - 27.11.2019 07:00,2573,2576
27.11.2019 07:00 - 27.11.2019 08:00,2930,2958
27.11.2019 08:00 - 27.11.2019 09:00,3027,3079
27.11.2019 09:00 - 27.11.2019 10:00,3027,3062
27.11.2019 10:00 - 27.11.2019 11:00,3063,3114
27.11.2019 11:00 - 27.11.2019 12:00,3036,3107
27.11.2019 12:00 - 27.11.2019 13:00,2985,3045
27.11.2019 13:00 - 27.11.2019 14:00,2956,3096
27.11.2019 14:00 - 27.11.2019 15:00,2891,3101
27.11.2019 15:00 - 27.11.2019 16:00,2949,3065
27.11.2019 16:00 - 27.11.2019 17:00,3170,3145
27.11.2019 17:00 - 27.11.2019 18:00,3282,3302
27.11.2019 18:00 - 27.11.2019 19:00,3139,3119
27.11.2019 19:00 - 27.11.2019 20:00,2940,2909
27.11.2019 20:00 - 27.11.2019 21:00,2769,2748
27.11.2019 21:00 - 27.11.2019 22:00,2597,2597
27.11.2019 22:00 - 27.11.2019 23:00,2440,2407
27.11.2019 23:00 - 28.11.2019 00:00,2287,2233
28.11.2019 00:00 - 28.11.2019 01:00,2116,2119
28.11.2019 01:00 - 28.11.2019 02:00,2034,2052
28.11.2019 02:00 - 28.11.2019 03:00,2006,2016
28.11.2019 03:00 - 28.11.2019 04:00,2014,2016
28.11.2019 04:00 - 28.11.2019 05:00,2083,2073
28.11.2019 05:00 - 28.11.2019 06:00,2226,2214
28.11.2019 06:00 - 28.11.2019 07:00,2562,2593
28.11.2019 07:00 - 28.11.2019 08:00,2957,2980
28.11.2019 08:00 - 28.11.2019 09:00,3074,3104
28.11.2019 09:00 - 28.11.2019 10:00,3056,3083
28.11.2019 10:00 - 28.11.2019 11:00,3124,3146
28.11.2019 11:00 - 28.11.2019 12:00,3126,3121
28.11.2019 12:00 - 28.11.2019 13:00,3036,3048
28.11.2019 13:00 - 28.11.2019 14:00,3048,3075
28.11.2019 14:00 - 28.11.2019 15:00,3029,3040
28.11.2019 15:00 - 28.11.2019 16:00,2977,2999
28.11.2019 16:00 - 28.11.2019 17:00,3127,3102
28.11.2019 17:00 - 28.11.2019 18:00,3232,3222
28.11.2019 18:00 - 28.11.2019 19:00,3058,3077
28.11.2019 19:00 - 28.11.2019 20:00,2942,2957
28.11.2019 20:00 - 28.11.2019 21:00,2833,2780
28.11.2019 21:00 - 28.11.2019 22:00,2631,2613
28.11.2019 22:00 - 28.11.2019 23:00,2489,2459
28.11.2019 23:00 - 29.11.2019 00:00,2332,2400
29.11.2019 00:00 - 29.11.2019 01:00,2245,2209
29.11.2019 01:00 - 29.11.2019 02:00,2106,2217
29.11.2019 02:00 - 29.11.2019 03:00,2143,2139
29.11.2019 03:00 - 29.11.2019 04:00,2177,2232
29.11.2019 04:00 - 29.11.2019 05:00,2279,2319
29.11.2019 05:00 - 29.11.2019 06:00,2451,2490
29.11.2019 06:00 - 29.11.2019 07:00,2768,2872
29.11.2019 07:00 - 29.11.2019 08:00,3186,3276
29.11.2019 08:00 - 29.11.2019 09:00,3319,3359
29.11.2019 09:00 - 29.11.2019 10:00,3283,3298
29.11.2019 10:00 - 29.11.2019 11:00,3266,3254
29.11.2019 11:00 - 29.11.2019 12:00,3158,3092
29.11.2019 12:00 - 29.11.2019 13:00,2939,2942
29.11.2019 13:00 - 29.11.2019 14:00,2864,2860
29.11.2019 14:00 - 29.11.2019 15:00,2749,2758
29.11.2019 15:00 - 29.11.2019 16:00,2722,2733
29.11.2019 16:00 - 29.11.2019 17:00,2905,2919
29.11.2019 17:00 - 29.11.2019 18:00,3067,3045
29.11.2019 18:00 - 29.11.2019 19:00,2951,2966
29.11.2019 19:00 - 29.11.2019 20:00,2798,2793
29.11.2019 20:00 - 29.11.2019 21:00,2680,2633
29.11.2019 21:00 - 29.11.2019 22:00,2521,2505
29.11.2019 22:00 - 29.11.2019 23:00,2385,2344
29.11.2019 23:00 - 30.11.2019 00:00,2234,2224
30.11.2019 00:00 - 30.11.2019 01:00,2089,2116
30.11.2019 01:00 - 30.11.2019 02:00,1996,2041
30.11.2019 02:00 - 30.11.2019 03:00,1975,2026
30.11.2019 03:00 - 30.11.2019 04:00,1982,2027
30.11.2019 04:00 - 30.11.2019 05:00,2027,2034
30.11.2019 05:00 - 30.11.2019 06:00,2069,2086
30.11.2019 06:00 - 30.11.2019 07:00,2205,2198
30.11.2019 07:00 - 30.11.2019 08:00,2378,2359
30.11.2019 08:00 - 30.11.2019 09:00,2522,2501
30.11.2019 09:00 - 30.11.2019 10:00,2581,2559
30.11.2019 10:00 - 30.11.2019 11:00,2587,2565
30.11.2019 11:00 - 30.11.2019 12:00,2534,2514
30.11.2019 12:00 - 30.11.2019 13:00,2447,2457
30.11.2019 13:00 - 30.11.2019 14:00,2415,2402
30.11.2019 14:00 - 30.11.2019 15:00,2404,2392
30.11.2019 15:00 - 30.11.2019 16:00,2442,2453
30.11.2019 16:00 - 30.11.2019 17:00,2622,2619
30.11.2019 17:00 - 30.11.2019 18:00,2774,2786
30.11.2019 18:00 - 30.11.2019 19:00,2701,2714
30.11.2019 19:00 - 30.11.2019 20:00,2537,2532
30.11.2019 20:00 - 30.11.2019 21:00,2407,2403
30.11.2019 21:00 - 30.11.2019 22:00,2277,2292
30.11.2019 22:00 - 30.11.2019 23:00,2145,2173
30.11.2019 23:00 - 01.12.2019 00:00,2030,2073
01.12.2019 00:00 - 01.12.2019 01:00,1979,1994
01.12.2019 01:00 - 01.12.2019 02:00,1925,1961
01.12.2019 02:00 - 01.12.2019 03:00,1911,1937
01.12.2019 03:00 - 01.12.2019 04:00,1889,1916
01.12.2019 04:00 - 01.12.2019 05:00,1941,1930
01.12.2019 05:00 - 01.12.2019 06:00,1987,1989
01.12.2019 06:00 - 01.12.2019 07:00,2139,2114
01.12.2019 07:00 - 01.12.2019 08:00,2276,2288
01.12.2019 08:00 - 01.12.2019 09:00,2439,2389
01.12.2019 09:00 - 01.12.2019 10:00,2465,2459
01.12.2019 10:00 - 01.12.2019 11:00,2466,2453
01.12.2019 11:00 - 01.12.2019 12:00,2449,2438
01.12.2019 12:00 - 01.12.2019 13:00,2407,2423
01.12.2019 13:00 - 01.12.2019 14:00,2401,2416
01.12.2019 14:00 - 01.12.2019 15:00,2436,2431
01.12.2019 15:00 - 01.12.2019 16:00,2450,2472
01.12.2019 16:00 - 01.12.2019 17:00,2645,2654
01.12.2019 17:00 - 01.12.2019 18:00,2869,2878
01.12.2019 18:00 - 01.12.2019 19:00,2817,2816
01.12.2019 19:00 - 01.12.2019 20:00,2644,2658
01.12.2019 20:00 - 01.12.2019 21:00,2506,2501
01.12.2019 21:00 - 01.12.2019 22:00,2394,2370
01.12.2019 22:00 - 01.12.2019 23:00,2320,2258
01.12.2019 23:00 - 02.12.2019 00:00,2240,2147
02.12.2019 00:00 - 02.12.2019 01:00,2085,2110
02.12.2019 01:00 - 02.12.2019 02:00,2064,2086
02.12.2019 02:00 - 02.12.2019 03:00,2069,2056
02.12.2019 03:00 - 02.12.2019 04:00,2094,2080
02.12.2019 04:00 - 02.12.2019 05:00,2130,2130
02.12.2019 05:00 - 02.12.2019 06:00,2295,2271
02.12.2019 06:00 - 02.12.2019 07:00,2699,2694
02.12.2019 07:00 - 02.12.2019 08:00,3121,3079
02.12.2019 08:00 - 02.12.2019 09:00,3212,3156
02.12.2019 09:00 - 02.12.2019 10:00,3157,3146
02.12.2019 10:00 - 02.12.2019 11:00,3171,3185
02.12.2019 11:00 - 02.12.2019 12:00,3170,3143
02.12.2019 12:00 - 02.12.2019 13:00,3063,3051
02.12.2019 13:00 - 02.12.2019 14:00,3069,3068
02.12.2019 14:00 - 02.12.2019 15:00,3052,3035
02.12.2019 15:00 - 02.12.2019 16:00,2959,3016
02.12.2019 16:00 - 02.12.2019 17:00,3155,3178
02.12.2019 17:00 - 02.12.2019 18:00,3333,3364
02.12.2019 18:00 - 02.12.2019 19:00,3206,3215
02.12.2019 19:00 - 02.12.2019 20:00,3016,3025
02.12.2019 20:00 - 02.12.2019 21:00,2845,2837
02.12.2019 21:00 - 02.12.2019 22:00,2657,2667
02.12.2019 22:00 - 02.12.2019 23:00,2461,2490
02.12.2019 23:00 - 03.12.2019 00:00,2307,2325
03.12.2019 00:00 - 03.12.2019 01:00,2190,2231
03.12.2019 01:00 - 03.12.2019 02:00,2128,2188
03.12.2019 02:00 - 03.12.2019 03:00,2127,2185
03.12.2019 03:00 - 03.12.2019 04:00,2179,2188
03.12.2019 04:00 - 03.12.2019 05:00,2238,2229
03.12.2019 05:00 - 03.12.2019 06:00,2410,2372
03.12.2019 06:00 - 03.12.2019 07:00,2676,2760
03.12.2019 07:00 - 03.12.2019 08:00,3053,3163
03.12.2019 08:00 - 03.12.2019 09:00,3232,3254
03.12.2019 09:00 - 03.12.2019 10:00,3181,3247
03.12.2019 10:00 - 03.12.2019 11:00,3269,3350
03.12.2019 11:00 - 03.12.2019 12:00,3284,3333
03.12.2019 12:00 - 03.12.2019 13:00,3261,3291
03.12.2019 13:00 - 03.12.2019 14:00,3274,3336
03.12.2019 14:00 - 03.12.2019 15:00,3244,3305
03.12.2019 15:00 - 03.12.2019 16:00,3215,3241
03.12.2019 16:00 - 03.12.2019 17:00,3365,3333
03.12.2019 17:00 - 03.12.2019 18:00,3424,3372
03.12.2019 18:00 - 03.12.2019 19:00,3237,3251
03.12.2019 19:00 - 03.12.2019 20:00,3138,3084
03.12.2019 20:00 - 03.12.2019 21:00,2955,2897
03.12.2019 21:00 - 03.12.2019 22:00,2805,2754
03.12.2019 22:00 - 03.12.2019 23:00,2662,2599
03.12.2019 23:00 - 04.12.2019 00:00,2525,2423
04.12.2019 00:00 - 04.12.2019 01:00,2260,2235
04.12.2019 01:00 - 04.12.2019 02:00,2144,2186
04.12.2019 02:00 - 04.12.2019 03:00,2119,2159
04.12.2019 03:00 - 04.12.2019 04:00,2190,2164
04.12.2019 04:00 - 04.12.2019 05:00,2202,2168
04.12.2019 05:00 - 04.12.2019 06:00,2285,2313
04.12.2019 06:00 - 04.12.2019 07:00,2609,2661
04.12.2019 07:00 - 04.12.2019 08:00,3025,3056
04.12.2019 08:00 - 04.12.2019 09:00,3169,3180
04.12.2019 09:00 - 04.12.2019 10:00,3123,3156
04.12.2019 10:00 - 04.12.2019 11:00,3178,3196
04.12.2019 11:00 - 04.12.2019 12:00,3119,3184
04.12.2019 12:00 - 04.12.2019 13:00,3025,3138
04.12.2019 13:00 - 04.12.2019 14:00,3042,3158
04.12.2019 14:00 - 04.12.2019 15:00,3110,3104
04.12.2019 15:00 - 04.12.2019 16:00,3036,3020
04.12.2019 16:00 - 04.12.2019 17:00,3125,3135
04.12.2019 17:00 - 04.12.2019 18:00,3304,3340
04.12.2019 18:00 - 04.12.2019 19:00,3194,3207
04.12.2019 19:00 - 04.12.2019 20:00,3086,3072
04.12.2019 20:00 - 04.12.2019 21:00,2961,2872
04.12.2019 21:00 - 04.12.2019 22:00,2755,2719
04.12.2019 22:00 - 04.12.2019 23:00,2641,2503
04.12.2019 23:00 - 05.12.2019 00:00,2489,2319
05.12.2019 00:00 - 05.12.2019 01:00,2180,2203
05.12.2019 01:00 - 05.12.2019 02:00,2119,2159
05.12.2019 02:00 - 05.12.2019 03:00,2136,2169
05.12.2019 03:00 - 05.12.2019 04:00,2171,2146
05.12.2019 04:00 - 05.12.2019 05:00,2169,2186
05.12.2019 05:00 - 05.12.2019 06:00,2325,2373
05.12.2019 06:00 - 05.12.2019 07:00,2697,2773
05.12.2019 07:00 - 05.12.2019 08:00,3141,3179
05.12.2019 08:00 - 05.12.2019 09:00,3277,3335
05.12.2019 09:00 - 05.12.2019 10:00,3247,3277
05.12.2019 10:00 - 05.12.2019 11:00,3266,3274
05.12.2019 11:00 - 05.12.2019 12:00,3203,3275
05.12.2019 12:00 - 05.12.2019 13:00,3194,3251
05.12.2019 13:00 - 05.12.2019 14:00,3242,3270
05.12.2019 14:00 - 05.12.2019 15:00,3199,3182
05.12.2019 15:00 - 05.12.2019 16:00,3149,3189
05.12.2019 16:00 - 05.12.2019 17:00,3306,3308
05.12.2019 17:00 - 05.12.2019 18:00,3408,3397
05.12.2019 18:00 - 05.12.2019 19:00,3264,3262
05.12.2019 19:00 - 05.12.2019 20:00,3092,3097
05.12.2019 20:00 - 05.12.2019 21:00,2978,2930
05.12.2019 21:00 - 05.12.2019 22:00,2821,2790
05.12.2019 22:00 - 05.12.2019 23:00,2704,2592
05.12.2019 23:00 - 06.12.2019 00:00,2557,2446
06.12.2019 00:00 - 06.12.2019 01:00,2320,2351
06.12.2019 01:00 - 06.12.2019 02:00,2237,2260
06.12.2019 02:00 - 06.12.2019 03:00,2223,2227
06.12.2019 03:00 - 06.12.2019 04:00,2241,2257
06.12.2019 04:00 - 06.12.2019 05:00,2320,2361
06.12.2019 05:00 - 06.12.2019 06:00,2487,2492
06.12.2019 06:00 - 06.12.2019 07:00,2770,2854
06.12.2019 07:00 - 06.12.2019 08:00,3172,3277
06.12.2019 08:00 - 06.12.2019 09:00,3354,3381
06.12.2019 09:00 - 06.12.2019 10:00,3285,3291
06.12.2019 10:00 - 06.12.2019 11:00,3272,3266
06.12.2019 11:00 - 06.12.2019 12:00,3190,3176
06.12.2019 12:00 - 06.12.2019 13:00,3032,3065
06.12.2019 13:00 - 06.12.2019 14:00,2989,3015
06.12.2019 14:00 - 06.12.2019 15:00,2915,2919
06.12.2019 15:00 - 06.12.2019 16:00,2916,2916
06.12.2019 16:00 - 06.12.2019 17:00,3032,3006
06.12.2019 17:00 - 06.12.2019 18:00,3114,3124
06.12.2019 18:00 - 06.12.2019 19:00,2984,2986
06.12.2019 19:00 - 06.12.2019 20:00,2867,2777
06.12.2019 20:00 - 06.12.2019 21:00,2711,2622
06.12.2019 21:00 - 06.12.2019 22:00,2519,2480
06.12.2019 22:00 - 06.12.2019 23:00,2348,2350
06.12.2019 23:00 - 07.12.2019 00:00,2208,2220
07.12.2019 00:00 - 07.12.2019 01:00,2082,2114
07.12.2019 01:00 - 07.12.2019 02:00,2029,2066
07.12.2019 02:00 - 07.12.2019 03:00,1968,2008
07.12.2019 03:00 - 07.12.2019 04:00,1944,1990
07.12.2019 04:00 - 07.12.2019 05:00,1991,2004
07.12.2019 05:00 - 07.12.2019 06:00,2072,2149
07.12.2019 06:00 - 07.12.2019 07:00,2225,2267
07.12.2019 07:00 - 07.12.2019 08:00,2404,2481
07.12.2019 08:00 - 07.12.2019 09:00,2558,2649
07.12.2019 09:00 - 07.12.2019 10:00,2634,2704
07.12.2019 10:00 - 07.12.2019 11:00,2727,2716
07.12.2019 11:00 - 07.12.2019 12:00,2666,2607
07.12.2019 12:00 - 07.12.2019 13:00,2583,2598
07.12.2019 13:00 - 07.12.2019 14:00,2575,2577
07.12.2019 14:00 - 07.12.2019 15:00,2578,2543
07.12.2019 15:00 - 07.12.2019 16:00,2605,2571
07.12.2019 16:00 - 07.12.2019 17:00,2755,2728
07.12.2019 17:00 - 07.12.2019 18:00,2882,2841
07.12.2019 18:00 - 07.12.2019 19:00,2739,2709
07.12.2019 19:00 - 07.12.2019 20:00,2530,2524
07.12.2019 20:00 - 07.12.2019 21:00,2409,2372
07.12.2019 21:00 - 07.12.2019 22:00,2266,2301
07.12.2019 22:00 - 07.12.2019 23:00,2156,2173
07.12.2019 23:00 - 08.12.2019 00:00,2028,2064
08.12.2019 00:00 - 08.12.2019 01:00,1965,2035
08.12.2019 01:00 - 08.12.2019 02:00,1952,1985
08.12.2019 02:00 - 08.12.2019 03:00,1947,1991
08.12.2019 03:00 - 08.12.2019 04:00,1947,1999
08.12.2019 04:00 - 08.12.2019 05:00,2002,2045
08.12.2019 05:00 - 08.12.2019 06:00,2047,2084
08.12.2019 06:00 - 08.12.2019 07:00,2169,2191
08.12.2019 07:00 - 08.12.2019 08:00,2347,2381
08.12.2019 08:00 - 08.12.2019 09:00,2539,2551
08.12.2019 09:00 - 08.12.2019 10:00,2634,2657
08.12.2019 10:00 - 08.12.2019 11:00,2690,2730
08.12.2019 11:00 - 08.12.2019 12:00,2715,2747
08.12.2019 12:00 - 08.12.2019 13:00,2719,2734
08.12.2019 13:00 - 08.12.2019 14:00,2693,2724
08.12.2019 14:00 - 08.12.2019 15:00,2691,2737
08.12.2019 15:00 - 08.12.2019 16:00,2737,2748
08.12.2019 16:00 - 08.12.2019 17:00,2891,2870
08.12.2019 17:00 - 08.12.2019 18:00,3046,3000
08.12.2019 18:00 - 08.12.2019 19:00,2957,2938
08.12.2019 19:00 - 08.12.2019 20:00,2713,2718
08.12.2019 20:00 - 08.12.2019 21:00,2599,2635
08.12.2019 21:00 - 08.12.2019 22:00,2499,2508
08.12.2019 22:00 - 08.12.2019 23:00,2406,2408
08.12.2019 23:00 - 09.12.2019 00:00,2356,2243
09.12.2019 00:00 - 09.12.2019 01:00,2188,2200
09.12.2019 01:00 - 09.12.2019 02:00,2127,2092
09.12.2019 02:00 - 09.12.2019 03:00,2082,2087
09.12.2019 03:00 - 09.12.2019 04:00,2157,2156
09.12.2019 04:00 - 09.12.2019 05:00,2206,2185
09.12.2019 05:00 - 09.12.2019 06:00,2308,2298
09.12.2019 06:00 - 09.12.2019 07:00,2724,2721
09.12.2019 07:00 - 09.12.2019 08:00,3154,3140
09.12.2019 08:00 - 09.12.2019 09:00,3283,3276
09.12.2019 09:00 - 09.12.2019 10:00,3238,3232
09.12.2019 10:00 - 09.12.2019 11:00,3247,3238
09.12.2019 11:00 - 09.12.2019 12:00,3204,3191
09.12.2019 12:00 - 09.12.2019 13:00,3128,3120
09.12.2019 13:00 - 09.12.2019 14:00,3145,3130
09.12.2019 14:00 - 09.12.2019 15:00,3095,3098
09.12.2019 15:00 - 09.12.2019 16:00,3054,3049
09.12.2019 16:00 - 09.12.2019 17:00,3173,3187
09.12.2019 17:00 - 09.12.2019 18:00,3319,3316
09.12.2019 18:00 - 09.12.2019 19:00,3183,3177
09.12.2019 19:00 - 09.12.2019 20:00,2948,2939
09.12.2019 20:00 - 09.12.2019 21:00,2793,2836
09.12.2019 21:00 - 09.12.2019 22:00,2683,2725
09.12.2019 22:00 - 09.12.2019 23:00,2496,2516
09.12.2019 23:00 - 10.12.2019 00:00,2333,2345
10.12.2019 00:00 - 10.12.2019 01:00,2230,2241
10.12.2019 01:00 - 10.12.2019 02:00,2165,2194
10.12.2019 02:00 - 10.12.2019 03:00,2128,2156
10.12.2019 03:00 - 10.12.2019 04:00,2128,2136
10.12.2019 04:00 - 10.12.2019 05:00,2191,2183
10.12.2019 05:00 - 10.12.2019 06:00,2344,2342
10.12.2019 06:00 - 10.12.2019 07:00,2672,2710
10.12.2019 07:00 - 10.12.2019 08:00,3094,3120
10.12.2019 08:00 - 10.12.2019 09:00,3224,3158
10.12.2019 09:00 - 10.12.2019 10:00,3120,3123
10.12.2019 10:00 - 10.12.2019 11:00,3153,3198
10.12.2019 11:00 - 10.12.2019 12:00,3177,3224
10.12.2019 12:00 - 10.12.2019 13:00,3120,3142
10.12.2019 13:00 - 10.12.2019 14:00,3128,3150
10.12.2019 14:00 - 10.12.2019 15:00,3219,3191
10.12.2019 15:00 - 10.12.2019 16:00,3117,3140
10.12.2019 16:00 - 10.12.2019 17:00,3241,3292
10.12.2019 17:00 - 10.12.2019 18:00,3404,3416
10.12.2019 18:00 - 10.12.2019 19:00,3279,3305
10.12.2019 19:00 - 10.12.2019 20:00,3144,3121
10.12.2019 20:00 - 10.12.2019 21:00,2984,2974
10.12.2019 21:00 - 10.12.2019 22:00,2891,2767
10.12.2019 22:00 - 10.12.2019 23:00,2612,2574
10.12.2019 23:00 - 11.12.2019 00:00,2468,2441
11.12.2019 00:00 - 11.12.2019 01:00,2340,2366
11.12.2019 01:00 - 11.12.2019 02:00,2289,2289
11.12.2019 02:00 - 11.12.2019 03:00,2267,2285
11.12.2019 03:00 - 11.12.2019 04:00,2288,2295
11.12.2019 04:00 - 11.12.2019 05:00,2383,2380
11.12.2019 05:00 - 11.12.2019 06:00,2485,2434
11.12.2019 06:00 - 11.12.2019 07:00,2706,2765
11.12.2019 07:00 - 11.12.2019 08:00,3071,3131
11.12.2019 08:00 - 11.12.2019 09:00,3230,3243
11.12.2019 09:00 - 11.12.2019 10:00,3199,3210
11.12.2019 10:00 - 11.12.2019 11:00,3231,3256
11.12.2019 11:00 - 11.12.2019 12:00,3207,3192
11.12.2019 12:00 - 11.12.2019 13:00,3091,3118
11.12.2019 13:00 - 11.12.2019 14:00,3097,3094
11.12.2019 14:00 - 11.12.2019 15:00,3057,2874
11.12.2019 15:00 - 11.12.2019 16:00,2856,2746
11.12.2019 16:00 - 11.12.2019 17:00,2893,2896
11.12.2019 17:00 - 11.12.2019 18:00,3198,3301
11.12.2019 18:00 - 11.12.2019 19:00,3139,3144
11.12.2019 19:00 - 11.12.2019 20:00,3005,2932
11.12.2019 20:00 - 11.12.2019 21:00,2890,2773
11.12.2019 21:00 - 11.12.2019 22:00,2673,2605
11.12.2019 22:00 - 11.12.2019 23:00,2477,2423
11.12.2019 23:00 - 12.12.2019 00:00,2401,2245
12.12.2019 00:00 - 12.12.2019 01:00,2148,2136
12.12.2019 01:00 - 12.12.2019 02:00,2079,2100
12.12.2019 02:00 - 12.12.2019 03:00,2085,2078
12.12.2019 03:00 - 12.12.2019 04:00,2088,2081
12.12.2019 04:00 - 12.12.2019 05:00,2149,2141
12.12.2019 05:00 - 12.12.2019 06:00,2289,2297
12.12.2019 06:00 - 12.12.2019 07:00,2604,2669
12.12.2019 07:00 - 12.12.2019 08:00,3010,3063
12.12.2019 08:00 - 12.12.2019 09:00,3165,3179
12.12.2019 09:00 - 12.12.2019 10:00,3131,3085
12.12.2019 10:00 - 12.12.2019 11:00,3077,3051
12.12.2019 11:00 - 12.12.2019 12:00,3018,3016
12.12.2019 12:00 - 12.12.2019 13:00,2959,3052
12.12.2019 13:00 - 12.12.2019 14:00,3046,3041
12.12.2019 14:00 - 12.12.2019 15:00,3001,3044
12.12.2019 15:00 - 12.12.2019 16:00,2971,2975
12.12.2019 16:00 - 12.12.2019 17:00,3090,3098
12.12.2019 17:00 - 12.12.2019 18:00,3207,3177
12.12.2019 18:00 - 12.12.2019 19:00,3043,3061
12.12.2019 19:00 - 12.12.2019 20:00,2928,2895
12.12.2019 20:00 - 12.12.2019 21:00,2791,2722
12.12.2019 21:00 - 12.12.2019 22:00,2706,2555
12.12.2019 22:00 - 12.12.2019 23:00,2399,2358
12.12.2019 23:00 - 13.12.2019 00:00,2273,2228
13.12.2019 00:00 - 13.12.2019 01:00,2117,2104
13.12.2019 01:00 - 13.12.2019 02:00,2053,2052
13.12.2019 02:00 - 13.12.2019 03:00,2056,2018
13.12.2019 03:00 - 13.12.2019 04:00,2068,2009
13.12.2019 04:00 - 13.12.2019 05:00,2102,2113
13.12.2019 05:00 - 13.12.2019 06:00,2268,2246
13.12.2019 06:00 - 13.12.2019 07:00,2589,2616
13.12.2019 07:00 - 13.12.2019 08:00,2999,3031
13.12.2019 08:00 - 13.12.2019 09:00,3145,3140
13.12.2019 09:00 - 13.12.2019 10:00,3121,3146
13.12.2019 10:00 - 13.12.2019 11:00,3158,3092
13.12.2019 11:00 - 13.12.2019 12:00,3043,3032
13.12.2019 12:00 - 13.12.2019 13:00,2890,2889
13.12.2019 13:00 - 13.12.2019 14:00,2801,2823
13.12.2019 14:00 - 13.12.2019 15:00,2711,2726
13.12.2019 15:00 - 13.12.2019 16:00,2712,2740
13.12.2019 16:00 - 13.12.2019 17:00,2884,2879
13.12.2019 17:00 - 13.12.2019 18:00,2989,2991
13.12.2019 18:00 - 13.12.2019 19:00,2845,2839
13.12.2019 19:00 - 13.12.2019 20:00,2653,2634
13.12.2019 20:00 - 13.12.2019 21:00,2482,2443
13.12.2019 21:00 - 13.12.2019 22:00,2309,2297
13.12.2019 22:00 - 13.12.2019 23:00,2155,2205
13.12.2019 23:00 - 14.12.2019 00:00,2030,2070
14.12.2019 00:00 - 14.12.2019 01:00,1958,1983
14.12.2019 01:00 - 14.12.2019 02:00,1887,1925
14.12.2019 02:00 - 14.12.2019 03:00,1858,1910
14.12.2019 03:00 - 14.12.2019 04:00,1849,1903
14.12.2019 04:00 - 14.12.2019 05:00,1901,1920
14.12.2019 05:00 - 14.12.2019 06:00,1953,1970
14.12.2019 06:00 - 14.12.2019 07:00,2073,2069
14.12.2019 07:00 - 14.12.2019 08:00,2256,2254
14.12.2019 08:00 - 14.12.2019 09:00,2438,2420
14.12.2019 09:00 - 14.12.2019 10:00,2497,2494
14.12.2019 10:00 - 14.12.2019 11:00,2541,2553
14.12.2019 11:00 - 14.12.2019 12:00,2539,2549
14.12.2019 12:00 - 14.12.2019 13:00,2489,2506
14.12.2019 13:00 - 14.12.2019 14:00,2466,2484
14.12.2019 14:00 - 14.12.2019 15:00,2477,2497
14.12.2019 15:00 - 14.12.2019 16:00,2540,2531
14.12.2019 16:00 - 14.12.2019 17:00,2660,2629
14.12.2019 17:00 - 14.12.2019 18:00,2778,2772
14.12.2019 18:00 - 14.12.2019 19:00,2715,2703
14.12.2019 19:00 - 14.12.2019 20:00,2516,2483
14.12.2019 20:00 - 14.12.2019 21:00,2321,2313
14.12.2019 21:00 - 14.12.2019 22:00,2242,2252
14.12.2019 22:00 - 14.12.2019 23:00,2120,2172
14.12.2019 23:00 - 15.12.2019 00:00,1989,2084
15.12.2019 00:00 - 15.12.2019 01:00,1940,1984
15.12.2019 01:00 - 15.12.2019 02:00,1928,1949
15.12.2019 02:00 - 15.12.2019 03:00,1914,1886
15.12.2019 03:00 - 15.12.2019 04:00,1851,1844
15.12.2019 04:00 - 15.12.2019 05:00,1862,1802
15.12.2019 05:00 - 15.12.2019 06:00,1824,1810
15.12.2019 06:00 - 15.12.2019 07:00,1922,1953
15.12.2019 07:00 - 15.12.2019 08:00,2131,2109
15.12.2019 08:00 - 15.12.2019 09:00,2291,2266
15.12.2019 09:00 - 15.12.2019 10:00,2343,2390
15.12.2019 10:00 - 15.12.2019 11:00,2501,2551
15.12.2019 11:00 - 15.12.2019 12:00,2569,2604
15.12.2019 12:00 - 15.12.2019 13:00,2534,2531
15.12.2019 13:00 - 15.12.2019 14:00,2496,2531
15.12.2019 14:00 - 15.12.2019 15:00,2536,2549
15.12.2019 15:00 - 15.12.2019 16:00,2574,2543
15.12.2019 16:00 - 15.12.2019 17:00,2683,2673
15.12.2019 17:00 - 15.12.2019 18:00,2858,2841
15.12.2019 18:00 - 15.12.2019 19:00,2789,2813
15.12.2019 19:00 - 15.12.2019 20:00,2658,2630
15.12.2019 20:00 - 15.12.2019 21:00,2482,2468
15.12.2019 21:00 - 15.12.2019 22:00,2314,2289
15.12.2019 22:00 - 15.12.2019 23:00,2168,2178
15.12.2019 23:00 - 16.12.2019 00:00,2079,2063
16.12.2019 00:00 - 16.12.2019 01:00,2007,1976
16.12.2019 01:00 - 16.12.2019 02:00,1941,1926
16.12.2019 02:00 - 16.12.2019 03:00,1917,1867
16.12.2019 03:00 - 16.12.2019 04:00,1939,1884
16.12.2019 04:00 - 16.12.2019 05:00,1938,1917
16.12.2019 05:00 - 16.12.2019 06:00,2137,2054
16.12.2019 06:00 - 16.12.2019 07:00,2459,2497
16.12.2019 07:00 - 16.12.2019 08:00,2910,2857
16.12.2019 08:00 - 16.12.2019 09:00,3011,3012
16.12.2019 09:00 - 16.12.2019 10:00,3017,3023
16.12.2019 10:00 - 16.12.2019 11:00,3069,3055
16.12.2019 11:00 - 16.12.2019 12:00,3050,3052
16.12.2019 12:00 - 16.12.2019 13:00,3048,3080
16.12.2019 13:00 - 16.12.2019 14:00,3119,3130
16.12.2019 14:00 - 16.12.2019 15:00,3085,3084
16.12.2019 15:00 - 16.12.2019 16:00,2985,2989
16.12.2019 16:00 - 16.12.2019 17:00,3085,3105
16.12.2019 17:00 - 16.12.2019 18:00,3221,3214
16.12.2019 18:00 - 16.12.2019 19:00,3063,3073
16.12.2019 19:00 - 16.12.2019 20:00,2852,2872
16.12.2019 20:00 - 16.12.2019 21:00,2646,2641
16.12.2019 21:00 - 16.12.2019 22:00,2468,2472
16.12.2019 22:00 - 16.12.2019 23:00,2303,2271
16.12.2019 23:00 - 17.12.2019 00:00,2154,2129
17.12.2019 00:00 - 17.12.2019 01:00,2019,2057
17.12.2019 01:00 - 17.12.2019 02:00,1968,2026
17.12.2019 02:00 - 17.12.2019 03:00,1983,2008
17.12.2019 03:00 - 17.12.2019 04:00,2015,2012
17.12.2019 04:00 - 17.12.2019 05:00,2069,2056
17.12.2019 05:00 - 17.12.2019 06:00,2204,2176
17.12.2019 06:00 - 17.12.2019 07:00,2539,2557
17.12.2019 07:00 - 17.12.2019 08:00,2954,2962
17.12.2019 08:00 - 17.12.2019 09:00,3114,3132
17.12.2019 09:00 - 17.12.2019 10:00,3100,3120
17.12.2019 10:00 - 17.12.2019 11:00,3178,3181
17.12.2019 11:00 - 17.12.2019 12:00,3160,3175
17.12.2019 12:00 - 17.12.2019 13:00,3085,3113
17.12.2019 13:00 - 17.12.2019 14:00,3125,3131
17.12.2019 14:00 - 17.12.2019 15:00,3072,3079
17.12.2019 15:00 - 17.12.2019 16:00,3023,3036
17.12.2019 16:00 - 17.12.2019 17:00,3113,3101
17.12.2019 17:00 - 17.12.2019 18:00,3206,3190
17.12.2019 18:00 - 17.12.2019 19:00,3066,3087
17.12.2019 19:00 - 17.12.2019 20:00,2921,2897
17.12.2019 20:00 - 17.12.2019 21:00,2726,2736
17.12.2019 21:00 - 17.12.2019 22:00,2595,2600
17.12.2019 22:00 - 17.12.2019 23:00,2438,2393
17.12.2019 23:00 - 18.12.2019 00:00,2288,2214
18.12.2019 00:00 - 18.12.2019 01:00,2098,2106
18.12.2019 01:00 - 18.12.2019 02:00,2036,2068
18.12.2019 02:00 - 18.12.2019 03:00,2024,2096
18.12.2019 03:00 - 18.12.2019 04:00,2119,2191
18.12.2019 04:00 - 18.12.2019 05:00,2231,2182
18.12.2019 05:00 - 18.12.2019 06:00,2322,2301
18.12.2019 06:00 - 18.12.2019 07:00,2658,2696
18.12.2019 07:00 - 18.12.2019 08:00,3036,3061
18.12.2019 08:00 - 18.12.2019 09:00,3226,3261
18.12.2019 09:00 - 18.12.2019 10:00,3203,3200
18.12.2019 10:00 - 18.12.2019 11:00,3230,3240
18.12.2019 11:00 - 18.12.2019 12:00,3187,3218
18.12.2019 12:00 - 18.12.2019 13:00,3124,3175
18.12.2019 13:00 - 18.12.2019 14:00,3199,3226
18.12.2019 14:00 - 18.12.2019 15:00,3120,3058
18.12.2019 15:00 - 18.12.2019 16:00,2992,2973
18.12.2019 16:00 - 18.12.2019 17:00,3081,3105
18.12.2019 17:00 - 18.12.2019 18:00,3251,3245
18.12.2019 18:00 - 18.12.2019 19:00,3114,3087
18.12.2019 19:00 - 18.12.2019 20:00,2942,2902
18.12.2019 20:00 - 18.12.2019 21:00,2788,2745
18.12.2019 21:00 - 18.12.2019 22:00,2621,2578
18.12.2019 22:00 - 18.12.2019 23:00,2469,2406
18.12.2019 23:00 - 19.12.2019 00:00,2348,2316
19.12.2019 00:00 - 19.12.2019 01:00,2178,2216
19.12.2019 01:00 - 19.12.2019 02:00,2123,2212
19.12.2019 02:00 - 19.12.2019 03:00,2153,2209
19.12.2019 03:00 - 19.12.2019 04:00,2218,2180
19.12.2019 04:00 - 19.12.2019 05:00,2221,2212
19.12.2019 05:00 - 19.12.2019 06:00,2354,2307
19.12.2019 06:00 - 19.12.2019 07:00,2602,2671
19.12.2019 07:00 - 19.12.2019 08:00,2949,3027
19.12.2019 08:00 - 19.12.2019 09:00,3218,3212
19.12.2019 09:00 - 19.12.2019 10:00,3179,3207
19.12.2019 10:00 - 19.12.2019 11:00,3205,3199
19.12.2019 11:00 - 19.12.2019 12:00,3170,3147
19.12.2019 12:00 - 19.12.2019 13:00,3088,3085
19.12.2019 13:00 - 19.12.2019 14:00,3088,3089
19.12.2019 14:00 - 19.12.2019 15:00,3019,2960
19.12.2019 15:00 - 19.12.2019 16:00,2929,2922
19.12.2019 16:00 - 19.12.2019 17:00,3035,3056
19.12.2019 17:00 - 19.12.2019 18:00,3189,3171
19.12.2019 18:00 - 19.12.2019 19:00,3054,3058
19.12.2019 19:00 - 19.12.2019 20:00,2903,2890
19.12.2019 20:00 - 19.12.2019 21:00,2737,2720
19.12.2019 21:00 - 19.12.2019 22:00,2589,2562
19.12.2019 22:00 - 19.12.2019 23:00,2438,2377
19.12.2019 23:00 - 20.12.2019 00:00,2339,2242
20.12.2019 00:00 - 20.12.2019 01:00,2106,2121
20.12.2019 01:00 - 20.12.2019 02:00,2035,2053
20.12.2019 02:00 - 20.12.2019 03:00,2035,2042
20.12.2019 03:00 - 20.12.2019 04:00,2038,2042
20.12.2019 04:00 - 20.12.2019 05:00,2128,2176
20.12.2019 05:00 - 20.12.2019 06:00,2318,2334
20.12.2019 06:00 - 20.12.2019 07:00,2597,2663
20.12.2019 07:00 - 20.12.2019 08:00,2935,2887
20.12.2019 08:00 - 20.12.2019 09:00,3070,3018
20.12.2019 09:00 - 20.12.2019 10:00,3016,2993
20.12.2019 10:00 - 20.12.2019 11:00,3013,3037
20.12.2019 11:00 - 20.12.2019 12:00,2969,2977
20.12.2019 12:00 - 20.12.2019 13:00,2842,2856
20.12.2019 13:00 - 20.12.2019 14:00,2758,2736
20.12.2019 14:00 - 20.12.2019 15:00,2722,2699
20.12.2019 15:00 - 20.12.2019 16:00,2711,2698
20.12.2019 16:00 - 20.12.2019 17:00,2831,2787
20.12.2019 17:00 - 20.12.2019 18:00,2921,2883
20.12.2019 18:00 - 20.12.2019 19:00,2811,2752
20.12.2019 19:00 - 20.12.2019 20:00,2598,2573
20.12.2019 20:00 - 20.12.2019 21:00,2456,2455
20.12.2019 21:00 - 20.12.2019 22:00,2359,2338
20.12.2019 22:00 - 20.12.2019 23:00,2232,2177
20.12.2019 23:00 - 21.12.2019 00:00,2099,2072
21.12.2019 00:00 - 21.12.2019 01:00,1917,1951
21.12.2019 01:00 - 21.12.2019 02:00,1798,1898
21.12.2019 02:00 - 21.12.2019 03:00,1775,1881
21.12.2019 03:00 - 21.12.2019 04:00,1786,1842
21.12.2019 04:00 - 21.12.2019 05:00,1802,1869
21.12.2019 05:00 - 21.12.2019 06:00,1910,1942
21.12.2019 06:00 - 21.12.2019 07:00,2052,2150
21.12.2019 07:00 - 21.12.2019 08:00,2335,2345
21.12.2019 08:00 - 21.12.2019 09:00,2514,2425
21.12.2019 09:00 - 21.12.2019 10:00,2458,2380
21.12.2019 10:00 - 21.12.2019 11:00,2470,2480
21.12.2019 11:00 - 21.12.2019 12:00,2459,2446
21.12.2019 12:00 - 21.12.2019 13:00,2392,2396
21.12.2019 13:00 - 21.12.2019 14:00,2395,2411
21.12.2019 14:00 - 21.12.2019 15:00,2389,2358
21.12.2019 15:00 - 21.12.2019 16:00,2403,2391
21.12.2019 16:00 - 21.12.2019 17:00,2528,2546
21.12.2019 17:00 - 21.12.2019 18:00,2673,2686
21.12.2019 18:00 - 21.12.2019 19:00,2631,2624
21.12.2019 19:00 - 21.12.2019 20:00,2453,2446
21.12.2019 20:00 - 21.12.2019 21:00,2310,2340
21.12.2019 21:00 - 21.12.2019 22:00,2230,2242
21.12.2019 22:00 - 21.12.2019 23:00,2110,2111
21.12.2019 23:00 - 22.12.2019 00:00,1956,2003
22.12.2019 00:00 - 22.12.2019 01:00,1816,1877
22.12.2019 01:00 - 22.12.2019 02:00,1779,1834
22.12.2019 02:00 - 22.12.2019 03:00,1785,1801
22.12.2019 03:00 - 22.12.2019 04:00,1774,1788
22.12.2019 04:00 - 22.12.2019 05:00,1793,1808
22.12.2019 05:00 - 22.12.2019 06:00,1836,1831
22.12.2019 06:00 - 22.12.2019 07:00,1935,1929
22.12.2019 07:00 - 22.12.2019 08:00,2104,2092
22.12.2019 08:00 - 22.12.2019 09:00,2297,2281
22.12.2019 09:00 - 22.12.2019 10:00,2384,2365
22.12.2019 10:00 - 22.12.2019 11:00,2416,2421
22.12.2019 11:00 - 22.12.2019 12:00,2419,2416
22.12.2019 12:00 - 22.12.2019 13:00,2390,2396
22.12.2019 13:00 - 22.12.2019 14:00,2371,2393
22.12.2019 14:00 - 22.12.2019 15:00,2405,2406
22.12.2019 15:00 - 22.12.2019 16:00,2429,2409
22.12.2019 16:00 - 22.12.2019 17:00,2594,2525
22.12.2019 17:00 - 22.12.2019 18:00,2724,2678
22.12.2019 18:00 - 22.12.2019 19:00,2623,2617
22.12.2019 19:00 - 22.12.2019 20:00,2456,2449
22.12.2019 20:00 - 22.12.2019 21:00,2340,2347
22.12.2019 21:00 - 22.12.2019 22:00,2246,2227
22.12.2019 22:00 - 22.12.2019 23:00,2115,2099
22.12.2019 23:00 - 23.12.2019 00:00,2018,2002
23.12.2019 00:00 - 23.12.2019 01:00,1939,1949
23.12.2019 01:00 - 23.12.2019 02:00,1858,1799
23.12.2019 02:00 - 23.12.2019 03:00,1809,1766
23.12.2019 03:00 - 23.12.2019 04:00,1805,1753
23.12.2019 04:00 - 23.12.2019 05:00,1834,1796
23.12.2019 05:00 - 23.12.2019 06:00,1995,1899
23.12.2019 06:00 - 23.12.2019 07:00,2119,2070
23.12.2019 07:00 - 23.12.2019 08:00,2340,2337
23.12.2019 08:00 - 23.12.2019 09:00,2498,2550
23.12.2019 09:00 - 23.12.2019 10:00,2604,2646
23.12.2019 10:00 - 23.12.2019 11:00,2680,2690
23.12.2019 11:00 - 23.12.2019 12:00,2680,2695
23.12.2019 12:00 - 23.12.2019 13:00,2639,2670
23.12.2019 13:00 - 23.12.2019 14:00,2661,2639
23.12.2019 14:00 - 23.12.2019 15:00,2597,2621
23.12.2019 15:00 - 23.12.2019 16:00,2559,2606
23.12.2019 16:00 - 23.12.2019 17:00,2670,2674
23.12.2019 17:00 - 23.12.2019 18:00,2770,2758
23.12.2019 18:00 - 23.12.2019 19:00,2641,2636
23.12.2019 19:00 - 23.12.2019 20:00,2517,2483
23.12.2019 20:00 - 23.12.2019 21:00,2400,2354
23.12.2019 21:00 - 23.12.2019 22:00,2279,2247
23.12.2019 22:00 - 23.12.2019 23:00,2161,2126
23.12.2019 23:00 - 24.12.2019 00:00,2023,1984
24.12.2019 00:00 - 24.12.2019 01:00,1835,1827
24.12.2019 01:00 - 24.12.2019 02:00,1710,1729
24.12.2019 02:00 - 24.12.2019 03:00,1661,1702
24.12.2019 03:00 - 24.12.2019 04:00,1698,1757
24.12.2019 04:00 - 24.12.2019 05:00,1755,1788
24.12.2019 05:00 - 24.12.2019 06:00,1804,1787
24.12.2019 06:00 - 24.12.2019 07:00,1858,1841
24.12.2019 07:00 - 24.12.2019 08:00,2041,2034
24.12.2019 08:00 - 24.12.2019 09:00,2244,2250
24.12.2019 09:00 - 24.12.2019 10:00,2382,2376
24.12.2019 10:00 - 24.12.2019 11:00,2421,2415
24.12.2019 11:00 - 24.12.2019 12:00,2427,2412
24.12.2019 12:00 - 24.12.2019 13:00,2383,2380
24.12.2019 13:00 - 24.12.2019 14:00,2376,2372
24.12.2019 14:00 - 24.12.2019 15:00,2413,2374
24.12.2019 15:00 - 24.12.2019 16:00,2464,2432
24.12.2019 16:00 - 24.12.2019 17:00,2630,2604
24.12.2019 17:00 - 24.12.2019 18:00,2777,2771
24.12.2019 18:00 - 24.12.2019 19:00,2309,2320
24.12.2019 19:00 - 24.12.2019 20:00,2112,2128
24.12.2019 20:00 - 24.12.2019 21:00,2049,2073
24.12.2019 21:00 - 24.12.2019 22:00,1989,1991
24.12.2019 22:00 - 24.12.2019 23:00,1891,1929
24.12.2019 23:00 - 25.12.2019 00:00,1813,1893
25.12.2019 00:00 - 25.12.2019 01:00,1825,1847
25.12.2019 01:00 - 25.12.2019 02:00,1769,1751
25.12.2019 02:00 - 25.12.2019 03:00,1699,1681
25.12.2019 03:00 - 25.12.2019 04:00,1658,1660
25.12.2019 04:00 - 25.12.2019 05:00,1687,1672
25.12.2019 05:00 - 25.12.2019 06:00,1713,1704
25.12.2019 06:00 - 25.12.2019 07:00,1791,1769
25.12.2019 07:00 - 25.12.2019 08:00,1885,1867
25.12.2019 08:00 - 25.12.2019 09:00,2012,2032
25.12.2019 09:00 - 25.12.2019 10:00,2163,2153
25.12.2019 10:00 - 25.12.2019 11:00,2227,2222
25.12.2019 11:00 - 25.12.2019 12:00,2252,2227
25.12.2019 12:00 - 25.12.2019 13:00,2208,2217
25.12.2019 13:00 - 25.12.2019 14:00,2177,2167
25.12.2019 14:00 - 25.12.2019 15:00,2175,2163
25.12.2019 15:00 - 25.12.2019 16:00,2181,2186
25.12.2019 16:00 - 25.12.2019 17:00,2304,2305
25.12.2019 17:00 - 25.12.2019 18:00,2440,2431
25.12.2019 18:00 - 25.12.2019 19:00,2398,2395
25.12.2019 19:00 - 25.12.2019 20:00,2268,2304
25.12.2019 20:00 - 25.12.2019 21:00,2206,2206
25.12.2019 21:00 - 25.12.2019 22:00,2114,2128
25.12.2019 22:00 - 25.12.2019 23:00,2027,2024
25.12.2019 23:00 - 26.12.2019 00:00,1921,1929
26.12.2019 00:00 - 26.12.2019 01:00,1815,1814
26.12.2019 01:00 - 26.12.2019 02:00,1743,1762
26.12.2019 02:00 - 26.12.2019 03:00,1754,1771
26.12.2019 03:00 - 26.12.2019 04:00,1755,1743
26.12.2019 04:00 - 26.12.2019 05:00,1758,1765
26.12.2019 05:00 - 26.12.2019 06:00,1794,1806
26.12.2019 06:00 - 26.12.2019 07:00,1883,1898
26.12.2019 07:00 - 26.12.2019 08:00,2029,2019
26.12.2019 08:00 - 26.12.2019 09:00,2203,2186
26.12.2019 09:00 - 26.12.2019 10:00,2286,2281
26.12.2019 10:00 - 26.12.2019 11:00,2363,2351
26.12.2019 11:00 - 26.12.2019 12:00,2342,2336
26.12.2019 12:00 - 26.12.2019 13:00,2278,2276
26.12.2019 13:00 - 26.12.2019 14:00,2204,2199
26.12.2019 14:00 - 26.12.2019 15:00,2178,2172
26.12.2019 15:00 - 26.12.2019 16:00,2183,2204
26.12.2019 16:00 - 26.12.2019 17:00,2333,2329
26.12.2019 17:00 - 26.12.2019 18:00,2450,2452
26.12.2019 18:00 - 26.12.2019 19:00,2415,2425
26.12.2019 19:00 - 26.12.2019 20:00,2327,2331
26.12.2019 20:00 - 26.12.2019 21:00,2237,2240
26.12.2019 21:00 - 26.12.2019 22:00,2158,2151
26.12.2019 22:00 - 26.12.2019 23:00,2082,2050
26.12.2019 23:00 - 27.12.2019 00:00,1975,1975
27.12.2019 00:00 - 27.12.2019 01:00,1841,1900
27.12.2019 01:00 - 27.12.2019 02:00,1805,1842
27.12.2019 02:00 - 27.12.2019 03:00,1796,1843
27.12.2019 03:00 - 27.12.2019 04:00,1813,1839
27.12.2019 04:00 - 27.12.2019 05:00,1851,1846
27.12.2019 05:00 - 27.12.2019 06:00,1931,1914
27.12.2019 06:00 - 27.12.2019 07:00,2083,2070
27.12.2019 07:00 - 27.12.2019 08:00,2254,2260
27.12.2019 08:00 - 27.12.2019 09:00,2450,2465
27.12.2019 09:00 - 27.12.2019 10:00,2567,2578
27.12.2019 10:00 - 27.12.2019 11:00,2638,2639
27.12.2019 11:00 - 27.12.2019 12:00,2628,2636
27.12.2019 12:00 - 27.12.2019 13:00,2552,2568
27.12.2019 13:00 - 27.12.2019 14:00,2529,2534
27.12.2019 14:00 - 27.12.2019 15:00,2498,2516
27.12.2019 15:00 - 27.12.2019 16:00,2518,2541
27.12.2019 16:00 - 27.12.2019 17:00,2669,2658
27.12.2019 17:00 - 27.12.2019 18:00,2845,2798
27.12.2019 18:00 - 27.12.2019 19:00,2754,2734
27.12.2019 19:00 - 27.12.2019 20:00,2590,2564
27.12.2019 20:00 - 27.12.2019 21:00,2416,2416
27.12.2019 21:00 - 27.12.2019 22:00,2296,2287
27.12.2019 22:00 - 27.12.2019 23:00,2160,2162
27.12.2019 23:00 - 28.12.2019 00:00,2014,2069
28.12.2019 00:00 - 28.12.2019 01:00,1949,1998
28.12.2019 01:00 - 28.12.2019 02:00,1871,1929
28.12.2019 02:00 - 28.12.2019 03:00,1829,1891
28.12.2019 03:00 - 28.12.2019 04:00,1835,1882
28.12.2019 04:00 - 28.12.2019 05:00,1861,1890
28.12.2019 05:00 - 28.12.2019 06:00,1910,1935
28.12.2019 06:00 - 28.12.2019 07:00,2004,2037
28.12.2019 07:00 - 28.12.2019 08:00,2190,2210
28.12.2019 08:00 - 28.12.2019 09:00,2421,2366
28.12.2019 09:00 - 28.12.2019 10:00,2489,2460
28.12.2019 10:00 - 28.12.2019 11:00,2508,2504
28.12.2019 11:00 - 28.12.2019 12:00,2501,2484
28.12.2019 12:00 - 28.12.2019 13:00,2477,2483
28.12.2019 13:00 - 28.12.2019 14:00,2469,2459
28.12.2019 14:00 - 28.12.2019 15:00,2454,2462
28.12.2019 15:00 - 28.12.2019 16:00,2461,2486
28.12.2019 16:00 - 28.12.2019 17:00,2605,2619
28.12.2019 17:00 - 28.12.2019 18:00,2766,2748
28.12.2019 18:00 - 28.12.2019 19:00,2710,2704
28.12.2019 19:00 - 28.12.2019 20:00,2536,2549
28.12.2019 20:00 - 28.12.2019 21:00,2389,2395
28.12.2019 21:00 - 28.12.2019 22:00,2274,2312
28.12.2019 22:00 - 28.12.2019 23:00,2202,2154
28.12.2019 23:00 - 29.12.2019 00:00,2101,2035
29.12.2019 00:00 - 29.12.2019 01:00,1950,1968
29.12.2019 01:00 - 29.12.2019 02:00,1906,1905
29.12.2019 02:00 - 29.12.2019 03:00,1875,1852
29.12.2019 03:00 - 29.12.2019 04:00,1883,1854
29.12.2019 04:00 - 29.12.2019 05:00,1880,1853
29.12.2019 05:00 - 29.12.2019 06:00,1851,1881
29.12.2019 06:00 - 29.12.2019 07:00,1972,1995
29.12.2019 07:00 - 29.12.2019 08:00,2123,2118
29.12.2019 08:00 - 29.12.2019 09:00,2232,2292
29.12.2019 09:00 - 29.12.2019 10:00,2361,2406
29.12.2019 10:00 - 29.12.2019 11:00,2434,2490
29.12.2019 11:00 - 29.12.2019 12:00,2470,2524
29.12.2019 12:00 - 29.12.2019 13:00,2476,2503
29.12.2019 13:00 - 29.12.2019 14:00,2417,2432
29.12.2019 14:00 - 29.12.2019 15:00,2408,2444
29.12.2019 15:00 - 29.12.2019 16:00,2478,2471
29.12.2019 16:00 - 29.12.2019 17:00,2644,2606
29.12.2019 17:00 - 29.12.2019 18:00,2832,2765
29.12.2019 18:00 - 29.12.2019 19:00,2772,2724
29.12.2019 19:00 - 29.12.2019 20:00,2561,2574
29.12.2019 20:00 - 29.12.2019 21:00,2442,2471
29.12.2019 21:00 - 29.12.2019 22:00,2349,2386
29.12.2019 22:00 - 29.12.2019 23:00,2280,2275
29.12.2019 23:00 - 30.12.2019 00:00,2178,2180
30.12.2019 00:00 - 30.12.2019 01:00,2088,2094
30.12.2019 01:00 - 30.12.2019 02:00,2040,2020
30.12.2019 02:00 - 30.12.2019 03:00,2009,1969
30.12.2019 03:00 - 30.12.2019 04:00,1948,1948
30.12.2019 04:00 - 30.12.2019 05:00,2004,1958
30.12.2019 05:00 - 30.12.2019 06:00,2105,2040
30.12.2019 06:00 - 30.12.2019 07:00,2305,2246
30.12.2019 07:00 - 30.12.2019 08:00,2368,2394
30.12.2019 08:00 - 30.12.2019 09:00,2565,2653
30.12.2019 09:00 - 30.12.2019 10:00,2661,2692
30.12.2019 10:00 - 30.12.2019 11:00,2673,2655
30.12.2019 11:00 - 30.12.2019 12:00,2627,2640
30.12.2019 12:00 - 30.12.2019 13:00,2574,2597
30.12.2019 13:00 - 30.12.2019 14:00,2567,2538
30.12.2019 14:00 - 30.12.2019 15:00,2527,2546
30.12.2019 15:00 - 30.12.2019 16:00,2584,2632
30.12.2019 16:00 - 30.12.2019 17:00,2760,2738
30.12.2019 17:00 - 30.12.2019 18:00,2937,2924
30.12.2019 18:00 - 30.12.2019 19:00,2819,2858
30.12.2019 19:00 - 30.12.2019 20:00,2783,2719
30.12.2019 20:00 - 30.12.2019 21:00,2657,2555
30.12.2019 21:00 - 30.12.2019 22:00,2461,2400
30.12.2019 22:00 - 30.12.2019 23:00,2245,2255
30.12.2019 23:00 - 31.12.2019 00:00,2068,2091
31.12.2019 00:00 - 31.12.2019 01:00,1936,1968
31.12.2019 01:00 - 31.12.2019 02:00,1851,1906
31.12.2019 02:00 - 31.12.2019 03:00,1815,1867
31.12.2019 03:00 - 31.12.2019 04:00,1776,1849
31.12.2019 04:00 - 31.12.2019 05:00,1828,1890
31.12.2019 05:00 - 31.12.2019 06:00,1907,1919
31.12.2019 06:00 - 31.12.2019 07:00,1981,2005
31.12.2019 07:00 - 31.12.2019 08:00,2160,2186
31.12.2019 08:00 - 31.12.2019 09:00,2313,2333
31.12.2019 09:00 - 31.12.2019 10:00,2449,2430
31.12.2019 10:00 - 31.12.2019 11:00,2468,2465
31.12.2019 11:00 - 31.12.2019 12:00,2479,2483
31.12.2019 12:00 - 31.12.2019 13:00,2448,2432
31.12.2019 13:00 - 31.12.2019 14:00,2372,2350
31.12.2019 14:00 - 31.12.2019 15:00,2322,2328
31.12.2019 15:00 - 31.12.2019 16:00,2366,2340
31.12.2019 16:00 - 31.12.2019 17:00,2537,2531
31.12.2019 17:00 - 31.12.2019 18:00,2681,2646
31.12.2019 18:00 - 31.12.2019 19:00,2579,2562
31.12.2019 19:00 - 31.12.2019 20:00,2338,2343
31.12.2019 20:00 - 31.12.2019 21:00,2187,2185
31.12.2019 21:00 - 31.12.2019 22:00,2065,2054
31.12.2019 22:00 - 31.12.2019 23:00,1966,1971
31.12.2019 23:00 - 01.01.2020 00:00,1897,1910