Time (CET/CEST),Day-ahead Total Load Forecast [MW] - BZN|DK1,Actual Total Load [MW] - BZN|DK1
01.01.2021 00:00 - 01.01.2021 01:00,2043,2077
01.01.2021 01:00 - 01.01.2021 02:00,2018,2043
01.01.2021 02:00 - 01.01.2021 03:00,1947,1966
01.01.2021 03:00 - 01.01.2021 04:00,1879,1916
01.01.2021 04:00 - 01.01.2021 05:00,1846,1893
01.01.2021 05:00 - 01.01.2021 06:00,1857,1903
01.01.2021 06:00 - 01.01.2021 07:00,1938,1957
01.01.2021 07:00 - 01.01.2021 08:00,2010,2010
01.01.2021 08:00 - 01.01.2021 09:00,2076,2081
01.01.2021 09:00 - 01.01.2021 10:00,2163,2150
01.01.2021 10:00 - 01.01.2021 11:00,2270,2267
01.01.2021 11:00 - 01.01.2021 12:00,2355,2332
01.01.2021 12:00 - 01.01.2021 13:00,2360,2354
01.01.2021 13:00 - 01.01.2021 14:00,2328,2334
01.01.2021 14:00 - 01.01.2021 15:00,2341,2342
01.01.2021 15:00 - 01.01.2021 16:00,2349,2372
01.01.2021 16:00 - 01.01.2021 17:00,2530,2500
01.01.2021 17:00 - 01.01.2021 18:00,2698,2691
01.01.2021 18:00 - 01.01.2021 19:00,2641,2669
01.01.2021 19:00 - 01.01.2021 20:00,2521,2524
01.01.2021 20:00 - 01.01.2021 21:00,2393,2369
01.01.2021 21:00 - 01.01.2021 22:00,2275,2270
01.01.2021 22:00 - 01.01.2021 23:00,2201,2140
01.01.2021 23:00 - 02.01.2021 00:00,2123,2012
02.01.2021 00:00 - 02.01.2021 01:00,1940,1942
02.01.2021 01:00 - 02.01.2021 02:00,1880,1887
02.01.2021 02:00 - 02.01.2021 03:00,1879,1868
02.01.2021 03:00 - 02.01.2021 04:00,1944,1864
02.01.2021 04:00 - 02.01.2021 05:00,1980,1882
02.01.2021 05:00 - 02.01.2021 06:00,1984,1938
02.01.2021 06:00 - 02.01.2021 07:00,2080,2039
02.01.2021 07:00 - 02.01.2021 08:00,2193,2168
02.01.2021 08:00 - 02.01.2021 09:00,2332,2316
02.01.2021 09:00 - 02.01.2021 10:00,2440,2454
02.01.2021 10:00 - 02.01.2021 11:00,2523,2537
02.01.2021 11:00 - 02.01.2021 12:00,2556,2562
02.01.2021 12:00 - 02.01.2021 13:00,2542,2552
02.01.2021 13:00 - 02.01.2021 14:00,2521,2528
02.01.2021 14:00 - 02.01.2021 15:00,2515,2510
02.01.2021 15:00 - 02.01.2021 16:00,2491,2506
02.01.2021 16:00 - 02.01.2021 17:00,2659,2699
02.01.2021 17:00 - 02.01.2021 18:00,2918,2944
02.01.2021 18:00 - 02.01.2021 19:00,2905,2877
02.01.2021 19:00 - 02.01.2021 20:00,2668,2655
02.01.2021 20:00 - 02.01.2021 21:00,2487,2486
02.01.2021 21:00 - 02.01.2021 22:00,2328,2340
02.01.2021 22:00 - 02.01.2021 23:00,2190,2217
02.01.2021 23:00 - 03.01.2021 00:00,2062,2088
03.01.2021 00:00 - 03.01.2021 01:00,1973,1995
03.01.2021 01:00 - 03.01.2021 02:00,1907,1934
03.01.2021 02:00 - 03.01.2021 03:00,1881,1890
03.01.2021 03:00 - 03.01.2021 04:00,1909,1971
03.01.2021 04:00 - 03.01.2021 05:00,1991,2001
03.01.2021 05:00 - 03.01.2021 06:00,2038,2059
03.01.2021 06:00 - 03.01.2021 07:00,2123,2143
03.01.2021 07:00 - 03.01.2021 08:00,2297,2324
03.01.2021 08:00 - 03.01.2021 09:00,2475,2484
03.01.2021 09:00 - 03.01.2021 10:00,2600,2591
03.01.2021 10:00 - 03.01.2021 11:00,2631,2672
03.01.2021 11:00 - 03.01.2021 12:00,2680,2706
03.01.2021 12:00 - 03.01.2021 13:00,2686,2724
03.01.2021 13:00 - 03.01.2021 14:00,2687,2691
03.01.2021 14:00 - 03.01.2021 15:00,2681,2710
03.01.2021 15:00 - 03.01.2021 16:00,2723,2730
03.01.2021 16:00 - 03.01.2021 17:00,2891,2888
03.01.2021 17:00 - 03.01.2021 18:00,3140,3134
03.01.2021 18:00 - 03.01.2021 19:00,3040,3001
03.01.2021 19:00 - 03.01.2021 20:00,2823,2837
03.01.2021 20:00 - 03.01.2021 21:00,2679,2707
03.01.2021 21:00 - 03.01.2021 22:00,2589,2580
03.01.2021 22:00 - 03.01.2021 23:00,2542,2406
03.01.2021 23:00 - 04.01.2021 00:00,2486,2254
04.01.2021 00:00 - 04.01.2021 01:00,2185,2216
04.01.2021 01:00 - 04.01.2021 02:00,2177,2215
04.01.2021 02:00 - 04.01.2021 03:00,2165,2127
04.01.2021 03:00 - 04.01.2021 04:00,2163,2181
04.01.2021 04:00 - 04.01.2021 05:00,2230,2252
04.01.2021 05:00 - 04.01.2021 06:00,2412,2406
04.01.2021 06:00 - 04.01.2021 07:00,2811,2786
04.01.2021 07:00 - 04.01.2021 08:00,3216,3218
04.01.2021 08:00 - 04.01.2021 09:00,3341,3312
04.01.2021 09:00 - 04.01.2021 10:00,3326,3368
04.01.2021 10:00 - 04.01.2021 11:00,3392,3372
04.01.2021 11:00 - 04.01.2021 12:00,3359,3483
04.01.2021 12:00 - 04.01.2021 13:00,3387,3390
04.01.2021 13:00 - 04.01.2021 14:00,3396,3387
04.01.2021 14:00 - 04.01.2021 15:00,3362,3336
04.01.2021 15:00 - 04.01.2021 16:00,3253,3229
04.01.2021 16:00 - 04.01.2021 17:00,3317,3299
04.01.2021 17:00 - 04.01.2021 18:00,3516,3533
04.01.2021 18:00 - 04.01.2021 19:00,3330,3320
04.01.2021 19:00 - 04.01.2021 20:00,3178,3217
04.01.2021 20:00 - 04.01.2021 21:00,3051,3052
04.01.2021 21:00 - 04.01.2021 22:00,2871,2878
04.01.2021 22:00 - 04.01.2021 23:00,2722,2730
04.01.2021 23:00 - 05.01.2021 00:00,2566,2536
05.01.2021 00:00 - 05.01.2021 01:00,2347,2363
05.01.2021 01:00 - 05.01.2021 02:00,2246,2276
05.01.2021 02:00 - 05.01.2021 03:00,2242,2241
05.01.2021 03:00 - 05.01.2021 04:00,2243,2241
05.01.2021 04:00 - 05.01.2021 05:00,2298,2308
05.01.2021 05:00 - 05.01.2021 06:00,2447,2459
05.01.2021 06:00 - 05.01.2021 07:00,2752,2767
05.01.2021 07:00 - 05.01.2021 08:00,3099,3175
05.01.2021 08:00 - 05.01.2021 09:00,3290,3359
05.01.2021 09:00 - 05.01.2021 10:00,3337,3390
05.01.2021 10:00 - 05.01.2021 11:00,3401,3399
05.01.2021 11:00 - 05.01.2021 12:00,3347,3383
05.01.2021 12:00 - 05.01.2021 13:00,3284,3286
05.01.2021 13:00 - 05.01.2021 14:00,3279,3285
05.01.2021 14:00 - 05.01.2021 15:00,3226,3242
05.01.2021 15:00 - 05.01.2021 16:00,3208,3159
05.01.2021 16:00 - 05.01.2021 17:00,3238,3225
05.01.2021 17:00 - 05.01.2021 18:00,3464,3469
05.01.2021 18:00 - 05.01.2021 19:00,3336,3300
05.01.2021 19:00 - 05.01.2021 20:00,3115,3074
05.01.2021 20:00 - 05.01.2021 21:00,2945,2896
05.01.2021 21:00 - 05.01.2021 22:00,2801,2755
05.01.2021 22:00 - 05.01.2021 23:00,2662,2615
05.01.2021 23:00 - 06.01.2021 00:00,2522,2508
06.01.2021 00:00 - 06.01.2021 01:00,2331,2309
06.01.2021 01:00 - 06.01.2021 02:00,2209,2229
06.01.2021 02:00 - 06.01.2021 03:00,2175,2215
06.01.2021 03:00 - 06.01.2021 04:00,2191,2198
06.01.2021 04:00 - 06.01.2021 05:00,2249,2246
06.01.2021 05:00 - 06.01.2021 06:00,2394,2369
06.01.2021 06:00 - 06.01.2021 07:00,2672,2703
06.01.2021 07:00 - 06.01.2021 08:00,3037,3158
06.01.2021 08:00 - 06.01.2021 09:00,3298,3342
06.01.2021 09:00 - 06.01.2021 10:00,3274,3325
06.01.2021 10:00 - 06.01.2021 11:00,3324,3380
06.01.2021 11:00 - 06.01.2021 12:00,3337,3401
06.01.2021 12:00 - 06.01.2021 13:00,3310,3341
06.01.2021 13:00 - 06.01.2021 14:00,3322,3335
06.01.2021 14:00 - 06.01.2021 15:00,3306,3288
06.01.2021 15:00 - 06.01.2021 16:00,3246,3212
06.01.2021 16:00 - 06.01.2021 17:00,3289,3323
06.01.2021 17:00 - 06.01.2021 18:00,3521,3462
06.01.2021 18:00 - 06.01.2021 19:00,3313,3298
06.01.2021 19:00 - 06.01.2021 20:00,3118,3082
06.01.2021 20:00 - 06.01.2021 21:00,2960,2910
06.01.2021 21:00 - 06.01.2021 22:00,2818,2779
06.01.2021 22:00 - 06.01.2021 23:00,2718,2638
06.01.2021 23:00 - 07.01.2021 00:00,2585,2450
07.01.2021 00:00 - 07.01.2021 01:00,2306,2321
07.01.2021 01:00 - 07.01.2021 02:00,2205,2262
07.01.2021 02:00 - 07.01.2021 03:00,2194,2241
07.01.2021 03:00 - 07.01.2021 04:00,2213,2245
07.01.2021 04:00 - 07.01.2021 05:00,2281,2298
07.01.2021 05:00 - 07.01.2021 06:00,2404,2418
07.01.2021 06:00 - 07.01.2021 07:00,2662,2735
07.01.2021 07:00 - 07.01.2021 08:00,3079,3141
07.01.2021 08:00 - 07.01.2021 09:00,3293,3297
07.01.2021 09:00 - 07.01.2021 10:00,3255,3256
07.01.2021 10:00 - 07.01.2021 11:00,3279,3310
07.01.2021 11:00 - 07.01.2021 12:00,3258,3316
07.01.2021 12:00 - 07.01.2021 13:00,3239,3280
07.01.2021 13:00 - 07.01.2021 14:00,3260,3248
07.01.2021 14:00 - 07.01.2021 15:00,3218,3208
07.01.2021 15:00 - 07.01.2021 16:00,3169,3154
07.01.2021 16:00 - 07.01.2021 17:00,3201,3240
07.01.2021 17:00 - 07.01.2021 18:00,3473,3467
07.01.2021 18:00 - 07.01.2021 19:00,3309,3314
07.01.2021 19:00 - 07.01.2021 20:00,3172,3109
07.01.2021 20:00 - 07.01.2021 21:00,2968,2923
07.01.2021 21:00 - 07.01.2021 22:00,2876,2756
07.01.2021 22:00 - 07.01.2021 23:00,2765,2602
07.01.2021 23:00 - 08.01.2021 00:00,2614,2410
08.01.2021 00:00 - 08.01.2021 01:00,2289,2290
08.01.2021 01:00 - 08.01.2021 02:00,2195,2228
08.01.2021 02:00 - 08.01.2021 03:00,2170,2204
08.01.2021 03:00 - 08.01.2021 04:00,2185,2193
08.01.2021 04:00 - 08.01.2021 05:00,2302,2239
08.01.2021 05:00 - 08.01.2021 06:00,2377,2363
08.01.2021 06:00 - 08.01.2021 07:00,2669,2699
08.01.2021 07:00 - 08.01.2021 08:00,3056,3128
08.01.2021 08:00 - 08.01.2021 09:00,3255,3274
08.01.2021 09:00 - 08.01.2021 10:00,3219,3263
08.01.2021 10:00 - 08.01.2021 11:00,3272,3284
08.01.2021 11:00 - 08.01.2021 12:00,3240,3249
08.01.2021 12:00 - 08.01.2021 13:00,3119,3112
08.01.2021 13:00 - 08.01.2021 14:00,3032,3050
08.01.2021 14:00 - 08.01.2021 15:00,2956,2944
08.01.2021 15:00 - 08.01.2021 16:00,2881,2872
08.01.2021 16:00 - 08.01.2021 17:00,3020,2998
08.01.2021 17:00 - 08.01.2021 18:00,3198,3215
08.01.2021 18:00 - 08.01.2021 19:00,3078,3117
08.01.2021 19:00 - 08.01.2021 20:00,2901,2853
08.01.2021 20:00 - 08.01.2021 21:00,2707,2670
08.01.2021 21:00 - 08.01.2021 22:00,2539,2533
08.01.2021 22:00 - 08.01.2021 23:00,2379,2389
08.01.2021 23:00 - 09.01.2021 00:00,2213,2249
09.01.2021 00:00 - 09.01.2021 01:00,2124,2156
09.01.2021 01:00 - 09.01.2021 02:00,2047,2087
09.01.2021 02:00 - 09.01.2021 03:00,2004,2051
09.01.2021 03:00 - 09.01.2021 04:00,1998,2046
09.01.2021 04:00 - 09.01.2021 05:00,2043,2049
09.01.2021 05:00 - 09.01.2021 06:00,2092,2119
09.01.2021 06:00 - 09.01.2021 07:00,2238,2225
09.01.2021 07:00 - 09.01.2021 08:00,2416,2400
09.01.2021 08:00 - 09.01.2021 09:00,2566,2567
09.01.2021 09:00 - 09.01.2021 10:00,2664,2669
09.01.2021 10:00 - 09.01.2021 11:00,2745,2717
09.01.2021 11:00 - 09.01.2021 12:00,2714,2708
09.01.2021 12:00 - 09.01.2021 13:00,2668,2662
09.01.2021 13:00 - 09.01.2021 14:00,2660,2665
09.01.2021 14:00 - 09.01.2021 15:00,2658,2667
09.01.2021 15:00 - 09.01.2021 16:00,2668,2660
09.01.2021 16:00 - 09.01.2021 17:00,2770,2769
09.01.2021 17:00 - 09.01.2021 18:00,3008,3018
09.01.2021 18:00 - 09.01.2021 19:00,2943,2934
09.01.2021 19:00 - 09.01.2021 20:00,2704,2696
09.01.2021 20:00 - 09.01.2021 21:00,2554,2572
09.01.2021 21:00 - 09.01.2021 22:00,2447,2475
09.01.2021 22:00 - 09.01.2021 23:00,2361,2355
09.01.2021 23:00 - 10.01.2021 00:00,2222,2257
10.01.2021 00:00 - 10.01.2021 01:00,2125,2168
10.01.2021 01:00 - 10.01.2021 02:00,2069,2115
10.01.2021 02:00 - 10.01.2021 03:00,2041,2069
10.01.2021 03:00 - 10.01.2021 04:00,2036,2063
10.01.2021 04:00 - 10.01.2021 05:00,2046,2053
10.01.2021 05:00 - 10.01.2021 06:00,2102,2102
10.01.2021 06:00 - 10.01.2021 07:00,2152,2160
10.01.2021 07:00 - 10.01.2021 08:00,2293,2263
10.01.2021 08:00 - 10.01.2021 09:00,2405,2383
10.01.2021 09:00 - 10.01.2021 10:00,2509,2580
10.01.2021 10:00 - 10.01.2021 11:00,2635,2659
10.01.2021 11:00 - 10.01.2021 12:00,2668,2673
10.01.2021 12:00 - 10.01.2021 13:00,2666,2682
10.01.2021 13:00 - 10.01.2021 14:00,2652,2658
10.01.2021 14:00 - 10.01.2021 15:00,2636,2606
10.01.2021 15:00 - 10.01.2021 16:00,2647,2637
10.01.2021 16:00 - 10.01.2021 17:00,2776,2750
10.01.2021 17:00 - 10.01.2021 18:00,3044,3051
10.01.2021 18:00 - 10.01.2021 19:00,2963,2964
10.01.2021 19:00 - 10.01.2021 20:00,2759,2761
10.01.2021 20:00 - 10.01.2021 21:00,2698,2693
10.01.2021 21:00 - 10.01.2021 22:00,2564,2537
10.01.2021 22:00 - 10.01.2021 23:00,2458,2354
10.01.2021 23:00 - 11.01.2021 00:00,2390,2223
11.01.2021 00:00 - 11.01.2021 01:00,2190,2299
11.01.2021 01:00 - 11.01.2021 02:00,2263,2307
11.01.2021 02:00 - 11.01.2021 03:00,2305,2295
11.01.2021 03:00 - 11.01.2021 04:00,2332,2291
11.01.2021 04:00 - 11.01.2021 05:00,2361,2340
11.01.2021 05:00 - 11.01.2021 06:00,2494,2462
11.01.2021 06:00 - 11.01.2021 07:00,2791,2757
11.01.2021 07:00 - 11.01.2021 08:00,3185,3187
11.01.2021 08:00 - 11.01.2021 09:00,3335,3370
11.01.2021 09:00 - 11.01.2021 10:00,3340,3361
11.01.2021 10:00 - 11.01.2021 11:00,3374,3389
11.01.2021 11:00 - 11.01.2021 12:00,3350,3383
11.01.2021 12:00 - 11.01.2021 13:00,3306,3288
11.01.2021 13:00 - 11.01.2021 14:00,3283,3288
11.01.2021 14:00 - 11.01.2021 15:00,3269,3280
11.01.2021 15:00 - 11.01.2021 16:00,3235,3270
11.01.2021 16:00 - 11.01.2021 17:00,3357,3339
11.01.2021 17:00 - 11.01.2021 18:00,3522,3564
11.01.2021 18:00 - 11.01.2021 19:00,3372,3344
11.01.2021 19:00 - 11.01.2021 20:00,3057,3034
11.01.2021 20:00 - 11.01.2021 21:00,2801,2796
11.01.2021 21:00 - 11.01.2021 22:00,2634,2701
11.01.2021 22:00 - 11.01.2021 23:00,2469,2585
11.01.2021 23:00 - 12.01.2021 00:00,2312,2379
12.01.2021 00:00 - 12.01.2021 01:00,2297,2383
12.01.2021 01:00 - 12.01.2021 02:00,2276,2320
12.01.2021 02:00 - 12.01.2021 03:00,2323,2385
12.01.2021 03:00 - 12.01.2021 04:00,2379,2429
12.01.2021 04:00 - 12.01.2021 05:00,2436,2390
12.01.2021 05:00 - 12.01.2021 06:00,2534,2511
12.01.2021 06:00 - 12.01.2021 07:00,2771,2775
12.01.2021 07:00 - 12.01.2021 08:00,3090,3204
12.01.2021 08:00 - 12.01.2021 09:00,3322,3332
12.01.2021 09:00 - 12.01.2021 10:00,3220,3252
12.01.2021 10:00 - 12.01.2021 11:00,3290,3280
12.01.2021 11:00 - 12.01.2021 12:00,3243,3244
12.01.2021 12:00 - 12.01.2021 13:00,3157,3198
12.01.2021 13:00 - 12.01.2021 14:00,3200,3234
12.01.2021 14:00 - 12.01.2021 15:00,3192,3225
12.01.2021 15:00 - 12.01.2021 16:00,3141,3174
12.01.2021 16:00 - 12.01.2021 17:00,3212,3229
12.01.2021 17:00 - 12.01.2021 18:00,3403,3500
12.01.2021 18:00 - 12.01.2021 19:00,3349,3362
12.01.2021 19:00 - 12.01.2021 20:00,3198,3177
12.01.2021 20:00 - 12.01.2021 21:00,3092,3057
12.01.2021 21:00 - 12.01.2021 22:00,2941,2891
12.01.2021 22:00 - 12.01.2021 23:00,2774,2706
12.01.2021 23:00 - 13.01.2021 00:00,2622,2477
13.01.2021 00:00 - 13.01.2021 01:00,2339,2360
13.01.2021 01:00 - 13.01.2021 02:00,2245,2328
13.01.2021 02:00 - 13.01.2021 03:00,2208,2386
13.01.2021 03:00 - 13.01.2021 04:00,2234,2379
13.01.2021 04:00 - 13.01.2021 05:00,2417,2483
13.01.2021 05:00 - 13.01.2021 06:00,2578,2640
13.01.2021 06:00 - 13.01.2021 07:00,2876,2896
13.01.2021 07:00 - 13.01.2021 08:00,3211,3308
13.01.2021 08:00 - 13.01.2021 09:00,3510,3499
13.01.2021 09:00 - 13.01.2021 10:00,3438,3433
13.01.2021 10:00 - 13.01.2021 11:00,3432,3426
13.01.2021 11:00 - 13.01.2021 12:00,3447,3461
13.01.2021 12:00 - 13.01.2021 13:00,3370,3370
13.01.2021 13:00 - 13.01.2021 14:00,3365,3388
13.01.2021 14:00 - 13.01.2021 15:00,3305,3336
13.01.2021 15:00 - 13.01.2021 16:00,3214,3240
13.01.2021 16:00 - 13.01.2021 17:00,3275,3363
13.01.2021 17:00 - 13.01.2021 18:00,3563,3627
13.01.2021 18:00 - 13.01.2021 19:00,3407,3484
13.01.2021 19:00 - 13.01.2021 20:00,3311,3232
13.01.2021 20:00 - 13.01.2021 21:00,3125,3062
13.01.2021 21:00 - 13.01.2021 22:00,2997,2936
13.01.2021 22:00 - 13.01.2021 23:00,2874,2763
13.01.2021 23:00 - 14.01.2021 00:00,2737,2589
14.01.2021 00:00 - 14.01.2021 01:00,2437,2452
14.01.2021 01:00 - 14.01.2021 02:00,2402,2462
14.01.2021 02:00 - 14.01.2021 03:00,2395,2400
14.01.2021 03:00 - 14.01.2021 04:00,2360,2344
14.01.2021 04:00 - 14.01.2021 05:00,2425,2442
14.01.2021 05:00 - 14.01.2021 06:00,2560,2489
14.01.2021 06:00 - 14.01.2021 07:00,2732,2822
14.01.2021 07:00 - 14.01.2021 08:00,3113,3162
14.01.2021 08:00 - 14.01.2021 09:00,3333,3342
14.01.2021 09:00 - 14.01.2021 10:00,3356,3335
14.01.2021 10:00 - 14.01.2021 11:00,3375,3408
14.01.2021 11:00 - 14.01.2021 12:00,3384,3414
14.01.2021 12:00 - 14.01.2021 13:00,3355,3348
14.01.2021 13:00 - 14.01.2021 14:00,3328,3316
14.01.2021 14:00 - 14.01.2021 15:00,3221,3293
14.01.2021 15:00 - 14.01.2021 16:00,3147,3217
14.01.2021 16:00 - 14.01.2021 17:00,3152,3292
14.01.2021 17:00 - 14.01.2021 18:00,3323,3544
14.01.2021 18:00 - 14.01.2021 19:00,3333,3402
14.01.2021 19:00 - 14.01.2021 20:00,3081,3160
14.01.2021 20:00 - 14.01.2021 21:00,2976,2972
14.01.2021 21:00 - 14.01.2021 22:00,2883,2823
14.01.2021 22:00 - 14.01.2021 23:00,2731,2610
14.01.2021 23:00 - 15.01.2021 00:00,2602,2436
15.01.2021 00:00 - 15.01.2021 01:00,2347,2344
15.01.2021 01:00 - 15.01.2021 02:00,2257,2294
15.01.2021 02:00 - 15.01.2021 03:00,2251,2265
15.01.2021 03:00 - 15.01.2021 04:00,2280,2265
15.01.2021 04:00 - 15.01.2021 05:00,2334,2321
15.01.2021 05:00 - 15.01.2021 06:00,2492,2471
15.01.2021 06:00 - 15.01.2021 07:00,2793,2832
15.01.2021 07:00 - 15.01.2021 08:00,3210,3245
15.01.2021 08:00 - 15.01.2021 09:00,3365,3389
15.01.2021 09:00 - 15.01.2021 10:00,3340,3347
15.01.2021 10:00 - 15.01.2021 11:00,3362,3404
15.01.2021 11:00 - 15.01.2021 12:00,3352,3390
15.01.2021 12:00 - 15.01.2021 13:00,3248,3276
15.01.2021 13:00 - 15.01.2021 14:00,3155,3174
15.01.2021 14:00 - 15.01.2021 15:00,3032,3109
15.01.2021 15:00 - 15.01.2021 16:00,3034,3086
15.01.2021 16:00 - 15.01.2021 17:00,3162,3195
15.01.2021 17:00 - 15.01.2021 18:00,3353,3396
15.01.2021 18:00 - 15.01.2021 19:00,3254,3275
15.01.2021 19:00 - 15.01.2021 20:00,3047,3006
15.01.2021 20:00 - 15.01.2021 21:00,2875,2855
15.01.2021 21:00 - 15.01.2021 22:00,2745,2724
15.01.2021 22:00 - 15.01.2021 23:00,2691,2589
15.01.2021 23:00 - 16.01.2021 00:00,2587,2467
16.01.2021 00:00 - 16.01.2021 01:00,2315,2393
16.01.2021 01:00 - 16.01.2021 02:00,2259,2342
16.01.2021 02:00 - 16.01.2021 03:00,2229,2311
16.01.2021 03:00 - 16.01.2021 04:00,2260,2312
16.01.2021 04:00 - 16.01.2021 05:00,2282,2323
16.01.2021 05:00 - 16.01.2021 06:00,2335,2363
16.01.2021 06:00 - 16.01.2021 07:00,2473,2501
16.01.2021 07:00 - 16.01.2021 08:00,2684,2671
16.01.2021 08:00 - 16.01.2021 09:00,2837,2810
16.01.2021 09:00 - 16.01.2021 10:00,2927,2871
16.01.2021 10:00 - 16.01.2021 11:00,2930,2880
16.01.2021 11:00 - 16.01.2021 12:00,2896,2886
16.01.2021 12:00 - 16.01.2021 13:00,2826,2832
16.01.2021 13:00 - 16.01.2021 14:00,2786,2806
16.01.2021 14:00 - 16.01.2021 15:00,2774,2812
16.01.2021 15:00 - 16.01.2021 16:00,2801,2824
16.01.2021 16:00 - 16.01.2021 17:00,2955,3003
16.01.2021 17:00 - 16.01.2021 18:00,3198,3313
16.01.2021 18:00 - 16.01.2021 19:00,3171,3223
16.01.2021 19:00 - 16.01.2021 20:00,2993,2983
16.01.2021 20:00 - 16.01.2021 21:00,2820,2826
16.01.2021 21:00 - 16.01.2021 22:00,2682,2661
16.01.2021 22:00 - 16.01.2021 23:00,2504,2511
16.01.2021 23:00 - 17.01.2021 00:00,2377,2391
17.01.2021 00:00 - 17.01.2021 01:00,2266,2278
17.01.2021 01:00 - 17.01.2021 02:00,2209,2196
17.01.2021 02:00 - 17.01.2021 03:00,2170,2156
17.01.2021 03:00 - 17.01.2021 04:00,2156,2139
17.01.2021 04:00 - 17.01.2021 05:00,2167,2161
17.01.2021 05:00 - 17.01.2021 06:00,2208,2209
17.01.2021 06:00 - 17.01.2021 07:00,2328,2312
17.01.2021 07:00 - 17.01.2021 08:00,2484,2468
17.01.2021 08:00 - 17.01.2021 09:00,2625,2654
17.01.2021 09:00 - 17.01.2021 10:00,2778,2771
17.01.2021 10:00 - 17.01.2021 11:00,2828,2796
17.01.2021 11:00 - 17.01.2021 12:00,2851,2766
17.01.2021 12:00 - 17.01.2021 13:00,2851,2733
17.01.2021 13:00 - 17.01.2021 14:00,2697,2688
17.01.2021 14:00 - 17.01.2021 15:00,2658,2668
17.01.2021 15:00 - 17.01.2021 16:00,2673,2711
17.01.2021 16:00 - 17.01.2021 17:00,2848,2867
17.01.2021 17:00 - 17.01.2021 18:00,3171,3190
17.01.2021 18:00 - 17.01.2021 19:00,3101,3117
17.01.2021 19:00 - 17.01.2021 20:00,2914,2903
17.01.2021 20:00 - 17.01.2021 21:00,2751,2749
17.01.2021 21:00 - 17.01.2021 22:00,2652,2615
17.01.2021 22:00 - 17.01.2021 23:00,2550,2496
17.01.2021 23:00 - 18.01.2021 00:00,2494,2362
18.01.2021 00:00 - 18.01.2021 01:00,2304,2266
18.01.2021 01:00 - 18.01.2021 02:00,2253,2238
18.01.2021 02:00 - 18.01.2021 03:00,2249,2216
18.01.2021 03:00 - 18.01.2021 04:00,2277,2227
18.01.2021 04:00 - 18.01.2021 05:00,2306,2287
18.01.2021 05:00 - 18.01.2021 06:00,2446,2444
18.01.2021 06:00 - 18.01.2021 07:00,2860,2802
18.01.2021 07:00 - 18.01.2021 08:00,3210,3203
18.01.2021 08:00 - 18.01.2021 09:00,3375,3382
18.01.2021 09:00 - 18.01.2021 10:00,3377,3403
18.01.2021 10:00 - 18.01.2021 11:00,3438,3469
18.01.2021 11:00 - 18.01.2021 12:00,3456,3500
18.01.2021 12:00 - 18.01.2021 13:00,3398,3490
18.01.2021 13:00 - 18.01.2021 14:00,3443,3433
18.01.2021 14:00 - 18.01.2021 15:00,3379,3432
18.01.2021 15:00 - 18.01.2021 16:00,3323,3352
18.01.2021 16:00 - 18.01.2021 17:00,3350,3265
18.01.2021 17:00 - 18.01.2021 18:00,3506,3521
18.01.2021 18:00 - 18.01.2021 19:00,3385,3353
18.01.2021 19:00 - 18.01.2021 20:00,3202,3141
18.01.2021 20:00 - 18.01.2021 21:00,2966,2948
18.01.2021 21:00 - 18.01.2021 22:00,2805,2797
18.01.2021 22:00 - 18.01.2021 23:00,2637,2636
18.01.2021 23:00 - 19.01.2021 00:00,2477,2549
19.01.2021 00:00 - 19.01.2021 01:00,2427,2451
19.01.2021 01:00 - 19.01.2021 02:00,2362,2392
19.01.2021 02:00 - 19.01.2021 03:00,2324,2340
19.01.2021 03:00 - 19.01.2021 04:00,2315,2342
19.01.2021 04:00 - 19.01.2021 05:00,2386,2373
19.01.2021 05:00 - 19.01.2021 06:00,2519,2502
19.01.2021 06:00 - 19.01.2021 07:00,2775,2795
19.01.2021 07:00 - 19.01.2021 08:00,3128,3226
19.01.2021 08:00 - 19.01.2021 09:00,3317,3370
19.01.2021 09:00 - 19.01.2021 10:00,3318,3312
19.01.2021 10:00 - 19.01.2021 11:00,3342,3380
19.01.2021 11:00 - 19.01.2021 12:00,3351,3369
19.01.2021 12:00 - 19.01.2021 13:00,3281,3320
19.01.2021 13:00 - 19.01.2021 14:00,3319,3338
19.01.2021 14:00 - 19.01.2021 15:00,3289,3295
19.01.2021 15:00 - 19.01.2021 16:00,3200,3204
19.01.2021 16:00 - 19.01.2021 17:00,3242,3274
19.01.2021 17:00 - 19.01.2021 18:00,3480,3526
19.01.2021 18:00 - 19.01.2021 19:00,3374,3360
19.01.2021 19:00 - 19.01.2021 20:00,3182,3096
19.01.2021 20:00 - 19.01.2021 21:00,2982,2908
19.01.2021 21:00 - 19.01.2021 22:00,2821,2770
19.01.2021 22:00 - 19.01.2021 23:00,2673,2618
19.01.2021 23:00 - 20.01.2021 00:00,2549,2458
20.01.2021 00:00 - 20.01.2021 01:00,2355,2369
20.01.2021 01:00 - 20.01.2021 02:00,2329,2360
20.01.2021 02:00 - 20.01.2021 03:00,2317,2329
20.01.2021 03:00 - 20.01.2021 04:00,2321,2338
20.01.2021 04:00 - 20.01.2021 05:00,2421,2448
20.01.2021 05:00 - 20.01.2021 06:00,2627,2655
20.01.2021 06:00 - 20.01.2021 07:00,2915,2969
20.01.2021 07:00 - 20.01.2021 08:00,3281,3357
20.01.2021 08:00 - 20.01.2021 09:00,3460,3505
20.01.2021 09:00 - 20.01.2021 10:00,3436,3455
20.01.2021 10:00 - 20.01.2021 11:00,3491,3537
20.01.2021 11:00 - 20.01.2021 12:00,3490,3509
20.01.2021 12:00 - 20.01.2021 13:00,3442,3503
20.01.2021 13:00 - 20.01.2021 14:00,3465,3459
20.01.2021 14:00 - 20.01.2021 15:00,3394,3432
20.01.2021 15:00 - 20.01.2021 16:00,3295,3310
20.01.2021 16:00 - 20.01.2021 17:00,3367,3427
20.01.2021 17:00 - 20.01.2021 18:00,3624,3621
20.01.2021 18:00 - 20.01.2021 19:00,3477,3473
20.01.2021 19:00 - 20.01.2021 20:00,3261,3201
20.01.2021 20:00 - 20.01.2021 21:00,3030,2969
20.01.2021 21:00 - 20.01.2021 22:00,2834,2798
20.01.2021 22:00 - 20.01.2021 23:00,2671,2616
20.01.2021 23:00 - 21.01.2021 00:00,2529,2479
21.01.2021 00:00 - 21.01.2021 01:00,2390,2455
21.01.2021 01:00 - 21.01.2021 02:00,2360,2362
21.01.2021 02:00 - 21.01.2021 03:00,2319,2334
21.01.2021 03:00 - 21.01.2021 04:00,2313,2317
21.01.2021 04:00 - 21.01.2021 05:00,2374,2358
21.01.2021 05:00 - 21.01.2021 06:00,2511,2456
21.01.2021 06:00 - 21.01.2021 07:00,2707,2725
21.01.2021 07:00 - 21.01.2021 08:00,3046,3129
21.01.2021 08:00 - 21.01.2021 09:00,3327,3362
21.01.2021 09:00 - 21.01.2021 10:00,3346,3397
21.01.2021 10:00 - 21.01.2021 11:00,3401,3398
21.01.2021 11:00 - 21.01.2021 12:00,3342,3375
21.01.2021 12:00 - 21.01.2021 13:00,3275,3296
21.01.2021 13:00 - 21.01.2021 14:00,3201,3215
21.01.2021 14:00 - 21.01.2021 15:00,3187,3219
21.01.2021 15:00 - 21.01.2021 16:00,3146,3156
21.01.2021 16:00 - 21.01.2021 17:00,3221,3249
21.01.2021 17:00 - 21.01.2021 18:00,3478,3542
21.01.2021 18:00 - 21.01.2021 19:00,3420,3400
21.01.2021 19:00 - 21.01.2021 20:00,3162,3065
21.01.2021 20:00 - 21.01.2021 21:00,2978,2884
21.01.2021 21:00 - 21.01.2021 22:00,2803,2783
21.01.2021 22:00 - 21.01.2021 23:00,2667,2625
21.01.2021 23:00 - 22.01.2021 00:00,2549,2488
22.01.2021 00:00 - 22.01.2021 01:00,2379,2354
22.01.2021 01:00 - 22.01.2021 02:00,2272,2319
22.01.2021 02:00 - 22.01.2021 03:00,2278,2304
22.01.2021 03:00 - 22.01.2021 04:00,2296,2310
22.01.2021 04:00 - 22.01.2021 05:00,2334,2297
22.01.2021 05:00 - 22.01.2021 06:00,2447,2495
22.01.2021 06:00 - 22.01.2021 07:00,2781,2891
22.01.2021 07:00 - 22.01.2021 08:00,3172,3329
22.01.2021 08:00 - 22.01.2021 09:00,3380,3394
22.01.2021 09:00 - 22.01.2021 10:00,3304,3331
22.01.2021 10:00 - 22.01.2021 11:00,3345,3329
22.01.2021 11:00 - 22.01.2021 12:00,3248,3257
22.01.2021 12:00 - 22.01.2021 13:00,3174,3275
22.01.2021 13:00 - 22.01.2021 14:00,3204,3226
22.01.2021 14:00 - 22.01.2021 15:00,3048,2872
22.01.2021 15:00 - 22.01.2021 16:00,2806,2559
22.01.2021 16:00 - 22.01.2021 17:00,2682,2801
22.01.2021 17:00 - 22.01.2021 18:00,3147,3394
22.01.2021 18:00 - 22.01.2021 19:00,3216,3232
22.01.2021 19:00 - 22.01.2021 20:00,3024,2936
22.01.2021 20:00 - 22.01.2021 21:00,2799,2741
22.01.2021 21:00 - 22.01.2021 22:00,2637,2618
22.01.2021 22:00 - 22.01.2021 23:00,2515,2483
22.01.2021 23:00 - 23.01.2021 00:00,2380,2339
23.01.2021 00:00 - 23.01.2021 01:00,2173,2191
23.01.2021 01:00 - 23.01.2021 02:00,2104,2133
23.01.2021 02:00 - 23.01.2021 03:00,2090,2147
23.01.2021 03:00 - 23.01.2021 04:00,2088,2106
23.01.2021 04:00 - 23.01.2021 05:00,2095,2077
23.01.2021 05:00 - 23.01.2021 06:00,2119,2130
23.01.2021 06:00 - 23.01.2021 07:00,2255,2269
23.01.2021 07:00 - 23.01.2021 08:00,2447,2463
23.01.2021 08:00 - 23.01.2021 09:00,2615,2632
23.01.2021 09:00 - 23.01.2021 10:00,2685,2729
23.01.2021 10:00 - 23.01.2021 11:00,2755,2753
23.01.2021 11:00 - 23.01.2021 12:00,2733,2737
23.01.2021 12:00 - 23.01.2021 13:00,2688,2672
23.01.2021 13:00 - 23.01.2021 14:00,2633,2610
23.01.2021 14:00 - 23.01.2021 15:00,2582,2596
23.01.2021 15:00 - 23.01.2021 16:00,2606,2613
23.01.2021 16:00 - 23.01.2021 17:00,2707,2748
23.01.2021 17:00 - 23.01.2021 18:00,2972,3047
23.01.2021 18:00 - 23.01.2021 19:00,2927,2975
23.01.2021 19:00 - 23.01.2021 20:00,2718,2719
23.01.2021 20:00 - 23.01.2021 21:00,2560,2554
23.01.2021 21:00 - 23.01.2021 22:00,2430,2406
23.01.2021 22:00 - 23.01.2021 23:00,2322,2282
23.01.2021 23:00 - 24.01.2021 00:00,2225,2155
24.01.2021 00:00 - 24.01.2021 01:00,2068,2071
24.01.2021 01:00 - 24.01.2021 02:00,2012,2036
24.01.2021 02:00 - 24.01.2021 03:00,1993,1996
24.01.2021 03:00 - 24.01.2021 04:00,1988,1989
24.01.2021 04:00 - 24.01.2021 05:00,2009,2012
24.01.2021 05:00 - 24.01.2021 06:00,2061,2069
24.01.2021 06:00 - 24.01.2021 07:00,2171,2167
24.01.2021 07:00 - 24.01.2021 08:00,2326,2324
24.01.2021 08:00 - 24.01.2021 09:00,2482,2476
24.01.2021 09:00 - 24.01.2021 10:00,2591,2588
24.01.2021 10:00 - 24.01.2021 11:00,2636,2629
24.01.2021 11:00 - 24.01.2021 12:00,2627,2640
24.01.2021 12:00 - 24.01.2021 13:00,2613,2618
24.01.2021 13:00 - 24.01.2021 14:00,2590,2585
24.01.2021 14:00 - 24.01.2021 15:00,2573,2577
24.01.2021 15:00 - 24.01.2021 16:00,2580,2593
24.01.2021 16:00 - 24.01.2021 17:00,2715,2734
24.01.2021 17:00 - 24.01.2021 18:00,2984,3089
24.01.2021 18:00 - 24.01.2021 19:00,2984,3029
24.01.2021 19:00 - 24.01.2021 20:00,2860,2802
24.01.2021 20:00 - 24.01.2021 21:00,2692,2660
24.01.2021 21:00 - 24.01.2021 22:00,2566,2525
24.01.2021 22:00 - 24.01.2021 23:00,2480,2387
24.01.2021 23:00 - 25.01.2021 00:00,2406,2275
25.01.2021 00:00 - 25.01.2021 01:00,2211,2184
25.01.2021 01:00 - 25.01.2021 02:00,2148,2140
25.01.2021 02:00 - 25.01.2021 03:00,2123,2117
25.01.2021 03:00 - 25.01.2021 04:00,2165,2141
25.01.2021 04:00 - 25.01.2021 05:00,2219,2204
25.01.2021 05:00 - 25.01.2021 06:00,2391,2365
25.01.2021 06:00 - 25.01.2021 07:00,2752,2729
25.01.2021 07:00 - 25.01.2021 08:00,3134,3164
25.01.2021 08:00 - 25.01.2021 09:00,3331,3321
25.01.2021 09:00 - 25.01.2021 10:00,3289,3283
25.01.2021 10:00 - 25.01.2021 11:00,3347,3297
25.01.2021 11:00 - 25.01.2021 12:00,3283,3281
25.01.2021 12:00 - 25.01.2021 13:00,3220,3196
25.01.2021 13:00 - 25.01.2021 14:00,3189,3168
25.01.2021 14:00 - 25.01.2021 15:00,3098,3100
25.01.2021 15:00 - 25.01.2021 16:00,3001,3024
25.01.2021 16:00 - 25.01.2021 17:00,3078,3125
25.01.2021 17:00 - 25.01.2021 18:00,3379,3459
25.01.2021 18:00 - 25.01.2021 19:00,3292,3353
25.01.2021 19:00 - 25.01.2021 20:00,3079,3090
25.01.2021 20:00 - 25.01.2021 21:00,2912,2931
25.01.2021 21:00 - 25.01.2021 22:00,2760,2784
25.01.2021 22:00 - 25.01.2021 23:00,2594,2622
25.01.2021 23:00 - 26.01.2021 00:00,2418,2469
26.01.2021 00:00 - 26.01.2021 01:00,2328,2365
26.01.2021 01:00 - 26.01.2021 02:00,2253,2311
26.01.2021 02:00 - 26.01.2021 03:00,2271,2288
26.01.2021 03:00 - 26.01.2021 04:00,2270,2302
26.01.2021 04:00 - 26.01.2021 05:00,2337,2355
26.01.2021 05:00 - 26.01.2021 06:00,2472,2497
26.01.2021 06:00 - 26.01.2021 07:00,2814,2843
26.01.2021 07:00 - 26.01.2021 08:00,3227,3274
26.01.2021 08:00 - 26.01.2021 09:00,3394,3405
26.01.2021 09:00 - 26.01.2021 10:00,3407,3381
26.01.2021 10:00 - 26.01.2021 11:00,3375,3367
26.01.2021 11:00 - 26.01.2021 12:00,3309,3300
26.01.2021 12:00 - 26.01.2021 13:00,3210,3207
26.01.2021 13:00 - 26.01.2021 14:00,3198,3167
26.01.2021 14:00 - 26.01.2021 15:00,3097,3090
26.01.2021 15:00 - 26.01.2021 16:00,2994,3001
26.01.2021 16:00 - 26.01.2021 17:00,3040,3086
26.01.2021 17:00 - 26.01.2021 18:00,3289,3417
26.01.2021 18:00 - 26.01.2021 19:00,3323,3302
26.01.2021 19:00 - 26.01.2021 20:00,3140,3097
26.01.2021 20:00 - 26.01.2021 21:00,3038,2920
26.01.2021 21:00 - 26.01.2021 22:00,2878,2825
26.01.2021 22:00 - 26.01.2021 23:00,2650,2653
26.01.2021 23:00 - 27.01.2021 00:00,2495,2492
27.01.2021 00:00 - 27.01.2021 01:00,2382,2315
27.01.2021 01:00 - 27.01.2021 02:00,2254,2273
27.01.2021 02:00 - 27.01.2021 03:00,2240,2248
27.01.2021 03:00 - 27.01.2021 04:00,2258,2256
27.01.2021 04:00 - 27.01.2021 05:00,2307,2293
27.01.2021 05:00 - 27.01.2021 06:00,2396,2436
27.01.2021 06:00 - 27.01.2021 07:00,2770,2777
27.01.2021 07:00 - 27.01.2021 08:00,3167,3220
27.01.2021 08:00 - 27.01.2021 09:00,3345,3383
27.01.2021 09:00 - 27.01.2021 10:00,3377,3358
27.01.2021 10:00 - 27.01.2021 11:00,3356,3372
27.01.2021 11:00 - 27.01.2021 12:00,3336,3370
27.01.2021 12:00 - 27.01.2021 13:00,3293,3332
27.01.2021 13:00 - 27.01.2021 14:00,3314,3311
27.01.2021 14:00 - 27.01.2021 15:00,3254,3283
27.01.2021 15:00 - 27.01.2021 16:00,3175,3201
27.01.2021 16:00 - 27.01.2021 17:00,3231,3279
27.01.2021 17:00 - 27.01.2021 18:00,3505,3501
27.01.2021 18:00 - 27.01.2021 19:00,3381,3294
27.01.2021 19:00 - 27.01.2021 20:00,3132,3065
27.01.2021 20:00 - 27.01.2021 21:00,2948,2947
27.01.2021 21:00 - 27.01.2021 22:00,2813,2811
27.01.2021 22:00 - 27.01.2021 23:00,2624,2626
27.01.2021 23:00 - 28.01.2021 00:00,2472,2436
28.01.2021 00:00 - 28.01.2021 01:00,2317,2300
28.01.2021 01:00 - 28.01.2021 02:00,2244,2263
28.01.2021 02:00 - 28.01.2021 03:00,2242,2255
28.01.2021 03:00 - 28.01.2021 04:00,2273,2235
28.01.2021 04:00 - 28.01.2021 05:00,2281,2289
28.01.2021 05:00 - 28.01.2021 06:00,2434,2483
28.01.2021 06:00 - 28.01.2021 07:00,2799,2814
28.01.2021 07:00 - 28.01.2021 08:00,3190,3275
28.01.2021 08:00 - 28.01.2021 09:00,3378,3410
28.01.2021 09:00 - 28.01.2021 10:00,3387,3399
28.01.2021 10:00 - 28.01.2021 11:00,3397,3408
28.01.2021 11:00 - 28.01.2021 12:00,3370,3350
28.01.2021 12:00 - 28.01.2021 13:00,3259,3249
28.01.2021 13:00 - 28.01.2021 14:00,3278,3221
28.01.2021 14:00 - 28.01.2021 15:00,3128,3183
28.01.2021 15:00 - 28.01.2021 16:00,3010,3143
28.01.2021 16:00 - 28.01.2021 17:00,3036,3209
28.01.2021 17:00 - 28.01.2021 18:00,3270,3542
28.01.2021 18:00 - 28.01.2021 19:00,3178,3416
28.01.2021 19:00 - 28.01.2021 20:00,3008,3209
28.01.2021 20:00 - 28.01.2021 21:00,2909,3032
28.01.2021 21:00 - 28.01.2021 22:00,2814,2875
28.01.2021 22:00 - 28.01.2021 23:00,2704,2704
28.01.2021 23:00 - 29.01.2021 00:00,2564,2528
29.01.2021 00:00 - 29.01.2021 01:00,2424,2443
29.01.2021 01:00 - 29.01.2021 02:00,2380,2433
29.01.2021 02:00 - 29.01.2021 03:00,2375,2411
29.01.2021 03:00 - 29.01.2021 04:00,2419,2429
29.01.2021 04:00 - 29.01.2021 05:00,2499,2504
29.01.2021 05:00 - 29.01.2021 06:00,2665,2642
29.01.2021 06:00 - 29.01.2021 07:00,2909,2949
29.01.2021 07:00 - 29.01.2021 08:00,3219,3340
29.01.2021 08:00 - 29.01.2021 09:00,3404,3475
29.01.2021 09:00 - 29.01.2021 10:00,3399,3453
29.01.2021 10:00 - 29.01.2021 11:00,3430,3447
29.01.2021 11:00 - 29.01.2021 12:00,3377,3421
29.01.2021 12:00 - 29.01.2021 13:00,3273,3310
29.01.2021 13:00 - 29.01.2021 14:00,3196,3209
29.01.2021 14:00 - 29.01.2021 15:00,3154,3175
29.01.2021 15:00 - 29.01.2021 16:00,3111,3096
29.01.2021 16:00 - 29.01.2021 17:00,3143,3126
29.01.2021 17:00 - 29.01.2021 18:00,3394,3405
29.01.2021 18:00 - 29.01.2021 19:00,3325,3308
29.01.2021 19:00 - 29.01.2021 20:00,3036,3018
29.01.2021 20:00 - 29.01.2021 21:00,2839,2819
29.01.2021 21:00 - 29.01.2021 22:00,2695,2672
29.01.2021 22:00 - 29.01.2021 23:00,2547,2535
29.01.2021 23:00 - 30.01.2021 00:00,2397,2411
30.01.2021 00:00 - 30.01.2021 01:00,2277,2331
30.01.2021 01:00 - 30.01.2021 02:00,2196,2259
30.01.2021 02:00 - 30.01.2021 03:00,2170,2259
30.01.2021 03:00 - 30.01.2021 04:00,2180,2262
30.01.2021 04:00 - 30.01.2021 05:00,2248,2304
30.01.2021 05:00 - 30.01.2021 06:00,2328,2372
30.01.2021 06:00 - 30.01.2021 07:00,2436,2444
30.01.2021 07:00 - 30.01.2021 08:00,2610,2590
30.01.2021 08:00 - 30.01.2021 09:00,2741,2732
30.01.2021 09:00 - 30.01.2021 10:00,2813,2792
30.01.2021 10:00 - 30.01.2021 11:00,2846,2801
30.01.2021 11:00 - 30.01.2021 12:00,2788,2733
30.01.2021 12:00 - 30.01.2021 13:00,2697,2647
30.01.2021 13:00 - 30.01.2021 14:00,2600,2590
30.01.2021 14:00 - 30.01.2021 15:00,2561,2567
30.01.2021 15:00 - 30.01.2021 16:00,2573,2571
30.01.2021 16:00 - 30.01.2021 17:00,2712,2735
30.01.2021 17:00 - 30.01.2021 18:00,3078,3118
30.01.2021 18:00 - 30.01.2021 19:00,3100,3073
30.01.2021 19:00 - 30.01.2021 20:00,2831,2797
30.01.2021 20:00 - 30.01.2021 21:00,2657,2618
30.01.2021 21:00 - 30.01.2021 22:00,2512,2506
30.01.2021 22:00 - 30.01.2021 23:00,2442,2378
30.01.2021 23:00 - 31.01.2021 00:00,2360,2238
31.01.2021 00:00 - 31.01.2021 01:00,2134,2191
31.01.2021 01:00 - 31.01.2021 02:00,2076,2122
31.01.2021 02:00 - 31.01.2021 03:00,2078,2110
31.01.2021 03:00 - 31.01.2021 04:00,2093,2105
31.01.2021 04:00 - 31.01.2021 05:00,2137,2142
31.01.2021 05:00 - 31.01.2021 06:00,2188,2196
31.01.2021 06:00 - 31.01.2021 07:00,2279,2286
31.01.2021 07:00 - 31.01.2021 08:00,2427,2425
31.01.2021 08:00 - 31.01.2021 09:00,2564,2566
31.01.2021 09:00 - 31.01.2021 10:00,2634,2598
31.01.2021 10:00 - 31.01.2021 11:00,2624,2585
31.01.2021 11:00 - 31.01.2021 12:00,2600,2542
31.01.2021 12:00 - 31.01.2021 13:00,2503,2476
31.01.2021 13:00 - 31.01.2021 14:00,2447,2462
31.01.2021 14:00 - 31.01.2021 15:00,2432,2452
31.01.2021 15:00 - 31.01.2021 16:00,2475,2487
31.01.2021 16:00 - 31.01.2021 17:00,2668,2676
31.01.2021 17:00 - 31.01.2021 18:00,2927,2924
31.01.2021 18:00 - 31.01.2021 19:00,2853,2852
31.01.2021 19:00 - 31.01.2021 20:00,2725,2729
31.01.2021 20:00 - 31.01.2021 21:00,2676,2676
31.01.2021 21:00 - 31.01.2021 22:00,2563,2541
31.01.2021 22:00 - 31.01.2021 23:00,2447,2418
31.01.2021 23:00 - 01.02.2021 00:00,2373,2273
01.02.2021 00:00 - 01.02.2021 01:00,2272,2231
01.02.2021 01:00 - 01.02.2021 02:00,2227,2225
01.02.2021 02:00 - 01.02.2021 03:00,2230,2234
01.02.2021 03:00 - 01.02.2021 04:00,2299,2261
01.02.2021 04:00 - 01.02.2021 05:00,2348,2332
01.02.2021 05:00 - 01.02.2021 06:00,2518,2506
01.02.2021 06:00 - 01.02.2021 07:00,2910,2859
01.02.2021 07:00 - 01.02.2021 08:00,3285,3282
01.02.2021 08:00 - 01.02.2021 09:00,3413,3407
01.02.2021 09:00 - 01.02.2021 10:00,3412,3373
01.02.2021 10:00 - 01.02.2021 11:00,3406,3390
01.02.2021 11:00 - 01.02.2021 12:00,3363,3353
01.02.2021 12:00 - 01.02.2021 13:00,3287,3251
01.02.2021 13:00 - 01.02.2021 14:00,3222,3186
01.02.2021 14:00 - 01.02.2021 15:00,3123,3137
01.02.2021 15:00 - 01.02.2021 16:00,3064,3046
01.02.2021 16:00 - 01.02.2021 17:00,3088,3084
01.02.2021 17:00 - 01.02.2021 18:00,3348,3465
01.02.2021 18:00 - 01.02.2021 19:00,3336,3412
01.02.2021 19:00 - 01.02.2021 20:00,3212,3199
01.02.2021 20:00 - 01.02.2021 21:00,3028,3009
01.02.2021 21:00 - 01.02.2021 22:00,2897,2883
01.02.2021 22:00 - 01.02.2021 23:00,2659,2716
01.02.2021 23:00 - 02.02.2021 00:00,2458,2555
02.02.2021 00:00 - 02.02.2021 01:00,2404,2459
02.02.2021 01:00 - 02.02.2021 02:00,2362,2427
02.02.2021 02:00 - 02.02.2021 03:00,2372,2436
02.02.2021 03:00 - 02.02.2021 04:00,2423,2460
02.02.2021 04:00 - 02.02.2021 05:00,2523,2522
02.02.2021 05:00 - 02.02.2021 06:00,2656,2673
02.02.2021 06:00 - 02.02.2021 07:00,2926,3005
02.02.2021 07:00 - 02.02.2021 08:00,3306,3394
02.02.2021 08:00 - 02.02.2021 09:00,3487,3550
02.02.2021 09:00 - 02.02.2021 10:00,3525,3501
02.02.2021 10:00 - 02.02.2021 11:00,3505,3471
02.02.2021 11:00 - 02.02.2021 12:00,3444,3410
02.02.2021 12:00 - 02.02.2021 13:00,3332,3314
02.02.2021 13:00 - 02.02.2021 14:00,3314,3295
02.02.2021 14:00 - 02.02.2021 15:00,3221,3309
02.02.2021 15:00 - 02.02.2021 16:00,3154,3234
02.02.2021 16:00 - 02.02.2021 17:00,3232,3277
02.02.2021 17:00 - 02.02.2021 18:00,3516,3574
02.02.2021 18:00 - 02.02.2021 19:00,3479,3476
02.02.2021 19:00 - 02.02.2021 20:00,3356,3223
02.02.2021 20:00 - 02.02.2021 21:00,3215,3055
02.02.2021 21:00 - 02.02.2021 22:00,3020,2890
02.02.2021 22:00 - 02.02.2021 23:00,2863,2718
02.02.2021 23:00 - 03.02.2021 00:00,2750,2595
03.02.2021 00:00 - 03.02.2021 01:00,2422,2490
03.02.2021 01:00 - 03.02.2021 02:00,2360,2431
03.02.2021 02:00 - 03.02.2021 03:00,2395,2427
03.02.2021 03:00 - 03.02.2021 04:00,2433,2448
03.02.2021 04:00 - 03.02.2021 05:00,2484,2483
03.02.2021 05:00 - 03.02.2021 06:00,2587,2633
03.02.2021 06:00 - 03.02.2021 07:00,2897,2919
03.02.2021 07:00 - 03.02.2021 08:00,3269,3326
03.02.2021 08:00 - 03.02.2021 09:00,3417,3447
03.02.2021 09:00 - 03.02.2021 10:00,3450,3461
03.02.2021 10:00 - 03.02.2021 11:00,3467,3482
03.02.2021 11:00 - 03.02.2021 12:00,3457,3518
03.02.2021 12:00 - 03.02.2021 13:00,3423,3450
03.02.2021 13:00 - 03.02.2021 14:00,3428,3427
03.02.2021 14:00 - 03.02.2021 15:00,3326,3378
03.02.2021 15:00 - 03.02.2021 16:00,3275,3323
03.02.2021 16:00 - 03.02.2021 17:00,3274,3358
03.02.2021 17:00 - 03.02.2021 18:00,3550,3660
03.02.2021 18:00 - 03.02.2021 19:00,3557,3572
03.02.2021 19:00 - 03.02.2021 20:00,3490,3318
03.02.2021 20:00 - 03.02.2021 21:00,3285,3138
03.02.2021 21:00 - 03.02.2021 22:00,3066,2984
03.02.2021 22:00 - 03.02.2021 23:00,2988,2828
03.02.2021 23:00 - 04.02.2021 00:00,2827,2665
04.02.2021 00:00 - 04.02.2021 01:00,2498,2569
04.02.2021 01:00 - 04.02.2021 02:00,2454,2511
04.02.2021 02:00 - 04.02.2021 03:00,2493,2504
04.02.2021 03:00 - 04.02.2021 04:00,2503,2489
04.02.2021 04:00 - 04.02.2021 05:00,2565,2587
04.02.2021 05:00 - 04.02.2021 06:00,2700,2734
04.02.2021 06:00 - 04.02.2021 07:00,3027,3026
04.02.2021 07:00 - 04.02.2021 08:00,3362,3470
04.02.2021 08:00 - 04.02.2021 09:00,3517,3578
04.02.2021 09:00 - 04.02.2021 10:00,3561,3570
04.02.2021 10:00 - 04.02.2021 11:00,3569,3591
04.02.2021 11:00 - 04.02.2021 12:00,3554,3579
04.02.2021 12:00 - 04.02.2021 13:00,3471,3494
04.02.2021 13:00 - 04.02.2021 14:00,3447,3465
04.02.2021 14:00 - 04.02.2021 15:00,3376,3423
04.02.2021 15:00 - 04.02.2021 16:00,3285,3313
04.02.2021 16:00 - 04.02.2021 17:00,3295,3344
04.02.2021 17:00 - 04.02.2021 18:00,3576,3657
04.02.2021 18:00 - 04.02.2021 19:00,3590,3648
04.02.2021 19:00 - 04.02.2021 20:00,3558,3383
04.02.2021 20:00 - 04.02.2021 21:00,3387,3203
04.02.2021 21:00 - 04.02.2021 22:00,3134,3046
04.02.2021 22:00 - 04.02.2021 23:00,3020,2816
04.02.2021 23:00 - 05.02.2021 00:00,2878,2648
05.02.2021 00:00 - 05.02.2021 01:00,2544,2637
05.02.2021 01:00 - 05.02.2021 02:00,2519,2587
05.02.2021 02:00 - 05.02.2021 03:00,2500,2492
05.02.2021 03:00 - 05.02.2021 04:00,2513,2513
05.02.2021 04:00 - 05.02.2021 05:00,2576,2593
05.02.2021 05:00 - 05.02.2021 06:00,2724,2705
05.02.2021 06:00 - 05.02.2021 07:00,2890,3055
05.02.2021 07:00 - 05.02.2021 08:00,3108,3454
05.02.2021 08:00 - 05.02.2021 09:00,3489,3618
05.02.2021 09:00 - 05.02.2021 10:00,3529,3581
05.02.2021 10:00 - 05.02.2021 11:00,3514,3537
05.02.2021 11:00 - 05.02.2021 12:00,3465,3486
05.02.2021 12:00 - 05.02.2021 13:00,3335,3373
05.02.2021 13:00 - 05.02.2021 14:00,3281,3290
05.02.2021 14:00 - 05.02.2021 15:00,3162,3174
05.02.2021 15:00 - 05.02.2021 16:00,3121,3152
05.02.2021 16:00 - 05.02.2021 17:00,3182,3216
05.02.2021 17:00 - 05.02.2021 18:00,3433,3503
05.02.2021 18:00 - 05.02.2021 19:00,3440,3473
05.02.2021 19:00 - 05.02.2021 20:00,3289,3198
05.02.2021 20:00 - 05.02.2021 21:00,3139,3031
05.02.2021 21:00 - 05.02.2021 22:00,3018,2913
05.02.2021 22:00 - 05.02.2021 23:00,2927,2868
05.02.2021 23:00 - 06.02.2021 00:00,2775,2783
06.02.2021 00:00 - 06.02.2021 01:00,2597,2636
06.02.2021 01:00 - 06.02.2021 02:00,2492,2558
06.02.2021 02:00 - 06.02.2021 03:00,2478,2560
06.02.2021 03:00 - 06.02.2021 04:00,2458,2544
06.02.2021 04:00 - 06.02.2021 05:00,2550,2607
06.02.2021 05:00 - 06.02.2021 06:00,2577,2570
06.02.2021 06:00 - 06.02.2021 07:00,2701,2707
06.02.2021 07:00 - 06.02.2021 08:00,2862,2859
06.02.2021 08:00 - 06.02.2021 09:00,3000,2988
06.02.2021 09:00 - 06.02.2021 10:00,3078,3067
06.02.2021 10:00 - 06.02.2021 11:00,3025,3037
06.02.2021 11:00 - 06.02.2021 12:00,3169,3158
06.02.2021 12:00 - 06.02.2021 13:00,3126,3116
06.02.2021 13:00 - 06.02.2021 14:00,3062,3054
06.02.2021 14:00 - 06.02.2021 15:00,3022,3033
06.02.2021 15:00 - 06.02.2021 16:00,3040,3049
06.02.2021 16:00 - 06.02.2021 17:00,3107,3142
06.02.2021 17:00 - 06.02.2021 18:00,3423,3507
06.02.2021 18:00 - 06.02.2021 19:00,3510,3535
06.02.2021 19:00 - 06.02.2021 20:00,3269,3241
06.02.2021 20:00 - 06.02.2021 21:00,3084,3105
06.02.2021 21:00 - 06.02.2021 22:00,2977,2973
06.02.2021 22:00 - 06.02.2021 23:00,2862,2859
06.02.2021 23:00 - 07.02.2021 00:00,2752,2767
07.02.2021 00:00 - 07.02.2021 01:00,2600,2555
07.02.2021 01:00 - 07.02.2021 02:00,2467,2473
07.02.2021 02:00 - 07.02.2021 03:00,2454,2425
07.02.2021 03:00 - 07.02.2021 04:00,2433,2446
07.02.2021 04:00 - 07.02.2021 05:00,2460,2491
07.02.2021 05:00 - 07.02.2021 06:00,2539,2526
07.02.2021 06:00 - 07.02.2021 07:00,2617,2623
07.02.2021 07:00 - 07.02.2021 08:00,2941,2943
07.02.2021 08:00 - 07.02.2021 09:00,3081,3098
07.02.2021 09:00 - 07.02.2021 10:00,3218,3219
07.02.2021 10:00 - 07.02.2021 11:00,3273,3268
07.02.2021 11:00 - 07.02.2021 12:00,3235,3207
07.02.2021 12:00 - 07.02.2021 13:00,3184,3180
07.02.2021 13:00 - 07.02.2021 14:00,3160,3157
07.02.2021 14:00 - 07.02.2021 15:00,3175,3200
07.02.2021 15:00 - 07.02.2021 16:00,3160,3179
07.02.2021 16:00 - 07.02.2021 17:00,3215,3192
07.02.2021 17:00 - 07.02.2021 18:00,3499,3541
07.02.2021 18:00 - 07.02.2021 19:00,3536,3512
07.02.2021 19:00 - 07.02.2021 20:00,3342,3369
07.02.2021 20:00 - 07.02.2021 21:00,3244,3222
07.02.2021 21:00 - 07.02.2021 22:00,3134,3100
07.02.2021 22:00 - 07.02.2021 23:00,3080,2903
07.02.2021 23:00 - 08.02.2021 00:00,3069,2841
08.02.2021 00:00 - 08.02.2021 01:00,2803,2766
08.02.2021 01:00 - 08.02.2021 02:00,2760,2753
08.02.2021 02:00 - 08.02.2021 03:00,2764,2737
08.02.2021 03:00 - 08.02.2021 04:00,2810,2743
08.02.2021 04:00 - 08.02.2021 05:00,2835,2745
08.02.2021 05:00 - 08.02.2021 06:00,2911,2905
08.02.2021 06:00 - 08.02.2021 07:00,3260,3258
08.02.2021 07:00 - 08.02.2021 08:00,3693,3696
08.02.2021 08:00 - 08.02.2021 09:00,3837,3846
08.02.2021 09:00 - 08.02.2021 10:00,3812,3834
08.02.2021 10:00 - 08.02.2021 11:00,3869,3850
08.02.2021 11:00 - 08.02.2021 12:00,3849,3896
08.02.2021 12:00 - 08.02.2021 13:00,3816,3830
08.02.2021 13:00 - 08.02.2021 14:00,3884,3848
08.02.2021 14:00 - 08.02.2021 15:00,3783,3790
08.02.2021 15:00 - 08.02.2021 16:00,3662,3690
08.02.2021 16:00 - 08.02.2021 17:00,3651,3670
08.02.2021 17:00 - 08.02.2021 18:00,3943,3991
08.02.2021 18:00 - 08.02.2021 19:00,3929,3882
08.02.2021 19:00 - 08.02.2021 20:00,3679,3673
08.02.2021 20:00 - 08.02.2021 21:00,3504,3479
08.02.2021 21:00 - 08.02.2021 22:00,3328,3349
08.02.2021 22:00 - 08.02.2021 23:00,3222,3137
08.02.2021 23:00 - 09.02.2021 00:00,3073,2933
09.02.2021 00:00 - 09.02.2021 01:00,2784,2805
09.02.2021 01:00 - 09.02.2021 02:00,2736,2789
09.02.2021 02:00 - 09.02.2021 03:00,2773,2810
09.02.2021 03:00 - 09.02.2021 04:00,2801,2819
09.02.2021 04:00 - 09.02.2021 05:00,2881,2847
09.02.2021 05:00 - 09.02.2021 06:00,3009,2966
09.02.2021 06:00 - 09.02.2021 07:00,3105,3240
09.02.2021 07:00 - 09.02.2021 08:00,3528,3747
09.02.2021 08:00 - 09.02.2021 09:00,3762,3811
09.02.2021 09:00 - 09.02.2021 10:00,3752,3839
09.02.2021 10:00 - 09.02.2021 11:00,3732,3698
09.02.2021 11:00 - 09.02.2021 12:00,3641,3648
09.02.2021 12:00 - 09.02.2021 13:00,3599,3688
09.02.2021 13:00 - 09.02.2021 14:00,3621,3633
09.02.2021 14:00 - 09.02.2021 15:00,3552,3532
09.02.2021 15:00 - 09.02.2021 16:00,3417,3396
09.02.2021 16:00 - 09.02.2021 17:00,3435,3419
09.02.2021 17:00 - 09.02.2021 18:00,3684,3708
09.02.2021 18:00 - 09.02.2021 19:00,3637,3605
09.02.2021 19:00 - 09.02.2021 20:00,3553,3353
09.02.2021 20:00 - 09.02.2021 21:00,3376,3159
09.02.2021 21:00 - 09.02.2021 22:00,3180,3048
09.02.2021 22:00 - 09.02.2021 23:00,3105,2882
09.02.2021 23:00 - 10.02.2021 00:00,3024,2844
10.02.2021 00:00 - 10.02.2021 01:00,2726,2684
10.02.2021 01:00 - 10.02.2021 02:00,2597,2575
10.02.2021 02:00 - 10.02.2021 03:00,2545,2544
10.02.2021 03:00 - 10.02.2021 04:00,2535,2544
10.02.2021 04:00 - 10.02.2021 05:00,2597,2599
10.02.2021 05:00 - 10.02.2021 06:00,2812,2739
10.02.2021 06:00 - 10.02.2021 07:00,2960,3140
10.02.2021 07:00 - 10.02.2021 08:00,3346,3510
10.02.2021 08:00 - 10.02.2021 09:00,3546,3586
10.02.2021 09:00 - 10.02.2021 10:00,3536,3540
10.02.2021 10:00 - 10.02.2021 11:00,3522,3471
10.02.2021 11:00 - 10.02.2021 12:00,3445,3429
10.02.2021 12:00 - 10.02.2021 13:00,3303,3349
10.02.2021 13:00 - 10.02.2021 14:00,3315,3326
10.02.2021 14:00 - 10.02.2021 15:00,3311,3297
10.02.2021 15:00 - 10.02.2021 16:00,3221,3230
10.02.2021 16:00 - 10.02.2021 17:00,3247,3266
10.02.2021 17:00 - 10.02.2021 18:00,3522,3545
10.02.2021 18:00 - 10.02.2021 19:00,3512,3505
10.02.2021 19:00 - 10.02.2021 20:00,3340,3281
10.02.2021 20:00 - 10.02.2021 21:00,3191,3146
10.02.2021 21:00 - 10.02.2021 22:00,3061,3027
10.02.2021 22:00 - 10.02.2021 23:00,3056,2849
10.02.2021 23:00 - 11.02.2021 00:00,2960,2689
11.02.2021 00:00 - 11.02.2021 01:00,2641,2567
11.02.2021 01:00 - 11.02.2021 02:00,2550,2525
11.02.2021 02:00 - 11.02.2021 03:00,2468,2512
11.02.2021 03:00 - 11.02.2021 04:00,2498,2519
11.02.2021 04:00 - 11.02.2021 05:00,2556,2577
11.02.2021 05:00 - 11.02.2021 06:00,2714,2702
11.02.2021 06:00 - 11.02.2021 07:00,3023,3088
11.02.2021 07:00 - 11.02.2021 08:00,3446,3471
11.02.2021 08:00 - 11.02.2021 09:00,3542,3597
11.02.2021 09:00 - 11.02.2021 10:00,3577,3583
11.02.2021 10:00 - 11.02.2021 11:00,3565,3554
11.02.2021 11:00 - 11.02.2021 12:00,3516,3513
11.02.2021 12:00 - 11.02.2021 13:00,3441,3418
11.02.2021 13:00 - 11.02.2021 14:00,3395,3408
11.02.2021 14:00 - 11.02.2021 15:00,3363,3344
11.02.2021 15:00 - 11.02.2021 16:00,3265,3287
11.02.2021 16:00 - 11.02.2021 17:00,3293,3311
11.02.2021 17:00 - 11.02.2021 18:00,3546,3613
11.02.2021 18:00 - 11.02.2021 19:00,3596,3625
11.02.2021 19:00 - 11.02.2021 20:00,3471,3404
11.02.2021 20:00 - 11.02.2021 21:00,3288,3244
11.02.2021 21:00 - 11.02.2021 22:00,3152,3100
11.02.2021 22:00 - 11.02.2021 23:00,3136,2918
11.02.2021 23:00 - 12.02.2021 00:00,3027,2759
12.02.2021 00:00 - 12.02.2021 01:00,2618,2692
12.02.2021 01:00 - 12.02.2021 02:00,2573,2663
12.02.2021 02:00 - 12.02.2021 03:00,2633,2637
12.02.2021 03:00 - 12.02.2021 04:00,2638,2659
12.02.2021 04:00 - 12.02.2021 05:00,2721,2728
12.02.2021 05:00 - 12.02.2021 06:00,2854,2902
12.02.2021 06:00 - 12.02.2021 07:00,3205,3249
12.02.2021 07:00 - 12.02.2021 08:00,3644,3631
12.02.2021 08:00 - 12.02.2021 09:00,3805,3767
12.02.2021 09:00 - 12.02.2021 10:00,3774,3731
12.02.2021 10:00 - 12.02.2021 11:00,3686,3673
12.02.2021 11:00 - 12.02.2021 12:00,3588,3558
12.02.2021 12:00 - 12.02.2021 13:00,3415,3393
12.02.2021 13:00 - 12.02.2021 14:00,3275,3266
12.02.2021 14:00 - 12.02.2021 15:00,3139,3151
12.02.2021 15:00 - 12.02.2021 16:00,3057,3069
12.02.2021 16:00 - 12.02.2021 17:00,3103,3119
12.02.2021 17:00 - 12.02.2021 18:00,3366,3435
12.02.2021 18:00 - 12.02.2021 19:00,3452,3482
12.02.2021 19:00 - 12.02.2021 20:00,3305,3216
12.02.2021 20:00 - 12.02.2021 21:00,3128,3042
12.02.2021 21:00 - 12.02.2021 22:00,2941,2917
12.02.2021 22:00 - 12.02.2021 23:00,2851,2784
12.02.2021 23:00 - 13.02.2021 00:00,2704,2648
13.02.2021 00:00 - 13.02.2021 01:00,2492,2557
13.02.2021 01:00 - 13.02.2021 02:00,2433,2513
13.02.2021 02:00 - 13.02.2021 03:00,2455,2495
13.02.2021 03:00 - 13.02.2021 04:00,2474,2488
13.02.2021 04:00 - 13.02.2021 05:00,2500,2534
13.02.2021 05:00 - 13.02.2021 06:00,2570,2601
13.02.2021 06:00 - 13.02.2021 07:00,2689,2744
13.02.2021 07:00 - 13.02.2021 08:00,2883,2914
13.02.2021 08:00 - 13.02.2021 09:00,3056,3079
13.02.2021 09:00 - 13.02.2021 10:00,3166,3141
13.02.2021 10:00 - 13.02.2021 11:00,3155,3097
13.02.2021 11:00 - 13.02.2021 12:00,3060,2983
13.02.2021 12:00 - 13.02.2021 13:00,2903,2873
13.02.2021 13:00 - 13.02.2021 14:00,2804,2788
13.02.2021 14:00 - 13.02.2021 15:00,2738,2726
13.02.2021 15:00 - 13.02.2021 16:00,2697,2691
13.02.2021 16:00 - 13.02.2021 17:00,2784,2799
13.02.2021 17:00 - 13.02.2021 18:00,3035,3084
13.02.2021 18:00 - 13.02.2021 19:00,3168,3206
13.02.2021 19:00 - 13.02.2021 20:00,2975,2988
13.02.2021 20:00 - 13.02.2021 21:00,2827,2879
13.02.2021 21:00 - 13.02.2021 22:00,2731,2758
13.02.2021 22:00 - 13.02.2021 23:00,2570,2648
13.02.2021 23:00 - 14.02.2021 00:00,2431,2555
14.02.2021 00:00 - 14.02.2021 01:00,2447,2463
14.02.2021 01:00 - 14.02.2021 02:00,2396,2420
14.02.2021 02:00 - 14.02.2021 03:00,2369,2398
14.02.2021 03:00 - 14.02.2021 04:00,2362,2388
14.02.2021 04:00 - 14.02.2021 05:00,2395,2424
14.02.2021 05:00 - 14.02.2021 06:00,2458,2480
14.02.2021 06:00 - 14.02.2021 07:00,2591,2606
14.02.2021 07:00 - 14.02.2021 08:00,2765,2777
14.02.2021 08:00 - 14.02.2021 09:00,2930,2930
14.02.2021 09:00 - 14.02.2021 10:00,3034,2982
14.02.2021 10:00 - 14.02.2021 11:00,3041,3022
14.02.2021 11:00 - 14.02.2021 12:00,3050,3009
14.02.2021 12:00 - 14.02.2021 13:00,2982,2936
14.02.2021 13:00 - 14.02.2021 14:00,2883,2894
14.02.2021 14:00 - 14.02.2021 15:00,2853,2712
14.02.2021 15:00 - 14.02.2021 16:00,2684,2717
14.02.2021 16:00 - 14.02.2021 17:00,2776,2815
14.02.2021 17:00 - 14.02.2021 18:00,3123,3179
14.02.2021 18:00 - 14.02.2021 19:00,3205,3273
14.02.2021 19:00 - 14.02.2021 20:00,3075,3089
14.02.2021 20:00 - 14.02.2021 21:00,2957,3024
14.02.2021 21:00 - 14.02.2021 22:00,2888,2921
14.02.2021 22:00 - 14.02.2021 23:00,2842,2753
14.02.2021 23:00 - 15.02.2021 00:00,2725,2650
15.02.2021 00:00 - 15.02.2021 01:00,2523,2530
15.02.2021 01:00 - 15.02.2021 02:00,2450,2496
15.02.2021 02:00 - 15.02.2021 03:00,2480,2508
15.02.2021 03:00 - 15.02.2021 04:00,2431,2447
15.02.2021 04:00 - 15.02.2021 05:00,2532,2521
15.02.2021 05:00 - 15.02.2021 06:00,2721,2760
15.02.2021 06:00 - 15.02.2021 07:00,3011,2972
15.02.2021 07:00 - 15.02.2021 08:00,3399,3390
15.02.2021 08:00 - 15.02.2021 09:00,3589,3565
15.02.2021 09:00 - 15.02.2021 10:00,3596,3632
15.02.2021 10:00 - 15.02.2021 11:00,3827,3944
15.02.2021 11:00 - 15.02.2021 12:00,3867,3871
15.02.2021 12:00 - 15.02.2021 13:00,3762,3634
15.02.2021 13:00 - 15.02.2021 14:00,3545,3538
15.02.2021 14:00 - 15.02.2021 15:00,3498,3438
15.02.2021 15:00 - 15.02.2021 16:00,3322,3287
15.02.2021 16:00 - 15.02.2021 17:00,3240,3242
15.02.2021 17:00 - 15.02.2021 18:00,3491,3480
15.02.2021 18:00 - 15.02.2021 19:00,3507,3509
15.02.2021 19:00 - 15.02.2021 20:00,3345,3247
15.02.2021 20:00 - 15.02.2021 21:00,3208,3084
15.02.2021 21:00 - 15.02.2021 22:00,3044,2956
15.02.2021 22:00 - 15.02.2021 23:00,2894,2795
15.02.2021 23:00 - 16.02.2021 00:00,2798,2653
16.02.2021 00:00 - 16.02.2021 01:00,2607,2524
16.02.2021 01:00 - 16.02.2021 02:00,2504,2471
16.02.2021 02:00 - 16.02.2021 03:00,2414,2450
16.02.2021 03:00 - 16.02.2021 04:00,2445,2478
16.02.2021 04:00 - 16.02.2021 05:00,2539,2529
16.02.2021 05:00 - 16.02.2021 06:00,2687,2640
16.02.2021 06:00 - 16.02.2021 07:00,2930,2975
16.02.2021 07:00 - 16.02.2021 08:00,3321,3338
16.02.2021 08:00 - 16.02.2021 09:00,3512,3486
16.02.2021 09:00 - 16.02.2021 10:00,3527,3494
16.02.2021 10:00 - 16.02.2021 11:00,3529,3514
16.02.2021 11:00 - 16.02.2021 12:00,3513,3482
16.02.2021 12:00 - 16.02.2021 13:00,3468,3468
16.02.2021 13:00 - 16.02.2021 14:00,3465,3441
16.02.2021 14:00 - 16.02.2021 15:00,3352,3353
16.02.2021 15:00 - 16.02.2021 16:00,3273,3322
16.02.2021 16:00 - 16.02.2021 17:00,3350,3441
16.02.2021 17:00 - 16.02.2021 18:00,3632,3680
16.02.2021 18:00 - 16.02.2021 19:00,3574,3549
16.02.2021 19:00 - 16.02.2021 20:00,3371,3345
16.02.2021 20:00 - 16.02.2021 21:00,3240,3123
16.02.2021 21:00 - 16.02.2021 22:00,2981,2918
16.02.2021 22:00 - 16.02.2021 23:00,2861,2736
16.02.2021 23:00 - 17.02.2021 00:00,2760,2572
17.02.2021 00:00 - 17.02.2021 01:00,2478,2454
17.02.2021 01:00 - 17.02.2021 02:00,2391,2415
17.02.2021 02:00 - 17.02.2021 03:00,2365,2416
17.02.2021 03:00 - 17.02.2021 04:00,2413,2440
17.02.2021 04:00 - 17.02.2021 05:00,2491,2491
17.02.2021 05:00 - 17.02.2021 06:00,2643,2648
17.02.2021 06:00 - 17.02.2021 07:00,2934,2894
17.02.2021 07:00 - 17.02.2021 08:00,3234,3210
17.02.2021 08:00 - 17.02.2021 09:00,3383,3358
17.02.2021 09:00 - 17.02.2021 10:00,3406,3402
17.02.2021 10:00 - 17.02.2021 11:00,3494,3440
17.02.2021 11:00 - 17.02.2021 12:00,3517,3412
17.02.2021 12:00 - 17.02.2021 13:00,3475,3435
17.02.2021 13:00 - 17.02.2021 14:00,3437,3398
17.02.2021 14:00 - 17.02.2021 15:00,3335,3336
17.02.2021 15:00 - 17.02.2021 16:00,3238,3246
17.02.2021 16:00 - 17.02.2021 17:00,3237,3225
17.02.2021 17:00 - 17.02.2021 18:00,3414,3439
17.02.2021 18:00 - 17.02.2021 19:00,3390,3406
17.02.2021 19:00 - 17.02.2021 20:00,3225,3175
17.02.2021 20:00 - 17.02.2021 21:00,3065,3011
17.02.2021 21:00 - 17.02.2021 22:00,2890,2837
17.02.2021 22:00 - 17.02.2021 23:00,2785,2753
17.02.2021 23:00 - 18.02.2021 00:00,2678,2612
18.02.2021 00:00 - 18.02.2021 01:00,2491,2479
18.02.2021 01:00 - 18.02.2021 02:00,2382,2423
18.02.2021 02:00 - 18.02.2021 03:00,2319,2321
18.02.2021 03:00 - 18.02.2021 04:00,2327,2307
18.02.2021 04:00 - 18.02.2021 05:00,2409,2397
18.02.2021 05:00 - 18.02.2021 06:00,2579,2528
18.02.2021 06:00 - 18.02.2021 07:00,2793,2839
18.02.2021 07:00 - 18.02.2021 08:00,3178,3225
18.02.2021 08:00 - 18.02.2021 09:00,3315,3343
18.02.2021 09:00 - 18.02.2021 10:00,3454,3452
18.02.2021 10:00 - 18.02.2021 11:00,3472,3499
18.02.2021 11:00 - 18.02.2021 12:00,3455,3474
18.02.2021 12:00 - 18.02.2021 13:00,3321,3316
18.02.2021 13:00 - 18.02.2021 14:00,3303,3323
18.02.2021 14:00 - 18.02.2021 15:00,3253,3247
18.02.2021 15:00 - 18.02.2021 16:00,3136,3134
18.02.2021 16:00 - 18.02.2021 17:00,3135,3142
18.02.2021 17:00 - 18.02.2021 18:00,3401,3523
18.02.2021 18:00 - 18.02.2021 19:00,3528,3529
18.02.2021 19:00 - 18.02.2021 20:00,3341,3276
18.02.2021 20:00 - 18.02.2021 21:00,3125,3069
18.02.2021 21:00 - 18.02.2021 22:00,2929,2917
18.02.2021 22:00 - 18.02.2021 23:00,2802,2806
18.02.2021 23:00 - 19.02.2021 00:00,2639,2647
19.02.2021 00:00 - 19.02.2021 01:00,2433,2468
19.02.2021 01:00 - 19.02.2021 02:00,2364,2443
19.02.2021 02:00 - 19.02.2021 03:00,2424,2437
19.02.2021 03:00 - 19.02.2021 04:00,2379,2358
19.02.2021 04:00 - 19.02.2021 05:00,2416,2459
19.02.2021 05:00 - 19.02.2021 06:00,2611,2586
19.02.2021 06:00 - 19.02.2021 07:00,2802,2841
19.02.2021 07:00 - 19.02.2021 08:00,3192,3198
19.02.2021 08:00 - 19.02.2021 09:00,3304,3311
19.02.2021 09:00 - 19.02.2021 10:00,3396,3417
19.02.2021 10:00 - 19.02.2021 11:00,3399,3366
19.02.2021 11:00 - 19.02.2021 12:00,3278,3278
19.02.2021 12:00 - 19.02.2021 13:00,3096,3049
19.02.2021 13:00 - 19.02.2021 14:00,2974,2951
19.02.2021 14:00 - 19.02.2021 15:00,2866,2869
19.02.2021 15:00 - 19.02.2021 16:00,2752,2754
19.02.2021 16:00 - 19.02.2021 17:00,2824,2836
19.02.2021 17:00 - 19.02.2021 18:00,2999,3098
19.02.2021 18:00 - 19.02.2021 19:00,3117,3169
19.02.2021 19:00 - 19.02.2021 20:00,2990,2898
19.02.2021 20:00 - 19.02.2021 21:00,2784,2692
19.02.2021 21:00 - 19.02.2021 22:00,2601,2599
19.02.2021 22:00 - 19.02.2021 23:00,2493,2498
19.02.2021 23:00 - 20.02.2021 00:00,2339,2367
20.02.2021 00:00 - 20.02.2021 01:00,2219,2223
20.02.2021 01:00 - 20.02.2021 02:00,2097,2163
20.02.2021 02:00 - 20.02.2021 03:00,2070,2072
20.02.2021 03:00 - 20.02.2021 04:00,2018,2048
20.02.2021 04:00 - 20.02.2021 05:00,2045,2060
20.02.2021 05:00 - 20.02.2021 06:00,2107,2110
20.02.2021 06:00 - 20.02.2021 07:00,2228,2206
20.02.2021 07:00 - 20.02.2021 08:00,2411,2403
20.02.2021 08:00 - 20.02.2021 09:00,2589,2581
20.02.2021 09:00 - 20.02.2021 10:00,2668,2716
20.02.2021 10:00 - 20.02.2021 11:00,2748,2759
20.02.2021 11:00 - 20.02.2021 12:00,2744,2699
20.02.2021 12:00 - 20.02.2021 13:00,2699,2626
20.02.2021 13:00 - 20.02.2021 14:00,2575,2552
20.02.2021 14:00 - 20.02.2021 15:00,2496,2490
20.02.2021 15:00 - 20.02.2021 16:00,2484,2500
20.02.2021 16:00 - 20.02.2021 17:00,2572,2584
20.02.2021 17:00 - 20.02.2021 18:00,2839,2917
20.02.2021 18:00 - 20.02.2021 19:00,2992,2990
20.02.2021 19:00 - 20.02.2021 20:00,2783,2771
20.02.2021 20:00 - 20.02.2021 21:00,2595,2485
20.02.2021 21:00 - 20.02.2021 22:00,2407,2387
20.02.2021 22:00 - 20.02.2021 23:00,2261,2248
20.02.2021 23:00 - 21.02.2021 00:00,2145,2123
21.02.2021 00:00 - 21.02.2021 01:00,1994,2057
21.02.2021 01:00 - 21.02.2021 02:00,1952,2027
21.02.2021 02:00 - 21.02.2021 03:00,1976,1996
21.02.2021 03:00 - 21.02.2021 04:00,2008,2087
21.02.2021 04:00 - 21.02.2021 05:00,2055,2082
21.02.2021 05:00 - 21.02.2021 06:00,2117,2136
21.02.2021 06:00 - 21.02.2021 07:00,2184,2166
21.02.2021 07:00 - 21.02.2021 08:00,2309,2305
21.02.2021 08:00 - 21.02.2021 09:00,2450,2410
21.02.2021 09:00 - 21.02.2021 10:00,2511,2473
21.02.2021 10:00 - 21.02.2021 11:00,2515,2493
21.02.2021 11:00 - 21.02.2021 12:00,2497,2432
21.02.2021 12:00 - 21.02.2021 13:00,2420,2402
21.02.2021 13:00 - 21.02.2021 14:00,2361,2392
21.02.2021 14:00 - 21.02.2021 15:00,2350,2357
21.02.2021 15:00 - 21.02.2021 16:00,2329,2317
21.02.2021 16:00 - 21.02.2021 17:00,2378,2412
21.02.2021 17:00 - 21.02.2021 18:00,2642,2738
21.02.2021 18:00 - 21.02.2021 19:00,2853,2853
21.02.2021 19:00 - 21.02.2021 20:00,2679,2670
21.02.2021 20:00 - 21.02.2021 21:00,2515,2499
21.02.2021 21:00 - 21.02.2021 22:00,2375,2375
21.02.2021 22:00 - 21.02.2021 23:00,2275,2313
21.02.2021 23:00 - 22.02.2021 00:00,2198,2176
22.02.2021 00:00 - 22.02.2021 01:00,2105,2081
22.02.2021 01:00 - 22.02.2021 02:00,2046,2063
22.02.2021 02:00 - 22.02.2021 03:00,2057,2059
22.02.2021 03:00 - 22.02.2021 04:00,2095,2073
22.02.2021 04:00 - 22.02.2021 05:00,2143,2152
22.02.2021 05:00 - 22.02.2021 06:00,2321,2320
22.02.2021 06:00 - 22.02.2021 07:00,2716,2682
22.02.2021 07:00 - 22.02.2021 08:00,3048,3077
22.02.2021 08:00 - 22.02.2021 09:00,3264,3343
22.02.2021 09:00 - 22.02.2021 10:00,3256,3188
22.02.2021 10:00 - 22.02.2021 11:00,3235,3242
22.02.2021 11:00 - 22.02.2021 12:00,3244,3267
22.02.2021 12:00 - 22.02.2021 13:00,3196,3203
22.02.2021 13:00 - 22.02.2021 14:00,3196,3186
22.02.2021 14:00 - 22.02.2021 15:00,3130,3115
22.02.2021 15:00 - 22.02.2021 16:00,3016,3014
22.02.2021 16:00 - 22.02.2021 17:00,2896,2883
22.02.2021 17:00 - 22.02.2021 18:00,3115,3147
22.02.2021 18:00 - 22.02.2021 19:00,3179,3160
22.02.2021 19:00 - 22.02.2021 20:00,2994,2982
22.02.2021 20:00 - 22.02.2021 21:00,2852,2860
22.02.2021 21:00 - 22.02.2021 22:00,2713,2704
22.02.2021 22:00 - 22.02.2021 23:00,2539,2554
22.02.2021 23:00 - 23.02.2021 00:00,2383,2373
23.02.2021 00:00 - 23.02.2021 01:00,2228,2239
23.02.2021 01:00 - 23.02.2021 02:00,2150,2182
23.02.2021 02:00 - 23.02.2021 03:00,2098,2105
23.02.2021 03:00 - 23.02.2021 04:00,2118,2089
23.02.2021 04:00 - 23.02.2021 05:00,2166,2109
23.02.2021 05:00 - 23.02.2021 06:00,2309,2278
23.02.2021 06:00 - 23.02.2021 07:00,2649,2651
23.02.2021 07:00 - 23.02.2021 08:00,3051,3015
23.02.2021 08:00 - 23.02.2021 09:00,3197,3203
23.02.2021 09:00 - 23.02.2021 10:00,3204,3198
23.02.2021 10:00 - 23.02.2021 11:00,3263,3260
23.02.2021 11:00 - 23.02.2021 12:00,3216,3193
23.02.2021 12:00 - 23.02.2021 13:00,3104,3131
23.02.2021 13:00 - 23.02.2021 14:00,3135,3163
23.02.2021 14:00 - 23.02.2021 15:00,3098,3093
23.02.2021 15:00 - 23.02.2021 16:00,3033,3089
23.02.2021 16:00 - 23.02.2021 17:00,3108,3125
23.02.2021 17:00 - 23.02.2021 18:00,3335,3364
23.02.2021 18:00 - 23.02.2021 19:00,3356,3307
23.02.2021 19:00 - 23.02.2021 20:00,3096,3051
23.02.2021 20:00 - 23.02.2021 21:00,2865,2854
23.02.2021 21:00 - 23.02.2021 22:00,2723,2723
23.02.2021 22:00 - 23.02.2021 23:00,2549,2523
23.02.2021 23:00 - 24.02.2021 00:00,2399,2418
24.02.2021 00:00 - 24.02.2021 01:00,2301,2342
24.02.2021 01:00 - 24.02.2021 02:00,2258,2325
24.02.2021 02:00 - 24.02.2021 03:00,2258,2272
24.02.2021 03:00 - 24.02.2021 04:00,2268,2252
24.02.2021 04:00 - 24.02.2021 05:00,2309,2303
24.02.2021 05:00 - 24.02.2021 06:00,2434,2415
24.02.2021 06:00 - 24.02.2021 07:00,2736,2756
24.02.2021 07:00 - 24.02.2021 08:00,3108,3147
24.02.2021 08:00 - 24.02.2021 09:00,3241,3217
24.02.2021 09:00 - 24.02.2021 10:00,3194,3193
24.02.2021 10:00 - 24.02.2021 11:00,3225,3150
24.02.2021 11:00 - 24.02.2021 12:00,3172,3168
24.02.2021 12:00 - 24.02.2021 13:00,3081,3114
24.02.2021 13:00 - 24.02.2021 14:00,3125,3131
24.02.2021 14:00 - 24.02.2021 15:00,3052,3054
24.02.2021 15:00 - 24.02.2021 16:00,2950,2954
24.02.2021 16:00 - 24.02.2021 17:00,2950,2969
24.02.2021 17:00 - 24.02.2021 18:00,3176,3211
24.02.2021 18:00 - 24.02.2021 19:00,3258,3238
24.02.2021 19:00 - 24.02.2021 20:00,3047,3005
24.02.2021 20:00 - 24.02.2021 21:00,2871,2860
24.02.2021 21:00 - 24.02.2021 22:00,2724,2685
24.02.2021 22:00 - 24.02.2021 23:00,2579,2522
24.02.2021 23:00 - 25.02.2021 00:00,2452,2363
25.02.2021 00:00 - 25.02.2021 01:00,2255,2261
25.02.2021 01:00 - 25.02.2021 02:00,2181,2202
25.02.2021 02:00 - 25.02.2021 03:00,2153,2168
25.02.2021 03:00 - 25.02.2021 04:00,2184,2216
25.02.2021 04:00 - 25.02.2021 05:00,2252,2246
25.02.2021 05:00 - 25.02.2021 06:00,2379,2373
25.02.2021 06:00 - 25.02.2021 07:00,2697,2690
25.02.2021 07:00 - 25.02.2021 08:00,3021,3060
25.02.2021 08:00 - 25.02.2021 09:00,3178,3168
25.02.2021 09:00 - 25.02.2021 10:00,3163,3146
25.02.2021 10:00 - 25.02.2021 11:00,3163,3139
25.02.2021 11:00 - 25.02.2021 12:00,3154,3164
25.02.2021 12:00 - 25.02.2021 13:00,3122,3111
25.02.2021 13:00 - 25.02.2021 14:00,3114,3089
25.02.2021 14:00 - 25.02.2021 15:00,3026,3029
25.02.2021 15:00 - 25.02.2021 16:00,2928,2979
25.02.2021 16:00 - 25.02.2021 17:00,2967,2948
25.02.2021 17:00 - 25.02.2021 18:00,3116,3115
25.02.2021 18:00 - 25.02.2021 19:00,3149,3143
25.02.2021 19:00 - 25.02.2021 20:00,2991,2947
25.02.2021 20:00 - 25.02.2021 21:00,2813,2763
25.02.2021 21:00 - 25.02.2021 22:00,2643,2652
25.02.2021 22:00 - 25.02.2021 23:00,2543,2424
25.02.2021 23:00 - 26.02.2021 00:00,2443,2296
26.02.2021 00:00 - 26.02.2021 01:00,2196,2205
26.02.2021 01:00 - 26.02.2021 02:00,2103,2160
26.02.2021 02:00 - 26.02.2021 03:00,2115,2128
26.02.2021 03:00 - 26.02.2021 04:00,2143,2125
26.02.2021 04:00 - 26.02.2021 05:00,2221,2224
26.02.2021 05:00 - 26.02.2021 06:00,2360,2359
26.02.2021 06:00 - 26.02.2021 07:00,2640,2620
26.02.2021 07:00 - 26.02.2021 08:00,3030,3003
26.02.2021 08:00 - 26.02.2021 09:00,3102,3097
26.02.2021 09:00 - 26.02.2021 10:00,3045,3012
26.02.2021 10:00 - 26.02.2021 11:00,3053,3040
26.02.2021 11:00 - 26.02.2021 12:00,2991,2970
26.02.2021 12:00 - 26.02.2021 13:00,2906,2856
26.02.2021 13:00 - 26.02.2021 14:00,2811,2835
26.02.2021 14:00 - 26.02.2021 15:00,2703,2732
26.02.2021 15:00 - 26.02.2021 16:00,2617,2636
26.02.2021 16:00 - 26.02.2021 17:00,2619,2636
26.02.2021 17:00 - 26.02.2021 18:00,2774,2825
26.02.2021 18:00 - 26.02.2021 19:00,2938,2945
26.02.2021 19:00 - 26.02.2021 20:00,2777,2755
26.02.2021 20:00 - 26.02.2021 21:00,2557,2534
26.02.2021 21:00 - 26.02.2021 22:00,2389,2393
26.02.2021 22:00 - 26.02.2021 23:00,2274,2263
26.02.2021 23:00 - 27.02.2021 00:00,2152,2182
27.02.2021 00:00 - 27.02.2021 01:00,2118,2201
27.02.2021 01:00 - 27.02.2021 02:00,2100,2152
27.02.2021 02:00 - 27.02.2021 03:00,2105,2139
27.02.2021 03:00 - 27.02.2021 04:00,2072,2100
27.02.2021 04:00 - 27.02.2021 05:00,2093,2114
27.02.2021 05:00 - 27.02.2021 06:00,2120,2067
27.02.2021 06:00 - 27.02.2021 07:00,2166,2147
27.02.2021 07:00 - 27.02.2021 08:00,2385,2415
27.02.2021 08:00 - 27.02.2021 09:00,2491,2410
27.02.2021 09:00 - 27.02.2021 10:00,2521,2512
27.02.2021 10:00 - 27.02.2021 11:00,2573,2528
27.02.2021 11:00 - 27.02.2021 12:00,2506,2459
27.02.2021 12:00 - 27.02.2021 13:00,2393,2378
27.02.2021 13:00 - 27.02.2021 14:00,2333,2342
27.02.2021 14:00 - 27.02.2021 15:00,2304,2290
27.02.2021 15:00 - 27.02.2021 16:00,2285,2288
27.02.2021 16:00 - 27.02.2021 17:00,2370,2345
27.02.2021 17:00 - 27.02.2021 18:00,2609,2601
27.02.2021 18:00 - 27.02.2021 19:00,2729,2736
27.02.2021 19:00 - 27.02.2021 20:00,2549,2525
27.02.2021 20:00 - 27.02.2021 21:00,2348,2349
27.02.2021 21:00 - 27.02.2021 22:00,2209,2228
27.02.2021 22:00 - 27.02.2021 23:00,2102,2102
27.02.2021 23:00 - 28.02.2021 00:00,2003,2003
28.02.2021 00:00 - 28.02.2021 01:00,1882,1931
28.02.2021 01:00 - 28.02.2021 02:00,1832,1893
28.02.2021 02:00 - 28.02.2021 03:00,1855,1860
28.02.2021 03:00 - 28.02.2021 04:00,1834,1860
28.02.2021 04:00 - 28.02.2021 05:00,1846,1898
28.02.2021 05:00 - 28.02.2021 06:00,1946,1940
28.02.2021 06:00 - 28.02.2021 07:00,2049,2010
28.02.2021 07:00 - 28.02.2021 08:00,2164,2160
28.02.2021 08:00 - 28.02.2021 09:00,2326,2328
28.02.2021 09:00 - 28.02.2021 10:00,2429,2424
28.02.2021 10:00 - 28.02.2021 11:00,2474,2440
28.02.2021 11:00 - 28.02.2021 12:00,2466,2411
28.02.2021 12:00 - 28.02.2021 13:00,2377,2326
28.02.2021 13:00 - 28.02.2021 14:00,2292,2289
28.02.2021 14:00 - 28.02.2021 15:00,2280,2281
28.02.2021 15:00 - 28.02.2021 16:00,2280,2283
28.02.2021 16:00 - 28.02.2021 17:00,2336,2373
28.02.2021 17:00 - 28.02.2021 18:00,2646,2691
28.02.2021 18:00 - 28.02.2021 19:00,2794,2810
28.02.2021 19:00 - 28.02.2021 20:00,2628,2625
28.02.2021 20:00 - 28.02.2021 21:00,2452,2479
28.02.2021 21:00 - 28.02.2021 22:00,2350,2363
28.02.2021 22:00 - 28.02.2021 23:00,2263,2246
28.02.2021 23:00 - 01.03.2021 00:00,2167,2125
01.03.2021 00:00 - 01.03.2021 01:00,2078,2034
01.03.2021 01:00 - 01.03.2021 02:00,2041,2000
01.03.2021 02:00 - 01.03.2021 03:00,2013,1985
01.03.2021 03:00 - 01.03.2021 04:00,2050,1995
01.03.2021 04:00 - 01.03.2021 05:00,2081,2068
01.03.2021 05:00 - 01.03.2021 06:00,2254,2206
01.03.2021 06:00 - 01.03.2021 07:00,2580,2546
01.03.2021 07:00 - 01.03.2021 08:00,2973,2920
01.03.2021 08:00 - 01.03.2021 09:00,3125,3094
01.03.2021 09:00 - 01.03.2021 10:00,3125,3093
01.03.2021 10:00 - 01.03.2021 11:00,3142,3098
01.03.2021 11:00 - 01.03.2021 12:00,3116,3040
01.03.2021 12:00 - 01.03.2021 13:00,2998,2948
01.03.2021 13:00 - 01.03.2021 14:00,2949,2937
01.03.2021 14:00 - 01.03.2021 15:00,2885,2873
01.03.2021 15:00 - 01.03.2021 16:00,2775,2841
01.03.2021 16:00 - 01.03.2021 17:00,2781,2827
01.03.2021 17:00 - 01.03.2021 18:00,3025,3065
01.03.2021 18:00 - 01.03.2021 19:00,3096,3111
01.03.2021 19:00 - 01.03.2021 20:00,2923,2903
01.03.2021 20:00 - 01.03.2021 21:00,2685,2760
01.03.2021 21:00 - 01.03.2021 22:00,2503,2588
01.03.2021 22:00 - 01.03.2021 23:00,2323,2400
01.03.2021 23:00 - 02.03.2021 00:00,2185,2252
02.03.2021 00:00 - 02.03.2021 01:00,2135,2163
02.03.2021 01:00 - 02.03.2021 02:00,2065,2117
02.03.2021 02:00 - 02.03.2021 03:00,2085,2105
02.03.2021 03:00 - 02.03.2021 04:00,2099,2137
02.03.2021 04:00 - 02.03.2021 05:00,2144,2194
02.03.2021 05:00 - 02.03.2021 06:00,2329,2341
02.03.2021 06:00 - 02.03.2021 07:00,2699,2705
02.03.2021 07:00 - 02.03.2021 08:00,3067,3065
02.03.2021 08:00 - 02.03.2021 09:00,3180,3213
02.03.2021 09:00 - 02.03.2021 10:00,3202,3196
02.03.2021 10:00 - 02.03.2021 11:00,3296,3215
02.03.2021 11:00 - 02.03.2021 12:00,3211,3182
02.03.2021 12:00 - 02.03.2021 13:00,3116,3090
02.03.2021 13:00 - 02.03.2021 14:00,3091,3038
02.03.2021 14:00 - 02.03.2021 15:00,2987,2958
02.03.2021 15:00 - 02.03.2021 16:00,2876,2879
02.03.2021 16:00 - 02.03.2021 17:00,2848,2856
02.03.2021 17:00 - 02.03.2021 18:00,3003,3077
02.03.2021 18:00 - 02.03.2021 19:00,3103,3147
02.03.2021 19:00 - 02.03.2021 20:00,3010,2990
02.03.2021 20:00 - 02.03.2021 21:00,2851,2795
02.03.2021 21:00 - 02.03.2021 22:00,2634,2642
02.03.2021 22:00 - 02.03.2021 23:00,2498,2471
02.03.2021 23:00 - 03.03.2021 00:00,2371,2324
03.03.2021 00:00 - 03.03.2021 01:00,2212,2269
03.03.2021 01:00 - 03.03.2021 02:00,2138,2229
03.03.2021 02:00 - 03.03.2021 03:00,2131,2227
03.03.2021 03:00 - 03.03.2021 04:00,2151,2254
03.03.2021 04:00 - 03.03.2021 05:00,2185,2341
03.03.2021 05:00 - 03.03.2021 06:00,2367,2478
03.03.2021 06:00 - 03.03.2021 07:00,2800,2800
03.03.2021 07:00 - 03.03.2021 08:00,3110,3146
03.03.2021 08:00 - 03.03.2021 09:00,3238,3281
03.03.2021 09:00 - 03.03.2021 10:00,3255,3255
03.03.2021 10:00 - 03.03.2021 11:00,3294,3257
03.03.2021 11:00 - 03.03.2021 12:00,3255,3212
03.03.2021 12:00 - 03.03.2021 13:00,3138,3126
03.03.2021 13:00 - 03.03.2021 14:00,3108,3074
03.03.2021 14:00 - 03.03.2021 15:00,3036,3021
03.03.2021 15:00 - 03.03.2021 16:00,2922,2909
03.03.2021 16:00 - 03.03.2021 17:00,2885,2907
03.03.2021 17:00 - 03.03.2021 18:00,3037,3121
03.03.2021 18:00 - 03.03.2021 19:00,3149,3155
03.03.2021 19:00 - 03.03.2021 20:00,3041,2999
03.03.2021 20:00 - 03.03.2021 21:00,2830,2817
03.03.2021 21:00 - 03.03.2021 22:00,2690,2655
03.03.2021 22:00 - 03.03.2021 23:00,2547,2481
03.03.2021 23:00 - 04.03.2021 00:00,2421,2335
04.03.2021 00:00 - 04.03.2021 01:00,2216,2230
04.03.2021 01:00 - 04.03.2021 02:00,2173,2193
04.03.2021 02:00 - 04.03.2021 03:00,2195,2181
04.03.2021 03:00 - 04.03.2021 04:00,2213,2195
04.03.2021 04:00 - 04.03.2021 05:00,2272,2264
04.03.2021 05:00 - 04.03.2021 06:00,2394,2412
04.03.2021 06:00 - 04.03.2021 07:00,2750,2759
04.03.2021 07:00 - 04.03.2021 08:00,3147,3236
04.03.2021 08:00 - 04.03.2021 09:00,3292,3250
04.03.2021 09:00 - 04.03.2021 10:00,3236,3200
04.03.2021 10:00 - 04.03.2021 11:00,3222,3201
04.03.2021 11:00 - 04.03.2021 12:00,3205,3196
04.03.2021 12:00 - 04.03.2021 13:00,3106,3091
04.03.2021 13:00 - 04.03.2021 14:00,3070,3027
04.03.2021 14:00 - 04.03.2021 15:00,2988,2929
04.03.2021 15:00 - 04.03.2021 16:00,2845,2840
04.03.2021 16:00 - 04.03.2021 17:00,2819,2940
04.03.2021 17:00 - 04.03.2021 18:00,3100,3156
04.03.2021 18:00 - 04.03.2021 19:00,3182,3177
04.03.2021 19:00 - 04.03.2021 20:00,3072,3042
04.03.2021 20:00 - 04.03.2021 21:00,2897,2876
04.03.2021 21:00 - 04.03.2021 22:00,2792,2845
04.03.2021 22:00 - 04.03.2021 23:00,2657,2651
04.03.2021 23:00 - 05.03.2021 00:00,2485,2383
05.03.2021 00:00 - 05.03.2021 01:00,2283,2297
05.03.2021 01:00 - 05.03.2021 02:00,2244,2261
05.03.2021 02:00 - 05.03.2021 03:00,2257,2228
05.03.2021 03:00 - 05.03.2021 04:00,2233,2233
05.03.2021 04:00 - 05.03.2021 05:00,2293,2298
05.03.2021 05:00 - 05.03.2021 06:00,2451,2477
05.03.2021 06:00 - 05.03.2021 07:00,2790,2829
05.03.2021 07:00 - 05.03.2021 08:00,3103,3149
05.03.2021 08:00 - 05.03.2021 09:00,3241,3232
05.03.2021 09:00 - 05.03.2021 10:00,3199,3210
05.03.2021 10:00 - 05.03.2021 11:00,3213,3188
05.03.2021 11:00 - 05.03.2021 12:00,3205,3091
05.03.2021 12:00 - 05.03.2021 13:00,3007,2956
05.03.2021 13:00 - 05.03.2021 14:00,2874,2853
05.03.2021 14:00 - 05.03.2021 15:00,2747,2729
05.03.2021 15:00 - 05.03.2021 16:00,2658,2668
05.03.2021 16:00 - 05.03.2021 17:00,2653,2695
05.03.2021 17:00 - 05.03.2021 18:00,2865,2916
05.03.2021 18:00 - 05.03.2021 19:00,2935,3050
05.03.2021 19:00 - 05.03.2021 20:00,2845,2865
05.03.2021 20:00 - 05.03.2021 21:00,2689,2683
05.03.2021 21:00 - 05.03.2021 22:00,2544,2524
05.03.2021 22:00 - 05.03.2021 23:00,2420,2383
05.03.2021 23:00 - 06.03.2021 00:00,2250,2261
06.03.2021 00:00 - 06.03.2021 01:00,2143,2159
06.03.2021 01:00 - 06.03.2021 02:00,2059,2087
06.03.2021 02:00 - 06.03.2021 03:00,2057,2097
06.03.2021 03:00 - 06.03.2021 04:00,2081,2116
06.03.2021 04:00 - 06.03.2021 05:00,2134,2161
06.03.2021 05:00 - 06.03.2021 06:00,2196,2192
06.03.2021 06:00 - 06.03.2021 07:00,2294,2276
06.03.2021 07:00 - 06.03.2021 08:00,2432,2422
06.03.2021 08:00 - 06.03.2021 09:00,2603,2575
06.03.2021 09:00 - 06.03.2021 10:00,2677,2637
06.03.2021 10:00 - 06.03.2021 11:00,2679,2622
06.03.2021 11:00 - 06.03.2021 12:00,2676,2610
06.03.2021 12:00 - 06.03.2021 13:00,2578,2565
06.03.2021 13:00 - 06.03.2021 14:00,2515,2564
06.03.2021 14:00 - 06.03.2021 15:00,2508,2553
06.03.2021 15:00 - 06.03.2021 16:00,2540,2585
06.03.2021 16:00 - 06.03.2021 17:00,2614,2663
06.03.2021 17:00 - 06.03.2021 18:00,2869,2916
06.03.2021 18:00 - 06.03.2021 19:00,2970,2981
06.03.2021 19:00 - 06.03.2021 20:00,2796,2805
06.03.2021 20:00 - 06.03.2021 21:00,2693,2659
06.03.2021 21:00 - 06.03.2021 22:00,2488,2426
06.03.2021 22:00 - 06.03.2021 23:00,2339,2300
06.03.2021 23:00 - 07.03.2021 00:00,2234,2333
07.03.2021 00:00 - 07.03.2021 01:00,2227,2259
07.03.2021 01:00 - 07.03.2021 02:00,2189,2223
07.03.2021 02:00 - 07.03.2021 03:00,2166,2190
07.03.2021 03:00 - 07.03.2021 04:00,2151,2161
07.03.2021 04:00 - 07.03.2021 05:00,2149,2172
07.03.2021 05:00 - 07.03.2021 06:00,2203,2226
07.03.2021 06:00 - 07.03.2021 07:00,2258,2267
07.03.2021 07:00 - 07.03.2021 08:00,2416,2446
07.03.2021 08:00 - 07.03.2021 09:00,2600,2561
07.03.2021 09:00 - 07.03.2021 10:00,2668,2637
07.03.2021 10:00 - 07.03.2021 11:00,2659,2634
07.03.2021 11:00 - 07.03.2021 12:00,2622,2649
07.03.2021 12:00 - 07.03.2021 13:00,2614,2585
07.03.2021 13:00 - 07.03.2021 14:00,2591,2544
07.03.2021 14:00 - 07.03.2021 15:00,2533,2547
07.03.2021 15:00 - 07.03.2021 16:00,2556,2530
07.03.2021 16:00 - 07.03.2021 17:00,2591,2588
07.03.2021 17:00 - 07.03.2021 18:00,2786,2779
07.03.2021 18:00 - 07.03.2021 19:00,2878,2870
07.03.2021 19:00 - 07.03.2021 20:00,2746,2738
07.03.2021 20:00 - 07.03.2021 21:00,2575,2597
07.03.2021 21:00 - 07.03.2021 22:00,2487,2464
07.03.2021 22:00 - 07.03.2021 23:00,2394,2345
07.03.2021 23:00 - 08.03.2021 00:00,2344,2249
08.03.2021 00:00 - 08.03.2021 01:00,2217,2220
08.03.2021 01:00 - 08.03.2021 02:00,2203,2195
08.03.2021 02:00 - 08.03.2021 03:00,2205,2191
08.03.2021 03:00 - 08.03.2021 04:00,2236,2226
08.03.2021 04:00 - 08.03.2021 05:00,2306,2298
08.03.2021 05:00 - 08.03.2021 06:00,2473,2470
08.03.2021 06:00 - 08.03.2021 07:00,2858,2827
08.03.2021 07:00 - 08.03.2021 08:00,3206,3172
08.03.2021 08:00 - 08.03.2021 09:00,3308,3225
08.03.2021 09:00 - 08.03.2021 10:00,3229,3196
08.03.2021 10:00 - 08.03.2021 11:00,3240,3207
08.03.2021 11:00 - 08.03.2021 12:00,3214,3180
08.03.2021 12:00 - 08.03.2021 13:00,3113,3089
08.03.2021 13:00 - 08.03.2021 14:00,3080,3061
08.03.2021 14:00 - 08.03.2021 15:00,2976,2973
08.03.2021 15:00 - 08.03.2021 16:00,2860,2865
08.03.2021 16:00 - 08.03.2021 17:00,2850,2879
08.03.2021 17:00 - 08.03.2021 18:00,3056,3115
08.03.2021 18:00 - 08.03.2021 19:00,3122,3181
08.03.2021 19:00 - 08.03.2021 20:00,3029,3038
08.03.2021 20:00 - 08.03.2021 21:00,2846,2865
08.03.2021 21:00 - 08.03.2021 22:00,2680,2726
08.03.2021 22:00 - 08.03.2021 23:00,2528,2588
08.03.2021 23:00 - 09.03.2021 00:00,2381,2476
09.03.2021 00:00 - 09.03.2021 01:00,2362,2362
09.03.2021 01:00 - 09.03.2021 02:00,2290,2309
09.03.2021 02:00 - 09.03.2021 03:00,2266,2301
09.03.2021 03:00 - 09.03.2021 04:00,2301,2314
09.03.2021 04:00 - 09.03.2021 05:00,2374,2383
09.03.2021 05:00 - 09.03.2021 06:00,2521,2553
09.03.2021 06:00 - 09.03.2021 07:00,2825,2879
09.03.2021 07:00 - 09.03.2021 08:00,3170,3178
09.03.2021 08:00 - 09.03.2021 09:00,3261,3205
09.03.2021 09:00 - 09.03.2021 10:00,3190,3153
09.03.2021 10:00 - 09.03.2021 11:00,3196,3151
09.03.2021 11:00 - 09.03.2021 12:00,3162,3127
09.03.2021 12:00 - 09.03.2021 13:00,3088,3067
09.03.2021 13:00 - 09.03.2021 14:00,3106,3022
09.03.2021 14:00 - 09.03.2021 15:00,2994,2953
09.03.2021 15:00 - 09.03.2021 16:00,2880,2874
09.03.2021 16:00 - 09.03.2021 17:00,2880,2862
09.03.2021 17:00 - 09.03.2021 18:00,3038,3076
09.03.2021 18:00 - 09.03.2021 19:00,3076,3131
09.03.2021 19:00 - 09.03.2021 20:00,3022,3019
09.03.2021 20:00 - 09.03.2021 21:00,2926,2857
09.03.2021 21:00 - 09.03.2021 22:00,2738,2711
09.03.2021 22:00 - 09.03.2021 23:00,2566,2534
09.03.2021 23:00 - 10.03.2021 00:00,2435,2407
10.03.2021 00:00 - 10.03.2021 01:00,2299,2314
10.03.2021 01:00 - 10.03.2021 02:00,2238,2274
10.03.2021 02:00 - 10.03.2021 03:00,2232,2277
10.03.2021 03:00 - 10.03.2021 04:00,2276,2303
10.03.2021 04:00 - 10.03.2021 05:00,2366,2365
10.03.2021 05:00 - 10.03.2021 06:00,2514,2520
10.03.2021 06:00 - 10.03.2021 07:00,2771,2845
10.03.2021 07:00 - 10.03.2021 08:00,3030,3236
10.03.2021 08:00 - 10.03.2021 09:00,3315,3331
10.03.2021 09:00 - 10.03.2021 10:00,3317,3372
10.03.2021 10:00 - 10.03.2021 11:00,3387,3372
10.03.2021 11:00 - 10.03.2021 12:00,3333,3358
10.03.2021 12:00 - 10.03.2021 13:00,3283,3306
10.03.2021 13:00 - 10.03.2021 14:00,3331,3311
10.03.2021 14:00 - 10.03.2021 15:00,3234,3216
10.03.2021 15:00 - 10.03.2021 16:00,3150,3169
10.03.2021 16:00 - 10.03.2021 17:00,3156,3165
10.03.2021 17:00 - 10.03.2021 18:00,3371,3462
10.03.2021 18:00 - 10.03.2021 19:00,3432,3433
10.03.2021 19:00 - 10.03.2021 20:00,3288,3294
10.03.2021 20:00 - 10.03.2021 21:00,3178,3146
10.03.2021 21:00 - 10.03.2021 22:00,3001,2937
10.03.2021 22:00 - 10.03.2021 23:00,2788,2751
10.03.2021 23:00 - 11.03.2021 00:00,2637,2630
11.03.2021 00:00 - 11.03.2021 01:00,2552,2594
11.03.2021 01:00 - 11.03.2021 02:00,2512,2540
11.03.2021 02:00 - 11.03.2021 03:00,2488,2534
11.03.2021 03:00 - 11.03.2021 04:00,2485,2503
11.03.2021 04:00 - 11.03.2021 05:00,2560,2538
11.03.2021 05:00 - 11.03.2021 06:00,2663,2665
11.03.2021 06:00 - 11.03.2021 07:00,2908,3022
11.03.2021 07:00 - 11.03.2021 08:00,3246,3309
11.03.2021 08:00 - 11.03.2021 09:00,3408,3515
11.03.2021 09:00 - 11.03.2021 10:00,3461,3564
11.03.2021 10:00 - 11.03.2021 11:00,3532,3639
11.03.2021 11:00 - 11.03.2021 12:00,3642,3628
11.03.2021 12:00 - 11.03.2021 13:00,3560,3591
11.03.2021 13:00 - 11.03.2021 14:00,3547,3527
11.03.2021 14:00 - 11.03.2021 15:00,3454,3415
11.03.2021 15:00 - 11.03.2021 16:00,3286,3264
11.03.2021 16:00 - 11.03.2021 17:00,3209,3259
11.03.2021 17:00 - 11.03.2021 18:00,3445,3581
11.03.2021 18:00 - 11.03.2021 19:00,3578,3587
11.03.2021 19:00 - 11.03.2021 20:00,3481,3378
11.03.2021 20:00 - 11.03.2021 21:00,3259,3190
11.03.2021 21:00 - 11.03.2021 22:00,3058,3014
11.03.2021 22:00 - 11.03.2021 23:00,2994,2825
11.03.2021 23:00 - 12.03.2021 00:00,2869,2657
12.03.2021 00:00 - 12.03.2021 01:00,2459,2403
12.03.2021 01:00 - 12.03.2021 02:00,2296,2376
12.03.2021 02:00 - 12.03.2021 03:00,2310,2342
12.03.2021 03:00 - 12.03.2021 04:00,2352,2349
12.03.2021 04:00 - 12.03.2021 05:00,2415,2429
12.03.2021 05:00 - 12.03.2021 06:00,2514,2508
12.03.2021 06:00 - 12.03.2021 07:00,2879,2970
12.03.2021 07:00 - 12.03.2021 08:00,3300,3372
12.03.2021 08:00 - 12.03.2021 09:00,3450,3421
12.03.2021 09:00 - 12.03.2021 10:00,3416,3378
12.03.2021 10:00 - 12.03.2021 11:00,3448,3446
12.03.2021 11:00 - 12.03.2021 12:00,3402,3428
12.03.2021 12:00 - 12.03.2021 13:00,3224,3162
12.03.2021 13:00 - 12.03.2021 14:00,3049,3093
12.03.2021 14:00 - 12.03.2021 15:00,2899,3010
12.03.2021 15:00 - 12.03.2021 16:00,2836,2944
12.03.2021 16:00 - 12.03.2021 17:00,2912,3015
12.03.2021 17:00 - 12.03.2021 18:00,3116,3103
12.03.2021 18:00 - 12.03.2021 19:00,3127,3113
12.03.2021 19:00 - 12.03.2021 20:00,3013,3011
12.03.2021 20:00 - 12.03.2021 21:00,2812,2749
12.03.2021 21:00 - 12.03.2021 22:00,2579,2464
12.03.2021 22:00 - 12.03.2021 23:00,2364,2337
12.03.2021 23:00 - 13.03.2021 00:00,2235,2206
13.03.2021 00:00 - 13.03.2021 01:00,2115,2200
13.03.2021 01:00 - 13.03.2021 02:00,2112,2159
13.03.2021 02:00 - 13.03.2021 03:00,2119,2212
13.03.2021 03:00 - 13.03.2021 04:00,2090,2140
13.03.2021 04:00 - 13.03.2021 05:00,2130,2118
13.03.2021 05:00 - 13.03.2021 06:00,2222,2262
13.03.2021 06:00 - 13.03.2021 07:00,2352,2306
13.03.2021 07:00 - 13.03.2021 08:00,2472,2462
13.03.2021 08:00 - 13.03.2021 09:00,2630,2648
13.03.2021 09:00 - 13.03.2021 10:00,2725,2714
13.03.2021 10:00 - 13.03.2021 11:00,2763,2772
13.03.2021 11:00 - 13.03.2021 12:00,2798,2912
13.03.2021 12:00 - 13.03.2021 13:00,2741,3020
13.03.2021 13:00 - 13.03.2021 14:00,2963,3005
13.03.2021 14:00 - 13.03.2021 15:00,2883,2873
13.03.2021 15:00 - 13.03.2021 16:00,2799,2764
13.03.2021 16:00 - 13.03.2021 17:00,2745,2676
13.03.2021 17:00 - 13.03.2021 18:00,2842,2829
13.03.2021 18:00 - 13.03.2021 19:00,2892,2856
13.03.2021 19:00 - 13.03.2021 20:00,2725,2683
13.03.2021 20:00 - 13.03.2021 21:00,2593,2547
13.03.2021 21:00 - 13.03.2021 22:00,2422,2427
13.03.2021 22:00 - 13.03.2021 23:00,2311,2323
13.03.2021 23:00 - 14.03.2021 00:00,2194,2196
14.03.2021 00:00 - 14.03.2021 01:00,2104,2148
14.03.2021 01:00 - 14.03.2021 02:00,2087,2162
14.03.2021 02:00 - 14.03.2021 03:00,2107,2156
14.03.2021 03:00 - 14.03.2021 04:00,2112,2150
14.03.2021 04:00 - 14.03.2021 05:00,2124,2167
14.03.2021 05:00 - 14.03.2021 06:00,2162,2183
14.03.2021 06:00 - 14.03.2021 07:00,2243,2203
14.03.2021 07:00 - 14.03.2021 08:00,2342,2321
14.03.2021 08:00 - 14.03.2021 09:00,2477,2445
14.03.2021 09:00 - 14.03.2021 10:00,2626,2546
14.03.2021 10:00 - 14.03.2021 11:00,2605,2557
14.03.2021 11:00 - 14.03.2021 12:00,2574,2574
14.03.2021 12:00 - 14.03.2021 13:00,2554,2624
14.03.2021 13:00 - 14.03.2021 14:00,2631,2659
14.03.2021 14:00 - 14.03.2021 15:00,2636,2678
14.03.2021 15:00 - 14.03.2021 16:00,2617,2594
14.03.2021 16:00 - 14.03.2021 17:00,2620,2538
14.03.2021 17:00 - 14.03.2021 18:00,2736,2795
14.03.2021 18:00 - 14.03.2021 19:00,2899,2976
14.03.2021 19:00 - 14.03.2021 20:00,2874,2873
14.03.2021 20:00 - 14.03.2021 21:00,2715,2749
14.03.2021 21:00 - 14.03.2021 22:00,2615,2568
14.03.2021 22:00 - 14.03.2021 23:00,2464,2453
14.03.2021 23:00 - 15.03.2021 00:00,2406,2336
15.03.2021 00:00 - 15.03.2021 01:00,2280,2257
15.03.2021 01:00 - 15.03.2021 02:00,2248,2250
15.03.2021 02:00 - 15.03.2021 03:00,2281,2315
15.03.2021 03:00 - 15.03.2021 04:00,2286,2274
15.03.2021 04:00 - 15.03.2021 05:00,2349,2377
15.03.2021 05:00 - 15.03.2021 06:00,2512,2511
15.03.2021 06:00 - 15.03.2021 07:00,2849,2783
15.03.2021 07:00 - 15.03.2021 08:00,3217,3267
15.03.2021 08:00 - 15.03.2021 09:00,3389,3360
15.03.2021 09:00 - 15.03.2021 10:00,3363,3371
15.03.2021 10:00 - 15.03.2021 11:00,3444,3403
15.03.2021 11:00 - 15.03.2021 12:00,3387,3376
15.03.2021 12:00 - 15.03.2021 13:00,3339,3351
15.03.2021 13:00 - 15.03.2021 14:00,3314,3285
15.03.2021 14:00 - 15.03.2021 15:00,3199,3234
15.03.2021 15:00 - 15.03.2021 16:00,3118,3145
15.03.2021 16:00 - 15.03.2021 17:00,3075,3065
15.03.2021 17:00 - 15.03.2021 18:00,3222,3235
15.03.2021 18:00 - 15.03.2021 19:00,3220,3190
15.03.2021 19:00 - 15.03.2021 20:00,3121,3071
15.03.2021 20:00 - 15.03.2021 21:00,2844,2843
15.03.2021 21:00 - 15.03.2021 22:00,2697,2778
15.03.2021 22:00 - 15.03.2021 23:00,2581,2655
15.03.2021 23:00 - 16.03.2021 00:00,2458,2504
16.03.2021 00:00 - 16.03.2021 01:00,2424,2415
16.03.2021 01:00 - 16.03.2021 02:00,2318,2296
16.03.2021 02:00 - 16.03.2021 03:00,2317,2399
16.03.2021 03:00 - 16.03.2021 04:00,2412,2399
16.03.2021 04:00 - 16.03.2021 05:00,2470,2491
16.03.2021 05:00 - 16.03.2021 06:00,2589,2555
16.03.2021 06:00 - 16.03.2021 07:00,2807,2926
16.03.2021 07:00 - 16.03.2021 08:00,3164,3148
16.03.2021 08:00 - 16.03.2021 09:00,3258,3199
16.03.2021 09:00 - 16.03.2021 10:00,3191,3206
16.03.2021 10:00 - 16.03.2021 11:00,3252,3191
16.03.2021 11:00 - 16.03.2021 12:00,3213,3188
16.03.2021 12:00 - 16.03.2021 13:00,3186,3148
16.03.2021 13:00 - 16.03.2021 14:00,3107,3052
16.03.2021 14:00 - 16.03.2021 15:00,2995,2990
16.03.2021 15:00 - 16.03.2021 16:00,2917,2891
16.03.2021 16:00 - 16.03.2021 17:00,2881,2847
16.03.2021 17:00 - 16.03.2021 18:00,3018,3056
16.03.2021 18:00 - 16.03.2021 19:00,3044,3078
16.03.2021 19:00 - 16.03.2021 20:00,2997,2992
16.03.2021 20:00 - 16.03.2021 21:00,2935,2833
16.03.2021 21:00 - 16.03.2021 22:00,2774,2696
16.03.2021 22:00 - 16.03.2021 23:00,2643,2524
16.03.2021 23:00 - 17.03.2021 00:00,2541,2349
17.03.2021 00:00 - 17.03.2021 01:00,2254,2275
17.03.2021 01:00 - 17.03.2021 02:00,2185,2228
17.03.2021 02:00 - 17.03.2021 03:00,2189,2241
17.03.2021 03:00 - 17.03.2021 04:00,2222,2248
17.03.2021 04:00 - 17.03.2021 05:00,2316,2311
17.03.2021 05:00 - 17.03.2021 06:00,2448,2463
17.03.2021 06:00 - 17.03.2021 07:00,2707,2792
17.03.2021 07:00 - 17.03.2021 08:00,3062,3088
17.03.2021 08:00 - 17.03.2021 09:00,3206,3168
17.03.2021 09:00 - 17.03.2021 10:00,3172,3144
17.03.2021 10:00 - 17.03.2021 11:00,3244,3168
17.03.2021 11:00 - 17.03.2021 12:00,3205,3116
17.03.2021 12:00 - 17.03.2021 13:00,3097,3056
17.03.2021 13:00 - 17.03.2021 14:00,3072,3038
17.03.2021 14:00 - 17.03.2021 15:00,2985,3002
17.03.2021 15:00 - 17.03.2021 16:00,2913,2904
17.03.2021 16:00 - 17.03.2021 17:00,2860,2864
17.03.2021 17:00 - 17.03.2021 18:00,3004,3057
17.03.2021 18:00 - 17.03.2021 19:00,3053,3063
17.03.2021 19:00 - 17.03.2021 20:00,2998,2969
17.03.2021 20:00 - 17.03.2021 21:00,2901,2846
17.03.2021 21:00 - 17.03.2021 22:00,2760,2701
17.03.2021 22:00 - 17.03.2021 23:00,2614,2538
17.03.2021 23:00 - 18.03.2021 00:00,2496,2360
18.03.2021 00:00 - 18.03.2021 01:00,2273,2289
18.03.2021 01:00 - 18.03.2021 02:00,2213,2267
18.03.2021 02:00 - 18.03.2021 03:00,2231,2276
18.03.2021 03:00 - 18.03.2021 04:00,2285,2277
18.03.2021 04:00 - 18.03.2021 05:00,2329,2330
18.03.2021 05:00 - 18.03.2021 06:00,2475,2486
18.03.2021 06:00 - 18.03.2021 07:00,2794,2820
18.03.2021 07:00 - 18.03.2021 08:00,3096,3098
18.03.2021 08:00 - 18.03.2021 09:00,3215,3174
18.03.2021 09:00 - 18.03.2021 10:00,3172,3151
18.03.2021 10:00 - 18.03.2021 11:00,3176,3130
18.03.2021 11:00 - 18.03.2021 12:00,3134,3108
18.03.2021 12:00 - 18.03.2021 13:00,3040,3034
18.03.2021 13:00 - 18.03.2021 14:00,3024,3013
18.03.2021 14:00 - 18.03.2021 15:00,2930,2942
18.03.2021 15:00 - 18.03.2021 16:00,2789,2869
18.03.2021 16:00 - 18.03.2021 17:00,2780,2892
18.03.2021 17:00 - 18.03.2021 18:00,3013,3052
18.03.2021 18:00 - 18.03.2021 19:00,3065,3090
18.03.2021 19:00 - 18.03.2021 20:00,3030,3011
18.03.2021 20:00 - 18.03.2021 21:00,2871,2869
18.03.2021 21:00 - 18.03.2021 22:00,2725,2717
18.03.2021 22:00 - 18.03.2021 23:00,2582,2539
18.03.2021 23:00 - 19.03.2021 00:00,2461,2398
19.03.2021 00:00 - 19.03.2021 01:00,2348,2338
19.03.2021 01:00 - 19.03.2021 02:00,2291,2285
19.03.2021 02:00 - 19.03.2021 03:00,2255,2275
19.03.2021 03:00 - 19.03.2021 04:00,2283,2281
19.03.2021 04:00 - 19.03.2021 05:00,2332,2308
19.03.2021 05:00 - 19.03.2021 06:00,2467,2454
19.03.2021 06:00 - 19.03.2021 07:00,2710,2801
19.03.2021 07:00 - 19.03.2021 08:00,3065,3148
19.03.2021 08:00 - 19.03.2021 09:00,3265,3252
19.03.2021 09:00 - 19.03.2021 10:00,3247,3219
19.03.2021 10:00 - 19.03.2021 11:00,3249,3213
19.03.2021 11:00 - 19.03.2021 12:00,3172,3150
19.03.2021 12:00 - 19.03.2021 13:00,3051,3046
19.03.2021 13:00 - 19.03.2021 14:00,2953,2935
19.03.2021 14:00 - 19.03.2021 15:00,2812,2821
19.03.2021 15:00 - 19.03.2021 16:00,2725,2722
19.03.2021 16:00 - 19.03.2021 17:00,2721,2732
19.03.2021 17:00 - 19.03.2021 18:00,2871,2905
19.03.2021 18:00 - 19.03.2021 19:00,2927,2950
19.03.2021 19:00 - 19.03.2021 20:00,2877,2865
19.03.2021 20:00 - 19.03.2021 21:00,2719,2681
19.03.2021 21:00 - 19.03.2021 22:00,2565,2567
19.03.2021 22:00 - 19.03.2021 23:00,2441,2433
19.03.2021 23:00 - 20.03.2021 00:00,2323,2304
20.03.2021 00:00 - 20.03.2021 01:00,2182,2194
20.03.2021 01:00 - 20.03.2021 02:00,2120,2167
20.03.2021 02:00 - 20.03.2021 03:00,2092,2128
20.03.2021 03:00 - 20.03.2021 04:00,2022,2140
20.03.2021 04:00 - 20.03.2021 05:00,2100,2152
20.03.2021 05:00 - 20.03.2021 06:00,2194,2190
20.03.2021 06:00 - 20.03.2021 07:00,2277,2290
20.03.2021 07:00 - 20.03.2021 08:00,2453,2473
20.03.2021 08:00 - 20.03.2021 09:00,2669,2664
20.03.2021 09:00 - 20.03.2021 10:00,2760,2624
20.03.2021 10:00 - 20.03.2021 11:00,2786,2760
20.03.2021 11:00 - 20.03.2021 12:00,2768,2727
20.03.2021 12:00 - 20.03.2021 13:00,2684,2734
20.03.2021 13:00 - 20.03.2021 14:00,2696,2732
20.03.2021 14:00 - 20.03.2021 15:00,2638,2630
20.03.2021 15:00 - 20.03.2021 16:00,2594,2598
20.03.2021 16:00 - 20.03.2021 17:00,2592,2599
20.03.2021 17:00 - 20.03.2021 18:00,2815,2887
20.03.2021 18:00 - 20.03.2021 19:00,2920,2959
20.03.2021 19:00 - 20.03.2021 20:00,2853,2830
20.03.2021 20:00 - 20.03.2021 21:00,2662,2656
20.03.2021 21:00 - 20.03.2021 22:00,2523,2573
20.03.2021 22:00 - 20.03.2021 23:00,2405,2434
20.03.2021 23:00 - 21.03.2021 00:00,2295,2322
21.03.2021 00:00 - 21.03.2021 01:00,2254,2265
21.03.2021 01:00 - 21.03.2021 02:00,2195,2209
21.03.2021 02:00 - 21.03.2021 03:00,2154,2193
21.03.2021 03:00 - 21.03.2021 04:00,2183,2268
21.03.2021 04:00 - 21.03.2021 05:00,2291,2303
21.03.2021 05:00 - 21.03.2021 06:00,2319,2301
21.03.2021 06:00 - 21.03.2021 07:00,2346,2312
21.03.2021 07:00 - 21.03.2021 08:00,2513,2533
21.03.2021 08:00 - 21.03.2021 09:00,2584,2578
21.03.2021 09:00 - 21.03.2021 10:00,2724,2693
21.03.2021 10:00 - 21.03.2021 11:00,2773,2750
21.03.2021 11:00 - 21.03.2021 12:00,2732,2721
21.03.2021 12:00 - 21.03.2021 13:00,2645,2624
21.03.2021 13:00 - 21.03.2021 14:00,2508,2469
21.03.2021 14:00 - 21.03.2021 15:00,2429,2425
21.03.2021 15:00 - 21.03.2021 16:00,2408,2469
21.03.2021 16:00 - 21.03.2021 17:00,2500,2566
21.03.2021 17:00 - 21.03.2021 18:00,2772,2802
21.03.2021 18:00 - 21.03.2021 19:00,2879,2875
21.03.2021 19:00 - 21.03.2021 20:00,2808,2790
21.03.2021 20:00 - 21.03.2021 21:00,2672,2669
21.03.2021 21:00 - 21.03.2021 22:00,2561,2561
21.03.2021 22:00 - 21.03.2021 23:00,2467,2370
21.03.2021 23:00 - 22.03.2021 00:00,2420,2221
22.03.2021 00:00 - 22.03.2021 01:00,2208,2155
22.03.2021 01:00 - 22.03.2021 02:00,2139,2119
22.03.2021 02:00 - 22.03.2021 03:00,2155,2125
22.03.2021 03:00 - 22.03.2021 04:00,2184,2148
22.03.2021 04:00 - 22.03.2021 05:00,2227,2216
22.03.2021 05:00 - 22.03.2021 06:00,2404,2372
22.03.2021 06:00 - 22.03.2021 07:00,2731,2729
22.03.2021 07:00 - 22.03.2021 08:00,3056,3027
22.03.2021 08:00 - 22.03.2021 09:00,3182,3122
22.03.2021 09:00 - 22.03.2021 10:00,3132,3002
22.03.2021 10:00 - 22.03.2021 11:00,3091,3051
22.03.2021 11:00 - 22.03.2021 12:00,3086,3091
22.03.2021 12:00 - 22.03.2021 13:00,3045,3039
22.03.2021 13:00 - 22.03.2021 14:00,3063,3069
22.03.2021 14:00 - 22.03.2021 15:00,3013,3034
22.03.2021 15:00 - 22.03.2021 16:00,2896,2955
22.03.2021 16:00 - 22.03.2021 17:00,2919,2967
22.03.2021 17:00 - 22.03.2021 18:00,3093,3148
22.03.2021 18:00 - 22.03.2021 19:00,3109,3106
22.03.2021 19:00 - 22.03.2021 20:00,3018,2983
22.03.2021 20:00 - 22.03.2021 21:00,2797,2822
22.03.2021 21:00 - 22.03.2021 22:00,2646,2672
22.03.2021 22:00 - 22.03.2021 23:00,2469,2509
22.03.2021 23:00 - 23.03.2021 00:00,2317,2345
23.03.2021 00:00 - 23.03.2021 01:00,2248,2256
23.03.2021 01:00 - 23.03.2021 02:00,2193,2202
23.03.2021 02:00 - 23.03.2021 03:00,2156,2182
23.03.2021 03:00 - 23.03.2021 04:00,2246,2260
23.03.2021 04:00 - 23.03.2021 05:00,2332,2307
23.03.2021 05:00 - 23.03.2021 06:00,2430,2438
23.03.2021 06:00 - 23.03.2021 07:00,2720,2718
23.03.2021 07:00 - 23.03.2021 08:00,3032,2999
23.03.2021 08:00 - 23.03.2021 09:00,3161,3123
23.03.2021 09:00 - 23.03.2021 10:00,3122,3008
23.03.2021 10:00 - 23.03.2021 11:00,3036,2913
23.03.2021 11:00 - 23.03.2021 12:00,2960,2887
23.03.2021 12:00 - 23.03.2021 13:00,2872,2804
23.03.2021 13:00 - 23.03.2021 14:00,2819,2776
23.03.2021 14:00 - 23.03.2021 15:00,2729,2724
23.03.2021 15:00 - 23.03.2021 16:00,2649,2684
23.03.2021 16:00 - 23.03.2021 17:00,2640,2704
23.03.2021 17:00 - 23.03.2021 18:00,2832,2869
23.03.2021 18:00 - 23.03.2021 19:00,2849,2840
23.03.2021 19:00 - 23.03.2021 20:00,2795,2730
23.03.2021 20:00 - 23.03.2021 21:00,2572,2529
23.03.2021 21:00 - 23.03.2021 22:00,2387,2370
23.03.2021 22:00 - 23.03.2021 23:00,2219,2141
23.03.2021 23:00 - 24.03.2021 00:00,2104,1896
24.03.2021 00:00 - 24.03.2021 01:00,1822,1806
24.03.2021 01:00 - 24.03.2021 02:00,1765,1790
24.03.2021 02:00 - 24.03.2021 03:00,1772,1797
24.03.2021 03:00 - 24.03.2021 04:00,1853,1759
24.03.2021 04:00 - 24.03.2021 05:00,1895,1823
24.03.2021 05:00 - 24.03.2021 06:00,2031,2055
24.03.2021 06:00 - 24.03.2021 07:00,2364,2293
24.03.2021 07:00 - 24.03.2021 08:00,2691,2627
24.03.2021 08:00 - 24.03.2021 09:00,2792,2768
24.03.2021 09:00 - 24.03.2021 10:00,2820,2795
24.03.2021 10:00 - 24.03.2021 11:00,2836,2787
24.03.2021 11:00 - 24.03.2021 12:00,2776,2744
24.03.2021 12:00 - 24.03.2021 13:00,2719,2688
24.03.2021 13:00 - 24.03.2021 14:00,2684,2671
24.03.2021 14:00 - 24.03.2021 15:00,2597,2553
24.03.2021 15:00 - 24.03.2021 16:00,2457,2484
24.03.2021 16:00 - 24.03.2021 17:00,2503,2574
24.03.2021 17:00 - 24.03.2021 18:00,2786,2818
24.03.2021 18:00 - 24.03.2021 19:00,2800,2763
24.03.2021 19:00 - 24.03.2021 20:00,2661,2640
24.03.2021 20:00 - 24.03.2021 21:00,2456,2500
24.03.2021 21:00 - 24.03.2021 22:00,2351,2382
24.03.2021 22:00 - 24.03.2021 23:00,2196,2210
24.03.2021 23:00 - 25.03.2021 00:00,2097,2059
25.03.2021 00:00 - 25.03.2021 01:00,1976,1962
25.03.2021 01:00 - 25.03.2021 02:00,1934,1960
25.03.2021 02:00 - 25.03.2021 03:00,1963,1958
25.03.2021 03:00 - 25.03.2021 04:00,2033,1985
25.03.2021 04:00 - 25.03.2021 05:00,2040,2022
25.03.2021 05:00 - 25.03.2021 06:00,2141,2135
25.03.2021 06:00 - 25.03.2021 07:00,2474,2435
25.03.2021 07:00 - 25.03.2021 08:00,2856,2700
25.03.2021 08:00 - 25.03.2021 09:00,2976,2757
25.03.2021 09:00 - 25.03.2021 10:00,3010,2716
25.03.2021 10:00 - 25.03.2021 11:00,2759,2694
25.03.2021 11:00 - 25.03.2021 12:00,2718,2623
25.03.2021 12:00 - 25.03.2021 13:00,2619,2511
25.03.2021 13:00 - 25.03.2021 14:00,2539,2497
25.03.2021 14:00 - 25.03.2021 15:00,2482,2504
25.03.2021 15:00 - 25.03.2021 16:00,2431,2506
25.03.2021 16:00 - 25.03.2021 17:00,2521,2613
25.03.2021 17:00 - 25.03.2021 18:00,2785,2878
25.03.2021 18:00 - 25.03.2021 19:00,2869,2829
25.03.2021 19:00 - 25.03.2021 20:00,2744,2764
25.03.2021 20:00 - 25.03.2021 21:00,2577,2587
25.03.2021 21:00 - 25.03.2021 22:00,2434,2468
25.03.2021 22:00 - 25.03.2021 23:00,2313,2323
25.03.2021 23:00 - 26.03.2021 00:00,2202,2085
26.03.2021 00:00 - 26.03.2021 01:00,2030,2031
26.03.2021 01:00 - 26.03.2021 02:00,1972,1938
26.03.2021 02:00 - 26.03.2021 03:00,1944,1904
26.03.2021 03:00 - 26.03.2021 04:00,1954,1901
26.03.2021 04:00 - 26.03.2021 05:00,1983,1936
26.03.2021 05:00 - 26.03.2021 06:00,2105,2069
26.03.2021 06:00 - 26.03.2021 07:00,2417,2360
26.03.2021 07:00 - 26.03.2021 08:00,2804,2706
26.03.2021 08:00 - 26.03.2021 09:00,2888,2734
26.03.2021 09:00 - 26.03.2021 10:00,2808,2744
26.03.2021 10:00 - 26.03.2021 11:00,2827,2714
26.03.2021 11:00 - 26.03.2021 12:00,2722,2561
26.03.2021 12:00 - 26.03.2021 13:00,2606,2520
26.03.2021 13:00 - 26.03.2021 14:00,2440,2386
26.03.2021 14:00 - 26.03.2021 15:00,2292,2223
26.03.2021 15:00 - 26.03.2021 16:00,2114,2141
26.03.2021 16:00 - 26.03.2021 17:00,2125,2152
26.03.2021 17:00 - 26.03.2021 18:00,2346,2406
26.03.2021 18:00 - 26.03.2021 19:00,2450,2460
26.03.2021 19:00 - 26.03.2021 20:00,2384,2409
26.03.2021 20:00 - 26.03.2021 21:00,2222,2244
26.03.2021 21:00 - 26.03.2021 22:00,2077,2109
26.03.2021 22:00 - 26.03.2021 23:00,1944,1992
26.03.2021 23:00 - 27.03.2021 00:00,1827,1783
27.03.2021 00:00 - 27.03.2021 01:00,1709,1762
27.03.2021 01:00 - 27.03.2021 02:00,1674,1676
27.03.2021 02:00 - 27.03.2021 03:00,1729,1781
27.03.2021 03:00 - 27.03.2021 04:00,1816,1840
27.03.2021 04:00 - 27.03.2021 05:00,1863,1846
27.03.2021 05:00 - 27.03.2021 06:00,1874,1891
27.03.2021 06:00 - 27.03.2021 07:00,2025,2062
27.03.2021 07:00 - 27.03.2021 08:00,2282,2245
27.03.2021 08:00 - 27.03.2021 09:00,2401,2388
27.03.2021 09:00 - 27.03.2021 10:00,2526,2554
27.03.2021 10:00 - 27.03.2021 11:00,2655,2662
27.03.2021 11:00 - 27.03.2021 12:00,2637,2560
27.03.2021 12:00 - 27.03.2021 13:00,2469,2402
27.03.2021 13:00 - 27.03.2021 14:00,2304,2323
27.03.2021 14:00 - 27.03.2021 15:00,2243,2206
27.03.2021 15:00 - 27.03.2021 16:00,2093,1939
27.03.2021 16:00 - 27.03.2021 17:00,2013,1906
27.03.2021 17:00 - 27.03.2021 18:00,2164,2185
27.03.2021 18:00 - 27.03.2021 19:00,2270,2313
27.03.2021 19:00 - 27.03.2021 20:00,2318,2341
27.03.2021 20:00 - 27.03.2021 21:00,2169,2161
27.03.2021 21:00 - 27.03.2021 22:00,2028,2034
27.03.2021 22:00 - 27.03.2021 23:00,1921,1950
27.03.2021 23:00 - 28.03.2021 00:00,1810,1913
28.03.2021 00:00 - 28.03.2021 01:00,1929,2042
28.03.2021 01:00 - 28.03.2021 02:00,1933,1962
28.03.2021 02:00 - 28.03.2021 03:00,,
28.03.2021 03:00 - 28.03.2021 04:00,2007,1876
28.03.2021 04:00 - 28.03.2021 05:00,1944,1932
28.03.2021 05:00 - 28.03.2021 06:00,1996,2008
28.03.2021 06:00 - 28.03.2021 07:00,2131,2172
28.03.2021 07:00 - 28.03.2021 08:00,2231,2228
28.03.2021 08:00 - 28.03.2021 09:00,2354,2301
28.03.2021 09:00 - 28.03.2021 10:00,2418,2236
28.03.2021 10:00 - 28.03.2021 11:00,2354,2230
28.03.2021 11:00 - 28.03.2021 12:00,2219,2166
28.03.2021 12:00 - 28.03.2021 13:00,2060,2181
28.03.2021 13:00 - 28.03.2021 14:00,2182,2120
28.03.2021 14:00 - 28.03.2021 15:00,2196,2158
28.03.2021 15:00 - 28.03.2021 16:00,2176,2200
28.03.2021 16:00 - 28.03.2021 17:00,2205,2245
28.03.2021 17:00 - 28.03.2021 18:00,2337,2273
28.03.2021 18:00 - 28.03.2021 19:00,2271,2260
28.03.2021 19:00 - 28.03.2021 20:00,2223,2273
28.03.2021 20:00 - 28.03.2021 21:00,2204,2168
28.03.2021 21:00 - 28.03.2021 22:00,2013,2187
28.03.2021 22:00 - 28.03.2021 23:00,1854,2087
28.03.2021 23:00 - 29.03.2021 00:00,1733,2052
29.03.2021 00:00 - 29.03.2021 01:00,1950,1998
29.03.2021 01:00 - 29.03.2021 02:00,1963,2008
29.03.2021 02:00 - 29.03.2021 03:00,1901,1918
29.03.2021 03:00 - 29.03.2021 04:00,1826,1829
29.03.2021 04:00 - 29.03.2021 05:00,1843,1829
29.03.2021 05:00 - 29.03.2021 06:00,1938,1904
29.03.2021 06:00 - 29.03.2021 07:00,2137,2076
29.03.2021 07:00 - 29.03.2021 08:00,2399,2473
29.03.2021 08:00 - 29.03.2021 09:00,2629,2689
29.03.2021 09:00 - 29.03.2021 10:00,2711,2689
29.03.2021 10:00 - 29.03.2021 11:00,2721,2640
29.03.2021 11:00 - 29.03.2021 12:00,2856,2994
29.03.2021 12:00 - 29.03.2021 13:00,2978,3019
29.03.2021 13:00 - 29.03.2021 14:00,3040,3106
29.03.2021 14:00 - 29.03.2021 15:00,3018,3059
29.03.2021 15:00 - 29.03.2021 16:00,2826,2770
29.03.2021 16:00 - 29.03.2021 17:00,2594,2528
29.03.2021 17:00 - 29.03.2021 18:00,2527,2504
29.03.2021 18:00 - 29.03.2021 19:00,2541,2678
29.03.2021 19:00 - 29.03.2021 20:00,2578,2615
29.03.2021 20:00 - 29.03.2021 21:00,2565,2480
29.03.2021 21:00 - 29.03.2021 22:00,2455,2379
29.03.2021 22:00 - 29.03.2021 23:00,2296,2205
29.03.2021 23:00 - 30.03.2021 00:00,2157,1976
30.03.2021 00:00 - 30.03.2021 01:00,1911,1926
30.03.2021 01:00 - 30.03.2021 02:00,1859,1833
30.03.2021 02:00 - 30.03.2021 03:00,1812,1722
30.03.2021 03:00 - 30.03.2021 04:00,1732,1682
30.03.2021 04:00 - 30.03.2021 05:00,1820,1737
30.03.2021 05:00 - 30.03.2021 06:00,1948,1897
30.03.2021 06:00 - 30.03.2021 07:00,2158,2117
30.03.2021 07:00 - 30.03.2021 08:00,2425,2403
30.03.2021 08:00 - 30.03.2021 09:00,2560,2552
30.03.2021 09:00 - 30.03.2021 10:00,2690,2938
30.03.2021 10:00 - 30.03.2021 11:00,3025,2972
30.03.2021 11:00 - 30.03.2021 12:00,2962,2959
30.03.2021 12:00 - 30.03.2021 13:00,2913,2898
30.03.2021 13:00 - 30.03.2021 14:00,2878,2854
30.03.2021 14:00 - 30.03.2021 15:00,2773,2763
30.03.2021 15:00 - 30.03.2021 16:00,2647,2667
30.03.2021 16:00 - 30.03.2021 17:00,2591,2635
30.03.2021 17:00 - 30.03.2021 18:00,2754,2802
30.03.2021 18:00 - 30.03.2021 19:00,2749,2761
30.03.2021 19:00 - 30.03.2021 20:00,2662,2654
30.03.2021 20:00 - 30.03.2021 21:00,2569,2602
30.03.2021 21:00 - 30.03.2021 22:00,2450,2564
30.03.2021 22:00 - 30.03.2021 23:00,2271,2404
30.03.2021 23:00 - 31.03.2021 00:00,2129,2222
31.03.2021 00:00 - 31.03.2021 01:00,2118,2129
31.03.2021 01:00 - 31.03.2021 02:00,2063,2062
31.03.2021 02:00 - 31.03.2021 03:00,2032,2046
31.03.2021 03:00 - 31.03.2021 04:00,2074,2055
31.03.2021 04:00 - 31.03.2021 05:00,2095,2098
31.03.2021 05:00 - 31.03.2021 06:00,2221,2215
31.03.2021 06:00 - 31.03.2021 07:00,2540,2506
31.03.2021 07:00 - 31.03.2021 08:00,2865,2803
31.03.2021 08:00 - 31.03.2021 09:00,2982,2936
31.03.2021 09:00 - 31.03.2021 10:00,2969,2929
31.03.2021 10:00 - 31.03.2021 11:00,2983,2931
31.03.2021 11:00 - 31.03.2021 12:00,2927,2878
31.03.2021 12:00 - 31.03.2021 13:00,2806,2833
31.03.2021 13:00 - 31.03.2021 14:00,2726,2800
31.03.2021 14:00 - 31.03.2021 15:00,2684,2725
31.03.2021 15:00 - 31.03.2021 16:00,2601,2633
31.03.2021 16:00 - 31.03.2021 17:00,2566,2599
31.03.2021 17:00 - 31.03.2021 18:00,2667,2694
31.03.2021 18:00 - 31.03.2021 19:00,2663,2724
31.03.2021 19:00 - 31.03.2021 20:00,2590,2610
31.03.2021 20:00 - 31.03.2021 21:00,2546,2572
31.03.2021 21:00 - 31.03.2021 22:00,2455,2451
31.03.2021 22:00 - 31.03.2021 23:00,2286,2284
31.03.2021 23:00 - 01.04.2021 00:00,2121,2092
01.04.2021 00:00 - 01.04.2021 01:00,1969,1952
01.04.2021 01:00 - 01.04.2021 02:00,1878,1928
01.04.2021 02:00 - 01.04.2021 03:00,1883,1926
01.04.2021 03:00 - 01.04.2021 04:00,1921,1931
01.04.2021 04:00 - 01.04.2021 05:00,1919,1921
01.04.2021 05:00 - 01.04.2021 06:00,1960,1975
01.04.2021 06:00 - 01.04.2021 07:00,2059,2080
01.04.2021 07:00 - 01.04.2021 08:00,2267,2331
01.04.2021 08:00 - 01.04.2021 09:00,2503,2492
01.04.2021 09:00 - 01.04.2021 10:00,2579,2580
01.04.2021 10:00 - 01.04.2021 11:00,2663,2625
01.04.2021 11:00 - 01.04.2021 12:00,2617,2623
01.04.2021 12:00 - 01.04.2021 13:00,2545,2526
01.04.2021 13:00 - 01.04.2021 14:00,2477,2466
01.04.2021 14:00 - 01.04.2021 15:00,2418,2388
01.04.2021 15:00 - 01.04.2021 16:00,2346,2367
01.04.2021 16:00 - 01.04.2021 17:00,2386,2382
01.04.2021 17:00 - 01.04.2021 18:00,2486,2495
01.04.2021 18:00 - 01.04.2021 19:00,2497,2526
01.04.2021 19:00 - 01.04.2021 20:00,2414,2428
01.04.2021 20:00 - 01.04.2021 21:00,2376,2413
01.04.2021 21:00 - 01.04.2021 22:00,2311,2321
01.04.2021 22:00 - 01.04.2021 23:00,2181,2198
01.04.2021 23:00 - 02.04.2021 00:00,2055,2081
02.04.2021 00:00 - 02.04.2021 01:00,1981,1969
02.04.2021 01:00 - 02.04.2021 02:00,1901,1908
02.04.2021 02:00 - 02.04.2021 03:00,1866,1904
02.04.2021 03:00 - 02.04.2021 04:00,1895,1918
02.04.2021 04:00 - 02.04.2021 05:00,1938,1949
02.04.2021 05:00 - 02.04.2021 06:00,2006,2012
02.04.2021 06:00 - 02.04.2021 07:00,2103,2117
02.04.2021 07:00 - 02.04.2021 08:00,2245,2233
02.04.2021 08:00 - 02.04.2021 09:00,2387,2352
02.04.2021 09:00 - 02.04.2021 10:00,2483,2494
02.04.2021 10:00 - 02.04.2021 11:00,2564,2558
02.04.2021 11:00 - 02.04.2021 12:00,2575,2597
02.04.2021 12:00 - 02.04.2021 13:00,2596,2569
02.04.2021 13:00 - 02.04.2021 14:00,2463,2450
02.04.2021 14:00 - 02.04.2021 15:00,2383,2332
02.04.2021 15:00 - 02.04.2021 16:00,2285,2297
02.04.2021 16:00 - 02.04.2021 17:00,2301,2337
02.04.2021 17:00 - 02.04.2021 18:00,2495,2569
02.04.2021 18:00 - 02.04.2021 19:00,2522,2515
02.04.2021 19:00 - 02.04.2021 20:00,2374,2338
02.04.2021 20:00 - 02.04.2021 21:00,2326,2406
02.04.2021 21:00 - 02.04.2021 22:00,2304,2348
02.04.2021 22:00 - 02.04.2021 23:00,2168,2228
02.04.2021 23:00 - 03.04.2021 00:00,2037,2100
03.04.2021 00:00 - 03.04.2021 01:00,2008,2001
03.04.2021 01:00 - 03.04.2021 02:00,1942,1951
03.04.2021 02:00 - 03.04.2021 03:00,1925,1925
03.04.2021 03:00 - 03.04.2021 04:00,1931,1961
03.04.2021 04:00 - 03.04.2021 05:00,1982,1986
03.04.2021 05:00 - 03.04.2021 06:00,2030,2019
03.04.2021 06:00 - 03.04.2021 07:00,2107,2113
03.04.2021 07:00 - 03.04.2021 08:00,2262,2273
03.04.2021 08:00 - 03.04.2021 09:00,2418,2370
03.04.2021 09:00 - 03.04.2021 10:00,2449,2383
03.04.2021 10:00 - 03.04.2021 11:00,2381,2364
03.04.2021 11:00 - 03.04.2021 12:00,2355,2323
03.04.2021 12:00 - 03.04.2021 13:00,2294,2274
03.04.2021 13:00 - 03.04.2021 14:00,2274,2254
03.04.2021 14:00 - 03.04.2021 15:00,2215,2224
03.04.2021 15:00 - 03.04.2021 16:00,2183,2176
03.04.2021 16:00 - 03.04.2021 17:00,2237,2289
03.04.2021 17:00 - 03.04.2021 18:00,2421,2417
03.04.2021 18:00 - 03.04.2021 19:00,2399,2378
03.04.2021 19:00 - 03.04.2021 20:00,2278,2284
03.04.2021 20:00 - 03.04.2021 21:00,2232,2287
03.04.2021 21:00 - 03.04.2021 22:00,2176,2274
03.04.2021 22:00 - 03.04.2021 23:00,2039,2190
03.04.2021 23:00 - 04.04.2021 00:00,1910,2080
04.04.2021 00:00 - 04.04.2021 01:00,1927,1913
04.04.2021 01:00 - 04.04.2021 02:00,1841,1854
04.04.2021 02:00 - 04.04.2021 03:00,1822,1844
04.04.2021 03:00 - 04.04.2021 04:00,1830,1826
04.04.2021 04:00 - 04.04.2021 05:00,1833,1833
04.04.2021 05:00 - 04.04.2021 06:00,1863,1869
04.04.2021 06:00 - 04.04.2021 07:00,1931,1918
04.04.2021 07:00 - 04.04.2021 08:00,2036,2031
04.04.2021 08:00 - 04.04.2021 09:00,2223,2237
04.04.2021 09:00 - 04.04.2021 10:00,2336,2303
04.04.2021 10:00 - 04.04.2021 11:00,2351,2354
04.04.2021 11:00 - 04.04.2021 12:00,2383,2413
04.04.2021 12:00 - 04.04.2021 13:00,2395,2388
04.04.2021 13:00 - 04.04.2021 14:00,2316,2286
04.04.2021 14:00 - 04.04.2021 15:00,2239,2257
04.04.2021 15:00 - 04.04.2021 16:00,2266,2333
04.04.2021 16:00 - 04.04.2021 17:00,2343,2412
04.04.2021 17:00 - 04.04.2021 18:00,2551,2618
04.04.2021 18:00 - 04.04.2021 19:00,2590,2672
04.04.2021 19:00 - 04.04.2021 20:00,2540,2581
04.04.2021 20:00 - 04.04.2021 21:00,2525,2567
04.04.2021 21:00 - 04.04.2021 22:00,2478,2344
04.04.2021 22:00 - 04.04.2021 23:00,2305,2288
04.04.2021 23:00 - 05.04.2021 00:00,2114,2193
05.04.2021 00:00 - 05.04.2021 01:00,2102,2107
05.04.2021 01:00 - 05.04.2021 02:00,2079,2104
05.04.2021 02:00 - 05.04.2021 03:00,2054,2002
05.04.2021 03:00 - 05.04.2021 04:00,2029,2043
05.04.2021 04:00 - 05.04.2021 05:00,2071,2048
05.04.2021 05:00 - 05.04.2021 06:00,2097,2038
05.04.2021 06:00 - 05.04.2021 07:00,2150,2147
05.04.2021 07:00 - 05.04.2021 08:00,2309,2343
05.04.2021 08:00 - 05.04.2021 09:00,2569,2576
05.04.2021 09:00 - 05.04.2021 10:00,2663,2577
05.04.2021 10:00 - 05.04.2021 11:00,2672,2679
05.04.2021 11:00 - 05.04.2021 12:00,2696,2693
05.04.2021 12:00 - 05.04.2021 13:00,2662,2709
05.04.2021 13:00 - 05.04.2021 14:00,2682,2711
05.04.2021 14:00 - 05.04.2021 15:00,2675,2734
05.04.2021 15:00 - 05.04.2021 16:00,2703,2702
05.04.2021 16:00 - 05.04.2021 17:00,2696,2636
05.04.2021 17:00 - 05.04.2021 18:00,2776,2884
05.04.2021 18:00 - 05.04.2021 19:00,2817,2887
05.04.2021 19:00 - 05.04.2021 20:00,2741,2769
05.04.2021 20:00 - 05.04.2021 21:00,2684,2690
05.04.2021 21:00 - 05.04.2021 22:00,2630,2571
05.04.2021 22:00 - 05.04.2021 23:00,2525,2457
05.04.2021 23:00 - 06.04.2021 00:00,2447,2299
06.04.2021 00:00 - 06.04.2021 01:00,2229,2189
06.04.2021 01:00 - 06.04.2021 02:00,2147,2119
06.04.2021 02:00 - 06.04.2021 03:00,2114,2134
06.04.2021 03:00 - 06.04.2021 04:00,2167,2142
06.04.2021 04:00 - 06.04.2021 05:00,2294,2316
06.04.2021 05:00 - 06.04.2021 06:00,2469,2536
06.04.2021 06:00 - 06.04.2021 07:00,2778,2793
06.04.2021 07:00 - 06.04.2021 08:00,3080,3083
06.04.2021 08:00 - 06.04.2021 09:00,3206,3185
06.04.2021 09:00 - 06.04.2021 10:00,3219,3266
06.04.2021 10:00 - 06.04.2021 11:00,3236,3201
06.04.2021 11:00 - 06.04.2021 12:00,3206,3224
06.04.2021 12:00 - 06.04.2021 13:00,3230,3271
06.04.2021 13:00 - 06.04.2021 14:00,3310,3333
06.04.2021 14:00 - 06.04.2021 15:00,3246,3216
06.04.2021 15:00 - 06.04.2021 16:00,3152,3190
06.04.2021 16:00 - 06.04.2021 17:00,3159,3097
06.04.2021 17:00 - 06.04.2021 18:00,3233,3257
06.04.2021 18:00 - 06.04.2021 19:00,3157,3188
06.04.2021 19:00 - 06.04.2021 20:00,2985,2928
06.04.2021 20:00 - 06.04.2021 21:00,2910,2881
06.04.2021 21:00 - 06.04.2021 22:00,2813,2778
06.04.2021 22:00 - 06.04.2021 23:00,2674,2649
06.04.2021 23:00 - 07.04.2021 00:00,2535,2463
07.04.2021 00:00 - 07.04.2021 01:00,2380,2387
07.04.2021 01:00 - 07.04.2021 02:00,2323,2368
07.04.2021 02:00 - 07.04.2021 03:00,2302,2335
07.04.2021 03:00 - 07.04.2021 04:00,2344,2364
07.04.2021 04:00 - 07.04.2021 05:00,2401,2397
07.04.2021 05:00 - 07.04.2021 06:00,2487,2484
07.04.2021 06:00 - 07.04.2021 07:00,2735,2822
07.04.2021 07:00 - 07.04.2021 08:00,3085,3075
07.04.2021 08:00 - 07.04.2021 09:00,3123,3077
07.04.2021 09:00 - 07.04.2021 10:00,3107,3075
07.04.2021 10:00 - 07.04.2021 11:00,3174,3189
07.04.2021 11:00 - 07.04.2021 12:00,3198,3193
07.04.2021 12:00 - 07.04.2021 13:00,3150,3120
07.04.2021 13:00 - 07.04.2021 14:00,3255,3289
07.04.2021 14:00 - 07.04.2021 15:00,3248,3274
07.04.2021 15:00 - 07.04.2021 16:00,3174,3216
07.04.2021 16:00 - 07.04.2021 17:00,3199,3214
07.04.2021 17:00 - 07.04.2021 18:00,3321,3303
07.04.2021 18:00 - 07.04.2021 19:00,3184,3160
07.04.2021 19:00 - 07.04.2021 20:00,3034,2980
07.04.2021 20:00 - 07.04.2021 21:00,2977,2908
07.04.2021 21:00 - 07.04.2021 22:00,2898,2861
07.04.2021 22:00 - 07.04.2021 23:00,2762,2656
07.04.2021 23:00 - 08.04.2021 00:00,2629,2438
08.04.2021 00:00 - 08.04.2021 01:00,2284,2268
08.04.2021 01:00 - 08.04.2021 02:00,2231,2251
08.04.2021 02:00 - 08.04.2021 03:00,2225,2306
08.04.2021 03:00 - 08.04.2021 04:00,2248,2242
08.04.2021 04:00 - 08.04.2021 05:00,2310,2326
08.04.2021 05:00 - 08.04.2021 06:00,2501,2475
08.04.2021 06:00 - 08.04.2021 07:00,2747,2785
08.04.2021 07:00 - 08.04.2021 08:00,3022,3033
08.04.2021 08:00 - 08.04.2021 09:00,3187,3190
08.04.2021 09:00 - 08.04.2021 10:00,3163,3160
08.04.2021 10:00 - 08.04.2021 11:00,3254,3272
08.04.2021 11:00 - 08.04.2021 12:00,3275,3293
08.04.2021 12:00 - 08.04.2021 13:00,3315,3360
08.04.2021 13:00 - 08.04.2021 14:00,3341,3328
08.04.2021 14:00 - 08.04.2021 15:00,3249,3282
08.04.2021 15:00 - 08.04.2021 16:00,3155,3181
08.04.2021 16:00 - 08.04.2021 17:00,3142,3171
08.04.2021 17:00 - 08.04.2021 18:00,3233,3233
08.04.2021 18:00 - 08.04.2021 19:00,3126,3211
08.04.2021 19:00 - 08.04.2021 20:00,3065,3056
08.04.2021 20:00 - 08.04.2021 21:00,3019,2963
08.04.2021 21:00 - 08.04.2021 22:00,2985,2850
08.04.2021 22:00 - 08.04.2021 23:00,2925,2686
08.04.2021 23:00 - 09.04.2021 00:00,2813,2529
09.04.2021 00:00 - 09.04.2021 01:00,2448,2496
09.04.2021 01:00 - 09.04.2021 02:00,2390,2476
09.04.2021 02:00 - 09.04.2021 03:00,2402,2415
09.04.2021 03:00 - 09.04.2021 04:00,2390,2427
09.04.2021 04:00 - 09.04.2021 05:00,2432,2432
09.04.2021 05:00 - 09.04.2021 06:00,2514,2477
09.04.2021 06:00 - 09.04.2021 07:00,2802,2826
09.04.2021 07:00 - 09.04.2021 08:00,3166,3159
09.04.2021 08:00 - 09.04.2021 09:00,3253,3296
09.04.2021 09:00 - 09.04.2021 10:00,3279,3267
09.04.2021 10:00 - 09.04.2021 11:00,3282,3276
09.04.2021 11:00 - 09.04.2021 12:00,3305,3176
09.04.2021 12:00 - 09.04.2021 13:00,3109,3107
09.04.2021 13:00 - 09.04.2021 14:00,3029,3085
09.04.2021 14:00 - 09.04.2021 15:00,2948,2932
09.04.2021 15:00 - 09.04.2021 16:00,2779,2765
09.04.2021 16:00 - 09.04.2021 17:00,2727,2754
09.04.2021 17:00 - 09.04.2021 18:00,2832,2835
09.04.2021 18:00 - 09.04.2021 19:00,2768,2775
09.04.2021 19:00 - 09.04.2021 20:00,2616,2629
09.04.2021 20:00 - 09.04.2021 21:00,2582,2528
09.04.2021 21:00 - 09.04.2021 22:00,2503,2471
09.04.2021 22:00 - 09.04.2021 23:00,2384,2363
09.04.2021 23:00 - 10.04.2021 00:00,2254,2253
10.04.2021 00:00 - 10.04.2021 01:00,2125,2124
10.04.2021 01:00 - 10.04.2021 02:00,2018,2044
10.04.2021 02:00 - 10.04.2021 03:00,1974,2035
10.04.2021 03:00 - 10.04.2021 04:00,2006,2026
10.04.2021 04:00 - 10.04.2021 05:00,2006,2032
10.04.2021 05:00 - 10.04.2021 06:00,2064,2058
10.04.2021 06:00 - 10.04.2021 07:00,2184,2167
10.04.2021 07:00 - 10.04.2021 08:00,2334,2323
10.04.2021 08:00 - 10.04.2021 09:00,2528,2444
10.04.2021 09:00 - 10.04.2021 10:00,2550,2473
10.04.2021 10:00 - 10.04.2021 11:00,2537,2498
10.04.2021 11:00 - 10.04.2021 12:00,2565,2467
10.04.2021 12:00 - 10.04.2021 13:00,2530,2403
10.04.2021 13:00 - 10.04.2021 14:00,2373,2350
10.04.2021 14:00 - 10.04.2021 15:00,2311,2312
10.04.2021 15:00 - 10.04.2021 16:00,2243,2269
10.04.2021 16:00 - 10.04.2021 17:00,2273,2308
10.04.2021 17:00 - 10.04.2021 18:00,2427,2497
10.04.2021 18:00 - 10.04.2021 19:00,2454,2474
10.04.2021 19:00 - 10.04.2021 20:00,2296,2351
10.04.2021 20:00 - 10.04.2021 21:00,2275,2332
10.04.2021 21:00 - 10.04.2021 22:00,2238,2296
10.04.2021 22:00 - 10.04.2021 23:00,2128,2217
10.04.2021 23:00 - 11.04.2021 00:00,2023,2162
11.04.2021 00:00 - 11.04.2021 01:00,2083,2172
11.04.2021 01:00 - 11.04.2021 02:00,2078,2083
11.04.2021 02:00 - 11.04.2021 03:00,2016,2035
11.04.2021 03:00 - 11.04.2021 04:00,2004,2023
11.04.2021 04:00 - 11.04.2021 05:00,2028,2040
11.04.2021 05:00 - 11.04.2021 06:00,2078,2097
11.04.2021 06:00 - 11.04.2021 07:00,2210,2295
11.04.2021 07:00 - 11.04.2021 08:00,2463,2465
11.04.2021 08:00 - 11.04.2021 09:00,2640,2628
11.04.2021 09:00 - 11.04.2021 10:00,2828,2840
11.04.2021 10:00 - 11.04.2021 11:00,2897,2898
11.04.2021 11:00 - 11.04.2021 12:00,2922,2923
11.04.2021 12:00 - 11.04.2021 13:00,2934,2925
11.04.2021 13:00 - 11.04.2021 14:00,2890,2891
11.04.2021 14:00 - 11.04.2021 15:00,2754,2775
11.04.2021 15:00 - 11.04.2021 16:00,2617,2681
11.04.2021 16:00 - 11.04.2021 17:00,2678,2733
11.04.2021 17:00 - 11.04.2021 18:00,2914,2924
11.04.2021 18:00 - 11.04.2021 19:00,2933,2920
11.04.2021 19:00 - 11.04.2021 20:00,2753,2697
11.04.2021 20:00 - 11.04.2021 21:00,2643,2574
11.04.2021 21:00 - 11.04.2021 22:00,2541,2456
11.04.2021 22:00 - 11.04.2021 23:00,2416,2454
11.04.2021 23:00 - 12.04.2021 00:00,2317,2346
12.04.2021 00:00 - 12.04.2021 01:00,2311,2403
12.04.2021 01:00 - 12.04.2021 02:00,2282,2259
12.04.2021 02:00 - 12.04.2021 03:00,2216,2202
12.04.2021 03:00 - 12.04.2021 04:00,2227,2236
12.04.2021 04:00 - 12.04.2021 05:00,2302,2301
12.04.2021 05:00 - 12.04.2021 06:00,2478,2385
12.04.2021 06:00 - 12.04.2021 07:00,2763,2704
12.04.2021 07:00 - 12.04.2021 08:00,3047,3006
12.04.2021 08:00 - 12.04.2021 09:00,3160,3190
12.04.2021 09:00 - 12.04.2021 10:00,3224,3230
12.04.2021 10:00 - 12.04.2021 11:00,3300,3248
12.04.2021 11:00 - 12.04.2021 12:00,3218,3177
12.04.2021 12:00 - 12.04.2021 13:00,3111,3103
12.04.2021 13:00 - 12.04.2021 14:00,3062,3010
12.04.2021 14:00 - 12.04.2021 15:00,3076,3194
12.04.2021 15:00 - 12.04.2021 16:00,3044,3057
12.04.2021 16:00 - 12.04.2021 17:00,2995,2940
12.04.2021 17:00 - 12.04.2021 18:00,3124,3158
12.04.2021 18:00 - 12.04.2021 19:00,3114,3179
12.04.2021 19:00 - 12.04.2021 20:00,2996,2946
12.04.2021 20:00 - 12.04.2021 21:00,2881,2876
12.04.2021 21:00 - 12.04.2021 22:00,2776,2744
12.04.2021 22:00 - 12.04.2021 23:00,2494,2522
12.04.2021 23:00 - 13.04.2021 00:00,2306,2418
13.04.2021 00:00 - 13.04.2021 01:00,2302,2350
13.04.2021 01:00 - 13.04.2021 02:00,2333,2401
13.04.2021 02:00 - 13.04.2021 03:00,2317,2310
13.04.2021 03:00 - 13.04.2021 04:00,2283,2281
13.04.2021 04:00 - 13.04.2021 05:00,2335,2330
13.04.2021 05:00 - 13.04.2021 06:00,2506,2476
13.04.2021 06:00 - 13.04.2021 07:00,2774,2822
13.04.2021 07:00 - 13.04.2021 08:00,3065,3043
13.04.2021 08:00 - 13.04.2021 09:00,3180,3206
13.04.2021 09:00 - 13.04.2021 10:00,3250,3227
13.04.2021 10:00 - 13.04.2021 11:00,3296,3306
13.04.2021 11:00 - 13.04.2021 12:00,3328,3275
13.04.2021 12:00 - 13.04.2021 13:00,3215,3179
13.04.2021 13:00 - 13.04.2021 14:00,3162,3094
13.04.2021 14:00 - 13.04.2021 15:00,3054,3075
13.04.2021 15:00 - 13.04.2021 16:00,2976,3002
13.04.2021 16:00 - 13.04.2021 17:00,2964,3036
13.04.2021 17:00 - 13.04.2021 18:00,3148,3196
13.04.2021 18:00 - 13.04.2021 19:00,3067,3040
13.04.2021 19:00 - 13.04.2021 20:00,2913,2874
13.04.2021 20:00 - 13.04.2021 21:00,2826,2760
13.04.2021 21:00 - 13.04.2021 22:00,2770,2701
13.04.2021 22:00 - 13.04.2021 23:00,2654,2558
13.04.2021 23:00 - 14.04.2021 00:00,2530,2318
14.04.2021 00:00 - 14.04.2021 01:00,2224,2256
14.04.2021 01:00 - 14.04.2021 02:00,2185,2265
14.04.2021 02:00 - 14.04.2021 03:00,2214,2253
14.04.2021 03:00 - 14.04.2021 04:00,2260,2270
14.04.2021 04:00 - 14.04.2021 05:00,2333,2329
14.04.2021 05:00 - 14.04.2021 06:00,2510,2458
14.04.2021 06:00 - 14.04.2021 07:00,2732,2742
14.04.2021 07:00 - 14.04.2021 08:00,3206,3171
14.04.2021 08:00 - 14.04.2021 09:00,3199,3019
14.04.2021 09:00 - 14.04.2021 10:00,3075,3057
14.04.2021 10:00 - 14.04.2021 11:00,3145,3156
14.04.2021 11:00 - 14.04.2021 12:00,3195,3120
14.04.2021 12:00 - 14.04.2021 13:00,3104,3032
14.04.2021 13:00 - 14.04.2021 14:00,3049,2990
14.04.2021 14:00 - 14.04.2021 15:00,2922,2948
14.04.2021 15:00 - 14.04.2021 16:00,2827,2834
14.04.2021 16:00 - 14.04.2021 17:00,2808,2871
14.04.2021 17:00 - 14.04.2021 18:00,2999,3021
14.04.2021 18:00 - 14.04.2021 19:00,2898,2869
14.04.2021 19:00 - 14.04.2021 20:00,2764,2781
14.04.2021 20:00 - 14.04.2021 21:00,2720,2683
14.04.2021 21:00 - 14.04.2021 22:00,2660,2614
14.04.2021 22:00 - 14.04.2021 23:00,2526,2529
14.04.2021 23:00 - 15.04.2021 00:00,2373,2317
15.04.2021 00:00 - 15.04.2021 01:00,2189,2184
15.04.2021 01:00 - 15.04.2021 02:00,2140,2208
15.04.2021 02:00 - 15.04.2021 03:00,2202,2239
15.04.2021 03:00 - 15.04.2021 04:00,2206,2256
15.04.2021 04:00 - 15.04.2021 05:00,2257,2311
15.04.2021 05:00 - 15.04.2021 06:00,2385,2443
15.04.2021 06:00 - 15.04.2021 07:00,2647,2735
15.04.2021 07:00 - 15.04.2021 08:00,2997,2999
15.04.2021 08:00 - 15.04.2021 09:00,3163,3108
15.04.2021 09:00 - 15.04.2021 10:00,3182,3071
15.04.2021 10:00 - 15.04.2021 11:00,3224,3056
15.04.2021 11:00 - 15.04.2021 12:00,3094,3026
15.04.2021 12:00 - 15.04.2021 13:00,2990,3002
15.04.2021 13:00 - 15.04.2021 14:00,3035,3045
15.04.2021 14:00 - 15.04.2021 15:00,2978,2943
15.04.2021 15:00 - 15.04.2021 16:00,2840,2840
15.04.2021 16:00 - 15.04.2021 17:00,2802,2807
15.04.2021 17:00 - 15.04.2021 18:00,2885,2928
15.04.2021 18:00 - 15.04.2021 19:00,2828,2869
15.04.2021 19:00 - 15.04.2021 20:00,2745,2736
15.04.2021 20:00 - 15.04.2021 21:00,2685,2643
15.04.2021 21:00 - 15.04.2021 22:00,2608,2624
15.04.2021 22:00 - 15.04.2021 23:00,2499,2449
15.04.2021 23:00 - 16.04.2021 00:00,2374,2293
16.04.2021 00:00 - 16.04.2021 01:00,2185,2185
16.04.2021 01:00 - 16.04.2021 02:00,2101,2161
16.04.2021 02:00 - 16.04.2021 03:00,2113,2150
16.04.2021 03:00 - 16.04.2021 04:00,2123,2166
16.04.2021 04:00 - 16.04.2021 05:00,2176,2225
16.04.2021 05:00 - 16.04.2021 06:00,2352,2366
16.04.2021 06:00 - 16.04.2021 07:00,2628,2662
16.04.2021 07:00 - 16.04.2021 08:00,2967,2887
16.04.2021 08:00 - 16.04.2021 09:00,3116,2960
16.04.2021 09:00 - 16.04.2021 10:00,3159,2946
16.04.2021 10:00 - 16.04.2021 11:00,3244,2992
16.04.2021 11:00 - 16.04.2021 12:00,3261,2982
16.04.2021 12:00 - 16.04.2021 13:00,3141,2840
16.04.2021 13:00 - 16.04.2021 14:00,3050,2720
16.04.2021 14:00 - 16.04.2021 15:00,2658,2593
16.04.2021 15:00 - 16.04.2021 16:00,2505,2521
16.04.2021 16:00 - 16.04.2021 17:00,2520,2550
16.04.2021 17:00 - 16.04.2021 18:00,2697,2752
16.04.2021 18:00 - 16.04.2021 19:00,2714,2788
16.04.2021 19:00 - 16.04.2021 20:00,2627,2656
16.04.2021 20:00 - 16.04.2021 21:00,2536,2502
16.04.2021 21:00 - 16.04.2021 22:00,2447,2462
16.04.2021 22:00 - 16.04.2021 23:00,2287,2317
16.04.2021 23:00 - 17.04.2021 00:00,2134,2113
17.04.2021 00:00 - 17.04.2021 01:00,2005,2026
17.04.2021 01:00 - 17.04.2021 02:00,1945,1984
17.04.2021 02:00 - 17.04.2021 03:00,1930,1954
17.04.2021 03:00 - 17.04.2021 04:00,1909,1932
17.04.2021 04:00 - 17.04.2021 05:00,1927,1934
17.04.2021 05:00 - 17.04.2021 06:00,1986,1988
17.04.2021 06:00 - 17.04.2021 07:00,2082,2076
17.04.2021 07:00 - 17.04.2021 08:00,2267,2240
17.04.2021 08:00 - 17.04.2021 09:00,2438,2386
17.04.2021 09:00 - 17.04.2021 10:00,2505,2438
17.04.2021 10:00 - 17.04.2021 11:00,2526,2451
17.04.2021 11:00 - 17.04.2021 12:00,2470,2427
17.04.2021 12:00 - 17.04.2021 13:00,2434,2391
17.04.2021 13:00 - 17.04.2021 14:00,2383,2308
17.04.2021 14:00 - 17.04.2021 15:00,2305,2291
17.04.2021 15:00 - 17.04.2021 16:00,2261,2245
17.04.2021 16:00 - 17.04.2021 17:00,2278,2300
17.04.2021 17:00 - 17.04.2021 18:00,2457,2468
17.04.2021 18:00 - 17.04.2021 19:00,2432,2439
17.04.2021 19:00 - 17.04.2021 20:00,2280,2299
17.04.2021 20:00 - 17.04.2021 21:00,2226,2230
17.04.2021 21:00 - 17.04.2021 22:00,2208,2166
17.04.2021 22:00 - 17.04.2021 23:00,2061,2046
17.04.2021 23:00 - 18.04.2021 00:00,1926,1976
18.04.2021 00:00 - 18.04.2021 01:00,1876,1915
18.04.2021 01:00 - 18.04.2021 02:00,1831,1868
18.04.2021 02:00 - 18.04.2021 03:00,1821,1842
18.04.2021 03:00 - 18.04.2021 04:00,1814,1835
18.04.2021 04:00 - 18.04.2021 05:00,1829,1849
18.04.2021 05:00 - 18.04.2021 06:00,1885,1906
18.04.2021 06:00 - 18.04.2021 07:00,1969,1970
18.04.2021 07:00 - 18.04.2021 08:00,2129,2101
18.04.2021 08:00 - 18.04.2021 09:00,2323,2225
18.04.2021 09:00 - 18.04.2021 10:00,2390,2293
18.04.2021 10:00 - 18.04.2021 11:00,2426,2314
18.04.2021 11:00 - 18.04.2021 12:00,2466,2285
18.04.2021 12:00 - 18.04.2021 13:00,2441,2248
18.04.2021 13:00 - 18.04.2021 14:00,2294,2196
18.04.2021 14:00 - 18.04.2021 15:00,2193,2167
18.04.2021 15:00 - 18.04.2021 16:00,2155,2165
18.04.2021 16:00 - 18.04.2021 17:00,2201,2248
18.04.2021 17:00 - 18.04.2021 18:00,2425,2444
18.04.2021 18:00 - 18.04.2021 19:00,2420,2464
18.04.2021 19:00 - 18.04.2021 20:00,2310,2355
18.04.2021 20:00 - 18.04.2021 21:00,2279,2251
18.04.2021 21:00 - 18.04.2021 22:00,2208,2208
18.04.2021 22:00 - 18.04.2021 23:00,2096,2134
18.04.2021 23:00 - 19.04.2021 00:00,2003,1990
19.04.2021 00:00 - 19.04.2021 01:00,1925,1927
19.04.2021 01:00 - 19.04.2021 02:00,1873,1892
19.04.2021 02:00 - 19.04.2021 03:00,1894,1909
19.04.2021 03:00 - 19.04.2021 04:00,1930,1921
19.04.2021 04:00 - 19.04.2021 05:00,2014,1976
19.04.2021 05:00 - 19.04.2021 06:00,2142,2150
19.04.2021 06:00 - 19.04.2021 07:00,2430,2476
19.04.2021 07:00 - 19.04.2021 08:00,2773,2743
19.04.2021 08:00 - 19.04.2021 09:00,2899,2870
19.04.2021 09:00 - 19.04.2021 10:00,2908,2914
19.04.2021 10:00 - 19.04.2021 11:00,3001,2960
19.04.2021 11:00 - 19.04.2021 12:00,2958,2919
19.04.2021 12:00 - 19.04.2021 13:00,2893,2879
19.04.2021 13:00 - 19.04.2021 14:00,2899,2852
19.04.2021 14:00 - 19.04.2021 15:00,2782,2798
19.04.2021 15:00 - 19.04.2021 16:00,2681,2686
19.04.2021 16:00 - 19.04.2021 17:00,2622,2641
19.04.2021 17:00 - 19.04.2021 18:00,2777,2797
19.04.2021 18:00 - 19.04.2021 19:00,2698,2715
19.04.2021 19:00 - 19.04.2021 20:00,2574,2589
19.04.2021 20:00 - 19.04.2021 21:00,2514,2494
19.04.2021 21:00 - 19.04.2021 22:00,2498,2451
19.04.2021 22:00 - 19.04.2021 23:00,2419,2312
19.04.2021 23:00 - 20.04.2021 00:00,2294,2143
20.04.2021 00:00 - 20.04.2021 01:00,2040,2079
20.04.2021 01:00 - 20.04.2021 02:00,1982,2087
20.04.2021 02:00 - 20.04.2021 03:00,2007,2085
20.04.2021 03:00 - 20.04.2021 04:00,2055,2095
20.04.2021 04:00 - 20.04.2021 05:00,2125,2099
20.04.2021 05:00 - 20.04.2021 06:00,2237,2193
20.04.2021 06:00 - 20.04.2021 07:00,2409,2478
20.04.2021 07:00 - 20.04.2021 08:00,2716,2765
20.04.2021 08:00 - 20.04.2021 09:00,2899,2878
20.04.2021 09:00 - 20.04.2021 10:00,2936,2876
20.04.2021 10:00 - 20.04.2021 11:00,2986,2958
20.04.2021 11:00 - 20.04.2021 12:00,2982,2942
20.04.2021 12:00 - 20.04.2021 13:00,2916,2872
20.04.2021 13:00 - 20.04.2021 14:00,2880,2854
20.04.2021 14:00 - 20.04.2021 15:00,2799,2775
20.04.2021 15:00 - 20.04.2021 16:00,2659,2678
20.04.2021 16:00 - 20.04.2021 17:00,2622,2648
20.04.2021 17:00 - 20.04.2021 18:00,2725,2783
20.04.2021 18:00 - 20.04.2021 19:00,2690,2695
20.04.2021 19:00 - 20.04.2021 20:00,2571,2556
20.04.2021 20:00 - 20.04.2021 21:00,2503,2443
20.04.2021 21:00 - 20.04.2021 22:00,2491,2380
20.04.2021 22:00 - 20.04.2021 23:00,2379,2271
20.04.2021 23:00 - 21.04.2021 00:00,2246,2127
21.04.2021 00:00 - 21.04.2021 01:00,2029,2034
21.04.2021 01:00 - 21.04.2021 02:00,1961,2002
21.04.2021 02:00 - 21.04.2021 03:00,1972,1987
21.04.2021 03:00 - 21.04.2021 04:00,1957,1979
21.04.2021 04:00 - 21.04.2021 05:00,2035,2032
21.04.2021 05:00 - 21.04.2021 06:00,2177,2157
21.04.2021 06:00 - 21.04.2021 07:00,2440,2522
21.04.2021 07:00 - 21.04.2021 08:00,2847,2951
21.04.2021 08:00 - 21.04.2021 09:00,3048,3057
21.04.2021 09:00 - 21.04.2021 10:00,3074,3056
21.04.2021 10:00 - 21.04.2021 11:00,3131,3122
21.04.2021 11:00 - 21.04.2021 12:00,3139,3118
21.04.2021 12:00 - 21.04.2021 13:00,3094,3162
21.04.2021 13:00 - 21.04.2021 14:00,3180,3200
21.04.2021 14:00 - 21.04.2021 15:00,3143,3170
21.04.2021 15:00 - 21.04.2021 16:00,3025,3033
21.04.2021 16:00 - 21.04.2021 17:00,2939,2938
21.04.2021 17:00 - 21.04.2021 18:00,3014,3100
21.04.2021 18:00 - 21.04.2021 19:00,3002,3053
21.04.2021 19:00 - 21.04.2021 20:00,2869,2892
21.04.2021 20:00 - 21.04.2021 21:00,2775,2735
21.04.2021 21:00 - 21.04.2021 22:00,2752,2685
21.04.2021 22:00 - 21.04.2021 23:00,2608,2528
21.04.2021 23:00 - 22.04.2021 00:00,2446,2469
22.04.2021 00:00 - 22.04.2021 01:00,2371,2378
22.04.2021 01:00 - 22.04.2021 02:00,2268,2253
22.04.2021 02:00 - 22.04.2021 03:00,2236,2274
22.04.2021 03:00 - 22.04.2021 04:00,2270,2276
22.04.2021 04:00 - 22.04.2021 05:00,2324,2329
22.04.2021 05:00 - 22.04.2021 06:00,2452,2446
22.04.2021 06:00 - 22.04.2021 07:00,2624,2735
22.04.2021 07:00 - 22.04.2021 08:00,2886,3035
22.04.2021 08:00 - 22.04.2021 09:00,3162,3162
22.04.2021 09:00 - 22.04.2021 10:00,3175,3160
22.04.2021 10:00 - 22.04.2021 11:00,3292,3271
22.04.2021 11:00 - 22.04.2021 12:00,3292,3276
22.04.2021 12:00 - 22.04.2021 13:00,3229,3240
22.04.2021 13:00 - 22.04.2021 14:00,3252,3295
22.04.2021 14:00 - 22.04.2021 15:00,3189,3183
22.04.2021 15:00 - 22.04.2021 16:00,3046,3097
22.04.2021 16:00 - 22.04.2021 17:00,3028,3073
22.04.2021 17:00 - 22.04.2021 18:00,3107,3093
22.04.2021 18:00 - 22.04.2021 19:00,3006,3061
22.04.2021 19:00 - 22.04.2021 20:00,2987,2954
22.04.2021 20:00 - 22.04.2021 21:00,2915,2751
22.04.2021 21:00 - 22.04.2021 22:00,2922,2622
22.04.2021 22:00 - 22.04.2021 23:00,2823,2474
22.04.2021 23:00 - 23.04.2021 00:00,2662,2305
23.04.2021 00:00 - 23.04.2021 01:00,2197,2197
23.04.2021 01:00 - 23.04.2021 02:00,2124,2138
23.04.2021 02:00 - 23.04.2021 03:00,2110,2136
23.04.2021 03:00 - 23.04.2021 04:00,2114,2141
23.04.2021 04:00 - 23.04.2021 05:00,2195,2202
23.04.2021 05:00 - 23.04.2021 06:00,2354,2373
23.04.2021 06:00 - 23.04.2021 07:00,2614,2672
23.04.2021 07:00 - 23.04.2021 08:00,2904,2952
23.04.2021 08:00 - 23.04.2021 09:00,3055,3006
23.04.2021 09:00 - 23.04.2021 10:00,3045,3044
23.04.2021 10:00 - 23.04.2021 11:00,3107,3093
23.04.2021 11:00 - 23.04.2021 12:00,3039,2948
23.04.2021 12:00 - 23.04.2021 13:00,2887,2828
23.04.2021 13:00 - 23.04.2021 14:00,2799,2821
23.04.2021 14:00 - 23.04.2021 15:00,2693,2695
23.04.2021 15:00 - 23.04.2021 16:00,2671,2739
23.04.2021 16:00 - 23.04.2021 17:00,2694,2664
23.04.2021 17:00 - 23.04.2021 18:00,2746,2817
23.04.2021 18:00 - 23.04.2021 19:00,2771,2813
23.04.2021 19:00 - 23.04.2021 20:00,2593,2486
23.04.2021 20:00 - 23.04.2021 21:00,2403,2350
23.04.2021 21:00 - 23.04.2021 22:00,2369,2340
23.04.2021 22:00 - 23.04.2021 23:00,2269,2223
23.04.2021 23:00 - 24.04.2021 00:00,2116,2105
24.04.2021 00:00 - 24.04.2021 01:00,1978,2064
24.04.2021 01:00 - 24.04.2021 02:00,1959,1998
24.04.2021 02:00 - 24.04.2021 03:00,1959,1985
24.04.2021 03:00 - 24.04.2021 04:00,1946,1981
24.04.2021 04:00 - 24.04.2021 05:00,1961,2013
24.04.2021 05:00 - 24.04.2021 06:00,2033,2063
24.04.2021 06:00 - 24.04.2021 07:00,2107,2118
24.04.2021 07:00 - 24.04.2021 08:00,2275,2252
24.04.2021 08:00 - 24.04.2021 09:00,2434,2360
24.04.2021 09:00 - 24.04.2021 10:00,2485,2471
24.04.2021 10:00 - 24.04.2021 11:00,2565,2576
24.04.2021 11:00 - 24.04.2021 12:00,2549,2464
24.04.2021 12:00 - 24.04.2021 13:00,2477,2585
24.04.2021 13:00 - 24.04.2021 14:00,2542,2552
24.04.2021 14:00 - 24.04.2021 15:00,2530,2572
24.04.2021 15:00 - 24.04.2021 16:00,2497,2490
24.04.2021 16:00 - 24.04.2021 17:00,2484,2500
24.04.2021 17:00 - 24.04.2021 18:00,2639,2629
24.04.2021 18:00 - 24.04.2021 19:00,2575,2541
24.04.2021 19:00 - 24.04.2021 20:00,2376,2360
24.04.2021 20:00 - 24.04.2021 21:00,2238,2232
24.04.2021 21:00 - 24.04.2021 22:00,2215,2299
24.04.2021 22:00 - 24.04.2021 23:00,2115,2172
24.04.2021 23:00 - 25.04.2021 00:00,1994,2009
25.04.2021 00:00 - 25.04.2021 01:00,1901,1984
25.04.2021 01:00 - 25.04.2021 02:00,1902,1940
25.04.2021 02:00 - 25.04.2021 03:00,1909,1928
25.04.2021 03:00 - 25.04.2021 04:00,1910,1923
25.04.2021 04:00 - 25.04.2021 05:00,1925,1911
25.04.2021 05:00 - 25.04.2021 06:00,1937,1909
25.04.2021 06:00 - 25.04.2021 07:00,1994,1963
25.04.2021 07:00 - 25.04.2021 08:00,2119,2088
25.04.2021 08:00 - 25.04.2021 09:00,2289,2242
25.04.2021 09:00 - 25.04.2021 10:00,2375,2351
25.04.2021 10:00 - 25.04.2021 11:00,2436,2365
25.04.2021 11:00 - 25.04.2021 12:00,2455,2458
25.04.2021 12:00 - 25.04.2021 13:00,2491,2544
25.04.2021 13:00 - 25.04.2021 14:00,2567,2621
25.04.2021 14:00 - 25.04.2021 15:00,2539,2511
25.04.2021 15:00 - 25.04.2021 16:00,2451,2407
25.04.2021 16:00 - 25.04.2021 17:00,2428,2410
25.04.2021 17:00 - 25.04.2021 18:00,2578,2563
25.04.2021 18:00 - 25.04.2021 19:00,2520,2509
25.04.2021 19:00 - 25.04.2021 20:00,2372,2374
25.04.2021 20:00 - 25.04.2021 21:00,2302,2304
25.04.2021 21:00 - 25.04.2021 22:00,2302,2266
25.04.2021 22:00 - 25.04.2021 23:00,2192,2184
25.04.2021 23:00 - 26.04.2021 00:00,2100,2071
26.04.2021 00:00 - 26.04.2021 01:00,2033,2119
26.04.2021 01:00 - 26.04.2021 02:00,2046,2074
26.04.2021 02:00 - 26.04.2021 03:00,2069,2077
26.04.2021 03:00 - 26.04.2021 04:00,2106,2087
26.04.2021 04:00 - 26.04.2021 05:00,2133,2093
26.04.2021 05:00 - 26.04.2021 06:00,2258,2250
26.04.2021 06:00 - 26.04.2021 07:00,2562,2556
26.04.2021 07:00 - 26.04.2021 08:00,2883,2848
26.04.2021 08:00 - 26.04.2021 09:00,3040,3031
26.04.2021 09:00 - 26.04.2021 10:00,3084,3072
26.04.2021 10:00 - 26.04.2021 11:00,3180,3153
26.04.2021 11:00 - 26.04.2021 12:00,3165,3139
26.04.2021 12:00 - 26.04.2021 13:00,3112,3065
26.04.2021 13:00 - 26.04.2021 14:00,3105,3069
26.04.2021 14:00 - 26.04.2021 15:00,3001,2988
26.04.2021 15:00 - 26.04.2021 16:00,2879,2943
26.04.2021 16:00 - 26.04.2021 17:00,2865,2891
26.04.2021 17:00 - 26.04.2021 18:00,3005,3008
26.04.2021 18:00 - 26.04.2021 19:00,2882,2871
26.04.2021 19:00 - 26.04.2021 20:00,2709,2706
26.04.2021 20:00 - 26.04.2021 21:00,2607,2562
26.04.2021 21:00 - 26.04.2021 22:00,2582,2528
26.04.2021 22:00 - 26.04.2021 23:00,2446,2418
26.04.2021 23:00 - 27.04.2021 00:00,2277,2272
27.04.2021 00:00 - 27.04.2021 01:00,2173,2241
27.04.2021 01:00 - 27.04.2021 02:00,2161,2184
27.04.2021 02:00 - 27.04.2021 03:00,2145,2170
27.04.2021 03:00 - 27.04.2021 04:00,2175,2178
27.04.2021 04:00 - 27.04.2021 05:00,2218,2291
27.04.2021 05:00 - 27.04.2021 06:00,2453,2446
27.04.2021 06:00 - 27.04.2021 07:00,2692,2714
27.04.2021 07:00 - 27.04.2021 08:00,2953,2980
27.04.2021 08:00 - 27.04.2021 09:00,3133,3177
27.04.2021 09:00 - 27.04.2021 10:00,3218,3243
27.04.2021 10:00 - 27.04.2021 11:00,3203,3115
27.04.2021 11:00 - 27.04.2021 12:00,3142,3086
27.04.2021 12:00 - 27.04.2021 13:00,3106,3082
27.04.2021 13:00 - 27.04.2021 14:00,3104,3043
27.04.2021 14:00 - 27.04.2021 15:00,2984,2985
27.04.2021 15:00 - 27.04.2021 16:00,2844,2829
27.04.2021 16:00 - 27.04.2021 17:00,2801,2838
27.04.2021 17:00 - 27.04.2021 18:00,2973,3014
27.04.2021 18:00 - 27.04.2021 19:00,2900,2921
27.04.2021 19:00 - 27.04.2021 20:00,2748,2738
27.04.2021 20:00 - 27.04.2021 21:00,2679,2664
27.04.2021 21:00 - 27.04.2021 22:00,2710,2692
27.04.2021 22:00 - 27.04.2021 23:00,2580,2562
27.04.2021 23:00 - 28.04.2021 00:00,2409,2403
28.04.2021 00:00 - 28.04.2021 01:00,2261,2215
28.04.2021 01:00 - 28.04.2021 02:00,2134,2165
28.04.2021 02:00 - 28.04.2021 03:00,2140,2131
28.04.2021 03:00 - 28.04.2021 04:00,2166,2163
28.04.2021 04:00 - 28.04.2021 05:00,2214,2191
28.04.2021 05:00 - 28.04.2021 06:00,2340,2359
28.04.2021 06:00 - 28.04.2021 07:00,2552,2598
28.04.2021 07:00 - 28.04.2021 08:00,2854,2857
28.04.2021 08:00 - 28.04.2021 09:00,3046,2936
28.04.2021 09:00 - 28.04.2021 10:00,3035,2966
28.04.2021 10:00 - 28.04.2021 11:00,3044,3023
28.04.2021 11:00 - 28.04.2021 12:00,3053,3058
28.04.2021 12:00 - 28.04.2021 13:00,3001,2969
28.04.2021 13:00 - 28.04.2021 14:00,3008,2958
28.04.2021 14:00 - 28.04.2021 15:00,2917,2880
28.04.2021 15:00 - 28.04.2021 16:00,2768,2777
28.04.2021 16:00 - 28.04.2021 17:00,2757,2781
28.04.2021 17:00 - 28.04.2021 18:00,2901,2902
28.04.2021 18:00 - 28.04.2021 19:00,2803,2845
28.04.2021 19:00 - 28.04.2021 20:00,2690,2699
28.04.2021 20:00 - 28.04.2021 21:00,2636,2590
28.04.2021 21:00 - 28.04.2021 22:00,2648,2576
28.04.2021 22:00 - 28.04.2021 23:00,2542,2546
28.04.2021 23:00 - 29.04.2021 00:00,2377,2399
29.04.2021 00:00 - 29.04.2021 01:00,2252,2247
29.04.2021 01:00 - 29.04.2021 02:00,2149,2141
29.04.2021 02:00 - 29.04.2021 03:00,2134,2098
29.04.2021 03:00 - 29.04.2021 04:00,2104,2068
29.04.2021 04:00 - 29.04.2021 05:00,2144,2139
29.04.2021 05:00 - 29.04.2021 06:00,2250,2275
29.04.2021 06:00 - 29.04.2021 07:00,2500,2569
29.04.2021 07:00 - 29.04.2021 08:00,2868,2879
29.04.2021 08:00 - 29.04.2021 09:00,3033,2991
29.04.2021 09:00 - 29.04.2021 10:00,3034,3028
29.04.2021 10:00 - 29.04.2021 11:00,3124,3113
29.04.2021 11:00 - 29.04.2021 12:00,3126,3079
29.04.2021 12:00 - 29.04.2021 13:00,3053,2980
29.04.2021 13:00 - 29.04.2021 14:00,2986,2992
29.04.2021 14:00 - 29.04.2021 15:00,2971,2883
29.04.2021 15:00 - 29.04.2021 16:00,2827,2789
29.04.2021 16:00 - 29.04.2021 17:00,2758,2758
29.04.2021 17:00 - 29.04.2021 18:00,2926,2898
29.04.2021 18:00 - 29.04.2021 19:00,2766,2873
29.04.2021 19:00 - 29.04.2021 20:00,2712,2757
29.04.2021 20:00 - 29.04.2021 21:00,2677,2629
29.04.2021 21:00 - 29.04.2021 22:00,2594,2545
29.04.2021 22:00 - 29.04.2021 23:00,2474,2398
29.04.2021 23:00 - 30.04.2021 00:00,2280,2284
30.04.2021 00:00 - 30.04.2021 01:00,2082,2100
30.04.2021 01:00 - 30.04.2021 02:00,1970,2011
30.04.2021 02:00 - 30.04.2021 03:00,1924,1961
30.04.2021 03:00 - 30.04.2021 04:00,1879,1939
30.04.2021 04:00 - 30.04.2021 05:00,1918,1964
30.04.2021 05:00 - 30.04.2021 06:00,1993,2007
30.04.2021 06:00 - 30.04.2021 07:00,2073,2045
30.04.2021 07:00 - 30.04.2021 08:00,2242,2123
30.04.2021 08:00 - 30.04.2021 09:00,2295,2267
30.04.2021 09:00 - 30.04.2021 10:00,2377,2389
30.04.2021 10:00 - 30.04.2021 11:00,2429,2474
30.04.2021 11:00 - 30.04.2021 12:00,2476,2487
30.04.2021 12:00 - 30.04.2021 13:00,2457,2435
30.04.2021 13:00 - 30.04.2021 14:00,2391,2388
30.04.2021 14:00 - 30.04.2021 15:00,2353,2343
30.04.2021 15:00 - 30.04.2021 16:00,2313,2329
30.04.2021 16:00 - 30.04.2021 17:00,2330,2366
30.04.2021 17:00 - 30.04.2021 18:00,2476,2515
30.04.2021 18:00 - 30.04.2021 19:00,2497,2519
30.04.2021 19:00 - 30.04.2021 20:00,2361,2357
30.04.2021 20:00 - 30.04.2021 21:00,2264,2307
30.04.2021 21:00 - 30.04.2021 22:00,2249,2315
30.04.2021 22:00 - 30.04.2021 23:00,2132,2230
30.04.2021 23:00 - 01.05.2021 00:00,1960,2105
01.05.2021 00:00 - 01.05.2021 01:00,1967,1983
01.05.2021 01:00 - 01.05.2021 02:00,1891,1925
01.05.2021 02:00 - 01.05.2021 03:00,1886,1916
01.05.2021 03:00 - 01.05.2021 04:00,1897,1899
01.05.2021 04:00 - 01.05.2021 05:00,1909,1892
01.05.2021 05:00 - 01.05.2021 06:00,1913,1927
01.05.2021 06:00 - 01.05.2021 07:00,2010,1997
01.05.2021 07:00 - 01.05.2021 08:00,2162,2119
01.05.2021 08:00 - 01.05.2021 09:00,2325,2288
01.05.2021 09:00 - 01.05.2021 10:00,2412,2376
01.05.2021 10:00 - 01.05.2021 11:00,2413,2351
01.05.2021 11:00 - 01.05.2021 12:00,2350,2328
01.05.2021 12:00 - 01.05.2021 13:00,2286,2293
01.05.2021 13:00 - 01.05.2021 14:00,2254,2260
01.05.2021 14:00 - 01.05.2021 15:00,2235,2220
01.05.2021 15:00 - 01.05.2021 16:00,2188,2186
01.05.2021 16:00 - 01.05.2021 17:00,2232,2252
01.05.2021 17:00 - 01.05.2021 18:00,2423,2453
01.05.2021 18:00 - 01.05.2021 19:00,2426,2420
01.05.2021 19:00 - 01.05.2021 20:00,2301,2335
01.05.2021 20:00 - 01.05.2021 21:00,2178,2165
01.05.2021 21:00 - 01.05.2021 22:00,2127,2163
01.05.2021 22:00 - 01.05.2021 23:00,2039,2074
01.05.2021 23:00 - 02.05.2021 00:00,1900,1972
02.05.2021 00:00 - 02.05.2021 01:00,1856,1887
02.05.2021 01:00 - 02.05.2021 02:00,1793,1844
02.05.2021 02:00 - 02.05.2021 03:00,1784,1795
02.05.2021 03:00 - 02.05.2021 04:00,1777,1817
02.05.2021 04:00 - 02.05.2021 05:00,1825,1840
02.05.2021 05:00 - 02.05.2021 06:00,1841,1860
02.05.2021 06:00 - 02.05.2021 07:00,1926,1912
02.05.2021 07:00 - 02.05.2021 08:00,2085,2064
02.05.2021 08:00 - 02.05.2021 09:00,2256,2242
02.05.2021 09:00 - 02.05.2021 10:00,2359,2318
02.05.2021 10:00 - 02.05.2021 11:00,2390,2351
02.05.2021 11:00 - 02.05.2021 12:00,2371,2366
02.05.2021 12:00 - 02.05.2021 13:00,2335,2384
02.05.2021 13:00 - 02.05.2021 14:00,2365,2346
02.05.2021 14:00 - 02.05.2021 15:00,2369,2357
02.05.2021 15:00 - 02.05.2021 16:00,2329,2398
02.05.2021 16:00 - 02.05.2021 17:00,2408,2430
02.05.2021 17:00 - 02.05.2021 18:00,2589,2596
02.05.2021 18:00 - 02.05.2021 19:00,2596,2651
02.05.2021 19:00 - 02.05.2021 20:00,2463,2419
02.05.2021 20:00 - 02.05.2021 21:00,2322,2315
02.05.2021 21:00 - 02.05.2021 22:00,2283,2327
02.05.2021 22:00 - 02.05.2021 23:00,2218,2395
02.05.2021 23:00 - 03.05.2021 00:00,2128,2258
03.05.2021 00:00 - 03.05.2021 01:00,2149,2155
03.05.2021 01:00 - 03.05.2021 02:00,2107,2143
03.05.2021 02:00 - 03.05.2021 03:00,2084,2058
03.05.2021 03:00 - 03.05.2021 04:00,2107,2110
03.05.2021 04:00 - 03.05.2021 05:00,2149,2089
03.05.2021 05:00 - 03.05.2021 06:00,2213,2198
03.05.2021 06:00 - 03.05.2021 07:00,2502,2476
03.05.2021 07:00 - 03.05.2021 08:00,2763,2752
03.05.2021 08:00 - 03.05.2021 09:00,2935,2895
03.05.2021 09:00 - 03.05.2021 10:00,2945,2901
03.05.2021 10:00 - 03.05.2021 11:00,3133,3184
03.05.2021 11:00 - 03.05.2021 12:00,3106,3112
03.05.2021 12:00 - 03.05.2021 13:00,3075,3030
03.05.2021 13:00 - 03.05.2021 14:00,3026,3036
03.05.2021 14:00 - 03.05.2021 15:00,2981,2949
03.05.2021 15:00 - 03.05.2021 16:00,2839,2863
03.05.2021 16:00 - 03.05.2021 17:00,2832,2871
03.05.2021 17:00 - 03.05.2021 18:00,2946,3012
03.05.2021 18:00 - 03.05.2021 19:00,2841,2877
03.05.2021 19:00 - 03.05.2021 20:00,2691,2629
03.05.2021 20:00 - 03.05.2021 21:00,2517,2539
03.05.2021 21:00 - 03.05.2021 22:00,2457,2511
03.05.2021 22:00 - 03.05.2021 23:00,2314,2359
03.05.2021 23:00 - 04.05.2021 00:00,2176,2277
04.05.2021 00:00 - 04.05.2021 01:00,2224,2345
04.05.2021 01:00 - 04.05.2021 02:00,2244,2295
04.05.2021 02:00 - 04.05.2021 03:00,2203,2290
04.05.2021 03:00 - 04.05.2021 04:00,2229,2230
04.05.2021 04:00 - 04.05.2021 05:00,2272,2324
04.05.2021 05:00 - 04.05.2021 06:00,2442,2491
04.05.2021 06:00 - 04.05.2021 07:00,2733,2792
04.05.2021 07:00 - 04.05.2021 08:00,3004,3060
04.05.2021 08:00 - 04.05.2021 09:00,3243,3324
04.05.2021 09:00 - 04.05.2021 10:00,3316,3280
04.05.2021 10:00 - 04.05.2021 11:00,3330,3349
04.05.2021 11:00 - 04.05.2021 12:00,3336,3343
04.05.2021 12:00 - 04.05.2021 13:00,3295,3291
04.05.2021 13:00 - 04.05.2021 14:00,3306,3317
04.05.2021 14:00 - 04.05.2021 15:00,3284,3332
04.05.2021 15:00 - 04.05.2021 16:00,3164,3082
04.05.2021 16:00 - 04.05.2021 17:00,3040,3091
04.05.2021 17:00 - 04.05.2021 18:00,3155,3196
04.05.2021 18:00 - 04.05.2021 19:00,3029,3013
04.05.2021 19:00 - 04.05.2021 20:00,2950,2993
04.05.2021 20:00 - 04.05.2021 21:00,2933,2842
04.05.2021 21:00 - 04.05.2021 22:00,2932,2787
04.05.2021 22:00 - 04.05.2021 23:00,2867,2654
04.05.2021 23:00 - 05.05.2021 00:00,2712,2348
05.05.2021 00:00 - 05.05.2021 01:00,2250,2217
05.05.2021 01:00 - 05.05.2021 02:00,2147,2160
05.05.2021 02:00 - 05.05.2021 03:00,2084,2136
05.05.2021 03:00 - 05.05.2021 04:00,2114,2152
05.05.2021 04:00 - 05.05.2021 05:00,2213,2209
05.05.2021 05:00 - 05.05.2021 06:00,2383,2478
05.05.2021 06:00 - 05.05.2021 07:00,2676,2694
05.05.2021 07:00 - 05.05.2021 08:00,2956,2928
05.05.2021 08:00 - 05.05.2021 09:00,3133,2988
05.05.2021 09:00 - 05.05.2021 10:00,3060,3093
05.05.2021 10:00 - 05.05.2021 11:00,3127,3130
05.05.2021 11:00 - 05.05.2021 12:00,3152,3143
05.05.2021 12:00 - 05.05.2021 13:00,3124,3155
05.05.2021 13:00 - 05.05.2021 14:00,3178,3168
05.05.2021 14:00 - 05.05.2021 15:00,3246,3319
05.05.2021 15:00 - 05.05.2021 16:00,3182,3239
05.05.2021 16:00 - 05.05.2021 17:00,3101,3203
05.05.2021 17:00 - 05.05.2021 18:00,3242,3280
05.05.2021 18:00 - 05.05.2021 19:00,3087,3089
05.05.2021 19:00 - 05.05.2021 20:00,2883,2866
05.05.2021 20:00 - 05.05.2021 21:00,2788,2780
05.05.2021 21:00 - 05.05.2021 22:00,2767,2742
05.05.2021 22:00 - 05.05.2021 23:00,2700,2643
05.05.2021 23:00 - 06.05.2021 00:00,2548,2461
06.05.2021 00:00 - 06.05.2021 01:00,2371,2424
06.05.2021 01:00 - 06.05.2021 02:00,2343,2365
06.05.2021 02:00 - 06.05.2021 03:00,2356,2372
06.05.2021 03:00 - 06.05.2021 04:00,2360,2280
06.05.2021 04:00 - 06.05.2021 05:00,2349,2373
06.05.2021 05:00 - 06.05.2021 06:00,2482,2491
06.05.2021 06:00 - 06.05.2021 07:00,2716,2785
06.05.2021 07:00 - 06.05.2021 08:00,2925,2990
06.05.2021 08:00 - 06.05.2021 09:00,3121,3115
06.05.2021 09:00 - 06.05.2021 10:00,3202,3155
06.05.2021 10:00 - 06.05.2021 11:00,3268,3271
06.05.2021 11:00 - 06.05.2021 12:00,3262,3148
06.05.2021 12:00 - 06.05.2021 13:00,3113,3033
06.05.2021 13:00 - 06.05.2021 14:00,3057,3048
06.05.2021 14:00 - 06.05.2021 15:00,3064,3114
06.05.2021 15:00 - 06.05.2021 16:00,2997,2979
06.05.2021 16:00 - 06.05.2021 17:00,2945,3006
06.05.2021 17:00 - 06.05.2021 18:00,3063,3082
06.05.2021 18:00 - 06.05.2021 19:00,2921,2906
06.05.2021 19:00 - 06.05.2021 20:00,2789,2757
06.05.2021 20:00 - 06.05.2021 21:00,2732,2664
06.05.2021 21:00 - 06.05.2021 22:00,2744,2639
06.05.2021 22:00 - 06.05.2021 23:00,2728,2501
06.05.2021 23:00 - 07.05.2021 00:00,2596,2308
07.05.2021 00:00 - 07.05.2021 01:00,2176,2178
07.05.2021 01:00 - 07.05.2021 02:00,2094,2162
07.05.2021 02:00 - 07.05.2021 03:00,2085,2128
07.05.2021 03:00 - 07.05.2021 04:00,2132,2143
07.05.2021 04:00 - 07.05.2021 05:00,2195,2167
07.05.2021 05:00 - 07.05.2021 06:00,2273,2271
07.05.2021 06:00 - 07.05.2021 07:00,2529,2555
07.05.2021 07:00 - 07.05.2021 08:00,2873,2819
07.05.2021 08:00 - 07.05.2021 09:00,3008,3043
07.05.2021 09:00 - 07.05.2021 10:00,3074,3084
07.05.2021 10:00 - 07.05.2021 11:00,3165,3115
07.05.2021 11:00 - 07.05.2021 12:00,3146,3173
07.05.2021 12:00 - 07.05.2021 13:00,3022,2951
07.05.2021 13:00 - 07.05.2021 14:00,2907,2978
07.05.2021 14:00 - 07.05.2021 15:00,2842,2792
07.05.2021 15:00 - 07.05.2021 16:00,2679,2784
07.05.2021 16:00 - 07.05.2021 17:00,2694,2695
07.05.2021 17:00 - 07.05.2021 18:00,2874,3012
07.05.2021 18:00 - 07.05.2021 19:00,2912,2953
07.05.2021 19:00 - 07.05.2021 20:00,2701,2688
07.05.2021 20:00 - 07.05.2021 21:00,2530,2527
07.05.2021 21:00 - 07.05.2021 22:00,2493,2454
07.05.2021 22:00 - 07.05.2021 23:00,2398,2341
07.05.2021 23:00 - 08.05.2021 00:00,2206,2132
08.05.2021 00:00 - 08.05.2021 01:00,2016,2116
08.05.2021 01:00 - 08.05.2021 02:00,2029,2077
08.05.2021 02:00 - 08.05.2021 03:00,2041,2078
08.05.2021 03:00 - 08.05.2021 04:00,2032,2042
08.05.2021 04:00 - 08.05.2021 05:00,2048,2081
08.05.2021 05:00 - 08.05.2021 06:00,2071,2120
08.05.2021 06:00 - 08.05.2021 07:00,2164,2079
08.05.2021 07:00 - 08.05.2021 08:00,2289,2205
08.05.2021 08:00 - 08.05.2021 09:00,2418,2357
08.05.2021 09:00 - 08.05.2021 10:00,2475,2442
08.05.2021 10:00 - 08.05.2021 11:00,2514,2515
08.05.2021 11:00 - 08.05.2021 12:00,2529,2505
08.05.2021 12:00 - 08.05.2021 13:00,2469,2433
08.05.2021 13:00 - 08.05.2021 14:00,2426,2417
08.05.2021 14:00 - 08.05.2021 15:00,2399,2372
08.05.2021 15:00 - 08.05.2021 16:00,2358,2338
08.05.2021 16:00 - 08.05.2021 17:00,2355,2350
08.05.2021 17:00 - 08.05.2021 18:00,2469,2455
08.05.2021 18:00 - 08.05.2021 19:00,2431,2450
08.05.2021 19:00 - 08.05.2021 20:00,2286,2359
08.05.2021 20:00 - 08.05.2021 21:00,2265,2387
08.05.2021 21:00 - 08.05.2021 22:00,2309,2377
08.05.2021 22:00 - 08.05.2021 23:00,2208,2340
08.05.2021 23:00 - 09.05.2021 00:00,2011,2250
09.05.2021 00:00 - 09.05.2021 01:00,2083,2012
09.05.2021 01:00 - 09.05.2021 02:00,1870,1964
09.05.2021 02:00 - 09.05.2021 03:00,1890,1955
09.05.2021 03:00 - 09.05.2021 04:00,1917,1928
09.05.2021 04:00 - 09.05.2021 05:00,1912,1932
09.05.2021 05:00 - 09.05.2021 06:00,1926,1971
09.05.2021 06:00 - 09.05.2021 07:00,2045,2059
09.05.2021 07:00 - 09.05.2021 08:00,2211,2184
09.05.2021 08:00 - 09.05.2021 09:00,2419,2333
09.05.2021 09:00 - 09.05.2021 10:00,2460,2471
09.05.2021 10:00 - 09.05.2021 11:00,2574,2573
09.05.2021 11:00 - 09.05.2021 12:00,2571,2550
09.05.2021 12:00 - 09.05.2021 13:00,2584,2592
09.05.2021 13:00 - 09.05.2021 14:00,2632,2645
09.05.2021 14:00 - 09.05.2021 15:00,2623,2632
09.05.2021 15:00 - 09.05.2021 16:00,2553,2549
09.05.2021 16:00 - 09.05.2021 17:00,2519,2446
09.05.2021 17:00 - 09.05.2021 18:00,2586,2649
09.05.2021 18:00 - 09.05.2021 19:00,2612,2581
09.05.2021 19:00 - 09.05.2021 20:00,2389,2380
09.05.2021 20:00 - 09.05.2021 21:00,2279,2246
09.05.2021 21:00 - 09.05.2021 22:00,2274,2243
09.05.2021 22:00 - 09.05.2021 23:00,2236,2115
09.05.2021 23:00 - 10.05.2021 00:00,2168,2023
10.05.2021 00:00 - 10.05.2021 01:00,1964,1973
10.05.2021 01:00 - 10.05.2021 02:00,1949,1972
10.05.2021 02:00 - 10.05.2021 03:00,1964,1946
10.05.2021 03:00 - 10.05.2021 04:00,2009,1955
10.05.2021 04:00 - 10.05.2021 05:00,2073,2005
10.05.2021 05:00 - 10.05.2021 06:00,2221,2116
10.05.2021 06:00 - 10.05.2021 07:00,2381,2388
10.05.2021 07:00 - 10.05.2021 08:00,2748,2819
10.05.2021 08:00 - 10.05.2021 09:00,3011,3020
10.05.2021 09:00 - 10.05.2021 10:00,2968,2874
10.05.2021 10:00 - 10.05.2021 11:00,2990,2988
10.05.2021 11:00 - 10.05.2021 12:00,2983,2972
10.05.2021 12:00 - 10.05.2021 13:00,2960,2990
10.05.2021 13:00 - 10.05.2021 14:00,3084,3091
10.05.2021 14:00 - 10.05.2021 15:00,3029,3009
10.05.2021 15:00 - 10.05.2021 16:00,2880,2829
10.05.2021 16:00 - 10.05.2021 17:00,2761,2859
10.05.2021 17:00 - 10.05.2021 18:00,2962,3022
10.05.2021 18:00 - 10.05.2021 19:00,2844,2893
10.05.2021 19:00 - 10.05.2021 20:00,2673,2689
10.05.2021 20:00 - 10.05.2021 21:00,2581,2506
10.05.2021 21:00 - 10.05.2021 22:00,2514,2420
10.05.2021 22:00 - 10.05.2021 23:00,2442,2315
10.05.2021 23:00 - 11.05.2021 00:00,2294,2151
11.05.2021 00:00 - 11.05.2021 01:00,2054,2126
11.05.2021 01:00 - 11.05.2021 02:00,2048,2087
11.05.2021 02:00 - 11.05.2021 03:00,2046,2065
11.05.2021 03:00 - 11.05.2021 04:00,2048,2048
11.05.2021 04:00 - 11.05.2021 05:00,2089,2092
11.05.2021 05:00 - 11.05.2021 06:00,2209,2269
11.05.2021 06:00 - 11.05.2021 07:00,2447,2498
11.05.2021 07:00 - 11.05.2021 08:00,2781,2818
11.05.2021 08:00 - 11.05.2021 09:00,2959,2923
11.05.2021 09:00 - 11.05.2021 10:00,2987,2946
11.05.2021 10:00 - 11.05.2021 11:00,3028,3027
11.05.2021 11:00 - 11.05.2021 12:00,3029,3060
11.05.2021 12:00 - 11.05.2021 13:00,2990,3028
11.05.2021 13:00 - 11.05.2021 14:00,3017,3016
11.05.2021 14:00 - 11.05.2021 15:00,2945,2987
11.05.2021 15:00 - 11.05.2021 16:00,2884,2895
11.05.2021 16:00 - 11.05.2021 17:00,2845,2834
11.05.2021 17:00 - 11.05.2021 18:00,2888,2942
11.05.2021 18:00 - 11.05.2021 19:00,2820,2855
11.05.2021 19:00 - 11.05.2021 20:00,2683,2681
11.05.2021 20:00 - 11.05.2021 21:00,2621,2578
11.05.2021 21:00 - 11.05.2021 22:00,2598,2509
11.05.2021 22:00 - 11.05.2021 23:00,2570,2357
11.05.2021 23:00 - 12.05.2021 00:00,2461,2205
12.05.2021 00:00 - 12.05.2021 01:00,2064,2055
12.05.2021 01:00 - 12.05.2021 02:00,1970,2008
12.05.2021 02:00 - 12.05.2021 03:00,1987,2000
12.05.2021 03:00 - 12.05.2021 04:00,2004,1976
12.05.2021 04:00 - 12.05.2021 05:00,2007,1992
12.05.2021 05:00 - 12.05.2021 06:00,2107,2156
12.05.2021 06:00 - 12.05.2021 07:00,2410,2461
12.05.2021 07:00 - 12.05.2021 08:00,2775,2760
12.05.2021 08:00 - 12.05.2021 09:00,2902,2913
12.05.2021 09:00 - 12.05.2021 10:00,2962,2965
12.05.2021 10:00 - 12.05.2021 11:00,3078,3082
12.05.2021 11:00 - 12.05.2021 12:00,3074,3035
12.05.2021 12:00 - 12.05.2021 13:00,3007,2984
12.05.2021 13:00 - 12.05.2021 14:00,2984,2958
12.05.2021 14:00 - 12.05.2021 15:00,2913,2903
12.05.2021 15:00 - 12.05.2021 16:00,2804,2806
12.05.2021 16:00 - 12.05.2021 17:00,2737,2769
12.05.2021 17:00 - 12.05.2021 18:00,2793,2860
12.05.2021 18:00 - 12.05.2021 19:00,2716,2804
12.05.2021 19:00 - 12.05.2021 20:00,2626,2685
12.05.2021 20:00 - 12.05.2021 21:00,2553,2555
12.05.2021 21:00 - 12.05.2021 22:00,2477,2476
12.05.2021 22:00 - 12.05.2021 23:00,2439,2355
12.05.2021 23:00 - 13.05.2021 00:00,2308,2175
13.05.2021 00:00 - 13.05.2021 01:00,1997,2039
13.05.2021 01:00 - 13.05.2021 02:00,1892,1946
13.05.2021 02:00 - 13.05.2021 03:00,1833,1879
13.05.2021 03:00 - 13.05.2021 04:00,1844,1900
13.05.2021 04:00 - 13.05.2021 05:00,1878,1931
13.05.2021 05:00 - 13.05.2021 06:00,1910,1951
13.05.2021 06:00 - 13.05.2021 07:00,2027,2053
13.05.2021 07:00 - 13.05.2021 08:00,2216,2205
13.05.2021 08:00 - 13.05.2021 09:00,2390,2377
13.05.2021 09:00 - 13.05.2021 10:00,2498,2481
13.05.2021 10:00 - 13.05.2021 11:00,2554,2529
13.05.2021 11:00 - 13.05.2021 12:00,2531,2535
13.05.2021 12:00 - 13.05.2021 13:00,2489,2490
13.05.2021 13:00 - 13.05.2021 14:00,2464,2446
13.05.2021 14:00 - 13.05.2021 15:00,2402,2439
13.05.2021 15:00 - 13.05.2021 16:00,2382,2394
13.05.2021 16:00 - 13.05.2021 17:00,2392,2413
13.05.2021 17:00 - 13.05.2021 18:00,2528,2558
13.05.2021 18:00 - 13.05.2021 19:00,2519,2529
13.05.2021 19:00 - 13.05.2021 20:00,2387,2384
13.05.2021 20:00 - 13.05.2021 21:00,2277,2296
13.05.2021 21:00 - 13.05.2021 22:00,2256,2226
13.05.2021 22:00 - 13.05.2021 23:00,2168,2094
13.05.2021 23:00 - 14.05.2021 00:00,2022,1917
14.05.2021 00:00 - 14.05.2021 01:00,1840,1883
14.05.2021 01:00 - 14.05.2021 02:00,1807,1840
14.05.2021 02:00 - 14.05.2021 03:00,1821,1838
14.05.2021 03:00 - 14.05.2021 04:00,1851,1872
14.05.2021 04:00 - 14.05.2021 05:00,1848,1835
14.05.2021 05:00 - 14.05.2021 06:00,1890,1900
14.05.2021 06:00 - 14.05.2021 07:00,2076,2079
14.05.2021 07:00 - 14.05.2021 08:00,2324,2259
14.05.2021 08:00 - 14.05.2021 09:00,2482,2454
14.05.2021 09:00 - 14.05.2021 10:00,2635,2574
14.05.2021 10:00 - 14.05.2021 11:00,2698,2602
14.05.2021 11:00 - 14.05.2021 12:00,2676,2639
14.05.2021 12:00 - 14.05.2021 13:00,2592,2598
14.05.2021 13:00 - 14.05.2021 14:00,2568,2587
14.05.2021 14:00 - 14.05.2021 15:00,2511,2517
14.05.2021 15:00 - 14.05.2021 16:00,2462,2459
14.05.2021 16:00 - 14.05.2021 17:00,2452,2467
14.05.2021 17:00 - 14.05.2021 18:00,2548,2590
14.05.2021 18:00 - 14.05.2021 19:00,2549,2544
14.05.2021 19:00 - 14.05.2021 20:00,2389,2367
14.05.2021 20:00 - 14.05.2021 21:00,2224,2234
14.05.2021 21:00 - 14.05.2021 22:00,2160,2181
14.05.2021 22:00 - 14.05.2021 23:00,2087,2117
14.05.2021 23:00 - 15.05.2021 00:00,1979,2010
15.05.2021 00:00 - 15.05.2021 01:00,1898,1878
15.05.2021 01:00 - 15.05.2021 02:00,1812,1803
15.05.2021 02:00 - 15.05.2021 03:00,1789,1801
15.05.2021 03:00 - 15.05.2021 04:00,1795,1808
15.05.2021 04:00 - 15.05.2021 05:00,1822,1817
15.05.2021 05:00 - 15.05.2021 06:00,1826,1862
15.05.2021 06:00 - 15.05.2021 07:00,1940,1924
15.05.2021 07:00 - 15.05.2021 08:00,2091,2099
15.05.2021 08:00 - 15.05.2021 09:00,2300,2279
15.05.2021 09:00 - 15.05.2021 10:00,2414,2337
15.05.2021 10:00 - 15.05.2021 11:00,2409,2416
15.05.2021 11:00 - 15.05.2021 12:00,2455,2463
15.05.2021 12:00 - 15.05.2021 13:00,2429,2443
15.05.2021 13:00 - 15.05.2021 14:00,2413,2406
15.05.2021 14:00 - 15.05.2021 15:00,2377,2356
15.05.2021 15:00 - 15.05.2021 16:00,2305,2308
15.05.2021 16:00 - 15.05.2021 17:00,2287,2332
15.05.2021 17:00 - 15.05.2021 18:00,2437,2446
15.05.2021 18:00 - 15.05.2021 19:00,2399,2445
15.05.2021 19:00 - 15.05.2021 20:00,2271,2310
15.05.2021 20:00 - 15.05.2021 21:00,2181,2202
15.05.2021 21:00 - 15.05.2021 22:00,2147,2160
15.05.2021 22:00 - 15.05.2021 23:00,2049,2130
15.05.2021 23:00 - 16.05.2021 00:00,1898,1993
16.05.2021 00:00 - 16.05.2021 01:00,1914,1947
16.05.2021 01:00 - 16.05.2021 02:00,1867,1889
16.05.2021 02:00 - 16.05.2021 03:00,1838,1853
16.05.2021 03:00 - 16.05.2021 04:00,1834,1844
16.05.2021 04:00 - 16.05.2021 05:00,1843,1862
16.05.2021 05:00 - 16.05.2021 06:00,1844,1861
16.05.2021 06:00 - 16.05.2021 07:00,1909,1898
16.05.2021 07:00 - 16.05.2021 08:00,2058,2028
16.05.2021 08:00 - 16.05.2021 09:00,2222,2193
16.05.2021 09:00 - 16.05.2021 10:00,2328,2289
16.05.2021 10:00 - 16.05.2021 11:00,2348,2334
16.05.2021 11:00 - 16.05.2021 12:00,2365,2369
16.05.2021 12:00 - 16.05.2021 13:00,2365,2365
16.05.2021 13:00 - 16.05.2021 14:00,2377,2387
16.05.2021 14:00 - 16.05.2021 15:00,2380,2393
16.05.2021 15:00 - 16.05.2021 16:00,2342,2367
16.05.2021 16:00 - 16.05.2021 17:00,2380,2373
16.05.2021 17:00 - 16.05.2021 18:00,2527,2545
16.05.2021 18:00 - 16.05.2021 19:00,2529,2566
16.05.2021 19:00 - 16.05.2021 20:00,2391,2399
16.05.2021 20:00 - 16.05.2021 21:00,2247,2240
16.05.2021 21:00 - 16.05.2021 22:00,2207,2173
16.05.2021 22:00 - 16.05.2021 23:00,2138,2117
16.05.2021 23:00 - 17.05.2021 00:00,2057,2014
17.05.2021 00:00 - 17.05.2021 01:00,1963,1951
17.05.2021 01:00 - 17.05.2021 02:00,1925,1924
17.05.2021 02:00 - 17.05.2021 03:00,1929,1909
17.05.2021 03:00 - 17.05.2021 04:00,1959,1992
17.05.2021 04:00 - 17.05.2021 05:00,2004,1980
17.05.2021 05:00 - 17.05.2021 06:00,2071,2126
17.05.2021 06:00 - 17.05.2021 07:00,2499,2464
17.05.2021 07:00 - 17.05.2021 08:00,2795,2771
17.05.2021 08:00 - 17.05.2021 09:00,2944,2918
17.05.2021 09:00 - 17.05.2021 10:00,2983,2911
17.05.2021 10:00 - 17.05.2021 11:00,3002,2975
17.05.2021 11:00 - 17.05.2021 12:00,3012,2921
17.05.2021 12:00 - 17.05.2021 13:00,2927,2861
17.05.2021 13:00 - 17.05.2021 14:00,2879,2881
17.05.2021 14:00 - 17.05.2021 15:00,2851,2837
17.05.2021 15:00 - 17.05.2021 16:00,2750,2762
17.05.2021 16:00 - 17.05.2021 17:00,2672,2673
17.05.2021 17:00 - 17.05.2021 18:00,2843,2853
17.05.2021 18:00 - 17.05.2021 19:00,2756,2771
17.05.2021 19:00 - 17.05.2021 20:00,2588,2600
17.05.2021 20:00 - 17.05.2021 21:00,2481,2467
17.05.2021 21:00 - 17.05.2021 22:00,2356,2394
17.05.2021 22:00 - 17.05.2021 23:00,2254,2319
17.05.2021 23:00 - 18.05.2021 00:00,2101,2139
18.05.2021 00:00 - 18.05.2021 01:00,2005,2025
18.05.2021 01:00 - 18.05.2021 02:00,1931,1977
18.05.2021 02:00 - 18.05.2021 03:00,1915,1951
18.05.2021 03:00 - 18.05.2021 04:00,1962,1981
18.05.2021 04:00 - 18.05.2021 05:00,2004,2011
18.05.2021 05:00 - 18.05.2021 06:00,2079,2111
18.05.2021 06:00 - 18.05.2021 07:00,2372,2393
18.05.2021 07:00 - 18.05.2021 08:00,2719,2739
18.05.2021 08:00 - 18.05.2021 09:00,2854,2826
18.05.2021 09:00 - 18.05.2021 10:00,2863,2836
18.05.2021 10:00 - 18.05.2021 11:00,2914,2854
18.05.2021 11:00 - 18.05.2021 12:00,2949,2919
18.05.2021 12:00 - 18.05.2021 13:00,2913,2902
18.05.2021 13:00 - 18.05.2021 14:00,2914,2844
18.05.2021 14:00 - 18.05.2021 15:00,2844,2849
18.05.2021 15:00 - 18.05.2021 16:00,2733,2821
18.05.2021 16:00 - 18.05.2021 17:00,2715,2767
18.05.2021 17:00 - 18.05.2021 18:00,2793,2806
18.05.2021 18:00 - 18.05.2021 19:00,2719,2697
18.05.2021 19:00 - 18.05.2021 20:00,2584,2556
18.05.2021 20:00 - 18.05.2021 21:00,2451,2415
18.05.2021 21:00 - 18.05.2021 22:00,2385,2357
18.05.2021 22:00 - 18.05.2021 23:00,2343,2295
18.05.2021 23:00 - 19.05.2021 00:00,2241,2134
19.05.2021 00:00 - 19.05.2021 01:00,2017,2037
19.05.2021 01:00 - 19.05.2021 02:00,1950,1993
19.05.2021 02:00 - 19.05.2021 03:00,1975,1974
19.05.2021 03:00 - 19.05.2021 04:00,1977,1958
19.05.2021 04:00 - 19.05.2021 05:00,2008,2006
19.05.2021 05:00 - 19.05.2021 06:00,2092,2087
19.05.2021 06:00 - 19.05.2021 07:00,2380,2448
19.05.2021 07:00 - 19.05.2021 08:00,2729,2704
19.05.2021 08:00 - 19.05.2021 09:00,2847,2845
19.05.2021 09:00 - 19.05.2021 10:00,2882,2858
19.05.2021 10:00 - 19.05.2021 11:00,2940,2883
19.05.2021 11:00 - 19.05.2021 12:00,2960,2946
19.05.2021 12:00 - 19.05.2021 13:00,2950,2986
19.05.2021 13:00 - 19.05.2021 14:00,2996,2920
19.05.2021 14:00 - 19.05.2021 15:00,2866,2857
19.05.2021 15:00 - 19.05.2021 16:00,2760,2778
19.05.2021 16:00 - 19.05.2021 17:00,2723,2733
19.05.2021 17:00 - 19.05.2021 18:00,2834,2862
19.05.2021 18:00 - 19.05.2021 19:00,2775,2800
19.05.2021 19:00 - 19.05.2021 20:00,2654,2655
19.05.2021 20:00 - 19.05.2021 21:00,2512,2505
19.05.2021 21:00 - 19.05.2021 22:00,2457,2384
19.05.2021 22:00 - 19.05.2021 23:00,2418,2320
19.05.2021 23:00 - 20.05.2021 00:00,2298,2154
20.05.2021 00:00 - 20.05.2021 01:00,2013,2047
20.05.2021 01:00 - 20.05.2021 02:00,1970,2015
20.05.2021 02:00 - 20.05.2021 03:00,1990,2044
20.05.2021 03:00 - 20.05.2021 04:00,2032,2040
20.05.2021 04:00 - 20.05.2021 05:00,2062,2075
20.05.2021 05:00 - 20.05.2021 06:00,2193,2222
20.05.2021 06:00 - 20.05.2021 07:00,2466,2483
20.05.2021 07:00 - 20.05.2021 08:00,2714,2729
20.05.2021 08:00 - 20.05.2021 09:00,2925,2925
20.05.2021 09:00 - 20.05.2021 10:00,2991,2976
20.05.2021 10:00 - 20.05.2021 11:00,3049,2992
20.05.2021 11:00 - 20.05.2021 12:00,3003,2994
20.05.2021 12:00 - 20.05.2021 13:00,2952,2925
20.05.2021 13:00 - 20.05.2021 14:00,2941,2945
20.05.2021 14:00 - 20.05.2021 15:00,2881,2883
20.05.2021 15:00 - 20.05.2021 16:00,2790,2789
20.05.2021 16:00 - 20.05.2021 17:00,2744,2757
20.05.2021 17:00 - 20.05.2021 18:00,2828,2858
20.05.2021 18:00 - 20.05.2021 19:00,2761,2754
20.05.2021 19:00 - 20.05.2021 20:00,2618,2576
20.05.2021 20:00 - 20.05.2021 21:00,2523,2465
20.05.2021 21:00 - 20.05.2021 22:00,2478,2413
20.05.2021 22:00 - 20.05.2021 23:00,2463,2336
20.05.2021 23:00 - 21.05.2021 00:00,2371,2189
21.05.2021 00:00 - 21.05.2021 01:00,2127,2218
21.05.2021 01:00 - 21.05.2021 02:00,2063,2076
21.05.2021 02:00 - 21.05.2021 03:00,1978,2018
21.05.2021 03:00 - 21.05.2021 04:00,1999,2054
21.05.2021 04:00 - 21.05.2021 05:00,2077,2085
21.05.2021 05:00 - 21.05.2021 06:00,2240,2332
21.05.2021 06:00 - 21.05.2021 07:00,2582,2648
21.05.2021 07:00 - 21.05.2021 08:00,2889,2954
21.05.2021 08:00 - 21.05.2021 09:00,3053,3050
21.05.2021 09:00 - 21.05.2021 10:00,3045,3039
21.05.2021 10:00 - 21.05.2021 11:00,3082,3040
21.05.2021 11:00 - 21.05.2021 12:00,2985,2950
21.05.2021 12:00 - 21.05.2021 13:00,2847,2887
21.05.2021 13:00 - 21.05.2021 14:00,2825,2817
21.05.2021 14:00 - 21.05.2021 15:00,2776,2848
21.05.2021 15:00 - 21.05.2021 16:00,2735,2710
21.05.2021 16:00 - 21.05.2021 17:00,2698,2706
21.05.2021 17:00 - 21.05.2021 18:00,2768,2788
21.05.2021 18:00 - 21.05.2021 19:00,2811,2865
21.05.2021 19:00 - 21.05.2021 20:00,2609,2569
21.05.2021 20:00 - 21.05.2021 21:00,2402,2403
21.05.2021 21:00 - 21.05.2021 22:00,2319,2423
21.05.2021 22:00 - 21.05.2021 23:00,2266,2367
21.05.2021 23:00 - 22.05.2021 00:00,2153,2193
22.05.2021 00:00 - 22.05.2021 01:00,2044,2053
22.05.2021 01:00 - 22.05.2021 02:00,1871,1878
22.05.2021 02:00 - 22.05.2021 03:00,1762,1877
22.05.2021 03:00 - 22.05.2021 04:00,1704,1909
22.05.2021 04:00 - 22.05.2021 05:00,1821,1985
22.05.2021 05:00 - 22.05.2021 06:00,1956,2002
22.05.2021 06:00 - 22.05.2021 07:00,2079,2090
22.05.2021 07:00 - 22.05.2021 08:00,2249,2223
22.05.2021 08:00 - 22.05.2021 09:00,2409,2353
22.05.2021 09:00 - 22.05.2021 10:00,2484,2521
22.05.2021 10:00 - 22.05.2021 11:00,2602,2569
22.05.2021 11:00 - 22.05.2021 12:00,2570,2583
22.05.2021 12:00 - 22.05.2021 13:00,2555,2560
22.05.2021 13:00 - 22.05.2021 14:00,2530,2526
22.05.2021 14:00 - 22.05.2021 15:00,2478,2494
22.05.2021 15:00 - 22.05.2021 16:00,2432,2474
22.05.2021 16:00 - 22.05.2021 17:00,2470,2533
22.05.2021 17:00 - 22.05.2021 18:00,2618,2631
22.05.2021 18:00 - 22.05.2021 19:00,2593,2571
22.05.2021 19:00 - 22.05.2021 20:00,2419,2397
22.05.2021 20:00 - 22.05.2021 21:00,2258,2262
22.05.2021 21:00 - 22.05.2021 22:00,2190,2289
22.05.2021 22:00 - 22.05.2021 23:00,2180,2125
22.05.2021 23:00 - 23.05.2021 00:00,2100,2073
23.05.2021 00:00 - 23.05.2021 01:00,1934,1919
23.05.2021 01:00 - 23.05.2021 02:00,1832,1857
23.05.2021 02:00 - 23.05.2021 03:00,1806,1826
23.05.2021 03:00 - 23.05.2021 04:00,1819,1825
23.05.2021 04:00 - 23.05.2021 05:00,1829,1863
23.05.2021 05:00 - 23.05.2021 06:00,1872,1895
23.05.2021 06:00 - 23.05.2021 07:00,1971,1991
23.05.2021 07:00 - 23.05.2021 08:00,2125,2098
23.05.2021 08:00 - 23.05.2021 09:00,2307,2260
23.05.2021 09:00 - 23.05.2021 10:00,2382,2353
23.05.2021 10:00 - 23.05.2021 11:00,2442,2489
23.05.2021 11:00 - 23.05.2021 12:00,2519,2522
23.05.2021 12:00 - 23.05.2021 13:00,2545,2554
23.05.2021 13:00 - 23.05.2021 14:00,2588,2658
23.05.2021 14:00 - 23.05.2021 15:00,2595,2581
23.05.2021 15:00 - 23.05.2021 16:00,2525,2500
23.05.2021 16:00 - 23.05.2021 17:00,2504,2531
23.05.2021 17:00 - 23.05.2021 18:00,2540,2467
23.05.2021 18:00 - 23.05.2021 19:00,2413,2441
23.05.2021 19:00 - 23.05.2021 20:00,2260,2236
23.05.2021 20:00 - 23.05.2021 21:00,2130,2133
23.05.2021 21:00 - 23.05.2021 22:00,2043,2067
23.05.2021 22:00 - 23.05.2021 23:00,2014,2020
23.05.2021 23:00 - 24.05.2021 00:00,1943,1931
24.05.2021 00:00 - 24.05.2021 01:00,1832,1846
24.05.2021 01:00 - 24.05.2021 02:00,1747,1817
24.05.2021 02:00 - 24.05.2021 03:00,1784,1793
24.05.2021 03:00 - 24.05.2021 04:00,1826,1839
24.05.2021 04:00 - 24.05.2021 05:00,1847,1873
24.05.2021 05:00 - 24.05.2021 06:00,1892,1919
24.05.2021 06:00 - 24.05.2021 07:00,2009,2021
24.05.2021 07:00 - 24.05.2021 08:00,2251,2159
24.05.2021 08:00 - 24.05.2021 09:00,2357,2343
24.05.2021 09:00 - 24.05.2021 10:00,2449,2443
24.05.2021 10:00 - 24.05.2021 11:00,2486,2485
24.05.2021 11:00 - 24.05.2021 12:00,2527,2493
24.05.2021 12:00 - 24.05.2021 13:00,2508,2441
24.05.2021 13:00 - 24.05.2021 14:00,2426,2366
24.05.2021 14:00 - 24.05.2021 15:00,2329,2334
24.05.2021 15:00 - 24.05.2021 16:00,2308,2319
24.05.2021 16:00 - 24.05.2021 17:00,2342,2384
24.05.2021 17:00 - 24.05.2021 18:00,2561,2586
24.05.2021 18:00 - 24.05.2021 19:00,2580,2548
24.05.2021 19:00 - 24.05.2021 20:00,2434,2441
24.05.2021 20:00 - 24.05.2021 21:00,2312,2307
24.05.2021 21:00 - 24.05.2021 22:00,2227,2232
24.05.2021 22:00 - 24.05.2021 23:00,2136,2179
24.05.2021 23:00 - 25.05.2021 00:00,2017,2066
25.05.2021 00:00 - 25.05.2021 01:00,1976,1994
25.05.2021 01:00 - 25.05.2021 02:00,1937,1972
25.05.2021 02:00 - 25.05.2021 03:00,1923,1921
25.05.2021 03:00 - 25.05.2021 04:00,1934,1934
25.05.2021 04:00 - 25.05.2021 05:00,1982,1983
25.05.2021 05:00 - 25.05.2021 06:00,2086,2081
25.05.2021 06:00 - 25.05.2021 07:00,2371,2422
25.05.2021 07:00 - 25.05.2021 08:00,2734,2777
25.05.2021 08:00 - 25.05.2021 09:00,2936,2910
25.05.2021 09:00 - 25.05.2021 10:00,2981,2966
25.05.2021 10:00 - 25.05.2021 11:00,3088,3083
25.05.2021 11:00 - 25.05.2021 12:00,3078,3014
25.05.2021 12:00 - 25.05.2021 13:00,2925,2866
25.05.2021 13:00 - 25.05.2021 14:00,2968,3047
25.05.2021 14:00 - 25.05.2021 15:00,2999,3017
25.05.2021 15:00 - 25.05.2021 16:00,2886,2833
25.05.2021 16:00 - 25.05.2021 17:00,2772,2836
25.05.2021 17:00 - 25.05.2021 18:00,2884,2916
25.05.2021 18:00 - 25.05.2021 19:00,2763,2725
25.05.2021 19:00 - 25.05.2021 20:00,2628,2647
25.05.2021 20:00 - 25.05.2021 21:00,2547,2584
25.05.2021 21:00 - 25.05.2021 22:00,2488,2556
25.05.2021 22:00 - 25.05.2021 23:00,2407,2504
25.05.2021 23:00 - 26.05.2021 00:00,2261,2232
26.05.2021 00:00 - 26.05.2021 01:00,2191,2307
26.05.2021 01:00 - 26.05.2021 02:00,2219,2276
26.05.2021 02:00 - 26.05.2021 03:00,2210,2211
26.05.2021 03:00 - 26.05.2021 04:00,2215,2300
26.05.2021 04:00 - 26.05.2021 05:00,2283,2332
26.05.2021 05:00 - 26.05.2021 06:00,2426,2426
26.05.2021 06:00 - 26.05.2021 07:00,2660,2652
26.05.2021 07:00 - 26.05.2021 08:00,2771,2794
26.05.2021 08:00 - 26.05.2021 09:00,3012,3059
26.05.2021 09:00 - 26.05.2021 10:00,3219,3295
26.05.2021 10:00 - 26.05.2021 11:00,3352,3359
26.05.2021 11:00 - 26.05.2021 12:00,3282,3283
26.05.2021 12:00 - 26.05.2021 13:00,3260,3256
26.05.2021 13:00 - 26.05.2021 14:00,3231,3191
26.05.2021 14:00 - 26.05.2021 15:00,3119,3170
26.05.2021 15:00 - 26.05.2021 16:00,3030,3036
26.05.2021 16:00 - 26.05.2021 17:00,2983,3046
26.05.2021 17:00 - 26.05.2021 18:00,3090,3136
26.05.2021 18:00 - 26.05.2021 19:00,2998,3046
26.05.2021 19:00 - 26.05.2021 20:00,2933,2896
26.05.2021 20:00 - 26.05.2021 21:00,2813,2766
26.05.2021 21:00 - 26.05.2021 22:00,2786,2687
26.05.2021 22:00 - 26.05.2021 23:00,2777,2567
26.05.2021 23:00 - 27.05.2021 00:00,2675,2369
27.05.2021 00:00 - 27.05.2021 01:00,2245,2317
27.05.2021 01:00 - 27.05.2021 02:00,2217,2294
27.05.2021 02:00 - 27.05.2021 03:00,2227,2272
27.05.2021 03:00 - 27.05.2021 04:00,2254,2287
27.05.2021 04:00 - 27.05.2021 05:00,2300,2332
27.05.2021 05:00 - 27.05.2021 06:00,2435,2427
27.05.2021 06:00 - 27.05.2021 07:00,2648,2730
27.05.2021 07:00 - 27.05.2021 08:00,2870,2944
27.05.2021 08:00 - 27.05.2021 09:00,3017,2966
27.05.2021 09:00 - 27.05.2021 10:00,3039,3060
27.05.2021 10:00 - 27.05.2021 11:00,3163,3155
27.05.2021 11:00 - 27.05.2021 12:00,3122,3086
27.05.2021 12:00 - 27.05.2021 13:00,3062,3078
27.05.2021 13:00 - 27.05.2021 14:00,3026,2983
27.05.2021 14:00 - 27.05.2021 15:00,2901,2872
27.05.2021 15:00 - 27.05.2021 16:00,2769,2821
27.05.2021 16:00 - 27.05.2021 17:00,2783,2824
27.05.2021 17:00 - 27.05.2021 18:00,2929,2952
27.05.2021 18:00 - 27.05.2021 19:00,2858,2906
27.05.2021 19:00 - 27.05.2021 20:00,2816,2780
27.05.2021 20:00 - 27.05.2021 21:00,2664,2453
27.05.2021 21:00 - 27.05.2021 22:00,2592,2332
27.05.2021 22:00 - 27.05.2021 23:00,2646,2313
27.05.2021 23:00 - 28.05.2021 00:00,2575,2297
28.05.2021 00:00 - 28.05.2021 01:00,2176,2204
28.05.2021 01:00 - 28.05.2021 02:00,2091,2126
28.05.2021 02:00 - 28.05.2021 03:00,2024,1982
28.05.2021 03:00 - 28.05.2021 04:00,2067,2112
28.05.2021 04:00 - 28.05.2021 05:00,2114,2091
28.05.2021 05:00 - 28.05.2021 06:00,2195,2097
28.05.2021 06:00 - 28.05.2021 07:00,2314,2398
28.05.2021 07:00 - 28.05.2021 08:00,2618,2737
28.05.2021 08:00 - 28.05.2021 09:00,2865,2876
28.05.2021 09:00 - 28.05.2021 10:00,2947,2886
28.05.2021 10:00 - 28.05.2021 11:00,2996,2884
28.05.2021 11:00 - 28.05.2021 12:00,2884,2826
28.05.2021 12:00 - 28.05.2021 13:00,2771,2742
28.05.2021 13:00 - 28.05.2021 14:00,2735,2811
28.05.2021 14:00 - 28.05.2021 15:00,2715,2729
28.05.2021 15:00 - 28.05.2021 16:00,2620,2610
28.05.2021 16:00 - 28.05.2021 17:00,2562,2583
28.05.2021 17:00 - 28.05.2021 18:00,2647,2763
28.05.2021 18:00 - 28.05.2021 19:00,2665,2654
28.05.2021 19:00 - 28.05.2021 20:00,2454,2393
28.05.2021 20:00 - 28.05.2021 21:00,2280,2252
28.05.2021 21:00 - 28.05.2021 22:00,2179,2165
28.05.2021 22:00 - 28.05.2021 23:00,2101,2114
28.05.2021 23:00 - 29.05.2021 00:00,1986,2004
29.05.2021 00:00 - 29.05.2021 01:00,1863,1892
29.05.2021 01:00 - 29.05.2021 02:00,1772,1822
29.05.2021 02:00 - 29.05.2021 03:00,1722,1772
29.05.2021 03:00 - 29.05.2021 04:00,1680,1777
29.05.2021 04:00 - 29.05.2021 05:00,1696,1780
29.05.2021 05:00 - 29.05.2021 06:00,1769,1787
29.05.2021 06:00 - 29.05.2021 07:00,1897,1941
29.05.2021 07:00 - 29.05.2021 08:00,2129,2137
29.05.2021 08:00 - 29.05.2021 09:00,2303,2295
29.05.2021 09:00 - 29.05.2021 10:00,2409,2389
29.05.2021 10:00 - 29.05.2021 11:00,2404,2392
29.05.2021 11:00 - 29.05.2021 12:00,2370,2351
29.05.2021 12:00 - 29.05.2021 13:00,2335,2298
29.05.2021 13:00 - 29.05.2021 14:00,2259,2265
29.05.2021 14:00 - 29.05.2021 15:00,2208,2226
29.05.2021 15:00 - 29.05.2021 16:00,2193,2220
29.05.2021 16:00 - 29.05.2021 17:00,2195,2225
29.05.2021 17:00 - 29.05.2021 18:00,2320,2326
29.05.2021 18:00 - 29.05.2021 19:00,2275,2305
29.05.2021 19:00 - 29.05.2021 20:00,2109,2094
29.05.2021 20:00 - 29.05.2021 21:00,2017,2047
29.05.2021 21:00 - 29.05.2021 22:00,1973,2006
29.05.2021 22:00 - 29.05.2021 23:00,1901,1940
29.05.2021 23:00 - 30.05.2021 00:00,1780,1861
30.05.2021 00:00 - 30.05.2021 01:00,1739,1761
30.05.2021 01:00 - 30.05.2021 02:00,1670,1694
30.05.2021 02:00 - 30.05.2021 03:00,1659,1704
30.05.2021 03:00 - 30.05.2021 04:00,1687,1716
30.05.2021 04:00 - 30.05.2021 05:00,1669,1656
30.05.2021 05:00 - 30.05.2021 06:00,1649,1662
30.05.2021 06:00 - 30.05.2021 07:00,1737,1746
30.05.2021 07:00 - 30.05.2021 08:00,1903,1897
30.05.2021 08:00 - 30.05.2021 09:00,2100,2123
30.05.2021 09:00 - 30.05.2021 10:00,2225,2226
30.05.2021 10:00 - 30.05.2021 11:00,2346,2355
30.05.2021 11:00 - 30.05.2021 12:00,2384,2383
30.05.2021 12:00 - 30.05.2021 13:00,2375,2362
30.05.2021 13:00 - 30.05.2021 14:00,2347,2331
30.05.2021 14:00 - 30.05.2021 15:00,2311,2298
30.05.2021 15:00 - 30.05.2021 16:00,2275,2266
30.05.2021 16:00 - 30.05.2021 17:00,2300,2292
30.05.2021 17:00 - 30.05.2021 18:00,2365,2352
30.05.2021 18:00 - 30.05.2021 19:00,2334,2333
30.05.2021 19:00 - 30.05.2021 20:00,2231,2245
30.05.2021 20:00 - 30.05.2021 21:00,2151,2170
30.05.2021 21:00 - 30.05.2021 22:00,2093,2132
30.05.2021 22:00 - 30.05.2021 23:00,2094,2052
30.05.2021 23:00 - 31.05.2021 00:00,2056,1907
31.05.2021 00:00 - 31.05.2021 01:00,1845,1841
31.05.2021 01:00 - 31.05.2021 02:00,1809,1822
31.05.2021 02:00 - 31.05.2021 03:00,1809,1807
31.05.2021 03:00 - 31.05.2021 04:00,1839,1818
31.05.2021 04:00 - 31.05.2021 05:00,1862,1858
31.05.2021 05:00 - 31.05.2021 06:00,1949,1944
31.05.2021 06:00 - 31.05.2021 07:00,2231,2255
31.05.2021 07:00 - 31.05.2021 08:00,2630,2643
31.05.2021 08:00 - 31.05.2021 09:00,2813,2802
31.05.2021 09:00 - 31.05.2021 10:00,2863,2846
31.05.2021 10:00 - 31.05.2021 11:00,2938,2891
31.05.2021 11:00 - 31.05.2021 12:00,2907,2885
31.05.2021 12:00 - 31.05.2021 13:00,2829,2844
31.05.2021 13:00 - 31.05.2021 14:00,2864,2854
31.05.2021 14:00 - 31.05.2021 15:00,2776,2765
31.05.2021 15:00 - 31.05.2021 16:00,2665,2687
31.05.2021 16:00 - 31.05.2021 17:00,2616,2653
31.05.2021 17:00 - 31.05.2021 18:00,2715,2749
31.05.2021 18:00 - 31.05.2021 19:00,2652,2681
31.05.2021 19:00 - 31.05.2021 20:00,2479,2479
31.05.2021 20:00 - 31.05.2021 21:00,2352,2362
31.05.2021 21:00 - 31.05.2021 22:00,2226,2298
31.05.2021 22:00 - 31.05.2021 23:00,2114,2231
31.05.2021 23:00 - 01.06.2021 00:00,1997,2111
01.06.2021 00:00 - 01.06.2021 01:00,1980,1947
01.06.2021 01:00 - 01.06.2021 02:00,1906,1936
01.06.2021 02:00 - 01.06.2021 03:00,1887,1908
01.06.2021 03:00 - 01.06.2021 04:00,1907,1910
01.06.2021 04:00 - 01.06.2021 05:00,1926,1934
01.06.2021 05:00 - 01.06.2021 06:00,2055,1997
01.06.2021 06:00 - 01.06.2021 07:00,2225,2337
01.06.2021 07:00 - 01.06.2021 08:00,2646,2690
01.06.2021 08:00 - 01.06.2021 09:00,2855,2867
01.06.2021 09:00 - 01.06.2021 10:00,2915,2881
01.06.2021 10:00 - 01.06.2021 11:00,2946,2904
01.06.2021 11:00 - 01.06.2021 12:00,2909,2907
01.06.2021 12:00 - 01.06.2021 13:00,2857,2836
01.06.2021 13:00 - 01.06.2021 14:00,2855,2883
01.06.2021 14:00 - 01.06.2021 15:00,2835,2848
01.06.2021 15:00 - 01.06.2021 16:00,2730,2748
01.06.2021 16:00 - 01.06.2021 17:00,2680,2684
01.06.2021 17:00 - 01.06.2021 18:00,2767,2793
01.06.2021 18:00 - 01.06.2021 19:00,2687,2725
01.06.2021 19:00 - 01.06.2021 20:00,2593,2579
01.06.2021 20:00 - 01.06.2021 21:00,2481,2442
01.06.2021 21:00 - 01.06.2021 22:00,2442,2336
01.06.2021 22:00 - 01.06.2021 23:00,2426,2267
01.06.2021 23:00 - 02.06.2021 00:00,2338,2216
02.06.2021 00:00 - 02.06.2021 01:00,2057,2039
02.06.2021 01:00 - 02.06.2021 02:00,1921,1944
02.06.2021 02:00 - 02.06.2021 03:00,1895,1926
02.06.2021 03:00 - 02.06.2021 04:00,1925,1915
02.06.2021 04:00 - 02.06.2021 05:00,1903,1887
02.06.2021 05:00 - 02.06.2021 06:00,2027,2029
02.06.2021 06:00 - 02.06.2021 07:00,2291,2337
02.06.2021 07:00 - 02.06.2021 08:00,2551,2612
02.06.2021 08:00 - 02.06.2021 09:00,2743,2764
02.06.2021 09:00 - 02.06.2021 10:00,2842,2835
02.06.2021 10:00 - 02.06.2021 11:00,2912,2884
02.06.2021 11:00 - 02.06.2021 12:00,2888,2881
02.06.2021 12:00 - 02.06.2021 13:00,2848,2850
02.06.2021 13:00 - 02.06.2021 14:00,2874,2888
02.06.2021 14:00 - 02.06.2021 15:00,2886,2931
02.06.2021 15:00 - 02.06.2021 16:00,2817,2859
02.06.2021 16:00 - 02.06.2021 17:00,2746,2758
02.06.2021 17:00 - 02.06.2021 18:00,2761,2797
02.06.2021 18:00 - 02.06.2021 19:00,2723,2774
02.06.2021 19:00 - 02.06.2021 20:00,2622,2592
02.06.2021 20:00 - 02.06.2021 21:00,2540,2572
02.06.2021 21:00 - 02.06.2021 22:00,2522,2490
02.06.2021 22:00 - 02.06.2021 23:00,2488,2366
02.06.2021 23:00 - 03.06.2021 00:00,2361,2221
03.06.2021 00:00 - 03.06.2021 01:00,2061,2073
03.06.2021 01:00 - 03.06.2021 02:00,1972,2032
03.06.2021 02:00 - 03.06.2021 03:00,1986,2095
03.06.2021 03:00 - 03.06.2021 04:00,2089,2164
03.06.2021 04:00 - 03.06.2021 05:00,2158,2176
03.06.2021 05:00 - 03.06.2021 06:00,2262,2234
03.06.2021 06:00 - 03.06.2021 07:00,2430,2534
03.06.2021 07:00 - 03.06.2021 08:00,2744,2859
03.06.2021 08:00 - 03.06.2021 09:00,2979,3044
03.06.2021 09:00 - 03.06.2021 10:00,3080,3129
03.06.2021 10:00 - 03.06.2021 11:00,3140,3126
03.06.2021 11:00 - 03.06.2021 12:00,3104,3036
03.06.2021 12:00 - 03.06.2021 13:00,2968,2978
03.06.2021 13:00 - 03.06.2021 14:00,2985,2994
03.06.2021 14:00 - 03.06.2021 15:00,2909,2918
03.06.2021 15:00 - 03.06.2021 16:00,2841,2871
03.06.2021 16:00 - 03.06.2021 17:00,2822,2801
03.06.2021 17:00 - 03.06.2021 18:00,2811,2840
03.06.2021 18:00 - 03.06.2021 19:00,2754,2764
03.06.2021 19:00 - 03.06.2021 20:00,2623,2618
03.06.2021 20:00 - 03.06.2021 21:00,2534,2495
03.06.2021 21:00 - 03.06.2021 22:00,2516,2361
03.06.2021 22:00 - 03.06.2021 23:00,2520,2270
03.06.2021 23:00 - 04.06.2021 00:00,2421,2111
04.06.2021 00:00 - 04.06.2021 01:00,2073,1998
04.06.2021 01:00 - 04.06.2021 02:00,1886,1917
04.06.2021 02:00 - 04.06.2021 03:00,1878,1905
04.06.2021 03:00 - 04.06.2021 04:00,1915,1898
04.06.2021 04:00 - 04.06.2021 05:00,1870,1804
04.06.2021 05:00 - 04.06.2021 06:00,1971,1980
04.06.2021 06:00 - 04.06.2021 07:00,2227,2310
04.06.2021 07:00 - 04.06.2021 08:00,2567,2643
04.06.2021 08:00 - 04.06.2021 09:00,2793,2816
04.06.2021 09:00 - 04.06.2021 10:00,2855,2860
04.06.2021 10:00 - 04.06.2021 11:00,2928,2914
04.06.2021 11:00 - 04.06.2021 12:00,2884,2864
04.06.2021 12:00 - 04.06.2021 13:00,2792,2798
04.06.2021 13:00 - 04.06.2021 14:00,2742,2738
04.06.2021 14:00 - 04.06.2021 15:00,2617,2606
04.06.2021 15:00 - 04.06.2021 16:00,2526,2498
04.06.2021 16:00 - 04.06.2021 17:00,2450,2470
04.06.2021 17:00 - 04.06.2021 18:00,2503,2543
04.06.2021 18:00 - 04.06.2021 19:00,2448,2513
04.06.2021 19:00 - 04.06.2021 20:00,2359,2379
04.06.2021 20:00 - 04.06.2021 21:00,2290,2256
04.06.2021 21:00 - 04.06.2021 22:00,2253,2142
04.06.2021 22:00 - 04.06.2021 23:00,2142,2082
04.06.2021 23:00 - 05.06.2021 00:00,1992,1975
05.06.2021 00:00 - 05.06.2021 01:00,1847,1849
05.06.2021 01:00 - 05.06.2021 02:00,1739,1768
05.06.2021 02:00 - 05.06.2021 03:00,1677,1723
05.06.2021 03:00 - 05.06.2021 04:00,1677,1735
05.06.2021 04:00 - 05.06.2021 05:00,1687,1696
05.06.2021 05:00 - 05.06.2021 06:00,1709,1713
05.06.2021 06:00 - 05.06.2021 07:00,1786,1793
05.06.2021 07:00 - 05.06.2021 08:00,1969,1967
05.06.2021 08:00 - 05.06.2021 09:00,2164,2133
05.06.2021 09:00 - 05.06.2021 10:00,2260,2191
05.06.2021 10:00 - 05.06.2021 11:00,2264,2229
05.06.2021 11:00 - 05.06.2021 12:00,2235,2221
05.06.2021 12:00 - 05.06.2021 13:00,2219,2183
05.06.2021 13:00 - 05.06.2021 14:00,2180,2138
05.06.2021 14:00 - 05.06.2021 15:00,2121,2111
05.06.2021 15:00 - 05.06.2021 16:00,2080,2084
05.06.2021 16:00 - 05.06.2021 17:00,2096,2080
05.06.2021 17:00 - 05.06.2021 18:00,2194,2219
05.06.2021 18:00 - 05.06.2021 19:00,2184,2241
05.06.2021 19:00 - 05.06.2021 20:00,2100,2147
05.06.2021 20:00 - 05.06.2021 21:00,2016,2055
05.06.2021 21:00 - 05.06.2021 22:00,1930,1980
05.06.2021 22:00 - 05.06.2021 23:00,1840,1952
05.06.2021 23:00 - 06.06.2021 00:00,1726,1873
06.06.2021 00:00 - 06.06.2021 01:00,1762,1757
06.06.2021 01:00 - 06.06.2021 02:00,1669,1681
06.06.2021 02:00 - 06.06.2021 03:00,1635,1645
06.06.2021 03:00 - 06.06.2021 04:00,1612,1594
06.06.2021 04:00 - 06.06.2021 05:00,1577,1565
06.06.2021 05:00 - 06.06.2021 06:00,1591,1613
06.06.2021 06:00 - 06.06.2021 07:00,1707,1707
06.06.2021 07:00 - 06.06.2021 08:00,1877,1892
06.06.2021 08:00 - 06.06.2021 09:00,2117,2080
06.06.2021 09:00 - 06.06.2021 10:00,2267,2150
06.06.2021 10:00 - 06.06.2021 11:00,2282,2253
06.06.2021 11:00 - 06.06.2021 12:00,2250,2229
06.06.2021 12:00 - 06.06.2021 13:00,2213,2180
06.06.2021 13:00 - 06.06.2021 14:00,2162,2148
06.06.2021 14:00 - 06.06.2021 15:00,2144,2158
06.06.2021 15:00 - 06.06.2021 16:00,2152,2201
06.06.2021 16:00 - 06.06.2021 17:00,2230,2267
06.06.2021 17:00 - 06.06.2021 18:00,2376,2464
06.06.2021 18:00 - 06.06.2021 19:00,2422,2462
06.06.2021 19:00 - 06.06.2021 20:00,2320,2341
06.06.2021 20:00 - 06.06.2021 21:00,2212,2198
06.06.2021 21:00 - 06.06.2021 22:00,2144,2118
06.06.2021 22:00 - 06.06.2021 23:00,2115,2064
06.06.2021 23:00 - 07.06.2021 00:00,2033,1951
07.06.2021 00:00 - 07.06.2021 01:00,1888,1880
07.06.2021 01:00 - 07.06.2021 02:00,1842,1881
07.06.2021 02:00 - 07.06.2021 03:00,1844,1830
07.06.2021 03:00 - 07.06.2021 04:00,1838,1787
07.06.2021 04:00 - 07.06.2021 05:00,1844,1840
07.06.2021 05:00 - 07.06.2021 06:00,1942,1960
07.06.2021 06:00 - 07.06.2021 07:00,2303,2286
07.06.2021 07:00 - 07.06.2021 08:00,2681,2664
07.06.2021 08:00 - 07.06.2021 09:00,2852,2824
07.06.2021 09:00 - 07.06.2021 10:00,2872,2853
07.06.2021 10:00 - 07.06.2021 11:00,2951,2963
07.06.2021 11:00 - 07.06.2021 12:00,2932,2945
07.06.2021 12:00 - 07.06.2021 13:00,2871,2906
07.06.2021 13:00 - 07.06.2021 14:00,2917,2932
07.06.2021 14:00 - 07.06.2021 15:00,2870,2880
07.06.2021 15:00 - 07.06.2021 16:00,2773,2762
07.06.2021 16:00 - 07.06.2021 17:00,2706,2717
07.06.2021 17:00 - 07.06.2021 18:00,2789,2846
07.06.2021 18:00 - 07.06.2021 19:00,2750,2778
07.06.2021 19:00 - 07.06.2021 20:00,2594,2641
07.06.2021 20:00 - 07.06.2021 21:00,2474,2474
07.06.2021 21:00 - 07.06.2021 22:00,2324,2351
07.06.2021 22:00 - 07.06.2021 23:00,2196,2271
07.06.2021 23:00 - 08.06.2021 00:00,2055,2113
08.06.2021 00:00 - 08.06.2021 01:00,1991,1989
08.06.2021 01:00 - 08.06.2021 02:00,1910,1927
08.06.2021 02:00 - 08.06.2021 03:00,1878,1900
08.06.2021 03:00 - 08.06.2021 04:00,1897,1902
08.06.2021 04:00 - 08.06.2021 05:00,1913,1914
08.06.2021 05:00 - 08.06.2021 06:00,2013,2002
08.06.2021 06:00 - 08.06.2021 07:00,2283,2339
08.06.2021 07:00 - 08.06.2021 08:00,2644,2675
08.06.2021 08:00 - 08.06.2021 09:00,2816,2825
08.06.2021 09:00 - 08.06.2021 10:00,2873,2855
08.06.2021 10:00 - 08.06.2021 11:00,2939,2930
08.06.2021 11:00 - 08.06.2021 12:00,2937,2916
08.06.2021 12:00 - 08.06.2021 13:00,2853,2868
08.06.2021 13:00 - 08.06.2021 14:00,2892,2888
08.06.2021 14:00 - 08.06.2021 15:00,2839,2846
08.06.2021 15:00 - 08.06.2021 16:00,2716,2751
08.06.2021 16:00 - 08.06.2021 17:00,2688,2710
08.06.2021 17:00 - 08.06.2021 18:00,2769,2816
08.06.2021 18:00 - 08.06.2021 19:00,2713,2750
08.06.2021 19:00 - 08.06.2021 20:00,2616,2624
08.06.2021 20:00 - 08.06.2021 21:00,2516,2491
08.06.2021 21:00 - 08.06.2021 22:00,2446,2375
08.06.2021 22:00 - 08.06.2021 23:00,2378,2287
08.06.2021 23:00 - 09.06.2021 00:00,2264,2154
09.06.2021 00:00 - 09.06.2021 01:00,2028,2020
09.06.2021 01:00 - 09.06.2021 02:00,1921,1913
09.06.2021 02:00 - 09.06.2021 03:00,1886,1878
09.06.2021 03:00 - 09.06.2021 04:00,1911,1909
09.06.2021 04:00 - 09.06.2021 05:00,1933,1942
09.06.2021 05:00 - 09.06.2021 06:00,2058,2040
09.06.2021 06:00 - 09.06.2021 07:00,2292,2374
09.06.2021 07:00 - 09.06.2021 08:00,2635,2699
09.06.2021 08:00 - 09.06.2021 09:00,2854,2844
09.06.2021 09:00 - 09.06.2021 10:00,2883,2877
09.06.2021 10:00 - 09.06.2021 11:00,2934,2909
09.06.2021 11:00 - 09.06.2021 12:00,2924,2922
09.06.2021 12:00 - 09.06.2021 13:00,2880,2891
09.06.2021 13:00 - 09.06.2021 14:00,2883,2848
09.06.2021 14:00 - 09.06.2021 15:00,2794,2808
09.06.2021 15:00 - 09.06.2021 16:00,2727,2765
09.06.2021 16:00 - 09.06.2021 17:00,2723,2742
09.06.2021 17:00 - 09.06.2021 18:00,2812,2831
09.06.2021 18:00 - 09.06.2021 19:00,2733,2756
09.06.2021 19:00 - 09.06.2021 20:00,2626,2621
09.06.2021 20:00 - 09.06.2021 21:00,2526,2475
09.06.2021 21:00 - 09.06.2021 22:00,2446,2373
09.06.2021 22:00 - 09.06.2021 23:00,2401,2285
09.06.2021 23:00 - 10.06.2021 00:00,2302,2171
10.06.2021 00:00 - 10.06.2021 01:00,2040,2039
10.06.2021 01:00 - 10.06.2021 02:00,1942,1977
10.06.2021 02:00 - 10.06.2021 03:00,1949,1948
10.06.2021 03:00 - 10.06.2021 04:00,1947,1940
10.06.2021 04:00 - 10.06.2021 05:00,1960,1940
10.06.2021 05:00 - 10.06.2021 06:00,2070,2051
10.06.2021 06:00 - 10.06.2021 07:00,2311,2361
10.06.2021 07:00 - 10.06.2021 08:00,2616,2684
10.06.2021 08:00 - 10.06.2021 09:00,2813,2840
10.06.2021 09:00 - 10.06.2021 10:00,2878,2885
10.06.2021 10:00 - 10.06.2021 11:00,2955,2962
10.06.2021 11:00 - 10.06.2021 12:00,2953,2965
10.06.2021 12:00 - 10.06.2021 13:00,2924,2940
10.06.2021 13:00 - 10.06.2021 14:00,2937,2939
10.06.2021 14:00 - 10.06.2021 15:00,2892,2907
10.06.2021 15:00 - 10.06.2021 16:00,2782,2830
10.06.2021 16:00 - 10.06.2021 17:00,2721,2798
10.06.2021 17:00 - 10.06.2021 18:00,2825,2873
10.06.2021 18:00 - 10.06.2021 19:00,2737,2814
10.06.2021 19:00 - 10.06.2021 20:00,2596,2658
10.06.2021 20:00 - 10.06.2021 21:00,2555,2530
10.06.2021 21:00 - 10.06.2021 22:00,2522,2421
10.06.2021 22:00 - 10.06.2021 23:00,2489,2303
10.06.2021 23:00 - 11.06.2021 00:00,2392,2204
11.06.2021 00:00 - 11.06.2021 01:00,2074,2073
11.06.2021 01:00 - 11.06.2021 02:00,1957,2001
11.06.2021 02:00 - 11.06.2021 03:00,1962,1976
11.06.2021 03:00 - 11.06.2021 04:00,1962,1962
11.06.2021 04:00 - 11.06.2021 05:00,1976,1965
11.06.2021 05:00 - 11.06.2021 06:00,2082,2069
11.06.2021 06:00 - 11.06.2021 07:00,2378,2473
11.06.2021 07:00 - 11.06.2021 08:00,2684,2717
11.06.2021 08:00 - 11.06.2021 09:00,2811,2816
11.06.2021 09:00 - 11.06.2021 10:00,2833,2821
11.06.2021 10:00 - 11.06.2021 11:00,2897,2904
11.06.2021 11:00 - 11.06.2021 12:00,2911,2895
11.06.2021 12:00 - 11.06.2021 13:00,2841,2873
11.06.2021 13:00 - 11.06.2021 14:00,2782,2834
11.06.2021 14:00 - 11.06.2021 15:00,2697,2746
11.06.2021 15:00 - 11.06.2021 16:00,2695,2803
11.06.2021 16:00 - 11.06.2021 17:00,2783,2821
11.06.2021 17:00 - 11.06.2021 18:00,2826,2827
11.06.2021 18:00 - 11.06.2021 19:00,2717,2718
11.06.2021 19:00 - 11.06.2021 20:00,2559,2546
11.06.2021 20:00 - 11.06.2021 21:00,2446,2494
11.06.2021 21:00 - 11.06.2021 22:00,2379,2421
11.06.2021 22:00 - 11.06.2021 23:00,2288,2291
11.06.2021 23:00 - 12.06.2021 00:00,2154,2125
12.06.2021 00:00 - 12.06.2021 01:00,1982,1985
12.06.2021 01:00 - 12.06.2021 02:00,1845,1856
12.06.2021 02:00 - 12.06.2021 03:00,1756,1778
12.06.2021 03:00 - 12.06.2021 04:00,1724,1746
12.06.2021 04:00 - 12.06.2021 05:00,1700,1706
12.06.2021 05:00 - 12.06.2021 06:00,1746,1759
12.06.2021 06:00 - 12.06.2021 07:00,1848,1797
12.06.2021 07:00 - 12.06.2021 08:00,2004,2061
12.06.2021 08:00 - 12.06.2021 09:00,2309,2340
12.06.2021 09:00 - 12.06.2021 10:00,2339,2291
12.06.2021 10:00 - 12.06.2021 11:00,2348,2320
12.06.2021 11:00 - 12.06.2021 12:00,2313,2345
12.06.2021 12:00 - 12.06.2021 13:00,2322,2326
12.06.2021 13:00 - 12.06.2021 14:00,2312,2337
12.06.2021 14:00 - 12.06.2021 15:00,2354,2442
12.06.2021 15:00 - 12.06.2021 16:00,2416,2433
12.06.2021 16:00 - 12.06.2021 17:00,2440,2463
12.06.2021 17:00 - 12.06.2021 18:00,2484,2487
12.06.2021 18:00 - 12.06.2021 19:00,2414,2415
12.06.2021 19:00 - 12.06.2021 20:00,2309,2382
12.06.2021 20:00 - 12.06.2021 21:00,2249,2273
12.06.2021 21:00 - 12.06.2021 22:00,2146,2102
12.06.2021 22:00 - 12.06.2021 23:00,2076,2028
12.06.2021 23:00 - 13.06.2021 00:00,1979,2023
13.06.2021 00:00 - 13.06.2021 01:00,1925,1976
13.06.2021 01:00 - 13.06.2021 02:00,1870,1930
13.06.2021 02:00 - 13.06.2021 03:00,1841,1868
13.06.2021 03:00 - 13.06.2021 04:00,1793,1776
13.06.2021 04:00 - 13.06.2021 05:00,1760,1767
13.06.2021 05:00 - 13.06.2021 06:00,1761,1717
13.06.2021 06:00 - 13.06.2021 07:00,1785,1760
13.06.2021 07:00 - 13.06.2021 08:00,1918,1909
13.06.2021 08:00 - 13.06.2021 09:00,2097,2084
13.06.2021 09:00 - 13.06.2021 10:00,2231,2203
13.06.2021 10:00 - 13.06.2021 11:00,2298,2262
13.06.2021 11:00 - 13.06.2021 12:00,2286,2265
13.06.2021 12:00 - 13.06.2021 13:00,2305,2341
13.06.2021 13:00 - 13.06.2021 14:00,2327,2335
13.06.2021 14:00 - 13.06.2021 15:00,2397,2446
13.06.2021 15:00 - 13.06.2021 16:00,2350,2304
13.06.2021 16:00 - 13.06.2021 17:00,2302,2260
13.06.2021 17:00 - 13.06.2021 18:00,2397,2381
13.06.2021 18:00 - 13.06.2021 19:00,2377,2405
13.06.2021 19:00 - 13.06.2021 20:00,2275,2307
13.06.2021 20:00 - 13.06.2021 21:00,2179,2221
13.06.2021 21:00 - 13.06.2021 22:00,2132,2100
13.06.2021 22:00 - 13.06.2021 23:00,2097,2052
13.06.2021 23:00 - 14.06.2021 00:00,2037,1994
14.06.2021 00:00 - 14.06.2021 01:00,1956,1961
14.06.2021 01:00 - 14.06.2021 02:00,1912,1882
14.06.2021 02:00 - 14.06.2021 03:00,1878,1854
14.06.2021 03:00 - 14.06.2021 04:00,1898,1863
14.06.2021 04:00 - 14.06.2021 05:00,1904,1892
14.06.2021 05:00 - 14.06.2021 06:00,2002,2032
14.06.2021 06:00 - 14.06.2021 07:00,2402,2456
14.06.2021 07:00 - 14.06.2021 08:00,2745,2692
14.06.2021 08:00 - 14.06.2021 09:00,2881,2853
14.06.2021 09:00 - 14.06.2021 10:00,2963,3011
14.06.2021 10:00 - 14.06.2021 11:00,3168,3163
14.06.2021 11:00 - 14.06.2021 12:00,3194,3152
14.06.2021 12:00 - 14.06.2021 13:00,3058,3024
14.06.2021 13:00 - 14.06.2021 14:00,3053,3079
14.06.2021 14:00 - 14.06.2021 15:00,3034,3018
14.06.2021 15:00 - 14.06.2021 16:00,2880,2877
14.06.2021 16:00 - 14.06.2021 17:00,2815,2854
14.06.2021 17:00 - 14.06.2021 18:00,2946,2978
14.06.2021 18:00 - 14.06.2021 19:00,2874,2892
14.06.2021 19:00 - 14.06.2021 20:00,2713,2712
14.06.2021 20:00 - 14.06.2021 21:00,2541,2532
14.06.2021 21:00 - 14.06.2021 22:00,2404,2320
14.06.2021 22:00 - 14.06.2021 23:00,2295,2202
14.06.2021 23:00 - 15.06.2021 00:00,2158,2121
15.06.2021 00:00 - 15.06.2021 01:00,2025,2059
15.06.2021 01:00 - 15.06.2021 02:00,1974,1988
15.06.2021 02:00 - 15.06.2021 03:00,1952,1920
15.06.2021 03:00 - 15.06.2021 04:00,1935,1916
15.06.2021 04:00 - 15.06.2021 05:00,1942,1941
15.06.2021 05:00 - 15.06.2021 06:00,2034,2047
15.06.2021 06:00 - 15.06.2021 07:00,2304,2344
15.06.2021 07:00 - 15.06.2021 08:00,2629,2616
15.06.2021 08:00 - 15.06.2021 09:00,2809,2824
15.06.2021 09:00 - 15.06.2021 10:00,2886,2871
15.06.2021 10:00 - 15.06.2021 11:00,2943,2948
15.06.2021 11:00 - 15.06.2021 12:00,2998,2952
15.06.2021 12:00 - 15.06.2021 13:00,2927,2909
15.06.2021 13:00 - 15.06.2021 14:00,2932,2900
15.06.2021 14:00 - 15.06.2021 15:00,2831,2846
15.06.2021 15:00 - 15.06.2021 16:00,2754,2794
15.06.2021 16:00 - 15.06.2021 17:00,2694,2738
15.06.2021 17:00 - 15.06.2021 18:00,2787,2877
15.06.2021 18:00 - 15.06.2021 19:00,2750,2729
15.06.2021 19:00 - 15.06.2021 20:00,2582,2571
15.06.2021 20:00 - 15.06.2021 21:00,2520,2536
15.06.2021 21:00 - 15.06.2021 22:00,2454,2429
15.06.2021 22:00 - 15.06.2021 23:00,2368,2318
15.06.2021 23:00 - 16.06.2021 00:00,2234,2224
16.06.2021 00:00 - 16.06.2021 01:00,2111,2094
16.06.2021 01:00 - 16.06.2021 02:00,2010,2025
16.06.2021 02:00 - 16.06.2021 03:00,1983,1983
16.06.2021 03:00 - 16.06.2021 04:00,1993,1996
16.06.2021 04:00 - 16.06.2021 05:00,2010,2004
16.06.2021 05:00 - 16.06.2021 06:00,2086,2094
16.06.2021 06:00 - 16.06.2021 07:00,2419,2417
16.06.2021 07:00 - 16.06.2021 08:00,2758,2753
16.06.2021 08:00 - 16.06.2021 09:00,2895,2883
16.06.2021 09:00 - 16.06.2021 10:00,2960,2945
16.06.2021 10:00 - 16.06.2021 11:00,3045,3009
16.06.2021 11:00 - 16.06.2021 12:00,3045,2991
16.06.2021 12:00 - 16.06.2021 13:00,2958,2968
16.06.2021 13:00 - 16.06.2021 14:00,2972,2965
16.06.2021 14:00 - 16.06.2021 15:00,2905,2929
16.06.2021 15:00 - 16.06.2021 16:00,2820,2865
16.06.2021 16:00 - 16.06.2021 17:00,2767,2788
16.06.2021 17:00 - 16.06.2021 18:00,2870,2909
16.06.2021 18:00 - 16.06.2021 19:00,2794,2821
16.06.2021 19:00 - 16.06.2021 20:00,2731,2741
16.06.2021 20:00 - 16.06.2021 21:00,2685,2607
16.06.2021 21:00 - 16.06.2021 22:00,2594,2482
16.06.2021 22:00 - 16.06.2021 23:00,2517,2402
16.06.2021 23:00 - 17.06.2021 00:00,2382,2262
17.06.2021 00:00 - 17.06.2021 01:00,2214,2283
17.06.2021 01:00 - 17.06.2021 02:00,2189,2203
17.06.2021 02:00 - 17.06.2021 03:00,2131,2126
17.06.2021 03:00 - 17.06.2021 04:00,2102,2110
17.06.2021 04:00 - 17.06.2021 05:00,2098,2092
17.06.2021 05:00 - 17.06.2021 06:00,2209,2197
17.06.2021 06:00 - 17.06.2021 07:00,2480,2488
17.06.2021 07:00 - 17.06.2021 08:00,2784,2772
17.06.2021 08:00 - 17.06.2021 09:00,2940,2931
17.06.2021 09:00 - 17.06.2021 10:00,2988,2977
17.06.2021 10:00 - 17.06.2021 11:00,3081,3070
17.06.2021 11:00 - 17.06.2021 12:00,3084,3077
17.06.2021 12:00 - 17.06.2021 13:00,3029,3029
17.06.2021 13:00 - 17.06.2021 14:00,3071,3086
17.06.2021 14:00 - 17.06.2021 15:00,3045,3132
17.06.2021 15:00 - 17.06.2021 16:00,3042,3077
17.06.2021 16:00 - 17.06.2021 17:00,2978,2997
17.06.2021 17:00 - 17.06.2021 18:00,2982,2975
17.06.2021 18:00 - 17.06.2021 19:00,2870,2923
17.06.2021 19:00 - 17.06.2021 20:00,2816,2755
17.06.2021 20:00 - 17.06.2021 21:00,2686,2637
17.06.2021 21:00 - 17.06.2021 22:00,2644,2551
17.06.2021 22:00 - 17.06.2021 23:00,2625,2469
17.06.2021 23:00 - 18.06.2021 00:00,2534,2311
18.06.2021 00:00 - 18.06.2021 01:00,2175,2204
18.06.2021 01:00 - 18.06.2021 02:00,2124,2160
18.06.2021 02:00 - 18.06.2021 03:00,2097,2094
18.06.2021 03:00 - 18.06.2021 04:00,2050,2037
18.06.2021 04:00 - 18.06.2021 05:00,2053,2055
18.06.2021 05:00 - 18.06.2021 06:00,2165,2153
18.06.2021 06:00 - 18.06.2021 07:00,2380,2451
18.06.2021 07:00 - 18.06.2021 08:00,2693,2764
18.06.2021 08:00 - 18.06.2021 09:00,2901,2920
18.06.2021 09:00 - 18.06.2021 10:00,2926,2937
18.06.2021 10:00 - 18.06.2021 11:00,2979,2998
18.06.2021 11:00 - 18.06.2021 12:00,2982,2991
18.06.2021 12:00 - 18.06.2021 13:00,2912,2956
18.06.2021 13:00 - 18.06.2021 14:00,2882,2893
18.06.2021 14:00 - 18.06.2021 15:00,2773,2792
18.06.2021 15:00 - 18.06.2021 16:00,2693,2725
18.06.2021 16:00 - 18.06.2021 17:00,2672,2709
18.06.2021 17:00 - 18.06.2021 18:00,2751,2784
18.06.2021 18:00 - 18.06.2021 19:00,2681,2697
18.06.2021 19:00 - 18.06.2021 20:00,2569,2570
18.06.2021 20:00 - 18.06.2021 21:00,2473,2442
18.06.2021 21:00 - 18.06.2021 22:00,2389,2329
18.06.2021 22:00 - 18.06.2021 23:00,2310,2282
18.06.2021 23:00 - 19.06.2021 00:00,2192,2155
19.06.2021 00:00 - 19.06.2021 01:00,2018,2041
19.06.2021 01:00 - 19.06.2021 02:00,1931,1960
19.06.2021 02:00 - 19.06.2021 03:00,1893,1919
19.06.2021 03:00 - 19.06.2021 04:00,1869,1885
19.06.2021 04:00 - 19.06.2021 05:00,1851,1842
19.06.2021 05:00 - 19.06.2021 06:00,1841,1842
19.06.2021 06:00 - 19.06.2021 07:00,1960,1965
19.06.2021 07:00 - 19.06.2021 08:00,2160,2124
19.06.2021 08:00 - 19.06.2021 09:00,2324,2297
19.06.2021 09:00 - 19.06.2021 10:00,2414,2416
19.06.2021 10:00 - 19.06.2021 11:00,2475,2471
19.06.2021 11:00 - 19.06.2021 12:00,2440,2408
19.06.2021 12:00 - 19.06.2021 13:00,2412,2436
19.06.2021 13:00 - 19.06.2021 14:00,2374,2358
19.06.2021 14:00 - 19.06.2021 15:00,2330,2329
19.06.2021 15:00 - 19.06.2021 16:00,2315,2295
19.06.2021 16:00 - 19.06.2021 17:00,2325,2307
19.06.2021 17:00 - 19.06.2021 18:00,2418,2419
19.06.2021 18:00 - 19.06.2021 19:00,2390,2424
19.06.2021 19:00 - 19.06.2021 20:00,2291,2308
19.06.2021 20:00 - 19.06.2021 21:00,2179,2204
19.06.2021 21:00 - 19.06.2021 22:00,2078,2127
19.06.2021 22:00 - 19.06.2021 23:00,1987,2076
19.06.2021 23:00 - 20.06.2021 00:00,1888,1990
20.06.2021 00:00 - 20.06.2021 01:00,1894,1886
20.06.2021 01:00 - 20.06.2021 02:00,1795,1799
20.06.2021 02:00 - 20.06.2021 03:00,1717,1809
20.06.2021 03:00 - 20.06.2021 04:00,1748,1797
20.06.2021 04:00 - 20.06.2021 05:00,1756,1752
20.06.2021 05:00 - 20.06.2021 06:00,1746,1737
20.06.2021 06:00 - 20.06.2021 07:00,1823,1787
20.06.2021 07:00 - 20.06.2021 08:00,1972,1943
20.06.2021 08:00 - 20.06.2021 09:00,2160,2139
20.06.2021 09:00 - 20.06.2021 10:00,2311,2312
20.06.2021 10:00 - 20.06.2021 11:00,2393,2400
20.06.2021 11:00 - 20.06.2021 12:00,2431,2432
20.06.2021 12:00 - 20.06.2021 13:00,2458,2360
20.06.2021 13:00 - 20.06.2021 14:00,2343,2336
20.06.2021 14:00 - 20.06.2021 15:00,2321,2356
20.06.2021 15:00 - 20.06.2021 16:00,2296,2315
20.06.2021 16:00 - 20.06.2021 17:00,2338,2405
20.06.2021 17:00 - 20.06.2021 18:00,2530,2553
20.06.2021 18:00 - 20.06.2021 19:00,2496,2529
20.06.2021 19:00 - 20.06.2021 20:00,2391,2437
20.06.2021 20:00 - 20.06.2021 21:00,2311,2314
20.06.2021 21:00 - 20.06.2021 22:00,2256,2169
20.06.2021 22:00 - 20.06.2021 23:00,2183,2053
20.06.2021 23:00 - 21.06.2021 00:00,2089,1943
21.06.2021 00:00 - 21.06.2021 01:00,1919,1851
21.06.2021 01:00 - 21.06.2021 02:00,1824,1835
21.06.2021 02:00 - 21.06.2021 03:00,1827,1796
21.06.2021 03:00 - 21.06.2021 04:00,1825,1769
21.06.2021 04:00 - 21.06.2021 05:00,1807,1793
21.06.2021 05:00 - 21.06.2021 06:00,1922,1938
21.06.2021 06:00 - 21.06.2021 07:00,2299,2272
21.06.2021 07:00 - 21.06.2021 08:00,2648,2631
21.06.2021 08:00 - 21.06.2021 09:00,2808,2789
21.06.2021 09:00 - 21.06.2021 10:00,2880,2855
21.06.2021 10:00 - 21.06.2021 11:00,2964,2957
21.06.2021 11:00 - 21.06.2021 12:00,2975,2965
21.06.2021 12:00 - 21.06.2021 13:00,2954,2952
21.06.2021 13:00 - 21.06.2021 14:00,2976,2969
21.06.2021 14:00 - 21.06.2021 15:00,2924,2932
21.06.2021 15:00 - 21.06.2021 16:00,2818,2828
21.06.2021 16:00 - 21.06.2021 17:00,2757,2801
21.06.2021 17:00 - 21.06.2021 18:00,2831,2905
21.06.2021 18:00 - 21.06.2021 19:00,2781,2825
21.06.2021 19:00 - 21.06.2021 20:00,2637,2687
21.06.2021 20:00 - 21.06.2021 21:00,2541,2726
21.06.2021 21:00 - 21.06.2021 22:00,2538,2615
21.06.2021 22:00 - 21.06.2021 23:00,2342,2526
21.06.2021 23:00 - 22.06.2021 00:00,2111,2391
22.06.2021 00:00 - 22.06.2021 01:00,2188,2096
22.06.2021 01:00 - 22.06.2021 02:00,2010,2018
22.06.2021 02:00 - 22.06.2021 03:00,1955,1980
22.06.2021 03:00 - 22.06.2021 04:00,1972,1978
22.06.2021 04:00 - 22.06.2021 05:00,1998,1998
22.06.2021 05:00 - 22.06.2021 06:00,2106,2083
22.06.2021 06:00 - 22.06.2021 07:00,2433,2520
22.06.2021 07:00 - 22.06.2021 08:00,2846,2890
22.06.2021 08:00 - 22.06.2021 09:00,2998,2962
22.06.2021 09:00 - 22.06.2021 10:00,3008,3012
22.06.2021 10:00 - 22.06.2021 11:00,3056,3004
22.06.2021 11:00 - 22.06.2021 12:00,2996,2976
22.06.2021 12:00 - 22.06.2021 13:00,2946,2971
22.06.2021 13:00 - 22.06.2021 14:00,2955,2938
22.06.2021 14:00 - 22.06.2021 15:00,2884,2900
22.06.2021 15:00 - 22.06.2021 16:00,2805,2816
22.06.2021 16:00 - 22.06.2021 17:00,2770,2783
22.06.2021 17:00 - 22.06.2021 18:00,2802,2872
22.06.2021 18:00 - 22.06.2021 19:00,2678,2808
22.06.2021 19:00 - 22.06.2021 20:00,2613,2696
22.06.2021 20:00 - 22.06.2021 21:00,2614,2560
22.06.2021 21:00 - 22.06.2021 22:00,2529,2444
22.06.2021 22:00 - 22.06.2021 23:00,2472,2342
22.06.2021 23:00 - 23.06.2021 00:00,2364,2197
23.06.2021 00:00 - 23.06.2021 01:00,2085,2064
23.06.2021 01:00 - 23.06.2021 02:00,1978,2007
23.06.2021 02:00 - 23.06.2021 03:00,1964,1992
23.06.2021 03:00 - 23.06.2021 04:00,1986,1993
23.06.2021 04:00 - 23.06.2021 05:00,1996,2034
23.06.2021 05:00 - 23.06.2021 06:00,2131,2094
23.06.2021 06:00 - 23.06.2021 07:00,2336,2398
23.06.2021 07:00 - 23.06.2021 08:00,2689,2722
23.06.2021 08:00 - 23.06.2021 09:00,2853,2817
23.06.2021 09:00 - 23.06.2021 10:00,2875,2903
23.06.2021 10:00 - 23.06.2021 11:00,2975,2939
23.06.2021 11:00 - 23.06.2021 12:00,2956,2920
23.06.2021 12:00 - 23.06.2021 13:00,2896,2905
23.06.2021 13:00 - 23.06.2021 14:00,2972,2987
23.06.2021 14:00 - 23.06.2021 15:00,2916,2907
23.06.2021 15:00 - 23.06.2021 16:00,2801,2818
23.06.2021 16:00 - 23.06.2021 17:00,2772,2816
23.06.2021 17:00 - 23.06.2021 18:00,2828,2845
23.06.2021 18:00 - 23.06.2021 19:00,2683,2714
23.06.2021 19:00 - 23.06.2021 20:00,2573,2581
23.06.2021 20:00 - 23.06.2021 21:00,2540,2494
23.06.2021 21:00 - 23.06.2021 22:00,2460,2410
23.06.2021 22:00 - 23.06.2021 23:00,2428,2334
23.06.2021 23:00 - 24.06.2021 00:00,2334,2218
24.06.2021 00:00 - 24.06.2021 01:00,2060,2045
24.06.2021 01:00 - 24.06.2021 02:00,1925,1906
24.06.2021 02:00 - 24.06.2021 03:00,1863,1862
24.06.2021 03:00 - 24.06.2021 04:00,1856,1853
24.06.2021 04:00 - 24.06.2021 05:00,1785,1765
24.06.2021 05:00 - 24.06.2021 06:00,1860,1855
24.06.2021 06:00 - 24.06.2021 07:00,2049,2206
24.06.2021 07:00 - 24.06.2021 08:00,2570,2693
24.06.2021 08:00 - 24.06.2021 09:00,2837,2836
24.06.2021 09:00 - 24.06.2021 10:00,2882,2879
24.06.2021 10:00 - 24.06.2021 11:00,2970,2943
24.06.2021 11:00 - 24.06.2021 12:00,2961,2939
24.06.2021 12:00 - 24.06.2021 13:00,2935,2960
24.06.2021 13:00 - 24.06.2021 14:00,2958,2939
24.06.2021 14:00 - 24.06.2021 15:00,2885,2882
24.06.2021 15:00 - 24.06.2021 16:00,2753,2757
24.06.2021 16:00 - 24.06.2021 17:00,2684,2737
24.06.2021 17:00 - 24.06.2021 18:00,2763,2876
24.06.2021 18:00 - 24.06.2021 19:00,2745,2775
24.06.2021 19:00 - 24.06.2021 20:00,2645,2668
24.06.2021 20:00 - 24.06.2021 21:00,2570,2566
24.06.2021 21:00 - 24.06.2021 22:00,2494,2459
24.06.2021 22:00 - 24.06.2021 23:00,2405,2369
24.06.2021 23:00 - 25.06.2021 00:00,2264,2223
25.06.2021 00:00 - 25.06.2021 01:00,2093,2102
25.06.2021 01:00 - 25.06.2021 02:00,2027,2031
25.06.2021 02:00 - 25.06.2021 03:00,1961,2002
25.06.2021 03:00 - 25.06.2021 04:00,2002,1997
25.06.2021 04:00 - 25.06.2021 05:00,2017,2005
25.06.2021 05:00 - 25.06.2021 06:00,2104,2113
25.06.2021 06:00 - 25.06.2021 07:00,2386,2449
25.06.2021 07:00 - 25.06.2021 08:00,2715,2757
25.06.2021 08:00 - 25.06.2021 09:00,2900,2883
25.06.2021 09:00 - 25.06.2021 10:00,2931,2922
25.06.2021 10:00 - 25.06.2021 11:00,3001,2959
25.06.2021 11:00 - 25.06.2021 12:00,2950,2937
25.06.2021 12:00 - 25.06.2021 13:00,2850,2872
25.06.2021 13:00 - 25.06.2021 14:00,2809,2811
25.06.2021 14:00 - 25.06.2021 15:00,2711,2727
25.06.2021 15:00 - 25.06.2021 16:00,2624,2651
25.06.2021 16:00 - 25.06.2021 17:00,2610,2624
25.06.2021 17:00 - 25.06.2021 18:00,2649,2721
25.06.2021 18:00 - 25.06.2021 19:00,2630,2703
25.06.2021 19:00 - 25.06.2021 20:00,2554,2542
25.06.2021 20:00 - 25.06.2021 21:00,2440,2392
25.06.2021 21:00 - 25.06.2021 22:00,2320,2285
25.06.2021 22:00 - 25.06.2021 23:00,2239,2214
25.06.2021 23:00 - 26.06.2021 00:00,2111,2071
26.06.2021 00:00 - 26.06.2021 01:00,1984,2009
26.06.2021 01:00 - 26.06.2021 02:00,1908,1959
26.06.2021 02:00 - 26.06.2021 03:00,1864,1886
26.06.2021 03:00 - 26.06.2021 04:00,1811,1824
26.06.2021 04:00 - 26.06.2021 05:00,1779,1794
26.06.2021 05:00 - 26.06.2021 06:00,1783,1759
26.06.2021 06:00 - 26.06.2021 07:00,1870,1897
26.06.2021 07:00 - 26.06.2021 08:00,2074,2055
26.06.2021 08:00 - 26.06.2021 09:00,2305,2232
26.06.2021 09:00 - 26.06.2021 10:00,2451,2366
26.06.2021 10:00 - 26.06.2021 11:00,2482,2421
26.06.2021 11:00 - 26.06.2021 12:00,2440,2424
26.06.2021 12:00 - 26.06.2021 13:00,2407,2373
26.06.2021 13:00 - 26.06.2021 14:00,2337,2328
26.06.2021 14:00 - 26.06.2021 15:00,2247,2341
26.06.2021 15:00 - 26.06.2021 16:00,2248,2315
26.06.2021 16:00 - 26.06.2021 17:00,2287,2344
26.06.2021 17:00 - 26.06.2021 18:00,2362,2443
26.06.2021 18:00 - 26.06.2021 19:00,2358,2363
26.06.2021 19:00 - 26.06.2021 20:00,2223,2242
26.06.2021 20:00 - 26.06.2021 21:00,2140,2179
26.06.2021 21:00 - 26.06.2021 22:00,2084,2147
26.06.2021 22:00 - 26.06.2021 23:00,1982,2085
26.06.2021 23:00 - 27.06.2021 00:00,1853,1985
27.06.2021 00:00 - 27.06.2021 01:00,1856,1836
27.06.2021 01:00 - 27.06.2021 02:00,1766,1762
27.06.2021 02:00 - 27.06.2021 03:00,1736,1768
27.06.2021 03:00 - 27.06.2021 04:00,1739,1723
27.06.2021 04:00 - 27.06.2021 05:00,1721,1729
27.06.2021 05:00 - 27.06.2021 06:00,1720,1714
27.06.2021 06:00 - 27.06.2021 07:00,1803,1789
27.06.2021 07:00 - 27.06.2021 08:00,1939,1916
27.06.2021 08:00 - 27.06.2021 09:00,2119,2098
27.06.2021 09:00 - 27.06.2021 10:00,2234,2210
27.06.2021 10:00 - 27.06.2021 11:00,2284,2249
27.06.2021 11:00 - 27.06.2021 12:00,2301,2291
27.06.2021 12:00 - 27.06.2021 13:00,2294,2305
27.06.2021 13:00 - 27.06.2021 14:00,2313,2305
27.06.2021 14:00 - 27.06.2021 15:00,2305,2263
27.06.2021 15:00 - 27.06.2021 16:00,2258,2265
27.06.2021 16:00 - 27.06.2021 17:00,2289,2335
27.06.2021 17:00 - 27.06.2021 18:00,2461,2512
27.06.2021 18:00 - 27.06.2021 19:00,2466,2427
27.06.2021 19:00 - 27.06.2021 20:00,2344,2380
27.06.2021 20:00 - 27.06.2021 21:00,2260,2275
27.06.2021 21:00 - 27.06.2021 22:00,2184,2229
27.06.2021 22:00 - 27.06.2021 23:00,2121,2163
27.06.2021 23:00 - 28.06.2021 00:00,2042,2033
28.06.2021 00:00 - 28.06.2021 01:00,2000,1970
28.06.2021 01:00 - 28.06.2021 02:00,1940,1930
28.06.2021 02:00 - 28.06.2021 03:00,1928,1926
28.06.2021 03:00 - 28.06.2021 04:00,1944,1934
28.06.2021 04:00 - 28.06.2021 05:00,1924,1908
28.06.2021 05:00 - 28.06.2021 06:00,2024,2043
28.06.2021 06:00 - 28.06.2021 07:00,2365,2344
28.06.2021 07:00 - 28.06.2021 08:00,2713,2650
28.06.2021 08:00 - 28.06.2021 09:00,2845,2782
28.06.2021 09:00 - 28.06.2021 10:00,2878,2867
28.06.2021 10:00 - 28.06.2021 11:00,2998,3025
28.06.2021 11:00 - 28.06.2021 12:00,3063,3030
28.06.2021 12:00 - 28.06.2021 13:00,3003,2997
28.06.2021 13:00 - 28.06.2021 14:00,3008,3012
28.06.2021 14:00 - 28.06.2021 15:00,2943,2962
28.06.2021 15:00 - 28.06.2021 16:00,2856,2862
28.06.2021 16:00 - 28.06.2021 17:00,2802,2830
28.06.2021 17:00 - 28.06.2021 18:00,2907,2920
28.06.2021 18:00 - 28.06.2021 19:00,2809,2866
28.06.2021 19:00 - 28.06.2021 20:00,2712,2723
28.06.2021 20:00 - 28.06.2021 21:00,2573,2604
28.06.2021 21:00 - 28.06.2021 22:00,2459,2516
28.06.2021 22:00 - 28.06.2021 23:00,2334,2424
28.06.2021 23:00 - 29.06.2021 00:00,2158,2287
29.06.2021 00:00 - 29.06.2021 01:00,2131,2133
29.06.2021 01:00 - 29.06.2021 02:00,2023,2044
29.06.2021 02:00 - 29.06.2021 03:00,2003,2015
29.06.2021 03:00 - 29.06.2021 04:00,2008,2035
29.06.2021 04:00 - 29.06.2021 05:00,2028,2035
29.06.2021 05:00 - 29.06.2021 06:00,2131,2124
29.06.2021 06:00 - 29.06.2021 07:00,2380,2437
29.06.2021 07:00 - 29.06.2021 08:00,2630,2772
29.06.2021 08:00 - 29.06.2021 09:00,2913,2865
29.06.2021 09:00 - 29.06.2021 10:00,2920,2886
29.06.2021 10:00 - 29.06.2021 11:00,2936,2957
29.06.2021 11:00 - 29.06.2021 12:00,2929,2982
29.06.2021 12:00 - 29.06.2021 13:00,2952,3000
29.06.2021 13:00 - 29.06.2021 14:00,3027,3018
29.06.2021 14:00 - 29.06.2021 15:00,2957,2963
29.06.2021 15:00 - 29.06.2021 16:00,2873,2892
29.06.2021 16:00 - 29.06.2021 17:00,2832,2864
29.06.2021 17:00 - 29.06.2021 18:00,2860,2982
29.06.2021 18:00 - 29.06.2021 19:00,2824,2890
29.06.2021 19:00 - 29.06.2021 20:00,2770,2779
29.06.2021 20:00 - 29.06.2021 21:00,2670,2646
29.06.2021 21:00 - 29.06.2021 22:00,2573,2545
29.06.2021 22:00 - 29.06.2021 23:00,2502,2353
29.06.2021 23:00 - 30.06.2021 00:00,2396,2303
30.06.2021 00:00 - 30.06.2021 01:00,2189,2163
30.06.2021 01:00 - 30.06.2021 02:00,2083,2071
30.06.2021 02:00 - 30.06.2021 03:00,2018,2024
30.06.2021 03:00 - 30.06.2021 04:00,2001,1975
30.06.2021 04:00 - 30.06.2021 05:00,2000,2002
30.06.2021 05:00 - 30.06.2021 06:00,2118,2152
30.06.2021 06:00 - 30.06.2021 07:00,2399,2468
30.06.2021 07:00 - 30.06.2021 08:00,2727,2782
30.06.2021 08:00 - 30.06.2021 09:00,2944,2904
30.06.2021 09:00 - 30.06.2021 10:00,2979,2954
30.06.2021 10:00 - 30.06.2021 11:00,3035,3024
30.06.2021 11:00 - 30.06.2021 12:00,3047,3063
30.06.2021 12:00 - 30.06.2021 13:00,3011,3055
30.06.2021 13:00 - 30.06.2021 14:00,3045,3074
30.06.2021 14:00 - 30.06.2021 15:00,3013,3029
30.06.2021 15:00 - 30.06.2021 16:00,2926,2943
30.06.2021 16:00 - 30.06.2021 17:00,2882,2899
30.06.2021 17:00 - 30.06.2021 18:00,2972,3014
30.06.2021 18:00 - 30.06.2021 19:00,2893,2867
30.06.2021 19:00 - 30.06.2021 20:00,2753,2748
30.06.2021 20:00 - 30.06.2021 21:00,2616,2568
30.06.2021 21:00 - 30.06.2021 22:00,2507,2516
30.06.2021 22:00 - 30.06.2021 23:00,2451,2396
30.06.2021 23:00 - 01.07.2021 00:00,2363,2230
01.07.2021 00:00 - 01.07.2021 01:00,2125,2154
01.07.2021 01:00 - 01.07.2021 02:00,2054,2100
01.07.2021 02:00 - 01.07.2021 03:00,2047,2054
01.07.2021 03:00 - 01.07.2021 04:00,2050,2044
01.07.2021 04:00 - 01.07.2021 05:00,2047,2047
01.07.2021 05:00 - 01.07.2021 06:00,2138,2102
01.07.2021 06:00 - 01.07.2021 07:00,2316,2366
01.07.2021 07:00 - 01.07.2021 08:00,2638,2697
01.07.2021 08:00 - 01.07.2021 09:00,2861,2830
01.07.2021 09:00 - 01.07.2021 10:00,2909,2894
01.07.2021 10:00 - 01.07.2021 11:00,3001,3005
01.07.2021 11:00 - 01.07.2021 12:00,3022,3023
01.07.2021 12:00 - 01.07.2021 13:00,2960,2981
01.07.2021 13:00 - 01.07.2021 14:00,3018,3006
01.07.2021 14:00 - 01.07.2021 15:00,2936,2942
01.07.2021 15:00 - 01.07.2021 16:00,2865,2862
01.07.2021 16:00 - 01.07.2021 17:00,2774,2845
01.07.2021 17:00 - 01.07.2021 18:00,2935,2955
01.07.2021 18:00 - 01.07.2021 19:00,2864,2911
01.07.2021 19:00 - 01.07.2021 20:00,2780,2761
01.07.2021 20:00 - 01.07.2021 21:00,2650,2633
01.07.2021 21:00 - 01.07.2021 22:00,2578,2524
01.07.2021 22:00 - 01.07.2021 23:00,2555,2446
01.07.2021 23:00 - 02.07.2021 00:00,2470,2300
02.07.2021 00:00 - 02.07.2021 01:00,2204,2170
02.07.2021 01:00 - 02.07.2021 02:00,2089,2102
02.07.2021 02:00 - 02.07.2021 03:00,2019,2056
02.07.2021 03:00 - 02.07.2021 04:00,2016,2037
02.07.2021 04:00 - 02.07.2021 05:00,2044,2094
02.07.2021 05:00 - 02.07.2021 06:00,2204,2191
02.07.2021 06:00 - 02.07.2021 07:00,2428,2452
02.07.2021 07:00 - 02.07.2021 08:00,2743,2821
02.07.2021 08:00 - 02.07.2021 09:00,2973,2971
02.07.2021 09:00 - 02.07.2021 10:00,3049,3011
02.07.2021 10:00 - 02.07.2021 11:00,3076,3069
02.07.2021 11:00 - 02.07.2021 12:00,3039,3026
02.07.2021 12:00 - 02.07.2021 13:00,2917,2920
02.07.2021 13:00 - 02.07.2021 14:00,2918,2907
02.07.2021 14:00 - 02.07.2021 15:00,2792,2820
02.07.2021 15:00 - 02.07.2021 16:00,2732,2787
02.07.2021 16:00 - 02.07.2021 17:00,2743,2744
02.07.2021 17:00 - 02.07.2021 18:00,2797,2820
02.07.2021 18:00 - 02.07.2021 19:00,2724,2748
02.07.2021 19:00 - 02.07.2021 20:00,2602,2580
02.07.2021 20:00 - 02.07.2021 21:00,2483,2446
02.07.2021 21:00 - 02.07.2021 22:00,2403,2346
02.07.2021 22:00 - 02.07.2021 23:00,2372,2275
02.07.2021 23:00 - 03.07.2021 00:00,2278,2154
03.07.2021 00:00 - 03.07.2021 01:00,1999,2005
03.07.2021 01:00 - 03.07.2021 02:00,1839,1911
03.07.2021 02:00 - 03.07.2021 03:00,1743,1861
03.07.2021 03:00 - 03.07.2021 04:00,1753,1849
03.07.2021 04:00 - 03.07.2021 05:00,1830,1850
03.07.2021 05:00 - 03.07.2021 06:00,1866,1894
03.07.2021 06:00 - 03.07.2021 07:00,1977,1981
03.07.2021 07:00 - 03.07.2021 08:00,2144,2123
03.07.2021 08:00 - 03.07.2021 09:00,2305,2295
03.07.2021 09:00 - 03.07.2021 10:00,2420,2393
03.07.2021 10:00 - 03.07.2021 11:00,2467,2448
03.07.2021 11:00 - 03.07.2021 12:00,2459,2446
03.07.2021 12:00 - 03.07.2021 13:00,2430,2425
03.07.2021 13:00 - 03.07.2021 14:00,2394,2391
03.07.2021 14:00 - 03.07.2021 15:00,2354,2352
03.07.2021 15:00 - 03.07.2021 16:00,2319,2334
03.07.2021 16:00 - 03.07.2021 17:00,2359,2379
03.07.2021 17:00 - 03.07.2021 18:00,2470,2482
03.07.2021 18:00 - 03.07.2021 19:00,2398,2358
03.07.2021 19:00 - 03.07.2021 20:00,2228,2243
03.07.2021 20:00 - 03.07.2021 21:00,2133,2207
03.07.2021 21:00 - 03.07.2021 22:00,2104,2156
03.07.2021 22:00 - 03.07.2021 23:00,2028,2106
03.07.2021 23:00 - 04.07.2021 00:00,1925,1969
04.07.2021 00:00 - 04.07.2021 01:00,1889,1947
04.07.2021 01:00 - 04.07.2021 02:00,1817,1897
04.07.2021 02:00 - 04.07.2021 03:00,1764,1831
04.07.2021 03:00 - 04.07.2021 04:00,1721,1803
04.07.2021 04:00 - 04.07.2021 05:00,1759,1820
04.07.2021 05:00 - 04.07.2021 06:00,1812,1803
04.07.2021 06:00 - 04.07.2021 07:00,1864,1852
04.07.2021 07:00 - 04.07.2021 08:00,2005,2005
04.07.2021 08:00 - 04.07.2021 09:00,2208,2190
04.07.2021 09:00 - 04.07.2021 10:00,2325,2303
04.07.2021 10:00 - 04.07.2021 11:00,2342,2202
04.07.2021 11:00 - 04.07.2021 12:00,2184,2164
04.07.2021 12:00 - 04.07.2021 13:00,2197,2163
04.07.2021 13:00 - 04.07.2021 14:00,2177,2321
04.07.2021 14:00 - 04.07.2021 15:00,2289,2355
04.07.2021 15:00 - 04.07.2021 16:00,2309,2324
04.07.2021 16:00 - 04.07.2021 17:00,2362,2384
04.07.2021 17:00 - 04.07.2021 18:00,2493,2512
04.07.2021 18:00 - 04.07.2021 19:00,2467,2514
04.07.2021 19:00 - 04.07.2021 20:00,2375,2409
04.07.2021 20:00 - 04.07.2021 21:00,2224,2318
04.07.2021 21:00 - 04.07.2021 22:00,2107,2236
04.07.2021 22:00 - 04.07.2021 23:00,2038,2201
04.07.2021 23:00 - 05.07.2021 00:00,1975,2129
05.07.2021 00:00 - 05.07.2021 01:00,2071,2021
05.07.2021 01:00 - 05.07.2021 02:00,1974,1978
05.07.2021 02:00 - 05.07.2021 03:00,1958,1923
05.07.2021 03:00 - 05.07.2021 04:00,1989,1901
05.07.2021 04:00 - 05.07.2021 05:00,1948,1922
05.07.2021 05:00 - 05.07.2021 06:00,2018,2010
05.07.2021 06:00 - 05.07.2021 07:00,2320,2299
05.07.2021 07:00 - 05.07.2021 08:00,2690,2626
05.07.2021 08:00 - 05.07.2021 09:00,2840,2820
05.07.2021 09:00 - 05.07.2021 10:00,2923,2915
05.07.2021 10:00 - 05.07.2021 11:00,3005,2996
05.07.2021 11:00 - 05.07.2021 12:00,3005,3009
05.07.2021 12:00 - 05.07.2021 13:00,2972,2986
05.07.2021 13:00 - 05.07.2021 14:00,2992,3008
05.07.2021 14:00 - 05.07.2021 15:00,2934,2958
05.07.2021 15:00 - 05.07.2021 16:00,2845,2852
05.07.2021 16:00 - 05.07.2021 17:00,2784,2797
05.07.2021 17:00 - 05.07.2021 18:00,2899,2920
05.07.2021 18:00 - 05.07.2021 19:00,2832,2853
05.07.2021 19:00 - 05.07.2021 20:00,2673,2676
05.07.2021 20:00 - 05.07.2021 21:00,2532,2546
05.07.2021 21:00 - 05.07.2021 22:00,2385,2450
05.07.2021 22:00 - 05.07.2021 23:00,2254,2352
05.07.2021 23:00 - 06.07.2021 00:00,2118,2228
06.07.2021 00:00 - 06.07.2021 01:00,2103,2089
06.07.2021 01:00 - 06.07.2021 02:00,1995,2004
06.07.2021 02:00 - 06.07.2021 03:00,1949,1969
06.07.2021 03:00 - 06.07.2021 04:00,1955,1960
06.07.2021 04:00 - 06.07.2021 05:00,1971,1966
06.07.2021 05:00 - 06.07.2021 06:00,2064,2119
06.07.2021 06:00 - 06.07.2021 07:00,2345,2377
06.07.2021 07:00 - 06.07.2021 08:00,2737,2780
06.07.2021 08:00 - 06.07.2021 09:00,2923,2893
06.07.2021 09:00 - 06.07.2021 10:00,2945,2943
06.07.2021 10:00 - 06.07.2021 11:00,3046,3074
06.07.2021 11:00 - 06.07.2021 12:00,3119,3213
06.07.2021 12:00 - 06.07.2021 13:00,3151,3165
06.07.2021 13:00 - 06.07.2021 14:00,3149,3111
06.07.2021 14:00 - 06.07.2021 15:00,3042,3062
06.07.2021 15:00 - 06.07.2021 16:00,2897,2971
06.07.2021 16:00 - 06.07.2021 17:00,2903,2965
06.07.2021 17:00 - 06.07.2021 18:00,2976,2993
06.07.2021 18:00 - 06.07.2021 19:00,2862,2830
06.07.2021 19:00 - 06.07.2021 20:00,2697,2660
06.07.2021 20:00 - 06.07.2021 21:00,2598,2585
06.07.2021 21:00 - 06.07.2021 22:00,2536,2471
06.07.2021 22:00 - 06.07.2021 23:00,2498,2413
06.07.2021 23:00 - 07.07.2021 00:00,2411,2361
07.07.2021 00:00 - 07.07.2021 01:00,2236,2255
07.07.2021 01:00 - 07.07.2021 02:00,2147,2170
07.07.2021 02:00 - 07.07.2021 03:00,2114,2153
07.07.2021 03:00 - 07.07.2021 04:00,2137,2135
07.07.2021 04:00 - 07.07.2021 05:00,2153,2128
07.07.2021 05:00 - 07.07.2021 06:00,2125,2112
07.07.2021 06:00 - 07.07.2021 07:00,2339,2444
07.07.2021 07:00 - 07.07.2021 08:00,2691,2690
07.07.2021 08:00 - 07.07.2021 09:00,2891,2916
07.07.2021 09:00 - 07.07.2021 10:00,2974,2969
07.07.2021 10:00 - 07.07.2021 11:00,3048,3031
07.07.2021 11:00 - 07.07.2021 12:00,3029,3033
07.07.2021 12:00 - 07.07.2021 13:00,3012,3010
07.07.2021 13:00 - 07.07.2021 14:00,3014,3007
07.07.2021 14:00 - 07.07.2021 15:00,3006,3046
07.07.2021 15:00 - 07.07.2021 16:00,2883,2845
07.07.2021 16:00 - 07.07.2021 17:00,2809,2833
07.07.2021 17:00 - 07.07.2021 18:00,2888,2886
07.07.2021 18:00 - 07.07.2021 19:00,2711,2758
07.07.2021 19:00 - 07.07.2021 20:00,2741,2697
07.07.2021 20:00 - 07.07.2021 21:00,2612,2551
07.07.2021 21:00 - 07.07.2021 22:00,2575,2359
07.07.2021 22:00 - 07.07.2021 23:00,2580,2295
07.07.2021 23:00 - 08.07.2021 00:00,2491,2203
08.07.2021 00:00 - 08.07.2021 01:00,2107,2103
08.07.2021 01:00 - 08.07.2021 02:00,2003,2014
08.07.2021 02:00 - 08.07.2021 03:00,1967,1963
08.07.2021 03:00 - 08.07.2021 04:00,1975,1964
08.07.2021 04:00 - 08.07.2021 05:00,2004,1983
08.07.2021 05:00 - 08.07.2021 06:00,2075,2061
08.07.2021 06:00 - 08.07.2021 07:00,2271,2316
08.07.2021 07:00 - 08.07.2021 08:00,2611,2698
08.07.2021 08:00 - 08.07.2021 09:00,2862,2852
08.07.2021 09:00 - 08.07.2021 10:00,2908,2895
08.07.2021 10:00 - 08.07.2021 11:00,2994,3000
08.07.2021 11:00 - 08.07.2021 12:00,2995,2966
08.07.2021 12:00 - 08.07.2021 13:00,2928,2920
08.07.2021 13:00 - 08.07.2021 14:00,2945,2973
08.07.2021 14:00 - 08.07.2021 15:00,2922,2897
08.07.2021 15:00 - 08.07.2021 16:00,2789,2784
08.07.2021 16:00 - 08.07.2021 17:00,2705,2735
08.07.2021 17:00 - 08.07.2021 18:00,2775,2806
08.07.2021 18:00 - 08.07.2021 19:00,2715,2772
08.07.2021 19:00 - 08.07.2021 20:00,2597,2625
08.07.2021 20:00 - 08.07.2021 21:00,2507,2555
08.07.2021 21:00 - 08.07.2021 22:00,2431,2475
08.07.2021 22:00 - 08.07.2021 23:00,2402,2400
08.07.2021 23:00 - 09.07.2021 00:00,2321,2277
09.07.2021 00:00 - 09.07.2021 01:00,2152,2129
09.07.2021 01:00 - 09.07.2021 02:00,2020,2038
09.07.2021 02:00 - 09.07.2021 03:00,1961,2008
09.07.2021 03:00 - 09.07.2021 04:00,1956,1952
09.07.2021 04:00 - 09.07.2021 05:00,1980,1968
09.07.2021 05:00 - 09.07.2021 06:00,2067,2039
09.07.2021 06:00 - 09.07.2021 07:00,2286,2306
09.07.2021 07:00 - 09.07.2021 08:00,2551,2626
09.07.2021 08:00 - 09.07.2021 09:00,2786,2814
09.07.2021 09:00 - 09.07.2021 10:00,2903,2882
09.07.2021 10:00 - 09.07.2021 11:00,2952,2961
09.07.2021 11:00 - 09.07.2021 12:00,2956,2963
09.07.2021 12:00 - 09.07.2021 13:00,2867,2868
09.07.2021 13:00 - 09.07.2021 14:00,2796,2768
09.07.2021 14:00 - 09.07.2021 15:00,2699,2683
09.07.2021 15:00 - 09.07.2021 16:00,2581,2618
09.07.2021 16:00 - 09.07.2021 17:00,2570,2607
09.07.2021 17:00 - 09.07.2021 18:00,2626,2674
09.07.2021 18:00 - 09.07.2021 19:00,2555,2608
09.07.2021 19:00 - 09.07.2021 20:00,2423,2457
09.07.2021 20:00 - 09.07.2021 21:00,2334,2320
09.07.2021 21:00 - 09.07.2021 22:00,2227,2222
09.07.2021 22:00 - 09.07.2021 23:00,2160,2138
09.07.2021 23:00 - 10.07.2021 00:00,2056,2023
10.07.2021 00:00 - 10.07.2021 01:00,1887,1914
10.07.2021 01:00 - 10.07.2021 02:00,1783,1825
10.07.2021 02:00 - 10.07.2021 03:00,1732,1765
10.07.2021 03:00 - 10.07.2021 04:00,1727,1761
10.07.2021 04:00 - 10.07.2021 05:00,1723,1759
10.07.2021 05:00 - 10.07.2021 06:00,1766,1777
10.07.2021 06:00 - 10.07.2021 07:00,1851,1852
10.07.2021 07:00 - 10.07.2021 08:00,2042,2030
10.07.2021 08:00 - 10.07.2021 09:00,2218,2153
10.07.2021 09:00 - 10.07.2021 10:00,2315,2331
10.07.2021 10:00 - 10.07.2021 11:00,2396,2391
10.07.2021 11:00 - 10.07.2021 12:00,2414,2380
10.07.2021 12:00 - 10.07.2021 13:00,2361,2387
10.07.2021 13:00 - 10.07.2021 14:00,2348,2365
10.07.2021 14:00 - 10.07.2021 15:00,2317,2286
10.07.2021 15:00 - 10.07.2021 16:00,2224,2220
10.07.2021 16:00 - 10.07.2021 17:00,2203,2211
10.07.2021 17:00 - 10.07.2021 18:00,2306,2329
10.07.2021 18:00 - 10.07.2021 19:00,2291,2337
10.07.2021 19:00 - 10.07.2021 20:00,2190,2233
10.07.2021 20:00 - 10.07.2021 21:00,2118,2143
10.07.2021 21:00 - 10.07.2021 22:00,2033,2050
10.07.2021 22:00 - 10.07.2021 23:00,1930,1989
10.07.2021 23:00 - 11.07.2021 00:00,1807,1875
11.07.2021 00:00 - 11.07.2021 01:00,1806,1820
11.07.2021 01:00 - 11.07.2021 02:00,1746,1760
11.07.2021 02:00 - 11.07.2021 03:00,1715,1700
11.07.2021 03:00 - 11.07.2021 04:00,1694,1678
11.07.2021 04:00 - 11.07.2021 05:00,1670,1662
11.07.2021 05:00 - 11.07.2021 06:00,1648,1628
11.07.2021 06:00 - 11.07.2021 07:00,1729,1727
11.07.2021 07:00 - 11.07.2021 08:00,1890,1871
11.07.2021 08:00 - 11.07.2021 09:00,2073,2052
11.07.2021 09:00 - 11.07.2021 10:00,2189,2161
11.07.2021 10:00 - 11.07.2021 11:00,2236,2219
11.07.2021 11:00 - 11.07.2021 12:00,2254,2237
11.07.2021 12:00 - 11.07.2021 13:00,2244,2242
11.07.2021 13:00 - 11.07.2021 14:00,2254,2262
11.07.2021 14:00 - 11.07.2021 15:00,2236,2235
11.07.2021 15:00 - 11.07.2021 16:00,2222,2213
11.07.2021 16:00 - 11.07.2021 17:00,2224,2210
11.07.2021 17:00 - 11.07.2021 18:00,2362,2337
11.07.2021 18:00 - 11.07.2021 19:00,2354,2388
11.07.2021 19:00 - 11.07.2021 20:00,2258,2287
11.07.2021 20:00 - 11.07.2021 21:00,2174,2220
11.07.2021 21:00 - 11.07.2021 22:00,2068,2143
11.07.2021 22:00 - 11.07.2021 23:00,1961,2124
11.07.2021 23:00 - 12.07.2021 00:00,1827,2054
12.07.2021 00:00 - 12.07.2021 01:00,1939,1979
12.07.2021 01:00 - 12.07.2021 02:00,1879,1897
12.07.2021 02:00 - 12.07.2021 03:00,1846,1853
12.07.2021 03:00 - 12.07.2021 04:00,1826,1853
12.07.2021 04:00 - 12.07.2021 05:00,1867,1881
12.07.2021 05:00 - 12.07.2021 06:00,1966,1955
12.07.2021 06:00 - 12.07.2021 07:00,2165,2209
12.07.2021 07:00 - 12.07.2021 08:00,2469,2517
12.07.2021 08:00 - 12.07.2021 09:00,2715,2729
12.07.2021 09:00 - 12.07.2021 10:00,2816,2830
12.07.2021 10:00 - 12.07.2021 11:00,2929,2895
12.07.2021 11:00 - 12.07.2021 12:00,2905,2906
12.07.2021 12:00 - 12.07.2021 13:00,2869,2857
12.07.2021 13:00 - 12.07.2021 14:00,2856,2871
12.07.2021 14:00 - 12.07.2021 15:00,2858,2876
12.07.2021 15:00 - 12.07.2021 16:00,2770,2766
12.07.2021 16:00 - 12.07.2021 17:00,2661,2686
12.07.2021 17:00 - 12.07.2021 18:00,2740,2783
12.07.2021 18:00 - 12.07.2021 19:00,2693,2753
12.07.2021 19:00 - 12.07.2021 20:00,2639,2614
12.07.2021 20:00 - 12.07.2021 21:00,2530,2490
12.07.2021 21:00 - 12.07.2021 22:00,2421,2393
12.07.2021 22:00 - 12.07.2021 23:00,2415,2366
12.07.2021 23:00 - 13.07.2021 00:00,2332,2234
13.07.2021 00:00 - 13.07.2021 01:00,2115,2052
13.07.2021 01:00 - 13.07.2021 02:00,1987,2049
13.07.2021 02:00 - 13.07.2021 03:00,1958,2013
13.07.2021 03:00 - 13.07.2021 04:00,1989,1990
13.07.2021 04:00 - 13.07.2021 05:00,2011,1996
13.07.2021 05:00 - 13.07.2021 06:00,2050,2036
13.07.2021 06:00 - 13.07.2021 07:00,2244,2315
13.07.2021 07:00 - 13.07.2021 08:00,2573,2678
13.07.2021 08:00 - 13.07.2021 09:00,2791,2777
13.07.2021 09:00 - 13.07.2021 10:00,2847,2873
13.07.2021 10:00 - 13.07.2021 11:00,2952,2978
13.07.2021 11:00 - 13.07.2021 12:00,2969,2979
13.07.2021 12:00 - 13.07.2021 13:00,2940,2948
13.07.2021 13:00 - 13.07.2021 14:00,2957,2966
13.07.2021 14:00 - 13.07.2021 15:00,2905,2901
13.07.2021 15:00 - 13.07.2021 16:00,2817,2851
13.07.2021 16:00 - 13.07.2021 17:00,2770,2793
13.07.2021 17:00 - 13.07.2021 18:00,2863,2859
13.07.2021 18:00 - 13.07.2021 19:00,2811,2835
13.07.2021 19:00 - 13.07.2021 20:00,2711,2724
13.07.2021 20:00 - 13.07.2021 21:00,2657,2597
13.07.2021 21:00 - 13.07.2021 22:00,2623,2491
13.07.2021 22:00 - 13.07.2021 23:00,2611,2439
13.07.2021 23:00 - 14.07.2021 00:00,2519,2293
14.07.2021 00:00 - 14.07.2021 01:00,2159,2142
14.07.2021 01:00 - 14.07.2021 02:00,2030,2066
14.07.2021 02:00 - 14.07.2021 03:00,1970,2021
14.07.2021 03:00 - 14.07.2021 04:00,1939,2025
14.07.2021 04:00 - 14.07.2021 05:00,1970,2037
14.07.2021 05:00 - 14.07.2021 06:00,2115,2112
14.07.2021 06:00 - 14.07.2021 07:00,2322,2383
14.07.2021 07:00 - 14.07.2021 08:00,2697,2742
14.07.2021 08:00 - 14.07.2021 09:00,2914,2928
14.07.2021 09:00 - 14.07.2021 10:00,3016,3031
14.07.2021 10:00 - 14.07.2021 11:00,3096,3067
14.07.2021 11:00 - 14.07.2021 12:00,3076,3101
14.07.2021 12:00 - 14.07.2021 13:00,3039,3052
14.07.2021 13:00 - 14.07.2021 14:00,3014,3002
14.07.2021 14:00 - 14.07.2021 15:00,2946,2992
14.07.2021 15:00 - 14.07.2021 16:00,2925,2941
14.07.2021 16:00 - 14.07.2021 17:00,2891,3002
14.07.2021 17:00 - 14.07.2021 18:00,3022,2952
14.07.2021 18:00 - 14.07.2021 19:00,2839,2860
14.07.2021 19:00 - 14.07.2021 20:00,2759,2773
14.07.2021 20:00 - 14.07.2021 21:00,2740,2671
14.07.2021 21:00 - 14.07.2021 22:00,2712,2704
14.07.2021 22:00 - 14.07.2021 23:00,2715,2540
14.07.2021 23:00 - 15.07.2021 00:00,2626,2410
15.07.2021 00:00 - 15.07.2021 01:00,2121,2366
15.07.2021 01:00 - 15.07.2021 02:00,2009,2299
15.07.2021 02:00 - 15.07.2021 03:00,1951,2247
15.07.2021 03:00 - 15.07.2021 04:00,1922,2208
15.07.2021 04:00 - 15.07.2021 05:00,1943,2222
15.07.2021 05:00 - 15.07.2021 06:00,2151,2290
15.07.2021 06:00 - 15.07.2021 07:00,2492,2525
15.07.2021 07:00 - 15.07.2021 08:00,2698,2778
15.07.2021 08:00 - 15.07.2021 09:00,2943,2945
15.07.2021 09:00 - 15.07.2021 10:00,2987,2964
15.07.2021 10:00 - 15.07.2021 11:00,3030,3017
15.07.2021 11:00 - 15.07.2021 12:00,3010,3027
15.07.2021 12:00 - 15.07.2021 13:00,3010,3032
15.07.2021 13:00 - 15.07.2021 14:00,3072,3141
15.07.2021 14:00 - 15.07.2021 15:00,3034,3019
15.07.2021 15:00 - 15.07.2021 16:00,2918,2938
15.07.2021 16:00 - 15.07.2021 17:00,2880,2881
15.07.2021 17:00 - 15.07.2021 18:00,2906,2900
15.07.2021 18:00 - 15.07.2021 19:00,2851,2876
15.07.2021 19:00 - 15.07.2021 20:00,2771,2751
15.07.2021 20:00 - 15.07.2021 21:00,2719,2630
15.07.2021 21:00 - 15.07.2021 22:00,2682,2580
15.07.2021 22:00 - 15.07.2021 23:00,2710,2545
15.07.2021 23:00 - 16.07.2021 00:00,2616,2345
16.07.2021 00:00 - 16.07.2021 01:00,2194,2161
16.07.2021 01:00 - 16.07.2021 02:00,2105,2163
16.07.2021 02:00 - 16.07.2021 03:00,2112,2163
16.07.2021 03:00 - 16.07.2021 04:00,2122,2104
16.07.2021 04:00 - 16.07.2021 05:00,2101,2061
16.07.2021 05:00 - 16.07.2021 06:00,2165,2205
16.07.2021 06:00 - 16.07.2021 07:00,2319,2383
16.07.2021 07:00 - 16.07.2021 08:00,2567,2729
16.07.2021 08:00 - 16.07.2021 09:00,2850,2903
16.07.2021 09:00 - 16.07.2021 10:00,2955,2971
16.07.2021 10:00 - 16.07.2021 11:00,2980,2980
16.07.2021 11:00 - 16.07.2021 12:00,2965,2998
16.07.2021 12:00 - 16.07.2021 13:00,2928,2921
16.07.2021 13:00 - 16.07.2021 14:00,2842,2848
16.07.2021 14:00 - 16.07.2021 15:00,2768,2766
16.07.2021 15:00 - 16.07.2021 16:00,2686,2700
16.07.2021 16:00 - 16.07.2021 17:00,2646,2684
16.07.2021 17:00 - 16.07.2021 18:00,2703,2730
16.07.2021 18:00 - 16.07.2021 19:00,2656,2676
16.07.2021 19:00 - 16.07.2021 20:00,2584,2549
16.07.2021 20:00 - 16.07.2021 21:00,2522,2426
16.07.2021 21:00 - 16.07.2021 22:00,2466,2327
16.07.2021 22:00 - 16.07.2021 23:00,2454,2267
16.07.2021 23:00 - 17.07.2021 00:00,2338,2140
17.07.2021 00:00 - 17.07.2021 01:00,1975,2050
17.07.2021 01:00 - 17.07.2021 02:00,1891,1981
17.07.2021 02:00 - 17.07.2021 03:00,1869,1936
17.07.2021 03:00 - 17.07.2021 04:00,1818,1863
17.07.2021 04:00 - 17.07.2021 05:00,1805,1820
17.07.2021 05:00 - 17.07.2021 06:00,1812,1825
17.07.2021 06:00 - 17.07.2021 07:00,1904,1904
17.07.2021 07:00 - 17.07.2021 08:00,2062,2072
17.07.2021 08:00 - 17.07.2021 09:00,2243,2259
17.07.2021 09:00 - 17.07.2021 10:00,2393,2342
17.07.2021 10:00 - 17.07.2021 11:00,2419,2355
17.07.2021 11:00 - 17.07.2021 12:00,2360,2371
17.07.2021 12:00 - 17.07.2021 13:00,2374,2411
17.07.2021 13:00 - 17.07.2021 14:00,2344,2331
17.07.2021 14:00 - 17.07.2021 15:00,2251,2254
17.07.2021 15:00 - 17.07.2021 16:00,2197,2241
17.07.2021 16:00 - 17.07.2021 17:00,2222,2265
17.07.2021 17:00 - 17.07.2021 18:00,2387,2406
17.07.2021 18:00 - 17.07.2021 19:00,2380,2359
17.07.2021 19:00 - 17.07.2021 20:00,2228,2238
17.07.2021 20:00 - 17.07.2021 21:00,2137,2160
17.07.2021 21:00 - 17.07.2021 22:00,2055,2108
17.07.2021 22:00 - 17.07.2021 23:00,1993,2073
17.07.2021 23:00 - 18.07.2021 00:00,1896,1967
18.07.2021 00:00 - 18.07.2021 01:00,1856,1843
18.07.2021 01:00 - 18.07.2021 02:00,1762,1768
18.07.2021 02:00 - 18.07.2021 03:00,1726,1716
18.07.2021 03:00 - 18.07.2021 04:00,1699,1704
18.07.2021 04:00 - 18.07.2021 05:00,1703,1707
18.07.2021 05:00 - 18.07.2021 06:00,1693,1704
18.07.2021 06:00 - 18.07.2021 07:00,1760,1755
18.07.2021 07:00 - 18.07.2021 08:00,1881,1892
18.07.2021 08:00 - 18.07.2021 09:00,2055,2037
18.07.2021 09:00 - 18.07.2021 10:00,2168,2147
18.07.2021 10:00 - 18.07.2021 11:00,2220,2193
18.07.2021 11:00 - 18.07.2021 12:00,2225,2213
18.07.2021 12:00 - 18.07.2021 13:00,2240,2238
18.07.2021 13:00 - 18.07.2021 14:00,2294,2352
18.07.2021 14:00 - 18.07.2021 15:00,2329,2306
18.07.2021 15:00 - 18.07.2021 16:00,2252,2311
18.07.2021 16:00 - 18.07.2021 17:00,2334,2331
18.07.2021 17:00 - 18.07.2021 18:00,2370,2370
18.07.2021 18:00 - 18.07.2021 19:00,2396,2449
18.07.2021 19:00 - 18.07.2021 20:00,2342,2338
18.07.2021 20:00 - 18.07.2021 21:00,2215,2204
18.07.2021 21:00 - 18.07.2021 22:00,2149,2099
18.07.2021 22:00 - 18.07.2021 23:00,2139,2049
18.07.2021 23:00 - 19.07.2021 00:00,2080,1938
19.07.2021 00:00 - 19.07.2021 01:00,1887,1864
19.07.2021 01:00 - 19.07.2021 02:00,1820,1872
19.07.2021 02:00 - 19.07.2021 03:00,1916,1848
19.07.2021 03:00 - 19.07.2021 04:00,1811,1998
19.07.2021 04:00 - 19.07.2021 05:00,1980,2097
19.07.2021 05:00 - 19.07.2021 06:00,2145,2143
19.07.2021 06:00 - 19.07.2021 07:00,2278,2385
19.07.2021 07:00 - 19.07.2021 08:00,2444,2768
19.07.2021 08:00 - 19.07.2021 09:00,2845,3138
19.07.2021 09:00 - 19.07.2021 10:00,3165,3225
19.07.2021 10:00 - 19.07.2021 11:00,3235,3329
19.07.2021 11:00 - 19.07.2021 12:00,3244,3313
19.07.2021 12:00 - 19.07.2021 13:00,2857,3202
19.07.2021 13:00 - 19.07.2021 14:00,2496,3246
19.07.2021 14:00 - 19.07.2021 15:00,2473,3181
19.07.2021 15:00 - 19.07.2021 16:00,2414,2986
19.07.2021 16:00 - 19.07.2021 17:00,2340,2735
19.07.2021 17:00 - 19.07.2021 18:00,2495,2599
19.07.2021 18:00 - 19.07.2021 19:00,2565,2581
19.07.2021 19:00 - 19.07.2021 20:00,2486,2470
19.07.2021 20:00 - 19.07.2021 21:00,2425,2340
19.07.2021 21:00 - 19.07.2021 22:00,2356,2233
19.07.2021 22:00 - 19.07.2021 23:00,2363,2154
19.07.2021 23:00 - 20.07.2021 00:00,2267,2006
20.07.2021 00:00 - 20.07.2021 01:00,1919,1938
20.07.2021 01:00 - 20.07.2021 02:00,1857,1883
20.07.2021 02:00 - 20.07.2021 03:00,1842,1840
20.07.2021 03:00 - 20.07.2021 04:00,1828,1829
20.07.2021 04:00 - 20.07.2021 05:00,1838,1836
20.07.2021 05:00 - 20.07.2021 06:00,1881,1853
20.07.2021 06:00 - 20.07.2021 07:00,1969,2044
20.07.2021 07:00 - 20.07.2021 08:00,2258,2314
20.07.2021 08:00 - 20.07.2021 09:00,2530,2681
20.07.2021 09:00 - 20.07.2021 10:00,2679,2575
20.07.2021 10:00 - 20.07.2021 11:00,2620,2608
20.07.2021 11:00 - 20.07.2021 12:00,2628,2633
20.07.2021 12:00 - 20.07.2021 13:00,2594,2585
20.07.2021 13:00 - 20.07.2021 14:00,2582,2581
20.07.2021 14:00 - 20.07.2021 15:00,2539,2528
20.07.2021 15:00 - 20.07.2021 16:00,2500,2544
20.07.2021 16:00 - 20.07.2021 17:00,2485,2501
20.07.2021 17:00 - 20.07.2021 18:00,2527,2558
20.07.2021 18:00 - 20.07.2021 19:00,2546,2550
20.07.2021 19:00 - 20.07.2021 20:00,2451,2433
20.07.2021 20:00 - 20.07.2021 21:00,2324,2308
20.07.2021 21:00 - 20.07.2021 22:00,2234,2235
20.07.2021 22:00 - 20.07.2021 23:00,2150,2102
20.07.2021 23:00 - 21.07.2021 00:00,2034,2009
21.07.2021 00:00 - 21.07.2021 01:00,1914,1928
21.07.2021 01:00 - 21.07.2021 02:00,1853,1858
21.07.2021 02:00 - 21.07.2021 03:00,1812,1755
21.07.2021 03:00 - 21.07.2021 04:00,1753,1706
21.07.2021 04:00 - 21.07.2021 05:00,1776,1803
21.07.2021 05:00 - 21.07.2021 06:00,1858,1848
21.07.2021 06:00 - 21.07.2021 07:00,2004,2044
21.07.2021 07:00 - 21.07.2021 08:00,2231,2310
21.07.2021 08:00 - 21.07.2021 09:00,2474,2486
21.07.2021 09:00 - 21.07.2021 10:00,2587,2556
21.07.2021 10:00 - 21.07.2021 11:00,2635,2624
21.07.2021 11:00 - 21.07.2021 12:00,2655,2614
21.07.2021 12:00 - 21.07.2021 13:00,2612,2565
21.07.2021 13:00 - 21.07.2021 14:00,2560,2562
21.07.2021 14:00 - 21.07.2021 15:00,2537,2532
21.07.2021 15:00 - 21.07.2021 16:00,2468,2478
21.07.2021 16:00 - 21.07.2021 17:00,2438,2467
21.07.2021 17:00 - 21.07.2021 18:00,2521,2554
21.07.2021 18:00 - 21.07.2021 19:00,2485,2526
21.07.2021 19:00 - 21.07.2021 20:00,2402,2412
21.07.2021 20:00 - 21.07.2021 21:00,2320,2296
21.07.2021 21:00 - 21.07.2021 22:00,2269,2196
21.07.2021 22:00 - 21.07.2021 23:00,2252,2133
21.07.2021 23:00 - 22.07.2021 00:00,2146,1998
22.07.2021 00:00 - 22.07.2021 01:00,1886,1884
22.07.2021 01:00 - 22.07.2021 02:00,1793,1815
22.07.2021 02:00 - 22.07.2021 03:00,1792,1789
22.07.2021 03:00 - 22.07.2021 04:00,1788,1780
22.07.2021 04:00 - 22.07.2021 05:00,1786,1772
22.07.2021 05:00 - 22.07.2021 06:00,1822,1816
22.07.2021 06:00 - 22.07.2021 07:00,1964,2003
22.07.2021 07:00 - 22.07.2021 08:00,2193,2253
22.07.2021 08:00 - 22.07.2021 09:00,2435,2446
22.07.2021 09:00 - 22.07.2021 10:00,2546,2532
22.07.2021 10:00 - 22.07.2021 11:00,2581,2578
22.07.2021 11:00 - 22.07.2021 12:00,2608,2605
22.07.2021 12:00 - 22.07.2021 13:00,2589,2603
22.07.2021 13:00 - 22.07.2021 14:00,2612,2630
22.07.2021 14:00 - 22.07.2021 15:00,2582,2588
22.07.2021 15:00 - 22.07.2021 16:00,2508,2518
22.07.2021 16:00 - 22.07.2021 17:00,2498,2551
22.07.2021 17:00 - 22.07.2021 18:00,2564,2566
22.07.2021 18:00 - 22.07.2021 19:00,2483,2504
22.07.2021 19:00 - 22.07.2021 20:00,2408,2371
22.07.2021 20:00 - 22.07.2021 21:00,2330,2295
22.07.2021 21:00 - 22.07.2021 22:00,2307,2201
22.07.2021 22:00 - 22.07.2021 23:00,2316,2095
22.07.2021 23:00 - 23.07.2021 00:00,2231,1979
23.07.2021 00:00 - 23.07.2021 01:00,1871,1882
23.07.2021 01:00 - 23.07.2021 02:00,1792,1828
23.07.2021 02:00 - 23.07.2021 03:00,1786,1788
23.07.2021 03:00 - 23.07.2021 04:00,1769,1775
23.07.2021 04:00 - 23.07.2021 05:00,1790,1789
23.07.2021 05:00 - 23.07.2021 06:00,1845,1823
23.07.2021 06:00 - 23.07.2021 07:00,1957,2017
23.07.2021 07:00 - 23.07.2021 08:00,2149,2280
23.07.2021 08:00 - 23.07.2021 09:00,2422,2479
23.07.2021 09:00 - 23.07.2021 10:00,2546,2487
23.07.2021 10:00 - 23.07.2021 11:00,2596,2633
23.07.2021 11:00 - 23.07.2021 12:00,2628,2618
23.07.2021 12:00 - 23.07.2021 13:00,2575,2583
23.07.2021 13:00 - 23.07.2021 14:00,2529,2575
23.07.2021 14:00 - 23.07.2021 15:00,2518,2522
23.07.2021 15:00 - 23.07.2021 16:00,2452,2463
23.07.2021 16:00 - 23.07.2021 17:00,2449,2472
23.07.2021 17:00 - 23.07.2021 18:00,2508,2549
23.07.2021 18:00 - 23.07.2021 19:00,2484,2503
23.07.2021 19:00 - 23.07.2021 20:00,2371,2356
23.07.2021 20:00 - 23.07.2021 21:00,2280,2246
23.07.2021 21:00 - 23.07.2021 22:00,2230,2165
23.07.2021 22:00 - 23.07.2021 23:00,2200,2128
23.07.2021 23:00 - 24.07.2021 00:00,2080,2006
24.07.2021 00:00 - 24.07.2021 01:00,1867,1887
24.07.2021 01:00 - 24.07.2021 02:00,1748,1810
24.07.2021 02:00 - 24.07.2021 03:00,1702,1760
24.07.2021 03:00 - 24.07.2021 04:00,1669,1732
24.07.2021 04:00 - 24.07.2021 05:00,1695,1745
24.07.2021 05:00 - 24.07.2021 06:00,1721,1750
24.07.2021 06:00 - 24.07.2021 07:00,1822,1818
24.07.2021 07:00 - 24.07.2021 08:00,1971,1967
24.07.2021 08:00 - 24.07.2021 09:00,2166,2150
24.07.2021 09:00 - 24.07.2021 10:00,2282,2252
24.07.2021 10:00 - 24.07.2021 11:00,2319,2300
24.07.2021 11:00 - 24.07.2021 12:00,2322,2304
24.07.2021 12:00 - 24.07.2021 13:00,2267,2229
24.07.2021 13:00 - 24.07.2021 14:00,2198,2210
24.07.2021 14:00 - 24.07.2021 15:00,2169,2182
24.07.2021 15:00 - 24.07.2021 16:00,2158,2174
24.07.2021 16:00 - 24.07.2021 17:00,2223,2295
24.07.2021 17:00 - 24.07.2021 18:00,2370,2396
24.07.2021 18:00 - 24.07.2021 19:00,2332,2320
24.07.2021 19:00 - 24.07.2021 20:00,2220,2229
24.07.2021 20:00 - 24.07.2021 21:00,2126,2141
24.07.2021 21:00 - 24.07.2021 22:00,2029,2064
24.07.2021 22:00 - 24.07.2021 23:00,1946,2068
24.07.2021 23:00 - 25.07.2021 00:00,1856,1989
25.07.2021 00:00 - 25.07.2021 01:00,1867,1872
25.07.2021 01:00 - 25.07.2021 02:00,1752,1749
25.07.2021 02:00 - 25.07.2021 03:00,1729,1745
25.07.2021 03:00 - 25.07.2021 04:00,1720,1719
25.07.2021 04:00 - 25.07.2021 05:00,1715,1733
25.07.2021 05:00 - 25.07.2021 06:00,1724,1735
25.07.2021 06:00 - 25.07.2021 07:00,1793,1785
25.07.2021 07:00 - 25.07.2021 08:00,1907,1917
25.07.2021 08:00 - 25.07.2021 09:00,2072,2057
25.07.2021 09:00 - 25.07.2021 10:00,2173,2132
25.07.2021 10:00 - 25.07.2021 11:00,2214,2199
25.07.2021 11:00 - 25.07.2021 12:00,2222,2218
25.07.2021 12:00 - 25.07.2021 13:00,2247,2236
25.07.2021 13:00 - 25.07.2021 14:00,2244,2234
25.07.2021 14:00 - 25.07.2021 15:00,2292,2305
25.07.2021 15:00 - 25.07.2021 16:00,2286,2303
25.07.2021 16:00 - 25.07.2021 17:00,2317,2319
25.07.2021 17:00 - 25.07.2021 18:00,2482,2456
25.07.2021 18:00 - 25.07.2021 19:00,2457,2442
25.07.2021 19:00 - 25.07.2021 20:00,2266,2244
25.07.2021 20:00 - 25.07.2021 21:00,2123,2170
25.07.2021 21:00 - 25.07.2021 22:00,2087,2109
25.07.2021 22:00 - 25.07.2021 23:00,2117,2100
25.07.2021 23:00 - 26.07.2021 00:00,2081,1958
26.07.2021 00:00 - 26.07.2021 01:00,1891,1850
26.07.2021 01:00 - 26.07.2021 02:00,1798,1771
26.07.2021 02:00 - 26.07.2021 03:00,1755,1733
26.07.2021 03:00 - 26.07.2021 04:00,1728,1716
26.07.2021 04:00 - 26.07.2021 05:00,1755,1746
26.07.2021 05:00 - 26.07.2021 06:00,1809,1781
26.07.2021 06:00 - 26.07.2021 07:00,2001,1924
26.07.2021 07:00 - 26.07.2021 08:00,2236,2208
26.07.2021 08:00 - 26.07.2021 09:00,2446,2385
26.07.2021 09:00 - 26.07.2021 10:00,2417,2446
26.07.2021 10:00 - 26.07.2021 11:00,2453,2504
26.07.2021 11:00 - 26.07.2021 12:00,2518,2572
26.07.2021 12:00 - 26.07.2021 13:00,2567,2600
26.07.2021 13:00 - 26.07.2021 14:00,2592,2590
26.07.2021 14:00 - 26.07.2021 15:00,2524,2568
26.07.2021 15:00 - 26.07.2021 16:00,2468,2509
26.07.2021 16:00 - 26.07.2021 17:00,2452,2501
26.07.2021 17:00 - 26.07.2021 18:00,2697,2691
26.07.2021 18:00 - 26.07.2021 19:00,2629,2617
26.07.2021 19:00 - 26.07.2021 20:00,2484,2509
26.07.2021 20:00 - 26.07.2021 21:00,2359,2281
26.07.2021 21:00 - 26.07.2021 22:00,2301,2222
26.07.2021 22:00 - 26.07.2021 23:00,2314,2145
26.07.2021 23:00 - 27.07.2021 00:00,2246,1997
27.07.2021 00:00 - 27.07.2021 01:00,1896,1881
27.07.2021 01:00 - 27.07.2021 02:00,1810,1825
27.07.2021 02:00 - 27.07.2021 03:00,1762,1780
27.07.2021 03:00 - 27.07.2021 04:00,1744,1776
27.07.2021 04:00 - 27.07.2021 05:00,1787,1791
27.07.2021 05:00 - 27.07.2021 06:00,1826,1761
27.07.2021 06:00 - 27.07.2021 07:00,1927,1989
27.07.2021 07:00 - 27.07.2021 08:00,2194,2282
27.07.2021 08:00 - 27.07.2021 09:00,2471,2507
27.07.2021 09:00 - 27.07.2021 10:00,2578,2591
27.07.2021 10:00 - 27.07.2021 11:00,2652,2652
27.07.2021 11:00 - 27.07.2021 12:00,2635,2636
27.07.2021 12:00 - 27.07.2021 13:00,2606,2596
27.07.2021 13:00 - 27.07.2021 14:00,2571,2566
27.07.2021 14:00 - 27.07.2021 15:00,2514,2482
27.07.2021 15:00 - 27.07.2021 16:00,2480,2516
27.07.2021 16:00 - 27.07.2021 17:00,2511,2516
27.07.2021 17:00 - 27.07.2021 18:00,2585,2643
27.07.2021 18:00 - 27.07.2021 19:00,2582,2608
27.07.2021 19:00 - 27.07.2021 20:00,2478,2445
27.07.2021 20:00 - 27.07.2021 21:00,2322,2255
27.07.2021 21:00 - 27.07.2021 22:00,2268,2124
27.07.2021 22:00 - 27.07.2021 23:00,2286,2099
27.07.2021 23:00 - 28.07.2021 00:00,2205,1962
28.07.2021 00:00 - 28.07.2021 01:00,1849,1821
28.07.2021 01:00 - 28.07.2021 02:00,1739,1763
28.07.2021 02:00 - 28.07.2021 03:00,1721,1744
28.07.2021 03:00 - 28.07.2021 04:00,1740,1741
28.07.2021 04:00 - 28.07.2021 05:00,1776,1764
28.07.2021 05:00 - 28.07.2021 06:00,1816,1804
28.07.2021 06:00 - 28.07.2021 07:00,1943,1976
28.07.2021 07:00 - 28.07.2021 08:00,2159,2201
28.07.2021 08:00 - 28.07.2021 09:00,2368,2388
28.07.2021 09:00 - 28.07.2021 10:00,2467,2454
28.07.2021 10:00 - 28.07.2021 11:00,2538,2552
28.07.2021 11:00 - 28.07.2021 12:00,2549,2539
28.07.2021 12:00 - 28.07.2021 13:00,2532,2559
28.07.2021 13:00 - 28.07.2021 14:00,2570,2585
28.07.2021 14:00 - 28.07.2021 15:00,2559,2554
28.07.2021 15:00 - 28.07.2021 16:00,2596,2558
28.07.2021 16:00 - 28.07.2021 17:00,2448,2476
28.07.2021 17:00 - 28.07.2021 18:00,2542,2588
28.07.2021 18:00 - 28.07.2021 19:00,2532,2551
28.07.2021 19:00 - 28.07.2021 20:00,2436,2419
28.07.2021 20:00 - 28.07.2021 21:00,2338,2304
28.07.2021 21:00 - 28.07.2021 22:00,2308,2212
28.07.2021 22:00 - 28.07.2021 23:00,2306,2115
28.07.2021 23:00 - 29.07.2021 00:00,2214,1973
29.07.2021 00:00 - 29.07.2021 01:00,1886,1926
29.07.2021 01:00 - 29.07.2021 02:00,1796,1806
29.07.2021 02:00 - 29.07.2021 03:00,1785,1792
29.07.2021 03:00 - 29.07.2021 04:00,1745,1725
29.07.2021 04:00 - 29.07.2021 05:00,1762,1757
29.07.2021 05:00 - 29.07.2021 06:00,1813,1865
29.07.2021 06:00 - 29.07.2021 07:00,1986,2039
29.07.2021 07:00 - 29.07.2021 08:00,2248,2243
29.07.2021 08:00 - 29.07.2021 09:00,2364,2341
29.07.2021 09:00 - 29.07.2021 10:00,2420,2443
29.07.2021 10:00 - 29.07.2021 11:00,2569,2619
29.07.2021 11:00 - 29.07.2021 12:00,2675,2739
29.07.2021 12:00 - 29.07.2021 13:00,2631,2623
29.07.2021 13:00 - 29.07.2021 14:00,2601,2608
29.07.2021 14:00 - 29.07.2021 15:00,2548,2585
29.07.2021 15:00 - 29.07.2021 16:00,2496,2534
29.07.2021 16:00 - 29.07.2021 17:00,2481,2535
29.07.2021 17:00 - 29.07.2021 18:00,2593,2640
29.07.2021 18:00 - 29.07.2021 19:00,2709,2713
29.07.2021 19:00 - 29.07.2021 20:00,2509,2486
29.07.2021 20:00 - 29.07.2021 21:00,2350,2391
29.07.2021 21:00 - 29.07.2021 22:00,2270,2313
29.07.2021 22:00 - 29.07.2021 23:00,2163,2191
29.07.2021 23:00 - 30.07.2021 00:00,2024,2056
30.07.2021 00:00 - 30.07.2021 01:00,1942,1954
30.07.2021 01:00 - 30.07.2021 02:00,1867,1921
30.07.2021 02:00 - 30.07.2021 03:00,1884,1898
30.07.2021 03:00 - 30.07.2021 04:00,1893,1897
30.07.2021 04:00 - 30.07.2021 05:00,1860,1818
30.07.2021 05:00 - 30.07.2021 06:00,1874,1867
30.07.2021 06:00 - 30.07.2021 07:00,2029,2130
30.07.2021 07:00 - 30.07.2021 08:00,2304,2366
30.07.2021 08:00 - 30.07.2021 09:00,2507,2553
30.07.2021 09:00 - 30.07.2021 10:00,2611,2589
30.07.2021 10:00 - 30.07.2021 11:00,2611,2596
30.07.2021 11:00 - 30.07.2021 12:00,2634,2643
30.07.2021 12:00 - 30.07.2021 13:00,2610,2631
30.07.2021 13:00 - 30.07.2021 14:00,2591,2640
30.07.2021 14:00 - 30.07.2021 15:00,2547,2570
30.07.2021 15:00 - 30.07.2021 16:00,2479,2519
30.07.2021 16:00 - 30.07.2021 17:00,2420,2427
30.07.2021 17:00 - 30.07.2021 18:00,2444,2481
30.07.2021 18:00 - 30.07.2021 19:00,2462,2480
30.07.2021 19:00 - 30.07.2021 20:00,2344,2316
30.07.2021 20:00 - 30.07.2021 21:00,2189,2135
30.07.2021 21:00 - 30.07.2021 22:00,2096,2022
30.07.2021 22:00 - 30.07.2021 23:00,2069,1975
30.07.2021 23:00 - 31.07.2021 00:00,1951,1883
31.07.2021 00:00 - 31.07.2021 01:00,1735,1769
31.07.2021 01:00 - 31.07.2021 02:00,1652,1704
31.07.2021 02:00 - 31.07.2021 03:00,1589,1662
31.07.2021 03:00 - 31.07.2021 04:00,1555,1635
31.07.2021 04:00 - 31.07.2021 05:00,1581,1645
31.07.2021 05:00 - 31.07.2021 06:00,1612,1652
31.07.2021 06:00 - 31.07.2021 07:00,1712,1727
31.07.2021 07:00 - 31.07.2021 08:00,1880,1871
31.07.2021 08:00 - 31.07.2021 09:00,2073,2055
31.07.2021 09:00 - 31.07.2021 10:00,2212,2181
31.07.2021 10:00 - 31.07.2021 11:00,2273,2268
31.07.2021 11:00 - 31.07.2021 12:00,2276,2276
31.07.2021 12:00 - 31.07.2021 13:00,2239,2255
31.07.2021 13:00 - 31.07.2021 14:00,2224,2249
31.07.2021 14:00 - 31.07.2021 15:00,2178,2257
31.07.2021 15:00 - 31.07.2021 16:00,2197,2279
31.07.2021 16:00 - 31.07.2021 17:00,2214,2323
31.07.2021 17:00 - 31.07.2021 18:00,2358,2401
31.07.2021 18:00 - 31.07.2021 19:00,2356,2359
31.07.2021 19:00 - 31.07.2021 20:00,2222,2216
31.07.2021 20:00 - 31.07.2021 21:00,2112,2122
31.07.2021 21:00 - 31.07.2021 22:00,2016,2066
31.07.2021 22:00 - 31.07.2021 23:00,1941,2010
31.07.2021 23:00 - 01.08.2021 00:00,1837,1882
01.08.2021 00:00 - 01.08.2021 01:00,1796,1763
01.08.2021 01:00 - 01.08.2021 02:00,1683,1695
01.08.2021 02:00 - 01.08.2021 03:00,1639,1646
01.08.2021 03:00 - 01.08.2021 04:00,1624,1637
01.08.2021 04:00 - 01.08.2021 05:00,1617,1634
01.08.2021 05:00 - 01.08.2021 06:00,1633,1639
01.08.2021 06:00 - 01.08.2021 07:00,1685,1679
01.08.2021 07:00 - 01.08.2021 08:00,1806,1824
01.08.2021 08:00 - 01.08.2021 09:00,1993,1975
01.08.2021 09:00 - 01.08.2021 10:00,2104,2081
01.08.2021 10:00 - 01.08.2021 11:00,2195,2160
01.08.2021 11:00 - 01.08.2021 12:00,2221,2179
01.08.2021 12:00 - 01.08.2021 13:00,2175,2175
01.08.2021 13:00 - 01.08.2021 14:00,2154,2171
01.08.2021 14:00 - 01.08.2021 15:00,2142,2182
01.08.2021 15:00 - 01.08.2021 16:00,2134,2181
01.08.2021 16:00 - 01.08.2021 17:00,2145,2215
01.08.2021 17:00 - 01.08.2021 18:00,2265,2346
01.08.2021 18:00 - 01.08.2021 19:00,2352,2389
01.08.2021 19:00 - 01.08.2021 20:00,2246,2260
01.08.2021 20:00 - 01.08.2021 21:00,2139,2088
01.08.2021 21:00 - 01.08.2021 22:00,2049,2046
01.08.2021 22:00 - 01.08.2021 23:00,2049,2001
01.08.2021 23:00 - 02.08.2021 00:00,1997,1863
02.08.2021 00:00 - 02.08.2021 01:00,1793,1763
02.08.2021 01:00 - 02.08.2021 02:00,1706,1715
02.08.2021 02:00 - 02.08.2021 03:00,1703,1669
02.08.2021 03:00 - 02.08.2021 04:00,1707,1660
02.08.2021 04:00 - 02.08.2021 05:00,1716,1689
02.08.2021 05:00 - 02.08.2021 06:00,1806,1810
02.08.2021 06:00 - 02.08.2021 07:00,2018,2069
02.08.2021 07:00 - 02.08.2021 08:00,2366,2446
02.08.2021 08:00 - 02.08.2021 09:00,2631,2684
02.08.2021 09:00 - 02.08.2021 10:00,2770,2772
02.08.2021 10:00 - 02.08.2021 11:00,2838,2864
02.08.2021 11:00 - 02.08.2021 12:00,2839,2825
02.08.2021 12:00 - 02.08.2021 13:00,2727,2705
02.08.2021 13:00 - 02.08.2021 14:00,2760,2733
02.08.2021 14:00 - 02.08.2021 15:00,2637,2621
02.08.2021 15:00 - 02.08.2021 16:00,2544,2578
02.08.2021 16:00 - 02.08.2021 17:00,2515,2549
02.08.2021 17:00 - 02.08.2021 18:00,2622,2615
02.08.2021 18:00 - 02.08.2021 19:00,2548,2567
02.08.2021 19:00 - 02.08.2021 20:00,2452,2455
02.08.2021 20:00 - 02.08.2021 21:00,2362,2312
02.08.2021 21:00 - 02.08.2021 22:00,2334,2217
02.08.2021 22:00 - 02.08.2021 23:00,2352,2107
02.08.2021 23:00 - 03.08.2021 00:00,2264,1939
03.08.2021 00:00 - 03.08.2021 01:00,1833,1847
03.08.2021 01:00 - 03.08.2021 02:00,1794,1791
03.08.2021 02:00 - 03.08.2021 03:00,1769,1771
03.08.2021 03:00 - 03.08.2021 04:00,1766,1752
03.08.2021 04:00 - 03.08.2021 05:00,1778,1774
03.08.2021 05:00 - 03.08.2021 06:00,1854,1850
03.08.2021 06:00 - 03.08.2021 07:00,2059,2087
03.08.2021 07:00 - 03.08.2021 08:00,2341,2396
03.08.2021 08:00 - 03.08.2021 09:00,2565,2589
03.08.2021 09:00 - 03.08.2021 10:00,2672,2683
03.08.2021 10:00 - 03.08.2021 11:00,2752,2719
03.08.2021 11:00 - 03.08.2021 12:00,2734,2734
03.08.2021 12:00 - 03.08.2021 13:00,2704,2694
03.08.2021 13:00 - 03.08.2021 14:00,2706,2700
03.08.2021 14:00 - 03.08.2021 15:00,2647,2635
03.08.2021 15:00 - 03.08.2021 16:00,2538,2568
03.08.2021 16:00 - 03.08.2021 17:00,2498,2527
03.08.2021 17:00 - 03.08.2021 18:00,2607,2635
03.08.2021 18:00 - 03.08.2021 19:00,2553,2585
03.08.2021 19:00 - 03.08.2021 20:00,2457,2451
03.08.2021 20:00 - 03.08.2021 21:00,2353,2316
03.08.2021 21:00 - 03.08.2021 22:00,2313,2237
03.08.2021 22:00 - 03.08.2021 23:00,2298,2158
03.08.2021 23:00 - 04.08.2021 00:00,2196,1995
04.08.2021 00:00 - 04.08.2021 01:00,1875,1870
04.08.2021 01:00 - 04.08.2021 02:00,1777,1806
04.08.2021 02:00 - 04.08.2021 03:00,1762,1783
04.08.2021 03:00 - 04.08.2021 04:00,1782,1776
04.08.2021 04:00 - 04.08.2021 05:00,1815,1809
04.08.2021 05:00 - 04.08.2021 06:00,1900,1871
04.08.2021 06:00 - 04.08.2021 07:00,2059,2099
04.08.2021 07:00 - 04.08.2021 08:00,2343,2379
04.08.2021 08:00 - 04.08.2021 09:00,2542,2529
04.08.2021 09:00 - 04.08.2021 10:00,2614,2612
04.08.2021 10:00 - 04.08.2021 11:00,2712,2737
04.08.2021 11:00 - 04.08.2021 12:00,2731,2715
04.08.2021 12:00 - 04.08.2021 13:00,2703,2720
04.08.2021 13:00 - 04.08.2021 14:00,2717,2726
04.08.2021 14:00 - 04.08.2021 15:00,2638,2629
04.08.2021 15:00 - 04.08.2021 16:00,2583,2595
04.08.2021 16:00 - 04.08.2021 17:00,2567,2572
04.08.2021 17:00 - 04.08.2021 18:00,2654,2652
04.08.2021 18:00 - 04.08.2021 19:00,2565,2589
04.08.2021 19:00 - 04.08.2021 20:00,2469,2473
04.08.2021 20:00 - 04.08.2021 21:00,2376,2354
04.08.2021 21:00 - 04.08.2021 22:00,2353,2220
04.08.2021 22:00 - 04.08.2021 23:00,2351,2212
04.08.2021 23:00 - 05.08.2021 00:00,2237,2066
05.08.2021 00:00 - 05.08.2021 01:00,1918,1962
05.08.2021 01:00 - 05.08.2021 02:00,1804,1889
05.08.2021 02:00 - 05.08.2021 03:00,1823,1860
05.08.2021 03:00 - 05.08.2021 04:00,1828,1794
05.08.2021 04:00 - 05.08.2021 05:00,1843,1837
05.08.2021 05:00 - 05.08.2021 06:00,1943,1939
05.08.2021 06:00 - 05.08.2021 07:00,2127,2174
05.08.2021 07:00 - 05.08.2021 08:00,2362,2400
05.08.2021 08:00 - 05.08.2021 09:00,2578,2609
05.08.2021 09:00 - 05.08.2021 10:00,2692,2685
05.08.2021 10:00 - 05.08.2021 11:00,2757,2789
05.08.2021 11:00 - 05.08.2021 12:00,2791,2784
05.08.2021 12:00 - 05.08.2021 13:00,2756,2761
05.08.2021 13:00 - 05.08.2021 14:00,2746,2761
05.08.2021 14:00 - 05.08.2021 15:00,2692,2673
05.08.2021 15:00 - 05.08.2021 16:00,2531,2566
05.08.2021 16:00 - 05.08.2021 17:00,2501,2559
05.08.2021 17:00 - 05.08.2021 18:00,2617,2648
05.08.2021 18:00 - 05.08.2021 19:00,2567,2616
05.08.2021 19:00 - 05.08.2021 20:00,2483,2498
05.08.2021 20:00 - 05.08.2021 21:00,2388,2392
05.08.2021 21:00 - 05.08.2021 22:00,2326,2303
05.08.2021 22:00 - 05.08.2021 23:00,2266,2179
05.08.2021 23:00 - 06.08.2021 00:00,2114,2066
06.08.2021 00:00 - 06.08.2021 01:00,1917,1954
06.08.2021 01:00 - 06.08.2021 02:00,1852,1899
06.08.2021 02:00 - 06.08.2021 03:00,1836,1865
06.08.2021 03:00 - 06.08.2021 04:00,1849,1857
06.08.2021 04:00 - 06.08.2021 05:00,1891,1884
06.08.2021 05:00 - 06.08.2021 06:00,2019,2071
06.08.2021 06:00 - 06.08.2021 07:00,2216,2272
06.08.2021 07:00 - 06.08.2021 08:00,2499,2641
06.08.2021 08:00 - 06.08.2021 09:00,2792,2827
06.08.2021 09:00 - 06.08.2021 10:00,2847,2825
06.08.2021 10:00 - 06.08.2021 11:00,2926,2966
06.08.2021 11:00 - 06.08.2021 12:00,2949,2962
06.08.2021 12:00 - 06.08.2021 13:00,2815,2799
06.08.2021 13:00 - 06.08.2021 14:00,2746,2765
06.08.2021 14:00 - 06.08.2021 15:00,2626,2659
06.08.2021 15:00 - 06.08.2021 16:00,2570,2611
06.08.2021 16:00 - 06.08.2021 17:00,2568,2591
06.08.2021 17:00 - 06.08.2021 18:00,2574,2607
06.08.2021 18:00 - 06.08.2021 19:00,2548,2594
06.08.2021 19:00 - 06.08.2021 20:00,2494,2469
06.08.2021 20:00 - 06.08.2021 21:00,2399,2322
06.08.2021 21:00 - 06.08.2021 22:00,2329,2112
06.08.2021 22:00 - 06.08.2021 23:00,2322,2033
06.08.2021 23:00 - 07.08.2021 00:00,2205,1983
07.08.2021 00:00 - 07.08.2021 01:00,1815,1841
07.08.2021 01:00 - 07.08.2021 02:00,1696,1798
07.08.2021 02:00 - 07.08.2021 03:00,1696,1771
07.08.2021 03:00 - 07.08.2021 04:00,1700,1744
07.08.2021 04:00 - 07.08.2021 05:00,1719,1732
07.08.2021 05:00 - 07.08.2021 06:00,1732,1745
07.08.2021 06:00 - 07.08.2021 07:00,1804,1795
07.08.2021 07:00 - 07.08.2021 08:00,1978,1964
07.08.2021 08:00 - 07.08.2021 09:00,2164,2159
07.08.2021 09:00 - 07.08.2021 10:00,2288,2268
07.08.2021 10:00 - 07.08.2021 11:00,2336,2324
07.08.2021 11:00 - 07.08.2021 12:00,2338,2337
07.08.2021 12:00 - 07.08.2021 13:00,2336,2326
07.08.2021 13:00 - 07.08.2021 14:00,2281,2289
07.08.2021 14:00 - 07.08.2021 15:00,2243,2272
07.08.2021 15:00 - 07.08.2021 16:00,2237,2257
07.08.2021 16:00 - 07.08.2021 17:00,2250,2299
07.08.2021 17:00 - 07.08.2021 18:00,2363,2404
07.08.2021 18:00 - 07.08.2021 19:00,2346,2369
07.08.2021 19:00 - 07.08.2021 20:00,2245,2270
07.08.2021 20:00 - 07.08.2021 21:00,2189,2194
07.08.2021 21:00 - 07.08.2021 22:00,2133,2150
07.08.2021 22:00 - 07.08.2021 23:00,2028,2044
07.08.2021 23:00 - 08.08.2021 00:00,1876,1890
08.08.2021 00:00 - 08.08.2021 01:00,1764,1766
08.08.2021 01:00 - 08.08.2021 02:00,1715,1728
08.08.2021 02:00 - 08.08.2021 03:00,1745,1737
08.08.2021 03:00 - 08.08.2021 04:00,1689,1681
08.08.2021 04:00 - 08.08.2021 05:00,1687,1683
08.08.2021 05:00 - 08.08.2021 06:00,1691,1689
08.08.2021 06:00 - 08.08.2021 07:00,1746,1763
08.08.2021 07:00 - 08.08.2021 08:00,1905,1909
08.08.2021 08:00 - 08.08.2021 09:00,2145,2124
08.08.2021 09:00 - 08.08.2021 10:00,2283,2264
08.08.2021 10:00 - 08.08.2021 11:00,2344,2319
08.08.2021 11:00 - 08.08.2021 12:00,2402,2368
08.08.2021 12:00 - 08.08.2021 13:00,2348,2364
08.08.2021 13:00 - 08.08.2021 14:00,2357,2418
08.08.2021 14:00 - 08.08.2021 15:00,2421,2427
08.08.2021 15:00 - 08.08.2021 16:00,2380,2385
08.08.2021 16:00 - 08.08.2021 17:00,2433,2486
08.08.2021 17:00 - 08.08.2021 18:00,2563,2607
08.08.2021 18:00 - 08.08.2021 19:00,2545,2558
08.08.2021 19:00 - 08.08.2021 20:00,2394,2370
08.08.2021 20:00 - 08.08.2021 21:00,2233,2230
08.08.2021 21:00 - 08.08.2021 22:00,2231,2182
08.08.2021 22:00 - 08.08.2021 23:00,2233,2073
08.08.2021 23:00 - 09.08.2021 00:00,2184,1922
09.08.2021 00:00 - 09.08.2021 01:00,1873,1878
09.08.2021 01:00 - 09.08.2021 02:00,1845,1852
09.08.2021 02:00 - 09.08.2021 03:00,1851,1844
09.08.2021 03:00 - 09.08.2021 04:00,1868,1853
09.08.2021 04:00 - 09.08.2021 05:00,1878,1861
09.08.2021 05:00 - 09.08.2021 06:00,1970,1948
09.08.2021 06:00 - 09.08.2021 07:00,2200,2317
09.08.2021 07:00 - 09.08.2021 08:00,2577,2688
09.08.2021 08:00 - 09.08.2021 09:00,2776,2760
09.08.2021 09:00 - 09.08.2021 10:00,2850,2842
09.08.2021 10:00 - 09.08.2021 11:00,2965,2953
09.08.2021 11:00 - 09.08.2021 12:00,2979,2967
09.08.2021 12:00 - 09.08.2021 13:00,2926,2973
09.08.2021 13:00 - 09.08.2021 14:00,2978,3012
09.08.2021 14:00 - 09.08.2021 15:00,2928,2984
09.08.2021 15:00 - 09.08.2021 16:00,2848,2873
09.08.2021 16:00 - 09.08.2021 17:00,2791,2838
09.08.2021 17:00 - 09.08.2021 18:00,2876,2954
09.08.2021 18:00 - 09.08.2021 19:00,2846,2872
09.08.2021 19:00 - 09.08.2021 20:00,2734,2656
09.08.2021 20:00 - 09.08.2021 21:00,2585,2490
09.08.2021 21:00 - 09.08.2021 22:00,2566,2383
09.08.2021 22:00 - 09.08.2021 23:00,2574,2225
09.08.2021 23:00 - 10.08.2021 00:00,2467,2109
10.08.2021 00:00 - 10.08.2021 01:00,1994,1975
10.08.2021 01:00 - 10.08.2021 02:00,1869,1862
10.08.2021 02:00 - 10.08.2021 03:00,1844,1886
10.08.2021 03:00 - 10.08.2021 04:00,1881,1893
10.08.2021 04:00 - 10.08.2021 05:00,1948,1934
10.08.2021 05:00 - 10.08.2021 06:00,2043,1999
10.08.2021 06:00 - 10.08.2021 07:00,2233,2297
10.08.2021 07:00 - 10.08.2021 08:00,2563,2610
10.08.2021 08:00 - 10.08.2021 09:00,2797,2782
10.08.2021 09:00 - 10.08.2021 10:00,2861,2833
10.08.2021 10:00 - 10.08.2021 11:00,2945,2953
10.08.2021 11:00 - 10.08.2021 12:00,3012,3042
10.08.2021 12:00 - 10.08.2021 13:00,3003,2990
10.08.2021 13:00 - 10.08.2021 14:00,2997,3031
10.08.2021 14:00 - 10.08.2021 15:00,2954,2985
10.08.2021 15:00 - 10.08.2021 16:00,2858,2892
10.08.2021 16:00 - 10.08.2021 17:00,2801,2813
10.08.2021 17:00 - 10.08.2021 18:00,2858,2936
10.08.2021 18:00 - 10.08.2021 19:00,2782,2826
10.08.2021 19:00 - 10.08.2021 20:00,2688,2611
10.08.2021 20:00 - 10.08.2021 21:00,2544,2506
10.08.2021 21:00 - 10.08.2021 22:00,2499,2427
10.08.2021 22:00 - 10.08.2021 23:00,2506,2242
10.08.2021 23:00 - 11.08.2021 00:00,2414,2115
11.08.2021 00:00 - 11.08.2021 01:00,2000,1997
11.08.2021 01:00 - 11.08.2021 02:00,1880,1934
11.08.2021 02:00 - 11.08.2021 03:00,1886,1905
11.08.2021 03:00 - 11.08.2021 04:00,1902,1908
11.08.2021 04:00 - 11.08.2021 05:00,1961,1950
11.08.2021 05:00 - 11.08.2021 06:00,2074,2053
11.08.2021 06:00 - 11.08.2021 07:00,2226,2366
11.08.2021 07:00 - 11.08.2021 08:00,2547,2685
11.08.2021 08:00 - 11.08.2021 09:00,2823,2811
11.08.2021 09:00 - 11.08.2021 10:00,2885,2898
11.08.2021 10:00 - 11.08.2021 11:00,2981,2993
11.08.2021 11:00 - 11.08.2021 12:00,2983,2969
11.08.2021 12:00 - 11.08.2021 13:00,2909,2935
11.08.2021 13:00 - 11.08.2021 14:00,2935,2949
11.08.2021 14:00 - 11.08.2021 15:00,2903,2932
11.08.2021 15:00 - 11.08.2021 16:00,2807,2832
11.08.2021 16:00 - 11.08.2021 17:00,2763,2806
11.08.2021 17:00 - 11.08.2021 18:00,2822,2856
11.08.2021 18:00 - 11.08.2021 19:00,2763,2825
11.08.2021 19:00 - 11.08.2021 20:00,2708,2681
11.08.2021 20:00 - 11.08.2021 21:00,2564,2459
11.08.2021 21:00 - 11.08.2021 22:00,2519,2448
11.08.2021 22:00 - 11.08.2021 23:00,2475,2239
11.08.2021 23:00 - 12.08.2021 00:00,2350,2124
12.08.2021 00:00 - 12.08.2021 01:00,2012,2011
12.08.2021 01:00 - 12.08.2021 02:00,1918,1947
12.08.2021 02:00 - 12.08.2021 03:00,1891,1917
12.08.2021 03:00 - 12.08.2021 04:00,1914,1927
12.08.2021 04:00 - 12.08.2021 05:00,1958,1941
12.08.2021 05:00 - 12.08.2021 06:00,2082,2074
12.08.2021 06:00 - 12.08.2021 07:00,2332,2332
12.08.2021 07:00 - 12.08.2021 08:00,2621,2613
12.08.2021 08:00 - 12.08.2021 09:00,2833,2859
12.08.2021 09:00 - 12.08.2021 10:00,2916,2916
12.08.2021 10:00 - 12.08.2021 11:00,3006,3009
12.08.2021 11:00 - 12.08.2021 12:00,3016,3046
12.08.2021 12:00 - 12.08.2021 13:00,3002,2993
12.08.2021 13:00 - 12.08.2021 14:00,3020,3000
12.08.2021 14:00 - 12.08.2021 15:00,2958,2953
12.08.2021 15:00 - 12.08.2021 16:00,2845,2852
12.08.2021 16:00 - 12.08.2021 17:00,2784,2808
12.08.2021 17:00 - 12.08.2021 18:00,2831,2854
12.08.2021 18:00 - 12.08.2021 19:00,2841,2853
12.08.2021 19:00 - 12.08.2021 20:00,2698,2673
12.08.2021 20:00 - 12.08.2021 21:00,2594,2563
12.08.2021 21:00 - 12.08.2021 22:00,2599,2515
12.08.2021 22:00 - 12.08.2021 23:00,2533,2364
12.08.2021 23:00 - 13.08.2021 00:00,2397,2162
13.08.2021 00:00 - 13.08.2021 01:00,2047,2042
13.08.2021 01:00 - 13.08.2021 02:00,1949,1974
13.08.2021 02:00 - 13.08.2021 03:00,1919,1939
13.08.2021 03:00 - 13.08.2021 04:00,1930,1935
13.08.2021 04:00 - 13.08.2021 05:00,1985,1968
13.08.2021 05:00 - 13.08.2021 06:00,2081,2083
13.08.2021 06:00 - 13.08.2021 07:00,2272,2380
13.08.2021 07:00 - 13.08.2021 08:00,2599,2753
13.08.2021 08:00 - 13.08.2021 09:00,2919,2897
13.08.2021 09:00 - 13.08.2021 10:00,2966,2972
13.08.2021 10:00 - 13.08.2021 11:00,3012,3012
13.08.2021 11:00 - 13.08.2021 12:00,3005,2985
13.08.2021 12:00 - 13.08.2021 13:00,2872,2916
13.08.2021 13:00 - 13.08.2021 14:00,2862,2918
13.08.2021 14:00 - 13.08.2021 15:00,2903,2917
13.08.2021 15:00 - 13.08.2021 16:00,2828,2877
13.08.2021 16:00 - 13.08.2021 17:00,2823,2854
13.08.2021 17:00 - 13.08.2021 18:00,2861,2850
13.08.2021 18:00 - 13.08.2021 19:00,2742,2788
13.08.2021 19:00 - 13.08.2021 20:00,2648,2642
13.08.2021 20:00 - 13.08.2021 21:00,2551,2537
13.08.2021 21:00 - 13.08.2021 22:00,2522,2419
13.08.2021 22:00 - 13.08.2021 23:00,2423,2234
13.08.2021 23:00 - 14.08.2021 00:00,2244,2064
14.08.2021 00:00 - 14.08.2021 01:00,1923,1935
14.08.2021 01:00 - 14.08.2021 02:00,1813,1847
14.08.2021 02:00 - 14.08.2021 03:00,1774,1799
14.08.2021 03:00 - 14.08.2021 04:00,1742,1735
14.08.2021 04:00 - 14.08.2021 05:00,1733,1733
14.08.2021 05:00 - 14.08.2021 06:00,1770,1772
14.08.2021 06:00 - 14.08.2021 07:00,1857,1858
14.08.2021 07:00 - 14.08.2021 08:00,2036,2032
14.08.2021 08:00 - 14.08.2021 09:00,2217,2211
14.08.2021 09:00 - 14.08.2021 10:00,2332,2338
14.08.2021 10:00 - 14.08.2021 11:00,2424,2412
14.08.2021 11:00 - 14.08.2021 12:00,2452,2457
14.08.2021 12:00 - 14.08.2021 13:00,2455,2443
14.08.2021 13:00 - 14.08.2021 14:00,2425,2430
14.08.2021 14:00 - 14.08.2021 15:00,2406,2415
14.08.2021 15:00 - 14.08.2021 16:00,2358,2374
14.08.2021 16:00 - 14.08.2021 17:00,2346,2347
14.08.2021 17:00 - 14.08.2021 18:00,2447,2483
14.08.2021 18:00 - 14.08.2021 19:00,2434,2456
14.08.2021 19:00 - 14.08.2021 20:00,2278,2294
14.08.2021 20:00 - 14.08.2021 21:00,2181,2187
14.08.2021 21:00 - 14.08.2021 22:00,2155,2163
14.08.2021 22:00 - 14.08.2021 23:00,2075,2069
14.08.2021 23:00 - 15.08.2021 00:00,1942,1950
15.08.2021 00:00 - 15.08.2021 01:00,1837,1851
15.08.2021 01:00 - 15.08.2021 02:00,1754,1757
15.08.2021 02:00 - 15.08.2021 03:00,1711,1714
15.08.2021 03:00 - 15.08.2021 04:00,1693,1707
15.08.2021 04:00 - 15.08.2021 05:00,1718,1729
15.08.2021 05:00 - 15.08.2021 06:00,1751,1744
15.08.2021 06:00 - 15.08.2021 07:00,1791,1788
15.08.2021 07:00 - 15.08.2021 08:00,1941,1930
15.08.2021 08:00 - 15.08.2021 09:00,2129,2118
15.08.2021 09:00 - 15.08.2021 10:00,2272,2244
15.08.2021 10:00 - 15.08.2021 11:00,2358,2334
15.08.2021 11:00 - 15.08.2021 12:00,2365,2352
15.08.2021 12:00 - 15.08.2021 13:00,2355,2353
15.08.2021 13:00 - 15.08.2021 14:00,2402,2459
15.08.2021 14:00 - 15.08.2021 15:00,2427,2436
15.08.2021 15:00 - 15.08.2021 16:00,2372,2314
15.08.2021 16:00 - 15.08.2021 17:00,2330,2357
15.08.2021 17:00 - 15.08.2021 18:00,2506,2539
15.08.2021 18:00 - 15.08.2021 19:00,2523,2540
15.08.2021 19:00 - 15.08.2021 20:00,2404,2422
15.08.2021 20:00 - 15.08.2021 21:00,2316,2307
15.08.2021 21:00 - 15.08.2021 22:00,2294,2220
15.08.2021 22:00 - 15.08.2021 23:00,2183,2115
15.08.2021 23:00 - 16.08.2021 00:00,2070,2014
16.08.2021 00:00 - 16.08.2021 01:00,1979,1967
16.08.2021 01:00 - 16.08.2021 02:00,1921,1912
16.08.2021 02:00 - 16.08.2021 03:00,1888,1853
16.08.2021 03:00 - 16.08.2021 04:00,1919,1917
16.08.2021 04:00 - 16.08.2021 05:00,1953,1902
16.08.2021 05:00 - 16.08.2021 06:00,2049,2038
16.08.2021 06:00 - 16.08.2021 07:00,2346,2359
16.08.2021 07:00 - 16.08.2021 08:00,2691,2694
16.08.2021 08:00 - 16.08.2021 09:00,2906,2877
16.08.2021 09:00 - 16.08.2021 10:00,2974,2977
16.08.2021 10:00 - 16.08.2021 11:00,3145,3086
16.08.2021 11:00 - 16.08.2021 12:00,3126,3111
16.08.2021 12:00 - 16.08.2021 13:00,3104,3117
16.08.2021 13:00 - 16.08.2021 14:00,3147,3126
16.08.2021 14:00 - 16.08.2021 15:00,3014,2980
16.08.2021 15:00 - 16.08.2021 16:00,2860,2852
16.08.2021 16:00 - 16.08.2021 17:00,2784,2816
16.08.2021 17:00 - 16.08.2021 18:00,2924,2949
16.08.2021 18:00 - 16.08.2021 19:00,2803,2879
16.08.2021 19:00 - 16.08.2021 20:00,2720,2749
16.08.2021 20:00 - 16.08.2021 21:00,2602,2598
16.08.2021 21:00 - 16.08.2021 22:00,2556,2543
16.08.2021 22:00 - 16.08.2021 23:00,2409,2349
16.08.2021 23:00 - 17.08.2021 00:00,2222,2182
17.08.2021 00:00 - 17.08.2021 01:00,2058,2075
17.08.2021 01:00 - 17.08.2021 02:00,2002,2026
17.08.2021 02:00 - 17.08.2021 03:00,1995,2006
17.08.2021 03:00 - 17.08.2021 04:00,2021,2055
17.08.2021 04:00 - 17.08.2021 05:00,2105,2144
17.08.2021 05:00 - 17.08.2021 06:00,2271,2274
17.08.2021 06:00 - 17.08.2021 07:00,2478,2456
17.08.2021 07:00 - 17.08.2021 08:00,2745,2757
17.08.2021 08:00 - 17.08.2021 09:00,2928,2914
17.08.2021 09:00 - 17.08.2021 10:00,2951,2952
17.08.2021 10:00 - 17.08.2021 11:00,3038,3027
17.08.2021 11:00 - 17.08.2021 12:00,3057,3031
17.08.2021 12:00 - 17.08.2021 13:00,2987,2986
17.08.2021 13:00 - 17.08.2021 14:00,3004,3000
17.08.2021 14:00 - 17.08.2021 15:00,2948,2975
17.08.2021 15:00 - 17.08.2021 16:00,2829,2940
17.08.2021 16:00 - 17.08.2021 17:00,2924,2995
17.08.2021 17:00 - 17.08.2021 18:00,3143,3222
17.08.2021 18:00 - 17.08.2021 19:00,3108,3092
17.08.2021 19:00 - 17.08.2021 20:00,2934,2943
17.08.2021 20:00 - 17.08.2021 21:00,2870,2870
17.08.2021 21:00 - 17.08.2021 22:00,2813,2815
17.08.2021 22:00 - 17.08.2021 23:00,2633,2598
17.08.2021 23:00 - 18.08.2021 00:00,2414,2431
18.08.2021 00:00 - 18.08.2021 01:00,2286,2217
18.08.2021 01:00 - 18.08.2021 02:00,2111,2100
18.08.2021 02:00 - 18.08.2021 03:00,2040,2006
18.08.2021 03:00 - 18.08.2021 04:00,1990,1936
18.08.2021 04:00 - 18.08.2021 05:00,2000,1976
18.08.2021 05:00 - 18.08.2021 06:00,2220,2221
18.08.2021 06:00 - 18.08.2021 07:00,2510,2554
18.08.2021 07:00 - 18.08.2021 08:00,2885,2920
18.08.2021 08:00 - 18.08.2021 09:00,3098,3064
18.08.2021 09:00 - 18.08.2021 10:00,3073,2999
18.08.2021 10:00 - 18.08.2021 11:00,3114,3099
18.08.2021 11:00 - 18.08.2021 12:00,3127,3124
18.08.2021 12:00 - 18.08.2021 13:00,3047,3005
18.08.2021 13:00 - 18.08.2021 14:00,3021,3014
18.08.2021 14:00 - 18.08.2021 15:00,2943,2952
18.08.2021 15:00 - 18.08.2021 16:00,2831,2898
18.08.2021 16:00 - 18.08.2021 17:00,2856,2899
18.08.2021 17:00 - 18.08.2021 18:00,3007,3064
18.08.2021 18:00 - 18.08.2021 19:00,2961,3009
18.08.2021 19:00 - 18.08.2021 20:00,2834,2806
18.08.2021 20:00 - 18.08.2021 21:00,2673,2703
18.08.2021 21:00 - 18.08.2021 22:00,2651,2675
18.08.2021 22:00 - 18.08.2021 23:00,2484,2394
18.08.2021 23:00 - 19.08.2021 00:00,2308,2256
19.08.2021 00:00 - 19.08.2021 01:00,2134,2140
19.08.2021 01:00 - 19.08.2021 02:00,2063,2047
19.08.2021 02:00 - 19.08.2021 03:00,1987,1979
19.08.2021 03:00 - 19.08.2021 04:00,1991,1978
19.08.2021 04:00 - 19.08.2021 05:00,2039,2008
19.08.2021 05:00 - 19.08.2021 06:00,2162,2123
19.08.2021 06:00 - 19.08.2021 07:00,2366,2418
19.08.2021 07:00 - 19.08.2021 08:00,2679,2797
19.08.2021 08:00 - 19.08.2021 09:00,2970,2906
19.08.2021 09:00 - 19.08.2021 10:00,3006,2939
19.08.2021 10:00 - 19.08.2021 11:00,3064,3002
19.08.2021 11:00 - 19.08.2021 12:00,3092,3038
19.08.2021 12:00 - 19.08.2021 13:00,3023,3019
19.08.2021 13:00 - 19.08.2021 14:00,3006,3021
19.08.2021 14:00 - 19.08.2021 15:00,2970,2987
19.08.2021 15:00 - 19.08.2021 16:00,2874,2863
19.08.2021 16:00 - 19.08.2021 17:00,2824,2856
19.08.2021 17:00 - 19.08.2021 18:00,2924,2940
19.08.2021 18:00 - 19.08.2021 19:00,2859,2880
19.08.2021 19:00 - 19.08.2021 20:00,2739,2741
19.08.2021 20:00 - 19.08.2021 21:00,2628,2543
19.08.2021 21:00 - 19.08.2021 22:00,2576,2501
19.08.2021 22:00 - 19.08.2021 23:00,2442,2361
19.08.2021 23:00 - 20.08.2021 00:00,2267,2175
20.08.2021 00:00 - 20.08.2021 01:00,2040,2040
20.08.2021 01:00 - 20.08.2021 02:00,1965,1985
20.08.2021 02:00 - 20.08.2021 03:00,1968,1951
20.08.2021 03:00 - 20.08.2021 04:00,1971,1922
20.08.2021 04:00 - 20.08.2021 05:00,2011,1869
20.08.2021 05:00 - 20.08.2021 06:00,2114,2077
20.08.2021 06:00 - 20.08.2021 07:00,2376,2401
20.08.2021 07:00 - 20.08.2021 08:00,2713,2738
20.08.2021 08:00 - 20.08.2021 09:00,2907,2910
20.08.2021 09:00 - 20.08.2021 10:00,2943,2933
20.08.2021 10:00 - 20.08.2021 11:00,3014,2986
20.08.2021 11:00 - 20.08.2021 12:00,2985,2972
20.08.2021 12:00 - 20.08.2021 13:00,2895,2861
20.08.2021 13:00 - 20.08.2021 14:00,2829,2802
20.08.2021 14:00 - 20.08.2021 15:00,2703,2676
20.08.2021 15:00 - 20.08.2021 16:00,2595,2631
20.08.2021 16:00 - 20.08.2021 17:00,2590,2633
20.08.2021 17:00 - 20.08.2021 18:00,2698,2725
20.08.2021 18:00 - 20.08.2021 19:00,2614,2683
20.08.2021 19:00 - 20.08.2021 20:00,2489,2522
20.08.2021 20:00 - 20.08.2021 21:00,2353,2299
20.08.2021 21:00 - 20.08.2021 22:00,2319,2275
20.08.2021 22:00 - 20.08.2021 23:00,2157,2108
20.08.2021 23:00 - 21.08.2021 00:00,1962,2034
21.08.2021 00:00 - 21.08.2021 01:00,1781,1908
21.08.2021 01:00 - 21.08.2021 02:00,1792,1839
21.08.2021 02:00 - 21.08.2021 03:00,1765,1793
21.08.2021 03:00 - 21.08.2021 04:00,1746,1776
21.08.2021 04:00 - 21.08.2021 05:00,1766,1780
21.08.2021 05:00 - 21.08.2021 06:00,1813,1832
21.08.2021 06:00 - 21.08.2021 07:00,1897,1902
21.08.2021 07:00 - 21.08.2021 08:00,2076,2086
21.08.2021 08:00 - 21.08.2021 09:00,2293,2274
21.08.2021 09:00 - 21.08.2021 10:00,2409,2379
21.08.2021 10:00 - 21.08.2021 11:00,2452,2418
21.08.2021 11:00 - 21.08.2021 12:00,2446,2396
21.08.2021 12:00 - 21.08.2021 13:00,2375,2347
21.08.2021 13:00 - 21.08.2021 14:00,2345,2317
21.08.2021 14:00 - 21.08.2021 15:00,2308,2280
21.08.2021 15:00 - 21.08.2021 16:00,2245,2259
21.08.2021 16:00 - 21.08.2021 17:00,2266,2294
21.08.2021 17:00 - 21.08.2021 18:00,2399,2437
21.08.2021 18:00 - 21.08.2021 19:00,2396,2464
21.08.2021 19:00 - 21.08.2021 20:00,2285,2331
21.08.2021 20:00 - 21.08.2021 21:00,2211,2220
21.08.2021 21:00 - 21.08.2021 22:00,2167,2198
21.08.2021 22:00 - 21.08.2021 23:00,1993,2097
21.08.2021 23:00 - 22.08.2021 00:00,1815,1966
22.08.2021 00:00 - 22.08.2021 01:00,1833,1819
22.08.2021 01:00 - 22.08.2021 02:00,1732,1744
22.08.2021 02:00 - 22.08.2021 03:00,1671,1700
22.08.2021 03:00 - 22.08.2021 04:00,1641,1677
22.08.2021 04:00 - 22.08.2021 05:00,1660,1689
22.08.2021 05:00 - 22.08.2021 06:00,1715,1735
22.08.2021 06:00 - 22.08.2021 07:00,1785,1777
22.08.2021 07:00 - 22.08.2021 08:00,1942,1921
22.08.2021 08:00 - 22.08.2021 09:00,2118,2101
22.08.2021 09:00 - 22.08.2021 10:00,2249,2233
22.08.2021 10:00 - 22.08.2021 11:00,2356,2289
22.08.2021 11:00 - 22.08.2021 12:00,2351,2276
22.08.2021 12:00 - 22.08.2021 13:00,2295,2278
22.08.2021 13:00 - 22.08.2021 14:00,2310,2282
22.08.2021 14:00 - 22.08.2021 15:00,2255,2271
22.08.2021 15:00 - 22.08.2021 16:00,2274,2265
22.08.2021 16:00 - 22.08.2021 17:00,2300,2318
22.08.2021 17:00 - 22.08.2021 18:00,2484,2502
22.08.2021 18:00 - 22.08.2021 19:00,2465,2518
22.08.2021 19:00 - 22.08.2021 20:00,2347,2403
22.08.2021 20:00 - 22.08.2021 21:00,2236,2316
22.08.2021 21:00 - 22.08.2021 22:00,2188,2279
22.08.2021 22:00 - 22.08.2021 23:00,2071,2135
22.08.2021 23:00 - 23.08.2021 00:00,1984,1981
23.08.2021 00:00 - 23.08.2021 01:00,1901,1901
23.08.2021 01:00 - 23.08.2021 02:00,1852,1868
23.08.2021 02:00 - 23.08.2021 03:00,1842,1889
23.08.2021 03:00 - 23.08.2021 04:00,1872,1918
23.08.2021 04:00 - 23.08.2021 05:00,1938,1942
23.08.2021 05:00 - 23.08.2021 06:00,2094,2044
23.08.2021 06:00 - 23.08.2021 07:00,2405,2358
23.08.2021 07:00 - 23.08.2021 08:00,2764,2700
23.08.2021 08:00 - 23.08.2021 09:00,2842,2744
23.08.2021 09:00 - 23.08.2021 10:00,2865,2852
23.08.2021 10:00 - 23.08.2021 11:00,3001,3064
23.08.2021 11:00 - 23.08.2021 12:00,3100,3058
23.08.2021 12:00 - 23.08.2021 13:00,3024,3036
23.08.2021 13:00 - 23.08.2021 14:00,3081,3137
23.08.2021 14:00 - 23.08.2021 15:00,3129,3097
23.08.2021 15:00 - 23.08.2021 16:00,2921,2851
23.08.2021 16:00 - 23.08.2021 17:00,2798,2810
23.08.2021 17:00 - 23.08.2021 18:00,2893,2929
23.08.2021 18:00 - 23.08.2021 19:00,2822,2863
23.08.2021 19:00 - 23.08.2021 20:00,2674,2722
23.08.2021 20:00 - 23.08.2021 21:00,2590,2599
23.08.2021 21:00 - 23.08.2021 22:00,2571,2513
23.08.2021 22:00 - 23.08.2021 23:00,2389,2291
23.08.2021 23:00 - 24.08.2021 00:00,2196,2166
24.08.2021 00:00 - 24.08.2021 01:00,2035,2037
24.08.2021 01:00 - 24.08.2021 02:00,1984,1995
24.08.2021 02:00 - 24.08.2021 03:00,1967,1961
24.08.2021 03:00 - 24.08.2021 04:00,1973,2002
24.08.2021 04:00 - 24.08.2021 05:00,2023,2023
24.08.2021 05:00 - 24.08.2021 06:00,2184,2156
24.08.2021 06:00 - 24.08.2021 07:00,2420,2481
24.08.2021 07:00 - 24.08.2021 08:00,2773,2765
24.08.2021 08:00 - 24.08.2021 09:00,2956,2890
24.08.2021 09:00 - 24.08.2021 10:00,3034,2994
24.08.2021 10:00 - 24.08.2021 11:00,3092,3045
24.08.2021 11:00 - 24.08.2021 12:00,3098,3075
24.08.2021 12:00 - 24.08.2021 13:00,3047,3035
24.08.2021 13:00 - 24.08.2021 14:00,3050,3049
24.08.2021 14:00 - 24.08.2021 15:00,2990,2996
24.08.2021 15:00 - 24.08.2021 16:00,2830,2888
24.08.2021 16:00 - 24.08.2021 17:00,2837,2877
24.08.2021 17:00 - 24.08.2021 18:00,2930,2997
24.08.2021 18:00 - 24.08.2021 19:00,2868,2896
24.08.2021 19:00 - 24.08.2021 20:00,2734,2734
24.08.2021 20:00 - 24.08.2021 21:00,2698,2606
24.08.2021 21:00 - 24.08.2021 22:00,2648,2520
24.08.2021 22:00 - 24.08.2021 23:00,2447,2343
24.08.2021 23:00 - 25.08.2021 00:00,2279,2173
25.08.2021 00:00 - 25.08.2021 01:00,2066,2046
25.08.2021 01:00 - 25.08.2021 02:00,1987,2018
25.08.2021 02:00 - 25.08.2021 03:00,1959,1977
25.08.2021 03:00 - 25.08.2021 04:00,1962,1965
25.08.2021 04:00 - 25.08.2021 05:00,2013,1993
25.08.2021 05:00 - 25.08.2021 06:00,2161,2134
25.08.2021 06:00 - 25.08.2021 07:00,2431,2452
25.08.2021 07:00 - 25.08.2021 08:00,2820,2883
25.08.2021 08:00 - 25.08.2021 09:00,3021,2997
25.08.2021 09:00 - 25.08.2021 10:00,3033,3006
25.08.2021 10:00 - 25.08.2021 11:00,3090,3055
25.08.2021 11:00 - 25.08.2021 12:00,3097,3079
25.08.2021 12:00 - 25.08.2021 13:00,3060,3072
25.08.2021 13:00 - 25.08.2021 14:00,3091,3081
25.08.2021 14:00 - 25.08.2021 15:00,3017,3011
25.08.2021 15:00 - 25.08.2021 16:00,2896,2934
25.08.2021 16:00 - 25.08.2021 17:00,2892,2896
25.08.2021 17:00 - 25.08.2021 18:00,3034,3100
25.08.2021 18:00 - 25.08.2021 19:00,2965,2978
25.08.2021 19:00 - 25.08.2021 20:00,2824,2830
25.08.2021 20:00 - 25.08.2021 21:00,2755,2731
25.08.2021 21:00 - 25.08.2021 22:00,2677,2673
25.08.2021 22:00 - 25.08.2021 23:00,2474,2468
25.08.2021 23:00 - 26.08.2021 00:00,2276,2177
26.08.2021 00:00 - 26.08.2021 01:00,2045,2031
26.08.2021 01:00 - 26.08.2021 02:00,1980,1990
26.08.2021 02:00 - 26.08.2021 03:00,1970,1941
26.08.2021 03:00 - 26.08.2021 04:00,1915,1944
26.08.2021 04:00 - 26.08.2021 05:00,1986,1988
26.08.2021 05:00 - 26.08.2021 06:00,2146,2111
26.08.2021 06:00 - 26.08.2021 07:00,2421,2429
26.08.2021 07:00 - 26.08.2021 08:00,2785,2785
26.08.2021 08:00 - 26.08.2021 09:00,2941,2939
26.08.2021 09:00 - 26.08.2021 10:00,3007,2984
26.08.2021 10:00 - 26.08.2021 11:00,3057,3025
26.08.2021 11:00 - 26.08.2021 12:00,3067,3065
26.08.2021 12:00 - 26.08.2021 13:00,3054,3110
26.08.2021 13:00 - 26.08.2021 14:00,3141,3172
26.08.2021 14:00 - 26.08.2021 15:00,3069,3027
26.08.2021 15:00 - 26.08.2021 16:00,2897,2896
26.08.2021 16:00 - 26.08.2021 17:00,2905,2988
26.08.2021 17:00 - 26.08.2021 18:00,3081,3132
26.08.2021 18:00 - 26.08.2021 19:00,3005,3023
26.08.2021 19:00 - 26.08.2021 20:00,2819,2806
26.08.2021 20:00 - 26.08.2021 21:00,2680,2659
26.08.2021 21:00 - 26.08.2021 22:00,2591,2584
26.08.2021 22:00 - 26.08.2021 23:00,2439,2393
26.08.2021 23:00 - 27.08.2021 00:00,2294,2211
27.08.2021 00:00 - 27.08.2021 01:00,2095,2090
27.08.2021 01:00 - 27.08.2021 02:00,2008,2030
27.08.2021 02:00 - 27.08.2021 03:00,1976,1989
27.08.2021 03:00 - 27.08.2021 04:00,1989,1992
27.08.2021 04:00 - 27.08.2021 05:00,2041,2054
27.08.2021 05:00 - 27.08.2021 06:00,2223,2247
27.08.2021 06:00 - 27.08.2021 07:00,2571,2605
27.08.2021 07:00 - 27.08.2021 08:00,2886,2895
27.08.2021 08:00 - 27.08.2021 09:00,3093,3175
27.08.2021 09:00 - 27.08.2021 10:00,3150,3133
27.08.2021 10:00 - 27.08.2021 11:00,3221,3253
27.08.2021 11:00 - 27.08.2021 12:00,3167,3122
27.08.2021 12:00 - 27.08.2021 13:00,3025,2991
27.08.2021 13:00 - 27.08.2021 14:00,2892,2846
27.08.2021 14:00 - 27.08.2021 15:00,2722,2736
27.08.2021 15:00 - 27.08.2021 16:00,2643,2665
27.08.2021 16:00 - 27.08.2021 17:00,2670,2713
27.08.2021 17:00 - 27.08.2021 18:00,2814,2828
27.08.2021 18:00 - 27.08.2021 19:00,2742,2738
27.08.2021 19:00 - 27.08.2021 20:00,2551,2564
27.08.2021 20:00 - 27.08.2021 21:00,2479,2474
27.08.2021 21:00 - 27.08.2021 22:00,2415,2362
27.08.2021 22:00 - 27.08.2021 23:00,2243,2208
27.08.2021 23:00 - 28.08.2021 00:00,2067,2055
28.08.2021 00:00 - 28.08.2021 01:00,1917,1949
28.08.2021 01:00 - 28.08.2021 02:00,1844,1847
28.08.2021 02:00 - 28.08.2021 03:00,1777,1801
28.08.2021 03:00 - 28.08.2021 04:00,1750,1776
28.08.2021 04:00 - 28.08.2021 05:00,1797,1823
28.08.2021 05:00 - 28.08.2021 06:00,1870,1866
28.08.2021 06:00 - 28.08.2021 07:00,1945,2043
28.08.2021 07:00 - 28.08.2021 08:00,2187,2298
28.08.2021 08:00 - 28.08.2021 09:00,2419,2370
28.08.2021 09:00 - 28.08.2021 10:00,2521,2521
28.08.2021 10:00 - 28.08.2021 11:00,2562,2489
28.08.2021 11:00 - 28.08.2021 12:00,2510,2466
28.08.2021 12:00 - 28.08.2021 13:00,2460,2406
28.08.2021 13:00 - 28.08.2021 14:00,2419,2387
28.08.2021 14:00 - 28.08.2021 15:00,2368,2362
28.08.2021 15:00 - 28.08.2021 16:00,2323,2360
28.08.2021 16:00 - 28.08.2021 17:00,2355,2461
28.08.2021 17:00 - 28.08.2021 18:00,2545,2629
28.08.2021 18:00 - 28.08.2021 19:00,2621,2692
28.08.2021 19:00 - 28.08.2021 20:00,2503,2544
28.08.2021 20:00 - 28.08.2021 21:00,2382,2340
28.08.2021 21:00 - 28.08.2021 22:00,2284,2280
28.08.2021 22:00 - 28.08.2021 23:00,2125,2147
28.08.2021 23:00 - 29.08.2021 00:00,1954,2026
29.08.2021 00:00 - 29.08.2021 01:00,1880,1853
29.08.2021 01:00 - 29.08.2021 02:00,1779,1758
29.08.2021 02:00 - 29.08.2021 03:00,1730,1716
29.08.2021 03:00 - 29.08.2021 04:00,1714,1703
29.08.2021 04:00 - 29.08.2021 05:00,1722,1747
29.08.2021 05:00 - 29.08.2021 06:00,1772,1788
29.08.2021 06:00 - 29.08.2021 07:00,1837,1842
29.08.2021 07:00 - 29.08.2021 08:00,1996,1982
29.08.2021 08:00 - 29.08.2021 09:00,2198,2163
29.08.2021 09:00 - 29.08.2021 10:00,2364,2252
29.08.2021 10:00 - 29.08.2021 11:00,2477,2301
29.08.2021 11:00 - 29.08.2021 12:00,2417,2331
29.08.2021 12:00 - 29.08.2021 13:00,2370,2300
29.08.2021 13:00 - 29.08.2021 14:00,2312,2260
29.08.2021 14:00 - 29.08.2021 15:00,2252,2256
29.08.2021 15:00 - 29.08.2021 16:00,2225,2233
29.08.2021 16:00 - 29.08.2021 17:00,2284,2292
29.08.2021 17:00 - 29.08.2021 18:00,2493,2463
29.08.2021 18:00 - 29.08.2021 19:00,2424,2461
29.08.2021 19:00 - 29.08.2021 20:00,2349,2406
29.08.2021 20:00 - 29.08.2021 21:00,2320,2342
29.08.2021 21:00 - 29.08.2021 22:00,2265,2273
29.08.2021 22:00 - 29.08.2021 23:00,2109,2107
29.08.2021 23:00 - 30.08.2021 00:00,1967,1976
30.08.2021 00:00 - 30.08.2021 01:00,1883,1888
30.08.2021 01:00 - 30.08.2021 02:00,1842,1857
30.08.2021 02:00 - 30.08.2021 03:00,1848,1874
30.08.2021 03:00 - 30.08.2021 04:00,1885,1871
30.08.2021 04:00 - 30.08.2021 05:00,1933,1907
30.08.2021 05:00 - 30.08.2021 06:00,2078,2046
30.08.2021 06:00 - 30.08.2021 07:00,2363,2369
30.08.2021 07:00 - 30.08.2021 08:00,2668,2707
30.08.2021 08:00 - 30.08.2021 09:00,2899,2850
30.08.2021 09:00 - 30.08.2021 10:00,2906,2885
30.08.2021 10:00 - 30.08.2021 11:00,3049,3004
30.08.2021 11:00 - 30.08.2021 12:00,3060,3030
30.08.2021 12:00 - 30.08.2021 13:00,2983,2963
30.08.2021 13:00 - 30.08.2021 14:00,3021,2979
30.08.2021 14:00 - 30.08.2021 15:00,2932,2910
30.08.2021 15:00 - 30.08.2021 16:00,2806,2836
30.08.2021 16:00 - 30.08.2021 17:00,2803,2832
30.08.2021 17:00 - 30.08.2021 18:00,2942,2961
30.08.2021 18:00 - 30.08.2021 19:00,2857,2896
30.08.2021 19:00 - 30.08.2021 20:00,2752,2755
30.08.2021 20:00 - 30.08.2021 21:00,2674,2631
30.08.2021 21:00 - 30.08.2021 22:00,2585,2535
30.08.2021 22:00 - 30.08.2021 23:00,2441,2355
30.08.2021 23:00 - 31.08.2021 00:00,2272,2161
31.08.2021 00:00 - 31.08.2021 01:00,2019,2035
31.08.2021 01:00 - 31.08.2021 02:00,1941,1974
31.08.2021 02:00 - 31.08.2021 03:00,1948,1951
31.08.2021 03:00 - 31.08.2021 04:00,1954,1955
31.08.2021 04:00 - 31.08.2021 05:00,2011,2012
31.08.2021 05:00 - 31.08.2021 06:00,2185,2203
31.08.2021 06:00 - 31.08.2021 07:00,2496,2507
31.08.2021 07:00 - 31.08.2021 08:00,2791,2735
31.08.2021 08:00 - 31.08.2021 09:00,2889,2794
31.08.2021 09:00 - 31.08.2021 10:00,2940,2989
31.08.2021 10:00 - 31.08.2021 11:00,3086,3039
31.08.2021 11:00 - 31.08.2021 12:00,3104,3097
31.08.2021 12:00 - 31.08.2021 13:00,3072,3054
31.08.2021 13:00 - 31.08.2021 14:00,3085,3060
31.08.2021 14:00 - 31.08.2021 15:00,2989,2986
31.08.2021 15:00 - 31.08.2021 16:00,2874,2909
31.08.2021 16:00 - 31.08.2021 17:00,2868,2865
31.08.2021 17:00 - 31.08.2021 18:00,2922,2950
31.08.2021 18:00 - 31.08.2021 19:00,2846,2874
31.08.2021 19:00 - 31.08.2021 20:00,2720,2734
31.08.2021 20:00 - 31.08.2021 21:00,2652,2657
31.08.2021 21:00 - 31.08.2021 22:00,2577,2596
31.08.2021 22:00 - 31.08.2021 23:00,2393,2400
31.08.2021 23:00 - 01.09.2021 00:00,2204,2202
01.09.2021 00:00 - 01.09.2021 01:00,2061,2083
01.09.2021 01:00 - 01.09.2021 02:00,1995,2015
01.09.2021 02:00 - 01.09.2021 03:00,2009,2014
01.09.2021 03:00 - 01.09.2021 04:00,2021,2014
01.09.2021 04:00 - 01.09.2021 05:00,2076,2049
01.09.2021 05:00 - 01.09.2021 06:00,2205,2181
01.09.2021 06:00 - 01.09.2021 07:00,2476,2481
01.09.2021 07:00 - 01.09.2021 08:00,2778,2810
01.09.2021 08:00 - 01.09.2021 09:00,2967,2946
01.09.2021 09:00 - 01.09.2021 10:00,3030,3029
01.09.2021 10:00 - 01.09.2021 11:00,3125,3079
01.09.2021 11:00 - 01.09.2021 12:00,3112,3043
01.09.2021 12:00 - 01.09.2021 13:00,2999,2985
01.09.2021 13:00 - 01.09.2021 14:00,3022,2988
01.09.2021 14:00 - 01.09.2021 15:00,2954,2947
01.09.2021 15:00 - 01.09.2021 16:00,2851,2867
01.09.2021 16:00 - 01.09.2021 17:00,2837,2825
01.09.2021 17:00 - 01.09.2021 18:00,2870,2882
01.09.2021 18:00 - 01.09.2021 19:00,2704,2812
01.09.2021 19:00 - 01.09.2021 20:00,2628,2677
01.09.2021 20:00 - 01.09.2021 21:00,2705,2600
01.09.2021 21:00 - 01.09.2021 22:00,2621,2500
01.09.2021 22:00 - 01.09.2021 23:00,2442,2336
01.09.2021 23:00 - 02.09.2021 00:00,2280,2216
02.09.2021 00:00 - 02.09.2021 01:00,2095,2122
02.09.2021 01:00 - 02.09.2021 02:00,2036,2071
02.09.2021 02:00 - 02.09.2021 03:00,2032,2041
02.09.2021 03:00 - 02.09.2021 04:00,2030,2028
02.09.2021 04:00 - 02.09.2021 05:00,2073,2075
02.09.2021 05:00 - 02.09.2021 06:00,2203,2221
02.09.2021 06:00 - 02.09.2021 07:00,2495,2554
02.09.2021 07:00 - 02.09.2021 08:00,2849,2886
02.09.2021 08:00 - 02.09.2021 09:00,3022,3018
02.09.2021 09:00 - 02.09.2021 10:00,3038,3001
02.09.2021 10:00 - 02.09.2021 11:00,3102,3030
02.09.2021 11:00 - 02.09.2021 12:00,3092,3028
02.09.2021 12:00 - 02.09.2021 13:00,3014,2953
02.09.2021 13:00 - 02.09.2021 14:00,2978,2963
02.09.2021 14:00 - 02.09.2021 15:00,2937,2938
02.09.2021 15:00 - 02.09.2021 16:00,2861,2855
02.09.2021 16:00 - 02.09.2021 17:00,2803,2822
02.09.2021 17:00 - 02.09.2021 18:00,2873,2924
02.09.2021 18:00 - 02.09.2021 19:00,2763,2848
02.09.2021 19:00 - 02.09.2021 20:00,2694,2700
02.09.2021 20:00 - 02.09.2021 21:00,2707,2559
02.09.2021 21:00 - 02.09.2021 22:00,2609,2554
02.09.2021 22:00 - 02.09.2021 23:00,2439,2396
02.09.2021 23:00 - 03.09.2021 00:00,2278,2184
03.09.2021 00:00 - 03.09.2021 01:00,2040,2056
03.09.2021 01:00 - 03.09.2021 02:00,1980,2019
03.09.2021 02:00 - 03.09.2021 03:00,1980,1983
03.09.2021 03:00 - 03.09.2021 04:00,1973,1964
03.09.2021 04:00 - 03.09.2021 05:00,2021,2002
03.09.2021 05:00 - 03.09.2021 06:00,2168,2158
03.09.2021 06:00 - 03.09.2021 07:00,2439,2454
03.09.2021 07:00 - 03.09.2021 08:00,2748,2760
03.09.2021 08:00 - 03.09.2021 09:00,2918,2910
03.09.2021 09:00 - 03.09.2021 10:00,2923,2876
03.09.2021 10:00 - 03.09.2021 11:00,2957,2915
03.09.2021 11:00 - 03.09.2021 12:00,2992,3012
03.09.2021 12:00 - 03.09.2021 13:00,2899,2888
03.09.2021 13:00 - 03.09.2021 14:00,2792,2784
03.09.2021 14:00 - 03.09.2021 15:00,2652,2718
03.09.2021 15:00 - 03.09.2021 16:00,2590,2638
03.09.2021 16:00 - 03.09.2021 17:00,2628,2639
03.09.2021 17:00 - 03.09.2021 18:00,2705,2731
03.09.2021 18:00 - 03.09.2021 19:00,2613,2670
03.09.2021 19:00 - 03.09.2021 20:00,2473,2520
03.09.2021 20:00 - 03.09.2021 21:00,2451,2426
03.09.2021 21:00 - 03.09.2021 22:00,2357,2322
03.09.2021 22:00 - 03.09.2021 23:00,2172,2172
03.09.2021 23:00 - 04.09.2021 00:00,2013,2018
04.09.2021 00:00 - 04.09.2021 01:00,1904,1915
04.09.2021 01:00 - 04.09.2021 02:00,1818,1844
04.09.2021 02:00 - 04.09.2021 03:00,1772,1809
04.09.2021 03:00 - 04.09.2021 04:00,1759,1788
04.09.2021 04:00 - 04.09.2021 05:00,1780,1800
04.09.2021 05:00 - 04.09.2021 06:00,1840,1838
04.09.2021 06:00 - 04.09.2021 07:00,1928,1925
04.09.2021 07:00 - 04.09.2021 08:00,2116,2085
04.09.2021 08:00 - 04.09.2021 09:00,2315,2281
04.09.2021 09:00 - 04.09.2021 10:00,2415,2384
04.09.2021 10:00 - 04.09.2021 11:00,2427,2393
04.09.2021 11:00 - 04.09.2021 12:00,2407,2386
04.09.2021 12:00 - 04.09.2021 13:00,2389,2361
04.09.2021 13:00 - 04.09.2021 14:00,2348,2323
04.09.2021 14:00 - 04.09.2021 15:00,2303,2284
04.09.2021 15:00 - 04.09.2021 16:00,2265,2253
04.09.2021 16:00 - 04.09.2021 17:00,2260,2266
04.09.2021 17:00 - 04.09.2021 18:00,2387,2406
04.09.2021 18:00 - 04.09.2021 19:00,2373,2410
04.09.2021 19:00 - 04.09.2021 20:00,2238,2266
04.09.2021 20:00 - 04.09.2021 21:00,2192,2223
04.09.2021 21:00 - 04.09.2021 22:00,2118,2173
04.09.2021 22:00 - 04.09.2021 23:00,1949,2044
04.09.2021 23:00 - 05.09.2021 00:00,1814,1921
05.09.2021 00:00 - 05.09.2021 01:00,1816,1826
05.09.2021 01:00 - 05.09.2021 02:00,1736,1765
05.09.2021 02:00 - 05.09.2021 03:00,1705,1733
05.09.2021 03:00 - 05.09.2021 04:00,1695,1713
05.09.2021 04:00 - 05.09.2021 05:00,1715,1719
05.09.2021 05:00 - 05.09.2021 06:00,1754,1755
05.09.2021 06:00 - 05.09.2021 07:00,1828,1826
05.09.2021 07:00 - 05.09.2021 08:00,1972,1949
05.09.2021 08:00 - 05.09.2021 09:00,2166,2134
05.09.2021 09:00 - 05.09.2021 10:00,2288,2239
05.09.2021 10:00 - 05.09.2021 11:00,2332,2288
05.09.2021 11:00 - 05.09.2021 12:00,2344,2329
05.09.2021 12:00 - 05.09.2021 13:00,2343,2329
05.09.2021 13:00 - 05.09.2021 14:00,2334,2325
05.09.2021 14:00 - 05.09.2021 15:00,2327,2303
05.09.2021 15:00 - 05.09.2021 16:00,2297,2274
05.09.2021 16:00 - 05.09.2021 17:00,2318,2307
05.09.2021 17:00 - 05.09.2021 18:00,2483,2503
05.09.2021 18:00 - 05.09.2021 19:00,2431,2486
05.09.2021 19:00 - 05.09.2021 20:00,2306,2392
05.09.2021 20:00 - 05.09.2021 21:00,2354,2369
05.09.2021 21:00 - 05.09.2021 22:00,2248,2260
05.09.2021 22:00 - 05.09.2021 23:00,2081,2114
05.09.2021 23:00 - 06.09.2021 00:00,1939,1932
06.09.2021 00:00 - 06.09.2021 01:00,1843,1905
06.09.2021 01:00 - 06.09.2021 02:00,1833,1864
06.09.2021 02:00 - 06.09.2021 03:00,1844,1853
06.09.2021 03:00 - 06.09.2021 04:00,1833,1850
06.09.2021 04:00 - 06.09.2021 05:00,1905,1903
06.09.2021 05:00 - 06.09.2021 06:00,2060,2069
06.09.2021 06:00 - 06.09.2021 07:00,2420,2389
06.09.2021 07:00 - 06.09.2021 08:00,2738,2731
06.09.2021 08:00 - 06.09.2021 09:00,2919,2933
06.09.2021 09:00 - 06.09.2021 10:00,2992,3004
06.09.2021 10:00 - 06.09.2021 11:00,3118,3089
06.09.2021 11:00 - 06.09.2021 12:00,3125,3102
06.09.2021 12:00 - 06.09.2021 13:00,3020,3002
06.09.2021 13:00 - 06.09.2021 14:00,3038,3045
06.09.2021 14:00 - 06.09.2021 15:00,3004,2965
06.09.2021 15:00 - 06.09.2021 16:00,2945,2848
06.09.2021 16:00 - 06.09.2021 17:00,2879,2803
06.09.2021 17:00 - 06.09.2021 18:00,2967,2899
06.09.2021 18:00 - 06.09.2021 19:00,2857,2851
06.09.2021 19:00 - 06.09.2021 20:00,2704,2671
06.09.2021 20:00 - 06.09.2021 21:00,2647,2547
06.09.2021 21:00 - 06.09.2021 22:00,2532,2484
06.09.2021 22:00 - 06.09.2021 23:00,2373,2323
06.09.2021 23:00 - 07.09.2021 00:00,2210,2139
07.09.2021 00:00 - 07.09.2021 01:00,2028,1996
07.09.2021 01:00 - 07.09.2021 02:00,1925,1930
07.09.2021 02:00 - 07.09.2021 03:00,1913,1939
07.09.2021 03:00 - 07.09.2021 04:00,1946,1947
07.09.2021 04:00 - 07.09.2021 05:00,2011,2014
07.09.2021 05:00 - 07.09.2021 06:00,2142,2148
07.09.2021 06:00 - 07.09.2021 07:00,2446,2456
07.09.2021 07:00 - 07.09.2021 08:00,2781,2762
07.09.2021 08:00 - 07.09.2021 09:00,2923,2875
07.09.2021 09:00 - 07.09.2021 10:00,2929,2885
07.09.2021 10:00 - 07.09.2021 11:00,2997,2987
07.09.2021 11:00 - 07.09.2021 12:00,3031,2952
07.09.2021 12:00 - 07.09.2021 13:00,2983,2959
07.09.2021 13:00 - 07.09.2021 14:00,2993,2984
07.09.2021 14:00 - 07.09.2021 15:00,2943,2935
07.09.2021 15:00 - 07.09.2021 16:00,2803,2838
07.09.2021 16:00 - 07.09.2021 17:00,2733,2819
07.09.2021 17:00 - 07.09.2021 18:00,2865,2910
07.09.2021 18:00 - 07.09.2021 19:00,2785,2801
07.09.2021 19:00 - 07.09.2021 20:00,2656,2698
07.09.2021 20:00 - 07.09.2021 21:00,2672,2678
07.09.2021 21:00 - 07.09.2021 22:00,2599,2538
07.09.2021 22:00 - 07.09.2021 23:00,2389,2362
07.09.2021 23:00 - 08.09.2021 00:00,2204,2182
08.09.2021 00:00 - 08.09.2021 01:00,2064,2053
08.09.2021 01:00 - 08.09.2021 02:00,1996,1994
08.09.2021 02:00 - 08.09.2021 03:00,1982,1965
08.09.2021 03:00 - 08.09.2021 04:00,1969,1965
08.09.2021 04:00 - 08.09.2021 05:00,2031,2003
08.09.2021 05:00 - 08.09.2021 06:00,2143,2149
08.09.2021 06:00 - 08.09.2021 07:00,2451,2462
08.09.2021 07:00 - 08.09.2021 08:00,2779,2802
08.09.2021 08:00 - 08.09.2021 09:00,2934,2936
08.09.2021 09:00 - 08.09.2021 10:00,2985,2967
08.09.2021 10:00 - 08.09.2021 11:00,3081,3077
08.09.2021 11:00 - 08.09.2021 12:00,3098,3057
08.09.2021 12:00 - 08.09.2021 13:00,3037,2999
08.09.2021 13:00 - 08.09.2021 14:00,3018,3007
08.09.2021 14:00 - 08.09.2021 15:00,2967,2956
08.09.2021 15:00 - 08.09.2021 16:00,2861,2885
08.09.2021 16:00 - 08.09.2021 17:00,2837,2877
08.09.2021 17:00 - 08.09.2021 18:00,2958,2959
08.09.2021 18:00 - 08.09.2021 19:00,2847,2876
08.09.2021 19:00 - 08.09.2021 20:00,2726,2730
08.09.2021 20:00 - 08.09.2021 21:00,2692,2658
08.09.2021 21:00 - 08.09.2021 22:00,2558,2559
08.09.2021 22:00 - 08.09.2021 23:00,2369,2360
08.09.2021 23:00 - 09.09.2021 00:00,2205,2176
09.09.2021 00:00 - 09.09.2021 01:00,2048,2072
09.09.2021 01:00 - 09.09.2021 02:00,1983,2016
09.09.2021 02:00 - 09.09.2021 03:00,1972,1985
09.09.2021 03:00 - 09.09.2021 04:00,1996,1995
09.09.2021 04:00 - 09.09.2021 05:00,2033,2017
09.09.2021 05:00 - 09.09.2021 06:00,2174,2160
09.09.2021 06:00 - 09.09.2021 07:00,2454,2473
09.09.2021 07:00 - 09.09.2021 08:00,2785,2781
09.09.2021 08:00 - 09.09.2021 09:00,2938,2921
09.09.2021 09:00 - 09.09.2021 10:00,2961,2950
09.09.2021 10:00 - 09.09.2021 11:00,3057,3178
09.09.2021 11:00 - 09.09.2021 12:00,3145,3222
09.09.2021 12:00 - 09.09.2021 13:00,3167,3175
09.09.2021 13:00 - 09.09.2021 14:00,3200,3190
09.09.2021 14:00 - 09.09.2021 15:00,3147,3114
09.09.2021 15:00 - 09.09.2021 16:00,3016,3014
09.09.2021 16:00 - 09.09.2021 17:00,2947,2901
09.09.2021 17:00 - 09.09.2021 18:00,3001,2971
09.09.2021 18:00 - 09.09.2021 19:00,2859,2879
09.09.2021 19:00 - 09.09.2021 20:00,2736,2662
09.09.2021 20:00 - 09.09.2021 21:00,2636,2569
09.09.2021 21:00 - 09.09.2021 22:00,2475,2529
09.09.2021 22:00 - 09.09.2021 23:00,2367,2341
09.09.2021 23:00 - 10.09.2021 00:00,2260,2138
10.09.2021 00:00 - 10.09.2021 01:00,2016,2023
10.09.2021 01:00 - 10.09.2021 02:00,1932,1958
10.09.2021 02:00 - 10.09.2021 03:00,1911,1933
10.09.2021 03:00 - 10.09.2021 04:00,1927,1927
10.09.2021 04:00 - 10.09.2021 05:00,1940,1978
10.09.2021 05:00 - 10.09.2021 06:00,2098,2116
10.09.2021 06:00 - 10.09.2021 07:00,2423,2446
10.09.2021 07:00 - 10.09.2021 08:00,2733,2721
10.09.2021 08:00 - 10.09.2021 09:00,2865,2887
10.09.2021 09:00 - 10.09.2021 10:00,2913,2951
10.09.2021 10:00 - 10.09.2021 11:00,2989,2985
10.09.2021 11:00 - 10.09.2021 12:00,2982,2971
10.09.2021 12:00 - 10.09.2021 13:00,2901,2926
10.09.2021 13:00 - 10.09.2021 14:00,2857,2912
10.09.2021 14:00 - 10.09.2021 15:00,2785,2821
10.09.2021 15:00 - 10.09.2021 16:00,2683,2726
10.09.2021 16:00 - 10.09.2021 17:00,2685,2711
10.09.2021 17:00 - 10.09.2021 18:00,2785,2794
10.09.2021 18:00 - 10.09.2021 19:00,2699,2730
10.09.2021 19:00 - 10.09.2021 20:00,2578,2559
10.09.2021 20:00 - 10.09.2021 21:00,2503,2476
10.09.2021 21:00 - 10.09.2021 22:00,2342,2333
10.09.2021 22:00 - 10.09.2021 23:00,2198,2136
10.09.2021 23:00 - 11.09.2021 00:00,2058,2039
11.09.2021 00:00 - 11.09.2021 01:00,1928,1951
11.09.2021 01:00 - 11.09.2021 02:00,1866,1887
11.09.2021 02:00 - 11.09.2021 03:00,1797,1856
11.09.2021 03:00 - 11.09.2021 04:00,1816,1859
11.09.2021 04:00 - 11.09.2021 05:00,1864,1881
11.09.2021 05:00 - 11.09.2021 06:00,1916,1921
11.09.2021 06:00 - 11.09.2021 07:00,2009,2032
11.09.2021 07:00 - 11.09.2021 08:00,2163,2144
11.09.2021 08:00 - 11.09.2021 09:00,2393,2336
11.09.2021 09:00 - 11.09.2021 10:00,2461,2430
11.09.2021 10:00 - 11.09.2021 11:00,2493,2484
11.09.2021 11:00 - 11.09.2021 12:00,2534,2514
11.09.2021 12:00 - 11.09.2021 13:00,2534,2479
11.09.2021 13:00 - 11.09.2021 14:00,2503,2496
11.09.2021 14:00 - 11.09.2021 15:00,2434,2423
11.09.2021 15:00 - 11.09.2021 16:00,2372,2387
11.09.2021 16:00 - 11.09.2021 17:00,2356,2354
11.09.2021 17:00 - 11.09.2021 18:00,2438,2477
11.09.2021 18:00 - 11.09.2021 19:00,2429,2435
11.09.2021 19:00 - 11.09.2021 20:00,2319,2330
11.09.2021 20:00 - 11.09.2021 21:00,2296,2282
11.09.2021 21:00 - 11.09.2021 22:00,2157,2155
11.09.2021 22:00 - 11.09.2021 23:00,2066,2027
11.09.2021 23:00 - 12.09.2021 00:00,1957,1916
12.09.2021 00:00 - 12.09.2021 01:00,1790,1815
12.09.2021 01:00 - 12.09.2021 02:00,1722,1758
12.09.2021 02:00 - 12.09.2021 03:00,1721,1717
12.09.2021 03:00 - 12.09.2021 04:00,1701,1698
12.09.2021 04:00 - 12.09.2021 05:00,1706,1704
12.09.2021 05:00 - 12.09.2021 06:00,1748,1753
12.09.2021 06:00 - 12.09.2021 07:00,1837,1815
12.09.2021 07:00 - 12.09.2021 08:00,1955,1940
12.09.2021 08:00 - 12.09.2021 09:00,2119,2132
12.09.2021 09:00 - 12.09.2021 10:00,2291,2259
12.09.2021 10:00 - 12.09.2021 11:00,2346,2318
12.09.2021 11:00 - 12.09.2021 12:00,2410,2423
12.09.2021 12:00 - 12.09.2021 13:00,2395,2428
12.09.2021 13:00 - 12.09.2021 14:00,2316,2289
12.09.2021 14:00 - 12.09.2021 15:00,2337,2413
12.09.2021 15:00 - 12.09.2021 16:00,2387,2384
12.09.2021 16:00 - 12.09.2021 17:00,2392,2326
12.09.2021 17:00 - 12.09.2021 18:00,2530,2504
12.09.2021 18:00 - 12.09.2021 19:00,2471,2476
12.09.2021 19:00 - 12.09.2021 20:00,2379,2397
12.09.2021 20:00 - 12.09.2021 21:00,2344,2333
12.09.2021 21:00 - 12.09.2021 22:00,2203,2206
12.09.2021 22:00 - 12.09.2021 23:00,2065,2071
12.09.2021 23:00 - 13.09.2021 00:00,1963,1935
13.09.2021 00:00 - 13.09.2021 01:00,1865,1870
13.09.2021 01:00 - 13.09.2021 02:00,1836,1846
13.09.2021 02:00 - 13.09.2021 03:00,1842,1835
13.09.2021 03:00 - 13.09.2021 04:00,1843,1845
13.09.2021 04:00 - 13.09.2021 05:00,1888,1891
13.09.2021 05:00 - 13.09.2021 06:00,2045,2048
13.09.2021 06:00 - 13.09.2021 07:00,2413,2396
13.09.2021 07:00 - 13.09.2021 08:00,2738,2738
13.09.2021 08:00 - 13.09.2021 09:00,2899,2915
13.09.2021 09:00 - 13.09.2021 10:00,3009,2994
13.09.2021 10:00 - 13.09.2021 11:00,3095,3038
13.09.2021 11:00 - 13.09.2021 12:00,3090,3055
13.09.2021 12:00 - 13.09.2021 13:00,3023,3043
13.09.2021 13:00 - 13.09.2021 14:00,3075,3047
13.09.2021 14:00 - 13.09.2021 15:00,2984,2998
13.09.2021 15:00 - 13.09.2021 16:00,2833,2880
13.09.2021 16:00 - 13.09.2021 17:00,2830,2868
13.09.2021 17:00 - 13.09.2021 18:00,2927,2956
13.09.2021 18:00 - 13.09.2021 19:00,2799,2773
13.09.2021 19:00 - 13.09.2021 20:00,2626,2611
13.09.2021 20:00 - 13.09.2021 21:00,2577,2529
13.09.2021 21:00 - 13.09.2021 22:00,2437,2439
13.09.2021 22:00 - 13.09.2021 23:00,2259,2322
13.09.2021 23:00 - 14.09.2021 00:00,2113,2188
14.09.2021 00:00 - 14.09.2021 01:00,2095,2108
14.09.2021 01:00 - 14.09.2021 02:00,2043,2064
14.09.2021 02:00 - 14.09.2021 03:00,2035,2024
14.09.2021 03:00 - 14.09.2021 04:00,2035,2010
14.09.2021 04:00 - 14.09.2021 05:00,2066,2036
14.09.2021 05:00 - 14.09.2021 06:00,2181,2202
14.09.2021 06:00 - 14.09.2021 07:00,2495,2557
14.09.2021 07:00 - 14.09.2021 08:00,2786,2786
14.09.2021 08:00 - 14.09.2021 09:00,2912,2932
14.09.2021 09:00 - 14.09.2021 10:00,3013,3046
14.09.2021 10:00 - 14.09.2021 11:00,3109,3054
14.09.2021 11:00 - 14.09.2021 12:00,3113,3107
14.09.2021 12:00 - 14.09.2021 13:00,3063,3037
14.09.2021 13:00 - 14.09.2021 14:00,3070,3066
14.09.2021 14:00 - 14.09.2021 15:00,2991,2989
14.09.2021 15:00 - 14.09.2021 16:00,2908,2962
14.09.2021 16:00 - 14.09.2021 17:00,2866,2870
14.09.2021 17:00 - 14.09.2021 18:00,2913,2876
14.09.2021 18:00 - 14.09.2021 19:00,2758,2779
14.09.2021 19:00 - 14.09.2021 20:00,2654,2598
14.09.2021 20:00 - 14.09.2021 21:00,2596,2551
14.09.2021 21:00 - 14.09.2021 22:00,2505,2535
14.09.2021 22:00 - 14.09.2021 23:00,2370,2347
14.09.2021 23:00 - 15.09.2021 00:00,2229,2170
15.09.2021 00:00 - 15.09.2021 01:00,2027,2044
15.09.2021 01:00 - 15.09.2021 02:00,1934,1973
15.09.2021 02:00 - 15.09.2021 03:00,1946,1962
15.09.2021 03:00 - 15.09.2021 04:00,1964,1967
15.09.2021 04:00 - 15.09.2021 05:00,2022,2017
15.09.2021 05:00 - 15.09.2021 06:00,2150,2146
15.09.2021 06:00 - 15.09.2021 07:00,2455,2503
15.09.2021 07:00 - 15.09.2021 08:00,2784,2801
15.09.2021 08:00 - 15.09.2021 09:00,2931,2943
15.09.2021 09:00 - 15.09.2021 10:00,2987,3008
15.09.2021 10:00 - 15.09.2021 11:00,3104,3052
15.09.2021 11:00 - 15.09.2021 12:00,3106,3128
15.09.2021 12:00 - 15.09.2021 13:00,3128,3173
15.09.2021 13:00 - 15.09.2021 14:00,3190,3153
15.09.2021 14:00 - 15.09.2021 15:00,3069,3074
15.09.2021 15:00 - 15.09.2021 16:00,2943,2983
15.09.2021 16:00 - 15.09.2021 17:00,2930,2975
15.09.2021 17:00 - 15.09.2021 18:00,3024,3029
15.09.2021 18:00 - 15.09.2021 19:00,2930,2978
15.09.2021 19:00 - 15.09.2021 20:00,2859,2837
15.09.2021 20:00 - 15.09.2021 21:00,2770,2729
15.09.2021 21:00 - 15.09.2021 22:00,2611,2591
15.09.2021 22:00 - 15.09.2021 23:00,2461,2400
15.09.2021 23:00 - 16.09.2021 00:00,2308,2230
16.09.2021 00:00 - 16.09.2021 01:00,2102,2111
16.09.2021 01:00 - 16.09.2021 02:00,2027,2052
16.09.2021 02:00 - 16.09.2021 03:00,2015,2045
16.09.2021 03:00 - 16.09.2021 04:00,2033,2058
16.09.2021 04:00 - 16.09.2021 05:00,2111,2112
16.09.2021 05:00 - 16.09.2021 06:00,2243,2260
16.09.2021 06:00 - 16.09.2021 07:00,2528,2609
16.09.2021 07:00 - 16.09.2021 08:00,2843,2894
16.09.2021 08:00 - 16.09.2021 09:00,2983,2925
16.09.2021 09:00 - 16.09.2021 10:00,2997,3000
16.09.2021 10:00 - 16.09.2021 11:00,3107,3143
16.09.2021 11:00 - 16.09.2021 12:00,3139,3080
16.09.2021 12:00 - 16.09.2021 13:00,3105,3057
16.09.2021 13:00 - 16.09.2021 14:00,3108,3074
16.09.2021 14:00 - 16.09.2021 15:00,3000,2990
16.09.2021 15:00 - 16.09.2021 16:00,2889,2903
16.09.2021 16:00 - 16.09.2021 17:00,2870,2910
16.09.2021 17:00 - 16.09.2021 18:00,2995,2987
16.09.2021 18:00 - 16.09.2021 19:00,2869,2907
16.09.2021 19:00 - 16.09.2021 20:00,2814,2818
16.09.2021 20:00 - 16.09.2021 21:00,2795,2756
16.09.2021 21:00 - 16.09.2021 22:00,2644,2560
16.09.2021 22:00 - 16.09.2021 23:00,2479,2352
16.09.2021 23:00 - 17.09.2021 00:00,2327,2156
17.09.2021 00:00 - 17.09.2021 01:00,2045,2057
17.09.2021 01:00 - 17.09.2021 02:00,1967,2004
17.09.2021 02:00 - 17.09.2021 03:00,1948,1998
17.09.2021 03:00 - 17.09.2021 04:00,1978,2001
17.09.2021 04:00 - 17.09.2021 05:00,2044,2039
17.09.2021 05:00 - 17.09.2021 06:00,2193,2255
17.09.2021 06:00 - 17.09.2021 07:00,2509,2520
17.09.2021 07:00 - 17.09.2021 08:00,2784,2823
17.09.2021 08:00 - 17.09.2021 09:00,2927,2948
17.09.2021 09:00 - 17.09.2021 10:00,2950,2989
17.09.2021 10:00 - 17.09.2021 11:00,3061,3054
17.09.2021 11:00 - 17.09.2021 12:00,3043,3008
17.09.2021 12:00 - 17.09.2021 13:00,2909,2944
17.09.2021 13:00 - 17.09.2021 14:00,2838,2868
17.09.2021 14:00 - 17.09.2021 15:00,2768,2768
17.09.2021 15:00 - 17.09.2021 16:00,2673,2687
17.09.2021 16:00 - 17.09.2021 17:00,2638,2667
17.09.2021 17:00 - 17.09.2021 18:00,2761,2806
17.09.2021 18:00 - 17.09.2021 19:00,2706,2714
17.09.2021 19:00 - 17.09.2021 20:00,2618,2635
17.09.2021 20:00 - 17.09.2021 21:00,2552,2521
17.09.2021 21:00 - 17.09.2021 22:00,2406,2345
17.09.2021 22:00 - 17.09.2021 23:00,2296,2221
17.09.2021 23:00 - 18.09.2021 00:00,2152,2080
18.09.2021 00:00 - 18.09.2021 01:00,1877,1832
18.09.2021 01:00 - 18.09.2021 02:00,1750,1766
18.09.2021 02:00 - 18.09.2021 03:00,1733,1766
18.09.2021 03:00 - 18.09.2021 04:00,1744,1761
18.09.2021 04:00 - 18.09.2021 05:00,1767,1853
18.09.2021 05:00 - 18.09.2021 06:00,1888,1904
18.09.2021 06:00 - 18.09.2021 07:00,2004,2018
18.09.2021 07:00 - 18.09.2021 08:00,2200,2158
18.09.2021 08:00 - 18.09.2021 09:00,2357,2347
18.09.2021 09:00 - 18.09.2021 10:00,2480,2425
18.09.2021 10:00 - 18.09.2021 11:00,2541,2492
18.09.2021 11:00 - 18.09.2021 12:00,2494,2468
18.09.2021 12:00 - 18.09.2021 13:00,2423,2394
18.09.2021 13:00 - 18.09.2021 14:00,2375,2365
18.09.2021 14:00 - 18.09.2021 15:00,2334,2328
18.09.2021 15:00 - 18.09.2021 16:00,2270,2322
18.09.2021 16:00 - 18.09.2021 17:00,2317,2363
18.09.2021 17:00 - 18.09.2021 18:00,2420,2481
18.09.2021 18:00 - 18.09.2021 19:00,2436,2463
18.09.2021 19:00 - 18.09.2021 20:00,2343,2371
18.09.2021 20:00 - 18.09.2021 21:00,2312,2307
18.09.2021 21:00 - 18.09.2021 22:00,2175,2201
18.09.2021 22:00 - 18.09.2021 23:00,2007,2054
18.09.2021 23:00 - 19.09.2021 00:00,1863,1927
19.09.2021 00:00 - 19.09.2021 01:00,1828,1843
19.09.2021 01:00 - 19.09.2021 02:00,1766,1799
19.09.2021 02:00 - 19.09.2021 03:00,1752,1791
19.09.2021 03:00 - 19.09.2021 04:00,1768,1777
19.09.2021 04:00 - 19.09.2021 05:00,1787,1791
19.09.2021 05:00 - 19.09.2021 06:00,1832,1837
19.09.2021 06:00 - 19.09.2021 07:00,1936,1943
19.09.2021 07:00 - 19.09.2021 08:00,2065,2066
19.09.2021 08:00 - 19.09.2021 09:00,2266,2262
19.09.2021 09:00 - 19.09.2021 10:00,2400,2381
19.09.2021 10:00 - 19.09.2021 11:00,2463,2439
19.09.2021 11:00 - 19.09.2021 12:00,2470,2410
19.09.2021 12:00 - 19.09.2021 13:00,2403,2404
19.09.2021 13:00 - 19.09.2021 14:00,2425,2439
19.09.2021 14:00 - 19.09.2021 15:00,2383,2358
19.09.2021 15:00 - 19.09.2021 16:00,2312,2341
19.09.2021 16:00 - 19.09.2021 17:00,2373,2383
19.09.2021 17:00 - 19.09.2021 18:00,2562,2577
19.09.2021 18:00 - 19.09.2021 19:00,2561,2595
19.09.2021 19:00 - 19.09.2021 20:00,2531,2511
19.09.2021 20:00 - 19.09.2021 21:00,2412,2409
19.09.2021 21:00 - 19.09.2021 22:00,2249,2288
19.09.2021 22:00 - 19.09.2021 23:00,2123,2138
19.09.2021 23:00 - 20.09.2021 00:00,2017,2008
20.09.2021 00:00 - 20.09.2021 01:00,1921,1929
20.09.2021 01:00 - 20.09.2021 02:00,1889,1891
20.09.2021 02:00 - 20.09.2021 03:00,1869,1886
20.09.2021 03:00 - 20.09.2021 04:00,1885,1883
20.09.2021 04:00 - 20.09.2021 05:00,1951,1944
20.09.2021 05:00 - 20.09.2021 06:00,2114,2121
20.09.2021 06:00 - 20.09.2021 07:00,2497,2505
20.09.2021 07:00 - 20.09.2021 08:00,2840,2817
20.09.2021 08:00 - 20.09.2021 09:00,2954,2935
20.09.2021 09:00 - 20.09.2021 10:00,2965,2961
20.09.2021 10:00 - 20.09.2021 11:00,3071,3078
20.09.2021 11:00 - 20.09.2021 12:00,3128,3132
20.09.2021 12:00 - 20.09.2021 13:00,3105,3112
20.09.2021 13:00 - 20.09.2021 14:00,3152,3156
20.09.2021 14:00 - 20.09.2021 15:00,3134,3137
20.09.2021 15:00 - 20.09.2021 16:00,3042,3077
20.09.2021 16:00 - 20.09.2021 17:00,2953,2938
20.09.2021 17:00 - 20.09.2021 18:00,3000,2989
20.09.2021 18:00 - 20.09.2021 19:00,2881,2931
20.09.2021 19:00 - 20.09.2021 20:00,2816,2816
20.09.2021 20:00 - 20.09.2021 21:00,2761,2715
20.09.2021 21:00 - 20.09.2021 22:00,2581,2559
20.09.2021 22:00 - 20.09.2021 23:00,2411,2383
20.09.2021 23:00 - 21.09.2021 00:00,2258,2211
21.09.2021 00:00 - 21.09.2021 01:00,2095,2099
21.09.2021 01:00 - 21.09.2021 02:00,2032,2050
21.09.2021 02:00 - 21.09.2021 03:00,2022,2023
21.09.2021 03:00 - 21.09.2021 04:00,2018,2009
21.09.2021 04:00 - 21.09.2021 05:00,2049,2022
21.09.2021 05:00 - 21.09.2021 06:00,2189,2207
21.09.2021 06:00 - 21.09.2021 07:00,2538,2572
21.09.2021 07:00 - 21.09.2021 08:00,2865,2865
21.09.2021 08:00 - 21.09.2021 09:00,2995,2977
21.09.2021 09:00 - 21.09.2021 10:00,3010,2992
21.09.2021 10:00 - 21.09.2021 11:00,3090,3078
21.09.2021 11:00 - 21.09.2021 12:00,3097,3052
21.09.2021 12:00 - 21.09.2021 13:00,2989,2976
21.09.2021 13:00 - 21.09.2021 14:00,2983,2971
21.09.2021 14:00 - 21.09.2021 15:00,3025,3106
21.09.2021 15:00 - 21.09.2021 16:00,2992,3023
21.09.2021 16:00 - 21.09.2021 17:00,2949,2986
21.09.2021 17:00 - 21.09.2021 18:00,2977,2999
21.09.2021 18:00 - 21.09.2021 19:00,2879,2887
21.09.2021 19:00 - 21.09.2021 20:00,2833,2779
21.09.2021 20:00 - 21.09.2021 21:00,2732,2675
21.09.2021 21:00 - 21.09.2021 22:00,2547,2545
21.09.2021 22:00 - 21.09.2021 23:00,2407,2385
21.09.2021 23:00 - 22.09.2021 00:00,2261,2205
22.09.2021 00:00 - 22.09.2021 01:00,2079,2101
22.09.2021 01:00 - 22.09.2021 02:00,2021,2024
22.09.2021 02:00 - 22.09.2021 03:00,2001,1999
22.09.2021 03:00 - 22.09.2021 04:00,2001,2004
22.09.2021 04:00 - 22.09.2021 05:00,2078,2068
22.09.2021 05:00 - 22.09.2021 06:00,2214,2216
22.09.2021 06:00 - 22.09.2021 07:00,2514,2588
22.09.2021 07:00 - 22.09.2021 08:00,2889,2889
22.09.2021 08:00 - 22.09.2021 09:00,3015,3010
22.09.2021 09:00 - 22.09.2021 10:00,3043,3074
22.09.2021 10:00 - 22.09.2021 11:00,3195,3271
22.09.2021 11:00 - 22.09.2021 12:00,3212,3166
22.09.2021 12:00 - 22.09.2021 13:00,3088,3069
22.09.2021 13:00 - 22.09.2021 14:00,3072,3091
22.09.2021 14:00 - 22.09.2021 15:00,3063,3123
22.09.2021 15:00 - 22.09.2021 16:00,2992,3022
22.09.2021 16:00 - 22.09.2021 17:00,2944,2926
22.09.2021 17:00 - 22.09.2021 18:00,2991,2971
22.09.2021 18:00 - 22.09.2021 19:00,2893,2892
22.09.2021 19:00 - 22.09.2021 20:00,2857,2830
22.09.2021 20:00 - 22.09.2021 21:00,2770,2753
22.09.2021 21:00 - 22.09.2021 22:00,2636,2686
22.09.2021 22:00 - 22.09.2021 23:00,2481,2586
22.09.2021 23:00 - 23.09.2021 00:00,2323,2364
23.09.2021 00:00 - 23.09.2021 01:00,2193,2197
23.09.2021 01:00 - 23.09.2021 02:00,2143,2175
23.09.2021 02:00 - 23.09.2021 03:00,2111,2079
23.09.2021 03:00 - 23.09.2021 04:00,2074,2076
23.09.2021 04:00 - 23.09.2021 05:00,2127,2137
23.09.2021 05:00 - 23.09.2021 06:00,2318,2395
23.09.2021 06:00 - 23.09.2021 07:00,2722,2778
23.09.2021 07:00 - 23.09.2021 08:00,3042,3054
23.09.2021 08:00 - 23.09.2021 09:00,3148,3146
23.09.2021 09:00 - 23.09.2021 10:00,3182,3180
23.09.2021 10:00 - 23.09.2021 11:00,3260,3269
23.09.2021 11:00 - 23.09.2021 12:00,3264,3257
23.09.2021 12:00 - 23.09.2021 13:00,3173,3144
23.09.2021 13:00 - 23.09.2021 14:00,3157,3207
23.09.2021 14:00 - 23.09.2021 15:00,2984,3172
23.09.2021 15:00 - 23.09.2021 16:00,2949,3145
23.09.2021 16:00 - 23.09.2021 17:00,3097,3138
23.09.2021 17:00 - 23.09.2021 18:00,3221,3198
23.09.2021 18:00 - 23.09.2021 19:00,3074,3088
23.09.2021 19:00 - 23.09.2021 20:00,3051,3031
23.09.2021 20:00 - 23.09.2021 21:00,2980,2952
23.09.2021 21:00 - 23.09.2021 22:00,2813,2783
23.09.2021 22:00 - 23.09.2021 23:00,2668,2532
23.09.2021 23:00 - 24.09.2021 00:00,2536,2257
24.09.2021 00:00 - 24.09.2021 01:00,2192,2214
24.09.2021 01:00 - 24.09.2021 02:00,2174,2202
24.09.2021 02:00 - 24.09.2021 03:00,2140,2188
24.09.2021 03:00 - 24.09.2021 04:00,2172,2215
24.09.2021 04:00 - 24.09.2021 05:00,2222,2218
24.09.2021 05:00 - 24.09.2021 06:00,2362,2339
24.09.2021 06:00 - 24.09.2021 07:00,2542,2606
24.09.2021 07:00 - 24.09.2021 08:00,2868,2987
24.09.2021 08:00 - 24.09.2021 09:00,3094,3108
24.09.2021 09:00 - 24.09.2021 10:00,3034,2973
24.09.2021 10:00 - 24.09.2021 11:00,3048,3075
24.09.2021 11:00 - 24.09.2021 12:00,3068,3038
24.09.2021 12:00 - 24.09.2021 13:00,2930,2979
24.09.2021 13:00 - 24.09.2021 14:00,2908,2954
24.09.2021 14:00 - 24.09.2021 15:00,2794,2957
24.09.2021 15:00 - 24.09.2021 16:00,2853,2924
24.09.2021 16:00 - 24.09.2021 17:00,2861,2851
24.09.2021 17:00 - 24.09.2021 18:00,2912,2940
24.09.2021 18:00 - 24.09.2021 19:00,2840,2840
24.09.2021 19:00 - 24.09.2021 20:00,2763,2691
24.09.2021 20:00 - 24.09.2021 21:00,2619,2583
24.09.2021 21:00 - 24.09.2021 22:00,2493,2560
24.09.2021 22:00 - 24.09.2021 23:00,2428,2462
24.09.2021 23:00 - 25.09.2021 00:00,2298,2294
25.09.2021 00:00 - 25.09.2021 01:00,2091,2104
25.09.2021 01:00 - 25.09.2021 02:00,1965,2007
25.09.2021 02:00 - 25.09.2021 03:00,1927,1965
25.09.2021 03:00 - 25.09.2021 04:00,1865,1880
25.09.2021 04:00 - 25.09.2021 05:00,1853,1902
25.09.2021 05:00 - 25.09.2021 06:00,1928,1895
25.09.2021 06:00 - 25.09.2021 07:00,2007,1997
25.09.2021 07:00 - 25.09.2021 08:00,2142,2139
25.09.2021 08:00 - 25.09.2021 09:00,2331,2322
25.09.2021 09:00 - 25.09.2021 10:00,2425,2414
25.09.2021 10:00 - 25.09.2021 11:00,2515,2528
25.09.2021 11:00 - 25.09.2021 12:00,2515,2479
25.09.2021 12:00 - 25.09.2021 13:00,2442,2478
25.09.2021 13:00 - 25.09.2021 14:00,2450,2474
25.09.2021 14:00 - 25.09.2021 15:00,2419,2361
25.09.2021 15:00 - 25.09.2021 16:00,2327,2332
25.09.2021 16:00 - 25.09.2021 17:00,2359,2341
25.09.2021 17:00 - 25.09.2021 18:00,2449,2442
25.09.2021 18:00 - 25.09.2021 19:00,2459,2479
25.09.2021 19:00 - 25.09.2021 20:00,2354,2372
25.09.2021 20:00 - 25.09.2021 21:00,2276,2303
25.09.2021 21:00 - 25.09.2021 22:00,2209,2234
25.09.2021 22:00 - 25.09.2021 23:00,2062,2110
25.09.2021 23:00 - 26.09.2021 00:00,1936,1975
26.09.2021 00:00 - 26.09.2021 01:00,1867,1888
26.09.2021 01:00 - 26.09.2021 02:00,1793,1778
26.09.2021 02:00 - 26.09.2021 03:00,1742,1721
26.09.2021 03:00 - 26.09.2021 04:00,1717,1714
26.09.2021 04:00 - 26.09.2021 05:00,1714,1742
26.09.2021 05:00 - 26.09.2021 06:00,1784,1806
26.09.2021 06:00 - 26.09.2021 07:00,1887,1892
26.09.2021 07:00 - 26.09.2021 08:00,2016,2009
26.09.2021 08:00 - 26.09.2021 09:00,2215,2215
26.09.2021 09:00 - 26.09.2021 10:00,2346,2320
26.09.2021 10:00 - 26.09.2021 11:00,2400,2407
26.09.2021 11:00 - 26.09.2021 12:00,2403,2351
26.09.2021 12:00 - 26.09.2021 13:00,2348,2363
26.09.2021 13:00 - 26.09.2021 14:00,2323,2303
26.09.2021 14:00 - 26.09.2021 15:00,2298,2298
26.09.2021 15:00 - 26.09.2021 16:00,2276,2293
26.09.2021 16:00 - 26.09.2021 17:00,2342,2342
26.09.2021 17:00 - 26.09.2021 18:00,2541,2548
26.09.2021 18:00 - 26.09.2021 19:00,2574,2532
26.09.2021 19:00 - 26.09.2021 20:00,2517,2442
26.09.2021 20:00 - 26.09.2021 21:00,2416,2355
26.09.2021 21:00 - 26.09.2021 22:00,2271,2218
26.09.2021 22:00 - 26.09.2021 23:00,2142,2071
26.09.2021 23:00 - 27.09.2021 00:00,2048,1975
27.09.2021 00:00 - 27.09.2021 01:00,1910,1918
27.09.2021 01:00 - 27.09.2021 02:00,1881,1887
27.09.2021 02:00 - 27.09.2021 03:00,1883,1882
27.09.2021 03:00 - 27.09.2021 04:00,1900,1883
27.09.2021 04:00 - 27.09.2021 05:00,1928,1932
27.09.2021 05:00 - 27.09.2021 06:00,2084,2071
27.09.2021 06:00 - 27.09.2021 07:00,2444,2457
27.09.2021 07:00 - 27.09.2021 08:00,2795,2789
27.09.2021 08:00 - 27.09.2021 09:00,2922,2970
27.09.2021 09:00 - 27.09.2021 10:00,3021,3011
27.09.2021 10:00 - 27.09.2021 11:00,3104,3085
27.09.2021 11:00 - 27.09.2021 12:00,3129,3127
27.09.2021 12:00 - 27.09.2021 13:00,3087,3061
27.09.2021 13:00 - 27.09.2021 14:00,3089,3071
27.09.2021 14:00 - 27.09.2021 15:00,3011,3063
27.09.2021 15:00 - 27.09.2021 16:00,2883,2992
27.09.2021 16:00 - 27.09.2021 17:00,2915,3010
27.09.2021 17:00 - 27.09.2021 18:00,3115,3180
27.09.2021 18:00 - 27.09.2021 19:00,3135,3182
27.09.2021 19:00 - 27.09.2021 20:00,3045,3033
27.09.2021 20:00 - 27.09.2021 21:00,2885,2860
27.09.2021 21:00 - 27.09.2021 22:00,2708,2578
27.09.2021 22:00 - 27.09.2021 23:00,2544,2366
27.09.2021 23:00 - 28.09.2021 00:00,2378,2201
28.09.2021 00:00 - 28.09.2021 01:00,2106,2138
28.09.2021 01:00 - 28.09.2021 02:00,2058,2049
28.09.2021 02:00 - 28.09.2021 03:00,2014,2000
28.09.2021 03:00 - 28.09.2021 04:00,1989,2006
28.09.2021 04:00 - 28.09.2021 05:00,2039,2018
28.09.2021 05:00 - 28.09.2021 06:00,2161,2193
28.09.2021 06:00 - 28.09.2021 07:00,2520,2554
28.09.2021 07:00 - 28.09.2021 08:00,2859,2867
28.09.2021 08:00 - 28.09.2021 09:00,2977,2976
28.09.2021 09:00 - 28.09.2021 10:00,3004,3004
28.09.2021 10:00 - 28.09.2021 11:00,3047,2981
28.09.2021 11:00 - 28.09.2021 12:00,3000,2997
28.09.2021 12:00 - 28.09.2021 13:00,2958,2964
28.09.2021 13:00 - 28.09.2021 14:00,2973,2953
28.09.2021 14:00 - 28.09.2021 15:00,2891,2850
28.09.2021 15:00 - 28.09.2021 16:00,2785,2767
28.09.2021 16:00 - 28.09.2021 17:00,2751,2771
28.09.2021 17:00 - 28.09.2021 18:00,2889,2885
28.09.2021 18:00 - 28.09.2021 19:00,2845,2862
28.09.2021 19:00 - 28.09.2021 20:00,2852,2823
28.09.2021 20:00 - 28.09.2021 21:00,2707,2628
28.09.2021 21:00 - 28.09.2021 22:00,2500,2517
28.09.2021 22:00 - 28.09.2021 23:00,2366,2317
28.09.2021 23:00 - 29.09.2021 00:00,2242,2143
29.09.2021 00:00 - 29.09.2021 01:00,2024,2047
29.09.2021 01:00 - 29.09.2021 02:00,1962,2001
29.09.2021 02:00 - 29.09.2021 03:00,1961,1977
29.09.2021 03:00 - 29.09.2021 04:00,1948,1983
29.09.2021 04:00 - 29.09.2021 05:00,2021,2042
29.09.2021 05:00 - 29.09.2021 06:00,2279,2407
29.09.2021 06:00 - 29.09.2021 07:00,2703,2767
29.09.2021 07:00 - 29.09.2021 08:00,2907,2878
29.09.2021 08:00 - 29.09.2021 09:00,2976,2952
29.09.2021 09:00 - 29.09.2021 10:00,3028,2988
29.09.2021 10:00 - 29.09.2021 11:00,3025,3020
29.09.2021 11:00 - 29.09.2021 12:00,3036,3043
29.09.2021 12:00 - 29.09.2021 13:00,3011,3030
29.09.2021 13:00 - 29.09.2021 14:00,3019,3025
29.09.2021 14:00 - 29.09.2021 15:00,3000,3036
29.09.2021 15:00 - 29.09.2021 16:00,2920,2930
29.09.2021 16:00 - 29.09.2021 17:00,2934,2976
29.09.2021 17:00 - 29.09.2021 18:00,3069,3018
29.09.2021 18:00 - 29.09.2021 19:00,2970,2974
29.09.2021 19:00 - 29.09.2021 20:00,2927,2909
29.09.2021 20:00 - 29.09.2021 21:00,2790,2779
29.09.2021 21:00 - 29.09.2021 22:00,2607,2774
29.09.2021 22:00 - 29.09.2021 23:00,2467,2564
29.09.2021 23:00 - 30.09.2021 00:00,2330,2299
30.09.2021 00:00 - 30.09.2021 01:00,2132,2129
30.09.2021 01:00 - 30.09.2021 02:00,2039,2068
30.09.2021 02:00 - 30.09.2021 03:00,2028,2104
30.09.2021 03:00 - 30.09.2021 04:00,2139,2236
30.09.2021 04:00 - 30.09.2021 05:00,2283,2308
30.09.2021 05:00 - 30.09.2021 06:00,2409,2397
30.09.2021 06:00 - 30.09.2021 07:00,2610,2646
30.09.2021 07:00 - 30.09.2021 08:00,2965,3051
30.09.2021 08:00 - 30.09.2021 09:00,3129,3000
30.09.2021 09:00 - 30.09.2021 10:00,3013,3050
30.09.2021 10:00 - 30.09.2021 11:00,3166,3220
30.09.2021 11:00 - 30.09.2021 12:00,3189,3094
30.09.2021 12:00 - 30.09.2021 13:00,3060,3135
30.09.2021 13:00 - 30.09.2021 14:00,3114,3154
30.09.2021 14:00 - 30.09.2021 15:00,3121,3189
30.09.2021 15:00 - 30.09.2021 16:00,3103,3157
30.09.2021 16:00 - 30.09.2021 17:00,3184,3247
30.09.2021 17:00 - 30.09.2021 18:00,3252,3209
30.09.2021 18:00 - 30.09.2021 19:00,3104,3094
30.09.2021 19:00 - 30.09.2021 20:00,3120,3094
30.09.2021 20:00 - 30.09.2021 21:00,2962,2893
30.09.2021 21:00 - 30.09.2021 22:00,2798,2684
30.09.2021 22:00 - 30.09.2021 23:00,2705,2575
30.09.2021 23:00 - 01.10.2021 00:00,2563,2424
01.10.2021 00:00 - 01.10.2021 01:00,2247,2274
01.10.2021 01:00 - 01.10.2021 02:00,2159,2251
01.10.2021 02:00 - 01.10.2021 03:00,2199,2247
01.10.2021 03:00 - 01.10.2021 04:00,2232,2261
01.10.2021 04:00 - 01.10.2021 05:00,2275,2276
01.10.2021 05:00 - 01.10.2021 06:00,2376,2386
01.10.2021 06:00 - 01.10.2021 07:00,2598,2697
01.10.2021 07:00 - 01.10.2021 08:00,2977,3054
01.10.2021 08:00 - 01.10.2021 09:00,3118,3177
01.10.2021 09:00 - 01.10.2021 10:00,3201,3265
01.10.2021 10:00 - 01.10.2021 11:00,3263,3245
01.10.2021 11:00 - 01.10.2021 12:00,3204,3249
01.10.2021 12:00 - 01.10.2021 13:00,3141,3183
01.10.2021 13:00 - 01.10.2021 14:00,3067,2928
01.10.2021 14:00 - 01.10.2021 15:00,2647,2594
01.10.2021 15:00 - 01.10.2021 16:00,2474,2443
01.10.2021 16:00 - 01.10.2021 17:00,2419,2403
01.10.2021 17:00 - 01.10.2021 18:00,2577,2638
01.10.2021 18:00 - 01.10.2021 19:00,2494,2462
01.10.2021 19:00 - 01.10.2021 20:00,2359,2212
01.10.2021 20:00 - 01.10.2021 21:00,2091,1959
01.10.2021 21:00 - 01.10.2021 22:00,2022,1987
01.10.2021 22:00 - 01.10.2021 23:00,1830,1728
01.10.2021 23:00 - 02.10.2021 00:00,1638,1840
02.10.2021 00:00 - 02.10.2021 01:00,1711,1740
02.10.2021 01:00 - 02.10.2021 02:00,1753,1906
02.10.2021 02:00 - 02.10.2021 03:00,1855,1930
02.10.2021 03:00 - 02.10.2021 04:00,1823,1863
02.10.2021 04:00 - 02.10.2021 05:00,1828,1679
02.10.2021 05:00 - 02.10.2021 06:00,1765,1687
02.10.2021 06:00 - 02.10.2021 07:00,1816,1831
02.10.2021 07:00 - 02.10.2021 08:00,2008,2054
02.10.2021 08:00 - 02.10.2021 09:00,2188,2272
02.10.2021 09:00 - 02.10.2021 10:00,2325,2345
02.10.2021 10:00 - 02.10.2021 11:00,2396,2403
02.10.2021 11:00 - 02.10.2021 12:00,2430,2390
02.10.2021 12:00 - 02.10.2021 13:00,2386,2346
02.10.2021 13:00 - 02.10.2021 14:00,2355,2310
02.10.2021 14:00 - 02.10.2021 15:00,2313,2231
02.10.2021 15:00 - 02.10.2021 16:00,2236,2189
02.10.2021 16:00 - 02.10.2021 17:00,2218,2232
02.10.2021 17:00 - 02.10.2021 18:00,2391,2395
02.10.2021 18:00 - 02.10.2021 19:00,2389,2363
02.10.2021 19:00 - 02.10.2021 20:00,2292,2249
02.10.2021 20:00 - 02.10.2021 21:00,2184,2323
02.10.2021 21:00 - 02.10.2021 22:00,2162,2140
02.10.2021 22:00 - 02.10.2021 23:00,2050,1964
02.10.2021 23:00 - 03.10.2021 00:00,1891,1652
03.10.2021 00:00 - 03.10.2021 01:00,1594,1631
03.10.2021 01:00 - 03.10.2021 02:00,1454,1319
03.10.2021 02:00 - 03.10.2021 03:00,1339,1309
03.10.2021 03:00 - 03.10.2021 04:00,1233,1091
03.10.2021 04:00 - 03.10.2021 05:00,1171,1128
03.10.2021 05:00 - 03.10.2021 06:00,1175,1108
03.10.2021 06:00 - 03.10.2021 07:00,1296,1246
03.10.2021 07:00 - 03.10.2021 08:00,1453,1392
03.10.2021 08:00 - 03.10.2021 09:00,1589,1564
03.10.2021 09:00 - 03.10.2021 10:00,1744,1826
03.10.2021 10:00 - 03.10.2021 11:00,1932,1961
03.10.2021 11:00 - 03.10.2021 12:00,1971,1968
03.10.2021 12:00 - 03.10.2021 13:00,1976,2011
03.10.2021 13:00 - 03.10.2021 14:00,2033,2111
03.10.2021 14:00 - 03.10.2021 15:00,2109,2239
03.10.2021 15:00 - 03.10.2021 16:00,2132,2361
03.10.2021 16:00 - 03.10.2021 17:00,2329,2442
03.10.2021 17:00 - 03.10.2021 18:00,2629,2658
03.10.2021 18:00 - 03.10.2021 19:00,2685,2742
03.10.2021 19:00 - 03.10.2021 20:00,2652,2649
03.10.2021 20:00 - 03.10.2021 21:00,2496,2528
03.10.2021 21:00 - 03.10.2021 22:00,2323,2393
03.10.2021 22:00 - 03.10.2021 23:00,2133,2168
03.10.2021 23:00 - 04.10.2021 00:00,1945,1866
04.10.2021 00:00 - 04.10.2021 01:00,1816,1865
04.10.2021 01:00 - 04.10.2021 02:00,1741,1712
04.10.2021 02:00 - 04.10.2021 03:00,1678,1679
04.10.2021 03:00 - 04.10.2021 04:00,1612,1548
04.10.2021 04:00 - 04.10.2021 05:00,1687,1725
04.10.2021 05:00 - 04.10.2021 06:00,1920,1841
04.10.2021 06:00 - 04.10.2021 07:00,2253,2176
04.10.2021 07:00 - 04.10.2021 08:00,2642,2521
04.10.2021 08:00 - 04.10.2021 09:00,2716,2612
04.10.2021 09:00 - 04.10.2021 10:00,2684,2688
04.10.2021 10:00 - 04.10.2021 11:00,2780,2774
04.10.2021 11:00 - 04.10.2021 12:00,2810,2785
04.10.2021 12:00 - 04.10.2021 13:00,2738,2757
04.10.2021 13:00 - 04.10.2021 14:00,2743,2729
04.10.2021 14:00 - 04.10.2021 15:00,2651,2598
04.10.2021 15:00 - 04.10.2021 16:00,2583,2747
04.10.2021 16:00 - 04.10.2021 17:00,2747,2765
04.10.2021 17:00 - 04.10.2021 18:00,2865,2870
04.10.2021 18:00 - 04.10.2021 19:00,2853,2839
04.10.2021 19:00 - 04.10.2021 20:00,2777,2716
04.10.2021 20:00 - 04.10.2021 21:00,2547,2478
04.10.2021 21:00 - 04.10.2021 22:00,2353,2267
04.10.2021 22:00 - 04.10.2021 23:00,2167,2052
04.10.2021 23:00 - 05.10.2021 00:00,2030,1818
05.10.2021 00:00 - 05.10.2021 01:00,1751,1717
05.10.2021 01:00 - 05.10.2021 02:00,1675,1656
05.10.2021 02:00 - 05.10.2021 03:00,1648,1637
05.10.2021 03:00 - 05.10.2021 04:00,1720,1745
05.10.2021 04:00 - 05.10.2021 05:00,1804,1781
05.10.2021 05:00 - 05.10.2021 06:00,1914,1871
05.10.2021 06:00 - 05.10.2021 07:00,2180,2246
05.10.2021 07:00 - 05.10.2021 08:00,2702,2803
05.10.2021 08:00 - 05.10.2021 09:00,2870,2744
05.10.2021 09:00 - 05.10.2021 10:00,2768,2909
05.10.2021 10:00 - 05.10.2021 11:00,2935,3182
05.10.2021 11:00 - 05.10.2021 12:00,3060,3055
05.10.2021 12:00 - 05.10.2021 13:00,3014,2985
05.10.2021 13:00 - 05.10.2021 14:00,2998,3016
05.10.2021 14:00 - 05.10.2021 15:00,2982,3017
05.10.2021 15:00 - 05.10.2021 16:00,2910,2958
05.10.2021 16:00 - 05.10.2021 17:00,2906,2930
05.10.2021 17:00 - 05.10.2021 18:00,3072,3078
05.10.2021 18:00 - 05.10.2021 19:00,2998,2989
05.10.2021 19:00 - 05.10.2021 20:00,2891,2916
05.10.2021 20:00 - 05.10.2021 21:00,2711,2730
05.10.2021 21:00 - 05.10.2021 22:00,2560,2549
05.10.2021 22:00 - 05.10.2021 23:00,2406,2454
05.10.2021 23:00 - 06.10.2021 00:00,2297,2211
06.10.2021 00:00 - 06.10.2021 01:00,2125,2083
06.10.2021 01:00 - 06.10.2021 02:00,2055,2022
06.10.2021 02:00 - 06.10.2021 03:00,2044,1992
06.10.2021 03:00 - 06.10.2021 04:00,2097,2022
06.10.2021 04:00 - 06.10.2021 05:00,2162,2034
06.10.2021 05:00 - 06.10.2021 06:00,2216,2179
06.10.2021 06:00 - 06.10.2021 07:00,2551,2620
06.10.2021 07:00 - 06.10.2021 08:00,2925,2927
06.10.2021 08:00 - 06.10.2021 09:00,3012,2984
06.10.2021 09:00 - 06.10.2021 10:00,3028,3045
06.10.2021 10:00 - 06.10.2021 11:00,3113,3170
06.10.2021 11:00 - 06.10.2021 12:00,3157,3183
06.10.2021 12:00 - 06.10.2021 13:00,3147,3058
06.10.2021 13:00 - 06.10.2021 14:00,3001,2934
06.10.2021 14:00 - 06.10.2021 15:00,2848,2846
06.10.2021 15:00 - 06.10.2021 16:00,2753,2751
06.10.2021 16:00 - 06.10.2021 17:00,2755,2772
06.10.2021 17:00 - 06.10.2021 18:00,2882,2942
06.10.2021 18:00 - 06.10.2021 19:00,2882,2880
06.10.2021 19:00 - 06.10.2021 20:00,2833,2821
06.10.2021 20:00 - 06.10.2021 21:00,2699,2678
06.10.2021 21:00 - 06.10.2021 22:00,2540,2508
06.10.2021 22:00 - 06.10.2021 23:00,2395,2276
06.10.2021 23:00 - 07.10.2021 00:00,2251,2155
07.10.2021 00:00 - 07.10.2021 01:00,2039,2062
07.10.2021 01:00 - 07.10.2021 02:00,1985,2027
07.10.2021 02:00 - 07.10.2021 03:00,2013,2023
07.10.2021 03:00 - 07.10.2021 04:00,2037,2001
07.10.2021 04:00 - 07.10.2021 05:00,2088,2024
07.10.2021 05:00 - 07.10.2021 06:00,2191,2199
07.10.2021 06:00 - 07.10.2021 07:00,2522,2525
07.10.2021 07:00 - 07.10.2021 08:00,2881,2871
07.10.2021 08:00 - 07.10.2021 09:00,2943,2916
07.10.2021 09:00 - 07.10.2021 10:00,2935,2941
07.10.2021 10:00 - 07.10.2021 11:00,2985,2947
07.10.2021 11:00 - 07.10.2021 12:00,2961,2925
07.10.2021 12:00 - 07.10.2021 13:00,2914,2892
07.10.2021 13:00 - 07.10.2021 14:00,2898,2952
07.10.2021 14:00 - 07.10.2021 15:00,2796,2942
07.10.2021 15:00 - 07.10.2021 16:00,2703,2834
07.10.2021 16:00 - 07.10.2021 17:00,2742,2822
07.10.2021 17:00 - 07.10.2021 18:00,2871,2874
07.10.2021 18:00 - 07.10.2021 19:00,2866,2827
07.10.2021 19:00 - 07.10.2021 20:00,2806,2776
07.10.2021 20:00 - 07.10.2021 21:00,2694,2597
07.10.2021 21:00 - 07.10.2021 22:00,2584,2496
07.10.2021 22:00 - 07.10.2021 23:00,2392,2352
07.10.2021 23:00 - 08.10.2021 00:00,2229,2171
08.10.2021 00:00 - 08.10.2021 01:00,2109,2048
08.10.2021 01:00 - 08.10.2021 02:00,2008,1970
08.10.2021 02:00 - 08.10.2021 03:00,1960,1933
08.10.2021 03:00 - 08.10.2021 04:00,1941,1995
08.10.2021 04:00 - 08.10.2021 05:00,2021,2042
08.10.2021 05:00 - 08.10.2021 06:00,2177,2196
08.10.2021 06:00 - 08.10.2021 07:00,2531,2542
08.10.2021 07:00 - 08.10.2021 08:00,2870,2849
08.10.2021 08:00 - 08.10.2021 09:00,2943,2982
08.10.2021 09:00 - 08.10.2021 10:00,2971,2963
08.10.2021 10:00 - 08.10.2021 11:00,2983,2895
08.10.2021 11:00 - 08.10.2021 12:00,2838,2828
08.10.2021 12:00 - 08.10.2021 13:00,2774,2800
08.10.2021 13:00 - 08.10.2021 14:00,2736,2720
08.10.2021 14:00 - 08.10.2021 15:00,2590,2619
08.10.2021 15:00 - 08.10.2021 16:00,2518,2568
08.10.2021 16:00 - 08.10.2021 17:00,2584,2620
08.10.2021 17:00 - 08.10.2021 18:00,2756,2764
08.10.2021 18:00 - 08.10.2021 19:00,2739,2741
08.10.2021 19:00 - 08.10.2021 20:00,2631,2664
08.10.2021 20:00 - 08.10.2021 21:00,2478,2486
08.10.2021 21:00 - 08.10.2021 22:00,2336,2341
08.10.2021 22:00 - 08.10.2021 23:00,2162,2202
08.10.2021 23:00 - 09.10.2021 00:00,2004,2060
09.10.2021 00:00 - 09.10.2021 01:00,1947,1957
09.10.2021 01:00 - 09.10.2021 02:00,1859,1889
09.10.2021 02:00 - 09.10.2021 03:00,1817,1864
09.10.2021 03:00 - 09.10.2021 04:00,1830,1839
09.10.2021 04:00 - 09.10.2021 05:00,1829,1843
09.10.2021 05:00 - 09.10.2021 06:00,1880,1883
09.10.2021 06:00 - 09.10.2021 07:00,2013,1999
09.10.2021 07:00 - 09.10.2021 08:00,2178,2156
09.10.2021 08:00 - 09.10.2021 09:00,2353,2319
09.10.2021 09:00 - 09.10.2021 10:00,2429,2418
09.10.2021 10:00 - 09.10.2021 11:00,2460,2433
09.10.2021 11:00 - 09.10.2021 12:00,2428,2461
09.10.2021 12:00 - 09.10.2021 13:00,2476,2434
09.10.2021 13:00 - 09.10.2021 14:00,2393,2402
09.10.2021 14:00 - 09.10.2021 15:00,2337,2326
09.10.2021 15:00 - 09.10.2021 16:00,2292,2259
09.10.2021 16:00 - 09.10.2021 17:00,2288,2286
09.10.2021 17:00 - 09.10.2021 18:00,2431,2458
09.10.2021 18:00 - 09.10.2021 19:00,2490,2485
09.10.2021 19:00 - 09.10.2021 20:00,2426,2449
09.10.2021 20:00 - 09.10.2021 21:00,2309,2328
09.10.2021 21:00 - 09.10.2021 22:00,2177,2235
09.10.2021 22:00 - 09.10.2021 23:00,2057,2178
09.10.2021 23:00 - 10.10.2021 00:00,1935,1990
10.10.2021 00:00 - 10.10.2021 01:00,1872,1940
10.10.2021 01:00 - 10.10.2021 02:00,1820,1894
10.10.2021 02:00 - 10.10.2021 03:00,1817,1856
10.10.2021 03:00 - 10.10.2021 04:00,1851,1840
10.10.2021 04:00 - 10.10.2021 05:00,1843,1850
10.10.2021 05:00 - 10.10.2021 06:00,1880,1864
10.10.2021 06:00 - 10.10.2021 07:00,1963,1958
10.10.2021 07:00 - 10.10.2021 08:00,2100,2098
10.10.2021 08:00 - 10.10.2021 09:00,2267,2250
10.10.2021 09:00 - 10.10.2021 10:00,2372,2351
10.10.2021 10:00 - 10.10.2021 11:00,2394,2373
10.10.2021 11:00 - 10.10.2021 12:00,2385,2385
10.10.2021 12:00 - 10.10.2021 13:00,2379,2366
10.10.2021 13:00 - 10.10.2021 14:00,2332,2323
10.10.2021 14:00 - 10.10.2021 15:00,2296,2274
10.10.2021 15:00 - 10.10.2021 16:00,2282,2290
10.10.2021 16:00 - 10.10.2021 17:00,2354,2357
10.10.2021 17:00 - 10.10.2021 18:00,2582,2607
10.10.2021 18:00 - 10.10.2021 19:00,2661,2674
10.10.2021 19:00 - 10.10.2021 20:00,2600,2579
10.10.2021 20:00 - 10.10.2021 21:00,2434,2442
10.10.2021 21:00 - 10.10.2021 22:00,2282,2295
10.10.2021 22:00 - 10.10.2021 23:00,2141,2215
10.10.2021 23:00 - 11.10.2021 00:00,2020,2140
11.10.2021 00:00 - 11.10.2021 01:00,1999,2029
11.10.2021 01:00 - 11.10.2021 02:00,1925,1974
11.10.2021 02:00 - 11.10.2021 03:00,1924,1985
11.10.2021 03:00 - 11.10.2021 04:00,1960,1991
11.10.2021 04:00 - 11.10.2021 05:00,2026,2045
11.10.2021 05:00 - 11.10.2021 06:00,2177,2187
11.10.2021 06:00 - 11.10.2021 07:00,2574,2593
11.10.2021 07:00 - 11.10.2021 08:00,3021,2924
11.10.2021 08:00 - 11.10.2021 09:00,3092,3038
11.10.2021 09:00 - 11.10.2021 10:00,3061,2995
11.10.2021 10:00 - 11.10.2021 11:00,3082,3056
11.10.2021 11:00 - 11.10.2021 12:00,3041,3035
11.10.2021 12:00 - 11.10.2021 13:00,2978,2995
11.10.2021 13:00 - 11.10.2021 14:00,3045,3098
11.10.2021 14:00 - 11.10.2021 15:00,2995,3002
11.10.2021 15:00 - 11.10.2021 16:00,2907,2913
11.10.2021 16:00 - 11.10.2021 17:00,2895,2925
11.10.2021 17:00 - 11.10.2021 18:00,3113,3178
11.10.2021 18:00 - 11.10.2021 19:00,3137,3154
11.10.2021 19:00 - 11.10.2021 20:00,2965,3002
11.10.2021 20:00 - 11.10.2021 21:00,2741,2785
11.10.2021 21:00 - 11.10.2021 22:00,2574,2671
11.10.2021 22:00 - 11.10.2021 23:00,2349,2477
11.10.2021 23:00 - 12.10.2021 00:00,2171,2311
12.10.2021 00:00 - 12.10.2021 01:00,2215,2224
12.10.2021 01:00 - 12.10.2021 02:00,2139,2110
12.10.2021 02:00 - 12.10.2021 03:00,2140,2158
12.10.2021 03:00 - 12.10.2021 04:00,2172,2184
12.10.2021 04:00 - 12.10.2021 05:00,2248,2229
12.10.2021 05:00 - 12.10.2021 06:00,2385,2339
12.10.2021 06:00 - 12.10.2021 07:00,2632,2646
12.10.2021 07:00 - 12.10.2021 08:00,2980,3011
12.10.2021 08:00 - 12.10.2021 09:00,3126,3110
12.10.2021 09:00 - 12.10.2021 10:00,3126,3077
12.10.2021 10:00 - 12.10.2021 11:00,3089,2931
12.10.2021 11:00 - 12.10.2021 12:00,2944,2800
12.10.2021 12:00 - 12.10.2021 13:00,2785,2678
12.10.2021 13:00 - 12.10.2021 14:00,2699,2668
12.10.2021 14:00 - 12.10.2021 15:00,2643,2609
12.10.2021 15:00 - 12.10.2021 16:00,2519,2566
12.10.2021 16:00 - 12.10.2021 17:00,2510,2704
12.10.2021 17:00 - 12.10.2021 18:00,2797,2907
12.10.2021 18:00 - 12.10.2021 19:00,2925,2931
12.10.2021 19:00 - 12.10.2021 20:00,2915,2863
12.10.2021 20:00 - 12.10.2021 21:00,2748,2704
12.10.2021 21:00 - 12.10.2021 22:00,2533,2574
12.10.2021 22:00 - 12.10.2021 23:00,2456,2387
12.10.2021 23:00 - 13.10.2021 00:00,2333,2208
13.10.2021 00:00 - 13.10.2021 01:00,2052,2087
13.10.2021 01:00 - 13.10.2021 02:00,1965,1988
13.10.2021 02:00 - 13.10.2021 03:00,1933,1894
13.10.2021 03:00 - 13.10.2021 04:00,1875,1855
13.10.2021 04:00 - 13.10.2021 05:00,1931,1913
13.10.2021 05:00 - 13.10.2021 06:00,2086,2103
13.10.2021 06:00 - 13.10.2021 07:00,2555,2465
13.10.2021 07:00 - 13.10.2021 08:00,2922,2844
13.10.2021 08:00 - 13.10.2021 09:00,3082,2907
13.10.2021 09:00 - 13.10.2021 10:00,3126,2832
13.10.2021 10:00 - 13.10.2021 11:00,3203,2852
13.10.2021 11:00 - 13.10.2021 12:00,3210,2784
13.10.2021 12:00 - 13.10.2021 13:00,2809,2768
13.10.2021 13:00 - 13.10.2021 14:00,2749,2764
13.10.2021 14:00 - 13.10.2021 15:00,2757,2778
13.10.2021 15:00 - 13.10.2021 16:00,2697,2739
13.10.2021 16:00 - 13.10.2021 17:00,2775,2799
13.10.2021 17:00 - 13.10.2021 18:00,2927,2929
13.10.2021 18:00 - 13.10.2021 19:00,2934,2925
13.10.2021 19:00 - 13.10.2021 20:00,2843,2835
13.10.2021 20:00 - 13.10.2021 21:00,2668,2662
13.10.2021 21:00 - 13.10.2021 22:00,2448,2484
13.10.2021 22:00 - 13.10.2021 23:00,2326,2266
13.10.2021 23:00 - 14.10.2021 00:00,2210,2084
14.10.2021 00:00 - 14.10.2021 01:00,2109,2033
14.10.2021 01:00 - 14.10.2021 02:00,2000,1777
14.10.2021 02:00 - 14.10.2021 03:00,1950,1800
14.10.2021 03:00 - 14.10.2021 04:00,1983,1768
14.10.2021 04:00 - 14.10.2021 05:00,2037,1791
14.10.2021 05:00 - 14.10.2021 06:00,2171,2002
14.10.2021 06:00 - 14.10.2021 07:00,2511,2291
14.10.2021 07:00 - 14.10.2021 08:00,2895,2724
14.10.2021 08:00 - 14.10.2021 09:00,3033,2747
14.10.2021 09:00 - 14.10.2021 10:00,2797,2760
14.10.2021 10:00 - 14.10.2021 11:00,2821,2801
14.10.2021 11:00 - 14.10.2021 12:00,2858,2740
14.10.2021 12:00 - 14.10.2021 13:00,2726,2653
14.10.2021 13:00 - 14.10.2021 14:00,2649,2573
14.10.2021 14:00 - 14.10.2021 15:00,2681,2681
14.10.2021 15:00 - 14.10.2021 16:00,2546,2519
14.10.2021 16:00 - 14.10.2021 17:00,2520,2530
14.10.2021 17:00 - 14.10.2021 18:00,2795,2808
14.10.2021 18:00 - 14.10.2021 19:00,2735,2710
14.10.2021 19:00 - 14.10.2021 20:00,2649,2656
14.10.2021 20:00 - 14.10.2021 21:00,2678,2688
14.10.2021 21:00 - 14.10.2021 22:00,2465,2490
14.10.2021 22:00 - 14.10.2021 23:00,2257,2296
14.10.2021 23:00 - 15.10.2021 00:00,2098,2272
15.10.2021 00:00 - 15.10.2021 01:00,2172,2212
15.10.2021 01:00 - 15.10.2021 02:00,2116,2136
15.10.2021 02:00 - 15.10.2021 03:00,2087,2086
15.10.2021 03:00 - 15.10.2021 04:00,2076,2103
15.10.2021 04:00 - 15.10.2021 05:00,2178,2173
15.10.2021 05:00 - 15.10.2021 06:00,2273,2275
15.10.2021 06:00 - 15.10.2021 07:00,2585,2648
15.10.2021 07:00 - 15.10.2021 08:00,2904,2834
15.10.2021 08:00 - 15.10.2021 09:00,2944,2935
15.10.2021 09:00 - 15.10.2021 10:00,2943,2918
15.10.2021 10:00 - 15.10.2021 11:00,2988,2934
15.10.2021 11:00 - 15.10.2021 12:00,2763,2479
15.10.2021 12:00 - 15.10.2021 13:00,2496,2496
15.10.2021 13:00 - 15.10.2021 14:00,2526,2568
15.10.2021 14:00 - 15.10.2021 15:00,2454,2439
15.10.2021 15:00 - 15.10.2021 16:00,2333,2354
15.10.2021 16:00 - 15.10.2021 17:00,2477,2469
15.10.2021 17:00 - 15.10.2021 18:00,2569,2585
15.10.2021 18:00 - 15.10.2021 19:00,2416,2363
15.10.2021 19:00 - 15.10.2021 20:00,2237,2204
15.10.2021 20:00 - 15.10.2021 21:00,2229,2236
15.10.2021 21:00 - 15.10.2021 22:00,2141,2268
15.10.2021 22:00 - 15.10.2021 23:00,1993,2198
15.10.2021 23:00 - 16.10.2021 00:00,1829,2062
16.10.2021 00:00 - 16.10.2021 01:00,1906,1958
16.10.2021 01:00 - 16.10.2021 02:00,1842,1839
16.10.2021 02:00 - 16.10.2021 03:00,1805,1840
16.10.2021 03:00 - 16.10.2021 04:00,1780,1769
16.10.2021 04:00 - 16.10.2021 05:00,1775,1819
16.10.2021 05:00 - 16.10.2021 06:00,1844,1808
16.10.2021 06:00 - 16.10.2021 07:00,1928,1876
16.10.2021 07:00 - 16.10.2021 08:00,1996,1898
16.10.2021 08:00 - 16.10.2021 09:00,2073,2010
16.10.2021 09:00 - 16.10.2021 10:00,2167,2077
16.10.2021 10:00 - 16.10.2021 11:00,2170,2041
16.10.2021 11:00 - 16.10.2021 12:00,2069,1936
16.10.2021 12:00 - 16.10.2021 13:00,1939,1859
16.10.2021 13:00 - 16.10.2021 14:00,1877,1865
16.10.2021 14:00 - 16.10.2021 15:00,1839,1832
16.10.2021 15:00 - 16.10.2021 16:00,1830,1875
16.10.2021 16:00 - 16.10.2021 17:00,1907,1995
16.10.2021 17:00 - 16.10.2021 18:00,2229,2280
16.10.2021 18:00 - 16.10.2021 19:00,2379,2398
16.10.2021 19:00 - 16.10.2021 20:00,2278,2298
16.10.2021 20:00 - 16.10.2021 21:00,2149,2182
16.10.2021 21:00 - 16.10.2021 22:00,2040,2145
16.10.2021 22:00 - 16.10.2021 23:00,1932,2245
16.10.2021 23:00 - 17.10.2021 00:00,1813,2004
17.10.2021 00:00 - 17.10.2021 01:00,1925,1742
17.10.2021 01:00 - 17.10.2021 02:00,1649,1806
17.10.2021 02:00 - 17.10.2021 03:00,1639,1776
17.10.2021 03:00 - 17.10.2021 04:00,1811,1811
17.10.2021 04:00 - 17.10.2021 05:00,1822,1817
17.10.2021 05:00 - 17.10.2021 06:00,1799,1732
17.10.2021 06:00 - 17.10.2021 07:00,1809,1826
17.10.2021 07:00 - 17.10.2021 08:00,1993,2016
17.10.2021 08:00 - 17.10.2021 09:00,2186,2184
17.10.2021 09:00 - 17.10.2021 10:00,2288,2285
17.10.2021 10:00 - 17.10.2021 11:00,2343,2322
17.10.2021 11:00 - 17.10.2021 12:00,2313,2276
17.10.2021 12:00 - 17.10.2021 13:00,2267,2285
17.10.2021 13:00 - 17.10.2021 14:00,2288,2277
17.10.2021 14:00 - 17.10.2021 15:00,2272,2242
17.10.2021 15:00 - 17.10.2021 16:00,2255,2285
17.10.2021 16:00 - 17.10.2021 17:00,2349,2428
17.10.2021 17:00 - 17.10.2021 18:00,2635,2688
17.10.2021 18:00 - 17.10.2021 19:00,2762,2730
17.10.2021 19:00 - 17.10.2021 20:00,2647,2639
17.10.2021 20:00 - 17.10.2021 21:00,2461,2502
17.10.2021 21:00 - 17.10.2021 22:00,2307,2357
17.10.2021 22:00 - 17.10.2021 23:00,2137,2205
17.10.2021 23:00 - 18.10.2021 00:00,1982,2066
18.10.2021 00:00 - 18.10.2021 01:00,1954,1977
18.10.2021 01:00 - 18.10.2021 02:00,1898,1927
18.10.2021 02:00 - 18.10.2021 03:00,1878,1903
18.10.2021 03:00 - 18.10.2021 04:00,1886,1908
18.10.2021 04:00 - 18.10.2021 05:00,1947,1951
18.10.2021 05:00 - 18.10.2021 06:00,2103,2070
18.10.2021 06:00 - 18.10.2021 07:00,2385,2405
18.10.2021 07:00 - 18.10.2021 08:00,2714,2697
18.10.2021 08:00 - 18.10.2021 09:00,2804,2769
18.10.2021 09:00 - 18.10.2021 10:00,2804,2846
18.10.2021 10:00 - 18.10.2021 11:00,2931,2939
18.10.2021 11:00 - 18.10.2021 12:00,2941,2940
18.10.2021 12:00 - 18.10.2021 13:00,2886,2872
18.10.2021 13:00 - 18.10.2021 14:00,2869,2887
18.10.2021 14:00 - 18.10.2021 15:00,2815,2818
18.10.2021 15:00 - 18.10.2021 16:00,2727,2748
18.10.2021 16:00 - 18.10.2021 17:00,2706,2729
18.10.2021 17:00 - 18.10.2021 18:00,2861,2881
18.10.2021 18:00 - 18.10.2021 19:00,2888,2856
18.10.2021 19:00 - 18.10.2021 20:00,2715,2630
18.10.2021 20:00 - 18.10.2021 21:00,2530,2484
18.10.2021 21:00 - 18.10.2021 22:00,2389,2396
18.10.2021 22:00 - 18.10.2021 23:00,2286,2270
18.10.2021 23:00 - 19.10.2021 00:00,2170,2082
19.10.2021 00:00 - 19.10.2021 01:00,2012,2018
19.10.2021 01:00 - 19.10.2021 02:00,2008,2018
19.10.2021 02:00 - 19.10.2021 03:00,1951,1941
19.10.2021 03:00 - 19.10.2021 04:00,1894,1881
19.10.2021 04:00 - 19.10.2021 05:00,1929,1966
19.10.2021 05:00 - 19.10.2021 06:00,2099,2125
19.10.2021 06:00 - 19.10.2021 07:00,2429,2451
19.10.2021 07:00 - 19.10.2021 08:00,2752,2730
19.10.2021 08:00 - 19.10.2021 09:00,2859,2835
19.10.2021 09:00 - 19.10.2021 10:00,2906,2960
19.10.2021 10:00 - 19.10.2021 11:00,3074,3123
19.10.2021 11:00 - 19.10.2021 12:00,3095,3124
19.10.2021 12:00 - 19.10.2021 13:00,3042,3079
19.10.2021 13:00 - 19.10.2021 14:00,3056,3112
19.10.2021 14:00 - 19.10.2021 15:00,3022,3083
19.10.2021 15:00 - 19.10.2021 16:00,2992,3042
19.10.2021 16:00 - 19.10.2021 17:00,2986,3015
19.10.2021 17:00 - 19.10.2021 18:00,3126,3159
19.10.2021 18:00 - 19.10.2021 19:00,3174,3148
19.10.2021 19:00 - 19.10.2021 20:00,2996,2957
19.10.2021 20:00 - 19.10.2021 21:00,2845,2891
19.10.2021 21:00 - 19.10.2021 22:00,2722,2899
19.10.2021 22:00 - 19.10.2021 23:00,2570,2725
19.10.2021 23:00 - 20.10.2021 00:00,2414,2535
20.10.2021 00:00 - 20.10.2021 01:00,2394,2399
20.10.2021 01:00 - 20.10.2021 02:00,2294,2299
20.10.2021 02:00 - 20.10.2021 03:00,2334,2351
20.10.2021 03:00 - 20.10.2021 04:00,2291,2260
20.10.2021 04:00 - 20.10.2021 05:00,2232,2205
20.10.2021 05:00 - 20.10.2021 06:00,2350,2352
20.10.2021 06:00 - 20.10.2021 07:00,2601,2637
20.10.2021 07:00 - 20.10.2021 08:00,2836,2950
20.10.2021 08:00 - 20.10.2021 09:00,3021,3121
20.10.2021 09:00 - 20.10.2021 10:00,3177,3276
20.10.2021 10:00 - 20.10.2021 11:00,3302,3370
20.10.2021 11:00 - 20.10.2021 12:00,3315,3347
20.10.2021 12:00 - 20.10.2021 13:00,3207,3222
20.10.2021 13:00 - 20.10.2021 14:00,3192,3230
20.10.2021 14:00 - 20.10.2021 15:00,3138,3174
20.10.2021 15:00 - 20.10.2021 16:00,3051,3049
20.10.2021 16:00 - 20.10.2021 17:00,3009,3032
20.10.2021 17:00 - 20.10.2021 18:00,3143,3169
20.10.2021 18:00 - 20.10.2021 19:00,3181,3140
20.10.2021 19:00 - 20.10.2021 20:00,3095,3024
20.10.2021 20:00 - 20.10.2021 21:00,2897,2791
20.10.2021 21:00 - 20.10.2021 22:00,2747,2681
20.10.2021 22:00 - 20.10.2021 23:00,2599,2491
20.10.2021 23:00 - 21.10.2021 00:00,2408,2363
21.10.2021 00:00 - 21.10.2021 01:00,2212,2254
21.10.2021 01:00 - 21.10.2021 02:00,2173,2232
21.10.2021 02:00 - 21.10.2021 03:00,2151,2183
21.10.2021 03:00 - 21.10.2021 04:00,2139,2156
21.10.2021 04:00 - 21.10.2021 05:00,2171,2205
21.10.2021 05:00 - 21.10.2021 06:00,2328,2320
21.10.2021 06:00 - 21.10.2021 07:00,2511,2535
21.10.2021 07:00 - 21.10.2021 08:00,2781,2931
21.10.2021 08:00 - 21.10.2021 09:00,3035,3156
21.10.2021 09:00 - 21.10.2021 10:00,3119,3225
21.10.2021 10:00 - 21.10.2021 11:00,3207,3244
21.10.2021 11:00 - 21.10.2021 12:00,3221,3192
21.10.2021 12:00 - 21.10.2021 13:00,3083,3113
21.10.2021 13:00 - 21.10.2021 14:00,3102,3142
21.10.2021 14:00 - 21.10.2021 15:00,3100,3194
21.10.2021 15:00 - 21.10.2021 16:00,3097,3094
21.10.2021 16:00 - 21.10.2021 17:00,3086,3074
21.10.2021 17:00 - 21.10.2021 18:00,3169,3169
21.10.2021 18:00 - 21.10.2021 19:00,3223,3272
21.10.2021 19:00 - 21.10.2021 20:00,3148,3060
21.10.2021 20:00 - 21.10.2021 21:00,2962,2922
21.10.2021 21:00 - 21.10.2021 22:00,2879,2769
21.10.2021 22:00 - 21.10.2021 23:00,2723,2635
21.10.2021 23:00 - 22.10.2021 00:00,2558,2486
22.10.2021 00:00 - 22.10.2021 01:00,2360,2408
22.10.2021 01:00 - 22.10.2021 02:00,2276,2284
22.10.2021 02:00 - 22.10.2021 03:00,2254,2282
22.10.2021 03:00 - 22.10.2021 04:00,2239,2295
22.10.2021 04:00 - 22.10.2021 05:00,2330,2394
22.10.2021 05:00 - 22.10.2021 06:00,2478,2436
22.10.2021 06:00 - 22.10.2021 07:00,2662,2637
22.10.2021 07:00 - 22.10.2021 08:00,2915,2931
22.10.2021 08:00 - 22.10.2021 09:00,3032,3081
22.10.2021 09:00 - 22.10.2021 10:00,3105,3129
22.10.2021 10:00 - 22.10.2021 11:00,3183,3221
22.10.2021 11:00 - 22.10.2021 12:00,3171,3202
22.10.2021 12:00 - 22.10.2021 13:00,3058,3026
22.10.2021 13:00 - 22.10.2021 14:00,2964,3138
22.10.2021 14:00 - 22.10.2021 15:00,2950,2984
22.10.2021 15:00 - 22.10.2021 16:00,2890,2986
22.10.2021 16:00 - 22.10.2021 17:00,2982,3049
22.10.2021 17:00 - 22.10.2021 18:00,3123,3149
22.10.2021 18:00 - 22.10.2021 19:00,3114,3083
22.10.2021 19:00 - 22.10.2021 20:00,3020,3004
22.10.2021 20:00 - 22.10.2021 21:00,2870,2849
22.10.2021 21:00 - 22.10.2021 22:00,2803,2795
22.10.2021 22:00 - 22.10.2021 23:00,2650,2600
22.10.2021 23:00 - 23.10.2021 00:00,2485,2451
23.10.2021 00:00 - 23.10.2021 01:00,2338,2371
23.10.2021 01:00 - 23.10.2021 02:00,2256,2246
23.10.2021 02:00 - 23.10.2021 03:00,2220,2236
23.10.2021 03:00 - 23.10.2021 04:00,2241,2242
23.10.2021 04:00 - 23.10.2021 05:00,2220,2199
23.10.2021 05:00 - 23.10.2021 06:00,2238,2220
23.10.2021 06:00 - 23.10.2021 07:00,2347,2355
23.10.2021 07:00 - 23.10.2021 08:00,2478,2485
23.10.2021 08:00 - 23.10.2021 09:00,2635,2656
23.10.2021 09:00 - 23.10.2021 10:00,2709,2690
23.10.2021 10:00 - 23.10.2021 11:00,2621,2593
23.10.2021 11:00 - 23.10.2021 12:00,2635,2652
23.10.2021 12:00 - 23.10.2021 13:00,2630,2626
23.10.2021 13:00 - 23.10.2021 14:00,2549,2510
23.10.2021 14:00 - 23.10.2021 15:00,2453,2464
23.10.2021 15:00 - 23.10.2021 16:00,2468,2486
23.10.2021 16:00 - 23.10.2021 17:00,2478,2487
23.10.2021 17:00 - 23.10.2021 18:00,2574,2557
23.10.2021 18:00 - 23.10.2021 19:00,2640,2652
23.10.2021 19:00 - 23.10.2021 20:00,2502,2510
23.10.2021 20:00 - 23.10.2021 21:00,2393,2375
23.10.2021 21:00 - 23.10.2021 22:00,2272,2252
23.10.2021 22:00 - 23.10.2021 23:00,2169,2143
23.10.2021 23:00 - 24.10.2021 00:00,2065,2041
24.10.2021 00:00 - 24.10.2021 01:00,1940,1933
24.10.2021 01:00 - 24.10.2021 02:00,1854,1869
24.10.2021 02:00 - 24.10.2021 03:00,1833,1850
24.10.2021 03:00 - 24.10.2021 04:00,1846,1824
24.10.2021 04:00 - 24.10.2021 05:00,1835,1829
24.10.2021 05:00 - 24.10.2021 06:00,1880,1892
24.10.2021 06:00 - 24.10.2021 07:00,1998,1973
24.10.2021 07:00 - 24.10.2021 08:00,2131,2144
24.10.2021 08:00 - 24.10.2021 09:00,2291,2318
24.10.2021 09:00 - 24.10.2021 10:00,2400,2450
24.10.2021 10:00 - 24.10.2021 11:00,2503,2528
24.10.2021 11:00 - 24.10.2021 12:00,2531,2544
24.10.2021 12:00 - 24.10.2021 13:00,2519,2581
24.10.2021 13:00 - 24.10.2021 14:00,2515,2518
24.10.2021 14:00 - 24.10.2021 15:00,2457,2411
24.10.2021 15:00 - 24.10.2021 16:00,2453,2391
24.10.2021 16:00 - 24.10.2021 17:00,2466,2408
24.10.2021 17:00 - 24.10.2021 18:00,2676,2637
24.10.2021 18:00 - 24.10.2021 19:00,2667,2810
24.10.2021 19:00 - 24.10.2021 20:00,2692,2719
24.10.2021 20:00 - 24.10.2021 21:00,2594,2664
24.10.2021 21:00 - 24.10.2021 22:00,2396,2494
24.10.2021 22:00 - 24.10.2021 23:00,2242,2297
24.10.2021 23:00 - 25.10.2021 00:00,2133,2198
25.10.2021 00:00 - 25.10.2021 01:00,2178,2222
25.10.2021 01:00 - 25.10.2021 02:00,2178,2186
25.10.2021 02:00 - 25.10.2021 03:00,2159,2138
25.10.2021 03:00 - 25.10.2021 04:00,2104,2082
25.10.2021 04:00 - 25.10.2021 05:00,2053,2054
25.10.2021 05:00 - 25.10.2021 06:00,2240,2201
25.10.2021 06:00 - 25.10.2021 07:00,2632,2602
25.10.2021 07:00 - 25.10.2021 08:00,2997,3046
25.10.2021 08:00 - 25.10.2021 09:00,3140,3163
25.10.2021 09:00 - 25.10.2021 10:00,3183,3193
25.10.2021 10:00 - 25.10.2021 11:00,3243,3220
25.10.2021 11:00 - 25.10.2021 12:00,3248,3199
25.10.2021 12:00 - 25.10.2021 13:00,3161,3096
25.10.2021 13:00 - 25.10.2021 14:00,3111,3074
25.10.2021 14:00 - 25.10.2021 15:00,3008,2996
25.10.2021 15:00 - 25.10.2021 16:00,2898,2948
25.10.2021 16:00 - 25.10.2021 17:00,2960,2967
25.10.2021 17:00 - 25.10.2021 18:00,3147,3070
25.10.2021 18:00 - 25.10.2021 19:00,3073,3137
25.10.2021 19:00 - 25.10.2021 20:00,2943,2952
25.10.2021 20:00 - 25.10.2021 21:00,2793,2854
25.10.2021 21:00 - 25.10.2021 22:00,2611,2670
25.10.2021 22:00 - 25.10.2021 23:00,2403,2489
25.10.2021 23:00 - 26.10.2021 00:00,2230,2259
26.10.2021 00:00 - 26.10.2021 01:00,2144,2156
26.10.2021 01:00 - 26.10.2021 02:00,2060,2051
26.10.2021 02:00 - 26.10.2021 03:00,2025,2015
26.10.2021 03:00 - 26.10.2021 04:00,1972,2021
26.10.2021 04:00 - 26.10.2021 05:00,2100,2062
26.10.2021 05:00 - 26.10.2021 06:00,2256,2202
26.10.2021 06:00 - 26.10.2021 07:00,2563,2613
26.10.2021 07:00 - 26.10.2021 08:00,2986,2986
26.10.2021 08:00 - 26.10.2021 09:00,3101,3073
26.10.2021 09:00 - 26.10.2021 10:00,3051,3082
26.10.2021 10:00 - 26.10.2021 11:00,3155,3131
26.10.2021 11:00 - 26.10.2021 12:00,3135,3136
26.10.2021 12:00 - 26.10.2021 13:00,3051,3015
26.10.2021 13:00 - 26.10.2021 14:00,3000,4115
26.10.2021 14:00 - 26.10.2021 15:00,2937,3654
26.10.2021 15:00 - 26.10.2021 16:00,2802,2837
26.10.2021 16:00 - 26.10.2021 17:00,2887,2871
26.10.2021 17:00 - 26.10.2021 18:00,3068,3055
26.10.2021 18:00 - 26.10.2021 19:00,3040,3082
26.10.2021 19:00 - 26.10.2021 20:00,2979,3030
26.10.2021 20:00 - 26.10.2021 21:00,2851,2861
26.10.2021 21:00 - 26.10.2021 22:00,2675,2720
26.10.2021 22:00 - 26.10.2021 23:00,2567,2495
26.10.2021 23:00 - 27.10.2021 00:00,2422,2396
27.10.2021 00:00 - 27.10.2021 01:00,2256,2270
27.10.2021 01:00 - 27.10.2021 02:00,2151,2230
27.10.2021 02:00 - 27.10.2021 03:00,2169,2256
27.10.2021 03:00 - 27.10.2021 04:00,2223,2273
27.10.2021 04:00 - 27.10.2021 05:00,2318,2294
27.10.2021 05:00 - 27.10.2021 06:00,2426,2435
27.10.2021 06:00 - 27.10.2021 07:00,2717,2809
27.10.2021 07:00 - 27.10.2021 08:00,3067,3137
27.10.2021 08:00 - 27.10.2021 09:00,3260,3322
27.10.2021 09:00 - 27.10.2021 10:00,3300,3332
27.10.2021 10:00 - 27.10.2021 11:00,3375,3403
27.10.2021 11:00 - 27.10.2021 12:00,3342,3350
27.10.2021 12:00 - 27.10.2021 13:00,3253,3246
27.10.2021 13:00 - 27.10.2021 14:00,3139,3127
27.10.2021 14:00 - 27.10.2021 15:00,3144,3240
27.10.2021 15:00 - 27.10.2021 16:00,3148,3205
27.10.2021 16:00 - 27.10.2021 17:00,3217,3217
27.10.2021 17:00 - 27.10.2021 18:00,3318,3225
27.10.2021 18:00 - 27.10.2021 19:00,3121,3164
27.10.2021 19:00 - 27.10.2021 20:00,3025,2976
27.10.2021 20:00 - 27.10.2021 21:00,2895,2882
27.10.2021 21:00 - 27.10.2021 22:00,2795,2673
27.10.2021 22:00 - 27.10.2021 23:00,2753,2494
27.10.2021 23:00 - 28.10.2021 00:00,2639,2395
28.10.2021 00:00 - 28.10.2021 01:00,2278,2337
28.10.2021 01:00 - 28.10.2021 02:00,2158,2191
28.10.2021 02:00 - 28.10.2021 03:00,2169,2195
28.10.2021 03:00 - 28.10.2021 04:00,2182,2148
28.10.2021 04:00 - 28.10.2021 05:00,2236,2234
28.10.2021 05:00 - 28.10.2021 06:00,2377,2398
28.10.2021 06:00 - 28.10.2021 07:00,2700,2733
28.10.2021 07:00 - 28.10.2021 08:00,2995,3035
28.10.2021 08:00 - 28.10.2021 09:00,3102,3126
28.10.2021 09:00 - 28.10.2021 10:00,3102,3115
28.10.2021 10:00 - 28.10.2021 11:00,3142,3138
28.10.2021 11:00 - 28.10.2021 12:00,3135,3144
28.10.2021 12:00 - 28.10.2021 13:00,3047,3040
28.10.2021 13:00 - 28.10.2021 14:00,3000,2996
28.10.2021 14:00 - 28.10.2021 15:00,2943,2940
28.10.2021 15:00 - 28.10.2021 16:00,2835,2840
28.10.2021 16:00 - 28.10.2021 17:00,2863,2826
28.10.2021 17:00 - 28.10.2021 18:00,3088,3006
28.10.2021 18:00 - 28.10.2021 19:00,2955,3066
28.10.2021 19:00 - 28.10.2021 20:00,2892,2907
28.10.2021 20:00 - 28.10.2021 21:00,2792,2814
28.10.2021 21:00 - 28.10.2021 22:00,2691,2660
28.10.2021 22:00 - 28.10.2021 23:00,2535,2498
28.10.2021 23:00 - 29.10.2021 00:00,2385,2386
29.10.2021 00:00 - 29.10.2021 01:00,2291,2299
29.10.2021 01:00 - 29.10.2021 02:00,2236,2253
29.10.2021 02:00 - 29.10.2021 03:00,2218,2199
29.10.2021 03:00 - 29.10.2021 04:00,2167,2151
29.10.2021 04:00 - 29.10.2021 05:00,2204,2174
29.10.2021 05:00 - 29.10.2021 06:00,2317,2354
29.10.2021 06:00 - 29.10.2021 07:00,2687,2744
29.10.2021 07:00 - 29.10.2021 08:00,3089,3133
29.10.2021 08:00 - 29.10.2021 09:00,3191,3170
29.10.2021 09:00 - 29.10.2021 10:00,3096,3094
29.10.2021 10:00 - 29.10.2021 11:00,3136,3127
29.10.2021 11:00 - 29.10.2021 12:00,3089,3069
29.10.2021 12:00 - 29.10.2021 13:00,2946,2920
29.10.2021 13:00 - 29.10.2021 14:00,2795,2709
29.10.2021 14:00 - 29.10.2021 15:00,2629,2611
29.10.2021 15:00 - 29.10.2021 16:00,2554,2561
29.10.2021 16:00 - 29.10.2021 17:00,2640,2638
29.10.2021 17:00 - 29.10.2021 18:00,2813,2819
29.10.2021 18:00 - 29.10.2021 19:00,2802,2946
29.10.2021 19:00 - 29.10.2021 20:00,2749,2722
29.10.2021 20:00 - 29.10.2021 21:00,2625,2604
29.10.2021 21:00 - 29.10.2021 22:00,2506,2475
29.10.2021 22:00 - 29.10.2021 23:00,2332,2361
29.10.2021 23:00 - 30.10.2021 00:00,2148,2235
30.10.2021 00:00 - 30.10.2021 01:00,2048,2078
30.10.2021 01:00 - 30.10.2021 02:00,1960,1985
30.10.2021 02:00 - 30.10.2021 03:00,1922,1964
30.10.2021 03:00 - 30.10.2021 04:00,1903,1913
30.10.2021 04:00 - 30.10.2021 05:00,1902,1914
30.10.2021 05:00 - 30.10.2021 06:00,1973,1969
30.10.2021 06:00 - 30.10.2021 07:00,2101,2070
30.10.2021 07:00 - 30.10.2021 08:00,2264,2270
30.10.2021 08:00 - 30.10.2021 09:00,2409,2391
30.10.2021 09:00 - 30.10.2021 10:00,2479,2481
30.10.2021 10:00 - 30.10.2021 11:00,2505,2486
30.10.2021 11:00 - 30.10.2021 12:00,2488,2480
30.10.2021 12:00 - 30.10.2021 13:00,2434,2423
30.10.2021 13:00 - 30.10.2021 14:00,2387,2406
30.10.2021 14:00 - 30.10.2021 15:00,2387,2433
30.10.2021 15:00 - 30.10.2021 16:00,2423,2476
30.10.2021 16:00 - 30.10.2021 17:00,2573,2607
30.10.2021 17:00 - 30.10.2021 18:00,2784,2756
30.10.2021 18:00 - 30.10.2021 19:00,2755,2789
30.10.2021 19:00 - 30.10.2021 20:00,2601,2597
30.10.2021 20:00 - 30.10.2021 21:00,2457,2454
30.10.2021 21:00 - 30.10.2021 22:00,2322,2405
30.10.2021 22:00 - 30.10.2021 23:00,2178,2241
30.10.2021 23:00 - 31.10.2021 00:00,2031,2086
31.10.2021 00:00 - 31.10.2021 01:00,1969,1980
31.10.2021 01:00 - 31.10.2021 02:00,1875,1917
31.10.2021 02:00 - 31.10.2021 03:00,1847,1862
31.10.2021 02:00 - 31.10.2021 03:00,1817,1833
31.10.2021 03:00 - 31.10.2021 04:00,1809,1833
31.10.2021 04:00 - 31.10.2021 05:00,1826,1854
31.10.2021 05:00 - 31.10.2021 06:00,1919,1935
31.10.2021 06:00 - 31.10.2021 07:00,2021,2026
31.10.2021 07:00 - 31.10.2021 08:00,2173,2194
31.10.2021 08:00 - 31.10.2021 09:00,2350,2328
31.10.2021 09:00 - 31.10.2021 10:00,2416,2386
31.10.2021 10:00 - 31.10.2021 11:00,2458,2380
31.10.2021 11:00 - 31.10.2021 12:00,2411,2404
31.10.2021 12:00 - 31.10.2021 13:00,2386,2400
31.10.2021 13:00 - 31.10.2021 14:00,2374,2402
31.10.2021 14:00 - 31.10.2021 15:00,2388,2403
31.10.2021 15:00 - 31.10.2021 16:00,2404,2410
31.10.2021 16:00 - 31.10.2021 17:00,2551,2551
31.10.2021 17:00 - 31.10.2021 18:00,2850,2845
31.10.2021 18:00 - 31.10.2021 19:00,2765,2794
31.10.2021 19:00 - 31.10.2021 20:00,2637,2686
31.10.2021 20:00 - 31.10.2021 21:00,2550,2605
31.10.2021 21:00 - 31.10.2021 22:00,2440,2433
31.10.2021 22:00 - 31.10.2021 23:00,2293,2325
31.10.2021 23:00 - 01.11.2021 00:00,2191,2186
01.11.2021 00:00 - 01.11.2021 01:00,2191,2262
01.11.2021 01:00 - 01.11.2021 02:00,2212,2219
01.11.2021 02:00 - 01.11.2021 03:00,2201,2207
01.11.2021 03:00 - 01.11.2021 04:00,2239,2255
01.11.2021 04:00 - 01.11.2021 05:00,2295,2290
01.11.2021 05:00 - 01.11.2021 06:00,2435,2354
01.11.2021 06:00 - 01.11.2021 07:00,2747,2726
01.11.2021 07:00 - 01.11.2021 08:00,3069,3034
01.11.2021 08:00 - 01.11.2021 09:00,3162,3098
01.11.2021 09:00 - 01.11.2021 10:00,3112,3139
01.11.2021 10:00 - 01.11.2021 11:00,3207,3183
01.11.2021 11:00 - 01.11.2021 12:00,3119,3083
01.11.2021 12:00 - 01.11.2021 13:00,3043,3076
01.11.2021 13:00 - 01.11.2021 14:00,3040,3007
01.11.2021 14:00 - 01.11.2021 15:00,2973,2988
01.11.2021 15:00 - 01.11.2021 16:00,2977,3064
01.11.2021 16:00 - 01.11.2021 17:00,3046,3020
01.11.2021 17:00 - 01.11.2021 18:00,3273,3299
01.11.2021 18:00 - 01.11.2021 19:00,3208,3268
01.11.2021 19:00 - 01.11.2021 20:00,3035,3015
01.11.2021 20:00 - 01.11.2021 21:00,2797,2843
01.11.2021 21:00 - 01.11.2021 22:00,2634,2635
01.11.2021 22:00 - 01.11.2021 23:00,2480,2470
01.11.2021 23:00 - 02.11.2021 00:00,2286,2312
02.11.2021 00:00 - 02.11.2021 01:00,2176,2207
02.11.2021 01:00 - 02.11.2021 02:00,2145,2224
02.11.2021 02:00 - 02.11.2021 03:00,2163,2125
02.11.2021 03:00 - 02.11.2021 04:00,2127,2118
02.11.2021 04:00 - 02.11.2021 05:00,2202,2174
02.11.2021 05:00 - 02.11.2021 06:00,2347,2368
02.11.2021 06:00 - 02.11.2021 07:00,2703,2723
02.11.2021 07:00 - 02.11.2021 08:00,3046,3009
02.11.2021 08:00 - 02.11.2021 09:00,3106,3044
02.11.2021 09:00 - 02.11.2021 10:00,3065,3076
02.11.2021 10:00 - 02.11.2021 11:00,3131,3067
02.11.2021 11:00 - 02.11.2021 12:00,3072,3014
02.11.2021 12:00 - 02.11.2021 13:00,2961,2940
02.11.2021 13:00 - 02.11.2021 14:00,2948,2928
02.11.2021 14:00 - 02.11.2021 15:00,2861,2876
02.11.2021 15:00 - 02.11.2021 16:00,2796,2867
02.11.2021 16:00 - 02.11.2021 17:00,2968,2929
02.11.2021 17:00 - 02.11.2021 18:00,3218,3214
02.11.2021 18:00 - 02.11.2021 19:00,3085,3059
02.11.2021 19:00 - 02.11.2021 20:00,2929,2870
02.11.2021 20:00 - 02.11.2021 21:00,2803,2693
02.11.2021 21:00 - 02.11.2021 22:00,2663,2534
02.11.2021 22:00 - 02.11.2021 23:00,2369,2370
02.11.2021 23:00 - 03.11.2021 00:00,2202,2225
03.11.2021 00:00 - 03.11.2021 01:00,2068,2113
03.11.2021 01:00 - 03.11.2021 02:00,2011,2063
03.11.2021 02:00 - 03.11.2021 03:00,2039,2041
03.11.2021 03:00 - 03.11.2021 04:00,2083,2065
03.11.2021 04:00 - 03.11.2021 05:00,2163,2110
03.11.2021 05:00 - 03.11.2021 06:00,2270,2269
03.11.2021 06:00 - 03.11.2021 07:00,2608,2659
03.11.2021 07:00 - 03.11.2021 08:00,3001,2954
03.11.2021 08:00 - 03.11.2021 09:00,3058,3021
03.11.2021 09:00 - 03.11.2021 10:00,3032,3001
03.11.2021 10:00 - 03.11.2021 11:00,3047,3012
03.11.2021 11:00 - 03.11.2021 12:00,3010,3005
03.11.2021 12:00 - 03.11.2021 13:00,2954,2961
03.11.2021 13:00 - 03.11.2021 14:00,2943,2877
03.11.2021 14:00 - 03.11.2021 15:00,2805,2804
03.11.2021 15:00 - 03.11.2021 16:00,2754,2770
03.11.2021 16:00 - 03.11.2021 17:00,2838,2833
03.11.2021 17:00 - 03.11.2021 18:00,3095,3094
03.11.2021 18:00 - 03.11.2021 19:00,2996,3009
03.11.2021 19:00 - 03.11.2021 20:00,2863,2849
03.11.2021 20:00 - 03.11.2021 21:00,2712,2702
03.11.2021 21:00 - 03.11.2021 22:00,2629,2601
03.11.2021 22:00 - 03.11.2021 23:00,2418,2363
03.11.2021 23:00 - 04.11.2021 00:00,2208,2242
04.11.2021 00:00 - 04.11.2021 01:00,2098,2169
04.11.2021 01:00 - 04.11.2021 02:00,2064,2106
04.11.2021 02:00 - 04.11.2021 03:00,2091,2060
04.11.2021 03:00 - 04.11.2021 04:00,2093,2082
04.11.2021 04:00 - 04.11.2021 05:00,2141,2135
04.11.2021 05:00 - 04.11.2021 06:00,2303,2306
04.11.2021 06:00 - 04.11.2021 07:00,2669,2678
04.11.2021 07:00 - 04.11.2021 08:00,3051,3025
04.11.2021 08:00 - 04.11.2021 09:00,3100,3085
04.11.2021 09:00 - 04.11.2021 10:00,3073,3088
04.11.2021 10:00 - 04.11.2021 11:00,3139,3104
04.11.2021 11:00 - 04.11.2021 12:00,3101,3121
04.11.2021 12:00 - 04.11.2021 13:00,3102,3069
04.11.2021 13:00 - 04.11.2021 14:00,3024,3070
04.11.2021 14:00 - 04.11.2021 15:00,2993,3017
04.11.2021 15:00 - 04.11.2021 16:00,2920,2969
04.11.2021 16:00 - 04.11.2021 17:00,3025,3048
04.11.2021 17:00 - 04.11.2021 18:00,3302,3338
04.11.2021 18:00 - 04.11.2021 19:00,3183,3202
04.11.2021 19:00 - 04.11.2021 20:00,3001,3069
04.11.2021 20:00 - 04.11.2021 21:00,2912,3019
04.11.2021 21:00 - 04.11.2021 22:00,2819,2827
04.11.2021 22:00 - 04.11.2021 23:00,2695,2635
04.11.2021 23:00 - 05.11.2021 00:00,2542,2476
05.11.2021 00:00 - 05.11.2021 01:00,2359,2414
05.11.2021 01:00 - 05.11.2021 02:00,2321,2364
05.11.2021 02:00 - 05.11.2021 03:00,2286,2257
05.11.2021 03:00 - 05.11.2021 04:00,2233,2226
05.11.2021 04:00 - 05.11.2021 05:00,2299,2318
05.11.2021 05:00 - 05.11.2021 06:00,2480,2474
05.11.2021 06:00 - 05.11.2021 07:00,2858,2928
05.11.2021 07:00 - 05.11.2021 08:00,3243,3320
05.11.2021 08:00 - 05.11.2021 09:00,3261,3227
05.11.2021 09:00 - 05.11.2021 10:00,3233,3211
05.11.2021 10:00 - 05.11.2021 11:00,3264,3259
05.11.2021 11:00 - 05.11.2021 12:00,3230,3282
05.11.2021 12:00 - 05.11.2021 13:00,3146,3162
05.11.2021 13:00 - 05.11.2021 14:00,3040,3023
05.11.2021 14:00 - 05.11.2021 15:00,2940,3019
05.11.2021 15:00 - 05.11.2021 16:00,2915,2967
05.11.2021 16:00 - 05.11.2021 17:00,3017,3046
05.11.2021 17:00 - 05.11.2021 18:00,3225,3186
05.11.2021 18:00 - 05.11.2021 19:00,3067,3042
05.11.2021 19:00 - 05.11.2021 20:00,2859,2921
05.11.2021 20:00 - 05.11.2021 21:00,2782,2813
05.11.2021 21:00 - 05.11.2021 22:00,2704,2713
05.11.2021 22:00 - 05.11.2021 23:00,2569,2570
05.11.2021 23:00 - 06.11.2021 00:00,2396,2441
06.11.2021 00:00 - 06.11.2021 01:00,2311,2335
06.11.2021 01:00 - 06.11.2021 02:00,2231,2273
06.11.2021 02:00 - 06.11.2021 03:00,2207,2224
06.11.2021 03:00 - 06.11.2021 04:00,2171,2210
06.11.2021 04:00 - 06.11.2021 05:00,2193,2201
06.11.2021 05:00 - 06.11.2021 06:00,2232,2235
06.11.2021 06:00 - 06.11.2021 07:00,2351,2340
06.11.2021 07:00 - 06.11.2021 08:00,2531,2540
06.11.2021 08:00 - 06.11.2021 09:00,2682,2659
06.11.2021 09:00 - 06.11.2021 10:00,2771,2787
06.11.2021 10:00 - 06.11.2021 11:00,2784,2759
06.11.2021 11:00 - 06.11.2021 12:00,2731,2730
06.11.2021 12:00 - 06.11.2021 13:00,2711,2752
06.11.2021 13:00 - 06.11.2021 14:00,2678,2663
06.11.2021 14:00 - 06.11.2021 15:00,2641,2665
06.11.2021 15:00 - 06.11.2021 16:00,2667,2662
06.11.2021 16:00 - 06.11.2021 17:00,2784,2782
06.11.2021 17:00 - 06.11.2021 18:00,3042,2968
06.11.2021 18:00 - 06.11.2021 19:00,2852,2862
06.11.2021 19:00 - 06.11.2021 20:00,2721,2767
06.11.2021 20:00 - 06.11.2021 21:00,2609,2600
06.11.2021 21:00 - 06.11.2021 22:00,2488,2513
06.11.2021 22:00 - 06.11.2021 23:00,2368,2497
06.11.2021 23:00 - 07.11.2021 00:00,2224,2412
07.11.2021 00:00 - 07.11.2021 01:00,2269,2291
07.11.2021 01:00 - 07.11.2021 02:00,2197,2225
07.11.2021 02:00 - 07.11.2021 03:00,2152,2094
07.11.2021 03:00 - 07.11.2021 04:00,2088,2110
07.11.2021 04:00 - 07.11.2021 05:00,2112,2182
07.11.2021 05:00 - 07.11.2021 06:00,2259,2272
07.11.2021 06:00 - 07.11.2021 07:00,2367,2347
07.11.2021 07:00 - 07.11.2021 08:00,2499,2513
07.11.2021 08:00 - 07.11.2021 09:00,2632,2595
07.11.2021 09:00 - 07.11.2021 10:00,2679,2643
07.11.2021 10:00 - 07.11.2021 11:00,2686,2660
07.11.2021 11:00 - 07.11.2021 12:00,2668,2670
07.11.2021 12:00 - 07.11.2021 13:00,2672,2700
07.11.2021 13:00 - 07.11.2021 14:00,2698,2716
07.11.2021 14:00 - 07.11.2021 15:00,2732,2751
07.11.2021 15:00 - 07.11.2021 16:00,2737,2706
07.11.2021 16:00 - 07.11.2021 17:00,2840,2806
07.11.2021 17:00 - 07.11.2021 18:00,3134,3157
07.11.2021 18:00 - 07.11.2021 19:00,3003,2944
07.11.2021 19:00 - 07.11.2021 20:00,2758,2776
07.11.2021 20:00 - 07.11.2021 21:00,2653,2717
07.11.2021 21:00 - 07.11.2021 22:00,2585,2514
07.11.2021 22:00 - 07.11.2021 23:00,2430,2320
07.11.2021 23:00 - 08.11.2021 00:00,2376,2278
08.11.2021 00:00 - 08.11.2021 01:00,2282,2334
08.11.2021 01:00 - 08.11.2021 02:00,2280,2270
08.11.2021 02:00 - 08.11.2021 03:00,2264,2202
08.11.2021 03:00 - 08.11.2021 04:00,2221,2140
08.11.2021 04:00 - 08.11.2021 05:00,2222,2223
08.11.2021 05:00 - 08.11.2021 06:00,2311,2276
08.11.2021 06:00 - 08.11.2021 07:00,2709,2685
08.11.2021 07:00 - 08.11.2021 08:00,3100,3028
08.11.2021 08:00 - 08.11.2021 09:00,3161,3129
08.11.2021 09:00 - 08.11.2021 10:00,3135,3129
08.11.2021 10:00 - 08.11.2021 11:00,3192,3168
08.11.2021 11:00 - 08.11.2021 12:00,3183,3171
08.11.2021 12:00 - 08.11.2021 13:00,3105,3108
08.11.2021 13:00 - 08.11.2021 14:00,3121,3093
08.11.2021 14:00 - 08.11.2021 15:00,3082,3052
08.11.2021 15:00 - 08.11.2021 16:00,3021,2976
08.11.2021 16:00 - 08.11.2021 17:00,3129,3070
08.11.2021 17:00 - 08.11.2021 18:00,3358,3284
08.11.2021 18:00 - 08.11.2021 19:00,3214,3127
08.11.2021 19:00 - 08.11.2021 20:00,2986,2928
08.11.2021 20:00 - 08.11.2021 21:00,2756,2772
08.11.2021 21:00 - 08.11.2021 22:00,2587,2614
08.11.2021 22:00 - 08.11.2021 23:00,2428,2449
08.11.2021 23:00 - 09.11.2021 00:00,2286,2302
09.11.2021 00:00 - 09.11.2021 01:00,2191,2207
09.11.2021 01:00 - 09.11.2021 02:00,2134,2157
09.11.2021 02:00 - 09.11.2021 03:00,2114,2128
09.11.2021 03:00 - 09.11.2021 04:00,2121,2117
09.11.2021 04:00 - 09.11.2021 05:00,2177,2164
09.11.2021 05:00 - 09.11.2021 06:00,2370,2399
09.11.2021 06:00 - 09.11.2021 07:00,2858,2962
09.11.2021 07:00 - 09.11.2021 08:00,3185,3110
09.11.2021 08:00 - 09.11.2021 09:00,3182,3214
09.11.2021 09:00 - 09.11.2021 10:00,3258,3362
09.11.2021 10:00 - 09.11.2021 11:00,3384,3392
09.11.2021 11:00 - 09.11.2021 12:00,3343,3331
09.11.2021 12:00 - 09.11.2021 13:00,3261,3287
09.11.2021 13:00 - 09.11.2021 14:00,3236,3207
09.11.2021 14:00 - 09.11.2021 15:00,3149,3142
09.11.2021 15:00 - 09.11.2021 16:00,3068,3054
09.11.2021 16:00 - 09.11.2021 17:00,3134,3150
09.11.2021 17:00 - 09.11.2021 18:00,3357,3345
09.11.2021 18:00 - 09.11.2021 19:00,3184,3188
09.11.2021 19:00 - 09.11.2021 20:00,3091,3193
09.11.2021 20:00 - 09.11.2021 21:00,3014,3031
09.11.2021 21:00 - 09.11.2021 22:00,2866,2867
09.11.2021 22:00 - 09.11.2021 23:00,2675,2692
09.11.2021 23:00 - 10.11.2021 00:00,2520,2495
10.11.2021 00:00 - 10.11.2021 01:00,2346,2342
10.11.2021 01:00 - 10.11.2021 02:00,2272,2316
10.11.2021 02:00 - 10.11.2021 03:00,2250,2272
10.11.2021 03:00 - 10.11.2021 04:00,2272,2269
10.11.2021 04:00 - 10.11.2021 05:00,2333,2368
10.11.2021 05:00 - 10.11.2021 06:00,2511,2522
10.11.2021 06:00 - 10.11.2021 07:00,2852,2886
10.11.2021 07:00 - 10.11.2021 08:00,3161,3178
10.11.2021 08:00 - 10.11.2021 09:00,3236,3228
10.11.2021 09:00 - 10.11.2021 10:00,3201,3182
10.11.2021 10:00 - 10.11.2021 11:00,3197,3209
10.11.2021 11:00 - 10.11.2021 12:00,3174,3173
10.11.2021 12:00 - 10.11.2021 13:00,3095,3091
10.11.2021 13:00 - 10.11.2021 14:00,3105,3091
10.11.2021 14:00 - 10.11.2021 15:00,3063,3031
10.11.2021 15:00 - 10.11.2021 16:00,2922,2860
10.11.2021 16:00 - 10.11.2021 17:00,2953,2963
10.11.2021 17:00 - 10.11.2021 18:00,3196,3183
10.11.2021 18:00 - 10.11.2021 19:00,3050,3025
10.11.2021 19:00 - 10.11.2021 20:00,2885,2812
10.11.2021 20:00 - 10.11.2021 21:00,2729,2657
10.11.2021 21:00 - 10.11.2021 22:00,2578,2555
10.11.2021 22:00 - 10.11.2021 23:00,2444,2415
10.11.2021 23:00 - 11.11.2021 00:00,2338,2292
11.11.2021 00:00 - 11.11.2021 01:00,2166,2165
11.11.2021 01:00 - 11.11.2021 02:00,2094,2121
11.11.2021 02:00 - 11.11.2021 03:00,2073,2090
11.11.2021 03:00 - 11.11.2021 04:00,2079,2087
11.11.2021 04:00 - 11.11.2021 05:00,2131,2111
11.11.2021 05:00 - 11.11.2021 06:00,2235,2254
11.11.2021 06:00 - 11.11.2021 07:00,2630,2647
11.11.2021 07:00 - 11.11.2021 08:00,3003,2995
11.11.2021 08:00 - 11.11.2021 09:00,3068,3043
11.11.2021 09:00 - 11.11.2021 10:00,3037,3030
11.11.2021 10:00 - 11.11.2021 11:00,3120,3110
11.11.2021 11:00 - 11.11.2021 12:00,3103,3094
11.11.2021 12:00 - 11.11.2021 13:00,3032,3036
11.11.2021 13:00 - 11.11.2021 14:00,3051,3056
11.11.2021 14:00 - 11.11.2021 15:00,3024,2937
11.11.2021 15:00 - 11.11.2021 16:00,2895,2831
11.11.2021 16:00 - 11.11.2021 17:00,2940,2944
11.11.2021 17:00 - 11.11.2021 18:00,3130,3128
11.11.2021 18:00 - 11.11.2021 19:00,3021,3051
11.11.2021 19:00 - 11.11.2021 20:00,2878,2885
11.11.2021 20:00 - 11.11.2021 21:00,2728,2729
11.11.2021 21:00 - 11.11.2021 22:00,2593,2600
11.11.2021 22:00 - 11.11.2021 23:00,2430,2433
11.11.2021 23:00 - 12.11.2021 00:00,2298,2263
12.11.2021 00:00 - 12.11.2021 01:00,2154,2147
12.11.2021 01:00 - 12.11.2021 02:00,2066,2086
12.11.2021 02:00 - 12.11.2021 03:00,2046,2055
12.11.2021 03:00 - 12.11.2021 04:00,2079,2063
12.11.2021 04:00 - 12.11.2021 05:00,2161,2111
12.11.2021 05:00 - 12.11.2021 06:00,2242,2270
12.11.2021 06:00 - 12.11.2021 07:00,2642,2642
12.11.2021 07:00 - 12.11.2021 08:00,3020,2992
12.11.2021 08:00 - 12.11.2021 09:00,3064,3074
12.11.2021 09:00 - 12.11.2021 10:00,3067,3071
12.11.2021 10:00 - 12.11.2021 11:00,3125,3143
12.11.2021 11:00 - 12.11.2021 12:00,3114,3130
12.11.2021 12:00 - 12.11.2021 13:00,3001,3002
12.11.2021 13:00 - 12.11.2021 14:00,2936,2947
12.11.2021 14:00 - 12.11.2021 15:00,2853,2817
12.11.2021 15:00 - 12.11.2021 16:00,2821,2809
12.11.2021 16:00 - 12.11.2021 17:00,2917,2919
12.11.2021 17:00 - 12.11.2021 18:00,3116,3107
12.11.2021 18:00 - 12.11.2021 19:00,2970,2989
12.11.2021 19:00 - 12.11.2021 20:00,2759,2784
12.11.2021 20:00 - 12.11.2021 21:00,2551,2594
12.11.2021 21:00 - 12.11.2021 22:00,2424,2491
12.11.2021 22:00 - 12.11.2021 23:00,2274,2309
12.11.2021 23:00 - 13.11.2021 00:00,2123,2179
13.11.2021 00:00 - 13.11.2021 01:00,2077,2145
13.11.2021 01:00 - 13.11.2021 02:00,2037,2043
13.11.2021 02:00 - 13.11.2021 03:00,1965,1987
13.11.2021 03:00 - 13.11.2021 04:00,1951,1942
13.11.2021 04:00 - 13.11.2021 05:00,1941,1937
13.11.2021 05:00 - 13.11.2021 06:00,1979,1973
13.11.2021 06:00 - 13.11.2021 07:00,2102,2093
13.11.2021 07:00 - 13.11.2021 08:00,2305,2259
13.11.2021 08:00 - 13.11.2021 09:00,2481,2393
13.11.2021 09:00 - 13.11.2021 10:00,2523,2469
13.11.2021 10:00 - 13.11.2021 11:00,2564,2582
13.11.2021 11:00 - 13.11.2021 12:00,2553,2581
13.11.2021 12:00 - 13.11.2021 13:00,2529,2533
13.11.2021 13:00 - 13.11.2021 14:00,2521,2522
13.11.2021 14:00 - 13.11.2021 15:00,2506,2500
13.11.2021 15:00 - 13.11.2021 16:00,2519,2524
13.11.2021 16:00 - 13.11.2021 17:00,2649,2609
13.11.2021 17:00 - 13.11.2021 18:00,2807,2801
13.11.2021 18:00 - 13.11.2021 19:00,2671,2688
13.11.2021 19:00 - 13.11.2021 20:00,2487,2485
13.11.2021 20:00 - 13.11.2021 21:00,2390,2350
13.11.2021 21:00 - 13.11.2021 22:00,2209,2220
13.11.2021 22:00 - 13.11.2021 23:00,2093,2155
13.11.2021 23:00 - 14.11.2021 00:00,1996,2059
14.11.2021 00:00 - 14.11.2021 01:00,1937,1937
14.11.2021 01:00 - 14.11.2021 02:00,1867,1904
14.11.2021 02:00 - 14.11.2021 03:00,1841,1847
14.11.2021 03:00 - 14.11.2021 04:00,1770,1855
14.11.2021 04:00 - 14.11.2021 05:00,1817,1866
14.11.2021 05:00 - 14.11.2021 06:00,1878,1897
14.11.2021 06:00 - 14.11.2021 07:00,2030,2003
14.11.2021 07:00 - 14.11.2021 08:00,2161,2172
14.11.2021 08:00 - 14.11.2021 09:00,2313,2302
14.11.2021 09:00 - 14.11.2021 10:00,2429,2414
14.11.2021 10:00 - 14.11.2021 11:00,2482,2424
14.11.2021 11:00 - 14.11.2021 12:00,2464,2515
14.11.2021 12:00 - 14.11.2021 13:00,2446,2485
14.11.2021 13:00 - 14.11.2021 14:00,2479,2518
14.11.2021 14:00 - 14.11.2021 15:00,2495,2491
14.11.2021 15:00 - 14.11.2021 16:00,2502,2489
14.11.2021 16:00 - 14.11.2021 17:00,2650,2646
14.11.2021 17:00 - 14.11.2021 18:00,2926,2903
14.11.2021 18:00 - 14.11.2021 19:00,2840,2815
14.11.2021 19:00 - 14.11.2021 20:00,2643,2597
14.11.2021 20:00 - 14.11.2021 21:00,2473,2451
14.11.2021 21:00 - 14.11.2021 22:00,2293,2383
14.11.2021 22:00 - 14.11.2021 23:00,2164,2241
14.11.2021 23:00 - 15.11.2021 00:00,2061,2125
15.11.2021 00:00 - 15.11.2021 01:00,2059,2057
15.11.2021 01:00 - 15.11.2021 02:00,2018,2007
15.11.2021 02:00 - 15.11.2021 03:00,2012,2028
15.11.2021 03:00 - 15.11.2021 04:00,2057,2002
15.11.2021 04:00 - 15.11.2021 05:00,2087,2040
15.11.2021 05:00 - 15.11.2021 06:00,2240,2198
15.11.2021 06:00 - 15.11.2021 07:00,2612,2597
15.11.2021 07:00 - 15.11.2021 08:00,3032,2963
15.11.2021 08:00 - 15.11.2021 09:00,3089,3061
15.11.2021 09:00 - 15.11.2021 10:00,3071,3066
15.11.2021 10:00 - 15.11.2021 11:00,3112,3059
15.11.2021 11:00 - 15.11.2021 12:00,3056,3048
15.11.2021 12:00 - 15.11.2021 13:00,3033,3027
15.11.2021 13:00 - 15.11.2021 14:00,3033,3048
15.11.2021 14:00 - 15.11.2021 15:00,3000,2981
15.11.2021 15:00 - 15.11.2021 16:00,2938,2943
15.11.2021 16:00 - 15.11.2021 17:00,3029,3073
15.11.2021 17:00 - 15.11.2021 18:00,3242,3244
15.11.2021 18:00 - 15.11.2021 19:00,3090,3097
15.11.2021 19:00 - 15.11.2021 20:00,2905,2895
15.11.2021 20:00 - 15.11.2021 21:00,2738,2745
15.11.2021 21:00 - 15.11.2021 22:00,2606,2593
15.11.2021 22:00 - 15.11.2021 23:00,2424,2451
15.11.2021 23:00 - 16.11.2021 00:00,2265,2296
16.11.2021 00:00 - 16.11.2021 01:00,2177,2183
16.11.2021 01:00 - 16.11.2021 02:00,2101,2111
16.11.2021 02:00 - 16.11.2021 03:00,2077,2090
16.11.2021 03:00 - 16.11.2021 04:00,2094,2088
16.11.2021 04:00 - 16.11.2021 05:00,2177,2140
16.11.2021 05:00 - 16.11.2021 06:00,2290,2285
16.11.2021 06:00 - 16.11.2021 07:00,2661,2667
16.11.2021 07:00 - 16.11.2021 08:00,3042,3039
16.11.2021 08:00 - 16.11.2021 09:00,3141,3105
16.11.2021 09:00 - 16.11.2021 10:00,3070,3073
16.11.2021 10:00 - 16.11.2021 11:00,3162,3117
16.11.2021 11:00 - 16.11.2021 12:00,3092,3110
16.11.2021 12:00 - 16.11.2021 13:00,3052,3080
16.11.2021 13:00 - 16.11.2021 14:00,3090,3091
16.11.2021 14:00 - 16.11.2021 15:00,3057,3048
16.11.2021 15:00 - 16.11.2021 16:00,2984,3030
16.11.2021 16:00 - 16.11.2021 17:00,3126,3151
16.11.2021 17:00 - 16.11.2021 18:00,3318,3231
16.11.2021 18:00 - 16.11.2021 19:00,3098,3102
16.11.2021 19:00 - 16.11.2021 20:00,2924,2917
16.11.2021 20:00 - 16.11.2021 21:00,2819,2765
16.11.2021 21:00 - 16.11.2021 22:00,2635,2567
16.11.2021 22:00 - 16.11.2021 23:00,2440,2422
16.11.2021 23:00 - 17.11.2021 00:00,2305,2261
17.11.2021 00:00 - 17.11.2021 01:00,2167,2208
17.11.2021 01:00 - 17.11.2021 02:00,2150,2174
17.11.2021 02:00 - 17.11.2021 03:00,2132,2131
17.11.2021 03:00 - 17.11.2021 04:00,2152,2132
17.11.2021 04:00 - 17.11.2021 05:00,2214,2214
17.11.2021 05:00 - 17.11.2021 06:00,2390,2396
17.11.2021 06:00 - 17.11.2021 07:00,2736,2747
17.11.2021 07:00 - 17.11.2021 08:00,3130,3132
17.11.2021 08:00 - 17.11.2021 09:00,3220,3176
17.11.2021 09:00 - 17.11.2021 10:00,3166,3240
17.11.2021 10:00 - 17.11.2021 11:00,3322,3312
17.11.2021 11:00 - 17.11.2021 12:00,3247,3250
17.11.2021 12:00 - 17.11.2021 13:00,3187,3226
17.11.2021 13:00 - 17.11.2021 14:00,3185,3144
17.11.2021 14:00 - 17.11.2021 15:00,3116,3107
17.11.2021 15:00 - 17.11.2021 16:00,3051,3073
17.11.2021 16:00 - 17.11.2021 17:00,3148,3187
17.11.2021 17:00 - 17.11.2021 18:00,3406,3394
17.11.2021 18:00 - 17.11.2021 19:00,3229,3228
17.11.2021 19:00 - 17.11.2021 20:00,3025,3002
17.11.2021 20:00 - 17.11.2021 21:00,2881,2829
17.11.2021 21:00 - 17.11.2021 22:00,2711,2674
17.11.2021 22:00 - 17.11.2021 23:00,2582,2506
17.11.2021 23:00 - 18.11.2021 00:00,2448,2469
18.11.2021 00:00 - 18.11.2021 01:00,2345,2410
18.11.2021 01:00 - 18.11.2021 02:00,2300,2325
18.11.2021 02:00 - 18.11.2021 03:00,2285,2343
18.11.2021 03:00 - 18.11.2021 04:00,2353,2406
18.11.2021 04:00 - 18.11.2021 05:00,2429,2452
18.11.2021 05:00 - 18.11.2021 06:00,2577,2577
18.11.2021 06:00 - 18.11.2021 07:00,2844,2920
18.11.2021 07:00 - 18.11.2021 08:00,3172,3244
18.11.2021 08:00 - 18.11.2021 09:00,3316,3381
18.11.2021 09:00 - 18.11.2021 10:00,3340,3384
18.11.2021 10:00 - 18.11.2021 11:00,3428,3483
18.11.2021 11:00 - 18.11.2021 12:00,3437,3446
18.11.2021 12:00 - 18.11.2021 13:00,3342,3381
18.11.2021 13:00 - 18.11.2021 14:00,3361,3335
18.11.2021 14:00 - 18.11.2021 15:00,3298,3307
18.11.2021 15:00 - 18.11.2021 16:00,3270,3306
18.11.2021 16:00 - 18.11.2021 17:00,3383,3396
18.11.2021 17:00 - 18.11.2021 18:00,3561,3541
18.11.2021 18:00 - 18.11.2021 19:00,3398,3413
18.11.2021 19:00 - 18.11.2021 20:00,3240,3176
18.11.2021 20:00 - 18.11.2021 21:00,3070,3053
18.11.2021 21:00 - 18.11.2021 22:00,2973,2972
18.11.2021 22:00 - 18.11.2021 23:00,2881,2738
18.11.2021 23:00 - 19.11.2021 00:00,2727,2641
19.11.2021 00:00 - 19.11.2021 01:00,2485,2459
19.11.2021 01:00 - 19.11.2021 02:00,2355,2374
19.11.2021 02:00 - 19.11.2021 03:00,2308,2331
19.11.2021 03:00 - 19.11.2021 04:00,2321,2325
19.11.2021 04:00 - 19.11.2021 05:00,2367,2415
19.11.2021 05:00 - 19.11.2021 06:00,2551,2538
19.11.2021 06:00 - 19.11.2021 07:00,2790,2825
19.11.2021 07:00 - 19.11.2021 08:00,3164,3241
19.11.2021 08:00 - 19.11.2021 09:00,3290,3277
19.11.2021 09:00 - 19.11.2021 10:00,3295,3394
19.11.2021 10:00 - 19.11.2021 11:00,3389,3380
19.11.2021 11:00 - 19.11.2021 12:00,3330,3384
19.11.2021 12:00 - 19.11.2021 13:00,3244,3265
19.11.2021 13:00 - 19.11.2021 14:00,3161,3141
19.11.2021 14:00 - 19.11.2021 15:00,3009,3071
19.11.2021 15:00 - 19.11.2021 16:00,2996,3015
19.11.2021 16:00 - 19.11.2021 17:00,3099,3041
19.11.2021 17:00 - 19.11.2021 18:00,3212,3195
19.11.2021 18:00 - 19.11.2021 19:00,3092,3143
19.11.2021 19:00 - 19.11.2021 20:00,2919,2856
19.11.2021 20:00 - 19.11.2021 21:00,2694,2649
19.11.2021 21:00 - 19.11.2021 22:00,2522,2657
19.11.2021 22:00 - 19.11.2021 23:00,2434,2509
19.11.2021 23:00 - 20.11.2021 00:00,2358,2331
20.11.2021 00:00 - 20.11.2021 01:00,2166,2130
20.11.2021 01:00 - 20.11.2021 02:00,1994,2011
20.11.2021 02:00 - 20.11.2021 03:00,1928,1976
20.11.2021 03:00 - 20.11.2021 04:00,1949,1983
20.11.2021 04:00 - 20.11.2021 05:00,2034,2030
20.11.2021 05:00 - 20.11.2021 06:00,2110,2102
20.11.2021 06:00 - 20.11.2021 07:00,2194,2213
20.11.2021 07:00 - 20.11.2021 08:00,2382,2341
20.11.2021 08:00 - 20.11.2021 09:00,2520,2526
20.11.2021 09:00 - 20.11.2021 10:00,2598,2596
20.11.2021 10:00 - 20.11.2021 11:00,2731,2749
20.11.2021 11:00 - 20.11.2021 12:00,2768,2790
20.11.2021 12:00 - 20.11.2021 13:00,2704,2673
20.11.2021 13:00 - 20.11.2021 14:00,2622,2626
20.11.2021 14:00 - 20.11.2021 15:00,2609,2606
20.11.2021 15:00 - 20.11.2021 16:00,2636,2650
20.11.2021 16:00 - 20.11.2021 17:00,2799,2833
20.11.2021 17:00 - 20.11.2021 18:00,2965,2910
20.11.2021 18:00 - 20.11.2021 19:00,2832,2838
20.11.2021 19:00 - 20.11.2021 20:00,2685,2718
20.11.2021 20:00 - 20.11.2021 21:00,2595,2628
20.11.2021 21:00 - 20.11.2021 22:00,2470,2376
20.11.2021 22:00 - 20.11.2021 23:00,2337,2139
20.11.2021 23:00 - 21.11.2021 00:00,2212,2094
21.11.2021 00:00 - 21.11.2021 01:00,1965,1965
21.11.2021 01:00 - 21.11.2021 02:00,1958,2019
21.11.2021 02:00 - 21.11.2021 03:00,1895,1831
21.11.2021 03:00 - 21.11.2021 04:00,1864,1888
21.11.2021 04:00 - 21.11.2021 05:00,1854,1820
21.11.2021 05:00 - 21.11.2021 06:00,1781,1747
21.11.2021 06:00 - 21.11.2021 07:00,1890,2008
21.11.2021 07:00 - 21.11.2021 08:00,2217,2218
21.11.2021 08:00 - 21.11.2021 09:00,2358,2272
21.11.2021 09:00 - 21.11.2021 10:00,2403,2268
21.11.2021 10:00 - 21.11.2021 11:00,2364,2264
21.11.2021 11:00 - 21.11.2021 12:00,2295,2234
21.11.2021 12:00 - 21.11.2021 13:00,2254,2216
21.11.2021 13:00 - 21.11.2021 14:00,2221,2191
21.11.2021 14:00 - 21.11.2021 15:00,2257,2229
21.11.2021 15:00 - 21.11.2021 16:00,2325,2284
21.11.2021 16:00 - 21.11.2021 17:00,2454,2464
21.11.2021 17:00 - 21.11.2021 18:00,2723,2745
21.11.2021 18:00 - 21.11.2021 19:00,2660,2679
21.11.2021 19:00 - 21.11.2021 20:00,2514,2532
21.11.2021 20:00 - 21.11.2021 21:00,2396,2453
21.11.2021 21:00 - 21.11.2021 22:00,2310,2379
21.11.2021 22:00 - 21.11.2021 23:00,2275,2219
21.11.2021 23:00 - 22.11.2021 00:00,2206,2128
22.11.2021 00:00 - 22.11.2021 01:00,2082,2112
22.11.2021 01:00 - 22.11.2021 02:00,2063,2153
22.11.2021 02:00 - 22.11.2021 03:00,2119,2177
22.11.2021 03:00 - 22.11.2021 04:00,2188,2150
22.11.2021 04:00 - 22.11.2021 05:00,2208,2193
22.11.2021 05:00 - 22.11.2021 06:00,2375,2380
22.11.2021 06:00 - 22.11.2021 07:00,2817,2787
22.11.2021 07:00 - 22.11.2021 08:00,3207,3141
22.11.2021 08:00 - 22.11.2021 09:00,3229,3200
22.11.2021 09:00 - 22.11.2021 10:00,3162,3108
22.11.2021 10:00 - 22.11.2021 11:00,3132,3064
22.11.2021 11:00 - 22.11.2021 12:00,3086,3036
22.11.2021 12:00 - 22.11.2021 13:00,2993,2930
22.11.2021 13:00 - 22.11.2021 14:00,2966,2913
22.11.2021 14:00 - 22.11.2021 15:00,2875,2830
22.11.2021 15:00 - 22.11.2021 16:00,2782,2778
22.11.2021 16:00 - 22.11.2021 17:00,2888,2876
22.11.2021 17:00 - 22.11.2021 18:00,3099,3111
22.11.2021 18:00 - 22.11.2021 19:00,2920,2936
22.11.2021 19:00 - 22.11.2021 20:00,2750,2716
22.11.2021 20:00 - 22.11.2021 21:00,2561,2497
22.11.2021 21:00 - 22.11.2021 22:00,2324,2258
22.11.2021 22:00 - 22.11.2021 23:00,2203,2212
22.11.2021 23:00 - 23.11.2021 00:00,2121,2057
23.11.2021 00:00 - 23.11.2021 01:00,1912,1930
23.11.2021 01:00 - 23.11.2021 02:00,1851,1927
23.11.2021 02:00 - 23.11.2021 03:00,1869,1872
23.11.2021 03:00 - 23.11.2021 04:00,1909,1934
23.11.2021 04:00 - 23.11.2021 05:00,1976,1966
23.11.2021 05:00 - 23.11.2021 06:00,2097,2133
23.11.2021 06:00 - 23.11.2021 07:00,2557,2514
23.11.2021 07:00 - 23.11.2021 08:00,2943,2768
23.11.2021 08:00 - 23.11.2021 09:00,2971,2952
23.11.2021 09:00 - 23.11.2021 10:00,2956,3175
23.11.2021 10:00 - 23.11.2021 11:00,3186,3343
23.11.2021 11:00 - 23.11.2021 12:00,3285,3209
23.11.2021 12:00 - 23.11.2021 13:00,3206,3222
23.11.2021 13:00 - 23.11.2021 14:00,3203,3231
23.11.2021 14:00 - 23.11.2021 15:00,3165,3147
23.11.2021 15:00 - 23.11.2021 16:00,3097,3063
23.11.2021 16:00 - 23.11.2021 17:00,3192,3256
23.11.2021 17:00 - 23.11.2021 18:00,3452,3507
23.11.2021 18:00 - 23.11.2021 19:00,3320,3271
23.11.2021 19:00 - 23.11.2021 20:00,3060,3082
23.11.2021 20:00 - 23.11.2021 21:00,2822,2813
23.11.2021 21:00 - 23.11.2021 22:00,2626,2640
23.11.2021 22:00 - 23.11.2021 23:00,2398,2663
23.11.2021 23:00 - 24.11.2021 00:00,2242,2482
24.11.2021 00:00 - 24.11.2021 01:00,2342,2279
24.11.2021 01:00 - 24.11.2021 02:00,2251,2288
24.11.2021 02:00 - 24.11.2021 03:00,2254,2263
24.11.2021 03:00 - 24.11.2021 04:00,2287,2245
24.11.2021 04:00 - 24.11.2021 05:00,2323,2338
24.11.2021 05:00 - 24.11.2021 06:00,2488,2468
24.11.2021 06:00 - 24.11.2021 07:00,2858,2769
24.11.2021 07:00 - 24.11.2021 08:00,3161,3088
24.11.2021 08:00 - 24.11.2021 09:00,3176,3123
24.11.2021 09:00 - 24.11.2021 10:00,3135,3066
24.11.2021 10:00 - 24.11.2021 11:00,3147,3135
24.11.2021 11:00 - 24.11.2021 12:00,3126,3121
24.11.2021 12:00 - 24.11.2021 13:00,3065,3070
24.11.2021 13:00 - 24.11.2021 14:00,3089,3097
24.11.2021 14:00 - 24.11.2021 15:00,3071,3075
24.11.2021 15:00 - 24.11.2021 16:00,3014,3004
24.11.2021 16:00 - 24.11.2021 17:00,3101,3122
24.11.2021 17:00 - 24.11.2021 18:00,3298,3299
24.11.2021 18:00 - 24.11.2021 19:00,3142,3156
24.11.2021 19:00 - 24.11.2021 20:00,2999,2978
24.11.2021 20:00 - 24.11.2021 21:00,2869,2898
24.11.2021 21:00 - 24.11.2021 22:00,2786,2786
24.11.2021 22:00 - 24.11.2021 23:00,2614,2621
24.11.2021 23:00 - 25.11.2021 00:00,2440,2427
25.11.2021 00:00 - 25.11.2021 01:00,2243,2193
25.11.2021 01:00 - 25.11.2021 02:00,2126,2122
25.11.2021 02:00 - 25.11.2021 03:00,2120,2082
25.11.2021 03:00 - 25.11.2021 04:00,2121,2080
25.11.2021 04:00 - 25.11.2021 05:00,2155,2135
25.11.2021 05:00 - 25.11.2021 06:00,2326,2294
25.11.2021 06:00 - 25.11.2021 07:00,2670,2618
25.11.2021 07:00 - 25.11.2021 08:00,3074,3082
25.11.2021 08:00 - 25.11.2021 09:00,3200,3215
25.11.2021 09:00 - 25.11.2021 10:00,3200,3201
25.11.2021 10:00 - 25.11.2021 11:00,3287,3341
25.11.2021 11:00 - 25.11.2021 12:00,3302,3333
25.11.2021 12:00 - 25.11.2021 13:00,3238,3256
25.11.2021 13:00 - 25.11.2021 14:00,3239,3252
25.11.2021 14:00 - 25.11.2021 15:00,3186,3211
25.11.2021 15:00 - 25.11.2021 16:00,3164,3182
25.11.2021 16:00 - 25.11.2021 17:00,3277,3300
25.11.2021 17:00 - 25.11.2021 18:00,3409,3313
25.11.2021 18:00 - 25.11.2021 19:00,3175,3196
25.11.2021 19:00 - 25.11.2021 20:00,3022,3057
25.11.2021 20:00 - 25.11.2021 21:00,2887,2907
25.11.2021 21:00 - 25.11.2021 22:00,2736,2747
25.11.2021 22:00 - 25.11.2021 23:00,2602,2592
25.11.2021 23:00 - 26.11.2021 00:00,2488,2430
26.11.2021 00:00 - 26.11.2021 01:00,2334,2289
26.11.2021 01:00 - 26.11.2021 02:00,2211,2210
26.11.2021 02:00 - 26.11.2021 03:00,2180,2200
26.11.2021 03:00 - 26.11.2021 04:00,2242,2190
26.11.2021 04:00 - 26.11.2021 05:00,2282,2226
26.11.2021 05:00 - 26.11.2021 06:00,2391,2340
26.11.2021 06:00 - 26.11.2021 07:00,2719,2727
26.11.2021 07:00 - 26.11.2021 08:00,3104,3055
26.11.2021 08:00 - 26.11.2021 09:00,3237,3222
26.11.2021 09:00 - 26.11.2021 10:00,3231,3256
26.11.2021 10:00 - 26.11.2021 11:00,3275,3284
26.11.2021 11:00 - 26.11.2021 12:00,3247,3283
26.11.2021 12:00 - 26.11.2021 13:00,3148,3207
26.11.2021 13:00 - 26.11.2021 14:00,3128,3143
26.11.2021 14:00 - 26.11.2021 15:00,3087,3193
26.11.2021 15:00 - 26.11.2021 16:00,3056,3050
26.11.2021 16:00 - 26.11.2021 17:00,3200,3240
26.11.2021 17:00 - 26.11.2021 18:00,3376,3418
26.11.2021 18:00 - 26.11.2021 19:00,3251,3262
26.11.2021 19:00 - 26.11.2021 20:00,3015,2977
26.11.2021 20:00 - 26.11.2021 21:00,2785,2741
26.11.2021 21:00 - 26.11.2021 22:00,2608,2593
26.11.2021 22:00 - 26.11.2021 23:00,2438,2486
26.11.2021 23:00 - 27.11.2021 00:00,2290,2373
27.11.2021 00:00 - 27.11.2021 01:00,2232,2237
27.11.2021 01:00 - 27.11.2021 02:00,2147,2152
27.11.2021 02:00 - 27.11.2021 03:00,2095,2099
27.11.2021 03:00 - 27.11.2021 04:00,2063,2065
27.11.2021 04:00 - 27.11.2021 05:00,2087,2190
27.11.2021 05:00 - 27.11.2021 06:00,2257,2348
27.11.2021 06:00 - 27.11.2021 07:00,2434,2398
27.11.2021 07:00 - 27.11.2021 08:00,2576,2556
27.11.2021 08:00 - 27.11.2021 09:00,2737,2766
27.11.2021 09:00 - 27.11.2021 10:00,2861,2859
27.11.2021 10:00 - 27.11.2021 11:00,2858,2811
27.11.2021 11:00 - 27.11.2021 12:00,2791,2795
27.11.2021 12:00 - 27.11.2021 13:00,2732,2715
27.11.2021 13:00 - 27.11.2021 14:00,2645,2652
27.11.2021 14:00 - 27.11.2021 15:00,2627,2629
27.11.2021 15:00 - 27.11.2021 16:00,2668,2694
27.11.2021 16:00 - 27.11.2021 17:00,2841,2841
27.11.2021 17:00 - 27.11.2021 18:00,3014,2984
27.11.2021 18:00 - 27.11.2021 19:00,2892,2914
27.11.2021 19:00 - 27.11.2021 20:00,2720,2698
27.11.2021 20:00 - 27.11.2021 21:00,2554,2551
27.11.2021 21:00 - 27.11.2021 22:00,2433,2446
27.11.2021 22:00 - 27.11.2021 23:00,2322,2342
27.11.2021 23:00 - 28.11.2021 00:00,2200,2237
28.11.2021 00:00 - 28.11.2021 01:00,2120,2147
28.11.2021 01:00 - 28.11.2021 02:00,2058,2089
28.11.2021 02:00 - 28.11.2021 03:00,2039,2048
28.11.2021 03:00 - 28.11.2021 04:00,2028,2036
28.11.2021 04:00 - 28.11.2021 05:00,2048,2049
28.11.2021 05:00 - 28.11.2021 06:00,2094,2097
28.11.2021 06:00 - 28.11.2021 07:00,2204,2212
28.11.2021 07:00 - 28.11.2021 08:00,2367,2335
28.11.2021 08:00 - 28.11.2021 09:00,2511,2513
28.11.2021 09:00 - 28.11.2021 10:00,2626,2624
28.11.2021 10:00 - 28.11.2021 11:00,2696,2704
28.11.2021 11:00 - 28.11.2021 12:00,2720,2721
28.11.2021 12:00 - 28.11.2021 13:00,2714,2725
28.11.2021 13:00 - 28.11.2021 14:00,2709,2696
28.11.2021 14:00 - 28.11.2021 15:00,2705,2690
28.11.2021 15:00 - 28.11.2021 16:00,2713,2703
28.11.2021 16:00 - 28.11.2021 17:00,2819,2789
28.11.2021 17:00 - 28.11.2021 18:00,2979,2969
28.11.2021 18:00 - 28.11.2021 19:00,2890,2912
28.11.2021 19:00 - 28.11.2021 20:00,2747,2767
28.11.2021 20:00 - 28.11.2021 21:00,2620,2613
28.11.2021 21:00 - 28.11.2021 22:00,2477,2514
28.11.2021 22:00 - 28.11.2021 23:00,2361,2400
28.11.2021 23:00 - 29.11.2021 00:00,2287,2297
29.11.2021 00:00 - 29.11.2021 01:00,2223,2220
29.11.2021 01:00 - 29.11.2021 02:00,2180,2203
29.11.2021 02:00 - 29.11.2021 03:00,2194,2171
29.11.2021 03:00 - 29.11.2021 04:00,2201,2145
29.11.2021 04:00 - 29.11.2021 05:00,2242,2215
29.11.2021 05:00 - 29.11.2021 06:00,2386,2413
29.11.2021 06:00 - 29.11.2021 07:00,2822,2823
29.11.2021 07:00 - 29.11.2021 08:00,3233,3242
29.11.2021 08:00 - 29.11.2021 09:00,3363,3362
29.11.2021 09:00 - 29.11.2021 10:00,3347,3343
29.11.2021 10:00 - 29.11.2021 11:00,3351,3292
29.11.2021 11:00 - 29.11.2021 12:00,3277,3277
29.11.2021 12:00 - 29.11.2021 13:00,3191,3148
29.11.2021 13:00 - 29.11.2021 14:00,3199,3152
29.11.2021 14:00 - 29.11.2021 15:00,3136,3154
29.11.2021 15:00 - 29.11.2021 16:00,3094,3115
29.11.2021 16:00 - 29.11.2021 17:00,3245,3254
29.11.2021 17:00 - 29.11.2021 18:00,3446,3462
29.11.2021 18:00 - 29.11.2021 19:00,3302,3300
29.11.2021 19:00 - 29.11.2021 20:00,3088,3096
29.11.2021 20:00 - 29.11.2021 21:00,2926,2934
29.11.2021 21:00 - 29.11.2021 22:00,2794,2851
29.11.2021 22:00 - 29.11.2021 23:00,2644,2778
29.11.2021 23:00 - 30.11.2021 00:00,2482,2826
30.11.2021 00:00 - 30.11.2021 01:00,2620,2640
30.11.2021 01:00 - 30.11.2021 02:00,2527,2564
30.11.2021 02:00 - 30.11.2021 03:00,2483,2499
30.11.2021 03:00 - 30.11.2021 04:00,2457,2476
30.11.2021 04:00 - 30.11.2021 05:00,2550,2610
30.11.2021 05:00 - 30.11.2021 06:00,2740,2852
30.11.2021 06:00 - 30.11.2021 07:00,3114,3234
30.11.2021 07:00 - 30.11.2021 08:00,3504,3506
30.11.2021 08:00 - 30.11.2021 09:00,3507,3501
30.11.2021 09:00 - 30.11.2021 10:00,3516,3608
30.11.2021 10:00 - 30.11.2021 11:00,3665,3713
30.11.2021 11:00 - 30.11.2021 12:00,3663,3663
30.11.2021 12:00 - 30.11.2021 13:00,3561,3569
30.11.2021 13:00 - 30.11.2021 14:00,3547,3553
30.11.2021 14:00 - 30.11.2021 15:00,3500,3498
30.11.2021 15:00 - 30.11.2021 16:00,3411,3388
30.11.2021 16:00 - 30.11.2021 17:00,3422,3398
30.11.2021 17:00 - 30.11.2021 18:00,3525,3589
30.11.2021 18:00 - 30.11.2021 19:00,3420,3477
30.11.2021 19:00 - 30.11.2021 20:00,3336,3250
30.11.2021 20:00 - 30.11.2021 21:00,3088,2960
30.11.2021 21:00 - 30.11.2021 22:00,2924,2796
30.11.2021 22:00 - 30.11.2021 23:00,2802,2709
30.11.2021 23:00 - 01.12.2021 00:00,2689,2557
01.12.2021 00:00 - 01.12.2021 01:00,2565,2496
01.12.2021 01:00 - 01.12.2021 02:00,2494,2396
01.12.2021 02:00 - 01.12.2021 03:00,2428,2550
01.12.2021 03:00 - 01.12.2021 04:00,2386,2594
01.12.2021 04:00 - 01.12.2021 05:00,2447,2593
01.12.2021 05:00 - 01.12.2021 06:00,2599,2840
01.12.2021 06:00 - 01.12.2021 07:00,3084,3096
01.12.2021 07:00 - 01.12.2021 08:00,3412,3459
01.12.2021 08:00 - 01.12.2021 09:00,3521,3473
01.12.2021 09:00 - 01.12.2021 10:00,3491,3546
01.12.2021 10:00 - 01.12.2021 11:00,3585,3588
01.12.2021 11:00 - 01.12.2021 12:00,3539,3598
01.12.2021 12:00 - 01.12.2021 13:00,3477,3485
01.12.2021 13:00 - 01.12.2021 14:00,3524,3586
01.12.2021 14:00 - 01.12.2021 15:00,3459,3416
01.12.2021 15:00 - 01.12.2021 16:00,3423,3503
01.12.2021 16:00 - 01.12.2021 17:00,3569,3583
01.12.2021 17:00 - 01.12.2021 18:00,3688,3752
01.12.2021 18:00 - 01.12.2021 19:00,3502,3470
01.12.2021 19:00 - 01.12.2021 20:00,3367,3348
01.12.2021 20:00 - 01.12.2021 21:00,3298,3279
01.12.2021 21:00 - 01.12.2021 22:00,3121,3076
01.12.2021 22:00 - 01.12.2021 23:00,2918,2905
01.12.2021 23:00 - 02.12.2021 00:00,2775,2708
02.12.2021 00:00 - 02.12.2021 01:00,2598,2595
02.12.2021 01:00 - 02.12.2021 02:00,2512,2492
02.12.2021 02:00 - 02.12.2021 03:00,2488,2482
02.12.2021 03:00 - 02.12.2021 04:00,2482,2454
02.12.2021 04:00 - 02.12.2021 05:00,2519,2501
02.12.2021 05:00 - 02.12.2021 06:00,2667,2658
02.12.2021 06:00 - 02.12.2021 07:00,2943,3000
02.12.2021 07:00 - 02.12.2021 08:00,3313,3379
02.12.2021 08:00 - 02.12.2021 09:00,3455,3430
02.12.2021 09:00 - 02.12.2021 10:00,3406,3418
02.12.2021 10:00 - 02.12.2021 11:00,3481,3468
02.12.2021 11:00 - 02.12.2021 12:00,3403,3426
02.12.2021 12:00 - 02.12.2021 13:00,3372,3476
02.12.2021 13:00 - 02.12.2021 14:00,3492,3309
02.12.2021 14:00 - 02.12.2021 15:00,3244,3193
02.12.2021 15:00 - 02.12.2021 16:00,3156,3175
02.12.2021 16:00 - 02.12.2021 17:00,3312,3341
02.12.2021 17:00 - 02.12.2021 18:00,3507,3549
02.12.2021 18:00 - 02.12.2021 19:00,3419,3441
02.12.2021 19:00 - 02.12.2021 20:00,3327,3311
02.12.2021 20:00 - 02.12.2021 21:00,3163,3113
02.12.2021 21:00 - 02.12.2021 22:00,3024,2952
02.12.2021 22:00 - 02.12.2021 23:00,2783,2783
02.12.2021 23:00 - 03.12.2021 00:00,2641,2640
03.12.2021 00:00 - 03.12.2021 01:00,2558,2577
03.12.2021 01:00 - 03.12.2021 02:00,2506,2509
03.12.2021 02:00 - 03.12.2021 03:00,2423,2428
03.12.2021 03:00 - 03.12.2021 04:00,2418,2383
03.12.2021 04:00 - 03.12.2021 05:00,2458,2450
03.12.2021 05:00 - 03.12.2021 06:00,2610,2684
03.12.2021 06:00 - 03.12.2021 07:00,3018,3076
03.12.2021 07:00 - 03.12.2021 08:00,3446,3480
03.12.2021 08:00 - 03.12.2021 09:00,3548,3604
03.12.2021 09:00 - 03.12.2021 10:00,3526,3536
03.12.2021 10:00 - 03.12.2021 11:00,3505,3503
03.12.2021 11:00 - 03.12.2021 12:00,3445,3480
03.12.2021 12:00 - 03.12.2021 13:00,3349,3387
03.12.2021 13:00 - 03.12.2021 14:00,3289,3330
03.12.2021 14:00 - 03.12.2021 15:00,3184,3241
03.12.2021 15:00 - 03.12.2021 16:00,3235,3269
03.12.2021 16:00 - 03.12.2021 17:00,3393,3453
03.12.2021 17:00 - 03.12.2021 18:00,3548,3572
03.12.2021 18:00 - 03.12.2021 19:00,3396,3437
03.12.2021 19:00 - 03.12.2021 20:00,3194,3236
03.12.2021 20:00 - 03.12.2021 21:00,3064,3071
03.12.2021 21:00 - 03.12.2021 22:00,2909,2885
03.12.2021 22:00 - 03.12.2021 23:00,2737,2729
03.12.2021 23:00 - 04.12.2021 00:00,2600,2595
04.12.2021 00:00 - 04.12.2021 01:00,2448,2378
04.12.2021 01:00 - 04.12.2021 02:00,2254,2268
04.12.2021 02:00 - 04.12.2021 03:00,2216,2266
04.12.2021 03:00 - 04.12.2021 04:00,2215,2201
04.12.2021 04:00 - 04.12.2021 05:00,2229,2212
04.12.2021 05:00 - 04.12.2021 06:00,2277,2260
04.12.2021 06:00 - 04.12.2021 07:00,2418,2398
04.12.2021 07:00 - 04.12.2021 08:00,2590,2538
04.12.2021 08:00 - 04.12.2021 09:00,2716,2701
04.12.2021 09:00 - 04.12.2021 10:00,2783,2765
04.12.2021 10:00 - 04.12.2021 11:00,2814,2811
04.12.2021 11:00 - 04.12.2021 12:00,2812,2832
04.12.2021 12:00 - 04.12.2021 13:00,2814,2831
04.12.2021 13:00 - 04.12.2021 14:00,2804,2872
04.12.2021 14:00 - 04.12.2021 15:00,2845,2854
04.12.2021 15:00 - 04.12.2021 16:00,2889,2895
04.12.2021 16:00 - 04.12.2021 17:00,3061,2981
04.12.2021 17:00 - 04.12.2021 18:00,3137,3104
04.12.2021 18:00 - 04.12.2021 19:00,2982,2988
04.12.2021 19:00 - 04.12.2021 20:00,2779,2817
04.12.2021 20:00 - 04.12.2021 21:00,2676,2684
04.12.2021 21:00 - 04.12.2021 22:00,2553,2555
04.12.2021 22:00 - 04.12.2021 23:00,2356,2424
04.12.2021 23:00 - 05.12.2021 00:00,2207,2365
05.12.2021 00:00 - 05.12.2021 01:00,2294,2356
05.12.2021 01:00 - 05.12.2021 02:00,2256,2291
05.12.2021 02:00 - 05.12.2021 03:00,2235,2246
05.12.2021 03:00 - 05.12.2021 04:00,2224,2241
05.12.2021 04:00 - 05.12.2021 05:00,2226,2197
05.12.2021 05:00 - 05.12.2021 06:00,2263,2273
05.12.2021 06:00 - 05.12.2021 07:00,2390,2403
05.12.2021 07:00 - 05.12.2021 08:00,2547,2544
05.12.2021 08:00 - 05.12.2021 09:00,2711,2749
05.12.2021 09:00 - 05.12.2021 10:00,2850,2865
05.12.2021 10:00 - 05.12.2021 11:00,2931,2925
05.12.2021 11:00 - 05.12.2021 12:00,2931,2935
05.12.2021 12:00 - 05.12.2021 13:00,2918,2926
05.12.2021 13:00 - 05.12.2021 14:00,2915,2879
05.12.2021 14:00 - 05.12.2021 15:00,2871,2849
05.12.2021 15:00 - 05.12.2021 16:00,2866,2866
05.12.2021 16:00 - 05.12.2021 17:00,3019,3048
05.12.2021 17:00 - 05.12.2021 18:00,3214,3260
05.12.2021 18:00 - 05.12.2021 19:00,3206,3174
05.12.2021 19:00 - 05.12.2021 20:00,2984,2949
05.12.2021 20:00 - 05.12.2021 21:00,2827,2838
05.12.2021 21:00 - 05.12.2021 22:00,2719,2723
05.12.2021 22:00 - 05.12.2021 23:00,2631,2651
05.12.2021 23:00 - 06.12.2021 00:00,2559,2473
06.12.2021 00:00 - 06.12.2021 01:00,2395,2405
06.12.2021 01:00 - 06.12.2021 02:00,2374,2413
06.12.2021 02:00 - 06.12.2021 03:00,2426,2412
06.12.2021 03:00 - 06.12.2021 04:00,2447,2392
06.12.2021 04:00 - 06.12.2021 05:00,2441,2374
06.12.2021 05:00 - 06.12.2021 06:00,2526,2506
06.12.2021 06:00 - 06.12.2021 07:00,2906,2903
06.12.2021 07:00 - 06.12.2021 08:00,3350,3245
06.12.2021 08:00 - 06.12.2021 09:00,3431,3380
06.12.2021 09:00 - 06.12.2021 10:00,3341,3346
06.12.2021 10:00 - 06.12.2021 11:00,3413,3398
06.12.2021 11:00 - 06.12.2021 12:00,3420,3403
06.12.2021 12:00 - 06.12.2021 13:00,3402,3486
06.12.2021 13:00 - 06.12.2021 14:00,3470,3485
06.12.2021 14:00 - 06.12.2021 15:00,3464,3455
06.12.2021 15:00 - 06.12.2021 16:00,3388,3404
06.12.2021 16:00 - 06.12.2021 17:00,3500,3487
06.12.2021 17:00 - 06.12.2021 18:00,3651,3682
06.12.2021 18:00 - 06.12.2021 19:00,3509,3550
06.12.2021 19:00 - 06.12.2021 20:00,3348,3418
06.12.2021 20:00 - 06.12.2021 21:00,3287,3231
06.12.2021 21:00 - 06.12.2021 22:00,3074,3070
06.12.2021 22:00 - 06.12.2021 23:00,2806,2884
06.12.2021 23:00 - 07.12.2021 00:00,2586,2765
07.12.2021 00:00 - 07.12.2021 01:00,2634,2600
07.12.2021 01:00 - 07.12.2021 02:00,2507,2480
07.12.2021 02:00 - 07.12.2021 03:00,2454,2442
07.12.2021 03:00 - 07.12.2021 04:00,2426,2451
07.12.2021 04:00 - 07.12.2021 05:00,2528,2510
07.12.2021 05:00 - 07.12.2021 06:00,2625,2633
07.12.2021 06:00 - 07.12.2021 07:00,2941,3075
07.12.2021 07:00 - 07.12.2021 08:00,3403,3456
07.12.2021 08:00 - 07.12.2021 09:00,3532,3541
07.12.2021 09:00 - 07.12.2021 10:00,3523,3476
07.12.2021 10:00 - 07.12.2021 11:00,3481,3417
07.12.2021 11:00 - 07.12.2021 12:00,3364,3358
07.12.2021 12:00 - 07.12.2021 13:00,3317,3343
07.12.2021 13:00 - 07.12.2021 14:00,3338,3336
07.12.2021 14:00 - 07.12.2021 15:00,3265,3273
07.12.2021 15:00 - 07.12.2021 16:00,3250,3256
07.12.2021 16:00 - 07.12.2021 17:00,3371,3401
07.12.2021 17:00 - 07.12.2021 18:00,3549,3561
07.12.2021 18:00 - 07.12.2021 19:00,3412,3477
07.12.2021 19:00 - 07.12.2021 20:00,3364,3299
07.12.2021 20:00 - 07.12.2021 21:00,3204,3197
07.12.2021 21:00 - 07.12.2021 22:00,3076,3028
07.12.2021 22:00 - 07.12.2021 23:00,2900,2875
07.12.2021 23:00 - 08.12.2021 00:00,2744,2699
08.12.2021 00:00 - 08.12.2021 01:00,2595,2634
08.12.2021 01:00 - 08.12.2021 02:00,2577,2646
08.12.2021 02:00 - 08.12.2021 03:00,2550,2560
08.12.2021 03:00 - 08.12.2021 04:00,2519,2558
08.12.2021 04:00 - 08.12.2021 05:00,2621,2627
08.12.2021 05:00 - 08.12.2021 06:00,2741,2715
08.12.2021 06:00 - 08.12.2021 07:00,3028,3165
08.12.2021 07:00 - 08.12.2021 08:00,3410,3551
08.12.2021 08:00 - 08.12.2021 09:00,3635,3714
08.12.2021 09:00 - 08.12.2021 10:00,3623,3689
08.12.2021 10:00 - 08.12.2021 11:00,3676,3734
08.12.2021 11:00 - 08.12.2021 12:00,3661,3693
08.12.2021 12:00 - 08.12.2021 13:00,3581,3627
08.12.2021 13:00 - 08.12.2021 14:00,3542,3528
08.12.2021 14:00 - 08.12.2021 15:00,3527,3510
08.12.2021 15:00 - 08.12.2021 16:00,3449,3397
08.12.2021 16:00 - 08.12.2021 17:00,3521,3488
08.12.2021 17:00 - 08.12.2021 18:00,3637,3646
08.12.2021 18:00 - 08.12.2021 19:00,3521,3500
08.12.2021 19:00 - 08.12.2021 20:00,3416,3392
08.12.2021 20:00 - 08.12.2021 21:00,3321,3209
08.12.2021 21:00 - 08.12.2021 22:00,3130,3012
08.12.2021 22:00 - 08.12.2021 23:00,2976,2805
08.12.2021 23:00 - 09.12.2021 00:00,2851,2620
09.12.2021 00:00 - 09.12.2021 01:00,2507,2472
09.12.2021 01:00 - 09.12.2021 02:00,2382,2401
09.12.2021 02:00 - 09.12.2021 03:00,2340,2373
09.12.2021 03:00 - 09.12.2021 04:00,2331,2403
09.12.2021 04:00 - 09.12.2021 05:00,2479,2442
09.12.2021 05:00 - 09.12.2021 06:00,2576,2559
09.12.2021 06:00 - 09.12.2021 07:00,2854,2916
09.12.2021 07:00 - 09.12.2021 08:00,3216,3211
09.12.2021 08:00 - 09.12.2021 09:00,3353,3395
09.12.2021 09:00 - 09.12.2021 10:00,3366,3359
09.12.2021 10:00 - 09.12.2021 11:00,3397,3433
09.12.2021 11:00 - 09.12.2021 12:00,3391,3357
09.12.2021 12:00 - 09.12.2021 13:00,3265,3272
09.12.2021 13:00 - 09.12.2021 14:00,3298,3265
09.12.2021 14:00 - 09.12.2021 15:00,3231,3210
09.12.2021 15:00 - 09.12.2021 16:00,3194,3217
09.12.2021 16:00 - 09.12.2021 17:00,3338,3342
09.12.2021 17:00 - 09.12.2021 18:00,3485,3466
09.12.2021 18:00 - 09.12.2021 19:00,3354,3348
09.12.2021 19:00 - 09.12.2021 20:00,3189,3168
09.12.2021 20:00 - 09.12.2021 21:00,3062,3058
09.12.2021 21:00 - 09.12.2021 22:00,2907,2865
09.12.2021 22:00 - 09.12.2021 23:00,2791,2684
09.12.2021 23:00 - 10.12.2021 00:00,2686,2520
10.12.2021 00:00 - 10.12.2021 01:00,2400,2377
10.12.2021 01:00 - 10.12.2021 02:00,2311,2308
10.12.2021 02:00 - 10.12.2021 03:00,2298,2253
10.12.2021 03:00 - 10.12.2021 04:00,2266,2271
10.12.2021 04:00 - 10.12.2021 05:00,2334,2306
10.12.2021 05:00 - 10.12.2021 06:00,2439,2460
10.12.2021 06:00 - 10.12.2021 07:00,2819,2870
10.12.2021 07:00 - 10.12.2021 08:00,3280,3257
10.12.2021 08:00 - 10.12.2021 09:00,3379,3408
10.12.2021 09:00 - 10.12.2021 10:00,3347,3336
10.12.2021 10:00 - 10.12.2021 11:00,3345,3352
10.12.2021 11:00 - 10.12.2021 12:00,3314,3298
10.12.2021 12:00 - 10.12.2021 13:00,3185,3214
10.12.2021 13:00 - 10.12.2021 14:00,3150,3151
10.12.2021 14:00 - 10.12.2021 15:00,3063,2998
10.12.2021 15:00 - 10.12.2021 16:00,3025,2993
10.12.2021 16:00 - 10.12.2021 17:00,3164,3154
10.12.2021 17:00 - 10.12.2021 18:00,3254,3267
10.12.2021 18:00 - 10.12.2021 19:00,3145,3181
10.12.2021 19:00 - 10.12.2021 20:00,2954,2920
10.12.2021 20:00 - 10.12.2021 21:00,2751,2799
10.12.2021 21:00 - 10.12.2021 22:00,2652,2659
10.12.2021 22:00 - 10.12.2021 23:00,2546,2502
10.12.2021 23:00 - 11.12.2021 00:00,2434,2333
11.12.2021 00:00 - 11.12.2021 01:00,2263,2289
11.12.2021 01:00 - 11.12.2021 02:00,2177,2190
11.12.2021 02:00 - 11.12.2021 03:00,2121,2165
11.12.2021 03:00 - 11.12.2021 04:00,2148,2150
11.12.2021 04:00 - 11.12.2021 05:00,2122,2156
11.12.2021 05:00 - 11.12.2021 06:00,2190,2200
11.12.2021 06:00 - 11.12.2021 07:00,2287,2294
11.12.2021 07:00 - 11.12.2021 08:00,2463,2466
11.12.2021 08:00 - 11.12.2021 09:00,2661,2655
11.12.2021 09:00 - 11.12.2021 10:00,2736,2720
11.12.2021 10:00 - 11.12.2021 11:00,2774,2780
11.12.2021 11:00 - 11.12.2021 12:00,2781,2796
11.12.2021 12:00 - 11.12.2021 13:00,2765,2774
11.12.2021 13:00 - 11.12.2021 14:00,2749,2753
11.12.2021 14:00 - 11.12.2021 15:00,2741,2734
11.12.2021 15:00 - 11.12.2021 16:00,2747,2739
11.12.2021 16:00 - 11.12.2021 17:00,2876,2881
11.12.2021 17:00 - 11.12.2021 18:00,3039,3052
11.12.2021 18:00 - 11.12.2021 19:00,2955,2908
11.12.2021 19:00 - 11.12.2021 20:00,2735,2745
11.12.2021 20:00 - 11.12.2021 21:00,2643,2683
11.12.2021 21:00 - 11.12.2021 22:00,2555,2604
11.12.2021 22:00 - 11.12.2021 23:00,2442,2525
11.12.2021 23:00 - 12.12.2021 00:00,2304,2409
12.12.2021 00:00 - 12.12.2021 01:00,2291,2321
12.12.2021 01:00 - 12.12.2021 02:00,2202,2222
12.12.2021 02:00 - 12.12.2021 03:00,2172,2201
12.12.2021 03:00 - 12.12.2021 04:00,2132,2106
12.12.2021 04:00 - 12.12.2021 05:00,2094,2088
12.12.2021 05:00 - 12.12.2021 06:00,2100,2089
12.12.2021 06:00 - 12.12.2021 07:00,2193,2173
12.12.2021 07:00 - 12.12.2021 08:00,2346,2341
12.12.2021 08:00 - 12.12.2021 09:00,2511,2514
12.12.2021 09:00 - 12.12.2021 10:00,2698,2716
12.12.2021 10:00 - 12.12.2021 11:00,2785,2780
12.12.2021 11:00 - 12.12.2021 12:00,2764,2719
12.12.2021 12:00 - 12.12.2021 13:00,2734,2791
12.12.2021 13:00 - 12.12.2021 14:00,2776,2835
12.12.2021 14:00 - 12.12.2021 15:00,2817,2806
12.12.2021 15:00 - 12.12.2021 16:00,2791,2741
12.12.2021 16:00 - 12.12.2021 17:00,2899,2877
12.12.2021 17:00 - 12.12.2021 18:00,3015,3006
12.12.2021 18:00 - 12.12.2021 19:00,2922,2923
12.12.2021 19:00 - 12.12.2021 20:00,2748,2787
12.12.2021 20:00 - 12.12.2021 21:00,2637,2620
12.12.2021 21:00 - 12.12.2021 22:00,2511,2501
12.12.2021 22:00 - 12.12.2021 23:00,2426,2370
12.12.2021 23:00 - 13.12.2021 00:00,2361,2283
13.12.2021 00:00 - 13.12.2021 01:00,2191,2169
13.12.2021 01:00 - 13.12.2021 02:00,2140,2108
13.12.2021 02:00 - 13.12.2021 03:00,2116,2086
13.12.2021 03:00 - 13.12.2021 04:00,2152,2083
13.12.2021 04:00 - 13.12.2021 05:00,2148,2146
13.12.2021 05:00 - 13.12.2021 06:00,2324,2337
13.12.2021 06:00 - 13.12.2021 07:00,2725,2699
13.12.2021 07:00 - 13.12.2021 08:00,3115,3076
13.12.2021 08:00 - 13.12.2021 09:00,3219,3182
13.12.2021 09:00 - 13.12.2021 10:00,3164,3156
13.12.2021 10:00 - 13.12.2021 11:00,3222,3192
13.12.2021 11:00 - 13.12.2021 12:00,3192,3167
13.12.2021 12:00 - 13.12.2021 13:00,3139,3126
13.12.2021 13:00 - 13.12.2021 14:00,3154,3137
13.12.2021 14:00 - 13.12.2021 15:00,3127,3114
13.12.2021 15:00 - 13.12.2021 16:00,3085,3062
13.12.2021 16:00 - 13.12.2021 17:00,3177,3143
13.12.2021 17:00 - 13.12.2021 18:00,3272,3277
13.12.2021 18:00 - 13.12.2021 19:00,3129,3177
13.12.2021 19:00 - 13.12.2021 20:00,2972,2998
13.12.2021 20:00 - 13.12.2021 21:00,2812,2867
13.12.2021 21:00 - 13.12.2021 22:00,2716,2734
13.12.2021 22:00 - 13.12.2021 23:00,2543,2554
13.12.2021 23:00 - 14.12.2021 00:00,2387,2365
14.12.2021 00:00 - 14.12.2021 01:00,2236,2182
14.12.2021 01:00 - 14.12.2021 02:00,2149,2206
14.12.2021 02:00 - 14.12.2021 03:00,2208,2209
14.12.2021 03:00 - 14.12.2021 04:00,2216,2212
14.12.2021 04:00 - 14.12.2021 05:00,2285,2262
14.12.2021 05:00 - 14.12.2021 06:00,2411,2379
14.12.2021 06:00 - 14.12.2021 07:00,2776,2768
14.12.2021 07:00 - 14.12.2021 08:00,3188,3090
14.12.2021 08:00 - 14.12.2021 09:00,3277,3246
14.12.2021 09:00 - 14.12.2021 10:00,3218,3229
14.12.2021 10:00 - 14.12.2021 11:00,3244,3209
14.12.2021 11:00 - 14.12.2021 12:00,3178,3189
14.12.2021 12:00 - 14.12.2021 13:00,3141,3168
14.12.2021 13:00 - 14.12.2021 14:00,3189,3187
14.12.2021 14:00 - 14.12.2021 15:00,3137,3157
14.12.2021 15:00 - 14.12.2021 16:00,3116,3163
14.12.2021 16:00 - 14.12.2021 17:00,3266,3298
14.12.2021 17:00 - 14.12.2021 18:00,3421,3420
14.12.2021 18:00 - 14.12.2021 19:00,3294,3276
14.12.2021 19:00 - 14.12.2021 20:00,3116,3114
14.12.2021 20:00 - 14.12.2021 21:00,3006,3016
14.12.2021 21:00 - 14.12.2021 22:00,2815,2780
14.12.2021 22:00 - 14.12.2021 23:00,2590,2622
14.12.2021 23:00 - 15.12.2021 00:00,2421,2536
15.12.2021 00:00 - 15.12.2021 01:00,2406,2437
15.12.2021 01:00 - 15.12.2021 02:00,2320,2312
15.12.2021 02:00 - 15.12.2021 03:00,2291,2321
15.12.2021 03:00 - 15.12.2021 04:00,2312,2294
15.12.2021 04:00 - 15.12.2021 05:00,2336,2315
15.12.2021 05:00 - 15.12.2021 06:00,2462,2452
15.12.2021 06:00 - 15.12.2021 07:00,2793,2842
15.12.2021 07:00 - 15.12.2021 08:00,3234,3211
15.12.2021 08:00 - 15.12.2021 09:00,3366,3351
15.12.2021 09:00 - 15.12.2021 10:00,3342,3305
15.12.2021 10:00 - 15.12.2021 11:00,3281,3311
15.12.2021 11:00 - 15.12.2021 12:00,3330,3329
15.12.2021 12:00 - 15.12.2021 13:00,3253,3281
15.12.2021 13:00 - 15.12.2021 14:00,3299,3333
15.12.2021 14:00 - 15.12.2021 15:00,3283,3304
15.12.2021 15:00 - 15.12.2021 16:00,3265,3261
15.12.2021 16:00 - 15.12.2021 17:00,3344,3339
15.12.2021 17:00 - 15.12.2021 18:00,3464,3456
15.12.2021 18:00 - 15.12.2021 19:00,3308,3305
15.12.2021 19:00 - 15.12.2021 20:00,3109,3086
15.12.2021 20:00 - 15.12.2021 21:00,2961,2906
15.12.2021 21:00 - 15.12.2021 22:00,2810,2749
15.12.2021 22:00 - 15.12.2021 23:00,2634,2519
15.12.2021 23:00 - 16.12.2021 00:00,2495,2332
16.12.2021 00:00 - 16.12.2021 01:00,2220,2238
16.12.2021 01:00 - 16.12.2021 02:00,2185,2210
16.12.2021 02:00 - 16.12.2021 03:00,2155,2137
16.12.2021 03:00 - 16.12.2021 04:00,2137,2115
16.12.2021 04:00 - 16.12.2021 05:00,2179,2178
16.12.2021 05:00 - 16.12.2021 06:00,2377,2381
16.12.2021 06:00 - 16.12.2021 07:00,2692,2702
16.12.2021 07:00 - 16.12.2021 08:00,3105,3110
16.12.2021 08:00 - 16.12.2021 09:00,3267,3258
16.12.2021 09:00 - 16.12.2021 10:00,3238,3244
16.12.2021 10:00 - 16.12.2021 11:00,3283,3224
16.12.2021 11:00 - 16.12.2021 12:00,3226,3186
16.12.2021 12:00 - 16.12.2021 13:00,3139,3092
16.12.2021 13:00 - 16.12.2021 14:00,3123,3071
16.12.2021 14:00 - 16.12.2021 15:00,3033,3015
16.12.2021 15:00 - 16.12.2021 16:00,2995,3031
16.12.2021 16:00 - 16.12.2021 17:00,3143,3189
16.12.2021 17:00 - 16.12.2021 18:00,3367,3347
16.12.2021 18:00 - 16.12.2021 19:00,3262,3238
16.12.2021 19:00 - 16.12.2021 20:00,3067,3054
16.12.2021 20:00 - 16.12.2021 21:00,2863,2851
16.12.2021 21:00 - 16.12.2021 22:00,2686,2661
16.12.2021 22:00 - 16.12.2021 23:00,2509,2494
16.12.2021 23:00 - 17.12.2021 00:00,2347,2298
17.12.2021 00:00 - 17.12.2021 01:00,2189,2223
17.12.2021 01:00 - 17.12.2021 02:00,2181,2241
17.12.2021 02:00 - 17.12.2021 03:00,2210,2237
17.12.2021 03:00 - 17.12.2021 04:00,2247,2231
17.12.2021 04:00 - 17.12.2021 05:00,2303,2226
17.12.2021 05:00 - 17.12.2021 06:00,2427,2370
17.12.2021 06:00 - 17.12.2021 07:00,2697,2705
17.12.2021 07:00 - 17.12.2021 08:00,3062,3085
17.12.2021 08:00 - 17.12.2021 09:00,3234,3201
17.12.2021 09:00 - 17.12.2021 10:00,3162,3184
17.12.2021 10:00 - 17.12.2021 11:00,3216,3243
17.12.2021 11:00 - 17.12.2021 12:00,3214,3212
17.12.2021 12:00 - 17.12.2021 13:00,3082,3120
17.12.2021 13:00 - 17.12.2021 14:00,3024,3067
17.12.2021 14:00 - 17.12.2021 15:00,2968,2924
17.12.2021 15:00 - 17.12.2021 16:00,2897,2870
17.12.2021 16:00 - 17.12.2021 17:00,2986,3003
17.12.2021 17:00 - 17.12.2021 18:00,3140,3137
17.12.2021 18:00 - 17.12.2021 19:00,3039,3021
17.12.2021 19:00 - 17.12.2021 20:00,2847,2850
17.12.2021 20:00 - 17.12.2021 21:00,2724,2718
17.12.2021 21:00 - 17.12.2021 22:00,2582,2581
17.12.2021 22:00 - 17.12.2021 23:00,2433,2419
17.12.2021 23:00 - 18.12.2021 00:00,2265,2275
18.12.2021 00:00 - 18.12.2021 01:00,2121,2155
18.12.2021 01:00 - 18.12.2021 02:00,2028,2053
18.12.2021 02:00 - 18.12.2021 03:00,1988,2000
18.12.2021 03:00 - 18.12.2021 04:00,1969,1976
18.12.2021 04:00 - 18.12.2021 05:00,1985,1986
18.12.2021 05:00 - 18.12.2021 06:00,2036,2040
18.12.2021 06:00 - 18.12.2021 07:00,2218,2178
18.12.2021 07:00 - 18.12.2021 08:00,2366,2398
18.12.2021 08:00 - 18.12.2021 09:00,2555,2544
18.12.2021 09:00 - 18.12.2021 10:00,2635,2646
18.12.2021 10:00 - 18.12.2021 11:00,2702,2695
18.12.2021 11:00 - 18.12.2021 12:00,2697,2664
18.12.2021 12:00 - 18.12.2021 13:00,2632,2615
18.12.2021 13:00 - 18.12.2021 14:00,2586,2600
18.12.2021 14:00 - 18.12.2021 15:00,2566,2569
18.12.2021 15:00 - 18.12.2021 16:00,2603,2583
18.12.2021 16:00 - 18.12.2021 17:00,2751,2729
18.12.2021 17:00 - 18.12.2021 18:00,2918,2904
18.12.2021 18:00 - 18.12.2021 19:00,2816,2806
18.12.2021 19:00 - 18.12.2021 20:00,2656,2708
18.12.2021 20:00 - 18.12.2021 21:00,2571,2639
18.12.2021 21:00 - 18.12.2021 22:00,2534,2566
18.12.2021 22:00 - 18.12.2021 23:00,2388,2449
18.12.2021 23:00 - 19.12.2021 00:00,2242,2349
19.12.2021 00:00 - 19.12.2021 01:00,2235,2274
19.12.2021 01:00 - 19.12.2021 02:00,2169,2188
19.12.2021 02:00 - 19.12.2021 03:00,2097,2132
19.12.2021 03:00 - 19.12.2021 04:00,2115,2152
19.12.2021 04:00 - 19.12.2021 05:00,2156,2182
19.12.2021 05:00 - 19.12.2021 06:00,2193,2182
19.12.2021 06:00 - 19.12.2021 07:00,2294,2313
19.12.2021 07:00 - 19.12.2021 08:00,2451,2472
19.12.2021 08:00 - 19.12.2021 09:00,2624,2621
19.12.2021 09:00 - 19.12.2021 10:00,2716,2717
19.12.2021 10:00 - 19.12.2021 11:00,2799,2794
19.12.2021 11:00 - 19.12.2021 12:00,2792,2758
19.12.2021 12:00 - 19.12.2021 13:00,2709,2679
19.12.2021 13:00 - 19.12.2021 14:00,2674,2685
19.12.2021 14:00 - 19.12.2021 15:00,2681,2696
19.12.2021 15:00 - 19.12.2021 16:00,2729,2737
19.12.2021 16:00 - 19.12.2021 17:00,2862,2886
19.12.2021 17:00 - 19.12.2021 18:00,3088,3132
19.12.2021 18:00 - 19.12.2021 19:00,3002,2975
19.12.2021 19:00 - 19.12.2021 20:00,2777,2814
19.12.2021 20:00 - 19.12.2021 21:00,2719,2659
19.12.2021 21:00 - 19.12.2021 22:00,2732,2532
19.12.2021 22:00 - 19.12.2021 23:00,2668,2403
19.12.2021 23:00 - 20.12.2021 00:00,2523,2276
20.12.2021 00:00 - 20.12.2021 01:00,2213,2223
20.12.2021 01:00 - 20.12.2021 02:00,2182,2207
20.12.2021 02:00 - 20.12.2021 03:00,2189,2178
20.12.2021 03:00 - 20.12.2021 04:00,2206,2165
20.12.2021 04:00 - 20.12.2021 05:00,2255,2242
20.12.2021 05:00 - 20.12.2021 06:00,2414,2377
20.12.2021 06:00 - 20.12.2021 07:00,2769,2738
20.12.2021 07:00 - 20.12.2021 08:00,3136,3122
20.12.2021 08:00 - 20.12.2021 09:00,3277,3218
20.12.2021 09:00 - 20.12.2021 10:00,3204,3153
20.12.2021 10:00 - 20.12.2021 11:00,3225,3141
20.12.2021 11:00 - 20.12.2021 12:00,3191,3083
20.12.2021 12:00 - 20.12.2021 13:00,3122,3085
20.12.2021 13:00 - 20.12.2021 14:00,3097,3056
20.12.2021 14:00 - 20.12.2021 15:00,3004,2946
20.12.2021 15:00 - 20.12.2021 16:00,2931,2995
20.12.2021 16:00 - 20.12.2021 17:00,3121,3111
20.12.2021 17:00 - 20.12.2021 18:00,3308,3330
20.12.2021 18:00 - 20.12.2021 19:00,3222,3247
20.12.2021 19:00 - 20.12.2021 20:00,3051,3081
20.12.2021 20:00 - 20.12.2021 21:00,2855,2852
20.12.2021 21:00 - 20.12.2021 22:00,2701,2687
20.12.2021 22:00 - 20.12.2021 23:00,2534,2647
20.12.2021 23:00 - 21.12.2021 00:00,2381,2489
21.12.2021 00:00 - 21.12.2021 01:00,2373,2416
21.12.2021 01:00 - 21.12.2021 02:00,2320,2345
21.12.2021 02:00 - 21.12.2021 03:00,2328,2313
21.12.2021 03:00 - 21.12.2021 04:00,2323,2323
21.12.2021 04:00 - 21.12.2021 05:00,2374,2368
21.12.2021 05:00 - 21.12.2021 06:00,2469,2486
21.12.2021 06:00 - 21.12.2021 07:00,2805,2801
21.12.2021 07:00 - 21.12.2021 08:00,3165,3124
21.12.2021 08:00 - 21.12.2021 09:00,3332,3284
21.12.2021 09:00 - 21.12.2021 10:00,3273,3265
21.12.2021 10:00 - 21.12.2021 11:00,3338,3323
21.12.2021 11:00 - 21.12.2021 12:00,3317,3343
21.12.2021 12:00 - 21.12.2021 13:00,3295,3279
21.12.2021 13:00 - 21.12.2021 14:00,3268,3265
21.12.2021 14:00 - 21.12.2021 15:00,3184,3215
21.12.2021 15:00 - 21.12.2021 16:00,3133,3072
21.12.2021 16:00 - 21.12.2021 17:00,3146,3184
21.12.2021 17:00 - 21.12.2021 18:00,3344,3370
21.12.2021 18:00 - 21.12.2021 19:00,3237,3263
21.12.2021 19:00 - 21.12.2021 20:00,3033,3079
21.12.2021 20:00 - 21.12.2021 21:00,2913,2897
21.12.2021 21:00 - 21.12.2021 22:00,2763,2730
21.12.2021 22:00 - 21.12.2021 23:00,2615,2600
21.12.2021 23:00 - 22.12.2021 00:00,2479,2416
22.12.2021 00:00 - 22.12.2021 01:00,2307,2319
22.12.2021 01:00 - 22.12.2021 02:00,2234,2231
22.12.2021 02:00 - 22.12.2021 03:00,2235,2192
22.12.2021 03:00 - 22.12.2021 04:00,2223,2188
22.12.2021 04:00 - 22.12.2021 05:00,2255,2221
22.12.2021 05:00 - 22.12.2021 06:00,2348,2357
22.12.2021 06:00 - 22.12.2021 07:00,2721,2672
22.12.2021 07:00 - 22.12.2021 08:00,3093,3014
22.12.2021 08:00 - 22.12.2021 09:00,3254,3214
22.12.2021 09:00 - 22.12.2021 10:00,3224,3203
22.12.2021 10:00 - 22.12.2021 11:00,3275,3248
22.12.2021 11:00 - 22.12.2021 12:00,3235,3235
22.12.2021 12:00 - 22.12.2021 13:00,3184,3162
22.12.2021 13:00 - 22.12.2021 14:00,3150,3123
22.12.2021 14:00 - 22.12.2021 15:00,3061,3068
22.12.2021 15:00 - 22.12.2021 16:00,3042,3027
22.12.2021 16:00 - 22.12.2021 17:00,3082,3101
22.12.2021 17:00 - 22.12.2021 18:00,3258,3255
22.12.2021 18:00 - 22.12.2021 19:00,3155,3158
22.12.2021 19:00 - 22.12.2021 20:00,2877,2971
22.12.2021 20:00 - 22.12.2021 21:00,2804,2830
22.12.2021 21:00 - 22.12.2021 22:00,2687,2676
22.12.2021 22:00 - 22.12.2021 23:00,2537,2531
22.12.2021 23:00 - 23.12.2021 00:00,2417,2397
23.12.2021 00:00 - 23.12.2021 01:00,2297,2300
23.12.2021 01:00 - 23.12.2021 02:00,2234,2227
23.12.2021 02:00 - 23.12.2021 03:00,2198,2170
23.12.2021 03:00 - 23.12.2021 04:00,2200,2167
23.12.2021 04:00 - 23.12.2021 05:00,2249,2179
23.12.2021 05:00 - 23.12.2021 06:00,2319,2269
23.12.2021 06:00 - 23.12.2021 07:00,2574,2535
23.12.2021 07:00 - 23.12.2021 08:00,2876,2798
23.12.2021 08:00 - 23.12.2021 09:00,3051,3013
23.12.2021 09:00 - 23.12.2021 10:00,3061,3077
23.12.2021 10:00 - 23.12.2021 11:00,3122,3141
23.12.2021 11:00 - 23.12.2021 12:00,3118,3154
23.12.2021 12:00 - 23.12.2021 13:00,3057,3096
23.12.2021 13:00 - 23.12.2021 14:00,3027,3071
23.12.2021 14:00 - 23.12.2021 15:00,3039,3045
23.12.2021 15:00 - 23.12.2021 16:00,3088,3078
23.12.2021 16:00 - 23.12.2021 17:00,3209,3192
23.12.2021 17:00 - 23.12.2021 18:00,3303,3280
23.12.2021 18:00 - 23.12.2021 19:00,3145,3125
23.12.2021 19:00 - 23.12.2021 20:00,2902,2902
23.12.2021 20:00 - 23.12.2021 21:00,2752,2800
23.12.2021 21:00 - 23.12.2021 22:00,2661,2679
23.12.2021 22:00 - 23.12.2021 23:00,2474,2572
23.12.2021 23:00 - 24.12.2021 00:00,2283,2442
24.12.2021 00:00 - 24.12.2021 01:00,2262,2309
24.12.2021 01:00 - 24.12.2021 02:00,2152,2204
24.12.2021 02:00 - 24.12.2021 03:00,2087,2155
24.12.2021 03:00 - 24.12.2021 04:00,2075,2116
24.12.2021 04:00 - 24.12.2021 05:00,2102,2136
24.12.2021 05:00 - 24.12.2021 06:00,2130,2166
24.12.2021 06:00 - 24.12.2021 07:00,2268,2296
24.12.2021 07:00 - 24.12.2021 08:00,2468,2491
24.12.2021 08:00 - 24.12.2021 09:00,2684,2698
24.12.2021 09:00 - 24.12.2021 10:00,2799,2802
24.12.2021 10:00 - 24.12.2021 11:00,2857,2835
24.12.2021 11:00 - 24.12.2021 12:00,2852,2847
24.12.2021 12:00 - 24.12.2021 13:00,2853,2815
24.12.2021 13:00 - 24.12.2021 14:00,2823,2819
24.12.2021 14:00 - 24.12.2021 15:00,2839,2835
24.12.2021 15:00 - 24.12.2021 16:00,2909,2896
24.12.2021 16:00 - 24.12.2021 17:00,3147,3176
24.12.2021 17:00 - 24.12.2021 18:00,3355,3381
24.12.2021 18:00 - 24.12.2021 19:00,2906,2923
24.12.2021 19:00 - 24.12.2021 20:00,2685,2669
24.12.2021 20:00 - 24.12.2021 21:00,2603,2638
24.12.2021 21:00 - 24.12.2021 22:00,2535,2537
24.12.2021 22:00 - 24.12.2021 23:00,2440,2484
24.12.2021 23:00 - 25.12.2021 00:00,2346,2452
25.12.2021 00:00 - 25.12.2021 01:00,2350,2364
25.12.2021 01:00 - 25.12.2021 02:00,2292,2297
25.12.2021 02:00 - 25.12.2021 03:00,2238,2239
25.12.2021 03:00 - 25.12.2021 04:00,2225,2202
25.12.2021 04:00 - 25.12.2021 05:00,2236,2223
25.12.2021 05:00 - 25.12.2021 06:00,2279,2290
25.12.2021 06:00 - 25.12.2021 07:00,2359,2344
25.12.2021 07:00 - 25.12.2021 08:00,2462,2428
25.12.2021 08:00 - 25.12.2021 09:00,2549,2580
25.12.2021 09:00 - 25.12.2021 10:00,2686,2705
25.12.2021 10:00 - 25.12.2021 11:00,2768,2749
25.12.2021 11:00 - 25.12.2021 12:00,2765,2745
25.12.2021 12:00 - 25.12.2021 13:00,2702,2667
25.12.2021 13:00 - 25.12.2021 14:00,2636,2612
25.12.2021 14:00 - 25.12.2021 15:00,2604,2566
25.12.2021 15:00 - 25.12.2021 16:00,2563,2548
25.12.2021 16:00 - 25.12.2021 17:00,2691,2745
25.12.2021 17:00 - 25.12.2021 18:00,2887,2930
25.12.2021 18:00 - 25.12.2021 19:00,2892,2885
25.12.2021 19:00 - 25.12.2021 20:00,2766,2734
25.12.2021 20:00 - 25.12.2021 21:00,2626,2619
25.12.2021 21:00 - 25.12.2021 22:00,2537,2569
25.12.2021 22:00 - 25.12.2021 23:00,2492,2518
25.12.2021 23:00 - 26.12.2021 00:00,2405,2358
26.12.2021 00:00 - 26.12.2021 01:00,2281,2295
26.12.2021 01:00 - 26.12.2021 02:00,2215,2250
26.12.2021 02:00 - 26.12.2021 03:00,2235,2251
26.12.2021 03:00 - 26.12.2021 04:00,2246,2228
26.12.2021 04:00 - 26.12.2021 05:00,2242,2237
26.12.2021 05:00 - 26.12.2021 06:00,2288,2294
26.12.2021 06:00 - 26.12.2021 07:00,2373,2397
26.12.2021 07:00 - 26.12.2021 08:00,2519,2494
26.12.2021 08:00 - 26.12.2021 09:00,2703,2677
26.12.2021 09:00 - 26.12.2021 10:00,2805,2788
26.12.2021 10:00 - 26.12.2021 11:00,2885,2824
26.12.2021 11:00 - 26.12.2021 12:00,2846,2777
26.12.2021 12:00 - 26.12.2021 13:00,2730,2688
26.12.2021 13:00 - 26.12.2021 14:00,2610,2602
26.12.2021 14:00 - 26.12.2021 15:00,2558,2571
26.12.2021 15:00 - 26.12.2021 16:00,2595,2622
26.12.2021 16:00 - 26.12.2021 17:00,2760,2779
26.12.2021 17:00 - 26.12.2021 18:00,2871,2930
26.12.2021 18:00 - 26.12.2021 19:00,2905,2917
26.12.2021 19:00 - 26.12.2021 20:00,2801,2827
26.12.2021 20:00 - 26.12.2021 21:00,2720,2743
26.12.2021 21:00 - 26.12.2021 22:00,2675,2691
26.12.2021 22:00 - 26.12.2021 23:00,2560,2616
26.12.2021 23:00 - 27.12.2021 00:00,2416,2503
27.12.2021 00:00 - 27.12.2021 01:00,2408,2432
27.12.2021 01:00 - 27.12.2021 02:00,2346,2382
27.12.2021 02:00 - 27.12.2021 03:00,2339,2361
27.12.2021 03:00 - 27.12.2021 04:00,2319,2316
27.12.2021 04:00 - 27.12.2021 05:00,2350,2342
27.12.2021 05:00 - 27.12.2021 06:00,2388,2418
27.12.2021 06:00 - 27.12.2021 07:00,2503,2521
27.12.2021 07:00 - 27.12.2021 08:00,2685,2767
27.12.2021 08:00 - 27.12.2021 09:00,2930,2953
27.12.2021 09:00 - 27.12.2021 10:00,3008,3068
27.12.2021 10:00 - 27.12.2021 11:00,3066,3090
27.12.2021 11:00 - 27.12.2021 12:00,3057,3061
27.12.2021 12:00 - 27.12.2021 13:00,3005,3017
27.12.2021 13:00 - 27.12.2021 14:00,2952,2975
27.12.2021 14:00 - 27.12.2021 15:00,2949,2958
27.12.2021 15:00 - 27.12.2021 16:00,3027,3008
27.12.2021 16:00 - 27.12.2021 17:00,3142,3164
27.12.2021 17:00 - 27.12.2021 18:00,3302,3207
27.12.2021 18:00 - 27.12.2021 19:00,3184,3174
27.12.2021 19:00 - 27.12.2021 20:00,3055,3019
27.12.2021 20:00 - 27.12.2021 21:00,2920,2804
27.12.2021 21:00 - 27.12.2021 22:00,2771,2713
27.12.2021 22:00 - 27.12.2021 23:00,2664,2595
27.12.2021 23:00 - 28.12.2021 00:00,2545,2462
28.12.2021 00:00 - 28.12.2021 01:00,2378,2404
28.12.2021 01:00 - 28.12.2021 02:00,2344,2356
28.12.2021 02:00 - 28.12.2021 03:00,2319,2320
28.12.2021 03:00 - 28.12.2021 04:00,2287,2336
28.12.2021 04:00 - 28.12.2021 05:00,2356,2349
28.12.2021 05:00 - 28.12.2021 06:00,2446,2370
28.12.2021 06:00 - 28.12.2021 07:00,2476,2520
28.12.2021 07:00 - 28.12.2021 08:00,2656,2741
28.12.2021 08:00 - 28.12.2021 09:00,2922,2950
28.12.2021 09:00 - 28.12.2021 10:00,3039,3050
28.12.2021 10:00 - 28.12.2021 11:00,3103,3128
28.12.2021 11:00 - 28.12.2021 12:00,3144,3156
28.12.2021 12:00 - 28.12.2021 13:00,3071,3085
28.12.2021 13:00 - 28.12.2021 14:00,3037,3045
28.12.2021 14:00 - 28.12.2021 15:00,3021,3029
28.12.2021 15:00 - 28.12.2021 16:00,3016,3032
28.12.2021 16:00 - 28.12.2021 17:00,3095,3125
28.12.2021 17:00 - 28.12.2021 18:00,3246,3269
28.12.2021 18:00 - 28.12.2021 19:00,3168,3147
28.12.2021 19:00 - 28.12.2021 20:00,3053,2962
28.12.2021 20:00 - 28.12.2021 21:00,2936,2799
28.12.2021 21:00 - 28.12.2021 22:00,2775,2658
28.12.2021 22:00 - 28.12.2021 23:00,2675,2520
28.12.2021 23:00 - 29.12.2021 00:00,2583,2381
29.12.2021 00:00 - 29.12.2021 01:00,2354,2340
29.12.2021 01:00 - 29.12.2021 02:00,2252,2278
29.12.2021 02:00 - 29.12.2021 03:00,2222,2240
29.12.2021 03:00 - 29.12.2021 04:00,2142,2244
29.12.2021 04:00 - 29.12.2021 05:00,2214,2257
29.12.2021 05:00 - 29.12.2021 06:00,2366,2296
29.12.2021 06:00 - 29.12.2021 07:00,2392,2425
29.12.2021 07:00 - 29.12.2021 08:00,2496,2602
29.12.2021 08:00 - 29.12.2021 09:00,2761,2804
29.12.2021 09:00 - 29.12.2021 10:00,2874,2892
29.12.2021 10:00 - 29.12.2021 11:00,2940,2973
29.12.2021 11:00 - 29.12.2021 12:00,2955,2989
29.12.2021 12:00 - 29.12.2021 13:00,2929,2957
29.12.2021 13:00 - 29.12.2021 14:00,2917,2928
29.12.2021 14:00 - 29.12.2021 15:00,2920,2915
29.12.2021 15:00 - 29.12.2021 16:00,2895,2910
29.12.2021 16:00 - 29.12.2021 17:00,2975,2995
29.12.2021 17:00 - 29.12.2021 18:00,3131,3159
29.12.2021 18:00 - 29.12.2021 19:00,3055,3019
29.12.2021 19:00 - 29.12.2021 20:00,2902,2804
29.12.2021 20:00 - 29.12.2021 21:00,2844,2719
29.12.2021 21:00 - 29.12.2021 22:00,2688,2624
29.12.2021 22:00 - 29.12.2021 23:00,2594,2528
29.12.2021 23:00 - 30.12.2021 00:00,2491,2395
30.12.2021 00:00 - 30.12.2021 01:00,2299,2366
30.12.2021 01:00 - 30.12.2021 02:00,2281,2304
30.12.2021 02:00 - 30.12.2021 03:00,2282,2326
30.12.2021 03:00 - 30.12.2021 04:00,2256,2229
30.12.2021 04:00 - 30.12.2021 05:00,2261,2348
30.12.2021 05:00 - 30.12.2021 06:00,2450,2412
30.12.2021 06:00 - 30.12.2021 07:00,2462,2525
30.12.2021 07:00 - 30.12.2021 08:00,2587,2675
30.12.2021 08:00 - 30.12.2021 09:00,2812,2804
30.12.2021 09:00 - 30.12.2021 10:00,2870,2879
30.12.2021 10:00 - 30.12.2021 11:00,2959,3026
30.12.2021 11:00 - 30.12.2021 12:00,3007,3019
30.12.2021 12:00 - 30.12.2021 13:00,2953,2956
30.12.2021 13:00 - 30.12.2021 14:00,2934,2923
30.12.2021 14:00 - 30.12.2021 15:00,2871,2881
30.12.2021 15:00 - 30.12.2021 16:00,2848,2890
30.12.2021 16:00 - 30.12.2021 17:00,2959,3000
30.12.2021 17:00 - 30.12.2021 18:00,3140,3110
30.12.2021 18:00 - 30.12.2021 19:00,3053,3092
30.12.2021 19:00 - 30.12.2021 20:00,2961,2866
30.12.2021 20:00 - 30.12.2021 21:00,2790,2731
30.12.2021 21:00 - 30.12.2021 22:00,2672,2585
30.12.2021 22:00 - 30.12.2021 23:00,2493,2469
30.12.2021 23:00 - 31.12.2021 00:00,2342,2316
31.12.2021 00:00 - 31.12.2021 01:00,2142,2108
31.12.2021 01:00 - 31.12.2021 02:00,1959,1991
31.12.2021 02:00 - 31.12.2021 03:00,1865,1943
31.12.2021 03:00 - 31.12.2021 04:00,1778,1960
31.12.2021 04:00 - 31.12.2021 05:00,1875,1978
31.12.2021 05:00 - 31.12.2021 06:00,2007,2023
31.12.2021 06:00 - 31.12.2021 07:00,2094,2121
31.12.2021 07:00 - 31.12.2021 08:00,2227,2223
31.12.2021 08:00 - 31.12.2021 09:00,2387,2405
31.12.2021 09:00 - 31.12.2021 10:00,2520,2523
31.12.2021 10:00 - 31.12.2021 11:00,2602,2611
31.12.2021 11:00 - 31.12.2021 12:00,2647,2634
31.12.2021 12:00 - 31.12.2021 13:00,2607,2615
31.12.2021 13:00 - 31.12.2021 14:00,2593,2575
31.12.2021 14:00 - 31.12.2021 15:00,2541,2521
31.12.2021 15:00 - 31.12.2021 16:00,2528,2523
31.12.2021 16:00 - 31.12.2021 17:00,2665,2638
31.12.2021 17:00 - 31.12.2021 18:00,2789,2783
31.12.2021 18:00 - 31.12.2021 19:00,2709,2705
31.12.2021 19:00 - 31.12.2021 20:00,2496,2481
31.12.2021 20:00 - 31.12.2021 21:00,2309,2302
31.12.2021 21:00 - 31.12.2021 22:00,2194,2211
31.12.2021 22:00 - 31.12.2021 23:00,2107,2154
31.12.2021 23:00 - 01.01.2022 00:00,2034,2108