"Time (CET/CEST)","Day-ahead Total Load Forecast [MW] - BZN|DK1","Actual Total Load [MW] - BZN|DK1"
"01.01.2015 00:00 - 01.01.2015 01:00","1870","1877"
"01.01.2015 01:00 - 01.01.2015 02:00","1841","1843"
"01.01.2015 02:00 - 01.01.2015 03:00","1785","1795"
"01.01.2015 03:00 - 01.01.2015 04:00","1735","1745"
"01.01.2015 04:00 - 01.01.2015 05:00","1734","1743"
"01.01.2015 05:00 - 01.01.2015 06:00","1753","1751"
"01.01.2015 06:00 - 01.01.2015 07:00","1771","1767"
"01.01.2015 07:00 - 01.01.2015 08:00","1837","1903"
"01.01.2015 08:00 - 01.01.2015 09:00","1924","1985"
"01.01.2015 09:00 - 01.01.2015 10:00","2039","2015"
"01.01.2015 10:00 - 01.01.2015 11:00","2153","2102"
"01.01.2015 11:00 - 01.01.2015 12:00","2168","2194"
"01.01.2015 12:00 - 01.01.2015 13:00","2198","2255"
"01.01.2015 13:00 - 01.01.2015 14:00","2232","2263"
"01.01.2015 14:00 - 01.01.2015 15:00","2246","2233"
"01.01.2015 15:00 - 01.01.2015 16:00","2273","2304"
"01.01.2015 16:00 - 01.01.2015 17:00","2482","2486"
"01.01.2015 17:00 - 01.01.2015 18:00","2662","2633"
"01.01.2015 18:00 - 01.01.2015 19:00","2613","2627"
"01.01.2015 19:00 - 01.01.2015 20:00","2474","2510"
"01.01.2015 20:00 - 01.01.2015 21:00","2350","2361"
"01.01.2015 21:00 - 01.01.2015 22:00","2256","2263"
"01.01.2015 22:00 - 01.01.2015 23:00","2090","2110"
"01.01.2015 23:00 - 02.01.2015 00:00","1942","1976"
"02.01.2015 00:00 - 02.01.2015 01:00","1828","1852"
"02.01.2015 01:00 - 02.01.2015 02:00","1700","1711"
"02.01.2015 02:00 - 02.01.2015 03:00","1670","1683"
"02.01.2015 03:00 - 02.01.2015 04:00","1680","1682"
"02.01.2015 04:00 - 02.01.2015 05:00","1695","1701"
"02.01.2015 05:00 - 02.01.2015 06:00","1754","1774"
"02.01.2015 06:00 - 02.01.2015 07:00","2065","2071"
"02.01.2015 07:00 - 02.01.2015 08:00","2329","2294"
"02.01.2015 08:00 - 02.01.2015 09:00","2482","2504"
"02.01.2015 09:00 - 02.01.2015 10:00","2528","2569"
"02.01.2015 10:00 - 02.01.2015 11:00","2619","2674"
"02.01.2015 11:00 - 02.01.2015 12:00","2653","2673"
"02.01.2015 12:00 - 02.01.2015 13:00","2634","2643"
"02.01.2015 13:00 - 02.01.2015 14:00","2599","2626"
"02.01.2015 14:00 - 02.01.2015 15:00","2576","2608"
"02.01.2015 15:00 - 02.01.2015 16:00","2608","2624"
"02.01.2015 16:00 - 02.01.2015 17:00","2766","2805"
"02.01.2015 17:00 - 02.01.2015 18:00","2998","3081"
"02.01.2015 18:00 - 02.01.2015 19:00","2968","3020"
"02.01.2015 19:00 - 02.01.2015 20:00","2811","2804"
"02.01.2015 20:00 - 02.01.2015 21:00","2564","2543"
"02.01.2015 21:00 - 02.01.2015 22:00","2396","2444"
"02.01.2015 22:00 - 02.01.2015 23:00","2258","2251"
"02.01.2015 23:00 - 03.01.2015 00:00","2041","2013"
"03.01.2015 00:00 - 03.01.2015 01:00","1978","1966"
"03.01.2015 01:00 - 03.01.2015 02:00","1914","1925"
"03.01.2015 02:00 - 03.01.2015 03:00","1829","1816"
"03.01.2015 03:00 - 03.01.2015 04:00","1759","1754"
"03.01.2015 04:00 - 03.01.2015 05:00","1736","1736"
"03.01.2015 05:00 - 03.01.2015 06:00","1782","1778"
"03.01.2015 06:00 - 03.01.2015 07:00","1928","1931"
"03.01.2015 07:00 - 03.01.2015 08:00","2163","2138"
"03.01.2015 08:00 - 03.01.2015 09:00","2319","2293"
"03.01.2015 09:00 - 03.01.2015 10:00","2439","2401"
"03.01.2015 10:00 - 03.01.2015 11:00","2474","2456"
"03.01.2015 11:00 - 03.01.2015 12:00","2429","2405"
"03.01.2015 12:00 - 03.01.2015 13:00","2365","2348"
"03.01.2015 13:00 - 03.01.2015 14:00","2319","2332"
"03.01.2015 14:00 - 03.01.2015 15:00","2305","2278"
"03.01.2015 15:00 - 03.01.2015 16:00","2293","2243"
"03.01.2015 16:00 - 03.01.2015 17:00","2503","2468"
"03.01.2015 17:00 - 03.01.2015 18:00","2788","2778"
"03.01.2015 18:00 - 03.01.2015 19:00","2712","2730"
"03.01.2015 19:00 - 03.01.2015 20:00","2479","2464"
"03.01.2015 20:00 - 03.01.2015 21:00","2308","2318"
"03.01.2015 21:00 - 03.01.2015 22:00","2156","2161"
"03.01.2015 22:00 - 03.01.2015 23:00","2038","2054"
"03.01.2015 23:00 - 04.01.2015 00:00","1966","1950"
"04.01.2015 00:00 - 04.01.2015 01:00","1811","1791"
"04.01.2015 01:00 - 04.01.2015 02:00","1695","1727"
"04.01.2015 02:00 - 04.01.2015 03:00","1652","1675"
"04.01.2015 03:00 - 04.01.2015 04:00","1650","1661"
"04.01.2015 04:00 - 04.01.2015 05:00","1660","1674"
"04.01.2015 05:00 - 04.01.2015 06:00","1704","1680"
"04.01.2015 06:00 - 04.01.2015 07:00","1804","1834"
"04.01.2015 07:00 - 04.01.2015 08:00","1977","1962"
"04.01.2015 08:00 - 04.01.2015 09:00","2161","2130"
"04.01.2015 09:00 - 04.01.2015 10:00","2264","2277"
"04.01.2015 10:00 - 04.01.2015 11:00","2369","2350"
"04.01.2015 11:00 - 04.01.2015 12:00","2394","2383"
"04.01.2015 12:00 - 04.01.2015 13:00","2343","2322"
"04.01.2015 13:00 - 04.01.2015 14:00","2308","2258"
"04.01.2015 14:00 - 04.01.2015 15:00","2249","2227"
"04.01.2015 15:00 - 04.01.2015 16:00","2258","2242"
"04.01.2015 16:00 - 04.01.2015 17:00","2516","2530"
"04.01.2015 17:00 - 04.01.2015 18:00","2860","2862"
"04.01.2015 18:00 - 04.01.2015 19:00","2782","2769"
"04.01.2015 19:00 - 04.01.2015 20:00","2565","2542"
"04.01.2015 20:00 - 04.01.2015 21:00","2355","2347"
"04.01.2015 21:00 - 04.01.2015 22:00","2196","2213"
"04.01.2015 22:00 - 04.01.2015 23:00","2019","1997"
"04.01.2015 23:00 - 05.01.2015 00:00","1909","1961"
"05.01.2015 00:00 - 05.01.2015 01:00","1913","1911"
"05.01.2015 01:00 - 05.01.2015 02:00","1850","1832"
"05.01.2015 02:00 - 05.01.2015 03:00","1758","1744"
"05.01.2015 03:00 - 05.01.2015 04:00","1709","1704"
"05.01.2015 04:00 - 05.01.2015 05:00","1735","1745"
"05.01.2015 05:00 - 05.01.2015 06:00","1923","1951"
"05.01.2015 06:00 - 05.01.2015 07:00","2437","2419"
"05.01.2015 07:00 - 05.01.2015 08:00","2907","2922"
"05.01.2015 08:00 - 05.01.2015 09:00","3084","3071"
"05.01.2015 09:00 - 05.01.2015 10:00","3070","3077"
"05.01.2015 10:00 - 05.01.2015 11:00","3152","3117"
"05.01.2015 11:00 - 05.01.2015 12:00","3111","3099"
"05.01.2015 12:00 - 05.01.2015 13:00","3029","3026"
"05.01.2015 13:00 - 05.01.2015 14:00","3052","3054"
"05.01.2015 14:00 - 05.01.2015 15:00","3008","3028"
"05.01.2015 15:00 - 05.01.2015 16:00","2929","2958"
"05.01.2015 16:00 - 05.01.2015 17:00","3069","3069"
"05.01.2015 17:00 - 05.01.2015 18:00","3309","3291"
"05.01.2015 18:00 - 05.01.2015 19:00","3149","3099"
"05.01.2015 19:00 - 05.01.2015 20:00","2933","2884"
"05.01.2015 20:00 - 05.01.2015 21:00","2721","2672"
"05.01.2015 21:00 - 05.01.2015 22:00","2548","2464"
"05.01.2015 22:00 - 05.01.2015 23:00","2344","2252"
"05.01.2015 23:00 - 06.01.2015 00:00","2110","2050"
"06.01.2015 00:00 - 06.01.2015 01:00","1925","1914"
"06.01.2015 01:00 - 06.01.2015 02:00","1837","1857"
"06.01.2015 02:00 - 06.01.2015 03:00","1832","1844"
"06.01.2015 03:00 - 06.01.2015 04:00","1840","1832"
"06.01.2015 04:00 - 06.01.2015 05:00","1869","1886"
"06.01.2015 05:00 - 06.01.2015 06:00","2020","2043"
"06.01.2015 06:00 - 06.01.2015 07:00","2453","2480"
"06.01.2015 07:00 - 06.01.2015 08:00","2923","2948"
"06.01.2015 08:00 - 06.01.2015 09:00","3104","3136"
"06.01.2015 09:00 - 06.01.2015 10:00","3073","3094"
"06.01.2015 10:00 - 06.01.2015 11:00","3139","3138"
"06.01.2015 11:00 - 06.01.2015 12:00","3126","3143"
"06.01.2015 12:00 - 06.01.2015 13:00","3079","3104"
"06.01.2015 13:00 - 06.01.2015 14:00","3112","3106"
"06.01.2015 14:00 - 06.01.2015 15:00","3055","3049"
"06.01.2015 15:00 - 06.01.2015 16:00","2973","2973"
"06.01.2015 16:00 - 06.01.2015 17:00","3066","3077"
"06.01.2015 17:00 - 06.01.2015 18:00","3279","3300"
"06.01.2015 18:00 - 06.01.2015 19:00","3114","3098"
"06.01.2015 19:00 - 06.01.2015 20:00","2905","2894"
"06.01.2015 20:00 - 06.01.2015 21:00","2712","2697"
"06.01.2015 21:00 - 06.01.2015 22:00","2520","2534"
"06.01.2015 22:00 - 06.01.2015 23:00","2323","2325"
"06.01.2015 23:00 - 07.01.2015 00:00","2099","2131"
"07.01.2015 00:00 - 07.01.2015 01:00","1955","1994"
"07.01.2015 01:00 - 07.01.2015 02:00","1937","1948"
"07.01.2015 02:00 - 07.01.2015 03:00","1916","1895"
"07.01.2015 03:00 - 07.01.2015 04:00","1889","1864"
"07.01.2015 04:00 - 07.01.2015 05:00","1904","1913"
"07.01.2015 05:00 - 07.01.2015 06:00","2044","2075"
"07.01.2015 06:00 - 07.01.2015 07:00","2539","2523"
"07.01.2015 07:00 - 07.01.2015 08:00","3040","3006"
"07.01.2015 08:00 - 07.01.2015 09:00","3173","3158"
"07.01.2015 09:00 - 07.01.2015 10:00","3112","3081"
"07.01.2015 10:00 - 07.01.2015 11:00","3126","3073"
"07.01.2015 11:00 - 07.01.2015 12:00","3070","3051"
"07.01.2015 12:00 - 07.01.2015 13:00","2980","2950"
"07.01.2015 13:00 - 07.01.2015 14:00","3001","2987"
"07.01.2015 14:00 - 07.01.2015 15:00","2960","2928"
"07.01.2015 15:00 - 07.01.2015 16:00","2903","2909"
"07.01.2015 16:00 - 07.01.2015 17:00","3026","3019"
"07.01.2015 17:00 - 07.01.2015 18:00","3244","3248"
"07.01.2015 18:00 - 07.01.2015 19:00","3093","3097"
"07.01.2015 19:00 - 07.01.2015 20:00","2876","2915"
"07.01.2015 20:00 - 07.01.2015 21:00","2720","2739"
"07.01.2015 21:00 - 07.01.2015 22:00","2497","2540"
"07.01.2015 22:00 - 07.01.2015 23:00","2267","2355"
"07.01.2015 23:00 - 08.01.2015 00:00","2039","2203"
"08.01.2015 00:00 - 08.01.2015 01:00","2040","2073"
"08.01.2015 01:00 - 08.01.2015 02:00","1979","2022"
"08.01.2015 02:00 - 08.01.2015 03:00","1964","2019"
"08.01.2015 03:00 - 08.01.2015 04:00","1993","2037"
"08.01.2015 04:00 - 08.01.2015 05:00","2051","2074"
"08.01.2015 05:00 - 08.01.2015 06:00","2220","2222"
"08.01.2015 06:00 - 08.01.2015 07:00","2682","2616"
"08.01.2015 07:00 - 08.01.2015 08:00","3173","3117"
"08.01.2015 08:00 - 08.01.2015 09:00","3244","3236"
"08.01.2015 09:00 - 08.01.2015 10:00","3159","3184"
"08.01.2015 10:00 - 08.01.2015 11:00","3192","3202"
"08.01.2015 11:00 - 08.01.2015 12:00","3161","3146"
"08.01.2015 12:00 - 08.01.2015 13:00","3075","3073"
"08.01.2015 13:00 - 08.01.2015 14:00","3101","3063"
"08.01.2015 14:00 - 08.01.2015 15:00","3025","2995"
"08.01.2015 15:00 - 08.01.2015 16:00","2915","2890"
"08.01.2015 16:00 - 08.01.2015 17:00","3031","3039"
"08.01.2015 17:00 - 08.01.2015 18:00","3246","3229"
"08.01.2015 18:00 - 08.01.2015 19:00","3076","3086"
"08.01.2015 19:00 - 08.01.2015 20:00","2876","2888"
"08.01.2015 20:00 - 08.01.2015 21:00","2671","2721"
"08.01.2015 21:00 - 08.01.2015 22:00","2470","2616"
"08.01.2015 22:00 - 08.01.2015 23:00","2236","2617"
"08.01.2015 23:00 - 09.01.2015 00:00","2021","2617"
"09.01.2015 00:00 - 09.01.2015 01:00","1976","2241"
"09.01.2015 01:00 - 09.01.2015 02:00","1978","1984"
"09.01.2015 02:00 - 09.01.2015 03:00","1929","1924"
"09.01.2015 03:00 - 09.01.2015 04:00","1935","1951"
"09.01.2015 04:00 - 09.01.2015 05:00","1986","1991"
"09.01.2015 05:00 - 09.01.2015 06:00","2120","2125"
"09.01.2015 06:00 - 09.01.2015 07:00","2580","2642"
"09.01.2015 07:00 - 09.01.2015 08:00","3089","3080"
"09.01.2015 08:00 - 09.01.2015 09:00","3209","3246"
"09.01.2015 09:00 - 09.01.2015 10:00","3221","3215"
"09.01.2015 10:00 - 09.01.2015 11:00","3259","3283"
"09.01.2015 11:00 - 09.01.2015 12:00","3179","3200"
"09.01.2015 12:00 - 09.01.2015 13:00","3060","3079"
"09.01.2015 13:00 - 09.01.2015 14:00","2992","3027"
"09.01.2015 14:00 - 09.01.2015 15:00","2892","2914"
"09.01.2015 15:00 - 09.01.2015 16:00","2856","2879"
"09.01.2015 16:00 - 09.01.2015 17:00","3024","3026"
"09.01.2015 17:00 - 09.01.2015 18:00","3226","3245"
"09.01.2015 18:00 - 09.01.2015 19:00","3132","3114"
"09.01.2015 19:00 - 09.01.2015 20:00","2845","2823"
"09.01.2015 20:00 - 09.01.2015 21:00","2575","2536"
"09.01.2015 21:00 - 09.01.2015 22:00","2388","2341"
"09.01.2015 22:00 - 09.01.2015 23:00","2226","2150"
"09.01.2015 23:00 - 10.01.2015 00:00","2056","2029"
"10.01.2015 00:00 - 10.01.2015 01:00","1833","1876"
"10.01.2015 01:00 - 10.01.2015 02:00","1781","1825"
"10.01.2015 02:00 - 10.01.2015 03:00","1745","1801"
"10.01.2015 03:00 - 10.01.2015 04:00","1785","1854"
"10.01.2015 04:00 - 10.01.2015 05:00","1850","1878"
"10.01.2015 05:00 - 10.01.2015 06:00","1928","1957"
"10.01.2015 06:00 - 10.01.2015 07:00","2077","2074"
"10.01.2015 07:00 - 10.01.2015 08:00","2274","2291"
"10.01.2015 08:00 - 10.01.2015 09:00","2477","2476"
"10.01.2015 09:00 - 10.01.2015 10:00","2596","2597"
"10.01.2015 10:00 - 10.01.2015 11:00","2687","2682"
"10.01.2015 11:00 - 10.01.2015 12:00","2734","2738"
"10.01.2015 12:00 - 10.01.2015 13:00","2674","2740"
"10.01.2015 13:00 - 10.01.2015 14:00","2597","2599"
"10.01.2015 14:00 - 10.01.2015 15:00","2530","2560"
"10.01.2015 15:00 - 10.01.2015 16:00","2578","2575"
"10.01.2015 16:00 - 10.01.2015 17:00","2749","2763"
"10.01.2015 17:00 - 10.01.2015 18:00","3018","3010"
"10.01.2015 18:00 - 10.01.2015 19:00","2910","2899"
"10.01.2015 19:00 - 10.01.2015 20:00","2674","2678"
"10.01.2015 20:00 - 10.01.2015 21:00","2511","2538"
"10.01.2015 21:00 - 10.01.2015 22:00","2409","2404"
"10.01.2015 22:00 - 10.01.2015 23:00","2262","2236"
"10.01.2015 23:00 - 11.01.2015 00:00","2117","2128"
"11.01.2015 00:00 - 11.01.2015 01:00","2042","2048"
"11.01.2015 01:00 - 11.01.2015 02:00","1898","1909"
"11.01.2015 02:00 - 11.01.2015 03:00","1869","1844"
"11.01.2015 03:00 - 11.01.2015 04:00","1826","1811"
"11.01.2015 04:00 - 11.01.2015 05:00","1808","1821"
"11.01.2015 05:00 - 11.01.2015 06:00","1845","1850"
"11.01.2015 06:00 - 11.01.2015 07:00","1940","1924"
"11.01.2015 07:00 - 11.01.2015 08:00","2091","2072"
"11.01.2015 08:00 - 11.01.2015 09:00","2325","2323"
"11.01.2015 09:00 - 11.01.2015 10:00","2427","2422"
"11.01.2015 10:00 - 11.01.2015 11:00","2474","2489"
"11.01.2015 11:00 - 11.01.2015 12:00","2485","2497"
"11.01.2015 12:00 - 11.01.2015 13:00","2473","2504"
"11.01.2015 13:00 - 11.01.2015 14:00","2543","2562"
"11.01.2015 14:00 - 11.01.2015 15:00","2530","2543"
"11.01.2015 15:00 - 11.01.2015 16:00","2493","2500"
"11.01.2015 16:00 - 11.01.2015 17:00","2704","2694"
"11.01.2015 17:00 - 11.01.2015 18:00","3018","3039"
"11.01.2015 18:00 - 11.01.2015 19:00","2977","2963"
"11.01.2015 19:00 - 11.01.2015 20:00","2700","2684"
"11.01.2015 20:00 - 11.01.2015 21:00","2527","2544"
"11.01.2015 21:00 - 11.01.2015 22:00","2361","2372"
"11.01.2015 22:00 - 11.01.2015 23:00","2208","2187"
"11.01.2015 23:00 - 12.01.2015 00:00","2019","2016"
"12.01.2015 00:00 - 12.01.2015 01:00","1859","1913"
"12.01.2015 01:00 - 12.01.2015 02:00","1881","1906"
"12.01.2015 02:00 - 12.01.2015 03:00","1879","1859"
"12.01.2015 03:00 - 12.01.2015 04:00","1902","1956"
"12.01.2015 04:00 - 12.01.2015 05:00","2013","2047"
"12.01.2015 05:00 - 12.01.2015 06:00","2189","2174"
"12.01.2015 06:00 - 12.01.2015 07:00","2567","2552"
"12.01.2015 07:00 - 12.01.2015 08:00","3115","3146"
"12.01.2015 08:00 - 12.01.2015 09:00","3268","3303"
"12.01.2015 09:00 - 12.01.2015 10:00","3310","3296"
"12.01.2015 10:00 - 12.01.2015 11:00","3314","3277"
"12.01.2015 11:00 - 12.01.2015 12:00","3279","3284"
"12.01.2015 12:00 - 12.01.2015 13:00","3199","3228"
"12.01.2015 13:00 - 12.01.2015 14:00","3170","3161"
"12.01.2015 14:00 - 12.01.2015 15:00","3126","3137"
"12.01.2015 15:00 - 12.01.2015 16:00","3068","3088"
"12.01.2015 16:00 - 12.01.2015 17:00","3164","3165"
"12.01.2015 17:00 - 12.01.2015 18:00","3383","3353"
"12.01.2015 18:00 - 12.01.2015 19:00","3182","3216"
"12.01.2015 19:00 - 12.01.2015 20:00","3036","3032"
"12.01.2015 20:00 - 12.01.2015 21:00","2820","2808"
"12.01.2015 21:00 - 12.01.2015 22:00","2623","2602"
"12.01.2015 22:00 - 12.01.2015 23:00","2414","2480"
"12.01.2015 23:00 - 13.01.2015 00:00","2198","2267"
"13.01.2015 00:00 - 13.01.2015 01:00","2042","2041"
"13.01.2015 01:00 - 13.01.2015 02:00","1958","1934"
"13.01.2015 02:00 - 13.01.2015 03:00","1894","1884"
"13.01.2015 03:00 - 13.01.2015 04:00","1899","1940"
"13.01.2015 04:00 - 13.01.2015 05:00","1943","1956"
"13.01.2015 05:00 - 13.01.2015 06:00","2116","2107"
"13.01.2015 06:00 - 13.01.2015 07:00","2503","2552"
"13.01.2015 07:00 - 13.01.2015 08:00","2998","3016"
"13.01.2015 08:00 - 13.01.2015 09:00","3151","3138"
"13.01.2015 09:00 - 13.01.2015 10:00","3094","3085"
"13.01.2015 10:00 - 13.01.2015 11:00","3112","3090"
"13.01.2015 11:00 - 13.01.2015 12:00","3088","2818"
"13.01.2015 12:00 - 13.01.2015 13:00","3023","2557"
"13.01.2015 13:00 - 13.01.2015 14:00","3061","2712"
"13.01.2015 14:00 - 13.01.2015 15:00","3088","3185"
"13.01.2015 15:00 - 13.01.2015 16:00","3057","2966"
"13.01.2015 16:00 - 13.01.2015 17:00","3037","3007"
"13.01.2015 17:00 - 13.01.2015 18:00","3280","3292"
"13.01.2015 18:00 - 13.01.2015 19:00","3150","3155"
"13.01.2015 19:00 - 13.01.2015 20:00","2962","2905"
"13.01.2015 20:00 - 13.01.2015 21:00","2649","2493"
"13.01.2015 21:00 - 13.01.2015 22:00","2360","2316"
"13.01.2015 22:00 - 13.01.2015 23:00","2158","2309"
"13.01.2015 23:00 - 14.01.2015 00:00","2002","2221"
"14.01.2015 00:00 - 14.01.2015 01:00","2080","2126"
"14.01.2015 01:00 - 14.01.2015 02:00","2020","1962"
"14.01.2015 02:00 - 14.01.2015 03:00","1935","1971"
"14.01.2015 03:00 - 14.01.2015 04:00","1983","1951"
"14.01.2015 04:00 - 14.01.2015 05:00","1998","1928"
"14.01.2015 05:00 - 14.01.2015 06:00","2099","2142"
"14.01.2015 06:00 - 14.01.2015 07:00","2597","2611"
"14.01.2015 07:00 - 14.01.2015 08:00","3112","3087"
"14.01.2015 08:00 - 14.01.2015 09:00","3258","3253"
"14.01.2015 09:00 - 14.01.2015 10:00","3230","3227"
"14.01.2015 10:00 - 14.01.2015 11:00","3260","3269"
"14.01.2015 11:00 - 14.01.2015 12:00","3279","3288"
"14.01.2015 12:00 - 14.01.2015 13:00","3226","3242"
"14.01.2015 13:00 - 14.01.2015 14:00","3243","3236"
"14.01.2015 14:00 - 14.01.2015 15:00","3163","3118"
"14.01.2015 15:00 - 14.01.2015 16:00","3046","4507"
"14.01.2015 16:00 - 14.01.2015 17:00","3143","3131"
"14.01.2015 17:00 - 14.01.2015 18:00","3390","3377"
"14.01.2015 18:00 - 14.01.2015 19:00","3239","3213"
"14.01.2015 19:00 - 14.01.2015 20:00","3028","2945"
"14.01.2015 20:00 - 14.01.2015 21:00","2791","2797"
"14.01.2015 21:00 - 14.01.2015 22:00","2578","2604"
"14.01.2015 22:00 - 14.01.2015 23:00","2354","2429"
"14.01.2015 23:00 - 15.01.2015 00:00","2135","2228"
"15.01.2015 00:00 - 15.01.2015 01:00","2053","2035"
"15.01.2015 01:00 - 15.01.2015 02:00","1938","1931"
"15.01.2015 02:00 - 15.01.2015 03:00","1908","1941"
"15.01.2015 03:00 - 15.01.2015 04:00","1944","1972"
"15.01.2015 04:00 - 15.01.2015 05:00","2027","2045"
"15.01.2015 05:00 - 15.01.2015 06:00","2223","2207"
"15.01.2015 06:00 - 15.01.2015 07:00","2639","2645"
"15.01.2015 07:00 - 15.01.2015 08:00","3123","3152"
"15.01.2015 08:00 - 15.01.2015 09:00","3297","3313"
"15.01.2015 09:00 - 15.01.2015 10:00","3269","3320"
"15.01.2015 10:00 - 15.01.2015 11:00","3345","3397"
"15.01.2015 11:00 - 15.01.2015 12:00","3365","3436"
"15.01.2015 12:00 - 15.01.2015 13:00","3262","3402"
"15.01.2015 13:00 - 15.01.2015 14:00","3237","3323"
"15.01.2015 14:00 - 15.01.2015 15:00","3215","3221"
"15.01.2015 15:00 - 15.01.2015 16:00","3069","3066"
"15.01.2015 16:00 - 15.01.2015 17:00","3146","3158"
"15.01.2015 17:00 - 15.01.2015 18:00","3391","3376"
"15.01.2015 18:00 - 15.01.2015 19:00","3228","3242"
"15.01.2015 19:00 - 15.01.2015 20:00","3012","2951"
"15.01.2015 20:00 - 15.01.2015 21:00","2787","2791"
"15.01.2015 21:00 - 15.01.2015 22:00","2619","2636"
"15.01.2015 22:00 - 15.01.2015 23:00","2454","2443"
"15.01.2015 23:00 - 16.01.2015 00:00","2225","2219"
"16.01.2015 00:00 - 16.01.2015 01:00","1978","2033"
"16.01.2015 01:00 - 16.01.2015 02:00","1953","2004"
"16.01.2015 02:00 - 16.01.2015 03:00","1967","2079"
"16.01.2015 03:00 - 16.01.2015 04:00","2032","2064"
"16.01.2015 04:00 - 16.01.2015 05:00","2112","2173"
"16.01.2015 05:00 - 16.01.2015 06:00","2297","2285"
"16.01.2015 06:00 - 16.01.2015 07:00","2701","2679"
"16.01.2015 07:00 - 16.01.2015 08:00","3151","3154"
"16.01.2015 08:00 - 16.01.2015 09:00","3275","3286"
"16.01.2015 09:00 - 16.01.2015 10:00","3220","3236"
"16.01.2015 10:00 - 16.01.2015 11:00","3287","3321"
"16.01.2015 11:00 - 16.01.2015 12:00","3246","3195"
"16.01.2015 12:00 - 16.01.2015 13:00","3071","3046"
"16.01.2015 13:00 - 16.01.2015 14:00","3000","2923"
"16.01.2015 14:00 - 16.01.2015 15:00","2876","2815"
"16.01.2015 15:00 - 16.01.2015 16:00","2725","2730"
"16.01.2015 16:00 - 16.01.2015 17:00","2827","2809"
"16.01.2015 17:00 - 16.01.2015 18:00","3076","3062"
"16.01.2015 18:00 - 16.01.2015 19:00","2973","2947"
"16.01.2015 19:00 - 16.01.2015 20:00","2729","2749"
"16.01.2015 20:00 - 16.01.2015 21:00","2549","2571"
"16.01.2015 21:00 - 16.01.2015 22:00","2377","2384"
"16.01.2015 22:00 - 16.01.2015 23:00","2214","2176"
"16.01.2015 23:00 - 17.01.2015 00:00","2044","2040"
"17.01.2015 00:00 - 17.01.2015 01:00","2016","2000"
"17.01.2015 01:00 - 17.01.2015 02:00","1905","1930"
"17.01.2015 02:00 - 17.01.2015 03:00","1798","1796"
"17.01.2015 03:00 - 17.01.2015 04:00","1765","1764"
"17.01.2015 04:00 - 17.01.2015 05:00","1863","1870"
"17.01.2015 05:00 - 17.01.2015 06:00","1910","1853"
"17.01.2015 06:00 - 17.01.2015 07:00","2025","2031"
"17.01.2015 07:00 - 17.01.2015 08:00","2231","2153"
"17.01.2015 08:00 - 17.01.2015 09:00","2438","2427"
"17.01.2015 09:00 - 17.01.2015 10:00","2576","2579"
"17.01.2015 10:00 - 17.01.2015 11:00","2567","2532"
"17.01.2015 11:00 - 17.01.2015 12:00","2445","2480"
"17.01.2015 12:00 - 17.01.2015 13:00","2474","2494"
"17.01.2015 13:00 - 17.01.2015 14:00","2443","2485"
"17.01.2015 14:00 - 17.01.2015 15:00","2480","2467"
"17.01.2015 15:00 - 17.01.2015 16:00","2478","2458"
"17.01.2015 16:00 - 17.01.2015 17:00","2620","2563"
"17.01.2015 17:00 - 17.01.2015 18:00","2893","2878"
"17.01.2015 18:00 - 17.01.2015 19:00","2846","2852"
"17.01.2015 19:00 - 17.01.2015 20:00","2588","2585"
"17.01.2015 20:00 - 17.01.2015 21:00","2374","2383"
"17.01.2015 21:00 - 17.01.2015 22:00","2235","2245"
"17.01.2015 22:00 - 17.01.2015 23:00","2115","2122"
"17.01.2015 23:00 - 18.01.2015 00:00","1996","2024"
"18.01.2015 00:00 - 18.01.2015 01:00","1888","1912"
"18.01.2015 01:00 - 18.01.2015 02:00","1814","1830"
"18.01.2015 02:00 - 18.01.2015 03:00","1779","1788"
"18.01.2015 03:00 - 18.01.2015 04:00","1797","1868"
"18.01.2015 04:00 - 18.01.2015 05:00","1823","1763"
"18.01.2015 05:00 - 18.01.2015 06:00","1809","1781"
"18.01.2015 06:00 - 18.01.2015 07:00","1902","1929"
"18.01.2015 07:00 - 18.01.2015 08:00","2093","2098"
"18.01.2015 08:00 - 18.01.2015 09:00","2271","2277"
"18.01.2015 09:00 - 18.01.2015 10:00","2379","2381"
"18.01.2015 10:00 - 18.01.2015 11:00","2427","2454"
"18.01.2015 11:00 - 18.01.2015 12:00","2450","2470"
"18.01.2015 12:00 - 18.01.2015 13:00","2435","2453"
"18.01.2015 13:00 - 18.01.2015 14:00","2409","2416"
"18.01.2015 14:00 - 18.01.2015 15:00","2387","2414"
"18.01.2015 15:00 - 18.01.2015 16:00","2399","2403"
"18.01.2015 16:00 - 18.01.2015 17:00","2578","2589"
"18.01.2015 17:00 - 18.01.2015 18:00","2939","2957"
"18.01.2015 18:00 - 18.01.2015 19:00","2891","2910"
"18.01.2015 19:00 - 18.01.2015 20:00","2673","2644"
"18.01.2015 20:00 - 18.01.2015 21:00","2505","2498"
"18.01.2015 21:00 - 18.01.2015 22:00","2356","2325"
"18.01.2015 22:00 - 18.01.2015 23:00","2191","2157"
"18.01.2015 23:00 - 19.01.2015 00:00","2031","2013"
"19.01.2015 00:00 - 19.01.2015 01:00","1903","1899"
"19.01.2015 01:00 - 19.01.2015 02:00","1844","1840"
"19.01.2015 02:00 - 19.01.2015 03:00","1833","1831"
"19.01.2015 03:00 - 19.01.2015 04:00","1851","1852"
"19.01.2015 04:00 - 19.01.2015 05:00","1910","1922"
"19.01.2015 05:00 - 19.01.2015 06:00","2107","2105"
"19.01.2015 06:00 - 19.01.2015 07:00","2577","2607"
"19.01.2015 07:00 - 19.01.2015 08:00","3088","3092"
"19.01.2015 08:00 - 19.01.2015 09:00","3233","3252"
"19.01.2015 09:00 - 19.01.2015 10:00","3211","3253"
"19.01.2015 10:00 - 19.01.2015 11:00","3289","3316"
"19.01.2015 11:00 - 19.01.2015 12:00","3303","3357"
"19.01.2015 12:00 - 19.01.2015 13:00","3241","3288"
"19.01.2015 13:00 - 19.01.2015 14:00","3226","3224"
"19.01.2015 14:00 - 19.01.2015 15:00","3171","3202"
"19.01.2015 15:00 - 19.01.2015 16:00","3056","3086"
"19.01.2015 16:00 - 19.01.2015 17:00","3122","3109"
"19.01.2015 17:00 - 19.01.2015 18:00","3371","3418"
"19.01.2015 18:00 - 19.01.2015 19:00","3249","3251"
"19.01.2015 19:00 - 19.01.2015 20:00","3015","2981"
"19.01.2015 20:00 - 19.01.2015 21:00","2791","2764"
"19.01.2015 21:00 - 19.01.2015 22:00","2589","2581"
"19.01.2015 22:00 - 19.01.2015 23:00","2380","2373"
"19.01.2015 23:00 - 20.01.2015 00:00","2172","2153"
"20.01.2015 00:00 - 20.01.2015 01:00","2020","2045"
"20.01.2015 01:00 - 20.01.2015 02:00","1972","1971"
"20.01.2015 02:00 - 20.01.2015 03:00","1941","1912"
"20.01.2015 03:00 - 20.01.2015 04:00","1921","1960"
"20.01.2015 04:00 - 20.01.2015 05:00","1984","1983"
"20.01.2015 05:00 - 20.01.2015 06:00","2160","2178"
"20.01.2015 06:00 - 20.01.2015 07:00","2661","2688"
"20.01.2015 07:00 - 20.01.2015 08:00","3180","3149"
"20.01.2015 08:00 - 20.01.2015 09:00","3281","3260"
"20.01.2015 09:00 - 20.01.2015 10:00","3198","3174"
"20.01.2015 10:00 - 20.01.2015 11:00","3242","3270"
"20.01.2015 11:00 - 20.01.2015 12:00","3247","3266"
"20.01.2015 12:00 - 20.01.2015 13:00","3174","3188"
"20.01.2015 13:00 - 20.01.2015 14:00","3214","3214"
"20.01.2015 14:00 - 20.01.2015 15:00","3152","3147"
"20.01.2015 15:00 - 20.01.2015 16:00","3060","3075"
"20.01.2015 16:00 - 20.01.2015 17:00","3134","3118"
"20.01.2015 17:00 - 20.01.2015 18:00","3373","3421"
"20.01.2015 18:00 - 20.01.2015 19:00","3246","3289"
"20.01.2015 19:00 - 20.01.2015 20:00","3063","3085"
"20.01.2015 20:00 - 20.01.2015 21:00","2868","2893"
"20.01.2015 21:00 - 20.01.2015 22:00","2698","2720"
"20.01.2015 22:00 - 20.01.2015 23:00","2474","2518"
"20.01.2015 23:00 - 21.01.2015 00:00","2224","2309"
"21.01.2015 00:00 - 21.01.2015 01:00","2159","2179"
"21.01.2015 01:00 - 21.01.2015 02:00","2101","2130"
"21.01.2015 02:00 - 21.01.2015 03:00","2045","2105"
"21.01.2015 03:00 - 21.01.2015 04:00","2094","2116"
"21.01.2015 04:00 - 21.01.2015 05:00","2142","2167"
"21.01.2015 05:00 - 21.01.2015 06:00","2320","2335"
"21.01.2015 06:00 - 21.01.2015 07:00","2779","2780"
"21.01.2015 07:00 - 21.01.2015 08:00","3294","3280"
"21.01.2015 08:00 - 21.01.2015 09:00","3389","3318"
"21.01.2015 09:00 - 21.01.2015 10:00","3256","3223"
"21.01.2015 10:00 - 21.01.2015 11:00","3276","3271"
"21.01.2015 11:00 - 21.01.2015 12:00","3236","3252"
"21.01.2015 12:00 - 21.01.2015 13:00","3170","3198"
"21.01.2015 13:00 - 21.01.2015 14:00","3216","3213"
"21.01.2015 14:00 - 21.01.2015 15:00","3144","3121"
"21.01.2015 15:00 - 21.01.2015 16:00","3026","3022"
"21.01.2015 16:00 - 21.01.2015 17:00","3096","3080"
"21.01.2015 17:00 - 21.01.2015 18:00","3356","3348"
"21.01.2015 18:00 - 21.01.2015 19:00","3195","3222"
"21.01.2015 19:00 - 21.01.2015 20:00","2994","3033"
"21.01.2015 20:00 - 21.01.2015 21:00","2842","2836"
"21.01.2015 21:00 - 21.01.2015 22:00","2647","2644"
"21.01.2015 22:00 - 21.01.2015 23:00","2423","2436"
"21.01.2015 23:00 - 22.01.2015 00:00","2200","2227"
"22.01.2015 00:00 - 22.01.2015 01:00","2109","2079"
"22.01.2015 01:00 - 22.01.2015 02:00","2028","2020"
"22.01.2015 02:00 - 22.01.2015 03:00","1989","1990"
"22.01.2015 03:00 - 22.01.2015 04:00","1990","1999"
"22.01.2015 04:00 - 22.01.2015 05:00","2045","2043"
"22.01.2015 05:00 - 22.01.2015 06:00","2210","2221"
"22.01.2015 06:00 - 22.01.2015 07:00","2657","2661"
"22.01.2015 07:00 - 22.01.2015 08:00","3188","3139"
"22.01.2015 08:00 - 22.01.2015 09:00","3307","3299"
"22.01.2015 09:00 - 22.01.2015 10:00","3249","3229"
"22.01.2015 10:00 - 22.01.2015 11:00","3275","3256"
"22.01.2015 11:00 - 22.01.2015 12:00","3231","3219"
"22.01.2015 12:00 - 22.01.2015 13:00","3132","3138"
"22.01.2015 13:00 - 22.01.2015 14:00","3143","3150"
"22.01.2015 14:00 - 22.01.2015 15:00","3095","3103"
"22.01.2015 15:00 - 22.01.2015 16:00","3004","3016"
"22.01.2015 16:00 - 22.01.2015 17:00","3079","3080"
"22.01.2015 17:00 - 22.01.2015 18:00","3382","3379"
"22.01.2015 18:00 - 22.01.2015 19:00","3251","3246"
"22.01.2015 19:00 - 22.01.2015 20:00","3036","3025"
"22.01.2015 20:00 - 22.01.2015 21:00","2826","2832"
"22.01.2015 21:00 - 22.01.2015 22:00","2645","2649"
"22.01.2015 22:00 - 22.01.2015 23:00","2439","2433"
"22.01.2015 23:00 - 23.01.2015 00:00","2253","2243"
"23.01.2015 00:00 - 23.01.2015 01:00","2103","2114"
"23.01.2015 01:00 - 23.01.2015 02:00","2034","2036"
"23.01.2015 02:00 - 23.01.2015 03:00","2007","2012"
"23.01.2015 03:00 - 23.01.2015 04:00","2027","2037"
"23.01.2015 04:00 - 23.01.2015 05:00","2072","2099"
"23.01.2015 05:00 - 23.01.2015 06:00","2237","2253"
"23.01.2015 06:00 - 23.01.2015 07:00","2659","2696"
"23.01.2015 07:00 - 23.01.2015 08:00","3166","3216"
"23.01.2015 08:00 - 23.01.2015 09:00","3299","3344"
"23.01.2015 09:00 - 23.01.2015 10:00","3253","3270"
"23.01.2015 10:00 - 23.01.2015 11:00","3291","3280"
"23.01.2015 11:00 - 23.01.2015 12:00","3209","3195"
"23.01.2015 12:00 - 23.01.2015 13:00","3085","3089"
"23.01.2015 13:00 - 23.01.2015 14:00","2994","2933"
"23.01.2015 14:00 - 23.01.2015 15:00","2825","2726"
"23.01.2015 15:00 - 23.01.2015 16:00","2609","2514"
"23.01.2015 16:00 - 23.01.2015 17:00","2631","2616"
"23.01.2015 17:00 - 23.01.2015 18:00","3023","3129"
"23.01.2015 18:00 - 23.01.2015 19:00","3056","3059"
"23.01.2015 19:00 - 23.01.2015 20:00","2835","2836"
"23.01.2015 20:00 - 23.01.2015 21:00","2654","2646"
"23.01.2015 21:00 - 23.01.2015 22:00","2500","2523"
"23.01.2015 22:00 - 23.01.2015 23:00","2370","2375"
"23.01.2015 23:00 - 24.01.2015 00:00","2210","2261"
"24.01.2015 00:00 - 24.01.2015 01:00","2125","2143"
"24.01.2015 01:00 - 24.01.2015 02:00","2047","2068"
"24.01.2015 02:00 - 24.01.2015 03:00","1993","2018"
"24.01.2015 03:00 - 24.01.2015 04:00","1957","1991"
"24.01.2015 04:00 - 24.01.2015 05:00","1982","1999"
"24.01.2015 05:00 - 24.01.2015 06:00","2029","2038"
"24.01.2015 06:00 - 24.01.2015 07:00","2160","2216"
"24.01.2015 07:00 - 24.01.2015 08:00","2414","2428"
"24.01.2015 08:00 - 24.01.2015 09:00","2597","2578"
"24.01.2015 09:00 - 24.01.2015 10:00","2695","2686"
"24.01.2015 10:00 - 24.01.2015 11:00","2744","2708"
"24.01.2015 11:00 - 24.01.2015 12:00","2666","2635"
"24.01.2015 12:00 - 24.01.2015 13:00","2564","2548"
"24.01.2015 13:00 - 24.01.2015 14:00","2477","2470"
"24.01.2015 14:00 - 24.01.2015 15:00","2399","2359"
"24.01.2015 15:00 - 24.01.2015 16:00","2353","2309"
"24.01.2015 16:00 - 24.01.2015 17:00","2445","2419"
"24.01.2015 17:00 - 24.01.2015 18:00","2778","2804"
"24.01.2015 18:00 - 24.01.2015 19:00","2780","2788"
"24.01.2015 19:00 - 24.01.2015 20:00","2521","2531"
"24.01.2015 20:00 - 24.01.2015 21:00","2348","2348"
"24.01.2015 21:00 - 24.01.2015 22:00","2248","2241"
"24.01.2015 22:00 - 24.01.2015 23:00","2119","2106"
"24.01.2015 23:00 - 25.01.2015 00:00","1980","1989"
"25.01.2015 00:00 - 25.01.2015 01:00","1848","1872"
"25.01.2015 01:00 - 25.01.2015 02:00","1744","1811"
"25.01.2015 02:00 - 25.01.2015 03:00","1771","1813"
"25.01.2015 03:00 - 25.01.2015 04:00","1775","1761"
"25.01.2015 04:00 - 25.01.2015 05:00","1753","1820"
"25.01.2015 05:00 - 25.01.2015 06:00","1802","1879"
"25.01.2015 06:00 - 25.01.2015 07:00","1955","1956"
"25.01.2015 07:00 - 25.01.2015 08:00","2106","2115"
"25.01.2015 08:00 - 25.01.2015 09:00","2278","2275"
"25.01.2015 09:00 - 25.01.2015 10:00","2380","2369"
"25.01.2015 10:00 - 25.01.2015 11:00","2387","2353"
"25.01.2015 11:00 - 25.01.2015 12:00","2374","2339"
"25.01.2015 12:00 - 25.01.2015 13:00","2338","2308"
"25.01.2015 13:00 - 25.01.2015 14:00","2286","2264"
"25.01.2015 14:00 - 25.01.2015 15:00","2270","2233"
"25.01.2015 15:00 - 25.01.2015 16:00","2270","2276"
"25.01.2015 16:00 - 25.01.2015 17:00","2431","2427"
"25.01.2015 17:00 - 25.01.2015 18:00","2749","2864"
"25.01.2015 18:00 - 25.01.2015 19:00","2830","2808"
"25.01.2015 19:00 - 25.01.2015 20:00","2636","2631"
"25.01.2015 20:00 - 25.01.2015 21:00","2448","2417"
"25.01.2015 21:00 - 25.01.2015 22:00","2283","2259"
"25.01.2015 22:00 - 25.01.2015 23:00","2102","2074"
"25.01.2015 23:00 - 26.01.2015 00:00","1959","1929"
"26.01.2015 00:00 - 26.01.2015 01:00","1881","1824"
"26.01.2015 01:00 - 26.01.2015 02:00","1796","1787"
"26.01.2015 02:00 - 26.01.2015 03:00","1799","1789"
"26.01.2015 03:00 - 26.01.2015 04:00","1821","1831"
"26.01.2015 04:00 - 26.01.2015 05:00","1889","1913"
"26.01.2015 05:00 - 26.01.2015 06:00","2061","2055"
"26.01.2015 06:00 - 26.01.2015 07:00","2510","2504"
"26.01.2015 07:00 - 26.01.2015 08:00","3056","3050"
"26.01.2015 08:00 - 26.01.2015 09:00","3206","3228"
"26.01.2015 09:00 - 26.01.2015 10:00","3211","3226"
"26.01.2015 10:00 - 26.01.2015 11:00","3271","3311"
"26.01.2015 11:00 - 26.01.2015 12:00","3292","3300"
"26.01.2015 12:00 - 26.01.2015 13:00","3206","3241"
"26.01.2015 13:00 - 26.01.2015 14:00","3225","3238"
"26.01.2015 14:00 - 26.01.2015 15:00","3154","3140"
"26.01.2015 15:00 - 26.01.2015 16:00","3033","3015"
"26.01.2015 16:00 - 26.01.2015 17:00","3037","2988"
"26.01.2015 17:00 - 26.01.2015 18:00","3322","3289"
"26.01.2015 18:00 - 26.01.2015 19:00","3153","3149"
"26.01.2015 19:00 - 26.01.2015 20:00","2927","2899"
"26.01.2015 20:00 - 26.01.2015 21:00","2681","2698"
"26.01.2015 21:00 - 26.01.2015 22:00","2473","2489"
"26.01.2015 22:00 - 26.01.2015 23:00","2274","2326"
"26.01.2015 23:00 - 27.01.2015 00:00","2083","2161"
"27.01.2015 00:00 - 27.01.2015 01:00","2019","2003"
"27.01.2015 01:00 - 27.01.2015 02:00","1949","1983"
"27.01.2015 02:00 - 27.01.2015 03:00","1951","1974"
"27.01.2015 03:00 - 27.01.2015 04:00","1991","1998"
"27.01.2015 04:00 - 27.01.2015 05:00","2018","2017"
"27.01.2015 05:00 - 27.01.2015 06:00","2184","2208"
"27.01.2015 06:00 - 27.01.2015 07:00","2624","2648"
"27.01.2015 07:00 - 27.01.2015 08:00","3110","3072"
"27.01.2015 08:00 - 27.01.2015 09:00","3180","3195"
"27.01.2015 09:00 - 27.01.2015 10:00","3156","3158"
"27.01.2015 10:00 - 27.01.2015 11:00","3183","3158"
"27.01.2015 11:00 - 27.01.2015 12:00","3081","3081"
"27.01.2015 12:00 - 27.01.2015 13:00","2974","2982"
"27.01.2015 13:00 - 27.01.2015 14:00","2970","2999"
"27.01.2015 14:00 - 27.01.2015 15:00","2928","2900"
"27.01.2015 15:00 - 27.01.2015 16:00","2826","2813"
"27.01.2015 16:00 - 27.01.2015 17:00","2874","2867"
"27.01.2015 17:00 - 27.01.2015 18:00","3210","3234"
"27.01.2015 18:00 - 27.01.2015 19:00","3140","3148"
"27.01.2015 19:00 - 27.01.2015 20:00","2960","2933"
"27.01.2015 20:00 - 27.01.2015 21:00","2728","2720"
"27.01.2015 21:00 - 27.01.2015 22:00","2521","2515"
"27.01.2015 22:00 - 27.01.2015 23:00","2299","2307"
"27.01.2015 23:00 - 28.01.2015 00:00","2090","2071"
"28.01.2015 00:00 - 28.01.2015 01:00","1929","1930"
"28.01.2015 01:00 - 28.01.2015 02:00","1881","1882"
"28.01.2015 02:00 - 28.01.2015 03:00","1860","1884"
"28.01.2015 03:00 - 28.01.2015 04:00","1879","1891"
"28.01.2015 04:00 - 28.01.2015 05:00","1921","1966"
"28.01.2015 05:00 - 28.01.2015 06:00","2120","2114"
"28.01.2015 06:00 - 28.01.2015 07:00","2578","2567"
"28.01.2015 07:00 - 28.01.2015 08:00","3096","3071"
"28.01.2015 08:00 - 28.01.2015 09:00","3221","3249"
"28.01.2015 09:00 - 28.01.2015 10:00","3194","3217"
"28.01.2015 10:00 - 28.01.2015 11:00","3223","3181"
"28.01.2015 11:00 - 28.01.2015 12:00","3187","3248"
"28.01.2015 12:00 - 28.01.2015 13:00","3145","3200"
"28.01.2015 13:00 - 28.01.2015 14:00","3211","3254"
"28.01.2015 14:00 - 28.01.2015 15:00","3192","3214"
"28.01.2015 15:00 - 28.01.2015 16:00","3092","3135"
"28.01.2015 16:00 - 28.01.2015 17:00","3160","3167"
"28.01.2015 17:00 - 28.01.2015 18:00","3454","3418"
"28.01.2015 18:00 - 28.01.2015 19:00","3294","3277"
"28.01.2015 19:00 - 28.01.2015 20:00","3019","3014"
"28.01.2015 20:00 - 28.01.2015 21:00","2794","2807"
"28.01.2015 21:00 - 28.01.2015 22:00","2683","2673"
"28.01.2015 22:00 - 28.01.2015 23:00","2451","2448"
"28.01.2015 23:00 - 29.01.2015 00:00","2210","2194"
"29.01.2015 00:00 - 29.01.2015 01:00","2057","2073"
"29.01.2015 01:00 - 29.01.2015 02:00","2007","2030"
"29.01.2015 02:00 - 29.01.2015 03:00","2002","2025"
"29.01.2015 03:00 - 29.01.2015 04:00","2046","2080"
"29.01.2015 04:00 - 29.01.2015 05:00","2093","2050"
"29.01.2015 05:00 - 29.01.2015 06:00","2191","2208"
"29.01.2015 06:00 - 29.01.2015 07:00","2677","2793"
"29.01.2015 07:00 - 29.01.2015 08:00","3283","3300"
"29.01.2015 08:00 - 29.01.2015 09:00","3167","3162"
"29.01.2015 09:00 - 29.01.2015 10:00","3151","3166"
"29.01.2015 10:00 - 29.01.2015 11:00","3196","3208"
"29.01.2015 11:00 - 29.01.2015 12:00","3179","3193"
"29.01.2015 12:00 - 29.01.2015 13:00","3097","3103"
"29.01.2015 13:00 - 29.01.2015 14:00","3105","3078"
"29.01.2015 14:00 - 29.01.2015 15:00","3054","3078"
"29.01.2015 15:00 - 29.01.2015 16:00","3052","3132"
"29.01.2015 16:00 - 29.01.2015 17:00","3065","3018"
"29.01.2015 17:00 - 29.01.2015 18:00","3367","3381"
"29.01.2015 18:00 - 29.01.2015 19:00","3267","3244"
"29.01.2015 19:00 - 29.01.2015 20:00","3047","3071"
"29.01.2015 20:00 - 29.01.2015 21:00","2880","2908"
"29.01.2015 21:00 - 29.01.2015 22:00","2731","2741"
"29.01.2015 22:00 - 29.01.2015 23:00","2532","2480"
"29.01.2015 23:00 - 30.01.2015 00:00","2294","2275"
"30.01.2015 00:00 - 30.01.2015 01:00","2110","2127"
"30.01.2015 01:00 - 30.01.2015 02:00","2031","2084"
"30.01.2015 02:00 - 30.01.2015 03:00","2039","2065"
"30.01.2015 03:00 - 30.01.2015 04:00","2044","2060"
"30.01.2015 04:00 - 30.01.2015 05:00","2106","2124"
"30.01.2015 05:00 - 30.01.2015 06:00","2276","2286"
"30.01.2015 06:00 - 30.01.2015 07:00","2715","2720"
"30.01.2015 07:00 - 30.01.2015 08:00","3211","3222"
"30.01.2015 08:00 - 30.01.2015 09:00","3345","3355"
"30.01.2015 09:00 - 30.01.2015 10:00","3302","3236"
"30.01.2015 10:00 - 30.01.2015 11:00","3256","3215"
"30.01.2015 11:00 - 30.01.2015 12:00","3166","3179"
"30.01.2015 12:00 - 30.01.2015 13:00","3042","3040"
"30.01.2015 13:00 - 30.01.2015 14:00","2956","2960"
"30.01.2015 14:00 - 30.01.2015 15:00","2808","2798"
"30.01.2015 15:00 - 30.01.2015 16:00","2708","2699"
"30.01.2015 16:00 - 30.01.2015 17:00","2775","2756"
"30.01.2015 17:00 - 30.01.2015 18:00","3077","3076"
"30.01.2015 18:00 - 30.01.2015 19:00","3001","3038"
"30.01.2015 19:00 - 30.01.2015 20:00","2792","2778"
"30.01.2015 20:00 - 30.01.2015 21:00","2583","2584"
"30.01.2015 21:00 - 30.01.2015 22:00","2419","2415"
"30.01.2015 22:00 - 30.01.2015 23:00","2252","2256"
"30.01.2015 23:00 - 31.01.2015 00:00","2084","2095"
"31.01.2015 00:00 - 31.01.2015 01:00","1962","1953"
"31.01.2015 01:00 - 31.01.2015 02:00","1876","1863"
"31.01.2015 02:00 - 31.01.2015 03:00","1831","1822"
"31.01.2015 03:00 - 31.01.2015 04:00","1816","1825"
"31.01.2015 04:00 - 31.01.2015 05:00","1833","1840"
"31.01.2015 05:00 - 31.01.2015 06:00","1906","1918"
"31.01.2015 06:00 - 31.01.2015 07:00","2064","2069"
"31.01.2015 07:00 - 31.01.2015 08:00","2294","2305"
"31.01.2015 08:00 - 31.01.2015 09:00","2481","2483"
"31.01.2015 09:00 - 31.01.2015 10:00","2588","2592"
"31.01.2015 10:00 - 31.01.2015 11:00","2614","2602"
"31.01.2015 11:00 - 31.01.2015 12:00","2571","2533"
"31.01.2015 12:00 - 31.01.2015 13:00","2485","2452"
"31.01.2015 13:00 - 31.01.2015 14:00","2405","2401"
"31.01.2015 14:00 - 31.01.2015 15:00","2379","2355"
"31.01.2015 15:00 - 31.01.2015 16:00","2371","2350"
"31.01.2015 16:00 - 31.01.2015 17:00","2483","2462"
"31.01.2015 17:00 - 31.01.2015 18:00","2822","2790"
"31.01.2015 18:00 - 31.01.2015 19:00","2773","2766"
"31.01.2015 19:00 - 31.01.2015 20:00","2546","2556"
"31.01.2015 20:00 - 31.01.2015 21:00","2393","2403"
"31.01.2015 21:00 - 31.01.2015 22:00","2269","2291"
"31.01.2015 22:00 - 31.01.2015 23:00","2159","2155"
"31.01.2015 23:00 - 01.02.2015 00:00","2017","2037"
"01.02.2015 00:00 - 01.02.2015 01:00","1890","1899"
"01.02.2015 01:00 - 01.02.2015 02:00","1798","1815"
"01.02.2015 02:00 - 01.02.2015 03:00","1770","1779"
"01.02.2015 03:00 - 01.02.2015 04:00","1769","1796"
"01.02.2015 04:00 - 01.02.2015 05:00","1793","1803"
"01.02.2015 05:00 - 01.02.2015 06:00","1841","1829"
"01.02.2015 06:00 - 01.02.2015 07:00","1930","1947"
"01.02.2015 07:00 - 01.02.2015 08:00","2111","2109"
"01.02.2015 08:00 - 01.02.2015 09:00","2268","2275"
"01.02.2015 09:00 - 01.02.2015 10:00","2404","2388"
"01.02.2015 10:00 - 01.02.2015 11:00","2450","2441"
"01.02.2015 11:00 - 01.02.2015 12:00","2433","2433"
"01.02.2015 12:00 - 01.02.2015 13:00","2400","2420"
"01.02.2015 13:00 - 01.02.2015 14:00","2411","2405"
"01.02.2015 14:00 - 01.02.2015 15:00","2393","2364"
"01.02.2015 15:00 - 01.02.2015 16:00","2376","2364"
"01.02.2015 16:00 - 01.02.2015 17:00","2484","2462"
"01.02.2015 17:00 - 01.02.2015 18:00","2815","2863"
"01.02.2015 18:00 - 01.02.2015 19:00","2825","2844"
"01.02.2015 19:00 - 01.02.2015 20:00","2687","2687"
"01.02.2015 20:00 - 01.02.2015 21:00","2498","2479"
"01.02.2015 21:00 - 01.02.2015 22:00","2329","2362"
"01.02.2015 22:00 - 01.02.2015 23:00","2180","2207"
"01.02.2015 23:00 - 02.02.2015 00:00","2020","2103"
"02.02.2015 00:00 - 02.02.2015 01:00","1998","1995"
"02.02.2015 01:00 - 02.02.2015 02:00","1925","1918"
"02.02.2015 02:00 - 02.02.2015 03:00","1883","1885"
"02.02.2015 03:00 - 02.02.2015 04:00","1933","1943"
"02.02.2015 04:00 - 02.02.2015 05:00","2003","2007"
"02.02.2015 05:00 - 02.02.2015 06:00","2147","2141"
"02.02.2015 06:00 - 02.02.2015 07:00","2596","2592"
"02.02.2015 07:00 - 02.02.2015 08:00","3109","3088"
"02.02.2015 08:00 - 02.02.2015 09:00","3208","3203"
"02.02.2015 09:00 - 02.02.2015 10:00","3180","3203"
"02.02.2015 10:00 - 02.02.2015 11:00","3225","3241"
"02.02.2015 11:00 - 02.02.2015 12:00","3196","3204"
"02.02.2015 12:00 - 02.02.2015 13:00","3105","3108"
"02.02.2015 13:00 - 02.02.2015 14:00","3107","3119"
"02.02.2015 14:00 - 02.02.2015 15:00","3035","3046"
"02.02.2015 15:00 - 02.02.2015 16:00","2936","2940"
"02.02.2015 16:00 - 02.02.2015 17:00","2949","2924"
"02.02.2015 17:00 - 02.02.2015 18:00","3298","3274"
"02.02.2015 18:00 - 02.02.2015 19:00","3227","3206"
"02.02.2015 19:00 - 02.02.2015 20:00","3016","3007"
"02.02.2015 20:00 - 02.02.2015 21:00","2801","2807"
"02.02.2015 21:00 - 02.02.2015 22:00","2624","2612"
"02.02.2015 22:00 - 02.02.2015 23:00","2392","2381"
"02.02.2015 23:00 - 03.02.2015 00:00","2175","2214"
"03.02.2015 00:00 - 03.02.2015 01:00","2054","2085"
"03.02.2015 01:00 - 03.02.2015 02:00","2005","1999"
"03.02.2015 02:00 - 03.02.2015 03:00","1960","1957"
"03.02.2015 03:00 - 03.02.2015 04:00","1961","1958"
"03.02.2015 04:00 - 03.02.2015 05:00","1985","1984"
"03.02.2015 05:00 - 03.02.2015 06:00","2192","2191"
"03.02.2015 06:00 - 03.02.2015 07:00","2666","2644"
"03.02.2015 07:00 - 03.02.2015 08:00","3180","3152"
"03.02.2015 08:00 - 03.02.2015 09:00","3266","3273"
"03.02.2015 09:00 - 03.02.2015 10:00","3241","3241"
"03.02.2015 10:00 - 03.02.2015 11:00","3266","3278"
"03.02.2015 11:00 - 03.02.2015 12:00","3241","3244"
"03.02.2015 12:00 - 03.02.2015 13:00","3147","3167"
"03.02.2015 13:00 - 03.02.2015 14:00","3138","3114"
"03.02.2015 14:00 - 03.02.2015 15:00","3046","3055"
"03.02.2015 15:00 - 03.02.2015 16:00","2938","2968"
"03.02.2015 16:00 - 03.02.2015 17:00","2991","2977"
"03.02.2015 17:00 - 03.02.2015 18:00","3329","3320"
"03.02.2015 18:00 - 03.02.2015 19:00","3258","3245"
"03.02.2015 19:00 - 03.02.2015 20:00","3036","3017"
"03.02.2015 20:00 - 03.02.2015 21:00","2810","2840"
"03.02.2015 21:00 - 03.02.2015 22:00","2626","2652"
"03.02.2015 22:00 - 03.02.2015 23:00","2408","2439"
"03.02.2015 23:00 - 04.02.2015 00:00","2176","2235"
"04.02.2015 00:00 - 04.02.2015 01:00","2093","2082"
"04.02.2015 01:00 - 04.02.2015 02:00","2016","2036"
"04.02.2015 02:00 - 04.02.2015 03:00","2007","2017"
"04.02.2015 03:00 - 04.02.2015 04:00","2018","2031"
"04.02.2015 04:00 - 04.02.2015 05:00","2073","2098"
"04.02.2015 05:00 - 04.02.2015 06:00","2261","2254"
"04.02.2015 06:00 - 04.02.2015 07:00","2706","2702"
"04.02.2015 07:00 - 04.02.2015 08:00","3221","3222"
"04.02.2015 08:00 - 04.02.2015 09:00","3312","3310"
"04.02.2015 09:00 - 04.02.2015 10:00","3271","3264"
"04.02.2015 10:00 - 04.02.2015 11:00","3287","3298"
"04.02.2015 11:00 - 04.02.2015 12:00","3258","3247"
"04.02.2015 12:00 - 04.02.2015 13:00","3156","3169"
"04.02.2015 13:00 - 04.02.2015 14:00","3187","3195"
"04.02.2015 14:00 - 04.02.2015 15:00","3135","3143"
"04.02.2015 15:00 - 04.02.2015 16:00","3037","3034"
"04.02.2015 16:00 - 04.02.2015 17:00","3052","3043"
"04.02.2015 17:00 - 04.02.2015 18:00","3367","3348"
"04.02.2015 18:00 - 04.02.2015 19:00","3274","3274"
"04.02.2015 19:00 - 04.02.2015 20:00","3065","3062"
"04.02.2015 20:00 - 04.02.2015 21:00","2854","2863"
"04.02.2015 21:00 - 04.02.2015 22:00","2664","2679"
"04.02.2015 22:00 - 04.02.2015 23:00","2437","2459"
"04.02.2015 23:00 - 05.02.2015 00:00","2209","2250"
"05.02.2015 00:00 - 05.02.2015 01:00","2070","2079"
"05.02.2015 01:00 - 05.02.2015 02:00","2023","2045"
"05.02.2015 02:00 - 05.02.2015 03:00","2007","2011"
"05.02.2015 03:00 - 05.02.2015 04:00","2024","2014"
"05.02.2015 04:00 - 05.02.2015 05:00","2102","2065"
"05.02.2015 05:00 - 05.02.2015 06:00","2246","2246"
"05.02.2015 06:00 - 05.02.2015 07:00","2697","2670"
"05.02.2015 07:00 - 05.02.2015 08:00","3199","3167"
"05.02.2015 08:00 - 05.02.2015 09:00","3294","3299"
"05.02.2015 09:00 - 05.02.2015 10:00","3261","3239"
"05.02.2015 10:00 - 05.02.2015 11:00","3285","3265"
"05.02.2015 11:00 - 05.02.2015 12:00","3241","3245"
"05.02.2015 12:00 - 05.02.2015 13:00","3130","3099"
"05.02.2015 13:00 - 05.02.2015 14:00","3115","3086"
"05.02.2015 14:00 - 05.02.2015 15:00","3051","2986"
"05.02.2015 15:00 - 05.02.2015 16:00","2894","2878"
"05.02.2015 16:00 - 05.02.2015 17:00","2913","2924"
"05.02.2015 17:00 - 05.02.2015 18:00","3266","3246"
"05.02.2015 18:00 - 05.02.2015 19:00","3224","3238"
"05.02.2015 19:00 - 05.02.2015 20:00","3046","3062"
"05.02.2015 20:00 - 05.02.2015 21:00","2833","2860"
"05.02.2015 21:00 - 05.02.2015 22:00","2632","2667"
"05.02.2015 22:00 - 05.02.2015 23:00","2396","2471"
"05.02.2015 23:00 - 06.02.2015 00:00","2164","2262"
"06.02.2015 00:00 - 06.02.2015 01:00","2157","2184"
"06.02.2015 01:00 - 06.02.2015 02:00","2119","2119"
"06.02.2015 02:00 - 06.02.2015 03:00","2073","2083"
"06.02.2015 03:00 - 06.02.2015 04:00","2071","2058"
"06.02.2015 04:00 - 06.02.2015 05:00","2123","2123"
"06.02.2015 05:00 - 06.02.2015 06:00","2277","2274"
"06.02.2015 06:00 - 06.02.2015 07:00","2709","2675"
"06.02.2015 07:00 - 06.02.2015 08:00","3155","3104"
"06.02.2015 08:00 - 06.02.2015 09:00","3210","3190"
"06.02.2015 09:00 - 06.02.2015 10:00","3174","3152"
"06.02.2015 10:00 - 06.02.2015 11:00","3194","3151"
"06.02.2015 11:00 - 06.02.2015 12:00","3104","3072"
"06.02.2015 12:00 - 06.02.2015 13:00","2921","2888"
"06.02.2015 13:00 - 06.02.2015 14:00","2823","2812"
"06.02.2015 14:00 - 06.02.2015 15:00","2713","2694"
"06.02.2015 15:00 - 06.02.2015 16:00","2649","2657"
"06.02.2015 16:00 - 06.02.2015 17:00","2721","2711"
"06.02.2015 17:00 - 06.02.2015 18:00","3033","3017"
"06.02.2015 18:00 - 06.02.2015 19:00","3004","2985"
"06.02.2015 19:00 - 06.02.2015 20:00","2737","2726"
"06.02.2015 20:00 - 06.02.2015 21:00","2518","2510"
"06.02.2015 21:00 - 06.02.2015 22:00","2356","2342"
"06.02.2015 22:00 - 06.02.2015 23:00","2213","2170"
"06.02.2015 23:00 - 07.02.2015 00:00","2076","2007"
"07.02.2015 00:00 - 07.02.2015 01:00","1849","1879"
"07.02.2015 01:00 - 07.02.2015 02:00","1800","1811"
"07.02.2015 02:00 - 07.02.2015 03:00","1769","1809"
"07.02.2015 03:00 - 07.02.2015 04:00","1777","1790"
"07.02.2015 04:00 - 07.02.2015 05:00","1797","1802"
"07.02.2015 05:00 - 07.02.2015 06:00","1841","1870"
"07.02.2015 06:00 - 07.02.2015 07:00","2014","2060"
"07.02.2015 07:00 - 07.02.2015 08:00","2253","2238"
"07.02.2015 08:00 - 07.02.2015 09:00","2413","2388"
"07.02.2015 09:00 - 07.02.2015 10:00","2509","2515"
"07.02.2015 10:00 - 07.02.2015 11:00","2556","2562"
"07.02.2015 11:00 - 07.02.2015 12:00","2547","2613"
"07.02.2015 12:00 - 07.02.2015 13:00","2539","2554"
"07.02.2015 13:00 - 07.02.2015 14:00","2489","2490"
"07.02.2015 14:00 - 07.02.2015 15:00","2456","2479"
"07.02.2015 15:00 - 07.02.2015 16:00","2460","2469"
"07.02.2015 16:00 - 07.02.2015 17:00","2545","2557"
"07.02.2015 17:00 - 07.02.2015 18:00","2887","2872"
"07.02.2015 18:00 - 07.02.2015 19:00","2875","2869"
"07.02.2015 19:00 - 07.02.2015 20:00","2641","2654"
"07.02.2015 20:00 - 07.02.2015 21:00","2487","2509"
"07.02.2015 21:00 - 07.02.2015 22:00","2365","2375"
"07.02.2015 22:00 - 07.02.2015 23:00","2240","2247"
"07.02.2015 23:00 - 08.02.2015 00:00","2085","2103"
"08.02.2015 00:00 - 08.02.2015 01:00","1934","1995"
"08.02.2015 01:00 - 08.02.2015 02:00","1980","1977"
"08.02.2015 02:00 - 08.02.2015 03:00","1904","1935"
"08.02.2015 03:00 - 08.02.2015 04:00","1895","1927"
"08.02.2015 04:00 - 08.02.2015 05:00","1908","1927"
"08.02.2015 05:00 - 08.02.2015 06:00","1948","1958"
"08.02.2015 06:00 - 08.02.2015 07:00","2033","2020"
"08.02.2015 07:00 - 08.02.2015 08:00","2176","2133"
"08.02.2015 08:00 - 08.02.2015 09:00","2271","2245"
"08.02.2015 09:00 - 08.02.2015 10:00","2324","2316"
"08.02.2015 10:00 - 08.02.2015 11:00","2341","2301"
"08.02.2015 11:00 - 08.02.2015 12:00","2300","2315"
"08.02.2015 12:00 - 08.02.2015 13:00","2298","2349"
"08.02.2015 13:00 - 08.02.2015 14:00","2306","2282"
"08.02.2015 14:00 - 08.02.2015 15:00","2269","2253"
"08.02.2015 15:00 - 08.02.2015 16:00","2233","2238"
"08.02.2015 16:00 - 08.02.2015 17:00","2352","2346"
"08.02.2015 17:00 - 08.02.2015 18:00","2716","2724"
"08.02.2015 18:00 - 08.02.2015 19:00","2770","2769"
"08.02.2015 19:00 - 08.02.2015 20:00","2588","2604"
"08.02.2015 20:00 - 08.02.2015 21:00","2459","2451"
"08.02.2015 21:00 - 08.02.2015 22:00","2335","2358"
"08.02.2015 22:00 - 08.02.2015 23:00","2197","2207"
"08.02.2015 23:00 - 09.02.2015 00:00","2048","2064"
"09.02.2015 00:00 - 09.02.2015 01:00","1937","1967"
"09.02.2015 01:00 - 09.02.2015 02:00","1894","1917"
"09.02.2015 02:00 - 09.02.2015 03:00","1905","1927"
"09.02.2015 03:00 - 09.02.2015 04:00","1908","1949"
"09.02.2015 04:00 - 09.02.2015 05:00","1980","2026"
"09.02.2015 05:00 - 09.02.2015 06:00","2166","2176"
"09.02.2015 06:00 - 09.02.2015 07:00","2582","2559"
"09.02.2015 07:00 - 09.02.2015 08:00","3007","3011"
"09.02.2015 08:00 - 09.02.2015 09:00","3119","3131"
"09.02.2015 09:00 - 09.02.2015 10:00","3121","3117"
"09.02.2015 10:00 - 09.02.2015 11:00","3135","3112"
"09.02.2015 11:00 - 09.02.2015 12:00","3090","3079"
"09.02.2015 12:00 - 09.02.2015 13:00","2982","2976"
"09.02.2015 13:00 - 09.02.2015 14:00","2997","2965"
"09.02.2015 14:00 - 09.02.2015 15:00","2911","2860"
"09.02.2015 15:00 - 09.02.2015 16:00","2739","2713"
"09.02.2015 16:00 - 09.02.2015 17:00","2730","2666"
"09.02.2015 17:00 - 09.02.2015 18:00","3000","2962"
"09.02.2015 18:00 - 09.02.2015 19:00","2983","2983"
"09.02.2015 19:00 - 09.02.2015 20:00","2798","2784"
"09.02.2015 20:00 - 09.02.2015 21:00","2601","2593"
"09.02.2015 21:00 - 09.02.2015 22:00","2421","2425"
"09.02.2015 22:00 - 09.02.2015 23:00","2243","2234"
"09.02.2015 23:00 - 10.02.2015 00:00","2077","2077"
"10.02.2015 00:00 - 10.02.2015 01:00","1997","1994"
"10.02.2015 01:00 - 10.02.2015 02:00","1937","1915"
"10.02.2015 02:00 - 10.02.2015 03:00","1901","1918"
"10.02.2015 03:00 - 10.02.2015 04:00","1916","1913"
"10.02.2015 04:00 - 10.02.2015 05:00","1974","1988"
"10.02.2015 05:00 - 10.02.2015 06:00","2144","2148"
"10.02.2015 06:00 - 10.02.2015 07:00","2525","2509"
"10.02.2015 07:00 - 10.02.2015 08:00","2913","2953"
"10.02.2015 08:00 - 10.02.2015 09:00","3074","3111"
"10.02.2015 09:00 - 10.02.2015 10:00","3089","3101"
"10.02.2015 10:00 - 10.02.2015 11:00","3103","3081"
"10.02.2015 11:00 - 10.02.2015 12:00","3064","3071"
"10.02.2015 12:00 - 10.02.2015 13:00","2966","2942"
"10.02.2015 13:00 - 10.02.2015 14:00","2937","2938"
"10.02.2015 14:00 - 10.02.2015 15:00","2875","2854"
"10.02.2015 15:00 - 10.02.2015 16:00","2759","2734"
"10.02.2015 16:00 - 10.02.2015 17:00","2743","2713"
"10.02.2015 17:00 - 10.02.2015 18:00","2976","2949"
"10.02.2015 18:00 - 10.02.2015 19:00","2985","3009"
"10.02.2015 19:00 - 10.02.2015 20:00","2846","2797"
"10.02.2015 20:00 - 10.02.2015 21:00","2624","2594"
"10.02.2015 21:00 - 10.02.2015 22:00","2460","2458"
"10.02.2015 22:00 - 10.02.2015 23:00","2295","2302"
"10.02.2015 23:00 - 11.02.2015 00:00","2113","2127"
"11.02.2015 00:00 - 11.02.2015 01:00","2005","1989"
"11.02.2015 01:00 - 11.02.2015 02:00","1932","1913"
"11.02.2015 02:00 - 11.02.2015 03:00","1896","1877"
"11.02.2015 03:00 - 11.02.2015 04:00","1915","1876"
"11.02.2015 04:00 - 11.02.2015 05:00","1927","1908"
"11.02.2015 05:00 - 11.02.2015 06:00","2101","2062"
"11.02.2015 06:00 - 11.02.2015 07:00","2455","2412"
"11.02.2015 07:00 - 11.02.2015 08:00","2827","2864"
"11.02.2015 08:00 - 11.02.2015 09:00","2991","3037"
"11.02.2015 09:00 - 11.02.2015 10:00","3030","3061"
"11.02.2015 10:00 - 11.02.2015 11:00","3092","3118"
"11.02.2015 11:00 - 11.02.2015 12:00","3079","3086"
"11.02.2015 12:00 - 11.02.2015 13:00","2978","2964"
"11.02.2015 13:00 - 11.02.2015 14:00","2980","2990"
"11.02.2015 14:00 - 11.02.2015 15:00","2918","2926"
"11.02.2015 15:00 - 11.02.2015 16:00","2817","2837"
"11.02.2015 16:00 - 11.02.2015 17:00","2837","2852"
"11.02.2015 17:00 - 11.02.2015 18:00","3113","3108"
"11.02.2015 18:00 - 11.02.2015 19:00","3087","3064"
"11.02.2015 19:00 - 11.02.2015 20:00","2886","2844"
"11.02.2015 20:00 - 11.02.2015 21:00","2662","2608"
"11.02.2015 21:00 - 11.02.2015 22:00","2458","2434"
"11.02.2015 22:00 - 11.02.2015 23:00","2299","2260"
"11.02.2015 23:00 - 12.02.2015 00:00","2134","2076"
"12.02.2015 00:00 - 12.02.2015 01:00","1921","1929"
"12.02.2015 01:00 - 12.02.2015 02:00","1862","1872"
"12.02.2015 02:00 - 12.02.2015 03:00","1840","1829"
"12.02.2015 03:00 - 12.02.2015 04:00","1846","1846"
"12.02.2015 04:00 - 12.02.2015 05:00","1906","1899"
"12.02.2015 05:00 - 12.02.2015 06:00","2064","2059"
"12.02.2015 06:00 - 12.02.2015 07:00","2438","2417"
"12.02.2015 07:00 - 12.02.2015 08:00","2873","2889"
"12.02.2015 08:00 - 12.02.2015 09:00","3020","3038"
"12.02.2015 09:00 - 12.02.2015 10:00","3065","3091"
"12.02.2015 10:00 - 12.02.2015 11:00","3125","3143"
"12.02.2015 11:00 - 12.02.2015 12:00","3116","3151"
"12.02.2015 12:00 - 12.02.2015 13:00","3024","3096"
"12.02.2015 13:00 - 12.02.2015 14:00","3006","3061"
"12.02.2015 14:00 - 12.02.2015 15:00","2936","3015"
"12.02.2015 15:00 - 12.02.2015 16:00","2877","2897"
"12.02.2015 16:00 - 12.02.2015 17:00","2860","2864"
"12.02.2015 17:00 - 12.02.2015 18:00","3126","3105"
"12.02.2015 18:00 - 12.02.2015 19:00","3065","3044"
"12.02.2015 19:00 - 12.02.2015 20:00","2854","2838"
"12.02.2015 20:00 - 12.02.2015 21:00","2669","2643"
"12.02.2015 21:00 - 12.02.2015 22:00","2493","2483"
"12.02.2015 22:00 - 12.02.2015 23:00","2311","2297"
"12.02.2015 23:00 - 13.02.2015 00:00","2143","2101"
"13.02.2015 00:00 - 13.02.2015 01:00","1947","1950"
"13.02.2015 01:00 - 13.02.2015 02:00","1911","1896"
"13.02.2015 02:00 - 13.02.2015 03:00","1874","1870"
"13.02.2015 03:00 - 13.02.2015 04:00","1858","1876"
"13.02.2015 04:00 - 13.02.2015 05:00","1926","1931"
"13.02.2015 05:00 - 13.02.2015 06:00","2071","2077"
"13.02.2015 06:00 - 13.02.2015 07:00","2474","2424"
"13.02.2015 07:00 - 13.02.2015 08:00","2892","2875"
"13.02.2015 08:00 - 13.02.2015 09:00","3003","3026"
"13.02.2015 09:00 - 13.02.2015 10:00","3039","3083"
"13.02.2015 10:00 - 13.02.2015 11:00","3128","3170"
"13.02.2015 11:00 - 13.02.2015 12:00","3103","3133"
"13.02.2015 12:00 - 13.02.2015 13:00","2963","2943"
"13.02.2015 13:00 - 13.02.2015 14:00","2827","2820"
"13.02.2015 14:00 - 13.02.2015 15:00","2691","2713"
"13.02.2015 15:00 - 13.02.2015 16:00","2639","2650"
"13.02.2015 16:00 - 13.02.2015 17:00","2682","2687"
"13.02.2015 17:00 - 13.02.2015 18:00","2941","2932"
"13.02.2015 18:00 - 13.02.2015 19:00","2957","2946"
"13.02.2015 19:00 - 13.02.2015 20:00","2695","2718"
"13.02.2015 20:00 - 13.02.2015 21:00","2495","2475"
"13.02.2015 21:00 - 13.02.2015 22:00","2322","2339"
"13.02.2015 22:00 - 13.02.2015 23:00","2166","2170"
"13.02.2015 23:00 - 14.02.2015 00:00","2011","2029"
"14.02.2015 00:00 - 14.02.2015 01:00","1930","1930"
"14.02.2015 01:00 - 14.02.2015 02:00","1853","1829"
"14.02.2015 02:00 - 14.02.2015 03:00","1844","1805"
"14.02.2015 03:00 - 14.02.2015 04:00","1846","1792"
"14.02.2015 04:00 - 14.02.2015 05:00","1809","1808"
"14.02.2015 05:00 - 14.02.2015 06:00","1845","1856"
"14.02.2015 06:00 - 14.02.2015 07:00","1969","1972"
"14.02.2015 07:00 - 14.02.2015 08:00","2157","2164"
"14.02.2015 08:00 - 14.02.2015 09:00","2326","2343"
"14.02.2015 09:00 - 14.02.2015 10:00","2458","2488"
"14.02.2015 10:00 - 14.02.2015 11:00","2537","2565"
"14.02.2015 11:00 - 14.02.2015 12:00","2537","2546"
"14.02.2015 12:00 - 14.02.2015 13:00","2465","2476"
"14.02.2015 13:00 - 14.02.2015 14:00","2420","2417"
"14.02.2015 14:00 - 14.02.2015 15:00","2373","2370"
"14.02.2015 15:00 - 14.02.2015 16:00","2345","2337"
"14.02.2015 16:00 - 14.02.2015 17:00","2411","2393"
"14.02.2015 17:00 - 14.02.2015 18:00","2676","2670"
"14.02.2015 18:00 - 14.02.2015 19:00","2729","2752"
"14.02.2015 19:00 - 14.02.2015 20:00","2539","2545"
"14.02.2015 20:00 - 14.02.2015 21:00","2374","2402"
"14.02.2015 21:00 - 14.02.2015 22:00","2249","2263"
"14.02.2015 22:00 - 14.02.2015 23:00","2120","2121"
"14.02.2015 23:00 - 15.02.2015 00:00","1979","1992"
"15.02.2015 00:00 - 15.02.2015 01:00","1863","1863"
"15.02.2015 01:00 - 15.02.2015 02:00","1767","1796"
"15.02.2015 02:00 - 15.02.2015 03:00","1750","1791"
"15.02.2015 03:00 - 15.02.2015 04:00","1772","1795"
"15.02.2015 04:00 - 15.02.2015 05:00","1778","1804"
"15.02.2015 05:00 - 15.02.2015 06:00","1843","1858"
"15.02.2015 06:00 - 15.02.2015 07:00","1953","1981"
"15.02.2015 07:00 - 15.02.2015 08:00","2119","2139"
"15.02.2015 08:00 - 15.02.2015 09:00","2257","2277"
"15.02.2015 09:00 - 15.02.2015 10:00","2380","2411"
"15.02.2015 10:00 - 15.02.2015 11:00","2485","2499"
"15.02.2015 11:00 - 15.02.2015 12:00","2517","2528"
"15.02.2015 12:00 - 15.02.2015 13:00","2482","2511"
"15.02.2015 13:00 - 15.02.2015 14:00","2498","2536"
"15.02.2015 14:00 - 15.02.2015 15:00","2500","2502"
"15.02.2015 15:00 - 15.02.2015 16:00","2457","2464"
"15.02.2015 16:00 - 15.02.2015 17:00","2515","2487"
"15.02.2015 17:00 - 15.02.2015 18:00","2805","2806"
"15.02.2015 18:00 - 15.02.2015 19:00","2876","2864"
"15.02.2015 19:00 - 15.02.2015 20:00","2675","2663"
"15.02.2015 20:00 - 15.02.2015 21:00","2465","2476"
"15.02.2015 21:00 - 15.02.2015 22:00","2337","2338"
"15.02.2015 22:00 - 15.02.2015 23:00","2201","2191"
"15.02.2015 23:00 - 16.02.2015 00:00","2051","2048"
"16.02.2015 00:00 - 16.02.2015 01:00","1920","1956"
"16.02.2015 01:00 - 16.02.2015 02:00","1854","1902"
"16.02.2015 02:00 - 16.02.2015 03:00","1868","1875"
"16.02.2015 03:00 - 16.02.2015 04:00","1875","1869"
"16.02.2015 04:00 - 16.02.2015 05:00","1961","1934"
"16.02.2015 05:00 - 16.02.2015 06:00","2113","2128"
"16.02.2015 06:00 - 16.02.2015 07:00","2562","2569"
"16.02.2015 07:00 - 16.02.2015 08:00","3018","3008"
"16.02.2015 08:00 - 16.02.2015 09:00","3118","3139"
"16.02.2015 09:00 - 16.02.2015 10:00","3117","3141"
"16.02.2015 10:00 - 16.02.2015 11:00","3194","3226"
"16.02.2015 11:00 - 16.02.2015 12:00","3205","3221"
"16.02.2015 12:00 - 16.02.2015 13:00","3130","3187"
"16.02.2015 13:00 - 16.02.2015 14:00","3198","3226"
"16.02.2015 14:00 - 16.02.2015 15:00","3142","3173"
"16.02.2015 15:00 - 16.02.2015 16:00","3034","3059"
"16.02.2015 16:00 - 16.02.2015 17:00","3012","2997"
"16.02.2015 17:00 - 16.02.2015 18:00","3271","3244"
"16.02.2015 18:00 - 16.02.2015 19:00","3244","3197"
"16.02.2015 19:00 - 16.02.2015 20:00","3016","2976"
"16.02.2015 20:00 - 16.02.2015 21:00","2762","2731"
"16.02.2015 21:00 - 16.02.2015 22:00","2542","2534"
"16.02.2015 22:00 - 16.02.2015 23:00","2312","2377"
"16.02.2015 23:00 - 17.02.2015 00:00","2106","2160"
"17.02.2015 00:00 - 17.02.2015 01:00","2022","2026"
"17.02.2015 01:00 - 17.02.2015 02:00","1959","1954"
"17.02.2015 02:00 - 17.02.2015 03:00","1930","1927"
"17.02.2015 03:00 - 17.02.2015 04:00","1939","1921"
"17.02.2015 04:00 - 17.02.2015 05:00","1973","1961"
"17.02.2015 05:00 - 17.02.2015 06:00","2124","2103"
"17.02.2015 06:00 - 17.02.2015 07:00","2504","2533"
"17.02.2015 07:00 - 17.02.2015 08:00","2956","3005"
"17.02.2015 08:00 - 17.02.2015 09:00","3124","3134"
"17.02.2015 09:00 - 17.02.2015 10:00","3149","3153"
"17.02.2015 10:00 - 17.02.2015 11:00","3179","3171"
"17.02.2015 11:00 - 17.02.2015 12:00","3155","3184"
"17.02.2015 12:00 - 17.02.2015 13:00","3098","3116"
"17.02.2015 13:00 - 17.02.2015 14:00","3118","3096"
"17.02.2015 14:00 - 17.02.2015 15:00","3019","2985"
"17.02.2015 15:00 - 17.02.2015 16:00","2874","2875"
"17.02.2015 16:00 - 17.02.2015 17:00","2864","2831"
"17.02.2015 17:00 - 17.02.2015 18:00","3084","3042"
"17.02.2015 18:00 - 17.02.2015 19:00","3080","3080"
"17.02.2015 19:00 - 17.02.2015 20:00","2887","2901"
"17.02.2015 20:00 - 17.02.2015 21:00","2708","2717"
"17.02.2015 21:00 - 17.02.2015 22:00","2536","2550"
"17.02.2015 22:00 - 17.02.2015 23:00","2343","2382"
"17.02.2015 23:00 - 18.02.2015 00:00","2139","2172"
"18.02.2015 00:00 - 18.02.2015 01:00","1995","2007"
"18.02.2015 01:00 - 18.02.2015 02:00","1942","1957"
"18.02.2015 02:00 - 18.02.2015 03:00","1917","1914"
"18.02.2015 03:00 - 18.02.2015 04:00","1956","1958"
"18.02.2015 04:00 - 18.02.2015 05:00","2010","2006"
"18.02.2015 05:00 - 18.02.2015 06:00","2141","2134"
"18.02.2015 06:00 - 18.02.2015 07:00","2549","2577"
"18.02.2015 07:00 - 18.02.2015 08:00","3012","2995"
"18.02.2015 08:00 - 18.02.2015 09:00","3088","3085"
"18.02.2015 09:00 - 18.02.2015 10:00","3083","3049"
"18.02.2015 10:00 - 18.02.2015 11:00","3110","3119"
"18.02.2015 11:00 - 18.02.2015 12:00","3100","3107"
"18.02.2015 12:00 - 18.02.2015 13:00","3023","3040"
"18.02.2015 13:00 - 18.02.2015 14:00","3050","3068"
"18.02.2015 14:00 - 18.02.2015 15:00","3009","2995"
"18.02.2015 15:00 - 18.02.2015 16:00","2878","2878"
"18.02.2015 16:00 - 18.02.2015 17:00","2874","2893"
"18.02.2015 17:00 - 18.02.2015 18:00","3133","3130"
"18.02.2015 18:00 - 18.02.2015 19:00","3120","3142"
"18.02.2015 19:00 - 18.02.2015 20:00","2943","2941"
"18.02.2015 20:00 - 18.02.2015 21:00","2756","2760"
"18.02.2015 21:00 - 18.02.2015 22:00","2578","2576"
"18.02.2015 22:00 - 18.02.2015 23:00","2383","2361"
"18.02.2015 23:00 - 19.02.2015 00:00","2169","2164"
"19.02.2015 00:00 - 19.02.2015 01:00","2008","2047"
"19.02.2015 01:00 - 19.02.2015 02:00","1930","1951"
"19.02.2015 02:00 - 19.02.2015 03:00","1919","1933"
"19.02.2015 03:00 - 19.02.2015 04:00","1918","1948"
"19.02.2015 04:00 - 19.02.2015 05:00","2041","2056"
"19.02.2015 05:00 - 19.02.2015 06:00","2180","2153"
"19.02.2015 06:00 - 19.02.2015 07:00","2540","2542"
"19.02.2015 07:00 - 19.02.2015 08:00","2996","2997"
"19.02.2015 08:00 - 19.02.2015 09:00","3085","3095"
"19.02.2015 09:00 - 19.02.2015 10:00","3145","3182"
"19.02.2015 10:00 - 19.02.2015 11:00","3215","3216"
"19.02.2015 11:00 - 19.02.2015 12:00","3189","3200"
"19.02.2015 12:00 - 19.02.2015 13:00","3123","3128"
"19.02.2015 13:00 - 19.02.2015 14:00","3125","3135"
"19.02.2015 14:00 - 19.02.2015 15:00","3065","3083"
"19.02.2015 15:00 - 19.02.2015 16:00","2964","2990"
"19.02.2015 16:00 - 19.02.2015 17:00","2969","2989"
"19.02.2015 17:00 - 19.02.2015 18:00","3204","3190"
"19.02.2015 18:00 - 19.02.2015 19:00","3186","3157"
"19.02.2015 19:00 - 19.02.2015 20:00","2971","2990"
"19.02.2015 20:00 - 19.02.2015 21:00","2798","2795"
"19.02.2015 21:00 - 19.02.2015 22:00","2626","2612"
"19.02.2015 22:00 - 19.02.2015 23:00","2430","2414"
"19.02.2015 23:00 - 20.02.2015 00:00","2214","2223"
"20.02.2015 00:00 - 20.02.2015 01:00","2093","2082"
"20.02.2015 01:00 - 20.02.2015 02:00","2025","2036"
"20.02.2015 02:00 - 20.02.2015 03:00","1984","1989"
"20.02.2015 03:00 - 20.02.2015 04:00","1988","1980"
"20.02.2015 04:00 - 20.02.2015 05:00","2042","2052"
"20.02.2015 05:00 - 20.02.2015 06:00","2188","2180"
"20.02.2015 06:00 - 20.02.2015 07:00","2581","2595"
"20.02.2015 07:00 - 20.02.2015 08:00","3019","3033"
"20.02.2015 08:00 - 20.02.2015 09:00","3150","3174"
"20.02.2015 09:00 - 20.02.2015 10:00","3149","3182"
"20.02.2015 10:00 - 20.02.2015 11:00","3194","3261"
"20.02.2015 11:00 - 20.02.2015 12:00","3191","3204"
"20.02.2015 12:00 - 20.02.2015 13:00","3055","3060"
"20.02.2015 13:00 - 20.02.2015 14:00","2943","2955"
"20.02.2015 14:00 - 20.02.2015 15:00","2821","2852"
"20.02.2015 15:00 - 20.02.2015 16:00","2769","2772"
"20.02.2015 16:00 - 20.02.2015 17:00","2781","2762"
"20.02.2015 17:00 - 20.02.2015 18:00","2908","2893"
"20.02.2015 18:00 - 20.02.2015 19:00","2964","2923"
"20.02.2015 19:00 - 20.02.2015 20:00","2688","2708"
"20.02.2015 20:00 - 20.02.2015 21:00","2456","2481"
"20.02.2015 21:00 - 20.02.2015 22:00","2301","2299"
"20.02.2015 22:00 - 20.02.2015 23:00","2137","2141"
"20.02.2015 23:00 - 21.02.2015 00:00","1976","1978"
"21.02.2015 00:00 - 21.02.2015 01:00","1843","1861"
"21.02.2015 01:00 - 21.02.2015 02:00","1794","1791"
"21.02.2015 02:00 - 21.02.2015 03:00","1770","1761"
"21.02.2015 03:00 - 21.02.2015 04:00","1755","1750"
"21.02.2015 04:00 - 21.02.2015 05:00","1773","1756"
"21.02.2015 05:00 - 21.02.2015 06:00","1796","1803"
"21.02.2015 06:00 - 21.02.2015 07:00","1929","1948"
"21.02.2015 07:00 - 21.02.2015 08:00","2126","2152"
"21.02.2015 08:00 - 21.02.2015 09:00","2333","2342"
"21.02.2015 09:00 - 21.02.2015 10:00","2469","2463"
"21.02.2015 10:00 - 21.02.2015 11:00","2528","2527"
"21.02.2015 11:00 - 21.02.2015 12:00","2529","2527"
"21.02.2015 12:00 - 21.02.2015 13:00","2475","2489"
"21.02.2015 13:00 - 21.02.2015 14:00","2439","2442"
"21.02.2015 14:00 - 21.02.2015 15:00","2400","2410"
"21.02.2015 15:00 - 21.02.2015 16:00","2394","2396"
"21.02.2015 16:00 - 21.02.2015 17:00","2434","2444"
"21.02.2015 17:00 - 21.02.2015 18:00","2661","2660"
"21.02.2015 18:00 - 21.02.2015 19:00","2718","2722"
"21.02.2015 19:00 - 21.02.2015 20:00","2509","2519"
"21.02.2015 20:00 - 21.02.2015 21:00","2322","2330"
"21.02.2015 21:00 - 21.02.2015 22:00","2185","2179"
"21.02.2015 22:00 - 21.02.2015 23:00","2054","2019"
"21.02.2015 23:00 - 22.02.2015 00:00","1910","1899"
"22.02.2015 00:00 - 22.02.2015 01:00","1789","1806"
"22.02.2015 01:00 - 22.02.2015 02:00","1725","1748"
"22.02.2015 02:00 - 22.02.2015 03:00","1695","1686"
"22.02.2015 03:00 - 22.02.2015 04:00","1673","1666"
"22.02.2015 04:00 - 22.02.2015 05:00","1667","1688"
"22.02.2015 05:00 - 22.02.2015 06:00","1735","1739"
"22.02.2015 06:00 - 22.02.2015 07:00","1860","1869"
"22.02.2015 07:00 - 22.02.2015 08:00","2011","2006"
"22.02.2015 08:00 - 22.02.2015 09:00","2167","2165"
"22.02.2015 09:00 - 22.02.2015 10:00","2269","2272"
"22.02.2015 10:00 - 22.02.2015 11:00","2336","2326"
"22.02.2015 11:00 - 22.02.2015 12:00","2325","2296"
"22.02.2015 12:00 - 22.02.2015 13:00","2274","2254"
"22.02.2015 13:00 - 22.02.2015 14:00","2243","2204"
"22.02.2015 14:00 - 22.02.2015 15:00","2216","2198"
"22.02.2015 15:00 - 22.02.2015 16:00","2173","2171"
"22.02.2015 16:00 - 22.02.2015 17:00","2256","2282"
"22.02.2015 17:00 - 22.02.2015 18:00","2544","2570"
"22.02.2015 18:00 - 22.02.2015 19:00","2701","2746"
"22.02.2015 19:00 - 22.02.2015 20:00","2566","2579"
"22.02.2015 20:00 - 22.02.2015 21:00","2386","2391"
"22.02.2015 21:00 - 22.02.2015 22:00","2261","2290"
"22.02.2015 22:00 - 22.02.2015 23:00","2113","2158"
"22.02.2015 23:00 - 23.02.2015 00:00","1952","2015"
"23.02.2015 00:00 - 23.02.2015 01:00","1947","1991"
"23.02.2015 01:00 - 23.02.2015 02:00","1927","1951"
"23.02.2015 02:00 - 23.02.2015 03:00","1956","1965"
"23.02.2015 03:00 - 23.02.2015 04:00","1930","1927"
"23.02.2015 04:00 - 23.02.2015 05:00","1955","2000"
"23.02.2015 05:00 - 23.02.2015 06:00","2193","2189"
"23.02.2015 06:00 - 23.02.2015 07:00","2626","2575"
"23.02.2015 07:00 - 23.02.2015 08:00","3024","3009"
"23.02.2015 08:00 - 23.02.2015 09:00","3115","3148"
"23.02.2015 09:00 - 23.02.2015 10:00","3163","3272"
"23.02.2015 10:00 - 23.02.2015 11:00","3248","3207"
"23.02.2015 11:00 - 23.02.2015 12:00","3164","3165"
"23.02.2015 12:00 - 23.02.2015 13:00","3076","3046"
"23.02.2015 13:00 - 23.02.2015 14:00","3056","3002"
"23.02.2015 14:00 - 23.02.2015 15:00","2929","2903"
"23.02.2015 15:00 - 23.02.2015 16:00","2776","2773"
"23.02.2015 16:00 - 23.02.2015 17:00","2754","2722"
"23.02.2015 17:00 - 23.02.2015 18:00","3000","2983"
"23.02.2015 18:00 - 23.02.2015 19:00","3066","3060"
"23.02.2015 19:00 - 23.02.2015 20:00","2899","2903"
"23.02.2015 20:00 - 23.02.2015 21:00","2678","2673"
"23.02.2015 21:00 - 23.02.2015 22:00","2479","2502"
"23.02.2015 22:00 - 23.02.2015 23:00","2266","2272"
"23.02.2015 23:00 - 24.02.2015 00:00","2052","2101"
"24.02.2015 00:00 - 24.02.2015 01:00","1962","1949"
"24.02.2015 01:00 - 24.02.2015 02:00","1904","1914"
"24.02.2015 02:00 - 24.02.2015 03:00","1891","1874"
"24.02.2015 03:00 - 24.02.2015 04:00","1889","1906"
"24.02.2015 04:00 - 24.02.2015 05:00","1983","1988"
"24.02.2015 05:00 - 24.02.2015 06:00","2175","2163"
"24.02.2015 06:00 - 24.02.2015 07:00","2613","2608"
"24.02.2015 07:00 - 24.02.2015 08:00","3044","3030"
"24.02.2015 08:00 - 24.02.2015 09:00","3120","3138"
"24.02.2015 09:00 - 24.02.2015 10:00","3073","3161"
"24.02.2015 10:00 - 24.02.2015 11:00","3088","3222"
"24.02.2015 11:00 - 24.02.2015 12:00","3056","3171"
"24.02.2015 12:00 - 24.02.2015 13:00","2995","3065"
"24.02.2015 13:00 - 24.02.2015 14:00","3065","3091"
"24.02.2015 14:00 - 24.02.2015 15:00","2998","2972"
"24.02.2015 15:00 - 24.02.2015 16:00","2857","2863"
"24.02.2015 16:00 - 24.02.2015 17:00","2841","2839"
"24.02.2015 17:00 - 24.02.2015 18:00","3072","3065"
"24.02.2015 18:00 - 24.02.2015 19:00","3147","3117"
"24.02.2015 19:00 - 24.02.2015 20:00","2946","2958"
"24.02.2015 20:00 - 24.02.2015 21:00","2740","2773"
"24.02.2015 21:00 - 24.02.2015 22:00","2563","2561"
"24.02.2015 22:00 - 24.02.2015 23:00","2315","2371"
"24.02.2015 23:00 - 25.02.2015 00:00","2095","2128"
"25.02.2015 00:00 - 25.02.2015 01:00","1975","1995"
"25.02.2015 01:00 - 25.02.2015 02:00","1919","1926"
"25.02.2015 02:00 - 25.02.2015 03:00","1894","1898"
"25.02.2015 03:00 - 25.02.2015 04:00","1900","1911"
"25.02.2015 04:00 - 25.02.2015 05:00","1939","1934"
"25.02.2015 05:00 - 25.02.2015 06:00","2112","2127"
"25.02.2015 06:00 - 25.02.2015 07:00","2589","2587"
"25.02.2015 07:00 - 25.02.2015 08:00","3037","3004"
"25.02.2015 08:00 - 25.02.2015 09:00","3103","3085"
"25.02.2015 09:00 - 25.02.2015 10:00","3053","3048"
"25.02.2015 10:00 - 25.02.2015 11:00","3077","3106"
"25.02.2015 11:00 - 25.02.2015 12:00","3045","3083"
"25.02.2015 12:00 - 25.02.2015 13:00","2955","2953"
"25.02.2015 13:00 - 25.02.2015 14:00","2949","2957"
"25.02.2015 14:00 - 25.02.2015 15:00","2881","2887"
"25.02.2015 15:00 - 25.02.2015 16:00","2772","2760"
"25.02.2015 16:00 - 25.02.2015 17:00","2745","2748"
"25.02.2015 17:00 - 25.02.2015 18:00","2991","2985"
"25.02.2015 18:00 - 25.02.2015 19:00","3084","3059"
"25.02.2015 19:00 - 25.02.2015 20:00","2901","2901"
"25.02.2015 20:00 - 25.02.2015 21:00","2692","2686"
"25.02.2015 21:00 - 25.02.2015 22:00","2503","2510"
"25.02.2015 22:00 - 25.02.2015 23:00","2276","2293"
"25.02.2015 23:00 - 26.02.2015 00:00","2060","2080"
"26.02.2015 00:00 - 26.02.2015 01:00","2009","1971"
"26.02.2015 01:00 - 26.02.2015 02:00","1914","1924"
"26.02.2015 02:00 - 26.02.2015 03:00","1904","1887"
"26.02.2015 03:00 - 26.02.2015 04:00","1923","1888"
"26.02.2015 04:00 - 26.02.2015 05:00","1958","1943"
"26.02.2015 05:00 - 26.02.2015 06:00","2125","2109"
"26.02.2015 06:00 - 26.02.2015 07:00","2561","2569"
"26.02.2015 07:00 - 26.02.2015 08:00","2967","2965"
"26.02.2015 08:00 - 26.02.2015 09:00","3073","3075"
"26.02.2015 09:00 - 26.02.2015 10:00","3007","3030"
"26.02.2015 10:00 - 26.02.2015 11:00","3060","3085"
"26.02.2015 11:00 - 26.02.2015 12:00","3077","3086"
"26.02.2015 12:00 - 26.02.2015 13:00","3000","3003"
"26.02.2015 13:00 - 26.02.2015 14:00","3004","3004"
"26.02.2015 14:00 - 26.02.2015 15:00","2943","2956"
"26.02.2015 15:00 - 26.02.2015 16:00","2839","2839"
"26.02.2015 16:00 - 26.02.2015 17:00","2801","2802"
"26.02.2015 17:00 - 26.02.2015 18:00","2998","3019"
"26.02.2015 18:00 - 26.02.2015 19:00","3099","3074"
"26.02.2015 19:00 - 26.02.2015 20:00","2960","2907"
"26.02.2015 20:00 - 26.02.2015 21:00","2759","2749"
"26.02.2015 21:00 - 26.02.2015 22:00","2166","2557"
"26.02.2015 22:00 - 26.02.2015 23:00","1759","2319"
"26.02.2015 23:00 - 27.02.2015 00:00","2107","2101"
"27.02.2015 00:00 - 27.02.2015 01:00","1966","1990"
"27.02.2015 01:00 - 27.02.2015 02:00","1957","1966"
"27.02.2015 02:00 - 27.02.2015 03:00","1926","1926"
"27.02.2015 03:00 - 27.02.2015 04:00","1912","1913"
"27.02.2015 04:00 - 27.02.2015 05:00","1946","1936"
"27.02.2015 05:00 - 27.02.2015 06:00","2109","2097"
"27.02.2015 06:00 - 27.02.2015 07:00","2565","2522"
"27.02.2015 07:00 - 27.02.2015 08:00","2949","2939"
"27.02.2015 08:00 - 27.02.2015 09:00","3061","3094"
"27.02.2015 09:00 - 27.02.2015 10:00","3056","3073"
"27.02.2015 10:00 - 27.02.2015 11:00","3096","3094"
"27.02.2015 11:00 - 27.02.2015 12:00","3019","3027"
"27.02.2015 12:00 - 27.02.2015 13:00","2877","2887"
"27.02.2015 13:00 - 27.02.2015 14:00","2792","2803"
"27.02.2015 14:00 - 27.02.2015 15:00","2662","2666"
"27.02.2015 15:00 - 27.02.2015 16:00","2561","2568"
"27.02.2015 16:00 - 27.02.2015 17:00","2589","2582"
"27.02.2015 17:00 - 27.02.2015 18:00","2777","2744"
"27.02.2015 18:00 - 27.02.2015 19:00","2879","2871"
"27.02.2015 19:00 - 27.02.2015 20:00","2681","2693"
"27.02.2015 20:00 - 27.02.2015 21:00","2463","2472"
"27.02.2015 21:00 - 27.02.2015 22:00","2297","2323"
"27.02.2015 22:00 - 27.02.2015 23:00","2135","2153"
"27.02.2015 23:00 - 28.02.2015 00:00","1968","2001"
"28.02.2015 00:00 - 28.02.2015 01:00","1869","1873"
"28.02.2015 01:00 - 28.02.2015 02:00","1796","1779"
"28.02.2015 02:00 - 28.02.2015 03:00","1745","1723"
"28.02.2015 03:00 - 28.02.2015 04:00","1718","1712"
"28.02.2015 04:00 - 28.02.2015 05:00","1727","1720"
"28.02.2015 05:00 - 28.02.2015 06:00","1778","1763"
"28.02.2015 06:00 - 28.02.2015 07:00","1916","1901"
"28.02.2015 07:00 - 28.02.2015 08:00","2083","2059"
"28.02.2015 08:00 - 28.02.2015 09:00","2268","2262"
"28.02.2015 09:00 - 28.02.2015 10:00","2367","2372"
"28.02.2015 10:00 - 28.02.2015 11:00","2419","2412"
"28.02.2015 11:00 - 28.02.2015 12:00","2394","2374"
"28.02.2015 12:00 - 28.02.2015 13:00","2321","2332"
"28.02.2015 13:00 - 28.02.2015 14:00","2287","2309"
"28.02.2015 14:00 - 28.02.2015 15:00","2281","2273"
"28.02.2015 15:00 - 28.02.2015 16:00","2222","2235"
"28.02.2015 16:00 - 28.02.2015 17:00","2290","2296"
"28.02.2015 17:00 - 28.02.2015 18:00","2523","2554"
"28.02.2015 18:00 - 28.02.2015 19:00","2693","2700"
"28.02.2015 19:00 - 28.02.2015 20:00","2493","2490"
"28.02.2015 20:00 - 28.02.2015 21:00","2299","2330"
"28.02.2015 21:00 - 28.02.2015 22:00","2200","2259"
"28.02.2015 22:00 - 28.02.2015 23:00","2089","2134"
"28.02.2015 23:00 - 01.03.2015 00:00","1937","2016"
"01.03.2015 00:00 - 01.03.2015 01:00","1863","1920"
"01.03.2015 01:00 - 01.03.2015 02:00","1809","1786"
"01.03.2015 02:00 - 01.03.2015 03:00","1748","1740"
"01.03.2015 03:00 - 01.03.2015 04:00","1724","1731"
"01.03.2015 04:00 - 01.03.2015 05:00","1746","1744"
"01.03.2015 05:00 - 01.03.2015 06:00","1806","1804"
"01.03.2015 06:00 - 01.03.2015 07:00","1894","1900"
"01.03.2015 07:00 - 01.03.2015 08:00","2061","2128"
"01.03.2015 08:00 - 01.03.2015 09:00","2304","2374"
"01.03.2015 09:00 - 01.03.2015 10:00","2452","2539"
"01.03.2015 10:00 - 01.03.2015 11:00","2558","2555"
"01.03.2015 11:00 - 01.03.2015 12:00","2553","2559"
"01.03.2015 12:00 - 01.03.2015 13:00","2496","2459"
"01.03.2015 13:00 - 01.03.2015 14:00","2424","2407"
"01.03.2015 14:00 - 01.03.2015 15:00","2382","2402"
"01.03.2015 15:00 - 01.03.2015 16:00","2402","2408"
"01.03.2015 16:00 - 01.03.2015 17:00","2463","2440"
"01.03.2015 17:00 - 01.03.2015 18:00","2707","2683"
"01.03.2015 18:00 - 01.03.2015 19:00","2844","2803"
"01.03.2015 19:00 - 01.03.2015 20:00","2680","2682"
"01.03.2015 20:00 - 01.03.2015 21:00","2456","2424"
"01.03.2015 21:00 - 01.03.2015 22:00","2283","2291"
"01.03.2015 22:00 - 01.03.2015 23:00","2105","2090"
"01.03.2015 23:00 - 02.03.2015 00:00","1936","1930"
"02.03.2015 00:00 - 02.03.2015 01:00","1854","1855"
"02.03.2015 01:00 - 02.03.2015 02:00","1815","1783"
"02.03.2015 02:00 - 02.03.2015 03:00","1783","1778"
"02.03.2015 03:00 - 02.03.2015 04:00","1802","1809"
"02.03.2015 04:00 - 02.03.2015 05:00","1856","1892"
"02.03.2015 05:00 - 02.03.2015 06:00","2061","2105"
"02.03.2015 06:00 - 02.03.2015 07:00","2556","2541"
"02.03.2015 07:00 - 02.03.2015 08:00","2958","2956"
"02.03.2015 08:00 - 02.03.2015 09:00","3074","3057"
"02.03.2015 09:00 - 02.03.2015 10:00","3025","3035"
"02.03.2015 10:00 - 02.03.2015 11:00","3074","3123"
"02.03.2015 11:00 - 02.03.2015 12:00","3084","3098"
"02.03.2015 12:00 - 02.03.2015 13:00","2988","3007"
"02.03.2015 13:00 - 02.03.2015 14:00","3037","3034"
"02.03.2015 14:00 - 02.03.2015 15:00","2956","2972"
"02.03.2015 15:00 - 02.03.2015 16:00","2848","2913"
"02.03.2015 16:00 - 02.03.2015 17:00","2888","2884"
"02.03.2015 17:00 - 02.03.2015 18:00","3081","3055"
"02.03.2015 18:00 - 02.03.2015 19:00","3130","3076"
"02.03.2015 19:00 - 02.03.2015 20:00","2951","2937"
"02.03.2015 20:00 - 02.03.2015 21:00","2710","2663"
"02.03.2015 21:00 - 02.03.2015 22:00","2461","2452"
"02.03.2015 22:00 - 02.03.2015 23:00","2232","2264"
"02.03.2015 23:00 - 03.03.2015 00:00","2023","2047"
"03.03.2015 00:00 - 03.03.2015 01:00","1905","1922"
"03.03.2015 01:00 - 03.03.2015 02:00","1867","1907"
"03.03.2015 02:00 - 03.03.2015 03:00","1890","1924"
"03.03.2015 03:00 - 03.03.2015 04:00","1926","1933"
"03.03.2015 04:00 - 03.03.2015 05:00","1946","1937"
"03.03.2015 05:00 - 03.03.2015 06:00","2126","2134"
"03.03.2015 06:00 - 03.03.2015 07:00","2585","2558"
"03.03.2015 07:00 - 03.03.2015 08:00","2968","2996"
"03.03.2015 08:00 - 03.03.2015 09:00","3110","3071"
"03.03.2015 09:00 - 03.03.2015 10:00","3022","2985"
"03.03.2015 10:00 - 03.03.2015 11:00","3054","3019"
"03.03.2015 11:00 - 03.03.2015 12:00","3027","3050"
"03.03.2015 12:00 - 03.03.2015 13:00","2944","2912"
"03.03.2015 13:00 - 03.03.2015 14:00","2922","2948"
"03.03.2015 14:00 - 03.03.2015 15:00","2879","2873"
"03.03.2015 15:00 - 03.03.2015 16:00","2732","2724"
"03.03.2015 16:00 - 03.03.2015 17:00","2726","2749"
"03.03.2015 17:00 - 03.03.2015 18:00","2954","2958"
"03.03.2015 18:00 - 03.03.2015 19:00","3043","3037"
"03.03.2015 19:00 - 03.03.2015 20:00","2931","2918"
"03.03.2015 20:00 - 03.03.2015 21:00","2697","2663"
"03.03.2015 21:00 - 03.03.2015 22:00","2486","2503"
"03.03.2015 22:00 - 03.03.2015 23:00","2275","2322"
"03.03.2015 23:00 - 04.03.2015 00:00","2050","2135"
"04.03.2015 00:00 - 04.03.2015 01:00","2002","1974"
"04.03.2015 01:00 - 04.03.2015 02:00","1910","1919"
"04.03.2015 02:00 - 04.03.2015 03:00","1895","1920"
"04.03.2015 03:00 - 04.03.2015 04:00","1929","1945"
"04.03.2015 04:00 - 04.03.2015 05:00","1976","1976"
"04.03.2015 05:00 - 04.03.2015 06:00","2159","2141"
"04.03.2015 06:00 - 04.03.2015 07:00","2588","2586"
"04.03.2015 07:00 - 04.03.2015 08:00","2964","2947"
"04.03.2015 08:00 - 04.03.2015 09:00","3056","3085"
"04.03.2015 09:00 - 04.03.2015 10:00","3081","3115"
"04.03.2015 10:00 - 04.03.2015 11:00","3143","3160"
"04.03.2015 11:00 - 04.03.2015 12:00","3121","3187"
"04.03.2015 12:00 - 04.03.2015 13:00","3089","3135"
"04.03.2015 13:00 - 04.03.2015 14:00","3115","3171"
"04.03.2015 14:00 - 04.03.2015 15:00","3031","3046"
"04.03.2015 15:00 - 04.03.2015 16:00","2884","2883"
"04.03.2015 16:00 - 04.03.2015 17:00","2847","2873"
"04.03.2015 17:00 - 04.03.2015 18:00","3067","3064"
"04.03.2015 18:00 - 04.03.2015 19:00","3073","3066"
"04.03.2015 19:00 - 04.03.2015 20:00","2946","2933"
"04.03.2015 20:00 - 04.03.2015 21:00","2740","2724"
"04.03.2015 21:00 - 04.03.2015 22:00","2536","2520"
"04.03.2015 22:00 - 04.03.2015 23:00","2321","2288"
"04.03.2015 23:00 - 05.03.2015 00:00","2102","2081"
"05.03.2015 00:00 - 05.03.2015 01:00","1931","1934"
"05.03.2015 01:00 - 05.03.2015 02:00","1897","1905"
"05.03.2015 02:00 - 05.03.2015 03:00","1877","1880"
"05.03.2015 03:00 - 05.03.2015 04:00","1888","1893"
"05.03.2015 04:00 - 05.03.2015 05:00","1932","1914"
"05.03.2015 05:00 - 05.03.2015 06:00","2104","2092"
"05.03.2015 06:00 - 05.03.2015 07:00","2550","2557"
"05.03.2015 07:00 - 05.03.2015 08:00","2937","2906"
"05.03.2015 08:00 - 05.03.2015 09:00","3027","3016"
"05.03.2015 09:00 - 05.03.2015 10:00","3000","2973"
"05.03.2015 10:00 - 05.03.2015 11:00","3021","3021"
"05.03.2015 11:00 - 05.03.2015 12:00","3013","3024"
"05.03.2015 12:00 - 05.03.2015 13:00","2948","2989"
"05.03.2015 13:00 - 05.03.2015 14:00","3001","3000"
"05.03.2015 14:00 - 05.03.2015 15:00","2890","2877"
"05.03.2015 15:00 - 05.03.2015 16:00","2743","2752"
"05.03.2015 16:00 - 05.03.2015 17:00","2721","2731"
"05.03.2015 17:00 - 05.03.2015 18:00","2921","2923"
"05.03.2015 18:00 - 05.03.2015 19:00","2981","2963"
"05.03.2015 19:00 - 05.03.2015 20:00","2836","2841"
"05.03.2015 20:00 - 05.03.2015 21:00","2649","2652"
"05.03.2015 21:00 - 05.03.2015 22:00","2471","2477"
"05.03.2015 22:00 - 05.03.2015 23:00","2271","2283"
"05.03.2015 23:00 - 06.03.2015 00:00","2050","2071"
"06.03.2015 00:00 - 06.03.2015 01:00","1879","1913"
"06.03.2015 01:00 - 06.03.2015 02:00","1851","1861"
"06.03.2015 02:00 - 06.03.2015 03:00","1833","1831"
"06.03.2015 03:00 - 06.03.2015 04:00","1831","1848"
"06.03.2015 04:00 - 06.03.2015 05:00","1883","1880"
"06.03.2015 05:00 - 06.03.2015 06:00","2068","2057"
"06.03.2015 06:00 - 06.03.2015 07:00","2489","2481"
"06.03.2015 07:00 - 06.03.2015 08:00","2878","2862"
"06.03.2015 08:00 - 06.03.2015 09:00","2996","3020"
"06.03.2015 09:00 - 06.03.2015 10:00","3010","3021"
"06.03.2015 10:00 - 06.03.2015 11:00","3060","3077"
"06.03.2015 11:00 - 06.03.2015 12:00","3008","2998"
"06.03.2015 12:00 - 06.03.2015 13:00","2873","2878"
"06.03.2015 13:00 - 06.03.2015 14:00","2794","2781"
"06.03.2015 14:00 - 06.03.2015 15:00","2642","2645"
"06.03.2015 15:00 - 06.03.2015 16:00","2570","2542"
"06.03.2015 16:00 - 06.03.2015 17:00","2568","2569"
"06.03.2015 17:00 - 06.03.2015 18:00","2755","2778"
"06.03.2015 18:00 - 06.03.2015 19:00","2832","2841"
"06.03.2015 19:00 - 06.03.2015 20:00","2646","2636"
"06.03.2015 20:00 - 06.03.2015 21:00","2397","2411"
"06.03.2015 21:00 - 06.03.2015 22:00","2237","2249"
"06.03.2015 22:00 - 06.03.2015 23:00","2062","2123"
"06.03.2015 23:00 - 07.03.2015 00:00","1894","1978"
"07.03.2015 00:00 - 07.03.2015 01:00","1877","1848"
"07.03.2015 01:00 - 07.03.2015 02:00","1778","1807"
"07.03.2015 02:00 - 07.03.2015 03:00","1762","1786"
"07.03.2015 03:00 - 07.03.2015 04:00","1770","1790"
"07.03.2015 04:00 - 07.03.2015 05:00","1811","1842"
"07.03.2015 05:00 - 07.03.2015 06:00","1890","1913"
"07.03.2015 06:00 - 07.03.2015 07:00","2035","2034"
"07.03.2015 07:00 - 07.03.2015 08:00","2200","2179"
"07.03.2015 08:00 - 07.03.2015 09:00","2353","2318"
"07.03.2015 09:00 - 07.03.2015 10:00","2454","2439"
"07.03.2015 10:00 - 07.03.2015 11:00","2503","2482"
"07.03.2015 11:00 - 07.03.2015 12:00","2454","2449"
"07.03.2015 12:00 - 07.03.2015 13:00","2379","2371"
"07.03.2015 13:00 - 07.03.2015 14:00","2314","2302"
"07.03.2015 14:00 - 07.03.2015 15:00","2262","2252"
"07.03.2015 15:00 - 07.03.2015 16:00","2236","2223"
"07.03.2015 16:00 - 07.03.2015 17:00","2265","2302"
"07.03.2015 17:00 - 07.03.2015 18:00","2514","2533"
"07.03.2015 18:00 - 07.03.2015 19:00","2670","2657"
"07.03.2015 19:00 - 07.03.2015 20:00","2533","2528"
"07.03.2015 20:00 - 07.03.2015 21:00","2369","2344"
"07.03.2015 21:00 - 07.03.2015 22:00","2214","2211"
"07.03.2015 22:00 - 07.03.2015 23:00","2074","2068"
"07.03.2015 23:00 - 08.03.2015 00:00","1950","1922"
"08.03.2015 00:00 - 08.03.2015 01:00","1731","1798"
"08.03.2015 01:00 - 08.03.2015 02:00","1722","1717"
"08.03.2015 02:00 - 08.03.2015 03:00","1673","1704"
"08.03.2015 03:00 - 08.03.2015 04:00","1705","1725"
"08.03.2015 04:00 - 08.03.2015 05:00","1729","1741"
"08.03.2015 05:00 - 08.03.2015 06:00","1779","1801"
"08.03.2015 06:00 - 08.03.2015 07:00","1902","1912"
"08.03.2015 07:00 - 08.03.2015 08:00","2017","2016"
"08.03.2015 08:00 - 08.03.2015 09:00","2144","2199"
"08.03.2015 09:00 - 08.03.2015 10:00","2294","2274"
"08.03.2015 10:00 - 08.03.2015 11:00","2330","2316"
"08.03.2015 11:00 - 08.03.2015 12:00","2311","2264"
"08.03.2015 12:00 - 08.03.2015 13:00","2261","2256"
"08.03.2015 13:00 - 08.03.2015 14:00","2205","2230"
"08.03.2015 14:00 - 08.03.2015 15:00","2205","2180"
"08.03.2015 15:00 - 08.03.2015 16:00","2152","2190"
"08.03.2015 16:00 - 08.03.2015 17:00","2244","2263"
"08.03.2015 17:00 - 08.03.2015 18:00","2492","2525"
"08.03.2015 18:00 - 08.03.2015 19:00","2649","2651"
"08.03.2015 19:00 - 08.03.2015 20:00","2548","2522"
"08.03.2015 20:00 - 08.03.2015 21:00","2345","2327"
"08.03.2015 21:00 - 08.03.2015 22:00","2188","2154"
"08.03.2015 22:00 - 08.03.2015 23:00","2010","2015"
"08.03.2015 23:00 - 09.03.2015 00:00","1866","1850"
"09.03.2015 00:00 - 09.03.2015 01:00","1800","1805"
"09.03.2015 01:00 - 09.03.2015 02:00","1768","1764"
"09.03.2015 02:00 - 09.03.2015 03:00","1749","1743"
"09.03.2015 03:00 - 09.03.2015 04:00","1745","1726"
"09.03.2015 04:00 - 09.03.2015 05:00","1772","1782"
"09.03.2015 05:00 - 09.03.2015 06:00","1963","1941"
"09.03.2015 06:00 - 09.03.2015 07:00","2384","2385"
"09.03.2015 07:00 - 09.03.2015 08:00","2763","2742"
"09.03.2015 08:00 - 09.03.2015 09:00","2857","2875"
"09.03.2015 09:00 - 09.03.2015 10:00","2875","2884"
"09.03.2015 10:00 - 09.03.2015 11:00","2933","2921"
"09.03.2015 11:00 - 09.03.2015 12:00","2896","2883"
"09.03.2015 12:00 - 09.03.2015 13:00","2790","2791"
"09.03.2015 13:00 - 09.03.2015 14:00","2802","2794"
"09.03.2015 14:00 - 09.03.2015 15:00","2709","2710"
"09.03.2015 15:00 - 09.03.2015 16:00","2589","2583"
"09.03.2015 16:00 - 09.03.2015 17:00","2547","2550"
"09.03.2015 17:00 - 09.03.2015 18:00","2719","2722"
"09.03.2015 18:00 - 09.03.2015 19:00","2797","2818"
"09.03.2015 19:00 - 09.03.2015 20:00","2762","2742"
"09.03.2015 20:00 - 09.03.2015 21:00","2537","2542"
"09.03.2015 21:00 - 09.03.2015 22:00","2340","2354"
"09.03.2015 22:00 - 09.03.2015 23:00","2134","2181"
"09.03.2015 23:00 - 10.03.2015 00:00","1939","2057"
"10.03.2015 00:00 - 10.03.2015 01:00","1903","1919"
"10.03.2015 01:00 - 10.03.2015 02:00","1846","1895"
"10.03.2015 02:00 - 10.03.2015 03:00","1866","1885"
"10.03.2015 03:00 - 10.03.2015 04:00","1871","1888"
"10.03.2015 04:00 - 10.03.2015 05:00","1925","1899"
"10.03.2015 05:00 - 10.03.2015 06:00","2055","2027"
"10.03.2015 06:00 - 10.03.2015 07:00","2470","2428"
"10.03.2015 07:00 - 10.03.2015 08:00","2799","2777"
"10.03.2015 08:00 - 10.03.2015 09:00","2859","2881"
"10.03.2015 09:00 - 10.03.2015 10:00","2870","2857"
"10.03.2015 10:00 - 10.03.2015 11:00","2897","2905"
"10.03.2015 11:00 - 10.03.2015 12:00","2883","2899"
"10.03.2015 12:00 - 10.03.2015 13:00","2834","2832"
"10.03.2015 13:00 - 10.03.2015 14:00","2862","2903"
"10.03.2015 14:00 - 10.03.2015 15:00","2809","2826"
"10.03.2015 15:00 - 10.03.2015 16:00","2694","2778"
"10.03.2015 16:00 - 10.03.2015 17:00","2707","2729"
"10.03.2015 17:00 - 10.03.2015 18:00","2880","2908"
"10.03.2015 18:00 - 10.03.2015 19:00","2946","2926"
"10.03.2015 19:00 - 10.03.2015 20:00","2853","2818"
"10.03.2015 20:00 - 10.03.2015 21:00","2602","2605"
"10.03.2015 21:00 - 10.03.2015 22:00","2409","2430"
"10.03.2015 22:00 - 10.03.2015 23:00","2211","2220"
"10.03.2015 23:00 - 11.03.2015 00:00","1990","2053"
"11.03.2015 00:00 - 11.03.2015 01:00","1911","1924"
"11.03.2015 01:00 - 11.03.2015 02:00","1872","1882"
"11.03.2015 02:00 - 11.03.2015 03:00","1853","1880"
"11.03.2015 03:00 - 11.03.2015 04:00","1859","1878"
"11.03.2015 04:00 - 11.03.2015 05:00","1939","1901"
"11.03.2015 05:00 - 11.03.2015 06:00","2063","2041"
"11.03.2015 06:00 - 11.03.2015 07:00","2471","2430"
"11.03.2015 07:00 - 11.03.2015 08:00","2797","2765"
"11.03.2015 08:00 - 11.03.2015 09:00","2887","2886"
"11.03.2015 09:00 - 11.03.2015 10:00","2868","2859"
"11.03.2015 10:00 - 11.03.2015 11:00","2907","2897"
"11.03.2015 11:00 - 11.03.2015 12:00","2878","2853"
"11.03.2015 12:00 - 11.03.2015 13:00","2793","2765"
"11.03.2015 13:00 - 11.03.2015 14:00","2799","2778"
"11.03.2015 14:00 - 11.03.2015 15:00","2722","2705"
"11.03.2015 15:00 - 11.03.2015 16:00","2580","2585"
"11.03.2015 16:00 - 11.03.2015 17:00","2557","2549"
"11.03.2015 17:00 - 11.03.2015 18:00","2711","2726"
"11.03.2015 18:00 - 11.03.2015 19:00","2768","2791"
"11.03.2015 19:00 - 11.03.2015 20:00","2768","2776"
"11.03.2015 20:00 - 11.03.2015 21:00","2577","2532"
"11.03.2015 21:00 - 11.03.2015 22:00","2390","2377"
"11.03.2015 22:00 - 11.03.2015 23:00","2185","2180"
"11.03.2015 23:00 - 12.03.2015 00:00","1983","1969"
"12.03.2015 00:00 - 12.03.2015 01:00","1851","1867"
"12.03.2015 01:00 - 12.03.2015 02:00","1824","1797"
"12.03.2015 02:00 - 12.03.2015 03:00","1804","1799"
"12.03.2015 03:00 - 12.03.2015 04:00","1817","1819"
"12.03.2015 04:00 - 12.03.2015 05:00","1876","1879"
"12.03.2015 05:00 - 12.03.2015 06:00","2060","2066"
"12.03.2015 06:00 - 12.03.2015 07:00","2455","2462"
"12.03.2015 07:00 - 12.03.2015 08:00","2817","2822"
"12.03.2015 08:00 - 12.03.2015 09:00","2885","2880"
"12.03.2015 09:00 - 12.03.2015 10:00","2859","2860"
"12.03.2015 10:00 - 12.03.2015 11:00","2904","2884"
"12.03.2015 11:00 - 12.03.2015 12:00","2866","2888"
"12.03.2015 12:00 - 12.03.2015 13:00","2788","2795"
"12.03.2015 13:00 - 12.03.2015 14:00","2802","2785"
"12.03.2015 14:00 - 12.03.2015 15:00","2711","2711"
"12.03.2015 15:00 - 12.03.2015 16:00","2580","2581"
"12.03.2015 16:00 - 12.03.2015 17:00","2553","2549"
"12.03.2015 17:00 - 12.03.2015 18:00","2706","2681"
"12.03.2015 18:00 - 12.03.2015 19:00","2741","2739"
"12.03.2015 19:00 - 12.03.2015 20:00","2723","2710"
"12.03.2015 20:00 - 12.03.2015 21:00","2540","2547"
"12.03.2015 21:00 - 12.03.2015 22:00","2374","2376"
"12.03.2015 22:00 - 12.03.2015 23:00","2183","2162"
"12.03.2015 23:00 - 13.03.2015 00:00","1979","1971"
"13.03.2015 00:00 - 13.03.2015 01:00","1898","1864"
"13.03.2015 01:00 - 13.03.2015 02:00","1827","1816"
"13.03.2015 02:00 - 13.03.2015 03:00","1798","1812"
"13.03.2015 03:00 - 13.03.2015 04:00","1822","1826"
"13.03.2015 04:00 - 13.03.2015 05:00","1882","1894"
"13.03.2015 05:00 - 13.03.2015 06:00","2060","2093"
"13.03.2015 06:00 - 13.03.2015 07:00","2464","2489"
"13.03.2015 07:00 - 13.03.2015 08:00","2848","2864"
"13.03.2015 08:00 - 13.03.2015 09:00","2939","2947"
"13.03.2015 09:00 - 13.03.2015 10:00","2942","2966"
"13.03.2015 10:00 - 13.03.2015 11:00","2999","3034"
"13.03.2015 11:00 - 13.03.2015 12:00","2972","2964"
"13.03.2015 12:00 - 13.03.2015 13:00","2823","2808"
"13.03.2015 13:00 - 13.03.2015 14:00","2705","2681"
"13.03.2015 14:00 - 13.03.2015 15:00","2560","2535"
"13.03.2015 15:00 - 13.03.2015 16:00","2443","2426"
"13.03.2015 16:00 - 13.03.2015 17:00","2452","2437"
"13.03.2015 17:00 - 13.03.2015 18:00","2586","2587"
"13.03.2015 18:00 - 13.03.2015 19:00","2660","2630"
"13.03.2015 19:00 - 13.03.2015 20:00","2554","2551"
"13.03.2015 20:00 - 13.03.2015 21:00","2369","2366"
"13.03.2015 21:00 - 13.03.2015 22:00","2221","2210"
"13.03.2015 22:00 - 13.03.2015 23:00","2070","2047"
"13.03.2015 23:00 - 14.03.2015 00:00","1938","1894"
"14.03.2015 00:00 - 14.03.2015 01:00","1815","1765"
"14.03.2015 01:00 - 14.03.2015 02:00","1710","1704"
"14.03.2015 02:00 - 14.03.2015 03:00","1662","1676"
"14.03.2015 03:00 - 14.03.2015 04:00","1665","1672"
"14.03.2015 04:00 - 14.03.2015 05:00","1705","1719"
"14.03.2015 05:00 - 14.03.2015 06:00","1769","1768"
"14.03.2015 06:00 - 14.03.2015 07:00","1895","1895"
"14.03.2015 07:00 - 14.03.2015 08:00","2085","2062"
"14.03.2015 08:00 - 14.03.2015 09:00","2243","2214"
"14.03.2015 09:00 - 14.03.2015 10:00","2311","2315"
"14.03.2015 10:00 - 14.03.2015 11:00","2340","2327"
"14.03.2015 11:00 - 14.03.2015 12:00","2301","2317"
"14.03.2015 12:00 - 14.03.2015 13:00","2235","2247"
"14.03.2015 13:00 - 14.03.2015 14:00","2201","2193"
"14.03.2015 14:00 - 14.03.2015 15:00","2155","2142"
"14.03.2015 15:00 - 14.03.2015 16:00","2129","2131"
"14.03.2015 16:00 - 14.03.2015 17:00","2196","2203"
"14.03.2015 17:00 - 14.03.2015 18:00","2420","2414"
"14.03.2015 18:00 - 14.03.2015 19:00","2503","2495"
"14.03.2015 19:00 - 14.03.2015 20:00","2387","2386"
"14.03.2015 20:00 - 14.03.2015 21:00","2217","2202"
"14.03.2015 21:00 - 14.03.2015 22:00","2068","2052"
"14.03.2015 22:00 - 14.03.2015 23:00","1927","1881"
"14.03.2015 23:00 - 15.03.2015 00:00","1795","1752"
"15.03.2015 00:00 - 15.03.2015 01:00","1673","1663"
"15.03.2015 01:00 - 15.03.2015 02:00","1611","1580"
"15.03.2015 02:00 - 15.03.2015 03:00","1563","1566"
"15.03.2015 03:00 - 15.03.2015 04:00","1573","1597"
"15.03.2015 04:00 - 15.03.2015 05:00","1626","1613"
"15.03.2015 05:00 - 15.03.2015 06:00","1674","1658"
"15.03.2015 06:00 - 15.03.2015 07:00","1738","1751"
"15.03.2015 07:00 - 15.03.2015 08:00","1925","1942"
"15.03.2015 08:00 - 15.03.2015 09:00","2084","2105"
"15.03.2015 09:00 - 15.03.2015 10:00","2174","2206"
"15.03.2015 10:00 - 15.03.2015 11:00","2231","2229"
"15.03.2015 11:00 - 15.03.2015 12:00","2251","2254"
"15.03.2015 12:00 - 15.03.2015 13:00","2178","2173"
"15.03.2015 13:00 - 15.03.2015 14:00","2172","2204"
"15.03.2015 14:00 - 15.03.2015 15:00","2244","2246"
"15.03.2015 15:00 - 15.03.2015 16:00","2224","2229"
"15.03.2015 16:00 - 15.03.2015 17:00","2291","2313"
"15.03.2015 17:00 - 15.03.2015 18:00","2531","2552"
"15.03.2015 18:00 - 15.03.2015 19:00","2637","2625"
"15.03.2015 19:00 - 15.03.2015 20:00","2544","2546"
"15.03.2015 20:00 - 15.03.2015 21:00","2386","2379"
"15.03.2015 21:00 - 15.03.2015 22:00","2222","2209"
"15.03.2015 22:00 - 15.03.2015 23:00","2055","2030"
"15.03.2015 23:00 - 16.03.2015 00:00","1913","1901"
"16.03.2015 00:00 - 16.03.2015 01:00","1766","1829"
"16.03.2015 01:00 - 16.03.2015 02:00","1779","1766"
"16.03.2015 02:00 - 16.03.2015 03:00","1768","1766"
"16.03.2015 03:00 - 16.03.2015 04:00","1778","1788"
"16.03.2015 04:00 - 16.03.2015 05:00","1808","1837"
"16.03.2015 05:00 - 16.03.2015 06:00","1996","2001"
"16.03.2015 06:00 - 16.03.2015 07:00","2379","2422"
"16.03.2015 07:00 - 16.03.2015 08:00","2811","2803"
"16.03.2015 08:00 - 16.03.2015 09:00","2917","2936"
"16.03.2015 09:00 - 16.03.2015 10:00","2963","2964"
"16.03.2015 10:00 - 16.03.2015 11:00","2998","3002"
"16.03.2015 11:00 - 16.03.2015 12:00","2967","2944"
"16.03.2015 12:00 - 16.03.2015 13:00","2876","2872"
"16.03.2015 13:00 - 16.03.2015 14:00","2873","2917"
"16.03.2015 14:00 - 16.03.2015 15:00","2800","2830"
"16.03.2015 15:00 - 16.03.2015 16:00","2649","2617"
"16.03.2015 16:00 - 16.03.2015 17:00","2602","2651"
"16.03.2015 17:00 - 16.03.2015 18:00","2815","2830"
"16.03.2015 18:00 - 16.03.2015 19:00","2838","2851"
"16.03.2015 19:00 - 16.03.2015 20:00","2811","2805"
"16.03.2015 20:00 - 16.03.2015 21:00","2602","2601"
"16.03.2015 21:00 - 16.03.2015 22:00","2409","2402"
"16.03.2015 22:00 - 16.03.2015 23:00","2205","2173"
"16.03.2015 23:00 - 17.03.2015 00:00","2006","1987"
"17.03.2015 00:00 - 17.03.2015 01:00","1866","1866"
"17.03.2015 01:00 - 17.03.2015 02:00","1810","1810"
"17.03.2015 02:00 - 17.03.2015 03:00","1800","1803"
"17.03.2015 03:00 - 17.03.2015 04:00","1808","1795"
"17.03.2015 04:00 - 17.03.2015 05:00","1852","1852"
"17.03.2015 05:00 - 17.03.2015 06:00","2025","2016"
"17.03.2015 06:00 - 17.03.2015 07:00","2413","2404"
"17.03.2015 07:00 - 17.03.2015 08:00","2786","2779"
"17.03.2015 08:00 - 17.03.2015 09:00","2883","2857"
"17.03.2015 09:00 - 17.03.2015 10:00","2870","2876"
"17.03.2015 10:00 - 17.03.2015 11:00","2943","2941"
"17.03.2015 11:00 - 17.03.2015 12:00","2962","2962"
"17.03.2015 12:00 - 17.03.2015 13:00","2850","2811"
"17.03.2015 13:00 - 17.03.2015 14:00","2837","2801"
"17.03.2015 14:00 - 17.03.2015 15:00","2748","2740"
"17.03.2015 15:00 - 17.03.2015 16:00","2634","2627"
"17.03.2015 16:00 - 17.03.2015 17:00","2601","2583"
"17.03.2015 17:00 - 17.03.2015 18:00","2737","2725"
"17.03.2015 18:00 - 17.03.2015 19:00","2745","2737"
"17.03.2015 19:00 - 17.03.2015 20:00","2720","2722"
"17.03.2015 20:00 - 17.03.2015 21:00","2542","2531"
"17.03.2015 21:00 - 17.03.2015 22:00","2351","2357"
"17.03.2015 22:00 - 17.03.2015 23:00","2176","2154"
"17.03.2015 23:00 - 18.03.2015 00:00","1972","1933"
"18.03.2015 00:00 - 18.03.2015 01:00","1817","1816"
"18.03.2015 01:00 - 18.03.2015 02:00","1778","1764"
"18.03.2015 02:00 - 18.03.2015 03:00","1754","1737"
"18.03.2015 03:00 - 18.03.2015 04:00","1763","1783"
"18.03.2015 04:00 - 18.03.2015 05:00","1839","1826"
"18.03.2015 05:00 - 18.03.2015 06:00","2010","2003"
"18.03.2015 06:00 - 18.03.2015 07:00","2374","2366"
"18.03.2015 07:00 - 18.03.2015 08:00","2681","2680"
"18.03.2015 08:00 - 18.03.2015 09:00","2804","2790"
"18.03.2015 09:00 - 18.03.2015 10:00","2792","2793"
"18.03.2015 10:00 - 18.03.2015 11:00","2834","2838"
"18.03.2015 11:00 - 18.03.2015 12:00","2835","2854"
"18.03.2015 12:00 - 18.03.2015 13:00","2774","2772"
"18.03.2015 13:00 - 18.03.2015 14:00","2783","2774"
"18.03.2015 14:00 - 18.03.2015 15:00","2715","2706"
"18.03.2015 15:00 - 18.03.2015 16:00","2601","2600"
"18.03.2015 16:00 - 18.03.2015 17:00","2568","2570"
"18.03.2015 17:00 - 18.03.2015 18:00","2728","2735"
"18.03.2015 18:00 - 18.03.2015 19:00","2736","2749"
"18.03.2015 19:00 - 18.03.2015 20:00","2745","2739"
"18.03.2015 20:00 - 18.03.2015 21:00","2586","2552"
"18.03.2015 21:00 - 18.03.2015 22:00","2381","2370"
"18.03.2015 22:00 - 18.03.2015 23:00","2190","2162"
"18.03.2015 23:00 - 19.03.2015 00:00","1990","1960"
"19.03.2015 00:00 - 19.03.2015 01:00","1838","1841"
"19.03.2015 01:00 - 19.03.2015 02:00","1778","1780"
"19.03.2015 02:00 - 19.03.2015 03:00","1771","1782"
"19.03.2015 03:00 - 19.03.2015 04:00","1790","1800"
"19.03.2015 04:00 - 19.03.2015 05:00","1850","1865"
"19.03.2015 05:00 - 19.03.2015 06:00","2030","2028"
"19.03.2015 06:00 - 19.03.2015 07:00","2356","2367"
"19.03.2015 07:00 - 19.03.2015 08:00","2719","2775"
"19.03.2015 08:00 - 19.03.2015 09:00","2856","2849"
"19.03.2015 09:00 - 19.03.2015 10:00","2838","2830"
"19.03.2015 10:00 - 19.03.2015 11:00","2871","2862"
"19.03.2015 11:00 - 19.03.2015 12:00","2850","2835"
"19.03.2015 12:00 - 19.03.2015 13:00","2764","2763"
"19.03.2015 13:00 - 19.03.2015 14:00","2758","2751"
"19.03.2015 14:00 - 19.03.2015 15:00","2696","2669"
"19.03.2015 15:00 - 19.03.2015 16:00","2559","2541"
"19.03.2015 16:00 - 19.03.2015 17:00","2516","2505"
"19.03.2015 17:00 - 19.03.2015 18:00","2653","2656"
"19.03.2015 18:00 - 19.03.2015 19:00","2658","2672"
"19.03.2015 19:00 - 19.03.2015 20:00","2669","2688"
"19.03.2015 20:00 - 19.03.2015 21:00","2523","2549"
"19.03.2015 21:00 - 19.03.2015 22:00","2374","2369"
"19.03.2015 22:00 - 19.03.2015 23:00","2180","2136"
"19.03.2015 23:00 - 20.03.2015 00:00","1998","1936"
"20.03.2015 00:00 - 20.03.2015 01:00","1817","1811"
"20.03.2015 01:00 - 20.03.2015 02:00","1770","1780"
"20.03.2015 02:00 - 20.03.2015 03:00","1762","1747"
"20.03.2015 03:00 - 20.03.2015 04:00","1749","1748"
"20.03.2015 04:00 - 20.03.2015 05:00","1794","1784"
"20.03.2015 05:00 - 20.03.2015 06:00","1939","1957"
"20.03.2015 06:00 - 20.03.2015 07:00","2306","2324"
"20.03.2015 07:00 - 20.03.2015 08:00","2692","2683"
"20.03.2015 08:00 - 20.03.2015 09:00","2808","2817"
"20.03.2015 09:00 - 20.03.2015 10:00","2819","2832"
"20.03.2015 10:00 - 20.03.2015 11:00","2920","2930"
"20.03.2015 11:00 - 20.03.2015 12:00","2945","2926"
"20.03.2015 12:00 - 20.03.2015 13:00","2752","2735"
"20.03.2015 13:00 - 20.03.2015 14:00","2646","2676"
"20.03.2015 14:00 - 20.03.2015 15:00","2497","2533"
"20.03.2015 15:00 - 20.03.2015 16:00","2402","2447"
"20.03.2015 16:00 - 20.03.2015 17:00","2454","2499"
"20.03.2015 17:00 - 20.03.2015 18:00","2602","2641"
"20.03.2015 18:00 - 20.03.2015 19:00","2614","2682"
"20.03.2015 19:00 - 20.03.2015 20:00","2636","2594"
"20.03.2015 20:00 - 20.03.2015 21:00","2399","2391"
"20.03.2015 21:00 - 20.03.2015 22:00","2235","2241"
"20.03.2015 22:00 - 20.03.2015 23:00","2097","2071"
"20.03.2015 23:00 - 21.03.2015 00:00","1938","1912"
"21.03.2015 00:00 - 21.03.2015 01:00","1776","1766"
"21.03.2015 01:00 - 21.03.2015 02:00","1699","1689"
"21.03.2015 02:00 - 21.03.2015 03:00","1667","1657"
"21.03.2015 03:00 - 21.03.2015 04:00","1655","1631"
"21.03.2015 04:00 - 21.03.2015 05:00","1651","1617"
"21.03.2015 05:00 - 21.03.2015 06:00","1695","1680"
"21.03.2015 06:00 - 21.03.2015 07:00","1797","1823"
"21.03.2015 07:00 - 21.03.2015 08:00","2002","1970"
"21.03.2015 08:00 - 21.03.2015 09:00","2158","2191"
"21.03.2015 09:00 - 21.03.2015 10:00","2308","2365"
"21.03.2015 10:00 - 21.03.2015 11:00","2385","2405"
"21.03.2015 11:00 - 21.03.2015 12:00","2385","2444"
"21.03.2015 12:00 - 21.03.2015 13:00","2354","2365"
"21.03.2015 13:00 - 21.03.2015 14:00","2308","2323"
"21.03.2015 14:00 - 21.03.2015 15:00","2267","2275"
"21.03.2015 15:00 - 21.03.2015 16:00","2242","2255"
"21.03.2015 16:00 - 21.03.2015 17:00","2289","2308"
"21.03.2015 17:00 - 21.03.2015 18:00","2481","2503"
"21.03.2015 18:00 - 21.03.2015 19:00","2520","2538"
"21.03.2015 19:00 - 21.03.2015 20:00","2491","2446"
"21.03.2015 20:00 - 21.03.2015 21:00","2284","2261"
"21.03.2015 21:00 - 21.03.2015 22:00","2119","2109"
"21.03.2015 22:00 - 21.03.2015 23:00","1981","1951"
"21.03.2015 23:00 - 22.03.2015 00:00","1840","1838"
"22.03.2015 00:00 - 22.03.2015 01:00","1776","1751"
"22.03.2015 01:00 - 22.03.2015 02:00","1678","1690"
"22.03.2015 02:00 - 22.03.2015 03:00","1652","1668"
"22.03.2015 03:00 - 22.03.2015 04:00","1665","1664"
"22.03.2015 04:00 - 22.03.2015 05:00","1664","1654"
"22.03.2015 05:00 - 22.03.2015 06:00","1702","1698"
"22.03.2015 06:00 - 22.03.2015 07:00","1767","1764"
"22.03.2015 07:00 - 22.03.2015 08:00","1905","1930"
"22.03.2015 08:00 - 22.03.2015 09:00","2077","2071"
"22.03.2015 09:00 - 22.03.2015 10:00","2171","2148"
"22.03.2015 10:00 - 22.03.2015 11:00","2189","2172"
"22.03.2015 11:00 - 22.03.2015 12:00","2179","2173"
"22.03.2015 12:00 - 22.03.2015 13:00","2141","2123"
"22.03.2015 13:00 - 22.03.2015 14:00","2091","2092"
"22.03.2015 14:00 - 22.03.2015 15:00","2054","2046"
"22.03.2015 15:00 - 22.03.2015 16:00","2049","2047"
"22.03.2015 16:00 - 22.03.2015 17:00","2098","2116"
"22.03.2015 17:00 - 22.03.2015 18:00","2345","2370"
"22.03.2015 18:00 - 22.03.2015 19:00","2435","2471"
"22.03.2015 19:00 - 22.03.2015 20:00","2472","2466"
"22.03.2015 20:00 - 22.03.2015 21:00","2345","2298"
"22.03.2015 21:00 - 22.03.2015 22:00","2147","2155"
"22.03.2015 22:00 - 22.03.2015 23:00","1994","1983"
"22.03.2015 23:00 - 23.03.2015 00:00","1846","1863"
"23.03.2015 00:00 - 23.03.2015 01:00","1740","1774"
"23.03.2015 01:00 - 23.03.2015 02:00","1697","1705"
"23.03.2015 02:00 - 23.03.2015 03:00","1689","1705"
"23.03.2015 03:00 - 23.03.2015 04:00","1706","1742"
"23.03.2015 04:00 - 23.03.2015 05:00","1781","1804"
"23.03.2015 05:00 - 23.03.2015 06:00","1965","1974"
"23.03.2015 06:00 - 23.03.2015 07:00","2370","2382"
"23.03.2015 07:00 - 23.03.2015 08:00","2767","2779"
"23.03.2015 08:00 - 23.03.2015 09:00","2912","2905"
"23.03.2015 09:00 - 23.03.2015 10:00","2919","2918"
"23.03.2015 10:00 - 23.03.2015 11:00","2973","2978"
"23.03.2015 11:00 - 23.03.2015 12:00","2969","2989"
"23.03.2015 12:00 - 23.03.2015 13:00","2897","2874"
"23.03.2015 13:00 - 23.03.2015 14:00","2888","2895"
"23.03.2015 14:00 - 23.03.2015 15:00","2824","2851"
"23.03.2015 15:00 - 23.03.2015 16:00","2726","2754"
"23.03.2015 16:00 - 23.03.2015 17:00","2729","2762"
"23.03.2015 17:00 - 23.03.2015 18:00","2916","2963"
"23.03.2015 18:00 - 23.03.2015 19:00","2903","2924"
"23.03.2015 19:00 - 23.03.2015 20:00","2837","2815"
"23.03.2015 20:00 - 23.03.2015 21:00","2674","2621"
"23.03.2015 21:00 - 23.03.2015 22:00","2432","2420"
"23.03.2015 22:00 - 23.03.2015 23:00","2214","2219"
"23.03.2015 23:00 - 24.03.2015 00:00","2003","2006"
"24.03.2015 00:00 - 24.03.2015 01:00","1892","1888"
"24.03.2015 01:00 - 24.03.2015 02:00","1833","1844"
"24.03.2015 02:00 - 24.03.2015 03:00","1819","1807"
"24.03.2015 03:00 - 24.03.2015 04:00","1823","1809"
"24.03.2015 04:00 - 24.03.2015 05:00","1869","1869"
"24.03.2015 05:00 - 24.03.2015 06:00","2042","2054"
"24.03.2015 06:00 - 24.03.2015 07:00","2420","2407"
"24.03.2015 07:00 - 24.03.2015 08:00","2846","2818"
"24.03.2015 08:00 - 24.03.2015 09:00","2942","2956"
"24.03.2015 09:00 - 24.03.2015 10:00","2934","2925"
"24.03.2015 10:00 - 24.03.2015 11:00","2971","2955"
"24.03.2015 11:00 - 24.03.2015 12:00","2919","2910"
"24.03.2015 12:00 - 24.03.2015 13:00","2803","2803"
"24.03.2015 13:00 - 24.03.2015 14:00","2830","2821"
"24.03.2015 14:00 - 24.03.2015 15:00","2764","2744"
"24.03.2015 15:00 - 24.03.2015 16:00","2619","2639"
"24.03.2015 16:00 - 24.03.2015 17:00","2612","2610"
"24.03.2015 17:00 - 24.03.2015 18:00","2769","2777"
"24.03.2015 18:00 - 24.03.2015 19:00","2781","2810"
"24.03.2015 19:00 - 24.03.2015 20:00","2811","2798"
"24.03.2015 20:00 - 24.03.2015 21:00","2599","2583"
"24.03.2015 21:00 - 24.03.2015 22:00","2394","2423"
"24.03.2015 22:00 - 24.03.2015 23:00","2210","2229"
"24.03.2015 23:00 - 25.03.2015 00:00","2007","2022"
"25.03.2015 00:00 - 25.03.2015 01:00","1873","1879"
"25.03.2015 01:00 - 25.03.2015 02:00","1805","1813"
"25.03.2015 02:00 - 25.03.2015 03:00","1786","1782"
"25.03.2015 03:00 - 25.03.2015 04:00","1795","1789"
"25.03.2015 04:00 - 25.03.2015 05:00","1848","1840"
"25.03.2015 05:00 - 25.03.2015 06:00","2018","2024"
"25.03.2015 06:00 - 25.03.2015 07:00","2409","2382"
"25.03.2015 07:00 - 25.03.2015 08:00","2791","2768"
"25.03.2015 08:00 - 25.03.2015 09:00","2887","2875"
"25.03.2015 09:00 - 25.03.2015 10:00","2863","2859"
"25.03.2015 10:00 - 25.03.2015 11:00","2910","2931"
"25.03.2015 11:00 - 25.03.2015 12:00","2911","2942"
"25.03.2015 12:00 - 25.03.2015 13:00","2871","2926"
"25.03.2015 13:00 - 25.03.2015 14:00","2955","2982"
"25.03.2015 14:00 - 25.03.2015 15:00","2913","2934"
"25.03.2015 15:00 - 25.03.2015 16:00","2790","2815"
"25.03.2015 16:00 - 25.03.2015 17:00","2753","2796"
"25.03.2015 17:00 - 25.03.2015 18:00","2916","2974"
"25.03.2015 18:00 - 25.03.2015 19:00","2920","2946"
"25.03.2015 19:00 - 25.03.2015 20:00","2879","2895"
"25.03.2015 20:00 - 25.03.2015 21:00","2767","2759"
"25.03.2015 21:00 - 25.03.2015 22:00","2569","2533"
"25.03.2015 22:00 - 25.03.2015 23:00","2336","2326"
"25.03.2015 23:00 - 26.03.2015 00:00","2102","2119"
"26.03.2015 00:00 - 26.03.2015 01:00","1916","1955"
"26.03.2015 01:00 - 26.03.2015 02:00","1883","1917"
"26.03.2015 02:00 - 26.03.2015 03:00","1887","1890"
"26.03.2015 03:00 - 26.03.2015 04:00","1877","1890"
"26.03.2015 04:00 - 26.03.2015 05:00","1945","1960"
"26.03.2015 05:00 - 26.03.2015 06:00","2120","2123"
"26.03.2015 06:00 - 26.03.2015 07:00","2507","2477"
"26.03.2015 07:00 - 26.03.2015 08:00","2894","2862"
"26.03.2015 08:00 - 26.03.2015 09:00","2980","3009"
"26.03.2015 09:00 - 26.03.2015 10:00","2983","2987"
"26.03.2015 10:00 - 26.03.2015 11:00","3023","3015"
"26.03.2015 11:00 - 26.03.2015 12:00","2999","2989"
"26.03.2015 12:00 - 26.03.2015 13:00","2910","2907"
"26.03.2015 13:00 - 26.03.2015 14:00","2920","2913"
"26.03.2015 14:00 - 26.03.2015 15:00","2835","2842"
"26.03.2015 15:00 - 26.03.2015 16:00","2722","2722"
"26.03.2015 16:00 - 26.03.2015 17:00","2662","2688"
"26.03.2015 17:00 - 26.03.2015 18:00","2782","2798"
"26.03.2015 18:00 - 26.03.2015 19:00","2751","2763"
"26.03.2015 19:00 - 26.03.2015 20:00","2742","2792"
"26.03.2015 20:00 - 26.03.2015 21:00","2683","2669"
"26.03.2015 21:00 - 26.03.2015 22:00","2484","2447"
"26.03.2015 22:00 - 26.03.2015 23:00","2247","2252"
"26.03.2015 23:00 - 27.03.2015 00:00","2026","2037"
"27.03.2015 00:00 - 27.03.2015 01:00","1897","1923"
"27.03.2015 01:00 - 27.03.2015 02:00","1866","1886"
"27.03.2015 02:00 - 27.03.2015 03:00","1844","1848"
"27.03.2015 03:00 - 27.03.2015 04:00","1844","1837"
"27.03.2015 04:00 - 27.03.2015 05:00","1880","1891"
"27.03.2015 05:00 - 27.03.2015 06:00","2051","2058"
"27.03.2015 06:00 - 27.03.2015 07:00","2427","2397"
"27.03.2015 07:00 - 27.03.2015 08:00","2800","2792"
"27.03.2015 08:00 - 27.03.2015 09:00","2934","2940"
"27.03.2015 09:00 - 27.03.2015 10:00","2918","2933"
"27.03.2015 10:00 - 27.03.2015 11:00","2984","2986"
"27.03.2015 11:00 - 27.03.2015 12:00","2920","2913"
"27.03.2015 12:00 - 27.03.2015 13:00","2783","2793"
"27.03.2015 13:00 - 27.03.2015 14:00","2686","2697"
"27.03.2015 14:00 - 27.03.2015 15:00","2555","2578"
"27.03.2015 15:00 - 27.03.2015 16:00","2472","2510"
"27.03.2015 16:00 - 27.03.2015 17:00","2484","2482"
"27.03.2015 17:00 - 27.03.2015 18:00","2617","2608"
"27.03.2015 18:00 - 27.03.2015 19:00","2610","2633"
"27.03.2015 19:00 - 27.03.2015 20:00","2583","2593"
"27.03.2015 20:00 - 27.03.2015 21:00","2436","2404"
"27.03.2015 21:00 - 27.03.2015 22:00","2247","2241"
"27.03.2015 22:00 - 27.03.2015 23:00","2091","2097"
"27.03.2015 23:00 - 28.03.2015 00:00","1930","1944"
"28.03.2015 00:00 - 28.03.2015 01:00","1838","1838"
"28.03.2015 01:00 - 28.03.2015 02:00","1766","1762"
"28.03.2015 02:00 - 28.03.2015 03:00","1720","1719"
"28.03.2015 03:00 - 28.03.2015 04:00","1717","1711"
"28.03.2015 04:00 - 28.03.2015 05:00","1725","1722"
"28.03.2015 05:00 - 28.03.2015 06:00","1774","1770"
"28.03.2015 06:00 - 28.03.2015 07:00","1853","1850"
"28.03.2015 07:00 - 28.03.2015 08:00","2035","2029"
"28.03.2015 08:00 - 28.03.2015 09:00","2202","2192"
"28.03.2015 09:00 - 28.03.2015 10:00","2281","2287"
"28.03.2015 10:00 - 28.03.2015 11:00","2320","2310"
"28.03.2015 11:00 - 28.03.2015 12:00","2288","2304"
"28.03.2015 12:00 - 28.03.2015 13:00","2255","2270"
"28.03.2015 13:00 - 28.03.2015 14:00","2225","2261"
"28.03.2015 14:00 - 28.03.2015 15:00","2262","2296"
"28.03.2015 15:00 - 28.03.2015 16:00","2248","2276"
"28.03.2015 16:00 - 28.03.2015 17:00","2286","2335"
"28.03.2015 17:00 - 28.03.2015 18:00","2485","2525"
"28.03.2015 18:00 - 28.03.2015 19:00","2557","2612"
"28.03.2015 19:00 - 28.03.2015 20:00","2551","2548"
"28.03.2015 20:00 - 28.03.2015 21:00","2452","2423"
"28.03.2015 21:00 - 28.03.2015 22:00","2284","2289"
"28.03.2015 22:00 - 28.03.2015 23:00","2132","2161"
"28.03.2015 23:00 - 29.03.2015 00:00","1935","2017"
"29.03.2015 00:00 - 29.03.2015 01:00","1933","1920"
"29.03.2015 01:00 - 29.03.2015 02:00","1851","1807"
"29.03.2015 02:00 - 29.03.2015 03:00","",""
"29.03.2015 03:00 - 29.03.2015 04:00","1772","1735"
"29.03.2015 04:00 - 29.03.2015 05:00","1712","1678"
"29.03.2015 05:00 - 29.03.2015 06:00","1727","1708"
"29.03.2015 06:00 - 29.03.2015 07:00","1771","1780"
"29.03.2015 07:00 - 29.03.2015 08:00","1897","1882"
"29.03.2015 08:00 - 29.03.2015 09:00","2071","2068"
"29.03.2015 09:00 - 29.03.2015 10:00","2170","2179"
"29.03.2015 10:00 - 29.03.2015 11:00","2234","2220"
"29.03.2015 11:00 - 29.03.2015 12:00","2246","2294"
"29.03.2015 12:00 - 29.03.2015 13:00","2292","2307"
"29.03.2015 13:00 - 29.03.2015 14:00","2273","2289"
"29.03.2015 14:00 - 29.03.2015 15:00","2263","2266"
"29.03.2015 15:00 - 29.03.2015 16:00","2243","2246"
"29.03.2015 16:00 - 29.03.2015 17:00","2285","2264"
"29.03.2015 17:00 - 29.03.2015 18:00","2420","2398"
"29.03.2015 18:00 - 29.03.2015 19:00","2435","2428"
"29.03.2015 19:00 - 29.03.2015 20:00","2347","2330"
"29.03.2015 20:00 - 29.03.2015 21:00","2304","2289"
"29.03.2015 21:00 - 29.03.2015 22:00","2200","2212"
"29.03.2015 22:00 - 29.03.2015 23:00","2041","2084"
"29.03.2015 23:00 - 30.03.2015 00:00","1884","1947"
"30.03.2015 00:00 - 30.03.2015 01:00","1818","1870"
"30.03.2015 01:00 - 30.03.2015 02:00","1813","1829"
"30.03.2015 02:00 - 30.03.2015 03:00","1810","1860"
"30.03.2015 03:00 - 30.03.2015 04:00","1856","1865"
"30.03.2015 04:00 - 30.03.2015 05:00","1888","1898"
"30.03.2015 05:00 - 30.03.2015 06:00","2025","2015"
"30.03.2015 06:00 - 30.03.2015 07:00","2381","2324"
"30.03.2015 07:00 - 30.03.2015 08:00","2675","2657"
"30.03.2015 08:00 - 30.03.2015 09:00","2832","2846"
"30.03.2015 09:00 - 30.03.2015 10:00","2886","2942"
"30.03.2015 10:00 - 30.03.2015 11:00","3029","3060"
"30.03.2015 11:00 - 30.03.2015 12:00","3046","3073"
"30.03.2015 12:00 - 30.03.2015 13:00","2975","3034"
"30.03.2015 13:00 - 30.03.2015 14:00","3024","3031"
"30.03.2015 14:00 - 30.03.2015 15:00","2948","2960"
"30.03.2015 15:00 - 30.03.2015 16:00","2840","2851"
"30.03.2015 16:00 - 30.03.2015 17:00","2757","2771"
"30.03.2015 17:00 - 30.03.2015 18:00","2884","2886"
"30.03.2015 18:00 - 30.03.2015 19:00","2821","2841"
"30.03.2015 19:00 - 30.03.2015 20:00","2750","2726"
"30.03.2015 20:00 - 30.03.2015 21:00","2749","2719"
"30.03.2015 21:00 - 30.03.2015 22:00","2622","2551"
"30.03.2015 22:00 - 30.03.2015 23:00","2416","2308"
"30.03.2015 23:00 - 31.03.2015 00:00","2174","2136"
"31.03.2015 00:00 - 31.03.2015 01:00","2023","2033"
"31.03.2015 01:00 - 31.03.2015 02:00","1944","1977"
"31.03.2015 02:00 - 31.03.2015 03:00","1964","1990"
"31.03.2015 03:00 - 31.03.2015 04:00","1976","1963"
"31.03.2015 04:00 - 31.03.2015 05:00","1991","1988"
"31.03.2015 05:00 - 31.03.2015 06:00","2133","2120"
"31.03.2015 06:00 - 31.03.2015 07:00","2501","2440"
"31.03.2015 07:00 - 31.03.2015 08:00","2818","2832"
"31.03.2015 08:00 - 31.03.2015 09:00","3014","3033"
"31.03.2015 09:00 - 31.03.2015 10:00","3153","3153"
"31.03.2015 10:00 - 31.03.2015 11:00","3194","3227"
"31.03.2015 11:00 - 31.03.2015 12:00","3185","3166"
"31.03.2015 12:00 - 31.03.2015 13:00","3009","2997"
"31.03.2015 13:00 - 31.03.2015 14:00","2997","2972"
"31.03.2015 14:00 - 31.03.2015 15:00","2957","2954"
"31.03.2015 15:00 - 31.03.2015 16:00","2832","2893"
"31.03.2015 16:00 - 31.03.2015 17:00","2822","2841"
"31.03.2015 17:00 - 31.03.2015 18:00","2947","2972"
"31.03.2015 18:00 - 31.03.2015 19:00","2888","2919"
"31.03.2015 19:00 - 31.03.2015 20:00","2811","2800"
"31.03.2015 20:00 - 31.03.2015 21:00","2735","2696"
"31.03.2015 21:00 - 31.03.2015 22:00","2564","2579"
"31.03.2015 22:00 - 31.03.2015 23:00","2372","2391"
"31.03.2015 23:00 - 01.04.2015 00:00","2157","2193"
"01.04.2015 00:00 - 01.04.2015 01:00","1997","2042"
"01.04.2015 01:00 - 01.04.2015 02:00","1952","2000"
"01.04.2015 02:00 - 01.04.2015 03:00","1960","1978"
"01.04.2015 03:00 - 01.04.2015 04:00","1970","2000"
"01.04.2015 04:00 - 01.04.2015 05:00","2025","2015"
"01.04.2015 05:00 - 01.04.2015 06:00","2156","2160"
"01.04.2015 06:00 - 01.04.2015 07:00","2462","2433"
"01.04.2015 07:00 - 01.04.2015 08:00","2725","2746"
"01.04.2015 08:00 - 01.04.2015 09:00","2964","3005"
"01.04.2015 09:00 - 01.04.2015 10:00","3072","3078"
"01.04.2015 10:00 - 01.04.2015 11:00","3137","3179"
"01.04.2015 11:00 - 01.04.2015 12:00","3107","3130"
"01.04.2015 12:00 - 01.04.2015 13:00","3027","3079"
"01.04.2015 13:00 - 01.04.2015 14:00","3034","3051"
"01.04.2015 14:00 - 01.04.2015 15:00","2912","2952"
"01.04.2015 15:00 - 01.04.2015 16:00","2796","2809"
"01.04.2015 16:00 - 01.04.2015 17:00","2732","2740"
"01.04.2015 17:00 - 01.04.2015 18:00","2858","2832"
"01.04.2015 18:00 - 01.04.2015 19:00","2814","2749"
"01.04.2015 19:00 - 01.04.2015 20:00","2627","2610"
"01.04.2015 20:00 - 01.04.2015 21:00","2602","2603"
"01.04.2015 21:00 - 01.04.2015 22:00","2506","2475"
"01.04.2015 22:00 - 01.04.2015 23:00","2328","2278"
"01.04.2015 23:00 - 02.04.2015 00:00","2116","2078"
"02.04.2015 00:00 - 02.04.2015 01:00","1911","1945"
"02.04.2015 01:00 - 02.04.2015 02:00","1819","1839"
"02.04.2015 02:00 - 02.04.2015 03:00","1790","1816"
"02.04.2015 03:00 - 02.04.2015 04:00","1783","1788"
"02.04.2015 04:00 - 02.04.2015 05:00","1784","1797"
"02.04.2015 05:00 - 02.04.2015 06:00","1833","1856"
"02.04.2015 06:00 - 02.04.2015 07:00","1912","1924"
"02.04.2015 07:00 - 02.04.2015 08:00","2022","2030"
"02.04.2015 08:00 - 02.04.2015 09:00","2208","2189"
"02.04.2015 09:00 - 02.04.2015 10:00","2305","2308"
"02.04.2015 10:00 - 02.04.2015 11:00","2430","2422"
"02.04.2015 11:00 - 02.04.2015 12:00","2422","2395"
"02.04.2015 12:00 - 02.04.2015 13:00","2353","2343"
"02.04.2015 13:00 - 02.04.2015 14:00","2302","2286"
"02.04.2015 14:00 - 02.04.2015 15:00","2252","2239"
"02.04.2015 15:00 - 02.04.2015 16:00","2213","2225"
"02.04.2015 16:00 - 02.04.2015 17:00","2244","2263"
"02.04.2015 17:00 - 02.04.2015 18:00","2380","2372"
"02.04.2015 18:00 - 02.04.2015 19:00","2384","2353"
"02.04.2015 19:00 - 02.04.2015 20:00","2244","2198"
"02.04.2015 20:00 - 02.04.2015 21:00","2180","2188"
"02.04.2015 21:00 - 02.04.2015 22:00","2130","2110"
"02.04.2015 22:00 - 02.04.2015 23:00","1997","1999"
"02.04.2015 23:00 - 03.04.2015 00:00","1846","1864"
"03.04.2015 00:00 - 03.04.2015 01:00","1743","1767"
"03.04.2015 01:00 - 03.04.2015 02:00","1702","1737"
"03.04.2015 02:00 - 03.04.2015 03:00","1700","1716"
"03.04.2015 03:00 - 03.04.2015 04:00","1688","1735"
"03.04.2015 04:00 - 03.04.2015 05:00","1718","1748"
"03.04.2015 05:00 - 03.04.2015 06:00","1799","1801"
"03.04.2015 06:00 - 03.04.2015 07:00","1855","1874"
"03.04.2015 07:00 - 03.04.2015 08:00","1983","1988"
"03.04.2015 08:00 - 03.04.2015 09:00","2144","2115"
"03.04.2015 09:00 - 03.04.2015 10:00","2243","2242"
"03.04.2015 10:00 - 03.04.2015 11:00","2280","2299"
"03.04.2015 11:00 - 03.04.2015 12:00","2264","2270"
"03.04.2015 12:00 - 03.04.2015 13:00","2198","2189"
"03.04.2015 13:00 - 03.04.2015 14:00","2116","2107"
"03.04.2015 14:00 - 03.04.2015 15:00","2058","2047"
"03.04.2015 15:00 - 03.04.2015 16:00","2031","2028"
"03.04.2015 16:00 - 03.04.2015 17:00","2061","2040"
"03.04.2015 17:00 - 03.04.2015 18:00","2222","2183"
"03.04.2015 18:00 - 03.04.2015 19:00","2205","2212"
"03.04.2015 19:00 - 03.04.2015 20:00","2133","2115"
"03.04.2015 20:00 - 03.04.2015 21:00","2102","2127"
"03.04.2015 21:00 - 03.04.2015 22:00","2114","2076"
"03.04.2015 22:00 - 03.04.2015 23:00","1982","1949"
"03.04.2015 23:00 - 04.04.2015 00:00","1827","1817"
"04.04.2015 00:00 - 04.04.2015 01:00","1672","1709"
"04.04.2015 01:00 - 04.04.2015 02:00","1639","1650"
"04.04.2015 02:00 - 04.04.2015 03:00","1619","1618"
"04.04.2015 03:00 - 04.04.2015 04:00","1606","1607"
"04.04.2015 04:00 - 04.04.2015 05:00","1614","1621"
"04.04.2015 05:00 - 04.04.2015 06:00","1684","1708"
"04.04.2015 06:00 - 04.04.2015 07:00","1794","1790"
"04.04.2015 07:00 - 04.04.2015 08:00","1922","1914"
"04.04.2015 08:00 - 04.04.2015 09:00","2085","2066"
"04.04.2015 09:00 - 04.04.2015 10:00","2174","2144"
"04.04.2015 10:00 - 04.04.2015 11:00","2175","2156"
"04.04.2015 11:00 - 04.04.2015 12:00","2132","2107"
"04.04.2015 12:00 - 04.04.2015 13:00","2057","2048"
"04.04.2015 13:00 - 04.04.2015 14:00","2007","1993"
"04.04.2015 14:00 - 04.04.2015 15:00","1962","1949"
"04.04.2015 15:00 - 04.04.2015 16:00","1937","1932"
"04.04.2015 16:00 - 04.04.2015 17:00","1986","1983"
"04.04.2015 17:00 - 04.04.2015 18:00","2141","2167"
"04.04.2015 18:00 - 04.04.2015 19:00","2172","2181"
"04.04.2015 19:00 - 04.04.2015 20:00","2081","2061"
"04.04.2015 20:00 - 04.04.2015 21:00","2043","2076"
"04.04.2015 21:00 - 04.04.2015 22:00","2056","2023"
"04.04.2015 22:00 - 04.04.2015 23:00","1929","1897"
"04.04.2015 23:00 - 05.04.2015 00:00","1774","1766"
"05.04.2015 00:00 - 05.04.2015 01:00","1661","1670"
"05.04.2015 01:00 - 05.04.2015 02:00","1599","1600"
"05.04.2015 02:00 - 05.04.2015 03:00","1559","1551"
"05.04.2015 03:00 - 05.04.2015 04:00","1544","1549"
"05.04.2015 04:00 - 05.04.2015 05:00","1582","1592"
"05.04.2015 05:00 - 05.04.2015 06:00","1623","1651"
"05.04.2015 06:00 - 05.04.2015 07:00","1701","1715"
"05.04.2015 07:00 - 05.04.2015 08:00","1823","1819"
"05.04.2015 08:00 - 05.04.2015 09:00","1970","1952"
"05.04.2015 09:00 - 05.04.2015 10:00","2046","2034"
"05.04.2015 10:00 - 05.04.2015 11:00","2069","2069"
"05.04.2015 11:00 - 05.04.2015 12:00","2049","2039"
"05.04.2015 12:00 - 05.04.2015 13:00","1977","1977"
"05.04.2015 13:00 - 05.04.2015 14:00","1905","1919"
"05.04.2015 14:00 - 05.04.2015 15:00","1893","1911"
"05.04.2015 15:00 - 05.04.2015 16:00","1901","1906"
"05.04.2015 16:00 - 05.04.2015 17:00","1947","1938"
"05.04.2015 17:00 - 05.04.2015 18:00","2091","2104"
"05.04.2015 18:00 - 05.04.2015 19:00","2114","2127"
"05.04.2015 19:00 - 05.04.2015 20:00","2045","2063"
"05.04.2015 20:00 - 05.04.2015 21:00","2053","2054"
"05.04.2015 21:00 - 05.04.2015 22:00","2059","1999"
"05.04.2015 22:00 - 05.04.2015 23:00","1926","1870"
"05.04.2015 23:00 - 06.04.2015 00:00","1767","1743"
"06.04.2015 00:00 - 06.04.2015 01:00","1623","1626"
"06.04.2015 01:00 - 06.04.2015 02:00","1557","1560"
"06.04.2015 02:00 - 06.04.2015 03:00","1545","1549"
"06.04.2015 03:00 - 06.04.2015 04:00","1545","1565"
"06.04.2015 04:00 - 06.04.2015 05:00","1591","1591"
"06.04.2015 05:00 - 06.04.2015 06:00","1648","1651"
"06.04.2015 06:00 - 06.04.2015 07:00","1741","1746"
"06.04.2015 07:00 - 06.04.2015 08:00","1856","1862"
"06.04.2015 08:00 - 06.04.2015 09:00","2041","2019"
"06.04.2015 09:00 - 06.04.2015 10:00","2167","2119"
"06.04.2015 10:00 - 06.04.2015 11:00","2165","2154"
"06.04.2015 11:00 - 06.04.2015 12:00","2158","2133"
"06.04.2015 12:00 - 06.04.2015 13:00","2079","2066"
"06.04.2015 13:00 - 06.04.2015 14:00","2026","2002"
"06.04.2015 14:00 - 06.04.2015 15:00","1982","1935"
"06.04.2015 15:00 - 06.04.2015 16:00","1914","1893"
"06.04.2015 16:00 - 06.04.2015 17:00","1946","1939"
"06.04.2015 17:00 - 06.04.2015 18:00","2152","2152"
"06.04.2015 18:00 - 06.04.2015 19:00","2175","2185"
"06.04.2015 19:00 - 06.04.2015 20:00","2099","2102"
"06.04.2015 20:00 - 06.04.2015 21:00","2103","2115"
"06.04.2015 21:00 - 06.04.2015 22:00","2084","2066"
"06.04.2015 22:00 - 06.04.2015 23:00","1931","1882"
"06.04.2015 23:00 - 07.04.2015 00:00","1771","1758"
"07.04.2015 00:00 - 07.04.2015 01:00","1703","1703"
"07.04.2015 01:00 - 07.04.2015 02:00","1673","1675"
"07.04.2015 02:00 - 07.04.2015 03:00","1663","1637"
"07.04.2015 03:00 - 07.04.2015 04:00","1662","1659"
"07.04.2015 04:00 - 07.04.2015 05:00","1751","1745"
"07.04.2015 05:00 - 07.04.2015 06:00","1940","1903"
"07.04.2015 06:00 - 07.04.2015 07:00","2309","2341"
"07.04.2015 07:00 - 07.04.2015 08:00","2735","2758"
"07.04.2015 08:00 - 07.04.2015 09:00","2885","2912"
"07.04.2015 09:00 - 07.04.2015 10:00","2919","2932"
"07.04.2015 10:00 - 07.04.2015 11:00","3018","3001"
"07.04.2015 11:00 - 07.04.2015 12:00","2981","2989"
"07.04.2015 12:00 - 07.04.2015 13:00","2890","2880"
"07.04.2015 13:00 - 07.04.2015 14:00","2907","2909"
"07.04.2015 14:00 - 07.04.2015 15:00","2852","2831"
"07.04.2015 15:00 - 07.04.2015 16:00","2671","2705"
"07.04.2015 16:00 - 07.04.2015 17:00","2626","2643"
"07.04.2015 17:00 - 07.04.2015 18:00","2766","2782"
"07.04.2015 18:00 - 07.04.2015 19:00","2697","2695"
"07.04.2015 19:00 - 07.04.2015 20:00","2564","2541"
"07.04.2015 20:00 - 07.04.2015 21:00","2521","2517"
"07.04.2015 21:00 - 07.04.2015 22:00","2459","2444"
"07.04.2015 22:00 - 07.04.2015 23:00","2266","2239"
"07.04.2015 23:00 - 08.04.2015 00:00","2039","2003"
"08.04.2015 00:00 - 08.04.2015 01:00","1841","1888"
"08.04.2015 01:00 - 08.04.2015 02:00","1830","1820"
"08.04.2015 02:00 - 08.04.2015 03:00","1810","1817"
"08.04.2015 03:00 - 08.04.2015 04:00","1814","1827"
"08.04.2015 04:00 - 08.04.2015 05:00","1853","1865"
"08.04.2015 05:00 - 08.04.2015 06:00","1993","1989"
"08.04.2015 06:00 - 08.04.2015 07:00","2405","2395"
"08.04.2015 07:00 - 08.04.2015 08:00","2751","2727"
"08.04.2015 08:00 - 08.04.2015 09:00","2880","2883"
"08.04.2015 09:00 - 08.04.2015 10:00","2926","2965"
"08.04.2015 10:00 - 08.04.2015 11:00","3021","2952"
"08.04.2015 11:00 - 08.04.2015 12:00","2918","2868"
"08.04.2015 12:00 - 08.04.2015 13:00","2777","2779"
"08.04.2015 13:00 - 08.04.2015 14:00","2786","2789"
"08.04.2015 14:00 - 08.04.2015 15:00","2718","2680"
"08.04.2015 15:00 - 08.04.2015 16:00","2531","2520"
"08.04.2015 16:00 - 08.04.2015 17:00","2461","2463"
"08.04.2015 17:00 - 08.04.2015 18:00","2612","2638"
"08.04.2015 18:00 - 08.04.2015 19:00","2549","2540"
"08.04.2015 19:00 - 08.04.2015 20:00","2423","2435"
"08.04.2015 20:00 - 08.04.2015 21:00","2400","2438"
"08.04.2015 21:00 - 08.04.2015 22:00","2343","2373"
"08.04.2015 22:00 - 08.04.2015 23:00","2147","2174"
"08.04.2015 23:00 - 09.04.2015 00:00","1939","1977"
"09.04.2015 00:00 - 09.04.2015 01:00","1813","1830"
"09.04.2015 01:00 - 09.04.2015 02:00","1764","1754"
"09.04.2015 02:00 - 09.04.2015 03:00","1747","1725"
"09.04.2015 03:00 - 09.04.2015 04:00","1740","1735"
"09.04.2015 04:00 - 09.04.2015 05:00","1793","1801"
"09.04.2015 05:00 - 09.04.2015 06:00","1956","1948"
"09.04.2015 06:00 - 09.04.2015 07:00","2308","2313"
"09.04.2015 07:00 - 09.04.2015 08:00","2688","2694"
"09.04.2015 08:00 - 09.04.2015 09:00","2839","2841"
"09.04.2015 09:00 - 09.04.2015 10:00","2836","2826"
"09.04.2015 10:00 - 09.04.2015 11:00","2868","2870"
"09.04.2015 11:00 - 09.04.2015 12:00","2838","2836"
"09.04.2015 12:00 - 09.04.2015 13:00","2741","2741"
"09.04.2015 13:00 - 09.04.2015 14:00","2762","2758"
"09.04.2015 14:00 - 09.04.2015 15:00","2669","2688"
"09.04.2015 15:00 - 09.04.2015 16:00","2557","2555"
"09.04.2015 16:00 - 09.04.2015 17:00","2489","2493"
"09.04.2015 17:00 - 09.04.2015 18:00","2600","2608"
"09.04.2015 18:00 - 09.04.2015 19:00","2540","2558"
"09.04.2015 19:00 - 09.04.2015 20:00","2432","2442"
"09.04.2015 20:00 - 09.04.2015 21:00","2407","2410"
"09.04.2015 21:00 - 09.04.2015 22:00","2353","2375"
"09.04.2015 22:00 - 09.04.2015 23:00","2161","2160"
"09.04.2015 23:00 - 10.04.2015 00:00","1946","1950"
"10.04.2015 00:00 - 10.04.2015 01:00","1820","1797"
"10.04.2015 01:00 - 10.04.2015 02:00","1738","1738"
"10.04.2015 02:00 - 10.04.2015 03:00","1724","1721"
"10.04.2015 03:00 - 10.04.2015 04:00","1731","1728"
"10.04.2015 04:00 - 10.04.2015 05:00","1786","1780"
"10.04.2015 05:00 - 10.04.2015 06:00","1955","1947"
"10.04.2015 06:00 - 10.04.2015 07:00","2286","2308"
"10.04.2015 07:00 - 10.04.2015 08:00","2659","2685"
"10.04.2015 08:00 - 10.04.2015 09:00","2815","2787"
"10.04.2015 09:00 - 10.04.2015 10:00","2795","2813"
"10.04.2015 10:00 - 10.04.2015 11:00","2843","2860"
"10.04.2015 11:00 - 10.04.2015 12:00","2806","2797"
"10.04.2015 12:00 - 10.04.2015 13:00","2671","2662"
"10.04.2015 13:00 - 10.04.2015 14:00","2551","2546"
"10.04.2015 14:00 - 10.04.2015 15:00","2407","2401"
"10.04.2015 15:00 - 10.04.2015 16:00","2287","2290"
"10.04.2015 16:00 - 10.04.2015 17:00","2271","2269"
"10.04.2015 17:00 - 10.04.2015 18:00","2371","2384"
"10.04.2015 18:00 - 10.04.2015 19:00","2349","2364"
"10.04.2015 19:00 - 10.04.2015 20:00","2221","2220"
"10.04.2015 20:00 - 10.04.2015 21:00","2183","2183"
"10.04.2015 21:00 - 10.04.2015 22:00","2182","2123"
"10.04.2015 22:00 - 10.04.2015 23:00","2060","1968"
"10.04.2015 23:00 - 11.04.2015 00:00","1886","1800"
"11.04.2015 00:00 - 11.04.2015 01:00","1646","1682"
"11.04.2015 01:00 - 11.04.2015 02:00","1587","1618"
"11.04.2015 02:00 - 11.04.2015 03:00","1577","1591"
"11.04.2015 03:00 - 11.04.2015 04:00","1570","1571"
"11.04.2015 04:00 - 11.04.2015 05:00","1581","1579"
"11.04.2015 05:00 - 11.04.2015 06:00","1626","1627"
"11.04.2015 06:00 - 11.04.2015 07:00","1700","1698"
"11.04.2015 07:00 - 11.04.2015 08:00","1867","1866"
"11.04.2015 08:00 - 11.04.2015 09:00","2037","2039"
"11.04.2015 09:00 - 11.04.2015 10:00","2133","2122"
"11.04.2015 10:00 - 11.04.2015 11:00","2162","2137"
"11.04.2015 11:00 - 11.04.2015 12:00","2134","2102"
"11.04.2015 12:00 - 11.04.2015 13:00","2057","2087"
"11.04.2015 13:00 - 11.04.2015 14:00","2037","2036"
"11.04.2015 14:00 - 11.04.2015 15:00","2013","2038"
"11.04.2015 15:00 - 11.04.2015 16:00","2020","2029"
"11.04.2015 16:00 - 11.04.2015 17:00","2052","2085"
"11.04.2015 17:00 - 11.04.2015 18:00","2250","2329"
"11.04.2015 18:00 - 11.04.2015 19:00","2434","2429"
"11.04.2015 19:00 - 11.04.2015 20:00","2302","2296"
"11.04.2015 20:00 - 11.04.2015 21:00","2193","2183"
"11.04.2015 21:00 - 11.04.2015 22:00","2124","2109"
"11.04.2015 22:00 - 11.04.2015 23:00","1980","2036"
"11.04.2015 23:00 - 12.04.2015 00:00","1774","1882"
"12.04.2015 00:00 - 12.04.2015 01:00","1731","1752"
"12.04.2015 01:00 - 12.04.2015 02:00","1657","1664"
"12.04.2015 02:00 - 12.04.2015 03:00","1618","1656"
"12.04.2015 03:00 - 12.04.2015 04:00","1630","1634"
"12.04.2015 04:00 - 12.04.2015 05:00","1641","1666"
"12.04.2015 05:00 - 12.04.2015 06:00","1697","1693"
"12.04.2015 06:00 - 12.04.2015 07:00","1726","1745"
"12.04.2015 07:00 - 12.04.2015 08:00","1883","1876"
"12.04.2015 08:00 - 12.04.2015 09:00","2038","2054"
"12.04.2015 09:00 - 12.04.2015 10:00","2176","2184"
"12.04.2015 10:00 - 12.04.2015 11:00","2216","2215"
"12.04.2015 11:00 - 12.04.2015 12:00","2216","2228"
"12.04.2015 12:00 - 12.04.2015 13:00","2136","2100"
"12.04.2015 13:00 - 12.04.2015 14:00","2086","2075"
"12.04.2015 14:00 - 12.04.2015 15:00","2061","2083"
"12.04.2015 15:00 - 12.04.2015 16:00","2098","2103"
"12.04.2015 16:00 - 12.04.2015 17:00","2153","2170"
"12.04.2015 17:00 - 12.04.2015 18:00","2444","2439"
"12.04.2015 18:00 - 12.04.2015 19:00","2454","2447"
"12.04.2015 19:00 - 12.04.2015 20:00","2281","2319"
"12.04.2015 20:00 - 12.04.2015 21:00","2289","2272"
"12.04.2015 21:00 - 12.04.2015 22:00","2267","2219"
"12.04.2015 22:00 - 12.04.2015 23:00","2098","2056"
"12.04.2015 23:00 - 13.04.2015 00:00","1939","1940"
"13.04.2015 00:00 - 13.04.2015 01:00","1781","1838"
"13.04.2015 01:00 - 13.04.2015 02:00","1790","1795"
"13.04.2015 02:00 - 13.04.2015 03:00","1757","1800"
"13.04.2015 03:00 - 13.04.2015 04:00","1791","1806"
"13.04.2015 04:00 - 13.04.2015 05:00","1864","1877"
"13.04.2015 05:00 - 13.04.2015 06:00","2046","2066"
"13.04.2015 06:00 - 13.04.2015 07:00","2372","2398"
"13.04.2015 07:00 - 13.04.2015 08:00","2735","2750"
"13.04.2015 08:00 - 13.04.2015 09:00","2880","2890"
"13.04.2015 09:00 - 13.04.2015 10:00","2891","2899"
"13.04.2015 10:00 - 13.04.2015 11:00","2951","2969"
"13.04.2015 11:00 - 13.04.2015 12:00","2937","2918"
"13.04.2015 12:00 - 13.04.2015 13:00","2850","2891"
"13.04.2015 13:00 - 13.04.2015 14:00","2910","2990"
"13.04.2015 14:00 - 13.04.2015 15:00","2811","2836"
"13.04.2015 15:00 - 13.04.2015 16:00","2660","2681"
"13.04.2015 16:00 - 13.04.2015 17:00","2631","2637"
"13.04.2015 17:00 - 13.04.2015 18:00","2740","2715"
"13.04.2015 18:00 - 13.04.2015 19:00","2614","2598"
"13.04.2015 19:00 - 13.04.2015 20:00","2517","2487"
"13.04.2015 20:00 - 13.04.2015 21:00","2455","2423"
"13.04.2015 21:00 - 13.04.2015 22:00","2425","2356"
"13.04.2015 22:00 - 13.04.2015 23:00","2247","2156"
"13.04.2015 23:00 - 14.04.2015 00:00","2028","1936"
"14.04.2015 00:00 - 14.04.2015 01:00","1819","1812"
"14.04.2015 01:00 - 14.04.2015 02:00","1768","1789"
"14.04.2015 02:00 - 14.04.2015 03:00","1748","1750"
"14.04.2015 03:00 - 14.04.2015 04:00","1761","1766"
"14.04.2015 04:00 - 14.04.2015 05:00","1801","1785"
"14.04.2015 05:00 - 14.04.2015 06:00","1968","1977"
"14.04.2015 06:00 - 14.04.2015 07:00","2335","2336"
"14.04.2015 07:00 - 14.04.2015 08:00","2732","2742"
"14.04.2015 08:00 - 14.04.2015 09:00","2906","2955"
"14.04.2015 09:00 - 14.04.2015 10:00","2967","2991"
"14.04.2015 10:00 - 14.04.2015 11:00","3028","3071"
"14.04.2015 11:00 - 14.04.2015 12:00","3044","3061"
"14.04.2015 12:00 - 14.04.2015 13:00","2970","3020"
"14.04.2015 13:00 - 14.04.2015 14:00","3015","3018"
"14.04.2015 14:00 - 14.04.2015 15:00","2934","2997"
"14.04.2015 15:00 - 14.04.2015 16:00","2813","2834"
"14.04.2015 16:00 - 14.04.2015 17:00","2767","2770"
"14.04.2015 17:00 - 14.04.2015 18:00","2862","2850"
"14.04.2015 18:00 - 14.04.2015 19:00","2740","2747"
"14.04.2015 19:00 - 14.04.2015 20:00","2603","2584"
"14.04.2015 20:00 - 14.04.2015 21:00","2531","2510"
"14.04.2015 21:00 - 14.04.2015 22:00","2455","2398"
"14.04.2015 22:00 - 14.04.2015 23:00","2271","2211"
"14.04.2015 23:00 - 15.04.2015 00:00","2034","1989"
"15.04.2015 00:00 - 15.04.2015 01:00","1878","1895"
"15.04.2015 01:00 - 15.04.2015 02:00","1811","1816"
"15.04.2015 02:00 - 15.04.2015 03:00","1786","1767"
"15.04.2015 03:00 - 15.04.2015 04:00","1769","1746"
"15.04.2015 04:00 - 15.04.2015 05:00","1804","1784"
"15.04.2015 05:00 - 15.04.2015 06:00","1937","1931"
"15.04.2015 06:00 - 15.04.2015 07:00","2314","2304"
"15.04.2015 07:00 - 15.04.2015 08:00","2708","2709"
"15.04.2015 08:00 - 15.04.2015 09:00","2864","2883"
"15.04.2015 09:00 - 15.04.2015 10:00","2895","2894"
"15.04.2015 10:00 - 15.04.2015 11:00","2959","2955"
"15.04.2015 11:00 - 15.04.2015 12:00","2934","2931"
"15.04.2015 12:00 - 15.04.2015 13:00","2871","2928"
"15.04.2015 13:00 - 15.04.2015 14:00","2922","2955"
"15.04.2015 14:00 - 15.04.2015 15:00","2881","2903"
"15.04.2015 15:00 - 15.04.2015 16:00","2774","2809"
"15.04.2015 16:00 - 15.04.2015 17:00","2767","2782"
"15.04.2015 17:00 - 15.04.2015 18:00","2908","2947"
"15.04.2015 18:00 - 15.04.2015 19:00","2807","2779"
"15.04.2015 19:00 - 15.04.2015 20:00","2620","2598"
"15.04.2015 20:00 - 15.04.2015 21:00","2484","2453"
"15.04.2015 21:00 - 15.04.2015 22:00","2389","2454"
"15.04.2015 22:00 - 15.04.2015 23:00","2186","2264"
"15.04.2015 23:00 - 16.04.2015 00:00","1952","2030"
"16.04.2015 00:00 - 16.04.2015 01:00","1860","1887"
"16.04.2015 01:00 - 16.04.2015 02:00","1789","1821"
"16.04.2015 02:00 - 16.04.2015 03:00","1784","1786"
"16.04.2015 03:00 - 16.04.2015 04:00","1796","1787"
"16.04.2015 04:00 - 16.04.2015 05:00","1832","1837"
"16.04.2015 05:00 - 16.04.2015 06:00","1972","1987"
"16.04.2015 06:00 - 16.04.2015 07:00","2345","2337"
"16.04.2015 07:00 - 16.04.2015 08:00","2729","2699"
"16.04.2015 08:00 - 16.04.2015 09:00","2854","2861"
"16.04.2015 09:00 - 16.04.2015 10:00","2886","2880"
"16.04.2015 10:00 - 16.04.2015 11:00","2953","2919"
"16.04.2015 11:00 - 16.04.2015 12:00","2925","2895"
"16.04.2015 12:00 - 16.04.2015 13:00","2811","2801"
"16.04.2015 13:00 - 16.04.2015 14:00","2819","2803"
"16.04.2015 14:00 - 16.04.2015 15:00","2735","2739"
"16.04.2015 15:00 - 16.04.2015 16:00","2610","2615"
"16.04.2015 16:00 - 16.04.2015 17:00","2574","2585"
"16.04.2015 17:00 - 16.04.2015 18:00","2704","2687"
"16.04.2015 18:00 - 16.04.2015 19:00","2597","2610"
"16.04.2015 19:00 - 16.04.2015 20:00","2463","2430"
"16.04.2015 20:00 - 16.04.2015 21:00","2352","2367"
"16.04.2015 21:00 - 16.04.2015 22:00","2356","2323"
"16.04.2015 22:00 - 16.04.2015 23:00","2168","2104"
"16.04.2015 23:00 - 17.04.2015 00:00","1948","1876"
"17.04.2015 00:00 - 17.04.2015 01:00","1739","1745"
"17.04.2015 01:00 - 17.04.2015 02:00","1692","1717"
"17.04.2015 02:00 - 17.04.2015 03:00","1708","1705"
"17.04.2015 03:00 - 17.04.2015 04:00","1723","1715"
"17.04.2015 04:00 - 17.04.2015 05:00","1775","1761"
"17.04.2015 05:00 - 17.04.2015 06:00","1924","1932"
"17.04.2015 06:00 - 17.04.2015 07:00","2259","2261"
"17.04.2015 07:00 - 17.04.2015 08:00","2637","2622"
"17.04.2015 08:00 - 17.04.2015 09:00","2776","2776"
"17.04.2015 09:00 - 17.04.2015 10:00","2775","2775"
"17.04.2015 10:00 - 17.04.2015 11:00","2815","2799"
"17.04.2015 11:00 - 17.04.2015 12:00","2713","2733"
"17.04.2015 12:00 - 17.04.2015 13:00","2611","2620"
"17.04.2015 13:00 - 17.04.2015 14:00","2523","2543"
"17.04.2015 14:00 - 17.04.2015 15:00","2403","2409"
"17.04.2015 15:00 - 17.04.2015 16:00","2292","2321"
"17.04.2015 16:00 - 17.04.2015 17:00","2337","2371"
"17.04.2015 17:00 - 17.04.2015 18:00","2487","2487"
"17.04.2015 18:00 - 17.04.2015 19:00","2435","2433"
"17.04.2015 19:00 - 17.04.2015 20:00","2266","2272"
"17.04.2015 20:00 - 17.04.2015 21:00","2167","2124"
"17.04.2015 21:00 - 17.04.2015 22:00","2134","2111"
"17.04.2015 22:00 - 17.04.2015 23:00","2007","1961"
"17.04.2015 23:00 - 18.04.2015 00:00","1843","1801"
"18.04.2015 00:00 - 18.04.2015 01:00","1679","1667"
"18.04.2015 01:00 - 18.04.2015 02:00","1615","1598"
"18.04.2015 02:00 - 18.04.2015 03:00","1589","1585"
"18.04.2015 03:00 - 18.04.2015 04:00","1585","1594"
"18.04.2015 04:00 - 18.04.2015 05:00","1599","1606"
"18.04.2015 05:00 - 18.04.2015 06:00","1639","1662"
"18.04.2015 06:00 - 18.04.2015 07:00","1724","1732"
"18.04.2015 07:00 - 18.04.2015 08:00","1910","1893"
"18.04.2015 08:00 - 18.04.2015 09:00","2080","2077"
"18.04.2015 09:00 - 18.04.2015 10:00","2173","2155"
"18.04.2015 10:00 - 18.04.2015 11:00","2181","2165"
"18.04.2015 11:00 - 18.04.2015 12:00","2137","2116"
"18.04.2015 12:00 - 18.04.2015 13:00","2052","2022"
"18.04.2015 13:00 - 18.04.2015 14:00","1976","1965"
"18.04.2015 14:00 - 18.04.2015 15:00","1945","1972"
"18.04.2015 15:00 - 18.04.2015 16:00","1940","1928"
"18.04.2015 16:00 - 18.04.2015 17:00","1978","1946"
"18.04.2015 17:00 - 18.04.2015 18:00","2102","2103"
"18.04.2015 18:00 - 18.04.2015 19:00","2124","2137"
"18.04.2015 19:00 - 18.04.2015 20:00","2004","2017"
"18.04.2015 20:00 - 18.04.2015 21:00","1948","1977"
"18.04.2015 21:00 - 18.04.2015 22:00","1951","1979"
"18.04.2015 22:00 - 18.04.2015 23:00","1830","1839"
"18.04.2015 23:00 - 19.04.2015 00:00","1686","1682"
"19.04.2015 00:00 - 19.04.2015 01:00","1556","1521"
"19.04.2015 01:00 - 19.04.2015 02:00","1468","1447"
"19.04.2015 02:00 - 19.04.2015 03:00","1430","1419"
"19.04.2015 03:00 - 19.04.2015 04:00","1434","1428"
"19.04.2015 04:00 - 19.04.2015 05:00","1436","1437"
"19.04.2015 05:00 - 19.04.2015 06:00","1470","1464"
"19.04.2015 06:00 - 19.04.2015 07:00","1511","1523"
"19.04.2015 07:00 - 19.04.2015 08:00","1674","1684"
"19.04.2015 08:00 - 19.04.2015 09:00","1877","1887"
"19.04.2015 09:00 - 19.04.2015 10:00","1983","1967"
"19.04.2015 10:00 - 19.04.2015 11:00","2000","1948"
"19.04.2015 11:00 - 19.04.2015 12:00","1934","1916"
"19.04.2015 12:00 - 19.04.2015 13:00","1913","1904"
"19.04.2015 13:00 - 19.04.2015 14:00","1886","1861"
"19.04.2015 14:00 - 19.04.2015 15:00","1852","1847"
"19.04.2015 15:00 - 19.04.2015 16:00","1840","1854"
"19.04.2015 16:00 - 19.04.2015 17:00","1898","1891"
"19.04.2015 17:00 - 19.04.2015 18:00","2095","2085"
"19.04.2015 18:00 - 19.04.2015 19:00","2087","2111"
"19.04.2015 19:00 - 19.04.2015 20:00","1999","2031"
"19.04.2015 20:00 - 19.04.2015 21:00","1964","1952"
"19.04.2015 21:00 - 19.04.2015 22:00","1970","1962"
"19.04.2015 22:00 - 19.04.2015 23:00","1826","1799"
"19.04.2015 23:00 - 20.04.2015 00:00","1677","1619"
"20.04.2015 00:00 - 20.04.2015 01:00","1570","1539"
"20.04.2015 01:00 - 20.04.2015 02:00","1503","1512"
"20.04.2015 02:00 - 20.04.2015 03:00","1509","1532"
"20.04.2015 03:00 - 20.04.2015 04:00","1546","1557"
"20.04.2015 04:00 - 20.04.2015 05:00","1601","1608"
"20.04.2015 05:00 - 20.04.2015 06:00","1768","1783"
"20.04.2015 06:00 - 20.04.2015 07:00","2105","2119"
"20.04.2015 07:00 - 20.04.2015 08:00","2516","2450"
"20.04.2015 08:00 - 20.04.2015 09:00","2672","2657"
"20.04.2015 09:00 - 20.04.2015 10:00","2661","2668"
"20.04.2015 10:00 - 20.04.2015 11:00","2722","2735"
"20.04.2015 11:00 - 20.04.2015 12:00","2715","2712"
"20.04.2015 12:00 - 20.04.2015 13:00","2632","2642"
"20.04.2015 13:00 - 20.04.2015 14:00","2638","2660"
"20.04.2015 14:00 - 20.04.2015 15:00","2587","2623"
"20.04.2015 15:00 - 20.04.2015 16:00","2481","2477"
"20.04.2015 16:00 - 20.04.2015 17:00","2420","2397"
"20.04.2015 17:00 - 20.04.2015 18:00","2533","2515"
"20.04.2015 18:00 - 20.04.2015 19:00","2423","2444"
"20.04.2015 19:00 - 20.04.2015 20:00","2341","2344"
"20.04.2015 20:00 - 20.04.2015 21:00","2250","2257"
"20.04.2015 21:00 - 20.04.2015 22:00","2242","2244"
"20.04.2015 22:00 - 20.04.2015 23:00","2084","2039"
"20.04.2015 23:00 - 21.04.2015 00:00","1873","1821"
"21.04.2015 00:00 - 21.04.2015 01:00","1714","1694"
"21.04.2015 01:00 - 21.04.2015 02:00","1654","1632"
"21.04.2015 02:00 - 21.04.2015 03:00","1633","1624"
"21.04.2015 03:00 - 21.04.2015 04:00","1629","1631"
"21.04.2015 04:00 - 21.04.2015 05:00","1678","1687"
"21.04.2015 05:00 - 21.04.2015 06:00","1847","1850"
"21.04.2015 06:00 - 21.04.2015 07:00","2161","2171"
"21.04.2015 07:00 - 21.04.2015 08:00","2551","2532"
"21.04.2015 08:00 - 21.04.2015 09:00","2699","2700"
"21.04.2015 09:00 - 21.04.2015 10:00","2685","2684"
"21.04.2015 10:00 - 21.04.2015 11:00","2767","2798"
"21.04.2015 11:00 - 21.04.2015 12:00","2805","2810"
"21.04.2015 12:00 - 21.04.2015 13:00","2726","2718"
"21.04.2015 13:00 - 21.04.2015 14:00","2706","2682"
"21.04.2015 14:00 - 21.04.2015 15:00","2629","2652"
"21.04.2015 15:00 - 21.04.2015 16:00","2534","2546"
"21.04.2015 16:00 - 21.04.2015 17:00","2465","2458"
"21.04.2015 17:00 - 21.04.2015 18:00","2548","2582"
"21.04.2015 18:00 - 21.04.2015 19:00","2506","2534"
"21.04.2015 19:00 - 21.04.2015 20:00","2381","2426"
"21.04.2015 20:00 - 21.04.2015 21:00","2322","2349"
"21.04.2015 21:00 - 21.04.2015 22:00","2348","2293"
"21.04.2015 22:00 - 21.04.2015 23:00","2170","2122"
"21.04.2015 23:00 - 22.04.2015 00:00","1930","1949"
"22.04.2015 00:00 - 22.04.2015 01:00","1749","1798"
"22.04.2015 01:00 - 22.04.2015 02:00","1728","1739"
"22.04.2015 02:00 - 22.04.2015 03:00","1721","1711"
"22.04.2015 03:00 - 22.04.2015 04:00","1700","1741"
"22.04.2015 04:00 - 22.04.2015 05:00","1748","1775"
"22.04.2015 05:00 - 22.04.2015 06:00","1894","1904"
"22.04.2015 06:00 - 22.04.2015 07:00","2225","2215"
"22.04.2015 07:00 - 22.04.2015 08:00","2607","2563"
"22.04.2015 08:00 - 22.04.2015 09:00","2717","2734"
"22.04.2015 09:00 - 22.04.2015 10:00","2730","2721"
"22.04.2015 10:00 - 22.04.2015 11:00","2792","2790"
"22.04.2015 11:00 - 22.04.2015 12:00","2793","2754"
"22.04.2015 12:00 - 22.04.2015 13:00","2735","2669"
"22.04.2015 13:00 - 22.04.2015 14:00","2756","2686"
"22.04.2015 14:00 - 22.04.2015 15:00","2703","2597"
"22.04.2015 15:00 - 22.04.2015 16:00","2525","2467"
"22.04.2015 16:00 - 22.04.2015 17:00","2402","2397"
"22.04.2015 17:00 - 22.04.2015 18:00","2522","2504"
"22.04.2015 18:00 - 22.04.2015 19:00","2435","2415"
"22.04.2015 19:00 - 22.04.2015 20:00","2294","2312"
"22.04.2015 20:00 - 22.04.2015 21:00","2212","2226"
"22.04.2015 21:00 - 22.04.2015 22:00","2192","2239"
"22.04.2015 22:00 - 22.04.2015 23:00","2021","2066"
"22.04.2015 23:00 - 23.04.2015 00:00","1814","1865"
"23.04.2015 00:00 - 23.04.2015 01:00","1731","1733"
"23.04.2015 01:00 - 23.04.2015 02:00","1681","1690"
"23.04.2015 02:00 - 23.04.2015 03:00","1671","1670"
"23.04.2015 03:00 - 23.04.2015 04:00","1688","1699"
"23.04.2015 04:00 - 23.04.2015 05:00","1728","1724"
"23.04.2015 05:00 - 23.04.2015 06:00","1865","1901"
"23.04.2015 06:00 - 23.04.2015 07:00","2220","2244"
"23.04.2015 07:00 - 23.04.2015 08:00","2616","2609"
"23.04.2015 08:00 - 23.04.2015 09:00","2740","2723"
"23.04.2015 09:00 - 23.04.2015 10:00","2720","2726"
"23.04.2015 10:00 - 23.04.2015 11:00","2784","2807"
"23.04.2015 11:00 - 23.04.2015 12:00","2785","2807"
"23.04.2015 12:00 - 23.04.2015 13:00","2728","2752"
"23.04.2015 13:00 - 23.04.2015 14:00","2771","2774"
"23.04.2015 14:00 - 23.04.2015 15:00","2717","2693"
"23.04.2015 15:00 - 23.04.2015 16:00","2551","2560"
"23.04.2015 16:00 - 23.04.2015 17:00","2515","2530"
"23.04.2015 17:00 - 23.04.2015 18:00","2653","2648"
"23.04.2015 18:00 - 23.04.2015 19:00","2546","2542"
"23.04.2015 19:00 - 23.04.2015 20:00","2397","2399"
"23.04.2015 20:00 - 23.04.2015 21:00","2318","2333"
"23.04.2015 21:00 - 23.04.2015 22:00","2295","2303"
"23.04.2015 22:00 - 23.04.2015 23:00","2122","2125"
"23.04.2015 23:00 - 24.04.2015 00:00","1902","1898"
"24.04.2015 00:00 - 24.04.2015 01:00","1751","1785"
"24.04.2015 01:00 - 24.04.2015 02:00","1720","1729"
"24.04.2015 02:00 - 24.04.2015 03:00","1679","1720"
"24.04.2015 03:00 - 24.04.2015 04:00","1668","1707"
"24.04.2015 04:00 - 24.04.2015 05:00","1737","1758"
"24.04.2015 05:00 - 24.04.2015 06:00","1876","1873"
"24.04.2015 06:00 - 24.04.2015 07:00","2182","2182"
"24.04.2015 07:00 - 24.04.2015 08:00","2586","2590"
"24.04.2015 08:00 - 24.04.2015 09:00","2752","2751"
"24.04.2015 09:00 - 24.04.2015 10:00","2739","2719"
"24.04.2015 10:00 - 24.04.2015 11:00","2789","2796"
"24.04.2015 11:00 - 24.04.2015 12:00","2750","2748"
"24.04.2015 12:00 - 24.04.2015 13:00","2626","2633"
"24.04.2015 13:00 - 24.04.2015 14:00","2561","2578"
"24.04.2015 14:00 - 24.04.2015 15:00","2437","2431"
"24.04.2015 15:00 - 24.04.2015 16:00","2313","2302"
"24.04.2015 16:00 - 24.04.2015 17:00","2276","2278"
"24.04.2015 17:00 - 24.04.2015 18:00","2391","2392"
"24.04.2015 18:00 - 24.04.2015 19:00","2346","2325"
"24.04.2015 19:00 - 24.04.2015 20:00","2164","2182"
"24.04.2015 20:00 - 24.04.2015 21:00","2043","2064"
"24.04.2015 21:00 - 24.04.2015 22:00","2061","2062"
"24.04.2015 22:00 - 24.04.2015 23:00","1927","1952"
"24.04.2015 23:00 - 25.04.2015 00:00","1761","1772"
"25.04.2015 00:00 - 25.04.2015 01:00","1753","1638"
"25.04.2015 01:00 - 25.04.2015 02:00","1636","1588"
"25.04.2015 02:00 - 25.04.2015 03:00","1546","1560"
"25.04.2015 03:00 - 25.04.2015 04:00","1555","1555"
"25.04.2015 04:00 - 25.04.2015 05:00","1566","1569"
"25.04.2015 05:00 - 25.04.2015 06:00","1591","1616"
"25.04.2015 06:00 - 25.04.2015 07:00","1695","1696"
"25.04.2015 07:00 - 25.04.2015 08:00","1906","1860"
"25.04.2015 08:00 - 25.04.2015 09:00","2048","2039"
"25.04.2015 09:00 - 25.04.2015 10:00","2155","2161"
"25.04.2015 10:00 - 25.04.2015 11:00","2198","2189"
"25.04.2015 11:00 - 25.04.2015 12:00","2161","2173"
"25.04.2015 12:00 - 25.04.2015 13:00","2115","2138"
"25.04.2015 13:00 - 25.04.2015 14:00","2101","2131"
"25.04.2015 14:00 - 25.04.2015 15:00","2092","2102"
"25.04.2015 15:00 - 25.04.2015 16:00","2050","2069"
"25.04.2015 16:00 - 25.04.2015 17:00","2093","2135"
"25.04.2015 17:00 - 25.04.2015 18:00","2309","2363"
"25.04.2015 18:00 - 25.04.2015 19:00","2324","2291"
"25.04.2015 19:00 - 25.04.2015 20:00","2116","2128"
"25.04.2015 20:00 - 25.04.2015 21:00","2021","1999"
"25.04.2015 21:00 - 25.04.2015 22:00","2023","1987"
"25.04.2015 22:00 - 25.04.2015 23:00","1905","1878"
"25.04.2015 23:00 - 26.04.2015 00:00","1745","1715"
"26.04.2015 00:00 - 26.04.2015 01:00","1619","1616"
"26.04.2015 01:00 - 26.04.2015 02:00","1551","1528"
"26.04.2015 02:00 - 26.04.2015 03:00","1500","1508"
"26.04.2015 03:00 - 26.04.2015 04:00","1502","1488"
"26.04.2015 04:00 - 26.04.2015 05:00","1502","1491"
"26.04.2015 05:00 - 26.04.2015 06:00","1526","1512"
"26.04.2015 06:00 - 26.04.2015 07:00","1569","1569"
"26.04.2015 07:00 - 26.04.2015 08:00","1714","1751"
"26.04.2015 08:00 - 26.04.2015 09:00","1939","1945"
"26.04.2015 09:00 - 26.04.2015 10:00","2050","2032"
"26.04.2015 10:00 - 26.04.2015 11:00","2067","2067"
"26.04.2015 11:00 - 26.04.2015 12:00","2062","2067"
"26.04.2015 12:00 - 26.04.2015 13:00","2038","2040"
"26.04.2015 13:00 - 26.04.2015 14:00","2021","2018"
"26.04.2015 14:00 - 26.04.2015 15:00","2000","1987"
"26.04.2015 15:00 - 26.04.2015 16:00","1954","1955"
"26.04.2015 16:00 - 26.04.2015 17:00","2007","1989"
"26.04.2015 17:00 - 26.04.2015 18:00","2182","2193"
"26.04.2015 18:00 - 26.04.2015 19:00","2188","2194"
"26.04.2015 19:00 - 26.04.2015 20:00","2093","2083"
"26.04.2015 20:00 - 26.04.2015 21:00","2029","2030"
"26.04.2015 21:00 - 26.04.2015 22:00","2050","2032"
"26.04.2015 22:00 - 26.04.2015 23:00","1914","1928"
"26.04.2015 23:00 - 27.04.2015 00:00","1746","1778"
"27.04.2015 00:00 - 27.04.2015 01:00","1628","1678"
"27.04.2015 01:00 - 27.04.2015 02:00","1597","1625"
"27.04.2015 02:00 - 27.04.2015 03:00","1607","1599"
"27.04.2015 03:00 - 27.04.2015 04:00","1608","1632"
"27.04.2015 04:00 - 27.04.2015 05:00","1648","1704"
"27.04.2015 05:00 - 27.04.2015 06:00","1810","1833"
"27.04.2015 06:00 - 27.04.2015 07:00","2206","2218"
"27.04.2015 07:00 - 27.04.2015 08:00","2630","2588"
"27.04.2015 08:00 - 27.04.2015 09:00","2748","2737"
"27.04.2015 09:00 - 27.04.2015 10:00","2756","2737"
"27.04.2015 10:00 - 27.04.2015 11:00","2789","2776"
"27.04.2015 11:00 - 27.04.2015 12:00","2774","2792"
"27.04.2015 12:00 - 27.04.2015 13:00","2724","2749"
"27.04.2015 13:00 - 27.04.2015 14:00","2757","2781"
"27.04.2015 14:00 - 27.04.2015 15:00","2740","2734"
"27.04.2015 15:00 - 27.04.2015 16:00","2594","2594"
"27.04.2015 16:00 - 27.04.2015 17:00","2506","2496"
"27.04.2015 17:00 - 27.04.2015 18:00","2612","2618"
"27.04.2015 18:00 - 27.04.2015 19:00","2524","2548"
"27.04.2015 19:00 - 27.04.2015 20:00","2411","2448"
"27.04.2015 20:00 - 27.04.2015 21:00","2302","2302"
"27.04.2015 21:00 - 27.04.2015 22:00","2253","2294"
"27.04.2015 22:00 - 27.04.2015 23:00","2096","2114"
"27.04.2015 23:00 - 28.04.2015 00:00","1868","1907"
"28.04.2015 00:00 - 28.04.2015 01:00","1806","1785"
"28.04.2015 01:00 - 28.04.2015 02:00","1717","1721"
"28.04.2015 02:00 - 28.04.2015 03:00","1710","1725"
"28.04.2015 03:00 - 28.04.2015 04:00","1727","1745"
"28.04.2015 04:00 - 28.04.2015 05:00","1786","1808"
"28.04.2015 05:00 - 28.04.2015 06:00","1913","1933"
"28.04.2015 06:00 - 28.04.2015 07:00","2255","2264"
"28.04.2015 07:00 - 28.04.2015 08:00","2655","2626"
"28.04.2015 08:00 - 28.04.2015 09:00","2821","2808"
"28.04.2015 09:00 - 28.04.2015 10:00","2831","2793"
"28.04.2015 10:00 - 28.04.2015 11:00","2858","2848"
"28.04.2015 11:00 - 28.04.2015 12:00","2839","2806"
"28.04.2015 12:00 - 28.04.2015 13:00","2734","2724"
"28.04.2015 13:00 - 28.04.2015 14:00","2739","2717"
"28.04.2015 14:00 - 28.04.2015 15:00","2653","2652"
"28.04.2015 15:00 - 28.04.2015 16:00","2529","2527"
"28.04.2015 16:00 - 28.04.2015 17:00","2469","2459"
"28.04.2015 17:00 - 28.04.2015 18:00","2573","2604"
"28.04.2015 18:00 - 28.04.2015 19:00","2515","2546"
"28.04.2015 19:00 - 28.04.2015 20:00","2410","2413"
"28.04.2015 20:00 - 28.04.2015 21:00","2314","2309"
"28.04.2015 21:00 - 28.04.2015 22:00","2292","2330"
"28.04.2015 22:00 - 28.04.2015 23:00","2154","2184"
"28.04.2015 23:00 - 29.04.2015 00:00","1927","1973"
"29.04.2015 00:00 - 29.04.2015 01:00","1790","1826"
"29.04.2015 01:00 - 29.04.2015 02:00","1723","1767"
"29.04.2015 02:00 - 29.04.2015 03:00","1748","1755"
"29.04.2015 03:00 - 29.04.2015 04:00","1756","1755"
"29.04.2015 04:00 - 29.04.2015 05:00","1788","1811"
"29.04.2015 05:00 - 29.04.2015 06:00","1932","1946"
"29.04.2015 06:00 - 29.04.2015 07:00","2269","2283"
"29.04.2015 07:00 - 29.04.2015 08:00","2660","2642"
"29.04.2015 08:00 - 29.04.2015 09:00","2808","2777"
"29.04.2015 09:00 - 29.04.2015 10:00","2785","2750"
"29.04.2015 10:00 - 29.04.2015 11:00","2806","2798"
"29.04.2015 11:00 - 29.04.2015 12:00","2801","2803"
"29.04.2015 12:00 - 29.04.2015 13:00","2734","2725"
"29.04.2015 13:00 - 29.04.2015 14:00","2746","2742"
"29.04.2015 14:00 - 29.04.2015 15:00","2669","2674"
"29.04.2015 15:00 - 29.04.2015 16:00","2534","2545"
"29.04.2015 16:00 - 29.04.2015 17:00","2481","2491"
"29.04.2015 17:00 - 29.04.2015 18:00","2610","2656"
"29.04.2015 18:00 - 29.04.2015 19:00","2565","2600"
"29.04.2015 19:00 - 29.04.2015 20:00","2470","2478"
"29.04.2015 20:00 - 29.04.2015 21:00","2357","2357"
"29.04.2015 21:00 - 29.04.2015 22:00","2342","2316"
"29.04.2015 22:00 - 29.04.2015 23:00","2215","2159"
"29.04.2015 23:00 - 30.04.2015 00:00","1960","1957"
"30.04.2015 00:00 - 30.04.2015 01:00","1794","1850"
"30.04.2015 01:00 - 30.04.2015 02:00","1789","1765"
"30.04.2015 02:00 - 30.04.2015 03:00","1748","1758"
"30.04.2015 03:00 - 30.04.2015 04:00","1771","1783"
"30.04.2015 04:00 - 30.04.2015 05:00","1836","1840"
"30.04.2015 05:00 - 30.04.2015 06:00","1946","1992"
"30.04.2015 06:00 - 30.04.2015 07:00","2292","2317"
"30.04.2015 07:00 - 30.04.2015 08:00","2709","2699"
"30.04.2015 08:00 - 30.04.2015 09:00","2861","2816"
"30.04.2015 09:00 - 30.04.2015 10:00","2831","2791"
"30.04.2015 10:00 - 30.04.2015 11:00","2831","2827"
"30.04.2015 11:00 - 30.04.2015 12:00","2812","2809"
"30.04.2015 12:00 - 30.04.2015 13:00","2733","2730"
"30.04.2015 13:00 - 30.04.2015 14:00","2748","2724"
"30.04.2015 14:00 - 30.04.2015 15:00","2651","2627"
"30.04.2015 15:00 - 30.04.2015 16:00","2510","2501"
"30.04.2015 16:00 - 30.04.2015 17:00","2448","2461"
"30.04.2015 17:00 - 30.04.2015 18:00","2560","2545"
"30.04.2015 18:00 - 30.04.2015 19:00","2487","2484"
"30.04.2015 19:00 - 30.04.2015 20:00","2378","2397"
"30.04.2015 20:00 - 30.04.2015 21:00","2294","2300"
"30.04.2015 21:00 - 30.04.2015 22:00","2272","2277"
"30.04.2015 22:00 - 30.04.2015 23:00","2146","2113"
"30.04.2015 23:00 - 01.05.2015 00:00","1906","1904"
"01.05.2015 00:00 - 01.05.2015 01:00","1748","1734"
"01.05.2015 01:00 - 01.05.2015 02:00","1657","1637"
"01.05.2015 02:00 - 01.05.2015 03:00","1623","1607"
"01.05.2015 03:00 - 01.05.2015 04:00","1610","1609"
"01.05.2015 04:00 - 01.05.2015 05:00","1613","1635"
"01.05.2015 05:00 - 01.05.2015 06:00","1646","1660"
"01.05.2015 06:00 - 01.05.2015 07:00","1712","1746"
"01.05.2015 07:00 - 01.05.2015 08:00","1909","1921"
"01.05.2015 08:00 - 01.05.2015 09:00","2112","2090"
"01.05.2015 09:00 - 01.05.2015 10:00","2181","2154"
"01.05.2015 10:00 - 01.05.2015 11:00","2193","2181"
"01.05.2015 11:00 - 01.05.2015 12:00","2164","2150"
"01.05.2015 12:00 - 01.05.2015 13:00","2098","2109"
"01.05.2015 13:00 - 01.05.2015 14:00","2059","2069"
"01.05.2015 14:00 - 01.05.2015 15:00","2040","2028"
"01.05.2015 15:00 - 01.05.2015 16:00","2013","1983"
"01.05.2015 16:00 - 01.05.2015 17:00","2002","1980"
"01.05.2015 17:00 - 01.05.2015 18:00","2139","2138"
"01.05.2015 18:00 - 01.05.2015 19:00","2145","2137"
"01.05.2015 19:00 - 01.05.2015 20:00","2016","2008"
"01.05.2015 20:00 - 01.05.2015 21:00","1929","1939"
"01.05.2015 21:00 - 01.05.2015 22:00","1931","1955"
"01.05.2015 22:00 - 01.05.2015 23:00","1891","1878"
"01.05.2015 23:00 - 02.05.2015 00:00","1752","1704"
"02.05.2015 00:00 - 02.05.2015 01:00","1553","1585"
"02.05.2015 01:00 - 02.05.2015 02:00","1501","1530"
"02.05.2015 02:00 - 02.05.2015 03:00","1498","1533"
"02.05.2015 03:00 - 02.05.2015 04:00","1519","1553"
"02.05.2015 04:00 - 02.05.2015 05:00","1554","1567"
"02.05.2015 05:00 - 02.05.2015 06:00","1566","1589"
"02.05.2015 06:00 - 02.05.2015 07:00","1654","1629"
"02.05.2015 07:00 - 02.05.2015 08:00","1798","1772"
"02.05.2015 08:00 - 02.05.2015 09:00","1985","1956"
"02.05.2015 09:00 - 02.05.2015 10:00","2064","2041"
"02.05.2015 10:00 - 02.05.2015 11:00","2080","2053"
"02.05.2015 11:00 - 02.05.2015 12:00","2040","2010"
"02.05.2015 12:00 - 02.05.2015 13:00","1979","1962"
"02.05.2015 13:00 - 02.05.2015 14:00","1929","1911"
"02.05.2015 14:00 - 02.05.2015 15:00","1891","1869"
"02.05.2015 15:00 - 02.05.2015 16:00","1866","1857"
"02.05.2015 16:00 - 02.05.2015 17:00","1889","1900"
"02.05.2015 17:00 - 02.05.2015 18:00","2065","2068"
"02.05.2015 18:00 - 02.05.2015 19:00","2071","2085"
"02.05.2015 19:00 - 02.05.2015 20:00","1947","1955"
"02.05.2015 20:00 - 02.05.2015 21:00","1870","1888"
"02.05.2015 21:00 - 02.05.2015 22:00","1871","1903"
"02.05.2015 22:00 - 02.05.2015 23:00","1838","1822"
"02.05.2015 23:00 - 03.05.2015 00:00","1700","1681"
"03.05.2015 00:00 - 03.05.2015 01:00","1606","1581"
"03.05.2015 01:00 - 03.05.2015 02:00","1518","1518"
"03.05.2015 02:00 - 03.05.2015 03:00","1475","1490"
"03.05.2015 03:00 - 03.05.2015 04:00","1465","1507"
"03.05.2015 04:00 - 03.05.2015 05:00","1505","1544"
"03.05.2015 05:00 - 03.05.2015 06:00","1516","1541"
"03.05.2015 06:00 - 03.05.2015 07:00","1574","1602"
"03.05.2015 07:00 - 03.05.2015 08:00","1736","1737"
"03.05.2015 08:00 - 03.05.2015 09:00","1919","1910"
"03.05.2015 09:00 - 03.05.2015 10:00","2021","1992"
"03.05.2015 10:00 - 03.05.2015 11:00","2032","2017"
"03.05.2015 11:00 - 03.05.2015 12:00","2008","1996"
"03.05.2015 12:00 - 03.05.2015 13:00","1962","1949"
"03.05.2015 13:00 - 03.05.2015 14:00","1931","1918"
"03.05.2015 14:00 - 03.05.2015 15:00","1930","1935"
"03.05.2015 15:00 - 03.05.2015 16:00","1918","1912"
"03.05.2015 16:00 - 03.05.2015 17:00","1948","1965"
"03.05.2015 17:00 - 03.05.2015 18:00","2136","2145"
"03.05.2015 18:00 - 03.05.2015 19:00","2119","2143"
"03.05.2015 19:00 - 03.05.2015 20:00","2045","2072"
"03.05.2015 20:00 - 03.05.2015 21:00","1991","2016"
"03.05.2015 21:00 - 03.05.2015 22:00","1977","1986"
"03.05.2015 22:00 - 03.05.2015 23:00","1913","1863"
"03.05.2015 23:00 - 04.05.2015 00:00","1762","1754"
"04.05.2015 00:00 - 04.05.2015 01:00","1664","1677"
"04.05.2015 01:00 - 04.05.2015 02:00","1630","1620"
"04.05.2015 02:00 - 04.05.2015 03:00","1619","1620"
"04.05.2015 03:00 - 04.05.2015 04:00","1639","1640"
"04.05.2015 04:00 - 04.05.2015 05:00","1702","1711"
"04.05.2015 05:00 - 04.05.2015 06:00","1833","1825"
"04.05.2015 06:00 - 04.05.2015 07:00","2173","2154"
"04.05.2015 07:00 - 04.05.2015 08:00","2569","2570"
"04.05.2015 08:00 - 04.05.2015 09:00","2738","2741"
"04.05.2015 09:00 - 04.05.2015 10:00","2766","2767"
"04.05.2015 10:00 - 04.05.2015 11:00","2845","2843"
"04.05.2015 11:00 - 04.05.2015 12:00","2827","2831"
"04.05.2015 12:00 - 04.05.2015 13:00","2765","2767"
"04.05.2015 13:00 - 04.05.2015 14:00","2810","2798"
"04.05.2015 14:00 - 04.05.2015 15:00","2739","2679"
"04.05.2015 15:00 - 04.05.2015 16:00","2576","2591"
"04.05.2015 16:00 - 04.05.2015 17:00","2554","2651"
"04.05.2015 17:00 - 04.05.2015 18:00","2757","2855"
"04.05.2015 18:00 - 04.05.2015 19:00","2729","2872"
"04.05.2015 19:00 - 04.05.2015 20:00","2752","2657"
"04.05.2015 20:00 - 04.05.2015 21:00","2582","2275"
"04.05.2015 21:00 - 04.05.2015 22:00","2284","2246"
"04.05.2015 22:00 - 04.05.2015 23:00","2176","2122"
"04.05.2015 23:00 - 05.05.2015 00:00","1955","1907"
"05.05.2015 00:00 - 05.05.2015 01:00","1742","1758"
"05.05.2015 01:00 - 05.05.2015 02:00","1684","1697"
"05.05.2015 02:00 - 05.05.2015 03:00","1679","1699"
"05.05.2015 03:00 - 05.05.2015 04:00","1704","1696"
"05.05.2015 04:00 - 05.05.2015 05:00","1756","1755"
"05.05.2015 05:00 - 05.05.2015 06:00","1864","1860"
"05.05.2015 06:00 - 05.05.2015 07:00","2181","2187"
"05.05.2015 07:00 - 05.05.2015 08:00","2520","2524"
"05.05.2015 08:00 - 05.05.2015 09:00","2726","2730"
"05.05.2015 09:00 - 05.05.2015 10:00","2767","2780"
"05.05.2015 10:00 - 05.05.2015 11:00","2838","2869"
"05.05.2015 11:00 - 05.05.2015 12:00","2839","2878"
"05.05.2015 12:00 - 05.05.2015 13:00","2786","2796"
"05.05.2015 13:00 - 05.05.2015 14:00","2809","2814"
"05.05.2015 14:00 - 05.05.2015 15:00","2745","2784"
"05.05.2015 15:00 - 05.05.2015 16:00","2653","2694"
"05.05.2015 16:00 - 05.05.2015 17:00","2613","2632"
"05.05.2015 17:00 - 05.05.2015 18:00","2710","2737"
"05.05.2015 18:00 - 05.05.2015 19:00","2632","2640"
"05.05.2015 19:00 - 05.05.2015 20:00","2482","2501"
"05.05.2015 20:00 - 05.05.2015 21:00","2387","2373"
"05.05.2015 21:00 - 05.05.2015 22:00","2344","2305"
"05.05.2015 22:00 - 05.05.2015 23:00","2218","2148"
"05.05.2015 23:00 - 06.05.2015 00:00","1982","1941"
"06.05.2015 00:00 - 06.05.2015 01:00","1819","1811"
"06.05.2015 01:00 - 06.05.2015 02:00","1766","1757"
"06.05.2015 02:00 - 06.05.2015 03:00","1727","1722"
"06.05.2015 03:00 - 06.05.2015 04:00","1716","1758"
"06.05.2015 04:00 - 06.05.2015 05:00","1748","1790"
"06.05.2015 05:00 - 06.05.2015 06:00","1846","1858"
"06.05.2015 06:00 - 06.05.2015 07:00","2195","2180"
"06.05.2015 07:00 - 06.05.2015 08:00","2575","2564"
"06.05.2015 08:00 - 06.05.2015 09:00","2732","2723"
"06.05.2015 09:00 - 06.05.2015 10:00","2728","2751"
"06.05.2015 10:00 - 06.05.2015 11:00","2781","2795"
"06.05.2015 11:00 - 06.05.2015 12:00","2779","2784"
"06.05.2015 12:00 - 06.05.2015 13:00","2723","2733"
"06.05.2015 13:00 - 06.05.2015 14:00","2744","2770"
"06.05.2015 14:00 - 06.05.2015 15:00","2673","2698"
"06.05.2015 15:00 - 06.05.2015 16:00","2518","2581"
"06.05.2015 16:00 - 06.05.2015 17:00","2503","2516"
"06.05.2015 17:00 - 06.05.2015 18:00","2634","2665"
"06.05.2015 18:00 - 06.05.2015 19:00","2559","2595"
"06.05.2015 19:00 - 06.05.2015 20:00","2451","2473"
"06.05.2015 20:00 - 06.05.2015 21:00","2341","2321"
"06.05.2015 21:00 - 06.05.2015 22:00","2266","2265"
"06.05.2015 22:00 - 06.05.2015 23:00","2142","2136"
"06.05.2015 23:00 - 07.05.2015 00:00","1924","2007"
"07.05.2015 00:00 - 07.05.2015 01:00","1777","1820"
"07.05.2015 01:00 - 07.05.2015 02:00","1794","1804"
"07.05.2015 02:00 - 07.05.2015 03:00","1789","1795"
"07.05.2015 03:00 - 07.05.2015 04:00","1797","1819"
"07.05.2015 04:00 - 07.05.2015 05:00","1847","1862"
"07.05.2015 05:00 - 07.05.2015 06:00","1942","1967"
"07.05.2015 06:00 - 07.05.2015 07:00","2272","2296"
"07.05.2015 07:00 - 07.05.2015 08:00","2665","2666"
"07.05.2015 08:00 - 07.05.2015 09:00","2826","2817"
"07.05.2015 09:00 - 07.05.2015 10:00","2823","2819"
"07.05.2015 10:00 - 07.05.2015 11:00","2861","2883"
"07.05.2015 11:00 - 07.05.2015 12:00","2863","2879"
"07.05.2015 12:00 - 07.05.2015 13:00","2797","2774"
"07.05.2015 13:00 - 07.05.2015 14:00","2784","2800"
"07.05.2015 14:00 - 07.05.2015 15:00","2723","2734"
"07.05.2015 15:00 - 07.05.2015 16:00","2604","2596"
"07.05.2015 16:00 - 07.05.2015 17:00","2535","2533"
"07.05.2015 17:00 - 07.05.2015 18:00","2657","2671"
"07.05.2015 18:00 - 07.05.2015 19:00","2588","2587"
"07.05.2015 19:00 - 07.05.2015 20:00","2460","2472"
"07.05.2015 20:00 - 07.05.2015 21:00","2359","2372"
"07.05.2015 21:00 - 07.05.2015 22:00","2317","2325"
"07.05.2015 22:00 - 07.05.2015 23:00","2195","2188"
"07.05.2015 23:00 - 08.05.2015 00:00","1974","1948"
"08.05.2015 00:00 - 08.05.2015 01:00","1795","1810"
"08.05.2015 01:00 - 08.05.2015 02:00","1725","1725"
"08.05.2015 02:00 - 08.05.2015 03:00","1721","1760"
"08.05.2015 03:00 - 08.05.2015 04:00","1754","1801"
"08.05.2015 04:00 - 08.05.2015 05:00","1833","1881"
"08.05.2015 05:00 - 08.05.2015 06:00","1961","1969"
"08.05.2015 06:00 - 08.05.2015 07:00","2310","2295"
"08.05.2015 07:00 - 08.05.2015 08:00","2669","2684"
"08.05.2015 08:00 - 08.05.2015 09:00","2816","2776"
"08.05.2015 09:00 - 08.05.2015 10:00","2777","2764"
"08.05.2015 10:00 - 08.05.2015 11:00","2795","2801"
"08.05.2015 11:00 - 08.05.2015 12:00","2769","2772"
"08.05.2015 12:00 - 08.05.2015 13:00","2634","2642"
"08.05.2015 13:00 - 08.05.2015 14:00","2544","2572"
"08.05.2015 14:00 - 08.05.2015 15:00","2428","2408"
"08.05.2015 15:00 - 08.05.2015 16:00","2295","2302"
"08.05.2015 16:00 - 08.05.2015 17:00","2292","2281"
"08.05.2015 17:00 - 08.05.2015 18:00","2411","2394"
"08.05.2015 18:00 - 08.05.2015 19:00","2348","2377"
"08.05.2015 19:00 - 08.05.2015 20:00","2207","2206"
"08.05.2015 20:00 - 08.05.2015 21:00","2081","2070"
"08.05.2015 21:00 - 08.05.2015 22:00","2058","2018"
"08.05.2015 22:00 - 08.05.2015 23:00","1983","1965"
"08.05.2015 23:00 - 09.05.2015 00:00","1821","1809"
"09.05.2015 00:00 - 09.05.2015 01:00","1696","1667"
"09.05.2015 01:00 - 09.05.2015 02:00","1590","1589"
"09.05.2015 02:00 - 09.05.2015 03:00","1552","1550"
"09.05.2015 03:00 - 09.05.2015 04:00","1550","1560"
"09.05.2015 04:00 - 09.05.2015 05:00","1566","1576"
"09.05.2015 05:00 - 09.05.2015 06:00","1566","1561"
"09.05.2015 06:00 - 09.05.2015 07:00","1667","1671"
"09.05.2015 07:00 - 09.05.2015 08:00","1860","1846"
"09.05.2015 08:00 - 09.05.2015 09:00","2035","2032"
"09.05.2015 09:00 - 09.05.2015 10:00","2150","2162"
"09.05.2015 10:00 - 09.05.2015 11:00","2231","2246"
"09.05.2015 11:00 - 09.05.2015 12:00","2233","2268"
"09.05.2015 12:00 - 09.05.2015 13:00","2205","2206"
"09.05.2015 13:00 - 09.05.2015 14:00","2169","2208"
"09.05.2015 14:00 - 09.05.2015 15:00","2178","2184"
"09.05.2015 15:00 - 09.05.2015 16:00","2133","2134"
"09.05.2015 16:00 - 09.05.2015 17:00","2142","2128"
"09.05.2015 17:00 - 09.05.2015 18:00","2274","2310"
"09.05.2015 18:00 - 09.05.2015 19:00","2285","2318"
"09.05.2015 19:00 - 09.05.2015 20:00","2148","2160"
"09.05.2015 20:00 - 09.05.2015 21:00","2043","2025"
"09.05.2015 21:00 - 09.05.2015 22:00","2007","1977"
"09.05.2015 22:00 - 09.05.2015 23:00","1942","1899"
"09.05.2015 23:00 - 10.05.2015 00:00","1794","1786"
"10.05.2015 00:00 - 10.05.2015 01:00","1608","1678"
"10.05.2015 01:00 - 10.05.2015 02:00","1582","1635"
"10.05.2015 02:00 - 10.05.2015 03:00","1576","1617"
"10.05.2015 03:00 - 10.05.2015 04:00","1580","1612"
"10.05.2015 04:00 - 10.05.2015 05:00","1584","1588"
"10.05.2015 05:00 - 10.05.2015 06:00","1562","1620"
"10.05.2015 06:00 - 10.05.2015 07:00","1657","1678"
"10.05.2015 07:00 - 10.05.2015 08:00","1816","1829"
"10.05.2015 08:00 - 10.05.2015 09:00","1994","2019"
"10.05.2015 09:00 - 10.05.2015 10:00","2102","2095"
"10.05.2015 10:00 - 10.05.2015 11:00","2134","2157"
"10.05.2015 11:00 - 10.05.2015 12:00","2167","2154"
"10.05.2015 12:00 - 10.05.2015 13:00","2119","2095"
"10.05.2015 13:00 - 10.05.2015 14:00","2067","2052"
"10.05.2015 14:00 - 10.05.2015 15:00","2015","1993"
"10.05.2015 15:00 - 10.05.2015 16:00","1980","1963"
"10.05.2015 16:00 - 10.05.2015 17:00","2014","1974"
"10.05.2015 17:00 - 10.05.2015 18:00","2148","2123"
"10.05.2015 18:00 - 10.05.2015 19:00","2129","2141"
"10.05.2015 19:00 - 10.05.2015 20:00","2034","2036"
"10.05.2015 20:00 - 10.05.2015 21:00","1963","1995"
"10.05.2015 21:00 - 10.05.2015 22:00","1965","1981"
"10.05.2015 22:00 - 10.05.2015 23:00","1908","1932"
"10.05.2015 23:00 - 11.05.2015 00:00","1755","1792"
"11.05.2015 00:00 - 11.05.2015 01:00","1663","1677"
"11.05.2015 01:00 - 11.05.2015 02:00","1612","1625"
"11.05.2015 02:00 - 11.05.2015 03:00","1603","1624"
"11.05.2015 03:00 - 11.05.2015 04:00","1635","1650"
"11.05.2015 04:00 - 11.05.2015 05:00","1700","1716"
"11.05.2015 05:00 - 11.05.2015 06:00","1808","1812"
"11.05.2015 06:00 - 11.05.2015 07:00","2137","2135"
"11.05.2015 07:00 - 11.05.2015 08:00","2529","2548"
"11.05.2015 08:00 - 11.05.2015 09:00","2724","2727"
"11.05.2015 09:00 - 11.05.2015 10:00","2739","2732"
"11.05.2015 10:00 - 11.05.2015 11:00","2786","2814"
"11.05.2015 11:00 - 11.05.2015 12:00","2811","2770"
"11.05.2015 12:00 - 11.05.2015 13:00","2696","2669"
"11.05.2015 13:00 - 11.05.2015 14:00","2677","2724"
"11.05.2015 14:00 - 11.05.2015 15:00","2651","2643"
"11.05.2015 15:00 - 11.05.2015 16:00","2494","2507"
"11.05.2015 16:00 - 11.05.2015 17:00","2449","2484"
"11.05.2015 17:00 - 11.05.2015 18:00","2574","2615"
"11.05.2015 18:00 - 11.05.2015 19:00","2530","2556"
"11.05.2015 19:00 - 11.05.2015 20:00","2415","2433"
"11.05.2015 20:00 - 11.05.2015 21:00","2308","2335"
"11.05.2015 21:00 - 11.05.2015 22:00","2258","2281"
"11.05.2015 22:00 - 11.05.2015 23:00","2168","2157"
"11.05.2015 23:00 - 12.05.2015 00:00","1943","1934"
"12.05.2015 00:00 - 12.05.2015 01:00","1717","1771"
"12.05.2015 01:00 - 12.05.2015 02:00","1703","1723"
"12.05.2015 02:00 - 12.05.2015 03:00","1684","1682"
"12.05.2015 03:00 - 12.05.2015 04:00","1686","1702"
"12.05.2015 04:00 - 12.05.2015 05:00","1743","1750"
"12.05.2015 05:00 - 12.05.2015 06:00","1842","1840"
"12.05.2015 06:00 - 12.05.2015 07:00","2170","2187"
"12.05.2015 07:00 - 12.05.2015 08:00","2559","2603"
"12.05.2015 08:00 - 12.05.2015 09:00","2719","2777"
"12.05.2015 09:00 - 12.05.2015 10:00","2782","2776"
"12.05.2015 10:00 - 12.05.2015 11:00","2841","2854"
"12.05.2015 11:00 - 12.05.2015 12:00","2831","2834"
"12.05.2015 12:00 - 12.05.2015 13:00","2775","2797"
"12.05.2015 13:00 - 12.05.2015 14:00","2813","2785"
"12.05.2015 14:00 - 12.05.2015 15:00","2709","2734"
"12.05.2015 15:00 - 12.05.2015 16:00","2611","2624"
"12.05.2015 16:00 - 12.05.2015 17:00","2617","2639"
"12.05.2015 17:00 - 12.05.2015 18:00","2734","2800"
"12.05.2015 18:00 - 12.05.2015 19:00","2694","2724"
"12.05.2015 19:00 - 12.05.2015 20:00","2551","2581"
"12.05.2015 20:00 - 12.05.2015 21:00","2431","2438"
"12.05.2015 21:00 - 12.05.2015 22:00","2368","2338"
"12.05.2015 22:00 - 12.05.2015 23:00","2256","2159"
"12.05.2015 23:00 - 13.05.2015 00:00","2003","1947"
"13.05.2015 00:00 - 13.05.2015 01:00","1781","1829"
"13.05.2015 01:00 - 13.05.2015 02:00","1733","1795"
"13.05.2015 02:00 - 13.05.2015 03:00","1748","1775"
"13.05.2015 03:00 - 13.05.2015 04:00","1770","1798"
"13.05.2015 04:00 - 13.05.2015 05:00","1824","1841"
"13.05.2015 05:00 - 13.05.2015 06:00","1897","1878"
"13.05.2015 06:00 - 13.05.2015 07:00","2235","2253"
"13.05.2015 07:00 - 13.05.2015 08:00","2653","2629"
"13.05.2015 08:00 - 13.05.2015 09:00","2818","2854"
"13.05.2015 09:00 - 13.05.2015 10:00","2846","2877"
"13.05.2015 10:00 - 13.05.2015 11:00","2916","2933"
"13.05.2015 11:00 - 13.05.2015 12:00","2905","2890"
"13.05.2015 12:00 - 13.05.2015 13:00","2814","2801"
"13.05.2015 13:00 - 13.05.2015 14:00","2806","2800"
"13.05.2015 14:00 - 13.05.2015 15:00","2729","2742"
"13.05.2015 15:00 - 13.05.2015 16:00","2623","2643"
"13.05.2015 16:00 - 13.05.2015 17:00","2587","2609"
"13.05.2015 17:00 - 13.05.2015 18:00","2686","2667"
"13.05.2015 18:00 - 13.05.2015 19:00","2605","2619"
"13.05.2015 19:00 - 13.05.2015 20:00","2476","2454"
"13.05.2015 20:00 - 13.05.2015 21:00","2344","2337"
"13.05.2015 21:00 - 13.05.2015 22:00","2279","2227"
"13.05.2015 22:00 - 13.05.2015 23:00","2184","2099"
"13.05.2015 23:00 - 14.05.2015 00:00","1968","1900"
"14.05.2015 00:00 - 14.05.2015 01:00","1740","1748"
"14.05.2015 01:00 - 14.05.2015 02:00","1654","1663"
"14.05.2015 02:00 - 14.05.2015 03:00","1609","1614"
"14.05.2015 03:00 - 14.05.2015 04:00","1592","1600"
"14.05.2015 04:00 - 14.05.2015 05:00","1591","1618"
"14.05.2015 05:00 - 14.05.2015 06:00","1604","1626"
"14.05.2015 06:00 - 14.05.2015 07:00","1703","1722"
"14.05.2015 07:00 - 14.05.2015 08:00","1899","1937"
"14.05.2015 08:00 - 14.05.2015 09:00","2118","2107"
"14.05.2015 09:00 - 14.05.2015 10:00","2212","2162"
"14.05.2015 10:00 - 14.05.2015 11:00","2196","2181"
"14.05.2015 11:00 - 14.05.2015 12:00","2167","2154"
"14.05.2015 12:00 - 14.05.2015 13:00","2101","2110"
"14.05.2015 13:00 - 14.05.2015 14:00","2055","2035"
"14.05.2015 14:00 - 14.05.2015 15:00","2011","1984"
"14.05.2015 15:00 - 14.05.2015 16:00","1964","1966"
"14.05.2015 16:00 - 14.05.2015 17:00","1992","1986"
"14.05.2015 17:00 - 14.05.2015 18:00","2142","2162"
"14.05.2015 18:00 - 14.05.2015 19:00","2154","2169"
"14.05.2015 19:00 - 14.05.2015 20:00","2036","2049"
"14.05.2015 20:00 - 14.05.2015 21:00","1965","1978"
"14.05.2015 21:00 - 14.05.2015 22:00","1917","1940"
"14.05.2015 22:00 - 14.05.2015 23:00","1887","1900"
"14.05.2015 23:00 - 15.05.2015 00:00","1758","1769"
"15.05.2015 00:00 - 15.05.2015 01:00","1615","1627"
"15.05.2015 01:00 - 15.05.2015 02:00","1535","1548"
"15.05.2015 02:00 - 15.05.2015 03:00","1515","1525"
"15.05.2015 03:00 - 15.05.2015 04:00","1523","1522"
"15.05.2015 04:00 - 15.05.2015 05:00","1535","1555"
"15.05.2015 05:00 - 15.05.2015 06:00","1587","1589"
"15.05.2015 06:00 - 15.05.2015 07:00","1763","1783"
"15.05.2015 07:00 - 15.05.2015 08:00","2034","2033"
"15.05.2015 08:00 - 15.05.2015 09:00","2239","2237"
"15.05.2015 09:00 - 15.05.2015 10:00","2331","2313"
"15.05.2015 10:00 - 15.05.2015 11:00","2367","2342"
"15.05.2015 11:00 - 15.05.2015 12:00","2341","2335"
"15.05.2015 12:00 - 15.05.2015 13:00","2298","2278"
"15.05.2015 13:00 - 15.05.2015 14:00","2236","2252"
"15.05.2015 14:00 - 15.05.2015 15:00","2179","2181"
"15.05.2015 15:00 - 15.05.2015 16:00","2123","2115"
"15.05.2015 16:00 - 15.05.2015 17:00","2128","2138"
"15.05.2015 17:00 - 15.05.2015 18:00","2224","2235"
"15.05.2015 18:00 - 15.05.2015 19:00","2197","2241"
"15.05.2015 19:00 - 15.05.2015 20:00","2086","2078"
"15.05.2015 20:00 - 15.05.2015 21:00","1960","1956"
"15.05.2015 21:00 - 15.05.2015 22:00","1890","1916"
"15.05.2015 22:00 - 15.05.2015 23:00","1869","1876"
"15.05.2015 23:00 - 16.05.2015 00:00","1753","1720"
"16.05.2015 00:00 - 16.05.2015 01:00","1622","1612"
"16.05.2015 01:00 - 16.05.2015 02:00","1543","1544"
"16.05.2015 02:00 - 16.05.2015 03:00","1506","1499"
"16.05.2015 03:00 - 16.05.2015 04:00","1494","1493"
"16.05.2015 04:00 - 16.05.2015 05:00","1484","1490"
"16.05.2015 05:00 - 16.05.2015 06:00","1490","1505"
"16.05.2015 06:00 - 16.05.2015 07:00","1603","1593"
"16.05.2015 07:00 - 16.05.2015 08:00","1803","1810"
"16.05.2015 08:00 - 16.05.2015 09:00","2008","1982"
"16.05.2015 09:00 - 16.05.2015 10:00","2098","2077"
"16.05.2015 10:00 - 16.05.2015 11:00","2136","2135"
"16.05.2015 11:00 - 16.05.2015 12:00","2123","2137"
"16.05.2015 12:00 - 16.05.2015 13:00","2064","2114"
"16.05.2015 13:00 - 16.05.2015 14:00","2043","2096"
"16.05.2015 14:00 - 16.05.2015 15:00","2019","2069"
"16.05.2015 15:00 - 16.05.2015 16:00","2000","2032"
"16.05.2015 16:00 - 16.05.2015 17:00","2037","2057"
"16.05.2015 17:00 - 16.05.2015 18:00","2187","2207"
"16.05.2015 18:00 - 16.05.2015 19:00","2178","2162"
"16.05.2015 19:00 - 16.05.2015 20:00","2016","2005"
"16.05.2015 20:00 - 16.05.2015 21:00","1903","1888"
"16.05.2015 21:00 - 16.05.2015 22:00","1844","1831"
"16.05.2015 22:00 - 16.05.2015 23:00","1822","1833"
"16.05.2015 23:00 - 17.05.2015 00:00","1713","1707"
"17.05.2015 00:00 - 17.05.2015 01:00","1601","1585"
"17.05.2015 01:00 - 17.05.2015 02:00","1483","1509"
"17.05.2015 02:00 - 17.05.2015 03:00","1485","1502"
"17.05.2015 03:00 - 17.05.2015 04:00","1502","1532"
"17.05.2015 04:00 - 17.05.2015 05:00","1513","1516"
"17.05.2015 05:00 - 17.05.2015 06:00","1492","1508"
"17.05.2015 06:00 - 17.05.2015 07:00","1583","1560"
"17.05.2015 07:00 - 17.05.2015 08:00","1728","1660"
"17.05.2015 08:00 - 17.05.2015 09:00","1892","1869"
"17.05.2015 09:00 - 17.05.2015 10:00","1971","1966"
"17.05.2015 10:00 - 17.05.2015 11:00","2021","2034"
"17.05.2015 11:00 - 17.05.2015 12:00","2034","2064"
"17.05.2015 12:00 - 17.05.2015 13:00","2016","2061"
"17.05.2015 13:00 - 17.05.2015 14:00","2028","2047"
"17.05.2015 14:00 - 17.05.2015 15:00","2028","2026"
"17.05.2015 15:00 - 17.05.2015 16:00","1980","1956"
"17.05.2015 16:00 - 17.05.2015 17:00","2024","2039"
"17.05.2015 17:00 - 17.05.2015 18:00","2230","2231"
"17.05.2015 18:00 - 17.05.2015 19:00","2210","2156"
"17.05.2015 19:00 - 17.05.2015 20:00","2054","2036"
"17.05.2015 20:00 - 17.05.2015 21:00","1960","1941"
"17.05.2015 21:00 - 17.05.2015 22:00","1918","1906"
"17.05.2015 22:00 - 17.05.2015 23:00","1872","1872"
"17.05.2015 23:00 - 18.05.2015 00:00","1726","1712"
"18.05.2015 00:00 - 18.05.2015 01:00","1599","1635"
"18.05.2015 01:00 - 18.05.2015 02:00","1585","1589"
"18.05.2015 02:00 - 18.05.2015 03:00","1559","1557"
"18.05.2015 03:00 - 18.05.2015 04:00","1569","1567"
"18.05.2015 04:00 - 18.05.2015 05:00","1609","1625"
"18.05.2015 05:00 - 18.05.2015 06:00","1730","1719"
"18.05.2015 06:00 - 18.05.2015 07:00","2112","2106"
"18.05.2015 07:00 - 18.05.2015 08:00","2533","2515"
"18.05.2015 08:00 - 18.05.2015 09:00","2724","2710"
"18.05.2015 09:00 - 18.05.2015 10:00","2736","2711"
"18.05.2015 10:00 - 18.05.2015 11:00","2806","2800"
"18.05.2015 11:00 - 18.05.2015 12:00","2810","2804"
"18.05.2015 12:00 - 18.05.2015 13:00","2745","2738"
"18.05.2015 13:00 - 18.05.2015 14:00","2765","2774"
"18.05.2015 14:00 - 18.05.2015 15:00","2736","2739"
"18.05.2015 15:00 - 18.05.2015 16:00","2598","2590"
"18.05.2015 16:00 - 18.05.2015 17:00","2537","2571"
"18.05.2015 17:00 - 18.05.2015 18:00","2661","2696"
"18.05.2015 18:00 - 18.05.2015 19:00","2602","2652"
"18.05.2015 19:00 - 18.05.2015 20:00","2491","2519"
"18.05.2015 20:00 - 18.05.2015 21:00","2357","2385"
"18.05.2015 21:00 - 18.05.2015 22:00","2249","2308"
"18.05.2015 22:00 - 18.05.2015 23:00","2160","2162"
"18.05.2015 23:00 - 19.05.2015 00:00","1917","1982"
"19.05.2015 00:00 - 19.05.2015 01:00","1807","1895"
"19.05.2015 01:00 - 19.05.2015 02:00","1790","1772"
"19.05.2015 02:00 - 19.05.2015 03:00","1736","1726"
"19.05.2015 03:00 - 19.05.2015 04:00","1710","1724"
"19.05.2015 04:00 - 19.05.2015 05:00","1749","1806"
"19.05.2015 05:00 - 19.05.2015 06:00","1876","1888"
"19.05.2015 06:00 - 19.05.2015 07:00","2228","2213"
"19.05.2015 07:00 - 19.05.2015 08:00","2611","2602"
"19.05.2015 08:00 - 19.05.2015 09:00","2779","2763"
"19.05.2015 09:00 - 19.05.2015 10:00","2763","2750"
"19.05.2015 10:00 - 19.05.2015 11:00","2834","2865"
"19.05.2015 11:00 - 19.05.2015 12:00","2864","2847"
"19.05.2015 12:00 - 19.05.2015 13:00","2768","2756"
"19.05.2015 13:00 - 19.05.2015 14:00","2779","2780"
"19.05.2015 14:00 - 19.05.2015 15:00","2697","2687"
"19.05.2015 15:00 - 19.05.2015 16:00","2572","2576"
"19.05.2015 16:00 - 19.05.2015 17:00","2481","2452"
"19.05.2015 17:00 - 19.05.2015 18:00","2530","2536"
"19.05.2015 18:00 - 19.05.2015 19:00","2488","2493"
"19.05.2015 19:00 - 19.05.2015 20:00","2368","2400"
"19.05.2015 20:00 - 19.05.2015 21:00","2349","2409"
"19.05.2015 21:00 - 19.05.2015 22:00","2292","2323"
"19.05.2015 22:00 - 19.05.2015 23:00","2226","2165"
"19.05.2015 23:00 - 20.05.2015 00:00","1997","1963"
"20.05.2015 00:00 - 20.05.2015 01:00","1769","1817"
"20.05.2015 01:00 - 20.05.2015 02:00","1738","1744"
"20.05.2015 02:00 - 20.05.2015 03:00","1718","1718"
"20.05.2015 03:00 - 20.05.2015 04:00","1719","1720"
"20.05.2015 04:00 - 20.05.2015 05:00","1750","1783"
"20.05.2015 05:00 - 20.05.2015 06:00","1853","1850"
"20.05.2015 06:00 - 20.05.2015 07:00","2206","2213"
"20.05.2015 07:00 - 20.05.2015 08:00","2589","2612"
"20.05.2015 08:00 - 20.05.2015 09:00","2788","2759"
"20.05.2015 09:00 - 20.05.2015 10:00","2768","2768"
"20.05.2015 10:00 - 20.05.2015 11:00","2841","2830"
"20.05.2015 11:00 - 20.05.2015 12:00","2839","2826"
"20.05.2015 12:00 - 20.05.2015 13:00","2772","2745"
"20.05.2015 13:00 - 20.05.2015 14:00","2753","2762"
"20.05.2015 14:00 - 20.05.2015 15:00","2718","2755"
"20.05.2015 15:00 - 20.05.2015 16:00","2617","2606"
"20.05.2015 16:00 - 20.05.2015 17:00","2556","2584"
"20.05.2015 17:00 - 20.05.2015 18:00","2688","2695"
"20.05.2015 18:00 - 20.05.2015 19:00","2587","2586"
"20.05.2015 19:00 - 20.05.2015 20:00","2461","2447"
"20.05.2015 20:00 - 20.05.2015 21:00","2335","2308"
"20.05.2015 21:00 - 20.05.2015 22:00","2249","2213"
"20.05.2015 22:00 - 20.05.2015 23:00","2209","2149"
"20.05.2015 23:00 - 21.05.2015 00:00","2003","1965"
"21.05.2015 00:00 - 21.05.2015 01:00","1759","1812"
"21.05.2015 01:00 - 21.05.2015 02:00","1731","1753"
"21.05.2015 02:00 - 21.05.2015 03:00","1721","1729"
"21.05.2015 03:00 - 21.05.2015 04:00","1713","1730"
"21.05.2015 04:00 - 21.05.2015 05:00","1743","1755"
"21.05.2015 05:00 - 21.05.2015 06:00","1839","1860"
"21.05.2015 06:00 - 21.05.2015 07:00","2210","2221"
"21.05.2015 07:00 - 21.05.2015 08:00","2597","2607"
"21.05.2015 08:00 - 21.05.2015 09:00","2772","2757"
"21.05.2015 09:00 - 21.05.2015 10:00","2771","2779"
"21.05.2015 10:00 - 21.05.2015 11:00","2850","2833"
"21.05.2015 11:00 - 21.05.2015 12:00","2833","2824"
"21.05.2015 12:00 - 21.05.2015 13:00","2756","2753"
"21.05.2015 13:00 - 21.05.2015 14:00","2774","2775"
"21.05.2015 14:00 - 21.05.2015 15:00","2713","2711"
"21.05.2015 15:00 - 21.05.2015 16:00","2584","2597"
"21.05.2015 16:00 - 21.05.2015 17:00","2540","2525"
"21.05.2015 17:00 - 21.05.2015 18:00","2615","2610"
"21.05.2015 18:00 - 21.05.2015 19:00","2511","2527"
"21.05.2015 19:00 - 21.05.2015 20:00","2410","2420"
"21.05.2015 20:00 - 21.05.2015 21:00","2315","2288"
"21.05.2015 21:00 - 21.05.2015 22:00","2212","2207"
"21.05.2015 22:00 - 21.05.2015 23:00","2160","2139"
"21.05.2015 23:00 - 22.05.2015 00:00","1960","1954"
"22.05.2015 00:00 - 22.05.2015 01:00","1763","1798"
"22.05.2015 01:00 - 22.05.2015 02:00","1710","1734"
"22.05.2015 02:00 - 22.05.2015 03:00","1691","1718"
"22.05.2015 03:00 - 22.05.2015 04:00","1703","1720"
"22.05.2015 04:00 - 22.05.2015 05:00","1719","1752"
"22.05.2015 05:00 - 22.05.2015 06:00","1831","1857"
"22.05.2015 06:00 - 22.05.2015 07:00","2176","2204"
"22.05.2015 07:00 - 22.05.2015 08:00","2563","2593"
"22.05.2015 08:00 - 22.05.2015 09:00","2742","2750"
"22.05.2015 09:00 - 22.05.2015 10:00","2754","2771"
"22.05.2015 10:00 - 22.05.2015 11:00","2809","2822"
"22.05.2015 11:00 - 22.05.2015 12:00","2784","2775"
"22.05.2015 12:00 - 22.05.2015 13:00","2667","2664"
"22.05.2015 13:00 - 22.05.2015 14:00","2593","2616"
"22.05.2015 14:00 - 22.05.2015 15:00","2474","2472"
"22.05.2015 15:00 - 22.05.2015 16:00","2346","2345"
"22.05.2015 16:00 - 22.05.2015 17:00","2322","2319"
"22.05.2015 17:00 - 22.05.2015 18:00","2408","2433"
"22.05.2015 18:00 - 22.05.2015 19:00","2390","2397"
"22.05.2015 19:00 - 22.05.2015 20:00","2248","2279"
"22.05.2015 20:00 - 22.05.2015 21:00","2148","2154"
"22.05.2015 21:00 - 22.05.2015 22:00","2061","2061"
"22.05.2015 22:00 - 22.05.2015 23:00","2030","1966"
"22.05.2015 23:00 - 23.05.2015 00:00","1886","1834"
"23.05.2015 00:00 - 23.05.2015 01:00","1653","1696"
"23.05.2015 01:00 - 23.05.2015 02:00","1597","1622"
"23.05.2015 02:00 - 23.05.2015 03:00","1562","1572"
"23.05.2015 03:00 - 23.05.2015 04:00","1548","1572"
"23.05.2015 04:00 - 23.05.2015 05:00","1532","1554"
"23.05.2015 05:00 - 23.05.2015 06:00","1539","1563"
"23.05.2015 06:00 - 23.05.2015 07:00","1662","1659"
"23.05.2015 07:00 - 23.05.2015 08:00","1819","1842"
"23.05.2015 08:00 - 23.05.2015 09:00","2022","2033"
"23.05.2015 09:00 - 23.05.2015 10:00","2141","2152"
"23.05.2015 10:00 - 23.05.2015 11:00","2171","2194"
"23.05.2015 11:00 - 23.05.2015 12:00","2168","2160"
"23.05.2015 12:00 - 23.05.2015 13:00","2101","2099"
"23.05.2015 13:00 - 23.05.2015 14:00","2049","2036"
"23.05.2015 14:00 - 23.05.2015 15:00","1997","1986"
"23.05.2015 15:00 - 23.05.2015 16:00","1942","1957"
"23.05.2015 16:00 - 23.05.2015 17:00","1954","1976"
"23.05.2015 17:00 - 23.05.2015 18:00","2111","2125"
"23.05.2015 18:00 - 23.05.2015 19:00","2130","2133"
"23.05.2015 19:00 - 23.05.2015 20:00","2002","1999"
"23.05.2015 20:00 - 23.05.2015 21:00","1918","1901"
"23.05.2015 21:00 - 23.05.2015 22:00","1833","1823"
"23.05.2015 22:00 - 23.05.2015 23:00","1834","1829"
"23.05.2015 23:00 - 24.05.2015 00:00","1748","1722"
"24.05.2015 00:00 - 24.05.2015 01:00","1639","1614"
"24.05.2015 01:00 - 24.05.2015 02:00","1520","1531"
"24.05.2015 02:00 - 24.05.2015 03:00","1477","1489"
"24.05.2015 03:00 - 24.05.2015 04:00","1468","1461"
"24.05.2015 04:00 - 24.05.2015 05:00","1439","1433"
"24.05.2015 05:00 - 24.05.2015 06:00","1424","1422"
"24.05.2015 06:00 - 24.05.2015 07:00","1469","1471"
"24.05.2015 07:00 - 24.05.2015 08:00","1629","1647"
"24.05.2015 08:00 - 24.05.2015 09:00","1821","1812"
"24.05.2015 09:00 - 24.05.2015 10:00","1920","1916"
"24.05.2015 10:00 - 24.05.2015 11:00","1970","1961"
"24.05.2015 11:00 - 24.05.2015 12:00","1973","1955"
"24.05.2015 12:00 - 24.05.2015 13:00","1921","1909"
"24.05.2015 13:00 - 24.05.2015 14:00","1865","1856"
"24.05.2015 14:00 - 24.05.2015 15:00","1848","1845"
"24.05.2015 15:00 - 24.05.2015 16:00","1835","1821"
"24.05.2015 16:00 - 24.05.2015 17:00","1867","1865"
"24.05.2015 17:00 - 24.05.2015 18:00","2016","2029"
"24.05.2015 18:00 - 24.05.2015 19:00","2053","2063"
"24.05.2015 19:00 - 24.05.2015 20:00","1954","1990"
"24.05.2015 20:00 - 24.05.2015 21:00","1889","1937"
"24.05.2015 21:00 - 24.05.2015 22:00","1860","1884"
"24.05.2015 22:00 - 24.05.2015 23:00","1838","1838"
"24.05.2015 23:00 - 25.05.2015 00:00","1733","1707"
"25.05.2015 00:00 - 25.05.2015 01:00","1584","1575"
"25.05.2015 01:00 - 25.05.2015 02:00","1499","1510"
"25.05.2015 02:00 - 25.05.2015 03:00","1477","1472"
"25.05.2015 03:00 - 25.05.2015 04:00","1468","1464"
"25.05.2015 04:00 - 25.05.2015 05:00","1449","1445"
"25.05.2015 05:00 - 25.05.2015 06:00","1466","1447"
"25.05.2015 06:00 - 25.05.2015 07:00","1561","1549"
"25.05.2015 07:00 - 25.05.2015 08:00","1712","1709"
"25.05.2015 08:00 - 25.05.2015 09:00","1910","1908"
"25.05.2015 09:00 - 25.05.2015 10:00","2042","2013"
"25.05.2015 10:00 - 25.05.2015 11:00","2086","2058"
"25.05.2015 11:00 - 25.05.2015 12:00","2067","2059"
"25.05.2015 12:00 - 25.05.2015 13:00","2026","2028"
"25.05.2015 13:00 - 25.05.2015 14:00","1997","1991"
"25.05.2015 14:00 - 25.05.2015 15:00","1974","1980"
"25.05.2015 15:00 - 25.05.2015 16:00","1953","1966"
"25.05.2015 16:00 - 25.05.2015 17:00","2006","1995"
"25.05.2015 17:00 - 25.05.2015 18:00","2186","2195"
"25.05.2015 18:00 - 25.05.2015 19:00","2194","2201"
"25.05.2015 19:00 - 25.05.2015 20:00","2088","2085"
"25.05.2015 20:00 - 25.05.2015 21:00","2008","1968"
"25.05.2015 21:00 - 25.05.2015 22:00","1940","1901"
"25.05.2015 22:00 - 25.05.2015 23:00","1912","1875"
"25.05.2015 23:00 - 26.05.2015 00:00","1789","1735"
"26.05.2015 00:00 - 26.05.2015 01:00","1667","1643"
"26.05.2015 01:00 - 26.05.2015 02:00","1584","1592"
"26.05.2015 02:00 - 26.05.2015 03:00","1567","1575"
"26.05.2015 03:00 - 26.05.2015 04:00","1589","1593"
"26.05.2015 04:00 - 26.05.2015 05:00","1625","1631"
"26.05.2015 05:00 - 26.05.2015 06:00","1730","1738"
"26.05.2015 06:00 - 26.05.2015 07:00","2094","2127"
"26.05.2015 07:00 - 26.05.2015 08:00","2520","2531"
"26.05.2015 08:00 - 26.05.2015 09:00","2705","2716"
"26.05.2015 09:00 - 26.05.2015 10:00","2755","2741"
"26.05.2015 10:00 - 26.05.2015 11:00","2812","2804"
"26.05.2015 11:00 - 26.05.2015 12:00","2853","2918"
"26.05.2015 12:00 - 26.05.2015 13:00","2852","2888"
"26.05.2015 13:00 - 26.05.2015 14:00","2743","2742"
"26.05.2015 14:00 - 26.05.2015 15:00","2669","2684"
"26.05.2015 15:00 - 26.05.2015 16:00","2549","2540"
"26.05.2015 16:00 - 26.05.2015 17:00","2464","2489"
"26.05.2015 17:00 - 26.05.2015 18:00","2572","2624"
"26.05.2015 18:00 - 26.05.2015 19:00","2507","2538"
"26.05.2015 19:00 - 26.05.2015 20:00","2397","2403"
"26.05.2015 20:00 - 26.05.2015 21:00","2283","2277"
"26.05.2015 21:00 - 26.05.2015 22:00","2182","2184"
"26.05.2015 22:00 - 26.05.2015 23:00","2117","2109"
"26.05.2015 23:00 - 27.05.2015 00:00","1929","1910"
"27.05.2015 00:00 - 27.05.2015 01:00","1706","1792"
"27.05.2015 01:00 - 27.05.2015 02:00","1704","1733"
"27.05.2015 02:00 - 27.05.2015 03:00","1692","1703"
"27.05.2015 03:00 - 27.05.2015 04:00","1675","1700"
"27.05.2015 04:00 - 27.05.2015 05:00","1710","1734"
"27.05.2015 05:00 - 27.05.2015 06:00","1829","1849"
"27.05.2015 06:00 - 27.05.2015 07:00","2177","2180"
"27.05.2015 07:00 - 27.05.2015 08:00","2538","2529"
"27.05.2015 08:00 - 27.05.2015 09:00","2700","2690"
"27.05.2015 09:00 - 27.05.2015 10:00","2726","2744"
"27.05.2015 10:00 - 27.05.2015 11:00","2828","2795"
"27.05.2015 11:00 - 27.05.2015 12:00","2807","2794"
"27.05.2015 12:00 - 27.05.2015 13:00","2754","2703"
"27.05.2015 13:00 - 27.05.2015 14:00","2736","2725"
"27.05.2015 14:00 - 27.05.2015 15:00","2658","2648"
"27.05.2015 15:00 - 27.05.2015 16:00","2535","2519"
"27.05.2015 16:00 - 27.05.2015 17:00","2469","2463"
"27.05.2015 17:00 - 27.05.2015 18:00","2561","2562"
"27.05.2015 18:00 - 27.05.2015 19:00","2486","2486"
"27.05.2015 19:00 - 27.05.2015 20:00","2364","2355"
"27.05.2015 20:00 - 27.05.2015 21:00","2247","2275"
"27.05.2015 21:00 - 27.05.2015 22:00","2159","2163"
"27.05.2015 22:00 - 27.05.2015 23:00","2092","2086"
"27.05.2015 23:00 - 28.05.2015 00:00","1913","1935"
"28.05.2015 00:00 - 28.05.2015 01:00","1752","1803"
"28.05.2015 01:00 - 28.05.2015 02:00","1727","1720"
"28.05.2015 02:00 - 28.05.2015 03:00","1683","1678"
"28.05.2015 03:00 - 28.05.2015 04:00","1684","1694"
"28.05.2015 04:00 - 28.05.2015 05:00","1704","1735"
"28.05.2015 05:00 - 28.05.2015 06:00","1820","1832"
"28.05.2015 06:00 - 28.05.2015 07:00","2190","2196"
"28.05.2015 07:00 - 28.05.2015 08:00","2585","2613"
"28.05.2015 08:00 - 28.05.2015 09:00","2783","2810"
"28.05.2015 09:00 - 28.05.2015 10:00","2803","2787"
"28.05.2015 10:00 - 28.05.2015 11:00","2850","2874"
"28.05.2015 11:00 - 28.05.2015 12:00","2847","2858"
"28.05.2015 12:00 - 28.05.2015 13:00","2806","2818"
"28.05.2015 13:00 - 28.05.2015 14:00","2823","2838"
"28.05.2015 14:00 - 28.05.2015 15:00","2762","2748"
"28.05.2015 15:00 - 28.05.2015 16:00","2599","2599"
"28.05.2015 16:00 - 28.05.2015 17:00","2522","2549"
"28.05.2015 17:00 - 28.05.2015 18:00","2611","2643"
"28.05.2015 18:00 - 28.05.2015 19:00","2552","2563"
"28.05.2015 19:00 - 28.05.2015 20:00","2432","2398"
"28.05.2015 20:00 - 28.05.2015 21:00","2254","2268"
"28.05.2015 21:00 - 28.05.2015 22:00","2137","2176"
"28.05.2015 22:00 - 28.05.2015 23:00","2075","2102"
"28.05.2015 23:00 - 29.05.2015 00:00","1899","1969"
"29.05.2015 00:00 - 29.05.2015 01:00","1769","1807"
"29.05.2015 01:00 - 29.05.2015 02:00","1728","1753"
"29.05.2015 02:00 - 29.05.2015 03:00","1708","1740"
"29.05.2015 03:00 - 29.05.2015 04:00","1728","1746"
"29.05.2015 04:00 - 29.05.2015 05:00","1726","1766"
"29.05.2015 05:00 - 29.05.2015 06:00","1853","1859"
"29.05.2015 06:00 - 29.05.2015 07:00","2195","2186"
"29.05.2015 07:00 - 29.05.2015 08:00","2553","2539"
"29.05.2015 08:00 - 29.05.2015 09:00","2700","2693"
"29.05.2015 09:00 - 29.05.2015 10:00","2734","2703"
"29.05.2015 10:00 - 29.05.2015 11:00","2756","2745"
"29.05.2015 11:00 - 29.05.2015 12:00","2726","2746"
"29.05.2015 12:00 - 29.05.2015 13:00","2677","2627"
"29.05.2015 13:00 - 29.05.2015 14:00","2600","2561"
"29.05.2015 14:00 - 29.05.2015 15:00","2448","2424"
"29.05.2015 15:00 - 29.05.2015 16:00","2334","2342"
"29.05.2015 16:00 - 29.05.2015 17:00","2333","2349"
"29.05.2015 17:00 - 29.05.2015 18:00","2445","2477"
"29.05.2015 18:00 - 29.05.2015 19:00","2420","2436"
"29.05.2015 19:00 - 29.05.2015 20:00","2253","2258"
"29.05.2015 20:00 - 29.05.2015 21:00","2099","2123"
"29.05.2015 21:00 - 29.05.2015 22:00","2009","2041"
"29.05.2015 22:00 - 29.05.2015 23:00","1942","1971"
"29.05.2015 23:00 - 30.05.2015 00:00","1803","1820"
"30.05.2015 00:00 - 30.05.2015 01:00","1687","1709"
"30.05.2015 01:00 - 30.05.2015 02:00","1620","1632"
"30.05.2015 02:00 - 30.05.2015 03:00","1575","1572"
"30.05.2015 03:00 - 30.05.2015 04:00","1538","1559"
"30.05.2015 04:00 - 30.05.2015 05:00","1522","1524"
"30.05.2015 05:00 - 30.05.2015 06:00","1547","1566"
"30.05.2015 06:00 - 30.05.2015 07:00","1666","1661"
"30.05.2015 07:00 - 30.05.2015 08:00","1799","1815"
"30.05.2015 08:00 - 30.05.2015 09:00","1992","1994"
"30.05.2015 09:00 - 30.05.2015 10:00","2115","2095"
"30.05.2015 10:00 - 30.05.2015 11:00","2137","2156"
"30.05.2015 11:00 - 30.05.2015 12:00","2135","2138"
"30.05.2015 12:00 - 30.05.2015 13:00","2080","2062"
"30.05.2015 13:00 - 30.05.2015 14:00","2045","2039"
"30.05.2015 14:00 - 30.05.2015 15:00","1988","2006"
"30.05.2015 15:00 - 30.05.2015 16:00","1979","1956"
"30.05.2015 16:00 - 30.05.2015 17:00","2010","2003"
"30.05.2015 17:00 - 30.05.2015 18:00","2103","2130"
"30.05.2015 18:00 - 30.05.2015 19:00","2120","2134"
"30.05.2015 19:00 - 30.05.2015 20:00","2023","1994"
"30.05.2015 20:00 - 30.05.2015 21:00","1919","1912"
"30.05.2015 21:00 - 30.05.2015 22:00","1833","1818"
"30.05.2015 22:00 - 30.05.2015 23:00","1819","1803"
"30.05.2015 23:00 - 31.05.2015 00:00","1732","1698"
"31.05.2015 00:00 - 31.05.2015 01:00","1597","1605"
"31.05.2015 01:00 - 31.05.2015 02:00","1518","1553"
"31.05.2015 02:00 - 31.05.2015 03:00","1494","1527"
"31.05.2015 03:00 - 31.05.2015 04:00","1501","1509"
"31.05.2015 04:00 - 31.05.2015 05:00","1473","1490"
"31.05.2015 05:00 - 31.05.2015 06:00","1473","1483"
"31.05.2015 06:00 - 31.05.2015 07:00","1537","1520"
"31.05.2015 07:00 - 31.05.2015 08:00","1663","1669"
"31.05.2015 08:00 - 31.05.2015 09:00","1831","1828"
"31.05.2015 09:00 - 31.05.2015 10:00","1948","1945"
"31.05.2015 10:00 - 31.05.2015 11:00","1979","1967"
"31.05.2015 11:00 - 31.05.2015 12:00","2007","2007"
"31.05.2015 12:00 - 31.05.2015 13:00","1975","1969"
"31.05.2015 13:00 - 31.05.2015 14:00","1958","1946"
"31.05.2015 14:00 - 31.05.2015 15:00","1978","1953"
"31.05.2015 15:00 - 31.05.2015 16:00","1961","1963"
"31.05.2015 16:00 - 31.05.2015 17:00","1987","2037"
"31.05.2015 17:00 - 31.05.2015 18:00","2207","2255"
"31.05.2015 18:00 - 31.05.2015 19:00","2225","2223"
"31.05.2015 19:00 - 31.05.2015 20:00","2112","2129"
"31.05.2015 20:00 - 31.05.2015 21:00","2039","2043"
"31.05.2015 21:00 - 31.05.2015 22:00","1964","1968"
"31.05.2015 22:00 - 31.05.2015 23:00","1925","1889"
"31.05.2015 23:00 - 01.06.2015 00:00","1810","1776"
"01.06.2015 00:00 - 01.06.2015 01:00","1660","1682"
"01.06.2015 01:00 - 01.06.2015 02:00","1620","1645"
"01.06.2015 02:00 - 01.06.2015 03:00","1608","1630"
"01.06.2015 03:00 - 01.06.2015 04:00","1620","1663"
"01.06.2015 04:00 - 01.06.2015 05:00","1616","1660"
"01.06.2015 05:00 - 01.06.2015 06:00","1744","1753"
"01.06.2015 06:00 - 01.06.2015 07:00","2108","2105"
"01.06.2015 07:00 - 01.06.2015 08:00","2534","2503"
"01.06.2015 08:00 - 01.06.2015 09:00","2680","2696"
"01.06.2015 09:00 - 01.06.2015 10:00","2701","2697"
"01.06.2015 10:00 - 01.06.2015 11:00","2781","2793"
"01.06.2015 11:00 - 01.06.2015 12:00","2807","2826"
"01.06.2015 12:00 - 01.06.2015 13:00","2756","2761"
"01.06.2015 13:00 - 01.06.2015 14:00","2771","2752"
"01.06.2015 14:00 - 01.06.2015 15:00","2655","2671"
"01.06.2015 15:00 - 01.06.2015 16:00","2529","2529"
"01.06.2015 16:00 - 01.06.2015 17:00","2486","2476"
"01.06.2015 17:00 - 01.06.2015 18:00","2584","2625"
"01.06.2015 18:00 - 01.06.2015 19:00","2553","2539"
"01.06.2015 19:00 - 01.06.2015 20:00","2412","2407"
"01.06.2015 20:00 - 01.06.2015 21:00","2266","2259"
"01.06.2015 21:00 - 01.06.2015 22:00","2147","2135"
"01.06.2015 22:00 - 01.06.2015 23:00","2072","2105"
"01.06.2015 23:00 - 02.06.2015 00:00","1928","1935"
"02.06.2015 00:00 - 02.06.2015 01:00","1778","1787"
"02.06.2015 01:00 - 02.06.2015 02:00","1692","1705"
"02.06.2015 02:00 - 02.06.2015 03:00","1653","1669"
"02.06.2015 03:00 - 02.06.2015 04:00","1661","1686"
"02.06.2015 04:00 - 02.06.2015 05:00","1680","1720"
"02.06.2015 05:00 - 02.06.2015 06:00","1840","1866"
"02.06.2015 06:00 - 02.06.2015 07:00","2201","2199"
"02.06.2015 07:00 - 02.06.2015 08:00","2597","2593"
"02.06.2015 08:00 - 02.06.2015 09:00","2742","2741"
"02.06.2015 09:00 - 02.06.2015 10:00","2766","2766"
"02.06.2015 10:00 - 02.06.2015 11:00","2858","2878"
"02.06.2015 11:00 - 02.06.2015 12:00","2883","2907"
"02.06.2015 12:00 - 02.06.2015 13:00","2827","2857"
"02.06.2015 13:00 - 02.06.2015 14:00","2865","2864"
"02.06.2015 14:00 - 02.06.2015 15:00","2804","2804"
"02.06.2015 15:00 - 02.06.2015 16:00","2685","2697"
"02.06.2015 16:00 - 02.06.2015 17:00","2625","2628"
"02.06.2015 17:00 - 02.06.2015 18:00","2712","2745"
"02.06.2015 18:00 - 02.06.2015 19:00","2655","2626"
"02.06.2015 19:00 - 02.06.2015 20:00","2496","2501"
"02.06.2015 20:00 - 02.06.2015 21:00","2334","2356"
"02.06.2015 21:00 - 02.06.2015 22:00","2215","2266"
"02.06.2015 22:00 - 02.06.2015 23:00","2142","2125"
"02.06.2015 23:00 - 03.06.2015 00:00","1988","1958"
"03.06.2015 00:00 - 03.06.2015 01:00","1762","1820"
"03.06.2015 01:00 - 03.06.2015 02:00","1738","1776"
"03.06.2015 02:00 - 03.06.2015 03:00","1716","1757"
"03.06.2015 03:00 - 03.06.2015 04:00","1733","1769"
"03.06.2015 04:00 - 03.06.2015 05:00","1745","1775"
"03.06.2015 05:00 - 03.06.2015 06:00","1842","1839"
"03.06.2015 06:00 - 03.06.2015 07:00","2193","2190"
"03.06.2015 07:00 - 03.06.2015 08:00","2553","2553"
"03.06.2015 08:00 - 03.06.2015 09:00","2718","2729"
"03.06.2015 09:00 - 03.06.2015 10:00","2748","2742"
"03.06.2015 10:00 - 03.06.2015 11:00","2791","2778"
"03.06.2015 11:00 - 03.06.2015 12:00","2776","2787"
"03.06.2015 12:00 - 03.06.2015 13:00","2715","2724"
"03.06.2015 13:00 - 03.06.2015 14:00","2749","2742"
"03.06.2015 14:00 - 03.06.2015 15:00","2679","2681"
"03.06.2015 15:00 - 03.06.2015 16:00","2554","2558"
"03.06.2015 16:00 - 03.06.2015 17:00","2490","2526"
"03.06.2015 17:00 - 03.06.2015 18:00","2574","2615"
"03.06.2015 18:00 - 03.06.2015 19:00","2484","2526"
"03.06.2015 19:00 - 03.06.2015 20:00","2351","2371"
"03.06.2015 20:00 - 03.06.2015 21:00","2227","2247"
"03.06.2015 21:00 - 03.06.2015 22:00","2124","2124"
"03.06.2015 22:00 - 03.06.2015 23:00","2062","2031"
"03.06.2015 23:00 - 04.06.2015 00:00","1908","1893"
"04.06.2015 00:00 - 04.06.2015 01:00","1728","1730"
"04.06.2015 01:00 - 04.06.2015 02:00","1664","1674"
"04.06.2015 02:00 - 04.06.2015 03:00","1647","1665"
"04.06.2015 03:00 - 04.06.2015 04:00","1664","1694"
"04.06.2015 04:00 - 04.06.2015 05:00","1688","1710"
"04.06.2015 05:00 - 04.06.2015 06:00","1802","1802"
"04.06.2015 06:00 - 04.06.2015 07:00","2132","2137"
"04.06.2015 07:00 - 04.06.2015 08:00","2507","2515"
"04.06.2015 08:00 - 04.06.2015 09:00","2677","2662"
"04.06.2015 09:00 - 04.06.2015 10:00","2653","2651"
"04.06.2015 10:00 - 04.06.2015 11:00","2743","2743"
"04.06.2015 11:00 - 04.06.2015 12:00","2719","2695"
"04.06.2015 12:00 - 04.06.2015 13:00","2637","2628"
"04.06.2015 13:00 - 04.06.2015 14:00","2644","2624"
"04.06.2015 14:00 - 04.06.2015 15:00","2551","2526"
"04.06.2015 15:00 - 04.06.2015 16:00","2403","2402"
"04.06.2015 16:00 - 04.06.2015 17:00","2355","2342"
"04.06.2015 17:00 - 04.06.2015 18:00","2402","2394"
"04.06.2015 18:00 - 04.06.2015 19:00","2335","2345"
"04.06.2015 19:00 - 04.06.2015 20:00","2233","2235"
"04.06.2015 20:00 - 04.06.2015 21:00","2142","2134"
"04.06.2015 21:00 - 04.06.2015 22:00","2046","2050"
"04.06.2015 22:00 - 04.06.2015 23:00","2016","1989"
"04.06.2015 23:00 - 05.06.2015 00:00","1882","1835"
"05.06.2015 00:00 - 05.06.2015 01:00","1641","1658"
"05.06.2015 01:00 - 05.06.2015 02:00","1560","1572"
"05.06.2015 02:00 - 05.06.2015 03:00","1524","1544"
"05.06.2015 03:00 - 05.06.2015 04:00","1522","1543"
"05.06.2015 04:00 - 05.06.2015 05:00","1491","1526"
"05.06.2015 05:00 - 05.06.2015 06:00","1512","1549"
"05.06.2015 06:00 - 05.06.2015 07:00","1685","1713"
"05.06.2015 07:00 - 05.06.2015 08:00","1890","1929"
"05.06.2015 08:00 - 05.06.2015 09:00","2086","2101"
"05.06.2015 09:00 - 05.06.2015 10:00","2176","2155"
"05.06.2015 10:00 - 05.06.2015 11:00","2184","2187"
"05.06.2015 11:00 - 05.06.2015 12:00","2172","2171"
"05.06.2015 12:00 - 05.06.2015 13:00","2120","2101"
"05.06.2015 13:00 - 05.06.2015 14:00","2065","2035"
"05.06.2015 14:00 - 05.06.2015 15:00","1983","1940"
"05.06.2015 15:00 - 05.06.2015 16:00","1879","1866"
"05.06.2015 16:00 - 05.06.2015 17:00","1888","1917"
"05.06.2015 17:00 - 05.06.2015 18:00","2041","2082"
"05.06.2015 18:00 - 05.06.2015 19:00","2085","2042"
"05.06.2015 19:00 - 05.06.2015 20:00","1935","1961"
"05.06.2015 20:00 - 05.06.2015 21:00","1854","1849"
"05.06.2015 21:00 - 05.06.2015 22:00","1779","1781"
"05.06.2015 22:00 - 05.06.2015 23:00","1764","1771"
"05.06.2015 23:00 - 06.06.2015 00:00","1704","1661"
"06.06.2015 00:00 - 06.06.2015 01:00","1562","1512"
"06.06.2015 01:00 - 06.06.2015 02:00","1445","1410"
"06.06.2015 02:00 - 06.06.2015 03:00","1375","1388"
"06.06.2015 03:00 - 06.06.2015 04:00","1389","1429"
"06.06.2015 04:00 - 06.06.2015 05:00","1371","1443"
"06.06.2015 05:00 - 06.06.2015 06:00","1395","1441"
"06.06.2015 06:00 - 06.06.2015 07:00","1510","1500"
"06.06.2015 07:00 - 06.06.2015 08:00","1669","1674"
"06.06.2015 08:00 - 06.06.2015 09:00","1864","1877"
"06.06.2015 09:00 - 06.06.2015 10:00","1984","1981"
"06.06.2015 10:00 - 06.06.2015 11:00","2038","2056"
"06.06.2015 11:00 - 06.06.2015 12:00","2007","2000"
"06.06.2015 12:00 - 06.06.2015 13:00","1968","1999"
"06.06.2015 13:00 - 06.06.2015 14:00","1935","1924"
"06.06.2015 14:00 - 06.06.2015 15:00","1862","1853"
"06.06.2015 15:00 - 06.06.2015 16:00","1840","1854"
"06.06.2015 16:00 - 06.06.2015 17:00","1872","1884"
"06.06.2015 17:00 - 06.06.2015 18:00","1994","2029"
"06.06.2015 18:00 - 06.06.2015 19:00","1995","2005"
"06.06.2015 19:00 - 06.06.2015 20:00","1863","1872"
"06.06.2015 20:00 - 06.06.2015 21:00","1777","1809"
"06.06.2015 21:00 - 06.06.2015 22:00","1726","1744"
"06.06.2015 22:00 - 06.06.2015 23:00","1696","1717"
"06.06.2015 23:00 - 07.06.2015 00:00","1616","1657"
"07.06.2015 00:00 - 07.06.2015 01:00","1543","1579"
"07.06.2015 01:00 - 07.06.2015 02:00","1484","1485"
"07.06.2015 02:00 - 07.06.2015 03:00","1432","1453"
"07.06.2015 03:00 - 07.06.2015 04:00","1433","1484"
"07.06.2015 04:00 - 07.06.2015 05:00","1445","1464"
"07.06.2015 05:00 - 07.06.2015 06:00","1446","1455"
"07.06.2015 06:00 - 07.06.2015 07:00","1490","1491"
"07.06.2015 07:00 - 07.06.2015 08:00","1628","1621"
"07.06.2015 08:00 - 07.06.2015 09:00","1809","1790"
"07.06.2015 09:00 - 07.06.2015 10:00","1880","1876"
"07.06.2015 10:00 - 07.06.2015 11:00","1943","1925"
"07.06.2015 11:00 - 07.06.2015 12:00","1960","1945"
"07.06.2015 12:00 - 07.06.2015 13:00","1932","1933"
"07.06.2015 13:00 - 07.06.2015 14:00","1899","1874"
"07.06.2015 14:00 - 07.06.2015 15:00","1864","1870"
"07.06.2015 15:00 - 07.06.2015 16:00","1845","1828"
"07.06.2015 16:00 - 07.06.2015 17:00","1874","1884"
"07.06.2015 17:00 - 07.06.2015 18:00","2050","2096"
"07.06.2015 18:00 - 07.06.2015 19:00","2072","2089"
"07.06.2015 19:00 - 07.06.2015 20:00","1966","1951"
"07.06.2015 20:00 - 07.06.2015 21:00","1868","1872"
"07.06.2015 21:00 - 07.06.2015 22:00","1795","1830"
"07.06.2015 22:00 - 07.06.2015 23:00","1759","1780"
"07.06.2015 23:00 - 08.06.2015 00:00","1663","1710"
"08.06.2015 00:00 - 08.06.2015 01:00","1575","1629"
"08.06.2015 01:00 - 08.06.2015 02:00","1552","1572"
"08.06.2015 02:00 - 08.06.2015 03:00","1534","1544"
"08.06.2015 03:00 - 08.06.2015 04:00","1541","1571"
"08.06.2015 04:00 - 08.06.2015 05:00","1552","1583"
"08.06.2015 05:00 - 08.06.2015 06:00","1677","1719"
"08.06.2015 06:00 - 08.06.2015 07:00","2076","2067"
"08.06.2015 07:00 - 08.06.2015 08:00","2476","2474"
"08.06.2015 08:00 - 08.06.2015 09:00","2676","2698"
"08.06.2015 09:00 - 08.06.2015 10:00","2730","2710"
"08.06.2015 10:00 - 08.06.2015 11:00","2763","2770"
"08.06.2015 11:00 - 08.06.2015 12:00","2767","2741"
"08.06.2015 12:00 - 08.06.2015 13:00","2670","2690"
"08.06.2015 13:00 - 08.06.2015 14:00","2706","2694"
"08.06.2015 14:00 - 08.06.2015 15:00","2629","2606"
"08.06.2015 15:00 - 08.06.2015 16:00","2488","2526"
"08.06.2015 16:00 - 08.06.2015 17:00","2465","2476"
"08.06.2015 17:00 - 08.06.2015 18:00","2559","2583"
"08.06.2015 18:00 - 08.06.2015 19:00","2508","2525"
"08.06.2015 19:00 - 08.06.2015 20:00","2372","2395"
"08.06.2015 20:00 - 08.06.2015 21:00","2258","2256"
"08.06.2015 21:00 - 08.06.2015 22:00","2128","2137"
"08.06.2015 22:00 - 08.06.2015 23:00","2027","2064"
"08.06.2015 23:00 - 09.06.2015 00:00","1881","1939"
"09.06.2015 00:00 - 09.06.2015 01:00","1748","1796"
"09.06.2015 01:00 - 09.06.2015 02:00","1717","1733"
"09.06.2015 02:00 - 09.06.2015 03:00","1693","1693"
"09.06.2015 03:00 - 09.06.2015 04:00","1663","1681"
"09.06.2015 04:00 - 09.06.2015 05:00","1660","1690"
"09.06.2015 05:00 - 09.06.2015 06:00","1765","1780"
"09.06.2015 06:00 - 09.06.2015 07:00","2111","2126"
"09.06.2015 07:00 - 09.06.2015 08:00","2504","2503"
"09.06.2015 08:00 - 09.06.2015 09:00","2672","2657"
"09.06.2015 09:00 - 09.06.2015 10:00","2674","2662"
"09.06.2015 10:00 - 09.06.2015 11:00","2708","2703"
"09.06.2015 11:00 - 09.06.2015 12:00","2714","2722"
"09.06.2015 12:00 - 09.06.2015 13:00","2660","2638"
"09.06.2015 13:00 - 09.06.2015 14:00","2662","2667"
"09.06.2015 14:00 - 09.06.2015 15:00","2615","2627"
"09.06.2015 15:00 - 09.06.2015 16:00","2502","2492"
"09.06.2015 16:00 - 09.06.2015 17:00","2479","2429"
"09.06.2015 17:00 - 09.06.2015 18:00","2513","2531"
"09.06.2015 18:00 - 09.06.2015 19:00","2435","2445"
"09.06.2015 19:00 - 09.06.2015 20:00","2313","2310"
"09.06.2015 20:00 - 09.06.2015 21:00","2205","2208"
"09.06.2015 21:00 - 09.06.2015 22:00","2111","2093"
"09.06.2015 22:00 - 09.06.2015 23:00","2052","2035"
"09.06.2015 23:00 - 10.06.2015 00:00","1925","1899"
"10.06.2015 00:00 - 10.06.2015 01:00","1727","1746"
"10.06.2015 01:00 - 10.06.2015 02:00","1659","1674"
"10.06.2015 02:00 - 10.06.2015 03:00","1616","1642"
"10.06.2015 03:00 - 10.06.2015 04:00","1619","1654"
"10.06.2015 04:00 - 10.06.2015 05:00","1632","1663"
"10.06.2015 05:00 - 10.06.2015 06:00","1762","1759"
"10.06.2015 06:00 - 10.06.2015 07:00","2075","2099"
"10.06.2015 07:00 - 10.06.2015 08:00","2465","2500"
"10.06.2015 08:00 - 10.06.2015 09:00","2657","2651"
"10.06.2015 09:00 - 10.06.2015 10:00","2672","2669"
"10.06.2015 10:00 - 10.06.2015 11:00","2731","2720"
"10.06.2015 11:00 - 10.06.2015 12:00","2722","2711"
"10.06.2015 12:00 - 10.06.2015 13:00","2655","2646"
"10.06.2015 13:00 - 10.06.2015 14:00","2649","2645"
"10.06.2015 14:00 - 10.06.2015 15:00","2571","2572"
"10.06.2015 15:00 - 10.06.2015 16:00","2450","2513"
"10.06.2015 16:00 - 10.06.2015 17:00","2423","2408"
"10.06.2015 17:00 - 10.06.2015 18:00","2477","2488"
"10.06.2015 18:00 - 10.06.2015 19:00","2379","2389"
"10.06.2015 19:00 - 10.06.2015 20:00","2261","2268"
"10.06.2015 20:00 - 10.06.2015 21:00","2185","2164"
"10.06.2015 21:00 - 10.06.2015 22:00","2105","2047"
"10.06.2015 22:00 - 10.06.2015 23:00","2062","1990"
"10.06.2015 23:00 - 11.06.2015 00:00","1937","1833"
"11.06.2015 00:00 - 11.06.2015 01:00","1689","1708"
"11.06.2015 01:00 - 11.06.2015 02:00","1637","1646"
"11.06.2015 02:00 - 11.06.2015 03:00","1616","1593"
"11.06.2015 03:00 - 11.06.2015 04:00","1603","1595"
"11.06.2015 04:00 - 11.06.2015 05:00","1621","1616"
"11.06.2015 05:00 - 11.06.2015 06:00","1715","1714"
"11.06.2015 06:00 - 11.06.2015 07:00","2063","2092"
"11.06.2015 07:00 - 11.06.2015 08:00","2459","2476"
"11.06.2015 08:00 - 11.06.2015 09:00","2595","2640"
"11.06.2015 09:00 - 11.06.2015 10:00","2617","3058"
"11.06.2015 10:00 - 11.06.2015 11:00","2685","2724"
"11.06.2015 11:00 - 11.06.2015 12:00","2689","2717"
"11.06.2015 12:00 - 11.06.2015 13:00","2658","2673"
"11.06.2015 13:00 - 11.06.2015 14:00","2703","2828"
"11.06.2015 14:00 - 11.06.2015 15:00","2624","2622"
"11.06.2015 15:00 - 11.06.2015 16:00","2503","2517"
"11.06.2015 16:00 - 11.06.2015 17:00","2442","2437"
"11.06.2015 17:00 - 11.06.2015 18:00","2499","2498"
"11.06.2015 18:00 - 11.06.2015 19:00","2433","2431"
"11.06.2015 19:00 - 11.06.2015 20:00","2416","2308"
"11.06.2015 20:00 - 11.06.2015 21:00","2404","2193"
"11.06.2015 21:00 - 11.06.2015 22:00","2349","2082"
"11.06.2015 22:00 - 11.06.2015 23:00","2222","2015"
"11.06.2015 23:00 - 12.06.2015 00:00","2003","1875"
"12.06.2015 00:00 - 12.06.2015 01:00","1702","1726"
"12.06.2015 01:00 - 12.06.2015 02:00","1638","1667"
"12.06.2015 02:00 - 12.06.2015 03:00","1626","1635"
"12.06.2015 03:00 - 12.06.2015 04:00","1622","1629"
"12.06.2015 04:00 - 12.06.2015 05:00","1617","1635"
"12.06.2015 05:00 - 12.06.2015 06:00","1717","1746"
"12.06.2015 06:00 - 12.06.2015 07:00","2050","2080"
"12.06.2015 07:00 - 12.06.2015 08:00","2425","2460"
"12.06.2015 08:00 - 12.06.2015 09:00","2620","2652"
"12.06.2015 09:00 - 12.06.2015 10:00","2659","2681"
"12.06.2015 10:00 - 12.06.2015 11:00","2718","2722"
"12.06.2015 11:00 - 12.06.2015 12:00","2685","2689"
"12.06.2015 12:00 - 12.06.2015 13:00","2579","2582"
"12.06.2015 13:00 - 12.06.2015 14:00","2516","2504"
"12.06.2015 14:00 - 12.06.2015 15:00","2379","2372"
"12.06.2015 15:00 - 12.06.2015 16:00","2240","2251"
"12.06.2015 16:00 - 12.06.2015 17:00","2218","2230"
"12.06.2015 17:00 - 12.06.2015 18:00","2286","2271"
"12.06.2015 18:00 - 12.06.2015 19:00","2222","2220"
"12.06.2015 19:00 - 12.06.2015 20:00","2084","2090"
"12.06.2015 20:00 - 12.06.2015 21:00","1999","1979"
"12.06.2015 21:00 - 12.06.2015 22:00","1920","1903"
"12.06.2015 22:00 - 12.06.2015 23:00","1876","1870"
"12.06.2015 23:00 - 13.06.2015 00:00","1791","1784"
"13.06.2015 00:00 - 13.06.2015 01:00","1626","1640"
"13.06.2015 01:00 - 13.06.2015 02:00","1539","1540"
"13.06.2015 02:00 - 13.06.2015 03:00","1481","1500"
"13.06.2015 03:00 - 13.06.2015 04:00","1439","1483"
"13.06.2015 04:00 - 13.06.2015 05:00","1387","1427"
"13.06.2015 05:00 - 13.06.2015 06:00","1398","1429"
"13.06.2015 06:00 - 13.06.2015 07:00","1517","1543"
"13.06.2015 07:00 - 13.06.2015 08:00","1712","1729"
"13.06.2015 08:00 - 13.06.2015 09:00","1916","1931"
"13.06.2015 09:00 - 13.06.2015 10:00","2033","2042"
"13.06.2015 10:00 - 13.06.2015 11:00","2090","2110"
"13.06.2015 11:00 - 13.06.2015 12:00","2095","2100"
"13.06.2015 12:00 - 13.06.2015 13:00","2052","2059"
"13.06.2015 13:00 - 13.06.2015 14:00","2016","2031"
"13.06.2015 14:00 - 13.06.2015 15:00","1998","2008"
"13.06.2015 15:00 - 13.06.2015 16:00","1988","1982"
"13.06.2015 16:00 - 13.06.2015 17:00","1997","1994"
"13.06.2015 17:00 - 13.06.2015 18:00","2122","2178"
"13.06.2015 18:00 - 13.06.2015 19:00","2162","2206"
"13.06.2015 19:00 - 13.06.2015 20:00","2069","2073"
"13.06.2015 20:00 - 13.06.2015 21:00","1924","1932"
"13.06.2015 21:00 - 13.06.2015 22:00","1840","1844"
"13.06.2015 22:00 - 13.06.2015 23:00","1793","1767"
"13.06.2015 23:00 - 14.06.2015 00:00","1709","1678"
"14.06.2015 00:00 - 14.06.2015 01:00","1566","1560"
"14.06.2015 01:00 - 14.06.2015 02:00","1459","1456"
"14.06.2015 02:00 - 14.06.2015 03:00","1414","1426"
"14.06.2015 03:00 - 14.06.2015 04:00","1393","1407"
"14.06.2015 04:00 - 14.06.2015 05:00","1368","1386"
"14.06.2015 05:00 - 14.06.2015 06:00","1361","1352"
"14.06.2015 06:00 - 14.06.2015 07:00","1416","1431"
"14.06.2015 07:00 - 14.06.2015 08:00","1585","1606"
"14.06.2015 08:00 - 14.06.2015 09:00","1779","1782"
"14.06.2015 09:00 - 14.06.2015 10:00","1904","1886"
"14.06.2015 10:00 - 14.06.2015 11:00","1963","1954"
"14.06.2015 11:00 - 14.06.2015 12:00","1981","1965"
"14.06.2015 12:00 - 14.06.2015 13:00","1942","1948"
"14.06.2015 13:00 - 14.06.2015 14:00","1935","1917"
"14.06.2015 14:00 - 14.06.2015 15:00","1920","1897"
"14.06.2015 15:00 - 14.06.2015 16:00","1895","1867"
"14.06.2015 16:00 - 14.06.2015 17:00","1928","1928"
"14.06.2015 17:00 - 14.06.2015 18:00","2100","2101"
"14.06.2015 18:00 - 14.06.2015 19:00","2098","2112"
"14.06.2015 19:00 - 14.06.2015 20:00","1994","2008"
"14.06.2015 20:00 - 14.06.2015 21:00","1910","1918"
"14.06.2015 21:00 - 14.06.2015 22:00","1819","1833"
"14.06.2015 22:00 - 14.06.2015 23:00","1783","1789"
"14.06.2015 23:00 - 15.06.2015 00:00","1703","1695"
"15.06.2015 00:00 - 15.06.2015 01:00","1598","1620"
"15.06.2015 01:00 - 15.06.2015 02:00","1550","1563"
"15.06.2015 02:00 - 15.06.2015 03:00","1537","1543"
"15.06.2015 03:00 - 15.06.2015 04:00","1542","1554"
"15.06.2015 04:00 - 15.06.2015 05:00","1536","1561"
"15.06.2015 05:00 - 15.06.2015 06:00","1668","1674"
"15.06.2015 06:00 - 15.06.2015 07:00","2048","2050"
"15.06.2015 07:00 - 15.06.2015 08:00","2447","2455"
"15.06.2015 08:00 - 15.06.2015 09:00","2625","2617"
"15.06.2015 09:00 - 15.06.2015 10:00","2640","2642"
"15.06.2015 10:00 - 15.06.2015 11:00","2718","2708"
"15.06.2015 11:00 - 15.06.2015 12:00","2701","2701"
"15.06.2015 12:00 - 15.06.2015 13:00","2626","2607"
"15.06.2015 13:00 - 15.06.2015 14:00","2653","2646"
"15.06.2015 14:00 - 15.06.2015 15:00","2606","2591"
"15.06.2015 15:00 - 15.06.2015 16:00","2474","2474"
"15.06.2015 16:00 - 15.06.2015 17:00","2414","2407"
"15.06.2015 17:00 - 15.06.2015 18:00","2523","2542"
"15.06.2015 18:00 - 15.06.2015 19:00","2444","2464"
"15.06.2015 19:00 - 15.06.2015 20:00","2318","2344"
"15.06.2015 20:00 - 15.06.2015 21:00","2194","2212"
"15.06.2015 21:00 - 15.06.2015 22:00","2090","2108"
"15.06.2015 22:00 - 15.06.2015 23:00","1995","2014"
"15.06.2015 23:00 - 16.06.2015 00:00","1865","1891"
"16.06.2015 00:00 - 16.06.2015 01:00","1751","1751"
"16.06.2015 01:00 - 16.06.2015 02:00","1673","1685"
"16.06.2015 02:00 - 16.06.2015 03:00","1655","1654"
"16.06.2015 03:00 - 16.06.2015 04:00","1653","1661"
"16.06.2015 04:00 - 16.06.2015 05:00","1654","1655"
"16.06.2015 05:00 - 16.06.2015 06:00","1754","1763"
"16.06.2015 06:00 - 16.06.2015 07:00","2127","2138"
"16.06.2015 07:00 - 16.06.2015 08:00","2525","2523"
"16.06.2015 08:00 - 16.06.2015 09:00","2695","2713"
"16.06.2015 09:00 - 16.06.2015 10:00","2708","2651"
"16.06.2015 10:00 - 16.06.2015 11:00","2751","2722"
"16.06.2015 11:00 - 16.06.2015 12:00","2731","2739"
"16.06.2015 12:00 - 16.06.2015 13:00","2666","2647"
"16.06.2015 13:00 - 16.06.2015 14:00","2664","2655"
"16.06.2015 14:00 - 16.06.2015 15:00","2620","2610"
"16.06.2015 15:00 - 16.06.2015 16:00","2486","2462"
"16.06.2015 16:00 - 16.06.2015 17:00","2393","2398"
"16.06.2015 17:00 - 16.06.2015 18:00","2462","2500"
"16.06.2015 18:00 - 16.06.2015 19:00","2428","2421"
"16.06.2015 19:00 - 16.06.2015 20:00","2291","2281"
"16.06.2015 20:00 - 16.06.2015 21:00","2183","2159"
"16.06.2015 21:00 - 16.06.2015 22:00","2054","2048"
"16.06.2015 22:00 - 16.06.2015 23:00","1984","1990"
"16.06.2015 23:00 - 17.06.2015 00:00","1872","1859"
"17.06.2015 00:00 - 17.06.2015 01:00","1722","1715"
"17.06.2015 01:00 - 17.06.2015 02:00","1633","1647"
"17.06.2015 02:00 - 17.06.2015 03:00","1607","1614"
"17.06.2015 03:00 - 17.06.2015 04:00","1611","1624"
"17.06.2015 04:00 - 17.06.2015 05:00","1625","1617"
"17.06.2015 05:00 - 17.06.2015 06:00","1732","1732"
"17.06.2015 06:00 - 17.06.2015 07:00","2093","2102"
"17.06.2015 07:00 - 17.06.2015 08:00","2519","2497"
"17.06.2015 08:00 - 17.06.2015 09:00","2660","2647"
"17.06.2015 09:00 - 17.06.2015 10:00","2672","2612"
"17.06.2015 10:00 - 17.06.2015 11:00","2763","2758"
"17.06.2015 11:00 - 17.06.2015 12:00","2753","2766"
"17.06.2015 12:00 - 17.06.2015 13:00","2701","2701"
"17.06.2015 13:00 - 17.06.2015 14:00","2741","2731"
"17.06.2015 14:00 - 17.06.2015 15:00","2679","2701"
"17.06.2015 15:00 - 17.06.2015 16:00","2581","2604"
"17.06.2015 16:00 - 17.06.2015 17:00","2552","2590"
"17.06.2015 17:00 - 17.06.2015 18:00","2660","2671"
"17.06.2015 18:00 - 17.06.2015 19:00","2556","2553"
"17.06.2015 19:00 - 17.06.2015 20:00","2401","2408"
"17.06.2015 20:00 - 17.06.2015 21:00","2274","2259"
"17.06.2015 21:00 - 17.06.2015 22:00","2158","2143"
"17.06.2015 22:00 - 17.06.2015 23:00","2071","2050"
"17.06.2015 23:00 - 18.06.2015 00:00","1929","1887"
"18.06.2015 00:00 - 18.06.2015 01:00","1705","1745"
"18.06.2015 01:00 - 18.06.2015 02:00","1654","1680"
"18.06.2015 02:00 - 18.06.2015 03:00","1639","1660"
"18.06.2015 03:00 - 18.06.2015 04:00","1642","1656"
"18.06.2015 04:00 - 18.06.2015 05:00","1640","1665"
"18.06.2015 05:00 - 18.06.2015 06:00","1768","1768"
"18.06.2015 06:00 - 18.06.2015 07:00","2122","2125"
"18.06.2015 07:00 - 18.06.2015 08:00","2525","2507"
"18.06.2015 08:00 - 18.06.2015 09:00","2677","2684"
"18.06.2015 09:00 - 18.06.2015 10:00","2699","2692"
"18.06.2015 10:00 - 18.06.2015 11:00","2762","2750"
"18.06.2015 11:00 - 18.06.2015 12:00","2758","2749"
"18.06.2015 12:00 - 18.06.2015 13:00","2688","2697"
"18.06.2015 13:00 - 18.06.2015 14:00","2712","2689"
"18.06.2015 14:00 - 18.06.2015 15:00","2624","2627"
"18.06.2015 15:00 - 18.06.2015 16:00","2503","2503"
"18.06.2015 16:00 - 18.06.2015 17:00","2441","2448"
"18.06.2015 17:00 - 18.06.2015 18:00","2532","2559"
"18.06.2015 18:00 - 18.06.2015 19:00","2474","2463"
"18.06.2015 19:00 - 18.06.2015 20:00","2334","2330"
"18.06.2015 20:00 - 18.06.2015 21:00","2232","2249"
"18.06.2015 21:00 - 18.06.2015 22:00","2151","2157"
"18.06.2015 22:00 - 18.06.2015 23:00","2069","2070"
"18.06.2015 23:00 - 19.06.2015 00:00","1928","1971"
"19.06.2015 00:00 - 19.06.2015 01:00","1818","1836"
"19.06.2015 01:00 - 19.06.2015 02:00","1713","1747"
"19.06.2015 02:00 - 19.06.2015 03:00","1657","1680"
"19.06.2015 03:00 - 19.06.2015 04:00","1671","1664"
"19.06.2015 04:00 - 19.06.2015 05:00","1658","1661"
"19.06.2015 05:00 - 19.06.2015 06:00","1742","1755"
"19.06.2015 06:00 - 19.06.2015 07:00","2074","2087"
"19.06.2015 07:00 - 19.06.2015 08:00","2458","2473"
"19.06.2015 08:00 - 19.06.2015 09:00","2621","2616"
"19.06.2015 09:00 - 19.06.2015 10:00","2637","2646"
"19.06.2015 10:00 - 19.06.2015 11:00","2729","2723"
"19.06.2015 11:00 - 19.06.2015 12:00","2702","2699"
"19.06.2015 12:00 - 19.06.2015 13:00","2578","2585"
"19.06.2015 13:00 - 19.06.2015 14:00","2482","2498"
"19.06.2015 14:00 - 19.06.2015 15:00","2364","2362"
"19.06.2015 15:00 - 19.06.2015 16:00","2245","2246"
"19.06.2015 16:00 - 19.06.2015 17:00","2228","2245"
"19.06.2015 17:00 - 19.06.2015 18:00","2311","2327"
"19.06.2015 18:00 - 19.06.2015 19:00","2269","2273"
"19.06.2015 19:00 - 19.06.2015 20:00","2136","2136"
"19.06.2015 20:00 - 19.06.2015 21:00","2037","2032"
"19.06.2015 21:00 - 19.06.2015 22:00","1942","1909"
"19.06.2015 22:00 - 19.06.2015 23:00","1878","1853"
"19.06.2015 23:00 - 20.06.2015 00:00","1780","1762"
"20.06.2015 00:00 - 20.06.2015 01:00","1601","1626"
"20.06.2015 01:00 - 20.06.2015 02:00","1541","1552"
"20.06.2015 02:00 - 20.06.2015 03:00","1494","1497"
"20.06.2015 03:00 - 20.06.2015 04:00","1455","1477"
"20.06.2015 04:00 - 20.06.2015 05:00","1431","1450"
"20.06.2015 05:00 - 20.06.2015 06:00","1466","1456"
"20.06.2015 06:00 - 20.06.2015 07:00","1563","1562"
"20.06.2015 07:00 - 20.06.2015 08:00","1742","1739"
"20.06.2015 08:00 - 20.06.2015 09:00","1928","1928"
"20.06.2015 09:00 - 20.06.2015 10:00","2046","2021"
"20.06.2015 10:00 - 20.06.2015 11:00","2088","2061"
"20.06.2015 11:00 - 20.06.2015 12:00","2064","2062"
"20.06.2015 12:00 - 20.06.2015 13:00","2034","2007"
"20.06.2015 13:00 - 20.06.2015 14:00","1975","1946"
"20.06.2015 14:00 - 20.06.2015 15:00","1910","1892"
"20.06.2015 15:00 - 20.06.2015 16:00","1865","1856"
"20.06.2015 16:00 - 20.06.2015 17:00","1869","1858"
"20.06.2015 17:00 - 20.06.2015 18:00","1973","1978"
"20.06.2015 18:00 - 20.06.2015 19:00","1950","1975"
"20.06.2015 19:00 - 20.06.2015 20:00","1857","1884"
"20.06.2015 20:00 - 20.06.2015 21:00","1788","1786"
"20.06.2015 21:00 - 20.06.2015 22:00","1713","1716"
"20.06.2015 22:00 - 20.06.2015 23:00","1681","1712"
"20.06.2015 23:00 - 21.06.2015 00:00","1623","1641"
"21.06.2015 00:00 - 21.06.2015 01:00","1516","1516"
"21.06.2015 01:00 - 21.06.2015 02:00","1440","1442"
"21.06.2015 02:00 - 21.06.2015 03:00","1396","1421"
"21.06.2015 03:00 - 21.06.2015 04:00","1397","1404"
"21.06.2015 04:00 - 21.06.2015 05:00","1380","1375"
"21.06.2015 05:00 - 21.06.2015 06:00","1376","1381"
"21.06.2015 06:00 - 21.06.2015 07:00","1456","1471"
"21.06.2015 07:00 - 21.06.2015 08:00","1606","1619"
"21.06.2015 08:00 - 21.06.2015 09:00","1766","1791"
"21.06.2015 09:00 - 21.06.2015 10:00","1898","1909"
"21.06.2015 10:00 - 21.06.2015 11:00","1974","1981"
"21.06.2015 11:00 - 21.06.2015 12:00","2004","2004"
"21.06.2015 12:00 - 21.06.2015 13:00","1984","1982"
"21.06.2015 13:00 - 21.06.2015 14:00","1969","1966"
"21.06.2015 14:00 - 21.06.2015 15:00","1946","1920"
"21.06.2015 15:00 - 21.06.2015 16:00","1908","1891"
"21.06.2015 16:00 - 21.06.2015 17:00","1938","1920"
"21.06.2015 17:00 - 21.06.2015 18:00","2085","2111"
"21.06.2015 18:00 - 21.06.2015 19:00","2106","2147"
"21.06.2015 19:00 - 21.06.2015 20:00","2027","2062"
"21.06.2015 20:00 - 21.06.2015 21:00","1951","1988"
"21.06.2015 21:00 - 21.06.2015 22:00","1860","1894"
"21.06.2015 22:00 - 21.06.2015 23:00","1813","1845"
"21.06.2015 23:00 - 22.06.2015 00:00","1737","1733"
"22.06.2015 00:00 - 22.06.2015 01:00","1621","1649"
"22.06.2015 01:00 - 22.06.2015 02:00","1589","1609"
"22.06.2015 02:00 - 22.06.2015 03:00","1567","1578"
"22.06.2015 03:00 - 22.06.2015 04:00","1581","1585"
"22.06.2015 04:00 - 22.06.2015 05:00","1589","1591"
"22.06.2015 05:00 - 22.06.2015 06:00","1707","1725"
"22.06.2015 06:00 - 22.06.2015 07:00","2089","2089"
"22.06.2015 07:00 - 22.06.2015 08:00","2492","2448"
"22.06.2015 08:00 - 22.06.2015 09:00","2639","2638"
"22.06.2015 09:00 - 22.06.2015 10:00","2691","2688"
"22.06.2015 10:00 - 22.06.2015 11:00","2761","2751"
"22.06.2015 11:00 - 22.06.2015 12:00","2756","2751"
"22.06.2015 12:00 - 22.06.2015 13:00","2681","2664"
"22.06.2015 13:00 - 22.06.2015 14:00","2695","2697"
"22.06.2015 14:00 - 22.06.2015 15:00","2649","2654"
"22.06.2015 15:00 - 22.06.2015 16:00","2518","2556"
"22.06.2015 16:00 - 22.06.2015 17:00","2478","2463"
"22.06.2015 17:00 - 22.06.2015 18:00","2558","2576"
"22.06.2015 18:00 - 22.06.2015 19:00","2474","2499"
"22.06.2015 19:00 - 22.06.2015 20:00","2347","2374"
"22.06.2015 20:00 - 22.06.2015 21:00","2227","2239"
"22.06.2015 21:00 - 22.06.2015 22:00","2098","2128"
"22.06.2015 22:00 - 22.06.2015 23:00","2012","2057"
"22.06.2015 23:00 - 23.06.2015 00:00","1881","1933"
"23.06.2015 00:00 - 23.06.2015 01:00","1750","1759"
"23.06.2015 01:00 - 23.06.2015 02:00","1672","1690"
"23.06.2015 02:00 - 23.06.2015 03:00","1657","1666"
"23.06.2015 03:00 - 23.06.2015 04:00","1655","1676"
"23.06.2015 04:00 - 23.06.2015 05:00","1642","1658"
"23.06.2015 05:00 - 23.06.2015 06:00","1766","1775"
"23.06.2015 06:00 - 23.06.2015 07:00","2131","2112"
"23.06.2015 07:00 - 23.06.2015 08:00","2528","2504"
"23.06.2015 08:00 - 23.06.2015 09:00","2690","2657"
"23.06.2015 09:00 - 23.06.2015 10:00","2699","2679"
"23.06.2015 10:00 - 23.06.2015 11:00","2736","2732"
"23.06.2015 11:00 - 23.06.2015 12:00","2730","2725"
"23.06.2015 12:00 - 23.06.2015 13:00","2667","2694"
"23.06.2015 13:00 - 23.06.2015 14:00","2714","2738"
"23.06.2015 14:00 - 23.06.2015 15:00","2688","2691"
"23.06.2015 15:00 - 23.06.2015 16:00","2560","2510"
"23.06.2015 16:00 - 23.06.2015 17:00","2416","2420"
"23.06.2015 17:00 - 23.06.2015 18:00","2487","2465"
"23.06.2015 18:00 - 23.06.2015 19:00","2376","2304"
"23.06.2015 19:00 - 23.06.2015 20:00","2182","2070"
"23.06.2015 20:00 - 23.06.2015 21:00","2072","2070"
"23.06.2015 21:00 - 23.06.2015 22:00","2004","2014"
"23.06.2015 22:00 - 23.06.2015 23:00","1939","1989"
"23.06.2015 23:00 - 24.06.2015 00:00","1856","1860"
"24.06.2015 00:00 - 24.06.2015 01:00","1735","1724"
"24.06.2015 01:00 - 24.06.2015 02:00","1638","1658"
"24.06.2015 02:00 - 24.06.2015 03:00","1618","1628"
"24.06.2015 03:00 - 24.06.2015 04:00","1615","1620"
"24.06.2015 04:00 - 24.06.2015 05:00","1609","1624"
"24.06.2015 05:00 - 24.06.2015 06:00","1725","1730"
"24.06.2015 06:00 - 24.06.2015 07:00","2079","2062"
"24.06.2015 07:00 - 24.06.2015 08:00","2415","2394"
"24.06.2015 08:00 - 24.06.2015 09:00","2580","2604"
"24.06.2015 09:00 - 24.06.2015 10:00","2652","2659"
"24.06.2015 10:00 - 24.06.2015 11:00","2722","2707"
"24.06.2015 11:00 - 24.06.2015 12:00","2696","2699"
"24.06.2015 12:00 - 24.06.2015 13:00","2633","2619"
"24.06.2015 13:00 - 24.06.2015 14:00","2642","2652"
"24.06.2015 14:00 - 24.06.2015 15:00","2587","2449"
"24.06.2015 15:00 - 24.06.2015 16:00","2487","2520"
"24.06.2015 16:00 - 24.06.2015 17:00","2441","2485"
"24.06.2015 17:00 - 24.06.2015 18:00","2571","2585"
"24.06.2015 18:00 - 24.06.2015 19:00","2481","2506"
"24.06.2015 19:00 - 24.06.2015 20:00","2361","2360"
"24.06.2015 20:00 - 24.06.2015 21:00","2249","2243"
"24.06.2015 21:00 - 24.06.2015 22:00","2137","2140"
"24.06.2015 22:00 - 24.06.2015 23:00","2042","2057"
"24.06.2015 23:00 - 25.06.2015 00:00","1913","1934"
"25.06.2015 00:00 - 25.06.2015 01:00","1774","1814"
"25.06.2015 01:00 - 25.06.2015 02:00","1732","1746"
"25.06.2015 02:00 - 25.06.2015 03:00","1696","1713"
"25.06.2015 03:00 - 25.06.2015 04:00","1693","1684"
"25.06.2015 04:00 - 25.06.2015 05:00","1685","1691"
"25.06.2015 05:00 - 25.06.2015 06:00","1744","1765"
"25.06.2015 06:00 - 25.06.2015 07:00","2093","2099"
"25.06.2015 07:00 - 25.06.2015 08:00","2484","2459"
"25.06.2015 08:00 - 25.06.2015 09:00","2627","2613"
"25.06.2015 09:00 - 25.06.2015 10:00","2667","2669"
"25.06.2015 10:00 - 25.06.2015 11:00","2748","2740"
"25.06.2015 11:00 - 25.06.2015 12:00","2729","2705"
"25.06.2015 12:00 - 25.06.2015 13:00","2645","2675"
"25.06.2015 13:00 - 25.06.2015 14:00","2671","2686"
"25.06.2015 14:00 - 25.06.2015 15:00","2613","2628"
"25.06.2015 15:00 - 25.06.2015 16:00","2485","2490"
"25.06.2015 16:00 - 25.06.2015 17:00","2426","2466"
"25.06.2015 17:00 - 25.06.2015 18:00","2531","2536"
"25.06.2015 18:00 - 25.06.2015 19:00","2448","2462"
"25.06.2015 19:00 - 25.06.2015 20:00","2332","2340"
"25.06.2015 20:00 - 25.06.2015 21:00","2220","2217"
"25.06.2015 21:00 - 25.06.2015 22:00","2114","2096"
"25.06.2015 22:00 - 25.06.2015 23:00","2031","2001"
"25.06.2015 23:00 - 26.06.2015 00:00","1915","1890"
"26.06.2015 00:00 - 26.06.2015 01:00","1738","1746"
"26.06.2015 01:00 - 26.06.2015 02:00","1666","1669"
"26.06.2015 02:00 - 26.06.2015 03:00","1631","1657"
"26.06.2015 03:00 - 26.06.2015 04:00","1642","1653"
"26.06.2015 04:00 - 26.06.2015 05:00","1643","1628"
"26.06.2015 05:00 - 26.06.2015 06:00","1725","1712"
"26.06.2015 06:00 - 26.06.2015 07:00","2028","2037"
"26.06.2015 07:00 - 26.06.2015 08:00","2420","2450"
"26.06.2015 08:00 - 26.06.2015 09:00","2615","2606"
"26.06.2015 09:00 - 26.06.2015 10:00","2652","2618"
"26.06.2015 10:00 - 26.06.2015 11:00","2710","2702"
"26.06.2015 11:00 - 26.06.2015 12:00","2673","2677"
"26.06.2015 12:00 - 26.06.2015 13:00","2569","2541"
"26.06.2015 13:00 - 26.06.2015 14:00","2465","2477"
"26.06.2015 14:00 - 26.06.2015 15:00","2350","2358"
"26.06.2015 15:00 - 26.06.2015 16:00","2253","2264"
"26.06.2015 16:00 - 26.06.2015 17:00","2244","2240"
"26.06.2015 17:00 - 26.06.2015 18:00","2322","2327"
"26.06.2015 18:00 - 26.06.2015 19:00","2270","2298"
"26.06.2015 19:00 - 26.06.2015 20:00","2152","2161"
"26.06.2015 20:00 - 26.06.2015 21:00","2036","2021"
"26.06.2015 21:00 - 26.06.2015 22:00","1939","1922"
"26.06.2015 22:00 - 26.06.2015 23:00","1874","1855"
"26.06.2015 23:00 - 27.06.2015 00:00","1763","1762"
"27.06.2015 00:00 - 27.06.2015 01:00","1629","1649"
"27.06.2015 01:00 - 27.06.2015 02:00","1559","1565"
"27.06.2015 02:00 - 27.06.2015 03:00","1509","1502"
"27.06.2015 03:00 - 27.06.2015 04:00","1471","1461"
"27.06.2015 04:00 - 27.06.2015 05:00","1441","1432"
"27.06.2015 05:00 - 27.06.2015 06:00","1425","1428"
"27.06.2015 06:00 - 27.06.2015 07:00","1545","1581"
"27.06.2015 07:00 - 27.06.2015 08:00","1761","1757"
"27.06.2015 08:00 - 27.06.2015 09:00","1944","1930"
"27.06.2015 09:00 - 27.06.2015 10:00","2054","2061"
"27.06.2015 10:00 - 27.06.2015 11:00","2107","2130"
"27.06.2015 11:00 - 27.06.2015 12:00","2127","2128"
"27.06.2015 12:00 - 27.06.2015 13:00","2059","2086"
"27.06.2015 13:00 - 27.06.2015 14:00","2049","2045"
"27.06.2015 14:00 - 27.06.2015 15:00","2011","1989"
"27.06.2015 15:00 - 27.06.2015 16:00","1966","1955"
"27.06.2015 16:00 - 27.06.2015 17:00","1959","1979"
"27.06.2015 17:00 - 27.06.2015 18:00","2096","2111"
"27.06.2015 18:00 - 27.06.2015 19:00","2095","2102"
"27.06.2015 19:00 - 27.06.2015 20:00","1960","1984"
"27.06.2015 20:00 - 27.06.2015 21:00","1874","1889"
"27.06.2015 21:00 - 27.06.2015 22:00","1813","1801"
"27.06.2015 22:00 - 27.06.2015 23:00","1764","1748"
"27.06.2015 23:00 - 28.06.2015 00:00","1690","1662"
"28.06.2015 00:00 - 28.06.2015 01:00","1570","1569"
"28.06.2015 01:00 - 28.06.2015 02:00","1478","1491"
"28.06.2015 02:00 - 28.06.2015 03:00","1438","1453"
"28.06.2015 03:00 - 28.06.2015 04:00","1435","1429"
"28.06.2015 04:00 - 28.06.2015 05:00","1414","1407"
"28.06.2015 05:00 - 28.06.2015 06:00","1409","1404"
"28.06.2015 06:00 - 28.06.2015 07:00","1480","1478"
"28.06.2015 07:00 - 28.06.2015 08:00","1613","1617"
"28.06.2015 08:00 - 28.06.2015 09:00","1794","1780"
"28.06.2015 09:00 - 28.06.2015 10:00","1909","1902"
"28.06.2015 10:00 - 28.06.2015 11:00","1973","1967"
"28.06.2015 11:00 - 28.06.2015 12:00","1984","1983"
"28.06.2015 12:00 - 28.06.2015 13:00","1971","1972"
"28.06.2015 13:00 - 28.06.2015 14:00","1959","1933"
"28.06.2015 14:00 - 28.06.2015 15:00","1908","1906"
"28.06.2015 15:00 - 28.06.2015 16:00","1889","1892"
"28.06.2015 16:00 - 28.06.2015 17:00","1921","1941"
"28.06.2015 17:00 - 28.06.2015 18:00","2110","2140"
"28.06.2015 18:00 - 28.06.2015 19:00","2154","2174"
"28.06.2015 19:00 - 28.06.2015 20:00","2075","2096"
"28.06.2015 20:00 - 28.06.2015 21:00","2013","2026"
"28.06.2015 21:00 - 28.06.2015 22:00","1931","1944"
"28.06.2015 22:00 - 28.06.2015 23:00","1879","1871"
"28.06.2015 23:00 - 29.06.2015 00:00","1787","1780"
"29.06.2015 00:00 - 29.06.2015 01:00","1659","1685"
"29.06.2015 01:00 - 29.06.2015 02:00","1595","1603"
"29.06.2015 02:00 - 29.06.2015 03:00","1570","1593"
"29.06.2015 03:00 - 29.06.2015 04:00","1600","1601"
"29.06.2015 04:00 - 29.06.2015 05:00","1597","1601"
"29.06.2015 05:00 - 29.06.2015 06:00","1702","1719"
"29.06.2015 06:00 - 29.06.2015 07:00","2037","2045"
"29.06.2015 07:00 - 29.06.2015 08:00","2415","2421"
"29.06.2015 08:00 - 29.06.2015 09:00","2626","2632"
"29.06.2015 09:00 - 29.06.2015 10:00","2659","2651"
"29.06.2015 10:00 - 29.06.2015 11:00","2741","2730"
"29.06.2015 11:00 - 29.06.2015 12:00","2734","2735"
"29.06.2015 12:00 - 29.06.2015 13:00","2659","2651"
"29.06.2015 13:00 - 29.06.2015 14:00","2672","2669"
"29.06.2015 14:00 - 29.06.2015 15:00","2602","2619"
"29.06.2015 15:00 - 29.06.2015 16:00","2483","2504"
"29.06.2015 16:00 - 29.06.2015 17:00","2420","2415"
"29.06.2015 17:00 - 29.06.2015 18:00","2514","2531"
"29.06.2015 18:00 - 29.06.2015 19:00","2462","2461"
"29.06.2015 19:00 - 29.06.2015 20:00","2337","2331"
"29.06.2015 20:00 - 29.06.2015 21:00","2217","2215"
"29.06.2015 21:00 - 29.06.2015 22:00","2128","2103"
"29.06.2015 22:00 - 29.06.2015 23:00","2073","2030"
"29.06.2015 23:00 - 30.06.2015 00:00","1965","1897"
"30.06.2015 00:00 - 30.06.2015 01:00","1733","1779"
"30.06.2015 01:00 - 30.06.2015 02:00","1686","1706"
"30.06.2015 02:00 - 30.06.2015 03:00","1654","1678"
"30.06.2015 03:00 - 30.06.2015 04:00","1655","1688"
"30.06.2015 04:00 - 30.06.2015 05:00","1682","1672"
"30.06.2015 05:00 - 30.06.2015 06:00","1757","1744"
"30.06.2015 06:00 - 30.06.2015 07:00","2070","2061"
"30.06.2015 07:00 - 30.06.2015 08:00","2447","2431"
"30.06.2015 08:00 - 30.06.2015 09:00","2619","2610"
"30.06.2015 09:00 - 30.06.2015 10:00","2649","2638"
"30.06.2015 10:00 - 30.06.2015 11:00","2721","2716"
"30.06.2015 11:00 - 30.06.2015 12:00","2734","2729"
"30.06.2015 12:00 - 30.06.2015 13:00","2669","2679"
"30.06.2015 13:00 - 30.06.2015 14:00","2682","2680"
"30.06.2015 14:00 - 30.06.2015 15:00","2617","2617"
"30.06.2015 15:00 - 30.06.2015 16:00","2505","2488"
"30.06.2015 16:00 - 30.06.2015 17:00","2417","2415"
"30.06.2015 17:00 - 30.06.2015 18:00","2510","2538"
"30.06.2015 18:00 - 30.06.2015 19:00","2503","2516"
"30.06.2015 19:00 - 30.06.2015 20:00","2335","2341"
"30.06.2015 20:00 - 30.06.2015 21:00","2219","2242"
"30.06.2015 21:00 - 30.06.2015 22:00","2124","2137"
"30.06.2015 22:00 - 30.06.2015 23:00","2048","2066"
"30.06.2015 23:00 - 01.07.2015 00:00","1913","1952"
"01.07.2015 00:00 - 01.07.2015 01:00","1784","1815"
"01.07.2015 01:00 - 01.07.2015 02:00","1688","1716"
"01.07.2015 02:00 - 01.07.2015 03:00","1643","1676"
"01.07.2015 03:00 - 01.07.2015 04:00","1665","1703"
"01.07.2015 04:00 - 01.07.2015 05:00","1689","1693"
"01.07.2015 05:00 - 01.07.2015 06:00","1769","1787"
"01.07.2015 06:00 - 01.07.2015 07:00","2084","2117"
"01.07.2015 07:00 - 01.07.2015 08:00","2467","2493"
"01.07.2015 08:00 - 01.07.2015 09:00","2672","2682"
"01.07.2015 09:00 - 01.07.2015 10:00","2724","2710"
"01.07.2015 10:00 - 01.07.2015 11:00","2783","2765"
"01.07.2015 11:00 - 01.07.2015 12:00","2760","2745"
"01.07.2015 12:00 - 01.07.2015 13:00","2685","2686"
"01.07.2015 13:00 - 01.07.2015 14:00","2702","2714"
"01.07.2015 14:00 - 01.07.2015 15:00","2637","2648"
"01.07.2015 15:00 - 01.07.2015 16:00","2517","2483"
"01.07.2015 16:00 - 01.07.2015 17:00","2393","2369"
"01.07.2015 17:00 - 01.07.2015 18:00","2451","2402"
"01.07.2015 18:00 - 01.07.2015 19:00","2343","2324"
"01.07.2015 19:00 - 01.07.2015 20:00","2220","2202"
"01.07.2015 20:00 - 01.07.2015 21:00","2148","2213"
"01.07.2015 21:00 - 01.07.2015 22:00","2097","2142"
"01.07.2015 22:00 - 01.07.2015 23:00","2050","2067"
"01.07.2015 23:00 - 02.07.2015 00:00","1928","1963"
"02.07.2015 00:00 - 02.07.2015 01:00","1815","1815"
"02.07.2015 01:00 - 02.07.2015 02:00","1733","1735"
"02.07.2015 02:00 - 02.07.2015 03:00","1691","1697"
"02.07.2015 03:00 - 02.07.2015 04:00","1684","1697"
"02.07.2015 04:00 - 02.07.2015 05:00","1684","1680"
"02.07.2015 05:00 - 02.07.2015 06:00","1784","1794"
"02.07.2015 06:00 - 02.07.2015 07:00","2108","2109"
"02.07.2015 07:00 - 02.07.2015 08:00","2469","2472"
"02.07.2015 08:00 - 02.07.2015 09:00","2631","2622"
"02.07.2015 09:00 - 02.07.2015 10:00","2678","2685"
"02.07.2015 10:00 - 02.07.2015 11:00","2763","2791"
"02.07.2015 11:00 - 02.07.2015 12:00","2789","2778"
"02.07.2015 12:00 - 02.07.2015 13:00","2715","2706"
"02.07.2015 13:00 - 02.07.2015 14:00","2710","2720"
"02.07.2015 14:00 - 02.07.2015 15:00","2651","2658"
"02.07.2015 15:00 - 02.07.2015 16:00","2517","2503"
"02.07.2015 16:00 - 02.07.2015 17:00","2435","2437"
"02.07.2015 17:00 - 02.07.2015 18:00","2505","2460"
"02.07.2015 18:00 - 02.07.2015 19:00","2384","2396"
"02.07.2015 19:00 - 02.07.2015 20:00","2295","2300"
"02.07.2015 20:00 - 02.07.2015 21:00","2203","2207"
"02.07.2015 21:00 - 02.07.2015 22:00","2134","2104"
"02.07.2015 22:00 - 02.07.2015 23:00","2083","2063"
"02.07.2015 23:00 - 03.07.2015 00:00","1948","1976"
"03.07.2015 00:00 - 03.07.2015 01:00","1831","1861"
"03.07.2015 01:00 - 03.07.2015 02:00","1763","1780"
"03.07.2015 02:00 - 03.07.2015 03:00","1727","1770"
"03.07.2015 03:00 - 03.07.2015 04:00","1749","1767"
"03.07.2015 04:00 - 03.07.2015 05:00","1746","1732"
"03.07.2015 05:00 - 03.07.2015 06:00","1811","1810"
"03.07.2015 06:00 - 03.07.2015 07:00","2102","2119"
"03.07.2015 07:00 - 03.07.2015 08:00","2445","2470"
"03.07.2015 08:00 - 03.07.2015 09:00","2621","2637"
"03.07.2015 09:00 - 03.07.2015 10:00","2691","2685"
"03.07.2015 10:00 - 03.07.2015 11:00","2768","2763"
"03.07.2015 11:00 - 03.07.2015 12:00","2743","2749"
"03.07.2015 12:00 - 03.07.2015 13:00","2632","2646"
"03.07.2015 13:00 - 03.07.2015 14:00","2548","2603"
"03.07.2015 14:00 - 03.07.2015 15:00","2451","2487"
"03.07.2015 15:00 - 03.07.2015 16:00","2386","2395"
"03.07.2015 16:00 - 03.07.2015 17:00","2360","2355"
"03.07.2015 17:00 - 03.07.2015 18:00","2410","2382"
"03.07.2015 18:00 - 03.07.2015 19:00","2329","2313"
"03.07.2015 19:00 - 03.07.2015 20:00","2163","2173"
"03.07.2015 20:00 - 03.07.2015 21:00","2048","2068"
"03.07.2015 21:00 - 03.07.2015 22:00","1963","1980"
"03.07.2015 22:00 - 03.07.2015 23:00","1930","1951"
"03.07.2015 23:00 - 04.07.2015 00:00","1842","1898"
"04.07.2015 00:00 - 04.07.2015 01:00","1738","1790"
"04.07.2015 01:00 - 04.07.2015 02:00","1678","1674"
"04.07.2015 02:00 - 04.07.2015 03:00","1609","1607"
"04.07.2015 03:00 - 04.07.2015 04:00","1568","1586"
"04.07.2015 04:00 - 04.07.2015 05:00","1545","1542"
"04.07.2015 05:00 - 04.07.2015 06:00","1529","1536"
"04.07.2015 06:00 - 04.07.2015 07:00","1630","1634"
"04.07.2015 07:00 - 04.07.2015 08:00","1805","1806"
"04.07.2015 08:00 - 04.07.2015 09:00","1993","1996"
"04.07.2015 09:00 - 04.07.2015 10:00","2109","2112"
"04.07.2015 10:00 - 04.07.2015 11:00","2162","2166"
"04.07.2015 11:00 - 04.07.2015 12:00","2151","2154"
"04.07.2015 12:00 - 04.07.2015 13:00","2111","2108"
"04.07.2015 13:00 - 04.07.2015 14:00","2061","2073"
"04.07.2015 14:00 - 04.07.2015 15:00","2024","2022"
"04.07.2015 15:00 - 04.07.2015 16:00","1987","1996"
"04.07.2015 16:00 - 04.07.2015 17:00","2003","2006"
"04.07.2015 17:00 - 04.07.2015 18:00","2081","2076"
"04.07.2015 18:00 - 04.07.2015 19:00","2067","2072"
"04.07.2015 19:00 - 04.07.2015 20:00","1966","1989"
"04.07.2015 20:00 - 04.07.2015 21:00","1909","1929"
"04.07.2015 21:00 - 04.07.2015 22:00","1855","1857"
"04.07.2015 22:00 - 04.07.2015 23:00","1826","1846"
"04.07.2015 23:00 - 05.07.2015 00:00","1749","1790"
"05.07.2015 00:00 - 05.07.2015 01:00","1654","1668"
"05.07.2015 01:00 - 05.07.2015 02:00","1573","1591"
"05.07.2015 02:00 - 05.07.2015 03:00","1529","1539"
"05.07.2015 03:00 - 05.07.2015 04:00","1506","1516"
"05.07.2015 04:00 - 05.07.2015 05:00","1466","1471"
"05.07.2015 05:00 - 05.07.2015 06:00","1451","1466"
"05.07.2015 06:00 - 05.07.2015 07:00","1525","1529"
"05.07.2015 07:00 - 05.07.2015 08:00","1684","1677"
"05.07.2015 08:00 - 05.07.2015 09:00","1864","1840"
"05.07.2015 09:00 - 05.07.2015 10:00","1962","1964"
"05.07.2015 10:00 - 05.07.2015 11:00","2026","2031"
"05.07.2015 11:00 - 05.07.2015 12:00","2052","2049"
"05.07.2015 12:00 - 05.07.2015 13:00","2026","2027"
"05.07.2015 13:00 - 05.07.2015 14:00","2003","2009"
"05.07.2015 14:00 - 05.07.2015 15:00","1987","1999"
"05.07.2015 15:00 - 05.07.2015 16:00","1989","1995"
"05.07.2015 16:00 - 05.07.2015 17:00","2031","2037"
"05.07.2015 17:00 - 05.07.2015 18:00","2161","2169"
"05.07.2015 18:00 - 05.07.2015 19:00","2176","2189"
"05.07.2015 19:00 - 05.07.2015 20:00","2106","2107"
"05.07.2015 20:00 - 05.07.2015 21:00","2052","2063"
"05.07.2015 21:00 - 05.07.2015 22:00","1994","2003"
"05.07.2015 22:00 - 05.07.2015 23:00","1963","1949"
"05.07.2015 23:00 - 06.07.2015 00:00","1861","1828"
"06.07.2015 00:00 - 06.07.2015 01:00","1657","1692"
"06.07.2015 01:00 - 06.07.2015 02:00","1606","1587"
"06.07.2015 02:00 - 06.07.2015 03:00","1563","1553"
"06.07.2015 03:00 - 06.07.2015 04:00","1582","1608"
"06.07.2015 04:00 - 06.07.2015 05:00","1608","1643"
"06.07.2015 05:00 - 06.07.2015 06:00","1712","1705"
"06.07.2015 06:00 - 06.07.2015 07:00","1981","1953"
"06.07.2015 07:00 - 06.07.2015 08:00","2304","2300"
"06.07.2015 08:00 - 06.07.2015 09:00","2524","2498"
"06.07.2015 09:00 - 06.07.2015 10:00","2597","2610"
"06.07.2015 10:00 - 06.07.2015 11:00","2722","2700"
"06.07.2015 11:00 - 06.07.2015 12:00","2717","2698"
"06.07.2015 12:00 - 06.07.2015 13:00","2646","2629"
"06.07.2015 13:00 - 06.07.2015 14:00","2662","2660"
"06.07.2015 14:00 - 06.07.2015 15:00","2618","2619"
"06.07.2015 15:00 - 06.07.2015 16:00","2471","2467"
"06.07.2015 16:00 - 06.07.2015 17:00","2388","2407"
"06.07.2015 17:00 - 06.07.2015 18:00","2492","2515"
"06.07.2015 18:00 - 06.07.2015 19:00","2442","2454"
"06.07.2015 19:00 - 06.07.2015 20:00","2331","2350"
"06.07.2015 20:00 - 06.07.2015 21:00","2199","2219"
"06.07.2015 21:00 - 06.07.2015 22:00","2108","2136"
"06.07.2015 22:00 - 06.07.2015 23:00","2034","2075"
"06.07.2015 23:00 - 07.07.2015 00:00","1895","1934"
"07.07.2015 00:00 - 07.07.2015 01:00","1796","1787"
"07.07.2015 01:00 - 07.07.2015 02:00","1706","1726"
"07.07.2015 02:00 - 07.07.2015 03:00","1689","1695"
"07.07.2015 03:00 - 07.07.2015 04:00","1682","1677"
"07.07.2015 04:00 - 07.07.2015 05:00","1683","1682"
"07.07.2015 05:00 - 07.07.2015 06:00","1758","1745"
"07.07.2015 06:00 - 07.07.2015 07:00","2021","2029"
"07.07.2015 07:00 - 07.07.2015 08:00","2354","2374"
"07.07.2015 08:00 - 07.07.2015 09:00","2567","2586"
"07.07.2015 09:00 - 07.07.2015 10:00","2634","2638"
"07.07.2015 10:00 - 07.07.2015 11:00","2713","2703"
"07.07.2015 11:00 - 07.07.2015 12:00","2685","2657"
"07.07.2015 12:00 - 07.07.2015 13:00","2616","2616"
"07.07.2015 13:00 - 07.07.2015 14:00","2649","2666"
"07.07.2015 14:00 - 07.07.2015 15:00","2636","2627"
"07.07.2015 15:00 - 07.07.2015 16:00","2503","2515"
"07.07.2015 16:00 - 07.07.2015 17:00","2465","2478"
"07.07.2015 17:00 - 07.07.2015 18:00","2543","2582"
"07.07.2015 18:00 - 07.07.2015 19:00","2543","2581"
"07.07.2015 19:00 - 07.07.2015 20:00","2407","2360"
"07.07.2015 20:00 - 07.07.2015 21:00","2233","2246"
"07.07.2015 21:00 - 07.07.2015 22:00","2176","2159"
"07.07.2015 22:00 - 07.07.2015 23:00","2134","2095"
"07.07.2015 23:00 - 08.07.2015 00:00","2007","1962"
"08.07.2015 00:00 - 08.07.2015 01:00","1785","1814"
"08.07.2015 01:00 - 08.07.2015 02:00","1742","1770"
"08.07.2015 02:00 - 08.07.2015 03:00","1718","1724"
"08.07.2015 03:00 - 08.07.2015 04:00","1712","1715"
"08.07.2015 04:00 - 08.07.2015 05:00","1724","1728"
"08.07.2015 05:00 - 08.07.2015 06:00","1801","1800"
"08.07.2015 06:00 - 08.07.2015 07:00","2064","2052"
"08.07.2015 07:00 - 08.07.2015 08:00","2410","2407"
"08.07.2015 08:00 - 08.07.2015 09:00","2590","2589"
"08.07.2015 09:00 - 08.07.2015 10:00","2627","2625"
"08.07.2015 10:00 - 08.07.2015 11:00","2697","2677"
"08.07.2015 11:00 - 08.07.2015 12:00","2680","2654"
"08.07.2015 12:00 - 08.07.2015 13:00","2606","2613"
"08.07.2015 13:00 - 08.07.2015 14:00","2619","2622"
"08.07.2015 14:00 - 08.07.2015 15:00","2575","2584"
"08.07.2015 15:00 - 08.07.2015 16:00","2467","2454"
"08.07.2015 16:00 - 08.07.2015 17:00","2396","2395"
"08.07.2015 17:00 - 08.07.2015 18:00","2481","2504"
"08.07.2015 18:00 - 08.07.2015 19:00","2459","2454"
"08.07.2015 19:00 - 08.07.2015 20:00","2304","2309"
"08.07.2015 20:00 - 08.07.2015 21:00","2168","2170"
"08.07.2015 21:00 - 08.07.2015 22:00","2078","2076"
"08.07.2015 22:00 - 08.07.2015 23:00","2036","2019"
"08.07.2015 23:00 - 09.07.2015 00:00","1925","1909"
"09.07.2015 00:00 - 09.07.2015 01:00","1790","1795"
"09.07.2015 01:00 - 09.07.2015 02:00","1701","1710"
"09.07.2015 02:00 - 09.07.2015 03:00","1685","1697"
"09.07.2015 03:00 - 09.07.2015 04:00","1681","1671"
"09.07.2015 04:00 - 09.07.2015 05:00","1693","1692"
"09.07.2015 05:00 - 09.07.2015 06:00","1771","1747"
"09.07.2015 06:00 - 09.07.2015 07:00","2004","1999"
"09.07.2015 07:00 - 09.07.2015 08:00","2330","2329"
"09.07.2015 08:00 - 09.07.2015 09:00","2518","2533"
"09.07.2015 09:00 - 09.07.2015 10:00","2603","2610"
"09.07.2015 10:00 - 09.07.2015 11:00","2699","2664"
"09.07.2015 11:00 - 09.07.2015 12:00","2673","2660"
"09.07.2015 12:00 - 09.07.2015 13:00","2621","2613"
"09.07.2015 13:00 - 09.07.2015 14:00","2631","2627"
"09.07.2015 14:00 - 09.07.2015 15:00","2568","2546"
"09.07.2015 15:00 - 09.07.2015 16:00","2415","2404"
"09.07.2015 16:00 - 09.07.2015 17:00","2345","2360"
"09.07.2015 17:00 - 09.07.2015 18:00","2430","2440"
"09.07.2015 18:00 - 09.07.2015 19:00","2376","2376"
"09.07.2015 19:00 - 09.07.2015 20:00","2238","2222"
"09.07.2015 20:00 - 09.07.2015 21:00","2118","2125"
"09.07.2015 21:00 - 09.07.2015 22:00","2052","2030"
"09.07.2015 22:00 - 09.07.2015 23:00","2037","1949"
"09.07.2015 23:00 - 10.07.2015 00:00","1935","1848"
"10.07.2015 00:00 - 10.07.2015 01:00","1699","1711"
"10.07.2015 01:00 - 10.07.2015 02:00","1630","1644"
"10.07.2015 02:00 - 10.07.2015 03:00","1615","1608"
"10.07.2015 03:00 - 10.07.2015 04:00","1600","1594"
"10.07.2015 04:00 - 10.07.2015 05:00","1600","1604"
"10.07.2015 05:00 - 10.07.2015 06:00","1670","1663"
"10.07.2015 06:00 - 10.07.2015 07:00","1934","1925"
"10.07.2015 07:00 - 10.07.2015 08:00","2235","2232"
"10.07.2015 08:00 - 10.07.2015 09:00","2426","2418"
"10.07.2015 09:00 - 10.07.2015 10:00","2487","2459"
"10.07.2015 10:00 - 10.07.2015 11:00","2523","2515"
"10.07.2015 11:00 - 10.07.2015 12:00","2475","2470"
"10.07.2015 12:00 - 10.07.2015 13:00","2375","2377"
"10.07.2015 13:00 - 10.07.2015 14:00","2296","2269"
"10.07.2015 14:00 - 10.07.2015 15:00","2178","2166"
"10.07.2015 15:00 - 10.07.2015 16:00","2097","2106"
"10.07.2015 16:00 - 10.07.2015 17:00","2093","2107"
"10.07.2015 17:00 - 10.07.2015 18:00","2166","2204"
"10.07.2015 18:00 - 10.07.2015 19:00","2162","2168"
"10.07.2015 19:00 - 10.07.2015 20:00","2040","2029"
"10.07.2015 20:00 - 10.07.2015 21:00","1939","1923"
"10.07.2015 21:00 - 10.07.2015 22:00","1871","1840"
"10.07.2015 22:00 - 10.07.2015 23:00","1847","1808"
"10.07.2015 23:00 - 11.07.2015 00:00","1755","1728"
"11.07.2015 00:00 - 11.07.2015 01:00","1588","1605"
"11.07.2015 01:00 - 11.07.2015 02:00","1507","1506"
"11.07.2015 02:00 - 11.07.2015 03:00","1461","1493"
"11.07.2015 03:00 - 11.07.2015 04:00","1444","1494"
"11.07.2015 04:00 - 11.07.2015 05:00","1445","1454"
"11.07.2015 05:00 - 11.07.2015 06:00","1426","1443"
"11.07.2015 06:00 - 11.07.2015 07:00","1519","1521"
"11.07.2015 07:00 - 11.07.2015 08:00","1671","1672"
"11.07.2015 08:00 - 11.07.2015 09:00","1852","1851"
"11.07.2015 09:00 - 11.07.2015 10:00","1971","1958"
"11.07.2015 10:00 - 11.07.2015 11:00","2017","2008"
"11.07.2015 11:00 - 11.07.2015 12:00","1994","2004"
"11.07.2015 12:00 - 11.07.2015 13:00","1968","1969"
"11.07.2015 13:00 - 11.07.2015 14:00","1928","1926"
"11.07.2015 14:00 - 11.07.2015 15:00","1888","1888"
"11.07.2015 15:00 - 11.07.2015 16:00","1873","1872"
"11.07.2015 16:00 - 11.07.2015 17:00","1894","1888"
"11.07.2015 17:00 - 11.07.2015 18:00","1992","2017"
"11.07.2015 18:00 - 11.07.2015 19:00","2005","2025"
"11.07.2015 19:00 - 11.07.2015 20:00","1909","1930"
"11.07.2015 20:00 - 11.07.2015 21:00","1849","1849"
"11.07.2015 21:00 - 11.07.2015 22:00","1798","1781"
"11.07.2015 22:00 - 11.07.2015 23:00","1760","1727"
"11.07.2015 23:00 - 12.07.2015 00:00","1665","1635"
"12.07.2015 00:00 - 12.07.2015 01:00","1498","1536"
"12.07.2015 01:00 - 12.07.2015 02:00","1456","1471"
"12.07.2015 02:00 - 12.07.2015 03:00","1411","1435"
"12.07.2015 03:00 - 12.07.2015 04:00","1388","1415"
"12.07.2015 04:00 - 12.07.2015 05:00","1389","1393"
"12.07.2015 05:00 - 12.07.2015 06:00","1355","1389"
"12.07.2015 06:00 - 12.07.2015 07:00","1395","1448"
"12.07.2015 07:00 - 12.07.2015 08:00","1568","1575"
"12.07.2015 08:00 - 12.07.2015 09:00","1720","1721"
"12.07.2015 09:00 - 12.07.2015 10:00","1833","1835"
"12.07.2015 10:00 - 12.07.2015 11:00","1889","1887"
"12.07.2015 11:00 - 12.07.2015 12:00","1914","1902"
"12.07.2015 12:00 - 12.07.2015 13:00","1883","1876"
"12.07.2015 13:00 - 12.07.2015 14:00","1860","1847"
"12.07.2015 14:00 - 12.07.2015 15:00","1822","1821"
"12.07.2015 15:00 - 12.07.2015 16:00","1810","1818"
"12.07.2015 16:00 - 12.07.2015 17:00","1854","1858"
"12.07.2015 17:00 - 12.07.2015 18:00","2000","2012"
"12.07.2015 18:00 - 12.07.2015 19:00","2041","2027"
"12.07.2015 19:00 - 12.07.2015 20:00","1936","1932"
"12.07.2015 20:00 - 12.07.2015 21:00","1850","1863"
"12.07.2015 21:00 - 12.07.2015 22:00","1773","1802"
"12.07.2015 22:00 - 12.07.2015 23:00","1744","1760"
"12.07.2015 23:00 - 13.07.2015 00:00","1653","1644"
"13.07.2015 00:00 - 13.07.2015 01:00","1543","1542"
"13.07.2015 01:00 - 13.07.2015 02:00","1473","1490"
"13.07.2015 02:00 - 13.07.2015 03:00","1453","1468"
"13.07.2015 03:00 - 13.07.2015 04:00","1453","1475"
"13.07.2015 04:00 - 13.07.2015 05:00","1471","1480"
"13.07.2015 05:00 - 13.07.2015 06:00","1532","1522"
"13.07.2015 06:00 - 13.07.2015 07:00","1738","1757"
"13.07.2015 07:00 - 13.07.2015 08:00","2022","2040"
"13.07.2015 08:00 - 13.07.2015 09:00","2228","2209"
"13.07.2015 09:00 - 13.07.2015 10:00","2311","2310"
"13.07.2015 10:00 - 13.07.2015 11:00","2377","2368"
"13.07.2015 11:00 - 13.07.2015 12:00","2374","2363"
"13.07.2015 12:00 - 13.07.2015 13:00","2326","2349"
"13.07.2015 13:00 - 13.07.2015 14:00","2345","2350"
"13.07.2015 14:00 - 13.07.2015 15:00","2308","2319"
"13.07.2015 15:00 - 13.07.2015 16:00","2235","2220"
"13.07.2015 16:00 - 13.07.2015 17:00","2189","2187"
"13.07.2015 17:00 - 13.07.2015 18:00","2283","2294"
"13.07.2015 18:00 - 13.07.2015 19:00","2247","2252"
"13.07.2015 19:00 - 13.07.2015 20:00","2118","2156"
"13.07.2015 20:00 - 13.07.2015 21:00","2043","2023"
"13.07.2015 21:00 - 13.07.2015 22:00","1963","1910"
"13.07.2015 22:00 - 13.07.2015 23:00","1911","1881"
"13.07.2015 23:00 - 14.07.2015 00:00","1775","1767"
"14.07.2015 00:00 - 14.07.2015 01:00","1623","1636"
"14.07.2015 01:00 - 14.07.2015 02:00","1550","1560"
"14.07.2015 02:00 - 14.07.2015 03:00","1520","1525"
"14.07.2015 03:00 - 14.07.2015 04:00","1504","1523"
"14.07.2015 04:00 - 14.07.2015 05:00","1528","1544"
"14.07.2015 05:00 - 14.07.2015 06:00","1588","1583"
"14.07.2015 06:00 - 14.07.2015 07:00","1793","1791"
"14.07.2015 07:00 - 14.07.2015 08:00","2068","2085"
"14.07.2015 08:00 - 14.07.2015 09:00","2266","2275"
"14.07.2015 09:00 - 14.07.2015 10:00","2345","2360"
"14.07.2015 10:00 - 14.07.2015 11:00","2421","2432"
"14.07.2015 11:00 - 14.07.2015 12:00","2432","2420"
"14.07.2015 12:00 - 14.07.2015 13:00","2369","2357"
"14.07.2015 13:00 - 14.07.2015 14:00","2364","2352"
"14.07.2015 14:00 - 14.07.2015 15:00","2300","2299"
"14.07.2015 15:00 - 14.07.2015 16:00","2217","2235"
"14.07.2015 16:00 - 14.07.2015 17:00","2187","2168"
"14.07.2015 17:00 - 14.07.2015 18:00","2248","2252"
"14.07.2015 18:00 - 14.07.2015 19:00","2208","2213"
"14.07.2015 19:00 - 14.07.2015 20:00","2089","2098"
"14.07.2015 20:00 - 14.07.2015 21:00","1991","2016"
"14.07.2015 21:00 - 14.07.2015 22:00","1925","1964"
"14.07.2015 22:00 - 14.07.2015 23:00","1900","1923"
"14.07.2015 23:00 - 15.07.2015 00:00","1788","1793"
"15.07.2015 00:00 - 15.07.2015 01:00","1640","1683"
"15.07.2015 01:00 - 15.07.2015 02:00","1591","1610"
"15.07.2015 02:00 - 15.07.2015 03:00","1557","1551"
"15.07.2015 03:00 - 15.07.2015 04:00","1540","1562"
"15.07.2015 04:00 - 15.07.2015 05:00","1559","1553"
"15.07.2015 05:00 - 15.07.2015 06:00","1594","1598"
"15.07.2015 06:00 - 15.07.2015 07:00","1801","1818"
"15.07.2015 07:00 - 15.07.2015 08:00","2097","2121"
"15.07.2015 08:00 - 15.07.2015 09:00","2284","2268"
"15.07.2015 09:00 - 15.07.2015 10:00","2363","2359"
"15.07.2015 10:00 - 15.07.2015 11:00","2424","2415"
"15.07.2015 11:00 - 15.07.2015 12:00","2419","2412"
"15.07.2015 12:00 - 15.07.2015 13:00","2365","2347"
"15.07.2015 13:00 - 15.07.2015 14:00","2327","2341"
"15.07.2015 14:00 - 15.07.2015 15:00","2283","2303"
"15.07.2015 15:00 - 15.07.2015 16:00","2206","2210"
"15.07.2015 16:00 - 15.07.2015 17:00","2183","2198"
"15.07.2015 17:00 - 15.07.2015 18:00","2292","2299"
"15.07.2015 18:00 - 15.07.2015 19:00","2262","2289"
"15.07.2015 19:00 - 15.07.2015 20:00","2170","2184"
"15.07.2015 20:00 - 15.07.2015 21:00","2070","2059"
"15.07.2015 21:00 - 15.07.2015 22:00","1985","1978"
"15.07.2015 22:00 - 15.07.2015 23:00","1946","1902"
"15.07.2015 23:00 - 16.07.2015 00:00","1825","1783"
"16.07.2015 00:00 - 16.07.2015 01:00","1633","1638"
"16.07.2015 01:00 - 16.07.2015 02:00","1548","1564"
"16.07.2015 02:00 - 16.07.2015 03:00","1527","1539"
"16.07.2015 03:00 - 16.07.2015 04:00","1526","1540"
"16.07.2015 04:00 - 16.07.2015 05:00","1533","1544"
"16.07.2015 05:00 - 16.07.2015 06:00","1590","1570"
"16.07.2015 06:00 - 16.07.2015 07:00","1795","1794"
"16.07.2015 07:00 - 16.07.2015 08:00","2079","2075"
"16.07.2015 08:00 - 16.07.2015 09:00","2259","2260"
"16.07.2015 09:00 - 16.07.2015 10:00","2372","2388"
"16.07.2015 10:00 - 16.07.2015 11:00","2429","2414"
"16.07.2015 11:00 - 16.07.2015 12:00","2402","2411"
"16.07.2015 12:00 - 16.07.2015 13:00","2350","2345"
"16.07.2015 13:00 - 16.07.2015 14:00","2333","2326"
"16.07.2015 14:00 - 16.07.2015 15:00","2275","2286"
"16.07.2015 15:00 - 16.07.2015 16:00","2205","2221"
"16.07.2015 16:00 - 16.07.2015 17:00","2176","2169"
"16.07.2015 17:00 - 16.07.2015 18:00","2249","2247"
"16.07.2015 18:00 - 16.07.2015 19:00","2203","2204"
"16.07.2015 19:00 - 16.07.2015 20:00","2090","2106"
"16.07.2015 20:00 - 16.07.2015 21:00","2012","2032"
"16.07.2015 21:00 - 16.07.2015 22:00","1956","1939"
"16.07.2015 22:00 - 16.07.2015 23:00","1930","1911"
"16.07.2015 23:00 - 17.07.2015 00:00","1805","1784"
"17.07.2015 00:00 - 17.07.2015 01:00","1632","1653"
"17.07.2015 01:00 - 17.07.2015 02:00","1570","1585"
"17.07.2015 02:00 - 17.07.2015 03:00","1545","1546"
"17.07.2015 03:00 - 17.07.2015 04:00","1522","1519"
"17.07.2015 04:00 - 17.07.2015 05:00","1525","1527"
"17.07.2015 05:00 - 17.07.2015 06:00","1559","1536"
"17.07.2015 06:00 - 17.07.2015 07:00","1734","1759"
"17.07.2015 07:00 - 17.07.2015 08:00","2027","2040"
"17.07.2015 08:00 - 17.07.2015 09:00","2238","2250"
"17.07.2015 09:00 - 17.07.2015 10:00","2345","2331"
"17.07.2015 10:00 - 17.07.2015 11:00","2379","2372"
"17.07.2015 11:00 - 17.07.2015 12:00","2351","2346"
"17.07.2015 12:00 - 17.07.2015 13:00","2287","2286"
"17.07.2015 13:00 - 17.07.2015 14:00","2238","2244"
"17.07.2015 14:00 - 17.07.2015 15:00","2179","2191"
"17.07.2015 15:00 - 17.07.2015 16:00","2102","2108"
"17.07.2015 16:00 - 17.07.2015 17:00","2114","2131"
"17.07.2015 17:00 - 17.07.2015 18:00","2220","2246"
"17.07.2015 18:00 - 17.07.2015 19:00","2210","2226"
"17.07.2015 19:00 - 17.07.2015 20:00","2080","2079"
"17.07.2015 20:00 - 17.07.2015 21:00","1962","1990"
"17.07.2015 21:00 - 17.07.2015 22:00","1905","1913"
"17.07.2015 22:00 - 17.07.2015 23:00","1874","1856"
"17.07.2015 23:00 - 18.07.2015 00:00","1749","1768"
"18.07.2015 00:00 - 18.07.2015 01:00","1623","1651"
"18.07.2015 01:00 - 18.07.2015 02:00","1558","1575"
"18.07.2015 02:00 - 18.07.2015 03:00","1529","1537"
"18.07.2015 03:00 - 18.07.2015 04:00","1514","1512"
"18.07.2015 04:00 - 18.07.2015 05:00","1484","1482"
"18.07.2015 05:00 - 18.07.2015 06:00","1448","1460"
"18.07.2015 06:00 - 18.07.2015 07:00","1525","1527"
"18.07.2015 07:00 - 18.07.2015 08:00","1689","1676"
"18.07.2015 08:00 - 18.07.2015 09:00","1857","1829"
"18.07.2015 09:00 - 18.07.2015 10:00","1937","1937"
"18.07.2015 10:00 - 18.07.2015 11:00","1986","1961"
"18.07.2015 11:00 - 18.07.2015 12:00","1949","1948"
"18.07.2015 12:00 - 18.07.2015 13:00","1906","1914"
"18.07.2015 13:00 - 18.07.2015 14:00","1870","1893"
"18.07.2015 14:00 - 18.07.2015 15:00","1867","1865"
"18.07.2015 15:00 - 18.07.2015 16:00","1853","1854"
"18.07.2015 16:00 - 18.07.2015 17:00","1867","1879"
"18.07.2015 17:00 - 18.07.2015 18:00","1961","1979"
"18.07.2015 18:00 - 18.07.2015 19:00","1965","1989"
"18.07.2015 19:00 - 18.07.2015 20:00","1885","1884"
"18.07.2015 20:00 - 18.07.2015 21:00","1829","1831"
"18.07.2015 21:00 - 18.07.2015 22:00","1760","1767"
"18.07.2015 22:00 - 18.07.2015 23:00","1756","1771"
"18.07.2015 23:00 - 19.07.2015 00:00","1659","1681"
"19.07.2015 00:00 - 19.07.2015 01:00","1564","1565"
"19.07.2015 01:00 - 19.07.2015 02:00","1475","1473"
"19.07.2015 02:00 - 19.07.2015 03:00","1432","1437"
"19.07.2015 03:00 - 19.07.2015 04:00","1414","1429"
"19.07.2015 04:00 - 19.07.2015 05:00","1401","1423"
"19.07.2015 05:00 - 19.07.2015 06:00","1386","1390"
"19.07.2015 06:00 - 19.07.2015 07:00","1430","1425"
"19.07.2015 07:00 - 19.07.2015 08:00","1545","1557"
"19.07.2015 08:00 - 19.07.2015 09:00","1711","1691"
"19.07.2015 09:00 - 19.07.2015 10:00","1820","1812"
"19.07.2015 10:00 - 19.07.2015 11:00","1868","1872"
"19.07.2015 11:00 - 19.07.2015 12:00","1884","1891"
"19.07.2015 12:00 - 19.07.2015 13:00","1874","1893"
"19.07.2015 13:00 - 19.07.2015 14:00","1868","1891"
"19.07.2015 14:00 - 19.07.2015 15:00","1876","1892"
"19.07.2015 15:00 - 19.07.2015 16:00","1886","1909"
"19.07.2015 16:00 - 19.07.2015 17:00","1935","1946"
"19.07.2015 17:00 - 19.07.2015 18:00","2075","2087"
"19.07.2015 18:00 - 19.07.2015 19:00","2083","2083"
"19.07.2015 19:00 - 19.07.2015 20:00","2006","2027"
"19.07.2015 20:00 - 19.07.2015 21:00","1955","1964"
"19.07.2015 21:00 - 19.07.2015 22:00","1916","1882"
"19.07.2015 22:00 - 19.07.2015 23:00","1884","1817"
"19.07.2015 23:00 - 20.07.2015 00:00","1733","1676"
"20.07.2015 00:00 - 20.07.2015 01:00","1538","1548"
"20.07.2015 01:00 - 20.07.2015 02:00","1472","1483"
"20.07.2015 02:00 - 20.07.2015 03:00","1452","1470"
"20.07.2015 03:00 - 20.07.2015 04:00","1451","1459"
"20.07.2015 04:00 - 20.07.2015 05:00","1458","1458"
"20.07.2015 05:00 - 20.07.2015 06:00","1502","1494"
"20.07.2015 06:00 - 20.07.2015 07:00","1707","1696"
"20.07.2015 07:00 - 20.07.2015 08:00","1964","1966"
"20.07.2015 08:00 - 20.07.2015 09:00","2166","2153"
"20.07.2015 09:00 - 20.07.2015 10:00","2261","2252"
"20.07.2015 10:00 - 20.07.2015 11:00","2322","2309"
"20.07.2015 11:00 - 20.07.2015 12:00","2323","2309"
"20.07.2015 12:00 - 20.07.2015 13:00","2280","2258"
"20.07.2015 13:00 - 20.07.2015 14:00","2266","2254"
"20.07.2015 14:00 - 20.07.2015 15:00","2227","2207"
"20.07.2015 15:00 - 20.07.2015 16:00","2140","2143"
"20.07.2015 16:00 - 20.07.2015 17:00","2102","2103"
"20.07.2015 17:00 - 20.07.2015 18:00","2192","2210"
"20.07.2015 18:00 - 20.07.2015 19:00","2178","2202"
"20.07.2015 19:00 - 20.07.2015 20:00","2068","2064"
"20.07.2015 20:00 - 20.07.2015 21:00","1957","1939"
"20.07.2015 21:00 - 20.07.2015 22:00","1892","1873"
"20.07.2015 22:00 - 20.07.2015 23:00","1892","1844"
"20.07.2015 23:00 - 21.07.2015 00:00","1764","1695"
"21.07.2015 00:00 - 21.07.2015 01:00","1573","1544"
"21.07.2015 01:00 - 21.07.2015 02:00","1475","1478"
"21.07.2015 02:00 - 21.07.2015 03:00","1446","1455"
"21.07.2015 03:00 - 21.07.2015 04:00","1453","1454"
"21.07.2015 04:00 - 21.07.2015 05:00","1470","1487"
"21.07.2015 05:00 - 21.07.2015 06:00","1531","1559"
"21.07.2015 06:00 - 21.07.2015 07:00","1755","1766"
"21.07.2015 07:00 - 21.07.2015 08:00","2016","2035"
"21.07.2015 08:00 - 21.07.2015 09:00","2210","2206"
"21.07.2015 09:00 - 21.07.2015 10:00","2324","2318"
"21.07.2015 10:00 - 21.07.2015 11:00","2381","2357"
"21.07.2015 11:00 - 21.07.2015 12:00","2351","2373"
"21.07.2015 12:00 - 21.07.2015 13:00","2312","2274"
"21.07.2015 13:00 - 21.07.2015 14:00","2245","2232"
"21.07.2015 14:00 - 21.07.2015 15:00","2195","2214"
"21.07.2015 15:00 - 21.07.2015 16:00","2124","2135"
"21.07.2015 16:00 - 21.07.2015 17:00","2099","2106"
"21.07.2015 17:00 - 21.07.2015 18:00","2178","2191"
"21.07.2015 18:00 - 21.07.2015 19:00","2163","2179"
"21.07.2015 19:00 - 21.07.2015 20:00","2052","2036"
"21.07.2015 20:00 - 21.07.2015 21:00","1968","1937"
"21.07.2015 21:00 - 21.07.2015 22:00","1885","1871"
"21.07.2015 22:00 - 21.07.2015 23:00","1890","1856"
"21.07.2015 23:00 - 22.07.2015 00:00","1771","1721"
"22.07.2015 00:00 - 22.07.2015 01:00","1577","1580"
"22.07.2015 01:00 - 22.07.2015 02:00","1501","1505"
"22.07.2015 02:00 - 22.07.2015 03:00","1469","1469"
"22.07.2015 03:00 - 22.07.2015 04:00","1458","1459"
"22.07.2015 04:00 - 22.07.2015 05:00","1473","1475"
"22.07.2015 05:00 - 22.07.2015 06:00","1515","1510"
"22.07.2015 06:00 - 22.07.2015 07:00","1706","1694"
"22.07.2015 07:00 - 22.07.2015 08:00","1971","1976"
"22.07.2015 08:00 - 22.07.2015 09:00","2176","2176"
"22.07.2015 09:00 - 22.07.2015 10:00","2271","2267"
"22.07.2015 10:00 - 22.07.2015 11:00","2339","2347"
"22.07.2015 11:00 - 22.07.2015 12:00","2349","2343"
"22.07.2015 12:00 - 22.07.2015 13:00","2306","2299"
"22.07.2015 13:00 - 22.07.2015 14:00","2287","2300"
"22.07.2015 14:00 - 22.07.2015 15:00","2254","2246"
"22.07.2015 15:00 - 22.07.2015 16:00","2177","2171"
"22.07.2015 16:00 - 22.07.2015 17:00","2123","2114"
"22.07.2015 17:00 - 22.07.2015 18:00","2180","2205"
"22.07.2015 18:00 - 22.07.2015 19:00","2160","2167"
"22.07.2015 19:00 - 22.07.2015 20:00","2062","2085"
"22.07.2015 20:00 - 22.07.2015 21:00","1976","1972"
"22.07.2015 21:00 - 22.07.2015 22:00","1910","1919"
"22.07.2015 22:00 - 22.07.2015 23:00","1909","1886"
"22.07.2015 23:00 - 23.07.2015 00:00","1780","1749"
"23.07.2015 00:00 - 23.07.2015 01:00","1592","1600"
"23.07.2015 01:00 - 23.07.2015 02:00","1514","1513"
"23.07.2015 02:00 - 23.07.2015 03:00","1481","1482"
"23.07.2015 03:00 - 23.07.2015 04:00","1471","1483"
"23.07.2015 04:00 - 23.07.2015 05:00","1485","1486"
"23.07.2015 05:00 - 23.07.2015 06:00","1497","1494"
"23.07.2015 06:00 - 23.07.2015 07:00","1679","1672"
"23.07.2015 07:00 - 23.07.2015 08:00","1934","1939"
"23.07.2015 08:00 - 23.07.2015 09:00","2161","2161"
"23.07.2015 09:00 - 23.07.2015 10:00","2265","2262"
"23.07.2015 10:00 - 23.07.2015 11:00","2319","2312"
"23.07.2015 11:00 - 23.07.2015 12:00","2309","2308"
"23.07.2015 12:00 - 23.07.2015 13:00","2271","2268"
"23.07.2015 13:00 - 23.07.2015 14:00","2252","2238"
"23.07.2015 14:00 - 23.07.2015 15:00","2206","2182"
"23.07.2015 15:00 - 23.07.2015 16:00","2133","2099"
"23.07.2015 16:00 - 23.07.2015 17:00","2062","2075"
"23.07.2015 17:00 - 23.07.2015 18:00","2158","2168"
"23.07.2015 18:00 - 23.07.2015 19:00","2143","2129"
"23.07.2015 19:00 - 23.07.2015 20:00","2016","2007"
"23.07.2015 20:00 - 23.07.2015 21:00","1928","1928"
"23.07.2015 21:00 - 23.07.2015 22:00","1865","1840"
"23.07.2015 22:00 - 23.07.2015 23:00","1865","1824"
"23.07.2015 23:00 - 24.07.2015 00:00","1740","1694"
"24.07.2015 00:00 - 24.07.2015 01:00","1571","1546"
"24.07.2015 01:00 - 24.07.2015 02:00","1472","1470"
"24.07.2015 02:00 - 24.07.2015 03:00","1441","1440"
"24.07.2015 03:00 - 24.07.2015 04:00","1434","1433"
"24.07.2015 04:00 - 24.07.2015 05:00","1445","1451"
"24.07.2015 05:00 - 24.07.2015 06:00","1473","1477"
"24.07.2015 06:00 - 24.07.2015 07:00","1660","1675"
"24.07.2015 07:00 - 24.07.2015 08:00","1936","1951"
"24.07.2015 08:00 - 24.07.2015 09:00","2152","2160"
"24.07.2015 09:00 - 24.07.2015 10:00","2274","2270"
"24.07.2015 10:00 - 24.07.2015 11:00","2326","2313"
"24.07.2015 11:00 - 24.07.2015 12:00","2304","2286"
"24.07.2015 12:00 - 24.07.2015 13:00","2220","2230"
"24.07.2015 13:00 - 24.07.2015 14:00","2172","2176"
"24.07.2015 14:00 - 24.07.2015 15:00","2106","2115"
"24.07.2015 15:00 - 24.07.2015 16:00","2052","2058"
"24.07.2015 16:00 - 24.07.2015 17:00","2044","2043"
"24.07.2015 17:00 - 24.07.2015 18:00","2108","2122"
"24.07.2015 18:00 - 24.07.2015 19:00","2106","2125"
"24.07.2015 19:00 - 24.07.2015 20:00","1986","1966"
"24.07.2015 20:00 - 24.07.2015 21:00","1878","1856"
"24.07.2015 21:00 - 24.07.2015 22:00","1827","1800"
"24.07.2015 22:00 - 24.07.2015 23:00","1812","1759"
"24.07.2015 23:00 - 25.07.2015 00:00","1698","1636"
"25.07.2015 00:00 - 25.07.2015 01:00","1532","1531"
"25.07.2015 01:00 - 25.07.2015 02:00","1445","1430"
"25.07.2015 02:00 - 25.07.2015 03:00","1401","1412"
"25.07.2015 03:00 - 25.07.2015 04:00","1404","1427"
"25.07.2015 04:00 - 25.07.2015 05:00","1423","1421"
"25.07.2015 05:00 - 25.07.2015 06:00","1413","1428"
"25.07.2015 06:00 - 25.07.2015 07:00","1486","1484"
"25.07.2015 07:00 - 25.07.2015 08:00","1603","1585"
"25.07.2015 08:00 - 25.07.2015 09:00","1759","1764"
"25.07.2015 09:00 - 25.07.2015 10:00","1893","1906"
"25.07.2015 10:00 - 25.07.2015 11:00","2006","2014"
"25.07.2015 11:00 - 25.07.2015 12:00","2037","2040"
"25.07.2015 12:00 - 25.07.2015 13:00","2033","2016"
"25.07.2015 13:00 - 25.07.2015 14:00","1967","1959"
"25.07.2015 14:00 - 25.07.2015 15:00","1925","1909"
"25.07.2015 15:00 - 25.07.2015 16:00","1897","1918"
"25.07.2015 16:00 - 25.07.2015 17:00","1935","1946"
"25.07.2015 17:00 - 25.07.2015 18:00","2058","2085"
"25.07.2015 18:00 - 25.07.2015 19:00","2056","2058"
"25.07.2015 19:00 - 25.07.2015 20:00","1915","1946"
"25.07.2015 20:00 - 25.07.2015 21:00","1852","1853"
"25.07.2015 21:00 - 25.07.2015 22:00","1797","1785"
"25.07.2015 22:00 - 25.07.2015 23:00","1773","1718"
"25.07.2015 23:00 - 26.07.2015 00:00","1642","1615"
"26.07.2015 00:00 - 26.07.2015 01:00","1475","1468"
"26.07.2015 01:00 - 26.07.2015 02:00","1414","1443"
"26.07.2015 02:00 - 26.07.2015 03:00","1380","1445"
"26.07.2015 03:00 - 26.07.2015 04:00","1411","1457"
"26.07.2015 04:00 - 26.07.2015 05:00","1417","1429"
"26.07.2015 05:00 - 26.07.2015 06:00","1392","1413"
"26.07.2015 06:00 - 26.07.2015 07:00","1433","1428"
"26.07.2015 07:00 - 26.07.2015 08:00","1554","1568"
"26.07.2015 08:00 - 26.07.2015 09:00","1737","1714"
"26.07.2015 09:00 - 26.07.2015 10:00","1849","1854"
"26.07.2015 10:00 - 26.07.2015 11:00","1935","1927"
"26.07.2015 11:00 - 26.07.2015 12:00","1940","1930"
"26.07.2015 12:00 - 26.07.2015 13:00","1922","1924"
"26.07.2015 13:00 - 26.07.2015 14:00","1881","1890"
"26.07.2015 14:00 - 26.07.2015 15:00","1867","1864"
"26.07.2015 15:00 - 26.07.2015 16:00","1835","1870"
"26.07.2015 16:00 - 26.07.2015 17:00","1883","1865"
"26.07.2015 17:00 - 26.07.2015 18:00","2004","2003"
"26.07.2015 18:00 - 26.07.2015 19:00","2012","2018"
"26.07.2015 19:00 - 26.07.2015 20:00","1927","1919"
"26.07.2015 20:00 - 26.07.2015 21:00","1823","1800"
"26.07.2015 21:00 - 26.07.2015 22:00","1746","1724"
"26.07.2015 22:00 - 26.07.2015 23:00","1736","1693"
"26.07.2015 23:00 - 27.07.2015 00:00","1621","1580"
"27.07.2015 00:00 - 27.07.2015 01:00","1485","1459"
"27.07.2015 01:00 - 27.07.2015 02:00","1403","1394"
"27.07.2015 02:00 - 27.07.2015 03:00","1377","1369"
"27.07.2015 03:00 - 27.07.2015 04:00","1375","1379"
"27.07.2015 04:00 - 27.07.2015 05:00","1408","1402"
"27.07.2015 05:00 - 27.07.2015 06:00","1470","1479"
"27.07.2015 06:00 - 27.07.2015 07:00","1705","1722"
"27.07.2015 07:00 - 27.07.2015 08:00","2013","2046"
"27.07.2015 08:00 - 27.07.2015 09:00","2259","2272"
"27.07.2015 09:00 - 27.07.2015 10:00","2367","2363"
"27.07.2015 10:00 - 27.07.2015 11:00","2450","2437"
"27.07.2015 11:00 - 27.07.2015 12:00","2456","2433"
"27.07.2015 12:00 - 27.07.2015 13:00","2399","2393"
"27.07.2015 13:00 - 27.07.2015 14:00","2394","2387"
"27.07.2015 14:00 - 27.07.2015 15:00","2341","2346"
"27.07.2015 15:00 - 27.07.2015 16:00","2239","2255"
"27.07.2015 16:00 - 27.07.2015 17:00","2216","2228"
"27.07.2015 17:00 - 27.07.2015 18:00","2329","2352"
"27.07.2015 18:00 - 27.07.2015 19:00","2308","2323"
"27.07.2015 19:00 - 27.07.2015 20:00","2200","2205"
"27.07.2015 20:00 - 27.07.2015 21:00","2104","2053"
"27.07.2015 21:00 - 27.07.2015 22:00","2038","1972"
"27.07.2015 22:00 - 27.07.2015 23:00","2024","1872"
"27.07.2015 23:00 - 28.07.2015 00:00","1840","1705"
"28.07.2015 00:00 - 28.07.2015 01:00","1588","1566"
"28.07.2015 01:00 - 28.07.2015 02:00","1491","1507"
"28.07.2015 02:00 - 28.07.2015 03:00","1475","1487"
"28.07.2015 03:00 - 28.07.2015 04:00","1475","1481"
"28.07.2015 04:00 - 28.07.2015 05:00","1494","1500"
"28.07.2015 05:00 - 28.07.2015 06:00","1547","1573"
"28.07.2015 06:00 - 28.07.2015 07:00","1791","1807"
"28.07.2015 07:00 - 28.07.2015 08:00","2119","2125"
"28.07.2015 08:00 - 28.07.2015 09:00","2344","2348"
"28.07.2015 09:00 - 28.07.2015 10:00","2433","2425"
"28.07.2015 10:00 - 28.07.2015 11:00","2487","2493"
"28.07.2015 11:00 - 28.07.2015 12:00","2496","2501"
"28.07.2015 12:00 - 28.07.2015 13:00","2435","2437"
"28.07.2015 13:00 - 28.07.2015 14:00","2415","2425"
"28.07.2015 14:00 - 28.07.2015 15:00","2369","2373"
"28.07.2015 15:00 - 28.07.2015 16:00","2261","2250"
"28.07.2015 16:00 - 28.07.2015 17:00","2198","2198"
"28.07.2015 17:00 - 28.07.2015 18:00","2278","2308"
"28.07.2015 18:00 - 28.07.2015 19:00","2284","2287"
"28.07.2015 19:00 - 28.07.2015 20:00","2145","2129"
"28.07.2015 20:00 - 28.07.2015 21:00","2019","2016"
"28.07.2015 21:00 - 28.07.2015 22:00","1958","1977"
"28.07.2015 22:00 - 28.07.2015 23:00","1927","1908"
"28.07.2015 23:00 - 29.07.2015 00:00","1765","1718"
"29.07.2015 00:00 - 29.07.2015 01:00","1597","1585"
"29.07.2015 01:00 - 29.07.2015 02:00","1512","1509"
"29.07.2015 02:00 - 29.07.2015 03:00","1488","1487"
"29.07.2015 03:00 - 29.07.2015 04:00","1490","1483"
"29.07.2015 04:00 - 29.07.2015 05:00","1502","1483"
"29.07.2015 05:00 - 29.07.2015 06:00","1542","1538"
"29.07.2015 06:00 - 29.07.2015 07:00","1769","1777"
"29.07.2015 07:00 - 29.07.2015 08:00","2067","2104"
"29.07.2015 08:00 - 29.07.2015 09:00","2301","2298"
"29.07.2015 09:00 - 29.07.2015 10:00","2390","2379"
"29.07.2015 10:00 - 29.07.2015 11:00","2466","2463"
"29.07.2015 11:00 - 29.07.2015 12:00","2462","2467"
"29.07.2015 12:00 - 29.07.2015 13:00","2420","2413"
"29.07.2015 13:00 - 29.07.2015 14:00","2413","2405"
"29.07.2015 14:00 - 29.07.2015 15:00","2356","2343"
"29.07.2015 15:00 - 29.07.2015 16:00","2241","2227"
"29.07.2015 16:00 - 29.07.2015 17:00","2142","2155"
"29.07.2015 17:00 - 29.07.2015 18:00","2260","2282"
"29.07.2015 18:00 - 29.07.2015 19:00","2223","2261"
"29.07.2015 19:00 - 29.07.2015 20:00","2121","2124"
"29.07.2015 20:00 - 29.07.2015 21:00","2020","2001"
"29.07.2015 21:00 - 29.07.2015 22:00","1963","1942"
"29.07.2015 22:00 - 29.07.2015 23:00","1947","1905"
"29.07.2015 23:00 - 30.07.2015 00:00","1780","1738"
"30.07.2015 00:00 - 30.07.2015 01:00","1608","1604"
"30.07.2015 01:00 - 30.07.2015 02:00","1520","1504"
"30.07.2015 02:00 - 30.07.2015 03:00","1470","1462"
"30.07.2015 03:00 - 30.07.2015 04:00","1488","1505"
"30.07.2015 04:00 - 30.07.2015 05:00","1521","1521"
"30.07.2015 05:00 - 30.07.2015 06:00","1553","1539"
"30.07.2015 06:00 - 30.07.2015 07:00","1777","1775"
"30.07.2015 07:00 - 30.07.2015 08:00","2093","2099"
"30.07.2015 08:00 - 30.07.2015 09:00","2305","2303"
"30.07.2015 09:00 - 30.07.2015 10:00","2392","2377"
"30.07.2015 10:00 - 30.07.2015 11:00","2459","2455"
"30.07.2015 11:00 - 30.07.2015 12:00","2464","2467"
"30.07.2015 12:00 - 30.07.2015 13:00","2421","2422"
"30.07.2015 13:00 - 30.07.2015 14:00","2413","2410"
"30.07.2015 14:00 - 30.07.2015 15:00","2356","2362"
"30.07.2015 15:00 - 30.07.2015 16:00","2266","2257"
"30.07.2015 16:00 - 30.07.2015 17:00","2186","2203"
"30.07.2015 17:00 - 30.07.2015 18:00","2317","2327"
"30.07.2015 18:00 - 30.07.2015 19:00","2280","2300"
"30.07.2015 19:00 - 30.07.2015 20:00","2159","2174"
"30.07.2015 20:00 - 30.07.2015 21:00","2059","2057"
"30.07.2015 21:00 - 30.07.2015 22:00","1985","1942"
"30.07.2015 22:00 - 30.07.2015 23:00","1951","1891"
"30.07.2015 23:00 - 31.07.2015 00:00","1780","1734"
"31.07.2015 00:00 - 31.07.2015 01:00","1617","1617"
"31.07.2015 01:00 - 31.07.2015 02:00","1537","1560"
"31.07.2015 02:00 - 31.07.2015 03:00","1521","1535"
"31.07.2015 03:00 - 31.07.2015 04:00","1519","1524"
"31.07.2015 04:00 - 31.07.2015 05:00","1536","1526"
"31.07.2015 05:00 - 31.07.2015 06:00","1567","1585"
"31.07.2015 06:00 - 31.07.2015 07:00","1791","1794"
"31.07.2015 07:00 - 31.07.2015 08:00","2085","2080"
"31.07.2015 08:00 - 31.07.2015 09:00","2277","2258"
"31.07.2015 09:00 - 31.07.2015 10:00","2355","2353"
"31.07.2015 10:00 - 31.07.2015 11:00","2436","2419"
"31.07.2015 11:00 - 31.07.2015 12:00","2385","2367"
"31.07.2015 12:00 - 31.07.2015 13:00","2326","2310"
"31.07.2015 13:00 - 31.07.2015 14:00","2243","2231"
"31.07.2015 14:00 - 31.07.2015 15:00","2152","2151"
"31.07.2015 15:00 - 31.07.2015 16:00","2065","2038"
"31.07.2015 16:00 - 31.07.2015 17:00","2043","2046"
"31.07.2015 17:00 - 31.07.2015 18:00","2150","2153"
"31.07.2015 18:00 - 31.07.2015 19:00","2132","2133"
"31.07.2015 19:00 - 31.07.2015 20:00","1986","2001"
"31.07.2015 20:00 - 31.07.2015 21:00","1877","1869"
"31.07.2015 21:00 - 31.07.2015 22:00","1829","1781"
"31.07.2015 22:00 - 31.07.2015 23:00","1805","1747"
"31.07.2015 23:00 - 01.08.2015 00:00","1678","1617"
"01.08.2015 00:00 - 01.08.2015 01:00","1514","1503"
"01.08.2015 01:00 - 01.08.2015 02:00","1424","1430"
"01.08.2015 02:00 - 01.08.2015 03:00","1403","1394"
"01.08.2015 03:00 - 01.08.2015 04:00","1380","1377"
"01.08.2015 04:00 - 01.08.2015 05:00","1381","1385"
"01.08.2015 05:00 - 01.08.2015 06:00","1363","1353"
"01.08.2015 06:00 - 01.08.2015 07:00","1412","1433"
"01.08.2015 07:00 - 01.08.2015 08:00","1606","1604"
"01.08.2015 08:00 - 01.08.2015 09:00","1798","1793"
"01.08.2015 09:00 - 01.08.2015 10:00","1918","1912"
"01.08.2015 10:00 - 01.08.2015 11:00","1968","1957"
"01.08.2015 11:00 - 01.08.2015 12:00","1943","1932"
"01.08.2015 12:00 - 01.08.2015 13:00","1895","1902"
"01.08.2015 13:00 - 01.08.2015 14:00","1849","1861"
"01.08.2015 14:00 - 01.08.2015 15:00","1835","1824"
"01.08.2015 15:00 - 01.08.2015 16:00","1808","1806"
"01.08.2015 16:00 - 01.08.2015 17:00","1835","1804"
"01.08.2015 17:00 - 01.08.2015 18:00","1926","1911"
"01.08.2015 18:00 - 01.08.2015 19:00","1907","1918"
"01.08.2015 19:00 - 01.08.2015 20:00","1794","1817"
"01.08.2015 20:00 - 01.08.2015 21:00","1714","1759"
"01.08.2015 21:00 - 01.08.2015 22:00","1680","1719"
"01.08.2015 22:00 - 01.08.2015 23:00","1666","1687"
"01.08.2015 23:00 - 02.08.2015 00:00","1550","1562"
"02.08.2015 00:00 - 02.08.2015 01:00","1470","1448"
"02.08.2015 01:00 - 02.08.2015 02:00","1382","1373"
"02.08.2015 02:00 - 02.08.2015 03:00","1340","1330"
"02.08.2015 03:00 - 02.08.2015 04:00","1327","1345"
"02.08.2015 04:00 - 02.08.2015 05:00","1331","1335"
"02.08.2015 05:00 - 02.08.2015 06:00","1314","1319"
"02.08.2015 06:00 - 02.08.2015 07:00","1353","1363"
"02.08.2015 07:00 - 02.08.2015 08:00","1493","1489"
"02.08.2015 08:00 - 02.08.2015 09:00","1693","1695"
"02.08.2015 09:00 - 02.08.2015 10:00","1830","1833"
"02.08.2015 10:00 - 02.08.2015 11:00","1870","1870"
"02.08.2015 11:00 - 02.08.2015 12:00","1880","1887"
"02.08.2015 12:00 - 02.08.2015 13:00","1892","1900"
"02.08.2015 13:00 - 02.08.2015 14:00","1872","1872"
"02.08.2015 14:00 - 02.08.2015 15:00","1847","1847"
"02.08.2015 15:00 - 02.08.2015 16:00","1826","1817"
"02.08.2015 16:00 - 02.08.2015 17:00","1849","1846"
"02.08.2015 17:00 - 02.08.2015 18:00","2004","2007"
"02.08.2015 18:00 - 02.08.2015 19:00","2027","2030"
"02.08.2015 19:00 - 02.08.2015 20:00","1939","1948"
"02.08.2015 20:00 - 02.08.2015 21:00","1865","1862"
"02.08.2015 21:00 - 02.08.2015 22:00","1836","1811"
"02.08.2015 22:00 - 02.08.2015 23:00","1813","1799"
"02.08.2015 23:00 - 03.08.2015 00:00","1670","1654"
"03.08.2015 00:00 - 03.08.2015 01:00","1562","1543"
"03.08.2015 01:00 - 03.08.2015 02:00","1478","1484"
"03.08.2015 02:00 - 03.08.2015 03:00","1458","1459"
"03.08.2015 03:00 - 03.08.2015 04:00","1461","1463"
"03.08.2015 04:00 - 03.08.2015 05:00","1499","1491"
"03.08.2015 05:00 - 03.08.2015 06:00","1610","1568"
"03.08.2015 06:00 - 03.08.2015 07:00","1882","1895"
"03.08.2015 07:00 - 03.08.2015 08:00","2266","2277"
"03.08.2015 08:00 - 03.08.2015 09:00","2509","2520"
"03.08.2015 09:00 - 03.08.2015 10:00","2572","2555"
"03.08.2015 10:00 - 03.08.2015 11:00","2657","2641"
"03.08.2015 11:00 - 03.08.2015 12:00","2643","2635"
"03.08.2015 12:00 - 03.08.2015 13:00","2571","2597"
"03.08.2015 13:00 - 03.08.2015 14:00","2612","2617"
"03.08.2015 14:00 - 03.08.2015 15:00","2545","2540"
"03.08.2015 15:00 - 03.08.2015 16:00","2421","2417"
"03.08.2015 16:00 - 03.08.2015 17:00","2343","2362"
"03.08.2015 17:00 - 03.08.2015 18:00","2443","2468"
"03.08.2015 18:00 - 03.08.2015 19:00","2412","2420"
"03.08.2015 19:00 - 03.08.2015 20:00","2286","2276"
"03.08.2015 20:00 - 03.08.2015 21:00","2180","2141"
"03.08.2015 21:00 - 03.08.2015 22:00","2149","2077"
"03.08.2015 22:00 - 03.08.2015 23:00","2098","2043"
"03.08.2015 23:00 - 04.08.2015 00:00","1909","1854"
"04.08.2015 00:00 - 04.08.2015 01:00","1703","1739"
"04.08.2015 01:00 - 04.08.2015 02:00","1695","1717"
"04.08.2015 02:00 - 04.08.2015 03:00","1664","1662"
"04.08.2015 03:00 - 04.08.2015 04:00","1650","1667"
"04.08.2015 04:00 - 04.08.2015 05:00","1683","1698"
"04.08.2015 05:00 - 04.08.2015 06:00","1778","1777"
"04.08.2015 06:00 - 04.08.2015 07:00","2028","2014"
"04.08.2015 07:00 - 04.08.2015 08:00","2369","2372"
"04.08.2015 08:00 - 04.08.2015 09:00","2587","2611"
"04.08.2015 09:00 - 04.08.2015 10:00","2693","2692"
"04.08.2015 10:00 - 04.08.2015 11:00","2793","2768"
"04.08.2015 11:00 - 04.08.2015 12:00","2777","2785"
"04.08.2015 12:00 - 04.08.2015 13:00","2722","2718"
"04.08.2015 13:00 - 04.08.2015 14:00","2727","2729"
"04.08.2015 14:00 - 04.08.2015 15:00","2664","2652"
"04.08.2015 15:00 - 04.08.2015 16:00","2527","2534"
"04.08.2015 16:00 - 04.08.2015 17:00","2485","2503"
"04.08.2015 17:00 - 04.08.2015 18:00","2611","2644"
"04.08.2015 18:00 - 04.08.2015 19:00","2565","2577"
"04.08.2015 19:00 - 04.08.2015 20:00","2428","2451"
"04.08.2015 20:00 - 04.08.2015 21:00","2313","2321"
"04.08.2015 21:00 - 04.08.2015 22:00","2241","2209"
"04.08.2015 22:00 - 04.08.2015 23:00","2162","2074"
"04.08.2015 23:00 - 05.08.2015 00:00","1933","1889"
"05.08.2015 00:00 - 05.08.2015 01:00","1773","1735"
"05.08.2015 01:00 - 05.08.2015 02:00","1666","1669"
"05.08.2015 02:00 - 05.08.2015 03:00","1626","1614"
"05.08.2015 03:00 - 05.08.2015 04:00","1623","1622"
"05.08.2015 04:00 - 05.08.2015 05:00","1650","1627"
"05.08.2015 05:00 - 05.08.2015 06:00","1718","1700"
"05.08.2015 06:00 - 05.08.2015 07:00","1991","1985"
"05.08.2015 07:00 - 05.08.2015 08:00","2367","2399"
"05.08.2015 08:00 - 05.08.2015 09:00","2606","2605"
"05.08.2015 09:00 - 05.08.2015 10:00","2674","2648"
"05.08.2015 10:00 - 05.08.2015 11:00","2757","2722"
"05.08.2015 11:00 - 05.08.2015 12:00","2748","2704"
"05.08.2015 12:00 - 05.08.2015 13:00","2657","2658"
"05.08.2015 13:00 - 05.08.2015 14:00","2667","2674"
"05.08.2015 14:00 - 05.08.2015 15:00","2615","2611"
"05.08.2015 15:00 - 05.08.2015 16:00","2477","2482"
"05.08.2015 16:00 - 05.08.2015 17:00","2415","2422"
"05.08.2015 17:00 - 05.08.2015 18:00","2532","2537"
"05.08.2015 18:00 - 05.08.2015 19:00","2441","2441"
"05.08.2015 19:00 - 05.08.2015 20:00","2292","2307"
"05.08.2015 20:00 - 05.08.2015 21:00","2205","2214"
"05.08.2015 21:00 - 05.08.2015 22:00","2180","2167"
"05.08.2015 22:00 - 05.08.2015 23:00","2111","2089"
"05.08.2015 23:00 - 06.08.2015 00:00","1912","1906"
"06.08.2015 00:00 - 06.08.2015 01:00","1751","1767"
"06.08.2015 01:00 - 06.08.2015 02:00","1698","1692"
"06.08.2015 02:00 - 06.08.2015 03:00","1654","1662"
"06.08.2015 03:00 - 06.08.2015 04:00","1655","1654"
"06.08.2015 04:00 - 06.08.2015 05:00","1681","1683"
"06.08.2015 05:00 - 06.08.2015 06:00","1768","1770"
"06.08.2015 06:00 - 06.08.2015 07:00","2030","2049"
"06.08.2015 07:00 - 06.08.2015 08:00","2405","2432"
"06.08.2015 08:00 - 06.08.2015 09:00","2636","2631"
"06.08.2015 09:00 - 06.08.2015 10:00","2699","2674"
"06.08.2015 10:00 - 06.08.2015 11:00","2787","2770"
"06.08.2015 11:00 - 06.08.2015 12:00","2789","2757"
"06.08.2015 12:00 - 06.08.2015 13:00","2698","2705"
"06.08.2015 13:00 - 06.08.2015 14:00","2718","2713"
"06.08.2015 14:00 - 06.08.2015 15:00","2648","2650"
"06.08.2015 15:00 - 06.08.2015 16:00","2514","2519"
"06.08.2015 16:00 - 06.08.2015 17:00","2443","2436"
"06.08.2015 17:00 - 06.08.2015 18:00","2519","2501"
"06.08.2015 18:00 - 06.08.2015 19:00","2425","2436"
"06.08.2015 19:00 - 06.08.2015 20:00","2315","2325"
"06.08.2015 20:00 - 06.08.2015 21:00","2217","2212"
"06.08.2015 21:00 - 06.08.2015 22:00","2183","2160"
"06.08.2015 22:00 - 06.08.2015 23:00","2112","2113"
"06.08.2015 23:00 - 07.08.2015 00:00","1914","1920"
"07.08.2015 00:00 - 07.08.2015 01:00","1778","1801"
"07.08.2015 01:00 - 07.08.2015 02:00","1697","1687"
"07.08.2015 02:00 - 07.08.2015 03:00","1649","1648"
"07.08.2015 03:00 - 07.08.2015 04:00","1645","1643"
"07.08.2015 04:00 - 07.08.2015 05:00","1685","1684"
"07.08.2015 05:00 - 07.08.2015 06:00","1760","1755"
"07.08.2015 06:00 - 07.08.2015 07:00","2011","2018"
"07.08.2015 07:00 - 07.08.2015 08:00","2375","2376"
"07.08.2015 08:00 - 07.08.2015 09:00","2578","2577"
"07.08.2015 09:00 - 07.08.2015 10:00","2640","2626"
"07.08.2015 10:00 - 07.08.2015 11:00","2707","2698"
"07.08.2015 11:00 - 07.08.2015 12:00","2685","2687"
"07.08.2015 12:00 - 07.08.2015 13:00","2582","2578"
"07.08.2015 13:00 - 07.08.2015 14:00","2505","2516"
"07.08.2015 14:00 - 07.08.2015 15:00","2385","2385"
"07.08.2015 15:00 - 07.08.2015 16:00","2282","2274"
"07.08.2015 16:00 - 07.08.2015 17:00","2256","2276"
"07.08.2015 17:00 - 07.08.2015 18:00","2351","2354"
"07.08.2015 18:00 - 07.08.2015 19:00","2302","2312"
"07.08.2015 19:00 - 07.08.2015 20:00","2151","2166"
"07.08.2015 20:00 - 07.08.2015 21:00","2054","2050"
"07.08.2015 21:00 - 07.08.2015 22:00","2028","2025"
"07.08.2015 22:00 - 07.08.2015 23:00","1966","1971"
"07.08.2015 23:00 - 08.08.2015 00:00","1784","1786"
"08.08.2015 00:00 - 08.08.2015 01:00","1625","1645"
"08.08.2015 01:00 - 08.08.2015 02:00","1547","1566"
"08.08.2015 02:00 - 08.08.2015 03:00","1511","1522"
"08.08.2015 03:00 - 08.08.2015 04:00","1495","1506"
"08.08.2015 04:00 - 08.08.2015 05:00","1502","1505"
"08.08.2015 05:00 - 08.08.2015 06:00","1507","1523"
"08.08.2015 06:00 - 08.08.2015 07:00","1577","1588"
"08.08.2015 07:00 - 08.08.2015 08:00","1744","1738"
"08.08.2015 08:00 - 08.08.2015 09:00","1922","1917"
"08.08.2015 09:00 - 08.08.2015 10:00","2037","2021"
"08.08.2015 10:00 - 08.08.2015 11:00","2088","2092"
"08.08.2015 11:00 - 08.08.2015 12:00","2074","2080"
"08.08.2015 12:00 - 08.08.2015 13:00","2057","2032"
"08.08.2015 13:00 - 08.08.2015 14:00","2009","1989"
"08.08.2015 14:00 - 08.08.2015 15:00","1943","1936"
"08.08.2015 15:00 - 08.08.2015 16:00","1891","1899"
"08.08.2015 16:00 - 08.08.2015 17:00","1916","1911"
"08.08.2015 17:00 - 08.08.2015 18:00","2023","2018"
"08.08.2015 18:00 - 08.08.2015 19:00","2017","2072"
"08.08.2015 19:00 - 08.08.2015 20:00","1934","1925"
"08.08.2015 20:00 - 08.08.2015 21:00","1829","1821"
"08.08.2015 21:00 - 08.08.2015 22:00","1804","1803"
"08.08.2015 22:00 - 08.08.2015 23:00","1757","1762"
"08.08.2015 23:00 - 09.08.2015 00:00","1622","1632"
"09.08.2015 00:00 - 09.08.2015 01:00","1513","1533"
"09.08.2015 01:00 - 09.08.2015 02:00","1458","1462"
"09.08.2015 02:00 - 09.08.2015 03:00","1414","1428"
"09.08.2015 03:00 - 09.08.2015 04:00","1407","1421"
"09.08.2015 04:00 - 09.08.2015 05:00","1414","1427"
"09.08.2015 05:00 - 09.08.2015 06:00","1417","1397"
"09.08.2015 06:00 - 09.08.2015 07:00","1427","1437"
"09.08.2015 07:00 - 09.08.2015 08:00","1560","1569"
"09.08.2015 08:00 - 09.08.2015 09:00","1756","1766"
"09.08.2015 09:00 - 09.08.2015 10:00","1899","1890"
"09.08.2015 10:00 - 09.08.2015 11:00","1954","1958"
"09.08.2015 11:00 - 09.08.2015 12:00","1964","1964"
"09.08.2015 12:00 - 09.08.2015 13:00","1948","1938"
"09.08.2015 13:00 - 09.08.2015 14:00","1930","1913"
"09.08.2015 14:00 - 09.08.2015 15:00","1904","1884"
"09.08.2015 15:00 - 09.08.2015 16:00","1881","1868"
"09.08.2015 16:00 - 09.08.2015 17:00","1913","1888"
"09.08.2015 17:00 - 09.08.2015 18:00","2048","2034"
"09.08.2015 18:00 - 09.08.2015 19:00","2072","2086"
"09.08.2015 19:00 - 09.08.2015 20:00","2000","2036"
"09.08.2015 20:00 - 09.08.2015 21:00","1946","1973"
"09.08.2015 21:00 - 09.08.2015 22:00","1938","1944"
"09.08.2015 22:00 - 09.08.2015 23:00","1857","1870"
"09.08.2015 23:00 - 10.08.2015 00:00","1708","1713"
"10.08.2015 00:00 - 10.08.2015 01:00","1658","1636"
"10.08.2015 01:00 - 10.08.2015 02:00","1573","1579"
"10.08.2015 02:00 - 10.08.2015 03:00","1550","1562"
"10.08.2015 03:00 - 10.08.2015 04:00","1564","1579"
"10.08.2015 04:00 - 10.08.2015 05:00","1620","1612"
"10.08.2015 05:00 - 10.08.2015 06:00","1733","1723"
"10.08.2015 06:00 - 10.08.2015 07:00","2033","2028"
"10.08.2015 07:00 - 10.08.2015 08:00","2404","2400"
"10.08.2015 08:00 - 10.08.2015 09:00","2609","2621"
"10.08.2015 09:00 - 10.08.2015 10:00","2677","2682"
"10.08.2015 10:00 - 10.08.2015 11:00","2780","2783"
"10.08.2015 11:00 - 10.08.2015 12:00","2790","2781"
"10.08.2015 12:00 - 10.08.2015 13:00","2720","2728"
"10.08.2015 13:00 - 10.08.2015 14:00","2739","2740"
"10.08.2015 14:00 - 10.08.2015 15:00","2686","2701"
"10.08.2015 15:00 - 10.08.2015 16:00","2560","2566"
"10.08.2015 16:00 - 10.08.2015 17:00","2486","2501"
"10.08.2015 17:00 - 10.08.2015 18:00","2622","2636"
"10.08.2015 18:00 - 10.08.2015 19:00","2553","2575"
"10.08.2015 19:00 - 10.08.2015 20:00","2427","2438"
"10.08.2015 20:00 - 10.08.2015 21:00","2316","2314"
"10.08.2015 21:00 - 10.08.2015 22:00","2291","2235"
"10.08.2015 22:00 - 10.08.2015 23:00","2165","2095"
"10.08.2015 23:00 - 11.08.2015 00:00","1933","1911"
"11.08.2015 00:00 - 11.08.2015 01:00","1749","1776"
"11.08.2015 01:00 - 11.08.2015 02:00","1704","1710"
"11.08.2015 02:00 - 11.08.2015 03:00","1672","1675"
"11.08.2015 03:00 - 11.08.2015 04:00","1679","1674"
"11.08.2015 04:00 - 11.08.2015 05:00","1714","1716"
"11.08.2015 05:00 - 11.08.2015 06:00","1821","1836"
"11.08.2015 06:00 - 11.08.2015 07:00","2139","2170"
"11.08.2015 07:00 - 11.08.2015 08:00","2538","2512"
"11.08.2015 08:00 - 11.08.2015 09:00","2681","2679"
"11.08.2015 09:00 - 11.08.2015 10:00","2719","2699"
"11.08.2015 10:00 - 11.08.2015 11:00","2770","2761"
"11.08.2015 11:00 - 11.08.2015 12:00","2786","2755"
"11.08.2015 12:00 - 11.08.2015 13:00","2687","2700"
"11.08.2015 13:00 - 11.08.2015 14:00","2727","2726"
"11.08.2015 14:00 - 11.08.2015 15:00","2665","2639"
"11.08.2015 15:00 - 11.08.2015 16:00","2519","2553"
"11.08.2015 16:00 - 11.08.2015 17:00","2494","2498"
"11.08.2015 17:00 - 11.08.2015 18:00","2613","2591"
"11.08.2015 18:00 - 11.08.2015 19:00","2513","2506"
"11.08.2015 19:00 - 11.08.2015 20:00","2364","2366"
"11.08.2015 20:00 - 11.08.2015 21:00","2261","2300"
"11.08.2015 21:00 - 11.08.2015 22:00","2262","2263"
"11.08.2015 22:00 - 11.08.2015 23:00","2140","2129"
"11.08.2015 23:00 - 12.08.2015 00:00","1917","1931"
"12.08.2015 00:00 - 12.08.2015 01:00","1788","1785"
"12.08.2015 01:00 - 12.08.2015 02:00","1719","1736"
"12.08.2015 02:00 - 12.08.2015 03:00","1698","1693"
"12.08.2015 03:00 - 12.08.2015 04:00","1699","1694"
"12.08.2015 04:00 - 12.08.2015 05:00","1732","1710"
"12.08.2015 05:00 - 12.08.2015 06:00","1832","1819"
"12.08.2015 06:00 - 12.08.2015 07:00","2115","2128"
"12.08.2015 07:00 - 12.08.2015 08:00","2480","2473"
"12.08.2015 08:00 - 12.08.2015 09:00","2646","2642"
"12.08.2015 09:00 - 12.08.2015 10:00","2692","2690"
"12.08.2015 10:00 - 12.08.2015 11:00","2763","2746"
"12.08.2015 11:00 - 12.08.2015 12:00","2761","2738"
"12.08.2015 12:00 - 12.08.2015 13:00","2684","2685"
"12.08.2015 13:00 - 12.08.2015 14:00","2696","2689"
"12.08.2015 14:00 - 12.08.2015 15:00","2624","2631"
"12.08.2015 15:00 - 12.08.2015 16:00","2501","2514"
"12.08.2015 16:00 - 12.08.2015 17:00","2448","2420"
"12.08.2015 17:00 - 12.08.2015 18:00","2520","2479"
"12.08.2015 18:00 - 12.08.2015 19:00","2412","2403"
"12.08.2015 19:00 - 12.08.2015 20:00","2306","2340"
"12.08.2015 20:00 - 12.08.2015 21:00","2239","2277"
"12.08.2015 21:00 - 12.08.2015 22:00","2255","2206"
"12.08.2015 22:00 - 12.08.2015 23:00","2134","2111"
"12.08.2015 23:00 - 13.08.2015 00:00","1918","1911"
"13.08.2015 00:00 - 13.08.2015 01:00","1784","1768"
"13.08.2015 01:00 - 13.08.2015 02:00","1709","1705"
"13.08.2015 02:00 - 13.08.2015 03:00","1683","1675"
"13.08.2015 03:00 - 13.08.2015 04:00","1686","1679"
"13.08.2015 04:00 - 13.08.2015 05:00","1729","1700"
"13.08.2015 05:00 - 13.08.2015 06:00","1821","1808"
"13.08.2015 06:00 - 13.08.2015 07:00","2105","2117"
"13.08.2015 07:00 - 13.08.2015 08:00","2474","2477"
"13.08.2015 08:00 - 13.08.2015 09:00","2647","2646"
"13.08.2015 09:00 - 13.08.2015 10:00","2694","2694"
"13.08.2015 10:00 - 13.08.2015 11:00","2766","2759"
"13.08.2015 11:00 - 13.08.2015 12:00","2761","2754"
"13.08.2015 12:00 - 13.08.2015 13:00","2685","2687"
"13.08.2015 13:00 - 13.08.2015 14:00","2699","2684"
"13.08.2015 14:00 - 13.08.2015 15:00","2632","2628"
"13.08.2015 15:00 - 13.08.2015 16:00","2513","2516"
"13.08.2015 16:00 - 13.08.2015 17:00","2467","2463"
"13.08.2015 17:00 - 13.08.2015 18:00","2555","2543"
"13.08.2015 18:00 - 13.08.2015 19:00","2465","2486"
"13.08.2015 19:00 - 13.08.2015 20:00","2377","2372"
"13.08.2015 20:00 - 13.08.2015 21:00","2275","2279"
"13.08.2015 21:00 - 13.08.2015 22:00","2276","2248"
"13.08.2015 22:00 - 13.08.2015 23:00","2154","2119"
"13.08.2015 23:00 - 14.08.2015 00:00","1938","1936"
"14.08.2015 00:00 - 14.08.2015 01:00","1801","1786"
"14.08.2015 01:00 - 14.08.2015 02:00","1722","1707"
"14.08.2015 02:00 - 14.08.2015 03:00","1689","1683"
"14.08.2015 03:00 - 14.08.2015 04:00","1697","1674"
"14.08.2015 04:00 - 14.08.2015 05:00","1737","1719"
"14.08.2015 05:00 - 14.08.2015 06:00","1841","1791"
"14.08.2015 06:00 - 14.08.2015 07:00","2079","2104"
"14.08.2015 07:00 - 14.08.2015 08:00","2446","2474"
"14.08.2015 08:00 - 14.08.2015 09:00","2634","2620"
"14.08.2015 09:00 - 14.08.2015 10:00","2662","2675"
"14.08.2015 10:00 - 14.08.2015 11:00","2712","2669"
"14.08.2015 11:00 - 14.08.2015 12:00","2638","2699"
"14.08.2015 12:00 - 14.08.2015 13:00","2574","2626"
"14.08.2015 13:00 - 14.08.2015 14:00","2539","2576"
"14.08.2015 14:00 - 14.08.2015 15:00","2441","2442"
"14.08.2015 15:00 - 14.08.2015 16:00","2339","2342"
"14.08.2015 16:00 - 14.08.2015 17:00","2327","2341"
"14.08.2015 17:00 - 14.08.2015 18:00","2433","2416"
"14.08.2015 18:00 - 14.08.2015 19:00","2364","2364"
"14.08.2015 19:00 - 14.08.2015 20:00","2206","2184"
"14.08.2015 20:00 - 14.08.2015 21:00","2081","2045"
"14.08.2015 21:00 - 14.08.2015 22:00","2068","2024"
"14.08.2015 22:00 - 14.08.2015 23:00","1981","1932"
"14.08.2015 23:00 - 15.08.2015 00:00","1823","1758"
"15.08.2015 00:00 - 15.08.2015 01:00","1598","1642"
"15.08.2015 01:00 - 15.08.2015 02:00","1544","1562"
"15.08.2015 02:00 - 15.08.2015 03:00","1509","1521"
"15.08.2015 03:00 - 15.08.2015 04:00","1488","1527"
"15.08.2015 04:00 - 15.08.2015 05:00","1476","1502"
"15.08.2015 05:00 - 15.08.2015 06:00","1508","1541"
"15.08.2015 06:00 - 15.08.2015 07:00","1579","1611"
"15.08.2015 07:00 - 15.08.2015 08:00","1780","1808"
"15.08.2015 08:00 - 15.08.2015 09:00","1990","1995"
"15.08.2015 09:00 - 15.08.2015 10:00","2125","2149"
"15.08.2015 10:00 - 15.08.2015 11:00","2200","2199"
"15.08.2015 11:00 - 15.08.2015 12:00","2181","2181"
"15.08.2015 12:00 - 15.08.2015 13:00","2110","2079"
"15.08.2015 13:00 - 15.08.2015 14:00","2028","2054"
"15.08.2015 14:00 - 15.08.2015 15:00","2009","2033"
"15.08.2015 15:00 - 15.08.2015 16:00","2005","2036"
"15.08.2015 16:00 - 15.08.2015 17:00","2049","2036"
"15.08.2015 17:00 - 15.08.2015 18:00","2142","2165"
"15.08.2015 18:00 - 15.08.2015 19:00","2151","2163"
"15.08.2015 19:00 - 15.08.2015 20:00","2036","2054"
"15.08.2015 20:00 - 15.08.2015 21:00","1963","1953"
"15.08.2015 21:00 - 15.08.2015 22:00","1975","1931"
"15.08.2015 22:00 - 15.08.2015 23:00","1862","1805"
"15.08.2015 23:00 - 16.08.2015 00:00","1706","1678"
"16.08.2015 00:00 - 16.08.2015 01:00","1541","1570"
"16.08.2015 01:00 - 16.08.2015 02:00","1482","1505"
"16.08.2015 02:00 - 16.08.2015 03:00","1464","1464"
"16.08.2015 03:00 - 16.08.2015 04:00","1436","1442"
"16.08.2015 04:00 - 16.08.2015 05:00","1470","1436"
"16.08.2015 05:00 - 16.08.2015 06:00","1484","1468"
"16.08.2015 06:00 - 16.08.2015 07:00","1498","1501"
"16.08.2015 07:00 - 16.08.2015 08:00","1645","1634"
"16.08.2015 08:00 - 16.08.2015 09:00","1818","1818"
"16.08.2015 09:00 - 16.08.2015 10:00","1953","1962"
"16.08.2015 10:00 - 16.08.2015 11:00","2036","2026"
"16.08.2015 11:00 - 16.08.2015 12:00","2064","2034"
"16.08.2015 12:00 - 16.08.2015 13:00","2053","2010"
"16.08.2015 13:00 - 16.08.2015 14:00","1999","2017"
"16.08.2015 14:00 - 16.08.2015 15:00","1998","1989"
"16.08.2015 15:00 - 16.08.2015 16:00","1974","1964"
"16.08.2015 16:00 - 16.08.2015 17:00","2000","2018"
"16.08.2015 17:00 - 16.08.2015 18:00","2187","2218"
"16.08.2015 18:00 - 16.08.2015 19:00","2228","2224"
"16.08.2015 19:00 - 16.08.2015 20:00","2102","2122"
"16.08.2015 20:00 - 16.08.2015 21:00","2021","2031"
"16.08.2015 21:00 - 16.08.2015 22:00","2031","1998"
"16.08.2015 22:00 - 16.08.2015 23:00","1901","1842"
"16.08.2015 23:00 - 17.08.2015 00:00","1736","1700"
"17.08.2015 00:00 - 17.08.2015 01:00","1629","1615"
"17.08.2015 01:00 - 17.08.2015 02:00","1586","1577"
"17.08.2015 02:00 - 17.08.2015 03:00","1552","1553"
"17.08.2015 03:00 - 17.08.2015 04:00","1586","1550"
"17.08.2015 04:00 - 17.08.2015 05:00","1656","1595"
"17.08.2015 05:00 - 17.08.2015 06:00","1759","1743"
"17.08.2015 06:00 - 17.08.2015 07:00","2060","2098"
"17.08.2015 07:00 - 17.08.2015 08:00","2450","2518"
"17.08.2015 08:00 - 17.08.2015 09:00","2705","2719"
"17.08.2015 09:00 - 17.08.2015 10:00","2749","2760"
"17.08.2015 10:00 - 17.08.2015 11:00","2838","2822"
"17.08.2015 11:00 - 17.08.2015 12:00","2821","2828"
"17.08.2015 12:00 - 17.08.2015 13:00","2751","2753"
"17.08.2015 13:00 - 17.08.2015 14:00","2770","2756"
"17.08.2015 14:00 - 17.08.2015 15:00","2700","2720"
"17.08.2015 15:00 - 17.08.2015 16:00","2575","2597"
"17.08.2015 16:00 - 17.08.2015 17:00","2528","2529"
"17.08.2015 17:00 - 17.08.2015 18:00","2644","2670"
"17.08.2015 18:00 - 17.08.2015 19:00","2570","2582"
"17.08.2015 19:00 - 17.08.2015 20:00","2457","2422"
"17.08.2015 20:00 - 17.08.2015 21:00","2340","2305"
"17.08.2015 21:00 - 17.08.2015 22:00","2328","2265"
"17.08.2015 22:00 - 17.08.2015 23:00","2197","2106"
"17.08.2015 23:00 - 18.08.2015 00:00","1987","1915"
"18.08.2015 00:00 - 18.08.2015 01:00","1715","1789"
"18.08.2015 01:00 - 18.08.2015 02:00","1735","1759"
"18.08.2015 02:00 - 18.08.2015 03:00","1714","1716"
"18.08.2015 03:00 - 18.08.2015 04:00","1694","1674"
"18.08.2015 04:00 - 18.08.2015 05:00","1705","1693"
"18.08.2015 05:00 - 18.08.2015 06:00","1810","1833"
"18.08.2015 06:00 - 18.08.2015 07:00","2143","2167"
"18.08.2015 07:00 - 18.08.2015 08:00","2559","2532"
"18.08.2015 08:00 - 18.08.2015 09:00","2712","2684"
"18.08.2015 09:00 - 18.08.2015 10:00","2725","2725"
"18.08.2015 10:00 - 18.08.2015 11:00","2792","2786"
"18.08.2015 11:00 - 18.08.2015 12:00","2807","2790"
"18.08.2015 12:00 - 18.08.2015 13:00","2747","2738"
"18.08.2015 13:00 - 18.08.2015 14:00","2767","2754"
"18.08.2015 14:00 - 18.08.2015 15:00","2708","2703"
"18.08.2015 15:00 - 18.08.2015 16:00","2586","2582"
"18.08.2015 16:00 - 18.08.2015 17:00","2514","2514"
"18.08.2015 17:00 - 18.08.2015 18:00","2605","2608"
"18.08.2015 18:00 - 18.08.2015 19:00","2537","2555"
"18.08.2015 19:00 - 18.08.2015 20:00","2420","2418"
"18.08.2015 20:00 - 18.08.2015 21:00","2308","2311"
"18.08.2015 21:00 - 18.08.2015 22:00","2289","2312"
"18.08.2015 22:00 - 18.08.2015 23:00","2122","2159"
"18.08.2015 23:00 - 19.08.2015 00:00","1892","1968"
"19.08.2015 00:00 - 19.08.2015 01:00","1851","1829"
"19.08.2015 01:00 - 19.08.2015 02:00","1789","1767"
"19.08.2015 02:00 - 19.08.2015 03:00","1719","1742"
"19.08.2015 03:00 - 19.08.2015 04:00","1712","1727"
"19.08.2015 04:00 - 19.08.2015 05:00","1763","1774"
"19.08.2015 05:00 - 19.08.2015 06:00","1889","1894"
"19.08.2015 06:00 - 19.08.2015 07:00","2188","2193"
"19.08.2015 07:00 - 19.08.2015 08:00","2549","2562"
"19.08.2015 08:00 - 19.08.2015 09:00","2739","2724"
"19.08.2015 09:00 - 19.08.2015 10:00","2756","2762"
"19.08.2015 10:00 - 19.08.2015 11:00","2826","2812"
"19.08.2015 11:00 - 19.08.2015 12:00","2811","2797"
"19.08.2015 12:00 - 19.08.2015 13:00","2715","2624"
"19.08.2015 13:00 - 19.08.2015 14:00","2686","2720"
"19.08.2015 14:00 - 19.08.2015 15:00","2673","2677"
"19.08.2015 15:00 - 19.08.2015 16:00","2549","2545"
"19.08.2015 16:00 - 19.08.2015 17:00","2494","2508"
"19.08.2015 17:00 - 19.08.2015 18:00","2609","2596"
"19.08.2015 18:00 - 19.08.2015 19:00","2531","2523"
"19.08.2015 19:00 - 19.08.2015 20:00","2419","2435"
"19.08.2015 20:00 - 19.08.2015 21:00","2358","2374"
"19.08.2015 21:00 - 19.08.2015 22:00","2363","2353"
"19.08.2015 22:00 - 19.08.2015 23:00","2191","2199"
"19.08.2015 23:00 - 20.08.2015 00:00","1958","1970"
"20.08.2015 00:00 - 20.08.2015 01:00","1826","1827"
"20.08.2015 01:00 - 20.08.2015 02:00","1751","1755"
"20.08.2015 02:00 - 20.08.2015 03:00","1707","1719"
"20.08.2015 03:00 - 20.08.2015 04:00","1720","1738"
"20.08.2015 04:00 - 20.08.2015 05:00","1774","1767"
"20.08.2015 05:00 - 20.08.2015 06:00","1908","1899"
"20.08.2015 06:00 - 20.08.2015 07:00","2203","2212"
"20.08.2015 07:00 - 20.08.2015 08:00","2565","2570"
"20.08.2015 08:00 - 20.08.2015 09:00","2732","2706"
"20.08.2015 09:00 - 20.08.2015 10:00","2763","2743"
"20.08.2015 10:00 - 20.08.2015 11:00","2826","2828"
"20.08.2015 11:00 - 20.08.2015 12:00","2832","2819"
"20.08.2015 12:00 - 20.08.2015 13:00","2757","2750"
"20.08.2015 13:00 - 20.08.2015 14:00","2772","2796"
"20.08.2015 14:00 - 20.08.2015 15:00","2715","2732"
"20.08.2015 15:00 - 20.08.2015 16:00","2622","2645"
"20.08.2015 16:00 - 20.08.2015 17:00","2610","2639"
"20.08.2015 17:00 - 20.08.2015 18:00","2721","2724"
"20.08.2015 18:00 - 20.08.2015 19:00","2622","2640"
"20.08.2015 19:00 - 20.08.2015 20:00","2505","2520"
"20.08.2015 20:00 - 20.08.2015 21:00","2434","2446"
"20.08.2015 21:00 - 20.08.2015 22:00","2453","2447"
"20.08.2015 22:00 - 20.08.2015 23:00","2273","2264"
"20.08.2015 23:00 - 21.08.2015 00:00","2019","2037"
"21.08.2015 00:00 - 21.08.2015 01:00","1871","1878"
"21.08.2015 01:00 - 21.08.2015 02:00","1802","1847"
"21.08.2015 02:00 - 21.08.2015 03:00","1798","1820"
"21.08.2015 03:00 - 21.08.2015 04:00","1808","1813"
"21.08.2015 04:00 - 21.08.2015 05:00","1848","1843"
"21.08.2015 05:00 - 21.08.2015 06:00","1980","1960"
"21.08.2015 06:00 - 21.08.2015 07:00","2264","2269"
"21.08.2015 07:00 - 21.08.2015 08:00","2612","2613"
"21.08.2015 08:00 - 21.08.2015 09:00","2781","2775"
"21.08.2015 09:00 - 21.08.2015 10:00","2803","2805"
"21.08.2015 10:00 - 21.08.2015 11:00","2874","2880"
"21.08.2015 11:00 - 21.08.2015 12:00","2845","2824"
"21.08.2015 12:00 - 21.08.2015 13:00","2719","2727"
"21.08.2015 13:00 - 21.08.2015 14:00","2653","2651"
"21.08.2015 14:00 - 21.08.2015 15:00","2519","2522"
"21.08.2015 15:00 - 21.08.2015 16:00","2421","2425"
"21.08.2015 16:00 - 21.08.2015 17:00","2417","2401"
"21.08.2015 17:00 - 21.08.2015 18:00","2499","2484"
"21.08.2015 18:00 - 21.08.2015 19:00","2438","2453"
"21.08.2015 19:00 - 21.08.2015 20:00","2280","2314"
"21.08.2015 20:00 - 21.08.2015 21:00","2182","2191"
"21.08.2015 21:00 - 21.08.2015 22:00","2198","2202"
"21.08.2015 22:00 - 21.08.2015 23:00","2064","2049"
"21.08.2015 23:00 - 22.08.2015 00:00","1882","1884"
"22.08.2015 00:00 - 22.08.2015 01:00","1640","1758"
"22.08.2015 01:00 - 22.08.2015 02:00","1633","1687"
"22.08.2015 02:00 - 22.08.2015 03:00","1605","1644"
"22.08.2015 03:00 - 22.08.2015 04:00","1544","1631"
"22.08.2015 04:00 - 22.08.2015 05:00","1499","1645"
"22.08.2015 05:00 - 22.08.2015 06:00","1565","1673"
"22.08.2015 06:00 - 22.08.2015 07:00","1713","1730"
"22.08.2015 07:00 - 22.08.2015 08:00","1883","1903"
"22.08.2015 08:00 - 22.08.2015 09:00","2106","2110"
"22.08.2015 09:00 - 22.08.2015 10:00","2215","2223"
"22.08.2015 10:00 - 22.08.2015 11:00","2275","2279"
"22.08.2015 11:00 - 22.08.2015 12:00","2265","2236"
"22.08.2015 12:00 - 22.08.2015 13:00","2183","2165"
"22.08.2015 13:00 - 22.08.2015 14:00","2130","2115"
"22.08.2015 14:00 - 22.08.2015 15:00","2062","2059"
"22.08.2015 15:00 - 22.08.2015 16:00","2025","2029"
"22.08.2015 16:00 - 22.08.2015 17:00","2049","2057"
"22.08.2015 17:00 - 22.08.2015 18:00","2193","2179"
"22.08.2015 18:00 - 22.08.2015 19:00","2161","2145"
"22.08.2015 19:00 - 22.08.2015 20:00","2025","2039"
"22.08.2015 20:00 - 22.08.2015 21:00","1973","1978"
"22.08.2015 21:00 - 22.08.2015 22:00","1979","2010"
"22.08.2015 22:00 - 22.08.2015 23:00","1863","1887"
"22.08.2015 23:00 - 23.08.2015 00:00","1716","1749"
"23.08.2015 00:00 - 23.08.2015 01:00","1659","1647"
"23.08.2015 01:00 - 23.08.2015 02:00","1586","1565"
"23.08.2015 02:00 - 23.08.2015 03:00","1525","1533"
"23.08.2015 03:00 - 23.08.2015 04:00","1514","1517"
"23.08.2015 04:00 - 23.08.2015 05:00","1515","1517"
"23.08.2015 05:00 - 23.08.2015 06:00","1529","1516"
"23.08.2015 06:00 - 23.08.2015 07:00","1553","1558"
"23.08.2015 07:00 - 23.08.2015 08:00","1707","1697"
"23.08.2015 08:00 - 23.08.2015 09:00","1903","1880"
"23.08.2015 09:00 - 23.08.2015 10:00","2023","1985"
"23.08.2015 10:00 - 23.08.2015 11:00","2051","2022"
"23.08.2015 11:00 - 23.08.2015 12:00","2057","2030"
"23.08.2015 12:00 - 23.08.2015 13:00","2035","2028"
"23.08.2015 13:00 - 23.08.2015 14:00","2021","2005"
"23.08.2015 14:00 - 23.08.2015 15:00","2010","2006"
"23.08.2015 15:00 - 23.08.2015 16:00","1976","1971"
"23.08.2015 16:00 - 23.08.2015 17:00","2022","2021"
"23.08.2015 17:00 - 23.08.2015 18:00","2217","2217"
"23.08.2015 18:00 - 23.08.2015 19:00","2222","2220"
"23.08.2015 19:00 - 23.08.2015 20:00","2129","2174"
"23.08.2015 20:00 - 23.08.2015 21:00","2109","2078"
"23.08.2015 21:00 - 23.08.2015 22:00","2086","2080"
"23.08.2015 22:00 - 23.08.2015 23:00","1927","1964"
"23.08.2015 23:00 - 24.08.2015 00:00","1769","1808"
"24.08.2015 00:00 - 24.08.2015 01:00","1758","1699"
"24.08.2015 01:00 - 24.08.2015 02:00","1667","1677"
"24.08.2015 02:00 - 24.08.2015 03:00","1660","1639"
"24.08.2015 03:00 - 24.08.2015 04:00","1653","1639"
"24.08.2015 04:00 - 24.08.2015 05:00","1693","1685"
"24.08.2015 05:00 - 24.08.2015 06:00","1863","1830"
"24.08.2015 06:00 - 24.08.2015 07:00","2158","2164"
"24.08.2015 07:00 - 24.08.2015 08:00","2535","2544"
"24.08.2015 08:00 - 24.08.2015 09:00","2729","2714"
"24.08.2015 09:00 - 24.08.2015 10:00","2715","2703"
"24.08.2015 10:00 - 24.08.2015 11:00","2768","2756"
"24.08.2015 11:00 - 24.08.2015 12:00","2792","2778"
"24.08.2015 12:00 - 24.08.2015 13:00","2727","2724"
"24.08.2015 13:00 - 24.08.2015 14:00","2745","2729"
"24.08.2015 14:00 - 24.08.2015 15:00","2719","2737"
"24.08.2015 15:00 - 24.08.2015 16:00","2607","2593"
"24.08.2015 16:00 - 24.08.2015 17:00","2539","2577"
"24.08.2015 17:00 - 24.08.2015 18:00","2715","2754"
"24.08.2015 18:00 - 24.08.2015 19:00","2674","2688"
"24.08.2015 19:00 - 24.08.2015 20:00","2556","2568"
"24.08.2015 20:00 - 24.08.2015 21:00","2494","2427"
"24.08.2015 21:00 - 24.08.2015 22:00","2477","2352"
"24.08.2015 22:00 - 24.08.2015 23:00","2281","2174"
"24.08.2015 23:00 - 25.08.2015 00:00","2037","2005"
"25.08.2015 00:00 - 25.08.2015 01:00","1777","1871"
"25.08.2015 01:00 - 25.08.2015 02:00","1783","1788"
"25.08.2015 02:00 - 25.08.2015 03:00","1761","1792"
"25.08.2015 03:00 - 25.08.2015 04:00","1784","1781"
"25.08.2015 04:00 - 25.08.2015 05:00","1801","1792"
"25.08.2015 05:00 - 25.08.2015 06:00","1933","1946"
"25.08.2015 06:00 - 25.08.2015 07:00","2253","2269"
"25.08.2015 07:00 - 25.08.2015 08:00","2627","2634"
"25.08.2015 08:00 - 25.08.2015 09:00","2785","2751"
"25.08.2015 09:00 - 25.08.2015 10:00","2759","2741"
"25.08.2015 10:00 - 25.08.2015 11:00","2807","2818"
"25.08.2015 11:00 - 25.08.2015 12:00","2817","2803"
"25.08.2015 12:00 - 25.08.2015 13:00","2742","2748"
"25.08.2015 13:00 - 25.08.2015 14:00","2757","2760"
"25.08.2015 14:00 - 25.08.2015 15:00","2689","2702"
"25.08.2015 15:00 - 25.08.2015 16:00","2592","2639"
"25.08.2015 16:00 - 25.08.2015 17:00","2558","2568"
"25.08.2015 17:00 - 25.08.2015 18:00","2661","2687"
"25.08.2015 18:00 - 25.08.2015 19:00","2593","2633"
"25.08.2015 19:00 - 25.08.2015 20:00","2503","2531"
"25.08.2015 20:00 - 25.08.2015 21:00","2458","2506"
"25.08.2015 21:00 - 25.08.2015 22:00","2483","2448"
"25.08.2015 22:00 - 25.08.2015 23:00","2264","2213"
"25.08.2015 23:00 - 26.08.2015 00:00","1994","1929"
"26.08.2015 00:00 - 26.08.2015 01:00","1846","1838"
"26.08.2015 01:00 - 26.08.2015 02:00","1775","1788"
"26.08.2015 02:00 - 26.08.2015 03:00","1754","1753"
"26.08.2015 03:00 - 26.08.2015 04:00","1758","1767"
"26.08.2015 04:00 - 26.08.2015 05:00","1798","1776"
"26.08.2015 05:00 - 26.08.2015 06:00","1922","1898"
"26.08.2015 06:00 - 26.08.2015 07:00","2221","2227"
"26.08.2015 07:00 - 26.08.2015 08:00","2566","2619"
"26.08.2015 08:00 - 26.08.2015 09:00","2773","2758"
"26.08.2015 09:00 - 26.08.2015 10:00","2800","2795"
"26.08.2015 10:00 - 26.08.2015 11:00","2834","2827"
"26.08.2015 11:00 - 26.08.2015 12:00","2831","2831"
"26.08.2015 12:00 - 26.08.2015 13:00","2754","2763"
"26.08.2015 13:00 - 26.08.2015 14:00","2790","2799"
"26.08.2015 14:00 - 26.08.2015 15:00","2741","2734"
"26.08.2015 15:00 - 26.08.2015 16:00","2601","2619"
"26.08.2015 16:00 - 26.08.2015 17:00","2576","2579"
"26.08.2015 17:00 - 26.08.2015 18:00","2697","2705"
"26.08.2015 18:00 - 26.08.2015 19:00","2602","2615"
"26.08.2015 19:00 - 26.08.2015 20:00","2481","2500"
"26.08.2015 20:00 - 26.08.2015 21:00","2433","2396"
"26.08.2015 21:00 - 26.08.2015 22:00","2433","2322"
"26.08.2015 22:00 - 26.08.2015 23:00","2257","2128"
"26.08.2015 23:00 - 27.08.2015 00:00","2023","1923"
"27.08.2015 00:00 - 27.08.2015 01:00","1778","1793"
"27.08.2015 01:00 - 27.08.2015 02:00","1728","1749"
"27.08.2015 02:00 - 27.08.2015 03:00","1763","1775"
"27.08.2015 03:00 - 27.08.2015 04:00","1767","1747"
"27.08.2015 04:00 - 27.08.2015 05:00","1790","1784"
"27.08.2015 05:00 - 27.08.2015 06:00","1936","1912"
"27.08.2015 06:00 - 27.08.2015 07:00","2244","2272"
"27.08.2015 07:00 - 27.08.2015 08:00","2608","2621"
"27.08.2015 08:00 - 27.08.2015 09:00","2782","2765"
"27.08.2015 09:00 - 27.08.2015 10:00","2803","2781"
"27.08.2015 10:00 - 27.08.2015 11:00","2846","2826"
"27.08.2015 11:00 - 27.08.2015 12:00","2817","2828"
"27.08.2015 12:00 - 27.08.2015 13:00","2755","2772"
"27.08.2015 13:00 - 27.08.2015 14:00","2800","2791"
"27.08.2015 14:00 - 27.08.2015 15:00","2732","2715"
"27.08.2015 15:00 - 27.08.2015 16:00","2593","2617"
"27.08.2015 16:00 - 27.08.2015 17:00","2555","2561"
"27.08.2015 17:00 - 27.08.2015 18:00","2688","2699"
"27.08.2015 18:00 - 27.08.2015 19:00","2593","2607"
"27.08.2015 19:00 - 27.08.2015 20:00","2461","2455"
"27.08.2015 20:00 - 27.08.2015 21:00","2414","2394"
"27.08.2015 21:00 - 27.08.2015 22:00","2413","2338"
"27.08.2015 22:00 - 27.08.2015 23:00","2232","2153"
"27.08.2015 23:00 - 28.08.2015 00:00","2004","1940"
"28.08.2015 00:00 - 28.08.2015 01:00","1803","1814"
"28.08.2015 01:00 - 28.08.2015 02:00","1745","1753"
"28.08.2015 02:00 - 28.08.2015 03:00","1734","1720"
"28.08.2015 03:00 - 28.08.2015 04:00","1722","1712"
"28.08.2015 04:00 - 28.08.2015 05:00","1763","1766"
"28.08.2015 05:00 - 28.08.2015 06:00","1913","1877"
"28.08.2015 06:00 - 28.08.2015 07:00","2187","2164"
"28.08.2015 07:00 - 28.08.2015 08:00","2508","2522"
"28.08.2015 08:00 - 28.08.2015 09:00","2683","2682"
"28.08.2015 09:00 - 28.08.2015 10:00","2700","2685"
"28.08.2015 10:00 - 28.08.2015 11:00","2759","2735"
"28.08.2015 11:00 - 28.08.2015 12:00","2738","2714"
"28.08.2015 12:00 - 28.08.2015 13:00","2617","2608"
"28.08.2015 13:00 - 28.08.2015 14:00","2518","2553"
"28.08.2015 14:00 - 28.08.2015 15:00","2414","2430"
"28.08.2015 15:00 - 28.08.2015 16:00","2315","2307"
"28.08.2015 16:00 - 28.08.2015 17:00","2279","2284"
"28.08.2015 17:00 - 28.08.2015 18:00","2396","2414"
"28.08.2015 18:00 - 28.08.2015 19:00","2374","2377"
"28.08.2015 19:00 - 28.08.2015 20:00","2233","2254"
"28.08.2015 20:00 - 28.08.2015 21:00","2161","2108"
"28.08.2015 21:00 - 28.08.2015 22:00","2022","2106"
"28.08.2015 22:00 - 28.08.2015 23:00","1898","1965"
"28.08.2015 23:00 - 29.08.2015 00:00","1752","1782"
"29.08.2015 00:00 - 29.08.2015 01:00","1613","1669"
"29.08.2015 01:00 - 29.08.2015 02:00","1570","1600"
"29.08.2015 02:00 - 29.08.2015 03:00","1547","1537"
"29.08.2015 03:00 - 29.08.2015 04:00","1524","1530"
"29.08.2015 04:00 - 29.08.2015 05:00","1534","1549"
"29.08.2015 05:00 - 29.08.2015 06:00","1583","1570"
"29.08.2015 06:00 - 29.08.2015 07:00","1636","1627"
"29.08.2015 07:00 - 29.08.2015 08:00","1802","1801"
"29.08.2015 08:00 - 29.08.2015 09:00","2007","2002"
"29.08.2015 09:00 - 29.08.2015 10:00","2117","2105"
"29.08.2015 10:00 - 29.08.2015 11:00","2152","2141"
"29.08.2015 11:00 - 29.08.2015 12:00","2120","2119"
"29.08.2015 12:00 - 29.08.2015 13:00","2074","2073"
"29.08.2015 13:00 - 29.08.2015 14:00","2040","2033"
"29.08.2015 14:00 - 29.08.2015 15:00","2013","2034"
"29.08.2015 15:00 - 29.08.2015 16:00","2004","1986"
"29.08.2015 16:00 - 29.08.2015 17:00","2006","2000"
"29.08.2015 17:00 - 29.08.2015 18:00","2136","2153"
"29.08.2015 18:00 - 29.08.2015 19:00","2134","2172"
"29.08.2015 19:00 - 29.08.2015 20:00","2038","2048"
"29.08.2015 20:00 - 29.08.2015 21:00","2001","2009"
"29.08.2015 21:00 - 29.08.2015 22:00","1960","1996"
"29.08.2015 22:00 - 29.08.2015 23:00","1813","1858"
"29.08.2015 23:00 - 30.08.2015 00:00","1653","1719"
"30.08.2015 00:00 - 30.08.2015 01:00","1607","1605"
"30.08.2015 01:00 - 30.08.2015 02:00","1520","1540"
"30.08.2015 02:00 - 30.08.2015 03:00","1497","1508"
"30.08.2015 03:00 - 30.08.2015 04:00","1493","1495"
"30.08.2015 04:00 - 30.08.2015 05:00","1490","1495"
"30.08.2015 05:00 - 30.08.2015 06:00","1523","1529"
"30.08.2015 06:00 - 30.08.2015 07:00","1561","1572"
"30.08.2015 07:00 - 30.08.2015 08:00","1692","1696"
"30.08.2015 08:00 - 30.08.2015 09:00","1885","1884"
"30.08.2015 09:00 - 30.08.2015 10:00","2025","2009"
"30.08.2015 10:00 - 30.08.2015 11:00","2082","2075"
"30.08.2015 11:00 - 30.08.2015 12:00","2112","2103"
"30.08.2015 12:00 - 30.08.2015 13:00","2097","2086"
"30.08.2015 13:00 - 30.08.2015 14:00","2061","2058"
"30.08.2015 14:00 - 30.08.2015 15:00","2049","2048"
"30.08.2015 15:00 - 30.08.2015 16:00","2030","2038"
"30.08.2015 16:00 - 30.08.2015 17:00","2096","2105"
"30.08.2015 17:00 - 30.08.2015 18:00","2309","2288"
"30.08.2015 18:00 - 30.08.2015 19:00","2281","2277"
"30.08.2015 19:00 - 30.08.2015 20:00","2166","2182"
"30.08.2015 20:00 - 30.08.2015 21:00","2155","2147"
"30.08.2015 21:00 - 30.08.2015 22:00","2090","2092"
"30.08.2015 22:00 - 30.08.2015 23:00","1909","1927"
"30.08.2015 23:00 - 31.08.2015 00:00","1745","1783"
"31.08.2015 00:00 - 31.08.2015 01:00","1680","1682"
"31.08.2015 01:00 - 31.08.2015 02:00","1636","1636"
"31.08.2015 02:00 - 31.08.2015 03:00","1631","1613"
"31.08.2015 03:00 - 31.08.2015 04:00","1632","1628"
"31.08.2015 04:00 - 31.08.2015 05:00","1666","1668"
"31.08.2015 05:00 - 31.08.2015 06:00","1852","1835"
"31.08.2015 06:00 - 31.08.2015 07:00","2205","2193"
"31.08.2015 07:00 - 31.08.2015 08:00","2518","2532"
"31.08.2015 08:00 - 31.08.2015 09:00","2701","2737"
"31.08.2015 09:00 - 31.08.2015 10:00","2770","2789"
"31.08.2015 10:00 - 31.08.2015 11:00","2856","2852"
"31.08.2015 11:00 - 31.08.2015 12:00","2844","2843"
"31.08.2015 12:00 - 31.08.2015 13:00","2780","2793"
"31.08.2015 13:00 - 31.08.2015 14:00","2800","2788"
"31.08.2015 14:00 - 31.08.2015 15:00","2717","2700"
"31.08.2015 15:00 - 31.08.2015 16:00","2596","2593"
"31.08.2015 16:00 - 31.08.2015 17:00","2572","2587"
"31.08.2015 17:00 - 31.08.2015 18:00","2726","2738"
"31.08.2015 18:00 - 31.08.2015 19:00","2666","2700"
"31.08.2015 19:00 - 31.08.2015 20:00","2580","2605"
"31.08.2015 20:00 - 31.08.2015 21:00","2559","2502"
"31.08.2015 21:00 - 31.08.2015 22:00","2465","2361"
"31.08.2015 22:00 - 31.08.2015 23:00","2263","2158"
"31.08.2015 23:00 - 01.09.2015 00:00","2012","1946"
"01.09.2015 00:00 - 01.09.2015 01:00","1754","1867"
"01.09.2015 01:00 - 01.09.2015 02:00","1755","1797"
"01.09.2015 02:00 - 01.09.2015 03:00","1757","1778"
"01.09.2015 03:00 - 01.09.2015 04:00","1774","1783"
"01.09.2015 04:00 - 01.09.2015 05:00","1819","1833"
"01.09.2015 05:00 - 01.09.2015 06:00","1950","1976"
"01.09.2015 06:00 - 01.09.2015 07:00","2330","2348"
"01.09.2015 07:00 - 01.09.2015 08:00","2678","2670"
"01.09.2015 08:00 - 01.09.2015 09:00","2819","2812"
"01.09.2015 09:00 - 01.09.2015 10:00","2821","2804"
"01.09.2015 10:00 - 01.09.2015 11:00","2857","2858"
"01.09.2015 11:00 - 01.09.2015 12:00","2850","2845"
"01.09.2015 12:00 - 01.09.2015 13:00","2756","2709"
"01.09.2015 13:00 - 01.09.2015 14:00","2771","2760"
"01.09.2015 14:00 - 01.09.2015 15:00","2741","2721"
"01.09.2015 15:00 - 01.09.2015 16:00","2593","2602"
"01.09.2015 16:00 - 01.09.2015 17:00","2554","2580"
"01.09.2015 17:00 - 01.09.2015 18:00","2697","2733"
"01.09.2015 18:00 - 01.09.2015 19:00","2632","2625"
"01.09.2015 19:00 - 01.09.2015 20:00","2479","2468"
"01.09.2015 20:00 - 01.09.2015 21:00","2434","2433"
"01.09.2015 21:00 - 01.09.2015 22:00","2390","2349"
"01.09.2015 22:00 - 01.09.2015 23:00","2188","2190"
"01.09.2015 23:00 - 02.09.2015 00:00","1963","1994"
"02.09.2015 00:00 - 02.09.2015 01:00","1840","1867"
"02.09.2015 01:00 - 02.09.2015 02:00","1791","1822"
"02.09.2015 02:00 - 02.09.2015 03:00","1792","1795"
"02.09.2015 03:00 - 02.09.2015 04:00","1800","1810"
"02.09.2015 04:00 - 02.09.2015 05:00","1842","1831"
"02.09.2015 05:00 - 02.09.2015 06:00","1978","1974"
"02.09.2015 06:00 - 02.09.2015 07:00","2308","2318"
"02.09.2015 07:00 - 02.09.2015 08:00","2653","2661"
"02.09.2015 08:00 - 02.09.2015 09:00","2771","2692"
"02.09.2015 09:00 - 02.09.2015 10:00","2683","2702"
"02.09.2015 10:00 - 02.09.2015 11:00","2781","2792"
"02.09.2015 11:00 - 02.09.2015 12:00","2781","2760"
"02.09.2015 12:00 - 02.09.2015 13:00","2683","2649"
"02.09.2015 13:00 - 02.09.2015 14:00","2715","2753"
"02.09.2015 14:00 - 02.09.2015 15:00","2678","2660"
"02.09.2015 15:00 - 02.09.2015 16:00","2537","2554"
"02.09.2015 16:00 - 02.09.2015 17:00","2517","2519"
"02.09.2015 17:00 - 02.09.2015 18:00","2626","2619"
"02.09.2015 18:00 - 02.09.2015 19:00","2581","2567"
"02.09.2015 19:00 - 02.09.2015 20:00","2431","2424"
"02.09.2015 20:00 - 02.09.2015 21:00","2407","2393"
"02.09.2015 21:00 - 02.09.2015 22:00","2360","2316"
"02.09.2015 22:00 - 02.09.2015 23:00","2172","2105"
"02.09.2015 23:00 - 03.09.2015 00:00","1966","1915"
"03.09.2015 00:00 - 03.09.2015 01:00","1776","1784"
"03.09.2015 01:00 - 03.09.2015 02:00","1732","1733"
"03.09.2015 02:00 - 03.09.2015 03:00","1710","1707"
"03.09.2015 03:00 - 03.09.2015 04:00","1717","1722"
"03.09.2015 04:00 - 03.09.2015 05:00","1765","1762"
"03.09.2015 05:00 - 03.09.2015 06:00","1925","1914"
"03.09.2015 06:00 - 03.09.2015 07:00","2255","2255"
"03.09.2015 07:00 - 03.09.2015 08:00","2590","2590"
"03.09.2015 08:00 - 03.09.2015 09:00","2762","2756"
"03.09.2015 09:00 - 03.09.2015 10:00","2791","2773"
"03.09.2015 10:00 - 03.09.2015 11:00","2804","2808"
"03.09.2015 11:00 - 03.09.2015 12:00","2802","2793"
"03.09.2015 12:00 - 03.09.2015 13:00","2728","2706"
"03.09.2015 13:00 - 03.09.2015 14:00","2740","2732"
"03.09.2015 14:00 - 03.09.2015 15:00","2697","2696"
"03.09.2015 15:00 - 03.09.2015 16:00","2547","2583"
"03.09.2015 16:00 - 03.09.2015 17:00","2555","2598"
"03.09.2015 17:00 - 03.09.2015 18:00","2671","2631"
"03.09.2015 18:00 - 03.09.2015 19:00","2529","2550"
"03.09.2015 19:00 - 03.09.2015 20:00","2441","2437"
"03.09.2015 20:00 - 03.09.2015 21:00","2440","2400"
"03.09.2015 21:00 - 03.09.2015 22:00","2367","2336"
"03.09.2015 22:00 - 03.09.2015 23:00","2184","2137"
"03.09.2015 23:00 - 04.09.2015 00:00","1956","1933"
"04.09.2015 00:00 - 04.09.2015 01:00","1790","1802"
"04.09.2015 01:00 - 04.09.2015 02:00","1732","1752"
"04.09.2015 02:00 - 04.09.2015 03:00","1721","1729"
"04.09.2015 03:00 - 04.09.2015 04:00","1721","1743"
"04.09.2015 04:00 - 04.09.2015 05:00","1761","1767"
"04.09.2015 05:00 - 04.09.2015 06:00","1900","1905"
"04.09.2015 06:00 - 04.09.2015 07:00","2230","2251"
"04.09.2015 07:00 - 04.09.2015 08:00","2562","2539"
"04.09.2015 08:00 - 04.09.2015 09:00","2709","2692"
"04.09.2015 09:00 - 04.09.2015 10:00","2698","2688"
"04.09.2015 10:00 - 04.09.2015 11:00","2747","2758"
"04.09.2015 11:00 - 04.09.2015 12:00","2727","2736"
"04.09.2015 12:00 - 04.09.2015 13:00","2612","2608"
"04.09.2015 13:00 - 04.09.2015 14:00","2543","2538"
"04.09.2015 14:00 - 04.09.2015 15:00","2408","2442"
"04.09.2015 15:00 - 04.09.2015 16:00","2319","2348"
"04.09.2015 16:00 - 04.09.2015 17:00","2298","2359"
"04.09.2015 17:00 - 04.09.2015 18:00","2403","2499"
"04.09.2015 18:00 - 04.09.2015 19:00","2352","2438"
"04.09.2015 19:00 - 04.09.2015 20:00","2215","2297"
"04.09.2015 20:00 - 04.09.2015 21:00","2212","2225"
"04.09.2015 21:00 - 04.09.2015 22:00","2138","2138"
"04.09.2015 22:00 - 04.09.2015 23:00","1983","1980"
"04.09.2015 23:00 - 05.09.2015 00:00","1808","1809"
"05.09.2015 00:00 - 05.09.2015 01:00","1631","1679"
"05.09.2015 01:00 - 05.09.2015 02:00","1582","1602"
"05.09.2015 02:00 - 05.09.2015 03:00","1534","1562"
"05.09.2015 03:00 - 05.09.2015 04:00","1538","1542"
"05.09.2015 04:00 - 05.09.2015 05:00","1535","1544"
"05.09.2015 05:00 - 05.09.2015 06:00","1572","1569"
"05.09.2015 06:00 - 05.09.2015 07:00","1653","1688"
"05.09.2015 07:00 - 05.09.2015 08:00","1839","1841"
"05.09.2015 08:00 - 05.09.2015 09:00","2050","2042"
"05.09.2015 09:00 - 05.09.2015 10:00","2158","2144"
"05.09.2015 10:00 - 05.09.2015 11:00","2157","2154"
"05.09.2015 11:00 - 05.09.2015 12:00","2105","2090"
"05.09.2015 12:00 - 05.09.2015 13:00","2075","2063"
"05.09.2015 13:00 - 05.09.2015 14:00","2042","2039"
"05.09.2015 14:00 - 05.09.2015 15:00","2005","1981"
"05.09.2015 15:00 - 05.09.2015 16:00","1978","1991"
"05.09.2015 16:00 - 05.09.2015 17:00","2018","2007"
"05.09.2015 17:00 - 05.09.2015 18:00","2131","2122"
"05.09.2015 18:00 - 05.09.2015 19:00","2117","2122"
"05.09.2015 19:00 - 05.09.2015 20:00","2004","2018"
"05.09.2015 20:00 - 05.09.2015 21:00","2001","1998"
"05.09.2015 21:00 - 05.09.2015 22:00","1890","1916"
"05.09.2015 22:00 - 05.09.2015 23:00","1761","1796"
"05.09.2015 23:00 - 06.09.2015 00:00","1629","1684"
"06.09.2015 00:00 - 06.09.2015 01:00","1599","1617"
"06.09.2015 01:00 - 06.09.2015 02:00","1560","1555"
"06.09.2015 02:00 - 06.09.2015 03:00","1524","1496"
"06.09.2015 03:00 - 06.09.2015 04:00","1486","1477"
"06.09.2015 04:00 - 06.09.2015 05:00","1479","1486"
"06.09.2015 05:00 - 06.09.2015 06:00","1519","1514"
"06.09.2015 06:00 - 06.09.2015 07:00","1580","1572"
"06.09.2015 07:00 - 06.09.2015 08:00","1688","1710"
"06.09.2015 08:00 - 06.09.2015 09:00","1887","1888"
"06.09.2015 09:00 - 06.09.2015 10:00","2007","1973"
"06.09.2015 10:00 - 06.09.2015 11:00","2035","2011"
"06.09.2015 11:00 - 06.09.2015 12:00","2063","2036"
"06.09.2015 12:00 - 06.09.2015 13:00","2005","2028"
"06.09.2015 13:00 - 06.09.2015 14:00","2001","2008"
"06.09.2015 14:00 - 06.09.2015 15:00","1970","1975"
"06.09.2015 15:00 - 06.09.2015 16:00","1969","1963"
"06.09.2015 16:00 - 06.09.2015 17:00","2017","1995"
"06.09.2015 17:00 - 06.09.2015 18:00","2202","2192"
"06.09.2015 18:00 - 06.09.2015 19:00","2208","2210"
"06.09.2015 19:00 - 06.09.2015 20:00","2132","2107"
"06.09.2015 20:00 - 06.09.2015 21:00","2113","2136"
"06.09.2015 21:00 - 06.09.2015 22:00","2005","2043"
"06.09.2015 22:00 - 06.09.2015 23:00","1849","1874"
"06.09.2015 23:00 - 07.09.2015 00:00","1716","1722"
"07.09.2015 00:00 - 07.09.2015 01:00","1673","1640"
"07.09.2015 01:00 - 07.09.2015 02:00","1607","1582"
"07.09.2015 02:00 - 07.09.2015 03:00","1576","1559"
"07.09.2015 03:00 - 07.09.2015 04:00","1579","1566"
"07.09.2015 04:00 - 07.09.2015 05:00","1642","1591"
"07.09.2015 05:00 - 07.09.2015 06:00","1757","1757"
"07.09.2015 06:00 - 07.09.2015 07:00","2126","2131"
"07.09.2015 07:00 - 07.09.2015 08:00","2476","2465"
"07.09.2015 08:00 - 07.09.2015 09:00","2644","2665"
"07.09.2015 09:00 - 07.09.2015 10:00","2705","2702"
"07.09.2015 10:00 - 07.09.2015 11:00","2742","2730"
"07.09.2015 11:00 - 07.09.2015 12:00","2710","2710"
"07.09.2015 12:00 - 07.09.2015 13:00","2661","2669"
"07.09.2015 13:00 - 07.09.2015 14:00","2691","2692"
"07.09.2015 14:00 - 07.09.2015 15:00","2645","2622"
"07.09.2015 15:00 - 07.09.2015 16:00","2489","2502"
"07.09.2015 16:00 - 07.09.2015 17:00","2476","2480"
"07.09.2015 17:00 - 07.09.2015 18:00","2606","2602"
"07.09.2015 18:00 - 07.09.2015 19:00","2511","2518"
"07.09.2015 19:00 - 07.09.2015 20:00","2417","2390"
"07.09.2015 20:00 - 07.09.2015 21:00","2379","2385"
"07.09.2015 21:00 - 07.09.2015 22:00","2262","2286"
"07.09.2015 22:00 - 07.09.2015 23:00","2081","2068"
"07.09.2015 23:00 - 08.09.2015 00:00","1874","1895"
"08.09.2015 00:00 - 08.09.2015 01:00","1737","1779"
"08.09.2015 01:00 - 08.09.2015 02:00","1722","1708"
"08.09.2015 02:00 - 08.09.2015 03:00","1677","1675"
"08.09.2015 03:00 - 08.09.2015 04:00","1671","1679"
"08.09.2015 04:00 - 08.09.2015 05:00","1715","1720"
"08.09.2015 05:00 - 08.09.2015 06:00","1874","1881"
"08.09.2015 06:00 - 08.09.2015 07:00","2247","2258"
"08.09.2015 07:00 - 08.09.2015 08:00","2588","2598"
"08.09.2015 08:00 - 08.09.2015 09:00","2737","2731"
"08.09.2015 09:00 - 08.09.2015 10:00","2741","2745"
"08.09.2015 10:00 - 08.09.2015 11:00","2719","2720"
"08.09.2015 11:00 - 08.09.2015 12:00","2802","2797"
"08.09.2015 12:00 - 08.09.2015 13:00","2740","2762"
"08.09.2015 13:00 - 08.09.2015 14:00","2778","2792"
"08.09.2015 14:00 - 08.09.2015 15:00","2707","2693"
"08.09.2015 15:00 - 08.09.2015 16:00","2544","2550"
"08.09.2015 16:00 - 08.09.2015 17:00","2512","2525"
"08.09.2015 17:00 - 08.09.2015 18:00","2638","2627"
"08.09.2015 18:00 - 08.09.2015 19:00","2543","2568"
"08.09.2015 19:00 - 08.09.2015 20:00","2447","2458"
"08.09.2015 20:00 - 08.09.2015 21:00","2428","2464"
"08.09.2015 21:00 - 08.09.2015 22:00","2300","2337"
"08.09.2015 22:00 - 08.09.2015 23:00","2092","2133"
"08.09.2015 23:00 - 09.09.2015 00:00","1874","1918"
"09.09.2015 00:00 - 09.09.2015 01:00","1773","1787"
"09.09.2015 01:00 - 09.09.2015 02:00","1724","1739"
"09.09.2015 02:00 - 09.09.2015 03:00","1696","1710"
"09.09.2015 03:00 - 09.09.2015 04:00","1707","1718"
"09.09.2015 04:00 - 09.09.2015 05:00","1768","1753"
"09.09.2015 05:00 - 09.09.2015 06:00","1899","1927"
"09.09.2015 06:00 - 09.09.2015 07:00","2314","2295"
"09.09.2015 07:00 - 09.09.2015 08:00","2614","2659"
"09.09.2015 08:00 - 09.09.2015 09:00","2745","2767"
"09.09.2015 09:00 - 09.09.2015 10:00","2769","2755"
"09.09.2015 10:00 - 09.09.2015 11:00","2808","2820"
"09.09.2015 11:00 - 09.09.2015 12:00","2796","2832"
"09.09.2015 12:00 - 09.09.2015 13:00","2739","2734"
"09.09.2015 13:00 - 09.09.2015 14:00","2737","2742"
"09.09.2015 14:00 - 09.09.2015 15:00","2693","2688"
"09.09.2015 15:00 - 09.09.2015 16:00","2574","2593"
"09.09.2015 16:00 - 09.09.2015 17:00","2543","2545"
"09.09.2015 17:00 - 09.09.2015 18:00","2671","2669"
"09.09.2015 18:00 - 09.09.2015 19:00","2575","2604"
"09.09.2015 19:00 - 09.09.2015 20:00","2496","2485"
"09.09.2015 20:00 - 09.09.2015 21:00","2492","2479"
"09.09.2015 21:00 - 09.09.2015 22:00","2367","2356"
"09.09.2015 22:00 - 09.09.2015 23:00","2174","2150"
"09.09.2015 23:00 - 10.09.2015 00:00","1950","1935"
"10.09.2015 00:00 - 10.09.2015 01:00","1792","1802"
"10.09.2015 01:00 - 10.09.2015 02:00","1728","1725"
"10.09.2015 02:00 - 10.09.2015 03:00","1696","1707"
"10.09.2015 03:00 - 10.09.2015 04:00","1696","1697"
"10.09.2015 04:00 - 10.09.2015 05:00","1734","1718"
"10.09.2015 05:00 - 10.09.2015 06:00","1887","1889"
"10.09.2015 06:00 - 10.09.2015 07:00","2277","2285"
"10.09.2015 07:00 - 10.09.2015 08:00","2606","2624"
"10.09.2015 08:00 - 10.09.2015 09:00","2724","2730"
"10.09.2015 09:00 - 10.09.2015 10:00","2738","2728"
"10.09.2015 10:00 - 10.09.2015 11:00","2784","2772"
"10.09.2015 11:00 - 10.09.2015 12:00","2772","2783"
"10.09.2015 12:00 - 10.09.2015 13:00","2725","2719"
"10.09.2015 13:00 - 10.09.2015 14:00","2745","2729"
"10.09.2015 14:00 - 10.09.2015 15:00","2661","2670"
"10.09.2015 15:00 - 10.09.2015 16:00","2546","2546"
"10.09.2015 16:00 - 10.09.2015 17:00","2497","2522"
"10.09.2015 17:00 - 10.09.2015 18:00","2632","2629"
"10.09.2015 18:00 - 10.09.2015 19:00","2545","2555"
"10.09.2015 19:00 - 10.09.2015 20:00","2437","2440"
"10.09.2015 20:00 - 10.09.2015 21:00","2455","2451"
"10.09.2015 21:00 - 10.09.2015 22:00","2346","2314"
"10.09.2015 22:00 - 10.09.2015 23:00","2151","2096"
"10.09.2015 23:00 - 11.09.2015 00:00","1922","1907"
"11.09.2015 00:00 - 11.09.2015 01:00","1769","1793"
"11.09.2015 01:00 - 11.09.2015 02:00","1727","1734"
"11.09.2015 02:00 - 11.09.2015 03:00","1719","1683"
"11.09.2015 03:00 - 11.09.2015 04:00","1715","1687"
"11.09.2015 04:00 - 11.09.2015 05:00","1749","1731"
"11.09.2015 05:00 - 11.09.2015 06:00","1881","1885"
"11.09.2015 06:00 - 11.09.2015 07:00","2244","2257"
"11.09.2015 07:00 - 11.09.2015 08:00","2577","2565"
"11.09.2015 08:00 - 11.09.2015 09:00","2691","2674"
"11.09.2015 09:00 - 11.09.2015 10:00","2687","2702"
"11.09.2015 10:00 - 11.09.2015 11:00","2743","2734"
"11.09.2015 11:00 - 11.09.2015 12:00","2672","2695"
"11.09.2015 12:00 - 11.09.2015 13:00","2582","2591"
"11.09.2015 13:00 - 11.09.2015 14:00","2502","2504"
"11.09.2015 14:00 - 11.09.2015 15:00","2458","2463"
"11.09.2015 15:00 - 11.09.2015 16:00","2377","2379"
"11.09.2015 16:00 - 11.09.2015 17:00","2354","2364"
"11.09.2015 17:00 - 11.09.2015 18:00","2489","2474"
"11.09.2015 18:00 - 11.09.2015 19:00","2432","2415"
"11.09.2015 19:00 - 11.09.2015 20:00","2287","2278"
"11.09.2015 20:00 - 11.09.2015 21:00","2250","2190"
"11.09.2015 21:00 - 11.09.2015 22:00","2080","2067"
"11.09.2015 22:00 - 11.09.2015 23:00","1941","1940"
"11.09.2015 23:00 - 12.09.2015 00:00","1776","1796"
"12.09.2015 00:00 - 12.09.2015 01:00","1625","1676"
"12.09.2015 01:00 - 12.09.2015 02:00","1577","1594"
"12.09.2015 02:00 - 12.09.2015 03:00","1546","1547"
"12.09.2015 03:00 - 12.09.2015 04:00","1521","1520"
"12.09.2015 04:00 - 12.09.2015 05:00","1521","1525"
"12.09.2015 05:00 - 12.09.2015 06:00","1564","1576"
"12.09.2015 06:00 - 12.09.2015 07:00","1673","1687"
"12.09.2015 07:00 - 12.09.2015 08:00","1824","1831"
"12.09.2015 08:00 - 12.09.2015 09:00","2009","2043"
"12.09.2015 09:00 - 12.09.2015 10:00","2132","2155"
"12.09.2015 10:00 - 12.09.2015 11:00","2189","2179"
"12.09.2015 11:00 - 12.09.2015 12:00","2174","2117"
"12.09.2015 12:00 - 12.09.2015 13:00","2048","2037"
"12.09.2015 13:00 - 12.09.2015 14:00","2011","2031"
"12.09.2015 14:00 - 12.09.2015 15:00","1999","2019"
"12.09.2015 15:00 - 12.09.2015 16:00","1982","1980"
"12.09.2015 16:00 - 12.09.2015 17:00","2008","2007"
"12.09.2015 17:00 - 12.09.2015 18:00","2163","2151"
"12.09.2015 18:00 - 12.09.2015 19:00","2147","2188"
"12.09.2015 19:00 - 12.09.2015 20:00","2058","2069"
"12.09.2015 20:00 - 12.09.2015 21:00","2055","2076"
"12.09.2015 21:00 - 12.09.2015 22:00","1949","1964"
"12.09.2015 22:00 - 12.09.2015 23:00","1809","1823"
"12.09.2015 23:00 - 13.09.2015 00:00","1669","1689"
"13.09.2015 00:00 - 13.09.2015 01:00","1559","1588"
"13.09.2015 01:00 - 13.09.2015 02:00","1518","1543"
"13.09.2015 02:00 - 13.09.2015 03:00","1502","1521"
"13.09.2015 03:00 - 13.09.2015 04:00","1496","1509"
"13.09.2015 04:00 - 13.09.2015 05:00","1495","1487"
"13.09.2015 05:00 - 13.09.2015 06:00","1520","1537"
"13.09.2015 06:00 - 13.09.2015 07:00","1631","1655"
"13.09.2015 07:00 - 13.09.2015 08:00","1758","1765"
"13.09.2015 08:00 - 13.09.2015 09:00","1947","1962"
"13.09.2015 09:00 - 13.09.2015 10:00","2061","2086"
"13.09.2015 10:00 - 13.09.2015 11:00","2115","2108"
"13.09.2015 11:00 - 13.09.2015 12:00","2125","2139"
"13.09.2015 12:00 - 13.09.2015 13:00","2111","2122"
"13.09.2015 13:00 - 13.09.2015 14:00","2089","2090"
"13.09.2015 14:00 - 13.09.2015 15:00","2076","2069"
"13.09.2015 15:00 - 13.09.2015 16:00","2064","2039"
"13.09.2015 16:00 - 13.09.2015 17:00","2117","2107"
"13.09.2015 17:00 - 13.09.2015 18:00","2324","2331"
"13.09.2015 18:00 - 13.09.2015 19:00","2330","2308"
"13.09.2015 19:00 - 13.09.2015 20:00","2243","2206"
"13.09.2015 20:00 - 13.09.2015 21:00","2172","2183"
"13.09.2015 21:00 - 13.09.2015 22:00","2034","2038"
"13.09.2015 22:00 - 13.09.2015 23:00","1868","1893"
"13.09.2015 23:00 - 14.09.2015 00:00","1711","1757"
"14.09.2015 00:00 - 14.09.2015 01:00","1664","1672"
"14.09.2015 01:00 - 14.09.2015 02:00","1619","1618"
"14.09.2015 02:00 - 14.09.2015 03:00","1610","1605"
"14.09.2015 03:00 - 14.09.2015 04:00","1628","1596"
"14.09.2015 04:00 - 14.09.2015 05:00","1660","1622"
"14.09.2015 05:00 - 14.09.2015 06:00","1802","1793"
"14.09.2015 06:00 - 14.09.2015 07:00","2210","2228"
"14.09.2015 07:00 - 14.09.2015 08:00","2578","2574"
"14.09.2015 08:00 - 14.09.2015 09:00","2702","2709"
"14.09.2015 09:00 - 14.09.2015 10:00","2738","2774"
"14.09.2015 10:00 - 14.09.2015 11:00","2823","2816"
"14.09.2015 11:00 - 14.09.2015 12:00","2802","2816"
"14.09.2015 12:00 - 14.09.2015 13:00","2742","2788"
"14.09.2015 13:00 - 14.09.2015 14:00","2805","2802"
"14.09.2015 14:00 - 14.09.2015 15:00","2738","2737"
"14.09.2015 15:00 - 14.09.2015 16:00","2640","2649"
"14.09.2015 16:00 - 14.09.2015 17:00","2665","2665"
"14.09.2015 17:00 - 14.09.2015 18:00","2824","2843"
"14.09.2015 18:00 - 14.09.2015 19:00","2731","2761"
"14.09.2015 19:00 - 14.09.2015 20:00","2650","2681"
"14.09.2015 20:00 - 14.09.2015 21:00","2577","2534"
"14.09.2015 21:00 - 14.09.2015 22:00","2424","2343"
"14.09.2015 22:00 - 14.09.2015 23:00","2200","2146"
"14.09.2015 23:00 - 15.09.2015 00:00","1950","1953"
"15.09.2015 00:00 - 15.09.2015 01:00","1795","1845"
"15.09.2015 01:00 - 15.09.2015 02:00","1770","1774"
"15.09.2015 02:00 - 15.09.2015 03:00","1735","1773"
"15.09.2015 03:00 - 15.09.2015 04:00","1774","1783"
"15.09.2015 04:00 - 15.09.2015 05:00","1809","1823"
"15.09.2015 05:00 - 15.09.2015 06:00","1964","1969"
"15.09.2015 06:00 - 15.09.2015 07:00","2370","2397"
"15.09.2015 07:00 - 15.09.2015 08:00","2719","2696"
"15.09.2015 08:00 - 15.09.2015 09:00","2788","2756"
"15.09.2015 09:00 - 15.09.2015 10:00","2756","2760"
"15.09.2015 10:00 - 15.09.2015 11:00","2817","2807"
"15.09.2015 11:00 - 15.09.2015 12:00","2820","2824"
"15.09.2015 12:00 - 15.09.2015 13:00","2710","2676"
"15.09.2015 13:00 - 15.09.2015 14:00","2713","2714"
"15.09.2015 14:00 - 15.09.2015 15:00","2672","2697"
"15.09.2015 15:00 - 15.09.2015 16:00","2555","2590"
"15.09.2015 16:00 - 15.09.2015 17:00","2543","2575"
"15.09.2015 17:00 - 15.09.2015 18:00","2679","2690"
"15.09.2015 18:00 - 15.09.2015 19:00","2641","2636"
"15.09.2015 19:00 - 15.09.2015 20:00","2496","2498"
"15.09.2015 20:00 - 15.09.2015 21:00","2468","2467"
"15.09.2015 21:00 - 15.09.2015 22:00","2317","2323"
"15.09.2015 22:00 - 15.09.2015 23:00","2108","2089"
"15.09.2015 23:00 - 16.09.2015 00:00","1891","1901"
"16.09.2015 00:00 - 16.09.2015 01:00","1784","1768"
"16.09.2015 01:00 - 16.09.2015 02:00","1703","1701"
"16.09.2015 02:00 - 16.09.2015 03:00","1684","1706"
"16.09.2015 03:00 - 16.09.2015 04:00","1713","1712"
"16.09.2015 04:00 - 16.09.2015 05:00","1750","1731"
"16.09.2015 05:00 - 16.09.2015 06:00","1893","1885"
"16.09.2015 06:00 - 16.09.2015 07:00","2270","2278"
"16.09.2015 07:00 - 16.09.2015 08:00","2629","2600"
"16.09.2015 08:00 - 16.09.2015 09:00","2758","2738"
"16.09.2015 09:00 - 16.09.2015 10:00","2743","2732"
"16.09.2015 10:00 - 16.09.2015 11:00","2788","2784"
"16.09.2015 11:00 - 16.09.2015 12:00","2768","2777"
"16.09.2015 12:00 - 16.09.2015 13:00","2722","2724"
"16.09.2015 13:00 - 16.09.2015 14:00","2752","2717"
"16.09.2015 14:00 - 16.09.2015 15:00","2660","2672"
"16.09.2015 15:00 - 16.09.2015 16:00","2560","2570"
"16.09.2015 16:00 - 16.09.2015 17:00","2534","2566"
"16.09.2015 17:00 - 16.09.2015 18:00","2716","2735"
"16.09.2015 18:00 - 16.09.2015 19:00","2633","2634"
"16.09.2015 19:00 - 16.09.2015 20:00","2571","2537"
"16.09.2015 20:00 - 16.09.2015 21:00","2504","2484"
"16.09.2015 21:00 - 16.09.2015 22:00","2344","2342"
"16.09.2015 22:00 - 16.09.2015 23:00","2150","2129"
"16.09.2015 23:00 - 17.09.2015 00:00","1936","1951"
"17.09.2015 00:00 - 17.09.2015 01:00","1810","1801"
"17.09.2015 01:00 - 17.09.2015 02:00","1751","1755"
"17.09.2015 02:00 - 17.09.2015 03:00","1723","1737"
"17.09.2015 03:00 - 17.09.2015 04:00","1743","1712"
"17.09.2015 04:00 - 17.09.2015 05:00","1734","1714"
"17.09.2015 05:00 - 17.09.2015 06:00","1860","1854"
"17.09.2015 06:00 - 17.09.2015 07:00","2257","2253"
"17.09.2015 07:00 - 17.09.2015 08:00","2611","2606"
"17.09.2015 08:00 - 17.09.2015 09:00","2720","2710"
"17.09.2015 09:00 - 17.09.2015 10:00","2704","2709"
"17.09.2015 10:00 - 17.09.2015 11:00","2778","2758"
"17.09.2015 11:00 - 17.09.2015 12:00","2752","2761"
"17.09.2015 12:00 - 17.09.2015 13:00","2694","2671"
"17.09.2015 13:00 - 17.09.2015 14:00","2754","2771"
"17.09.2015 14:00 - 17.09.2015 15:00","2691","2657"
"17.09.2015 15:00 - 17.09.2015 16:00","2546","2578"
"17.09.2015 16:00 - 17.09.2015 17:00","2555","2588"
"17.09.2015 17:00 - 17.09.2015 18:00","2703","2727"
"17.09.2015 18:00 - 17.09.2015 19:00","2621","2645"
"17.09.2015 19:00 - 17.09.2015 20:00","2564","2580"
"17.09.2015 20:00 - 17.09.2015 21:00","2550","2527"
"17.09.2015 21:00 - 17.09.2015 22:00","2377","2353"
"17.09.2015 22:00 - 17.09.2015 23:00","2163","2137"
"17.09.2015 23:00 - 18.09.2015 00:00","1932","1955"
"18.09.2015 00:00 - 18.09.2015 01:00","1806","1835"
"18.09.2015 01:00 - 18.09.2015 02:00","1763","1776"
"18.09.2015 02:00 - 18.09.2015 03:00","1755","1764"
"18.09.2015 03:00 - 18.09.2015 04:00","1755","1780"
"18.09.2015 04:00 - 18.09.2015 05:00","1806","1815"
"18.09.2015 05:00 - 18.09.2015 06:00","1941","1954"
"18.09.2015 06:00 - 18.09.2015 07:00","2339","2371"
"18.09.2015 07:00 - 18.09.2015 08:00","2688","2664"
"18.09.2015 08:00 - 18.09.2015 09:00","2768","2748"
"18.09.2015 09:00 - 18.09.2015 10:00","2744","2749"
"18.09.2015 10:00 - 18.09.2015 11:00","2773","2787"
"18.09.2015 11:00 - 18.09.2015 12:00","2757","2771"
"18.09.2015 12:00 - 18.09.2015 13:00","2663","2664"
"18.09.2015 13:00 - 18.09.2015 14:00","2557","2541"
"18.09.2015 14:00 - 18.09.2015 15:00","2415","2437"
"18.09.2015 15:00 - 18.09.2015 16:00","2322","2322"
"18.09.2015 16:00 - 18.09.2015 17:00","2312","2303"
"18.09.2015 17:00 - 18.09.2015 18:00","2433","2422"
"18.09.2015 18:00 - 18.09.2015 19:00","2391","2410"
"18.09.2015 19:00 - 18.09.2015 20:00","2330","2295"
"18.09.2015 20:00 - 18.09.2015 21:00","2280","2269"
"18.09.2015 21:00 - 18.09.2015 22:00","2129","2110"
"18.09.2015 22:00 - 18.09.2015 23:00","1987","1939"
"18.09.2015 23:00 - 19.09.2015 00:00","1808","1772"
"19.09.2015 00:00 - 19.09.2015 01:00","1628","1666"
"19.09.2015 01:00 - 19.09.2015 02:00","1577","1591"
"19.09.2015 02:00 - 19.09.2015 03:00","1547","1560"
"19.09.2015 03:00 - 19.09.2015 04:00","1528","1536"
"19.09.2015 04:00 - 19.09.2015 05:00","1532","1543"
"19.09.2015 05:00 - 19.09.2015 06:00","1579","1575"
"19.09.2015 06:00 - 19.09.2015 07:00","1706","1686"
"19.09.2015 07:00 - 19.09.2015 08:00","1836","1831"
"19.09.2015 08:00 - 19.09.2015 09:00","2026","2026"
"19.09.2015 09:00 - 19.09.2015 10:00","2132","2109"
"19.09.2015 10:00 - 19.09.2015 11:00","2156","2154"
"19.09.2015 11:00 - 19.09.2015 12:00","2145","2144"
"19.09.2015 12:00 - 19.09.2015 13:00","2093","2105"
"19.09.2015 13:00 - 19.09.2015 14:00","2048","2038"
"19.09.2015 14:00 - 19.09.2015 15:00","1981","2000"
"19.09.2015 15:00 - 19.09.2015 16:00","1965","1984"
"19.09.2015 16:00 - 19.09.2015 17:00","2023","2015"
"19.09.2015 17:00 - 19.09.2015 18:00","2169","2175"
"19.09.2015 18:00 - 19.09.2015 19:00","2172","2180"
"19.09.2015 19:00 - 19.09.2015 20:00","2115","2103"
"19.09.2015 20:00 - 19.09.2015 21:00","2087","2091"
"19.09.2015 21:00 - 19.09.2015 22:00","1958","1951"
"19.09.2015 22:00 - 19.09.2015 23:00","1817","1813"
"19.09.2015 23:00 - 20.09.2015 00:00","1672","1696"
"20.09.2015 00:00 - 20.09.2015 01:00","1577","1602"
"20.09.2015 01:00 - 20.09.2015 02:00","1529","1528"
"20.09.2015 02:00 - 20.09.2015 03:00","1485","1483"
"20.09.2015 03:00 - 20.09.2015 04:00","1465","1459"
"20.09.2015 04:00 - 20.09.2015 05:00","1463","1482"
"20.09.2015 05:00 - 20.09.2015 06:00","1495","1518"
"20.09.2015 06:00 - 20.09.2015 07:00","1599","1635"
"20.09.2015 07:00 - 20.09.2015 08:00","1729","1730"
"20.09.2015 08:00 - 20.09.2015 09:00","1901","1896"
"20.09.2015 09:00 - 20.09.2015 10:00","1996","1982"
"20.09.2015 10:00 - 20.09.2015 11:00","2034","2004"
"20.09.2015 11:00 - 20.09.2015 12:00","2036","2009"
"20.09.2015 12:00 - 20.09.2015 13:00","2013","1998"
"20.09.2015 13:00 - 20.09.2015 14:00","1988","1965"
"20.09.2015 14:00 - 20.09.2015 15:00","1972","1958"
"20.09.2015 15:00 - 20.09.2015 16:00","1942","1943"
"20.09.2015 16:00 - 20.09.2015 17:00","2009","2017"
"20.09.2015 17:00 - 20.09.2015 18:00","2215","2211"
"20.09.2015 18:00 - 20.09.2015 19:00","2239","2255"
"20.09.2015 19:00 - 20.09.2015 20:00","2200","2196"
"20.09.2015 20:00 - 20.09.2015 21:00","2171","2206"
"20.09.2015 21:00 - 20.09.2015 22:00","2058","2040"
"20.09.2015 22:00 - 20.09.2015 23:00","1890","1869"
"20.09.2015 23:00 - 21.09.2015 00:00","1731","1732"
"21.09.2015 00:00 - 21.09.2015 01:00","1633","1617"
"21.09.2015 01:00 - 21.09.2015 02:00","1582","1587"
"21.09.2015 02:00 - 21.09.2015 03:00","1574","1554"
"21.09.2015 03:00 - 21.09.2015 04:00","1583","1568"
"21.09.2015 04:00 - 21.09.2015 05:00","1626","1619"
"21.09.2015 05:00 - 21.09.2015 06:00","1795","1801"
"21.09.2015 06:00 - 21.09.2015 07:00","2224","2235"
"21.09.2015 07:00 - 21.09.2015 08:00","2566","2557"
"21.09.2015 08:00 - 21.09.2015 09:00","2688","2693"
"21.09.2015 09:00 - 21.09.2015 10:00","2713","2702"
"21.09.2015 10:00 - 21.09.2015 11:00","2774","2761"
"21.09.2015 11:00 - 21.09.2015 12:00","2760","2769"
"21.09.2015 12:00 - 21.09.2015 13:00","2704","2710"
"21.09.2015 13:00 - 21.09.2015 14:00","2745","2730"
"21.09.2015 14:00 - 21.09.2015 15:00","2660","2689"
"21.09.2015 15:00 - 21.09.2015 16:00","2543","2577"
"21.09.2015 16:00 - 21.09.2015 17:00","2567","2584"
"21.09.2015 17:00 - 21.09.2015 18:00","2729","2752"
"21.09.2015 18:00 - 21.09.2015 19:00","2662","2686"
"21.09.2015 19:00 - 21.09.2015 20:00","2623","2605"
"21.09.2015 20:00 - 21.09.2015 21:00","2502","2478"
"21.09.2015 21:00 - 21.09.2015 22:00","2296","2317"
"21.09.2015 22:00 - 21.09.2015 23:00","2083","2114"
"21.09.2015 23:00 - 22.09.2015 00:00","1863","1916"
"22.09.2015 00:00 - 22.09.2015 01:00","1775","1788"
"22.09.2015 01:00 - 22.09.2015 02:00","1712","1710"
"22.09.2015 02:00 - 22.09.2015 03:00","1672","1682"
"22.09.2015 03:00 - 22.09.2015 04:00","1684","1689"
"22.09.2015 04:00 - 22.09.2015 05:00","1730","1727"
"22.09.2015 05:00 - 22.09.2015 06:00","1894","1886"
"22.09.2015 06:00 - 22.09.2015 07:00","2308","2302"
"22.09.2015 07:00 - 22.09.2015 08:00","2653","2670"
"22.09.2015 08:00 - 22.09.2015 09:00","2769","2772"
"22.09.2015 09:00 - 22.09.2015 10:00","2783","2781"
"22.09.2015 10:00 - 22.09.2015 11:00","2814","2827"
"22.09.2015 11:00 - 22.09.2015 12:00","2829","2838"
"22.09.2015 12:00 - 22.09.2015 13:00","2766","2779"
"22.09.2015 13:00 - 22.09.2015 14:00","2787","2767"
"22.09.2015 14:00 - 22.09.2015 15:00","2694","2723"
"22.09.2015 15:00 - 22.09.2015 16:00","2583","2626"
"22.09.2015 16:00 - 22.09.2015 17:00","2582","2599"
"22.09.2015 17:00 - 22.09.2015 18:00","2746","2754"
"22.09.2015 18:00 - 22.09.2015 19:00","2653","2631"
"22.09.2015 19:00 - 22.09.2015 20:00","2595","2586"
"22.09.2015 20:00 - 22.09.2015 21:00","2507","2499"
"22.09.2015 21:00 - 22.09.2015 22:00","2329","2320"
"22.09.2015 22:00 - 22.09.2015 23:00","2120","2112"
"22.09.2015 23:00 - 23.09.2015 00:00","1904","1911"
"23.09.2015 00:00 - 23.09.2015 01:00","1783","1772"
"23.09.2015 01:00 - 23.09.2015 02:00","1702","1712"
"23.09.2015 02:00 - 23.09.2015 03:00","1677","1689"
"23.09.2015 03:00 - 23.09.2015 04:00","1692","1703"
"23.09.2015 04:00 - 23.09.2015 05:00","1743","1738"
"23.09.2015 05:00 - 23.09.2015 06:00","1901","1896"
"23.09.2015 06:00 - 23.09.2015 07:00","2323","2333"
"23.09.2015 07:00 - 23.09.2015 08:00","2689","2693"
"23.09.2015 08:00 - 23.09.2015 09:00","2796","2809"
"23.09.2015 09:00 - 23.09.2015 10:00","2814","2802"
"23.09.2015 10:00 - 23.09.2015 11:00","2849","2845"
"23.09.2015 11:00 - 23.09.2015 12:00","2836","2824"
"23.09.2015 12:00 - 23.09.2015 13:00","2745","2740"
"23.09.2015 13:00 - 23.09.2015 14:00","2743","2748"
"23.09.2015 14:00 - 23.09.2015 15:00","2676","2664"
"23.09.2015 15:00 - 23.09.2015 16:00","2553","2552"
"23.09.2015 16:00 - 23.09.2015 17:00","2524","2514"
"23.09.2015 17:00 - 23.09.2015 18:00","2659","2670"
"23.09.2015 18:00 - 23.09.2015 19:00","2592","2630"
"23.09.2015 19:00 - 23.09.2015 20:00","2587","2599"
"23.09.2015 20:00 - 23.09.2015 21:00","2514","2503"
"23.09.2015 21:00 - 23.09.2015 22:00","2339","2294"
"23.09.2015 22:00 - 23.09.2015 23:00","2128","2074"
"23.09.2015 23:00 - 24.09.2015 00:00","1908","1871"
"24.09.2015 00:00 - 24.09.2015 01:00","1737","1750"
"24.09.2015 01:00 - 24.09.2015 02:00","1684","1697"
"24.09.2015 02:00 - 24.09.2015 03:00","1662","1679"
"24.09.2015 03:00 - 24.09.2015 04:00","1672","1672"
"24.09.2015 04:00 - 24.09.2015 05:00","1714","1716"
"24.09.2015 05:00 - 24.09.2015 06:00","1864","1870"
"24.09.2015 06:00 - 24.09.2015 07:00","2269","2274"
"24.09.2015 07:00 - 24.09.2015 08:00","2635","2658"
"24.09.2015 08:00 - 24.09.2015 09:00","2762","2767"
"24.09.2015 09:00 - 24.09.2015 10:00","2775","2759"
"24.09.2015 10:00 - 24.09.2015 11:00","2817","2812"
"24.09.2015 11:00 - 24.09.2015 12:00","2815","2823"
"24.09.2015 12:00 - 24.09.2015 13:00","2740","2731"
"24.09.2015 13:00 - 24.09.2015 14:00","2749","2714"
"24.09.2015 14:00 - 24.09.2015 15:00","2674","2689"
"24.09.2015 15:00 - 24.09.2015 16:00","2571","2543"
"24.09.2015 16:00 - 24.09.2015 17:00","2507","2526"
"24.09.2015 17:00 - 24.09.2015 18:00","2662","2711"
"24.09.2015 18:00 - 24.09.2015 19:00","2639","2693"
"24.09.2015 19:00 - 24.09.2015 20:00","2655","2643"
"24.09.2015 20:00 - 24.09.2015 21:00","2549","2541"
"24.09.2015 21:00 - 24.09.2015 22:00","2361","2369"
"24.09.2015 22:00 - 24.09.2015 23:00","2147","2101"
"24.09.2015 23:00 - 25.09.2015 00:00","1913","1891"
"25.09.2015 00:00 - 25.09.2015 01:00","1747","1759"
"25.09.2015 01:00 - 25.09.2015 02:00","1694","1690"
"25.09.2015 02:00 - 25.09.2015 03:00","1667","1668"
"25.09.2015 03:00 - 25.09.2015 04:00","1665","1664"
"25.09.2015 04:00 - 25.09.2015 05:00","1710","1694"
"25.09.2015 05:00 - 25.09.2015 06:00","1864","1832"
"25.09.2015 06:00 - 25.09.2015 07:00","2246","2271"
"25.09.2015 07:00 - 25.09.2015 08:00","2612","2622"
"25.09.2015 08:00 - 25.09.2015 09:00","2724","2729"
"25.09.2015 09:00 - 25.09.2015 10:00","2710","2733"
"25.09.2015 10:00 - 25.09.2015 11:00","2753","2757"
"25.09.2015 11:00 - 25.09.2015 12:00","2729","2714"
"25.09.2015 12:00 - 25.09.2015 13:00","2596","2612"
"25.09.2015 13:00 - 25.09.2015 14:00","2567","2634"
"25.09.2015 14:00 - 25.09.2015 15:00","2511","2532"
"25.09.2015 15:00 - 25.09.2015 16:00","2385","2357"
"25.09.2015 16:00 - 25.09.2015 17:00","2379","2396"
"25.09.2015 17:00 - 25.09.2015 18:00","2542","2735"
"25.09.2015 18:00 - 25.09.2015 19:00","2427","2468"
"25.09.2015 19:00 - 25.09.2015 20:00","2294","2298"
"25.09.2015 20:00 - 25.09.2015 21:00","2202","2198"
"25.09.2015 21:00 - 25.09.2015 22:00","2058","2034"
"25.09.2015 22:00 - 25.09.2015 23:00","1919","1885"
"25.09.2015 23:00 - 26.09.2015 00:00","1764","1726"
"26.09.2015 00:00 - 26.09.2015 01:00","1611","1612"
"26.09.2015 01:00 - 26.09.2015 02:00","1535","1522"
"26.09.2015 02:00 - 26.09.2015 03:00","1479","1478"
"26.09.2015 03:00 - 26.09.2015 04:00","1469","1456"
"26.09.2015 04:00 - 26.09.2015 05:00","1482","1465"
"26.09.2015 05:00 - 26.09.2015 06:00","1515","1520"
"26.09.2015 06:00 - 26.09.2015 07:00","1672","1662"
"26.09.2015 07:00 - 26.09.2015 08:00","1830","1816"
"26.09.2015 08:00 - 26.09.2015 09:00","2000","2008"
"26.09.2015 09:00 - 26.09.2015 10:00","2107","2088"
"26.09.2015 10:00 - 26.09.2015 11:00","2133","2120"
"26.09.2015 11:00 - 26.09.2015 12:00","2095","2106"
"26.09.2015 12:00 - 26.09.2015 13:00","2034","2023"
"26.09.2015 13:00 - 26.09.2015 14:00","1994","1975"
"26.09.2015 14:00 - 26.09.2015 15:00","1927","1917"
"26.09.2015 15:00 - 26.09.2015 16:00","1905","1889"
"26.09.2015 16:00 - 26.09.2015 17:00","1941","1943"
"26.09.2015 17:00 - 26.09.2015 18:00","2126","2143"
"26.09.2015 18:00 - 26.09.2015 19:00","2147","2143"
"26.09.2015 19:00 - 26.09.2015 20:00","2088","2101"
"26.09.2015 20:00 - 26.09.2015 21:00","2007","2017"
"26.09.2015 21:00 - 26.09.2015 22:00","1886","1890"
"26.09.2015 22:00 - 26.09.2015 23:00","1747","1773"
"26.09.2015 23:00 - 27.09.2015 00:00","1615","1642"
"27.09.2015 00:00 - 27.09.2015 01:00","1534","1533"
"27.09.2015 01:00 - 27.09.2015 02:00","1465","1455"
"27.09.2015 02:00 - 27.09.2015 03:00","1426","1425"
"27.09.2015 03:00 - 27.09.2015 04:00","1417","1417"
"27.09.2015 04:00 - 27.09.2015 05:00","1432","1433"
"27.09.2015 05:00 - 27.09.2015 06:00","1470","1464"
"27.09.2015 06:00 - 27.09.2015 07:00","1572","1561"
"27.09.2015 07:00 - 27.09.2015 08:00","1677","1664"
"27.09.2015 08:00 - 27.09.2015 09:00","1846","1846"
"27.09.2015 09:00 - 27.09.2015 10:00","1959","1955"
"27.09.2015 10:00 - 27.09.2015 11:00","2005","1987"
"27.09.2015 11:00 - 27.09.2015 12:00","2009","1995"
"27.09.2015 12:00 - 27.09.2015 13:00","1984","1979"
"27.09.2015 13:00 - 27.09.2015 14:00","1975","1947"
"27.09.2015 14:00 - 27.09.2015 15:00","1946","1922"
"27.09.2015 15:00 - 27.09.2015 16:00","1920","1924"
"27.09.2015 16:00 - 27.09.2015 17:00","1978","1970"
"27.09.2015 17:00 - 27.09.2015 18:00","2182","2196"
"27.09.2015 18:00 - 27.09.2015 19:00","2230","2237"
"27.09.2015 19:00 - 27.09.2015 20:00","2235","2236"
"27.09.2015 20:00 - 27.09.2015 21:00","2149","2151"
"27.09.2015 21:00 - 27.09.2015 22:00","2008","1993"
"27.09.2015 22:00 - 27.09.2015 23:00","1832","1818"
"27.09.2015 23:00 - 28.09.2015 00:00","1672","1678"
"28.09.2015 00:00 - 28.09.2015 01:00","1584","1587"
"28.09.2015 01:00 - 28.09.2015 02:00","1537","1535"
"28.09.2015 02:00 - 28.09.2015 03:00","1524","1526"
"28.09.2015 03:00 - 28.09.2015 04:00","1533","1535"
"28.09.2015 04:00 - 28.09.2015 05:00","1589","1580"
"28.09.2015 05:00 - 28.09.2015 06:00","1761","1746"
"28.09.2015 06:00 - 28.09.2015 07:00","2235","2215"
"28.09.2015 07:00 - 28.09.2015 08:00","2611","2577"
"28.09.2015 08:00 - 28.09.2015 09:00","2708","2714"
"28.09.2015 09:00 - 28.09.2015 10:00","2729","2732"
"28.09.2015 10:00 - 28.09.2015 11:00","2802","2780"
"28.09.2015 11:00 - 28.09.2015 12:00","2760","2749"
"28.09.2015 12:00 - 28.09.2015 13:00","2677","2683"
"28.09.2015 13:00 - 28.09.2015 14:00","2727","2697"
"28.09.2015 14:00 - 28.09.2015 15:00","2673","2633"
"28.09.2015 15:00 - 28.09.2015 16:00","2520","2514"
"28.09.2015 16:00 - 28.09.2015 17:00","2471","2472"
"28.09.2015 17:00 - 28.09.2015 18:00","2623","2613"
"28.09.2015 18:00 - 28.09.2015 19:00","2562","2548"
"28.09.2015 19:00 - 28.09.2015 20:00","2543","2542"
"28.09.2015 20:00 - 28.09.2015 21:00","2402","2417"
"28.09.2015 21:00 - 28.09.2015 22:00","2216","2230"
"28.09.2015 22:00 - 28.09.2015 23:00","2003","2014"
"28.09.2015 23:00 - 29.09.2015 00:00","1793","1797"
"29.09.2015 00:00 - 29.09.2015 01:00","1726","1685"
"29.09.2015 01:00 - 29.09.2015 02:00","1624","1628"
"29.09.2015 02:00 - 29.09.2015 03:00","1610","1611"
"29.09.2015 03:00 - 29.09.2015 04:00","1627","1630"
"29.09.2015 04:00 - 29.09.2015 05:00","1679","1679"
"29.09.2015 05:00 - 29.09.2015 06:00","1845","1838"
"29.09.2015 06:00 - 29.09.2015 07:00","2293","2316"
"29.09.2015 07:00 - 29.09.2015 08:00","2672","2664"
"29.09.2015 08:00 - 29.09.2015 09:00","2775","2766"
"29.09.2015 09:00 - 29.09.2015 10:00","2762","2760"
"29.09.2015 10:00 - 29.09.2015 11:00","2801","2798"
"29.09.2015 11:00 - 29.09.2015 12:00","2789","2786"
"29.09.2015 12:00 - 29.09.2015 13:00","2727","2787"
"29.09.2015 13:00 - 29.09.2015 14:00","2713","2721"
"29.09.2015 14:00 - 29.09.2015 15:00","2664","2670"
"29.09.2015 15:00 - 29.09.2015 16:00","2552","2545"
"29.09.2015 16:00 - 29.09.2015 17:00","2524","2511"
"29.09.2015 17:00 - 29.09.2015 18:00","2662","2653"
"29.09.2015 18:00 - 29.09.2015 19:00","2591","2590"
"29.09.2015 19:00 - 29.09.2015 20:00","2588","2602"
"29.09.2015 20:00 - 29.09.2015 21:00","2475","2485"
"29.09.2015 21:00 - 29.09.2015 22:00","2297","2308"
"29.09.2015 22:00 - 29.09.2015 23:00","2080","2073"
"29.09.2015 23:00 - 30.09.2015 00:00","1861","1836"
"30.09.2015 00:00 - 30.09.2015 01:00","1698","1733"
"30.09.2015 01:00 - 30.09.2015 02:00","1656","1667"
"30.09.2015 02:00 - 30.09.2015 03:00","1623","1654"
"30.09.2015 03:00 - 30.09.2015 04:00","1632","1651"
"30.09.2015 04:00 - 30.09.2015 05:00","1685","1705"
"30.09.2015 05:00 - 30.09.2015 06:00","1852","1850"
"30.09.2015 06:00 - 30.09.2015 07:00","2328","2319"
"30.09.2015 07:00 - 30.09.2015 08:00","2692","2647"
"30.09.2015 08:00 - 30.09.2015 09:00","2760","2730"
"30.09.2015 09:00 - 30.09.2015 10:00","2717","2714"
"30.09.2015 10:00 - 30.09.2015 11:00","2768","2767"
"30.09.2015 11:00 - 30.09.2015 12:00","2738","2748"
"30.09.2015 12:00 - 30.09.2015 13:00","2688","2694"
"30.09.2015 13:00 - 30.09.2015 14:00","2703","2693"
"30.09.2015 14:00 - 30.09.2015 15:00","2627","2630"
"30.09.2015 15:00 - 30.09.2015 16:00","2509","2507"
"30.09.2015 16:00 - 30.09.2015 17:00","2480","2487"
"30.09.2015 17:00 - 30.09.2015 18:00","2652","2652"
"30.09.2015 18:00 - 30.09.2015 19:00","2588","2581"
"30.09.2015 19:00 - 30.09.2015 20:00","2574","2572"
"30.09.2015 20:00 - 30.09.2015 21:00","2434","2446"
"30.09.2015 21:00 - 30.09.2015 22:00","2255","2280"
"30.09.2015 22:00 - 30.09.2015 23:00","2036","2058"
"30.09.2015 23:00 - 01.10.2015 00:00","1824","1844"
"01.10.2015 00:00 - 01.10.2015 01:00","1707","1719"
"01.10.2015 01:00 - 01.10.2015 02:00","1636","1652"
"01.10.2015 02:00 - 01.10.2015 03:00","1611","1632"
"01.10.2015 03:00 - 01.10.2015 04:00","1627","1632"
"01.10.2015 04:00 - 01.10.2015 05:00","1677","1674"
"01.10.2015 05:00 - 01.10.2015 06:00","1842","1843"
"01.10.2015 06:00 - 01.10.2015 07:00","2293","2294"
"01.10.2015 07:00 - 01.10.2015 08:00","2690","2683"
"01.10.2015 08:00 - 01.10.2015 09:00","2772","2747"
"01.10.2015 09:00 - 01.10.2015 10:00","2728","2748"
"01.10.2015 10:00 - 01.10.2015 11:00","2793","2789"
"01.10.2015 11:00 - 01.10.2015 12:00","2779","2810"
"01.10.2015 12:00 - 01.10.2015 13:00","2739","2770"
"01.10.2015 13:00 - 01.10.2015 14:00","2779","2768"
"01.10.2015 14:00 - 01.10.2015 15:00","2700","2683"
"01.10.2015 15:00 - 01.10.2015 16:00","2554","2549"
"01.10.2015 16:00 - 01.10.2015 17:00","2484","2463"
"01.10.2015 17:00 - 01.10.2015 18:00","2617","2619"
"01.10.2015 18:00 - 01.10.2015 19:00","2588","2571"
"01.10.2015 19:00 - 01.10.2015 20:00","2580","2577"
"01.10.2015 20:00 - 01.10.2015 21:00","2436","2480"
"01.10.2015 21:00 - 01.10.2015 22:00","2270","2278"
"01.10.2015 22:00 - 01.10.2015 23:00","2065","2020"
"01.10.2015 23:00 - 02.10.2015 00:00","1853","1829"
"02.10.2015 00:00 - 02.10.2015 01:00","1671","1693"
"02.10.2015 01:00 - 02.10.2015 02:00","1618","1632"
"02.10.2015 02:00 - 02.10.2015 03:00","1599","1593"
"02.10.2015 03:00 - 02.10.2015 04:00","1605","1604"
"02.10.2015 04:00 - 02.10.2015 05:00","1643","1642"
"02.10.2015 05:00 - 02.10.2015 06:00","1784","1794"
"02.10.2015 06:00 - 02.10.2015 07:00","2235","2225"
"02.10.2015 07:00 - 02.10.2015 08:00","2611","2591"
"02.10.2015 08:00 - 02.10.2015 09:00","2698","2714"
"02.10.2015 09:00 - 02.10.2015 10:00","2695","2688"
"02.10.2015 10:00 - 02.10.2015 11:00","2755","2746"
"02.10.2015 11:00 - 02.10.2015 12:00","2718","2695"
"02.10.2015 12:00 - 02.10.2015 13:00","2590","2574"
"02.10.2015 13:00 - 02.10.2015 14:00","2492","2482"
"02.10.2015 14:00 - 02.10.2015 15:00","2377","2368"
"02.10.2015 15:00 - 02.10.2015 16:00","2275","2270"
"02.10.2015 16:00 - 02.10.2015 17:00","2275","2256"
"02.10.2015 17:00 - 02.10.2015 18:00","2404","2388"
"02.10.2015 18:00 - 02.10.2015 19:00","2372","2357"
"02.10.2015 19:00 - 02.10.2015 20:00","2313","2335"
"02.10.2015 20:00 - 02.10.2015 21:00","2186","2242"
"02.10.2015 21:00 - 02.10.2015 22:00","2050","2194"
"02.10.2015 22:00 - 02.10.2015 23:00","1876","2161"
"02.10.2015 23:00 - 03.10.2015 00:00","1708","2084"
"03.10.2015 00:00 - 03.10.2015 01:00","1603","1935"
"03.10.2015 01:00 - 03.10.2015 02:00","1518","1761"
"03.10.2015 02:00 - 03.10.2015 03:00","1475","1712"
"03.10.2015 03:00 - 03.10.2015 04:00","1458","1686"
"03.10.2015 04:00 - 03.10.2015 05:00","1462","1721"
"03.10.2015 05:00 - 03.10.2015 06:00","1508","1818"
"03.10.2015 06:00 - 03.10.2015 07:00","1652","2007"
"03.10.2015 07:00 - 03.10.2015 08:00","1821","2200"
"03.10.2015 08:00 - 03.10.2015 09:00","1984","2393"
"03.10.2015 09:00 - 03.10.2015 10:00","2093","2377"
"03.10.2015 10:00 - 03.10.2015 11:00","2146","2209"
"03.10.2015 11:00 - 03.10.2015 12:00","2137","2133"
"03.10.2015 12:00 - 03.10.2015 13:00","2078","2066"
"03.10.2015 13:00 - 03.10.2015 14:00","2044","2018"
"03.10.2015 14:00 - 03.10.2015 15:00","1984","1986"
"03.10.2015 15:00 - 03.10.2015 16:00","1939","1963"
"03.10.2015 16:00 - 03.10.2015 17:00","1965","1993"
"03.10.2015 17:00 - 03.10.2015 18:00","2160","2188"
"03.10.2015 18:00 - 03.10.2015 19:00","2222","2253"
"03.10.2015 19:00 - 03.10.2015 20:00","2232","2218"
"03.10.2015 20:00 - 03.10.2015 21:00","2101","2099"
"03.10.2015 21:00 - 03.10.2015 22:00","1961","1961"
"03.10.2015 22:00 - 03.10.2015 23:00","1833","1801"
"03.10.2015 23:00 - 04.10.2015 00:00","1684","1670"
"04.10.2015 00:00 - 04.10.2015 01:00","1585","1579"
"04.10.2015 01:00 - 04.10.2015 02:00","1494","1490"
"04.10.2015 02:00 - 04.10.2015 03:00","1452","1453"
"04.10.2015 03:00 - 04.10.2015 04:00","1450","1440"
"04.10.2015 04:00 - 04.10.2015 05:00","1437","1441"
"04.10.2015 05:00 - 04.10.2015 06:00","1486","1475"
"04.10.2015 06:00 - 04.10.2015 07:00","1589","1583"
"04.10.2015 07:00 - 04.10.2015 08:00","1722","1713"
"04.10.2015 08:00 - 04.10.2015 09:00","1879","1886"
"04.10.2015 09:00 - 04.10.2015 10:00","1993","2014"
"04.10.2015 10:00 - 04.10.2015 11:00","2070","2084"
"04.10.2015 11:00 - 04.10.2015 12:00","2092","2097"
"04.10.2015 12:00 - 04.10.2015 13:00","2075","2064"
"04.10.2015 13:00 - 04.10.2015 14:00","2040","2026"
"04.10.2015 14:00 - 04.10.2015 15:00","1989","1987"
"04.10.2015 15:00 - 04.10.2015 16:00","1978","1978"
"04.10.2015 16:00 - 04.10.2015 17:00","2040","2035"
"04.10.2015 17:00 - 04.10.2015 18:00","2278","2268"
"04.10.2015 18:00 - 04.10.2015 19:00","2355","2319"
"04.10.2015 19:00 - 04.10.2015 20:00","2355","2346"
"04.10.2015 20:00 - 04.10.2015 21:00","2212","2228"
"04.10.2015 21:00 - 04.10.2015 22:00","2085","2078"
"04.10.2015 22:00 - 04.10.2015 23:00","1908","1892"
"04.10.2015 23:00 - 05.10.2015 00:00","1741","1735"
"05.10.2015 00:00 - 05.10.2015 01:00","1641","1640"
"05.10.2015 01:00 - 05.10.2015 02:00","1598","1589"
"05.10.2015 02:00 - 05.10.2015 03:00","1573","1580"
"05.10.2015 03:00 - 05.10.2015 04:00","1594","1593"
"05.10.2015 04:00 - 05.10.2015 05:00","1644","1626"
"05.10.2015 05:00 - 05.10.2015 06:00","1803","1796"
"05.10.2015 06:00 - 05.10.2015 07:00","2248","2247"
"05.10.2015 07:00 - 05.10.2015 08:00","2663","2674"
"05.10.2015 08:00 - 05.10.2015 09:00","2769","2768"
"05.10.2015 09:00 - 05.10.2015 10:00","2746","2774"
"05.10.2015 10:00 - 05.10.2015 11:00","2815","2814"
"05.10.2015 11:00 - 05.10.2015 12:00","2804","2794"
"05.10.2015 12:00 - 05.10.2015 13:00","2715","2701"
"05.10.2015 13:00 - 05.10.2015 14:00","2719","2714"
"05.10.2015 14:00 - 05.10.2015 15:00","2661","2649"
"05.10.2015 15:00 - 05.10.2015 16:00","2529","2527"
"05.10.2015 16:00 - 05.10.2015 17:00","2492","2489"
"05.10.2015 17:00 - 05.10.2015 18:00","2655","2645"
"05.10.2015 18:00 - 05.10.2015 19:00","2624","2606"
"05.10.2015 19:00 - 05.10.2015 20:00","2625","2625"
"05.10.2015 20:00 - 05.10.2015 21:00","2472","2444"
"05.10.2015 21:00 - 05.10.2015 22:00","2281","2285"
"05.10.2015 22:00 - 05.10.2015 23:00","2127","2047"
"05.10.2015 23:00 - 06.10.2015 00:00","1941","1855"
"06.10.2015 00:00 - 06.10.2015 01:00","1729","1701"
"06.10.2015 01:00 - 06.10.2015 02:00","1662","1656"
"06.10.2015 02:00 - 06.10.2015 03:00","1599","1605"
"06.10.2015 03:00 - 06.10.2015 04:00","1617","1625"
"06.10.2015 04:00 - 06.10.2015 05:00","1664","1642"
"06.10.2015 05:00 - 06.10.2015 06:00","1806","1789"
"06.10.2015 06:00 - 06.10.2015 07:00","2231","2233"
"06.10.2015 07:00 - 06.10.2015 08:00","2643","2627"
"06.10.2015 08:00 - 06.10.2015 09:00","2702","2701"
"06.10.2015 09:00 - 06.10.2015 10:00","2695","2710"
"06.10.2015 10:00 - 06.10.2015 11:00","2750","2740"
"06.10.2015 11:00 - 06.10.2015 12:00","2740","2749"
"06.10.2015 12:00 - 06.10.2015 13:00","2690","2686"
"06.10.2015 13:00 - 06.10.2015 14:00","2695","2606"
"06.10.2015 14:00 - 06.10.2015 15:00","2644","2654"
"06.10.2015 15:00 - 06.10.2015 16:00","2544","2553"
"06.10.2015 16:00 - 06.10.2015 17:00","2532","2550"
"06.10.2015 17:00 - 06.10.2015 18:00","2715","2724"
"06.10.2015 18:00 - 06.10.2015 19:00","2666","2656"
"06.10.2015 19:00 - 06.10.2015 20:00","2605","2576"
"06.10.2015 20:00 - 06.10.2015 21:00","2394","2368"
"06.10.2015 21:00 - 06.10.2015 22:00","2203","2208"
"06.10.2015 22:00 - 06.10.2015 23:00","2015","2020"
"06.10.2015 23:00 - 07.10.2015 00:00","1826","1850"
"07.10.2015 00:00 - 07.10.2015 01:00","1689","1712"
"07.10.2015 01:00 - 07.10.2015 02:00","1655","1674"
"07.10.2015 02:00 - 07.10.2015 03:00","1639","1638"
"07.10.2015 03:00 - 07.10.2015 04:00","1639","1623"
"07.10.2015 04:00 - 07.10.2015 05:00","1658","1656"
"07.10.2015 05:00 - 07.10.2015 06:00","1822","1801"
"07.10.2015 06:00 - 07.10.2015 07:00","2242","2202"
"07.10.2015 07:00 - 07.10.2015 08:00","2630","2640"
"07.10.2015 08:00 - 07.10.2015 09:00","2723","2759"
"07.10.2015 09:00 - 07.10.2015 10:00","2748","2791"
"07.10.2015 10:00 - 07.10.2015 11:00","2824","2819"
"07.10.2015 11:00 - 07.10.2015 12:00","2783","2796"
"07.10.2015 12:00 - 07.10.2015 13:00","2736","2748"
"07.10.2015 13:00 - 07.10.2015 14:00","2753","2747"
"07.10.2015 14:00 - 07.10.2015 15:00","2690","2675"
"07.10.2015 15:00 - 07.10.2015 16:00","2564","2562"
"07.10.2015 16:00 - 07.10.2015 17:00","2527","2532"
"07.10.2015 17:00 - 07.10.2015 18:00","2691","2708"
"07.10.2015 18:00 - 07.10.2015 19:00","2691","2656"
"07.10.2015 19:00 - 07.10.2015 20:00","2647","2583"
"07.10.2015 20:00 - 07.10.2015 21:00","2451","2408"
"07.10.2015 21:00 - 07.10.2015 22:00","2217","2234"
"07.10.2015 22:00 - 07.10.2015 23:00","2012","2025"
"07.10.2015 23:00 - 08.10.2015 00:00","1819","1824"
"08.10.2015 00:00 - 08.10.2015 01:00","1702","1715"
"08.10.2015 01:00 - 08.10.2015 02:00","1638","1640"
"08.10.2015 02:00 - 08.10.2015 03:00","1611","1608"
"08.10.2015 03:00 - 08.10.2015 04:00","1620","1610"
"08.10.2015 04:00 - 08.10.2015 05:00","1657","1666"
"08.10.2015 05:00 - 08.10.2015 06:00","1818","1839"
"08.10.2015 06:00 - 08.10.2015 07:00","2277","2277"
"08.10.2015 07:00 - 08.10.2015 08:00","2702","2743"
"08.10.2015 08:00 - 08.10.2015 09:00","2849","2872"
"08.10.2015 09:00 - 08.10.2015 10:00","2841","2860"
"08.10.2015 10:00 - 08.10.2015 11:00","2891","2908"
"08.10.2015 11:00 - 08.10.2015 12:00","2875","2890"
"08.10.2015 12:00 - 08.10.2015 13:00","2808","2816"
"08.10.2015 13:00 - 08.10.2015 14:00","2797","2833"
"08.10.2015 14:00 - 08.10.2015 15:00","2773","2869"
"08.10.2015 15:00 - 08.10.2015 16:00","2739","2786"
"08.10.2015 16:00 - 08.10.2015 17:00","2681","2677"
"08.10.2015 17:00 - 08.10.2015 18:00","2788","2784"
"08.10.2015 18:00 - 08.10.2015 19:00","2762","2771"
"08.10.2015 19:00 - 08.10.2015 20:00","2720","2685"
"08.10.2015 20:00 - 08.10.2015 21:00","2493","2500"
"08.10.2015 21:00 - 08.10.2015 22:00","2306","2284"
"08.10.2015 22:00 - 08.10.2015 23:00","2090","2093"
"08.10.2015 23:00 - 09.10.2015 00:00","1872","1909"
"09.10.2015 00:00 - 09.10.2015 01:00","1767","1768"
"09.10.2015 01:00 - 09.10.2015 02:00","1692","1704"
"09.10.2015 02:00 - 09.10.2015 03:00","1673","1648"
"09.10.2015 03:00 - 09.10.2015 04:00","1637","1644"
"09.10.2015 04:00 - 09.10.2015 05:00","1677","1698"
"09.10.2015 05:00 - 09.10.2015 06:00","1832","1846"
"09.10.2015 06:00 - 09.10.2015 07:00","2265","2286"
"09.10.2015 07:00 - 09.10.2015 08:00","2731","2753"
"09.10.2015 08:00 - 09.10.2015 09:00","2843","2856"
"09.10.2015 09:00 - 09.10.2015 10:00","2824","2830"
"09.10.2015 10:00 - 09.10.2015 11:00","2865","2862"
"09.10.2015 11:00 - 09.10.2015 12:00","2807","2814"
"09.10.2015 12:00 - 09.10.2015 13:00","2705","2691"
"09.10.2015 13:00 - 09.10.2015 14:00","2628","2635"
"09.10.2015 14:00 - 09.10.2015 15:00","2505","2514"
"09.10.2015 15:00 - 09.10.2015 16:00","2404","2417"
"09.10.2015 16:00 - 09.10.2015 17:00","2416","2416"
"09.10.2015 17:00 - 09.10.2015 18:00","2559","2586"
"09.10.2015 18:00 - 09.10.2015 19:00","2590","2582"
"09.10.2015 19:00 - 09.10.2015 20:00","2507","2495"
"09.10.2015 20:00 - 09.10.2015 21:00","2310","2291"
"09.10.2015 21:00 - 09.10.2015 22:00","2138","2131"
"09.10.2015 22:00 - 09.10.2015 23:00","1968","1995"
"09.10.2015 23:00 - 10.10.2015 00:00","1790","1814"
"10.10.2015 00:00 - 10.10.2015 01:00","1709","1668"
"10.10.2015 01:00 - 10.10.2015 02:00","1621","1589"
"10.10.2015 02:00 - 10.10.2015 03:00","1578","1549"
"10.10.2015 03:00 - 10.10.2015 04:00","1560","1535"
"10.10.2015 04:00 - 10.10.2015 05:00","1549","1543"
"10.10.2015 05:00 - 10.10.2015 06:00","1606","1596"
"10.10.2015 06:00 - 10.10.2015 07:00","1741","1726"
"10.10.2015 07:00 - 10.10.2015 08:00","1937","1906"
"10.10.2015 08:00 - 10.10.2015 09:00","2081","2051"
"10.10.2015 09:00 - 10.10.2015 10:00","2162","2145"
"10.10.2015 10:00 - 10.10.2015 11:00","2195","2169"
"10.10.2015 11:00 - 10.10.2015 12:00","2151","2151"
"10.10.2015 12:00 - 10.10.2015 13:00","2108","2133"
"10.10.2015 13:00 - 10.10.2015 14:00","2082","2102"
"10.10.2015 14:00 - 10.10.2015 15:00","2056","2070"
"10.10.2015 15:00 - 10.10.2015 16:00","2049","2046"
"10.10.2015 16:00 - 10.10.2015 17:00","2099","2078"
"10.10.2015 17:00 - 10.10.2015 18:00","2275","2281"
"10.10.2015 18:00 - 10.10.2015 19:00","2351","2346"
"10.10.2015 19:00 - 10.10.2015 20:00","2284","2307"
"10.10.2015 20:00 - 10.10.2015 21:00","2131","2125"
"10.10.2015 21:00 - 10.10.2015 22:00","1987","1972"
"10.10.2015 22:00 - 10.10.2015 23:00","1842","1816"
"10.10.2015 23:00 - 11.10.2015 00:00","1699","1689"
"11.10.2015 00:00 - 11.10.2015 01:00","1615","1583"
"11.10.2015 01:00 - 11.10.2015 02:00","1511","1505"
"11.10.2015 02:00 - 11.10.2015 03:00","1479","1465"
"11.10.2015 03:00 - 11.10.2015 04:00","1476","1447"
"11.10.2015 04:00 - 11.10.2015 05:00","1468","1468"
"11.10.2015 05:00 - 11.10.2015 06:00","1507","1505"
"11.10.2015 06:00 - 11.10.2015 07:00","1617","1618"
"11.10.2015 07:00 - 11.10.2015 08:00","1791","1755"
"11.10.2015 08:00 - 11.10.2015 09:00","1924","1884"
"11.10.2015 09:00 - 11.10.2015 10:00","1994","1974"
"11.10.2015 10:00 - 11.10.2015 11:00","2040","2025"
"11.10.2015 11:00 - 11.10.2015 12:00","2039","2026"
"11.10.2015 12:00 - 11.10.2015 13:00","2008","2015"
"11.10.2015 13:00 - 11.10.2015 14:00","1986","1978"
"11.10.2015 14:00 - 11.10.2015 15:00","1972","1953"
"11.10.2015 15:00 - 11.10.2015 16:00","1942","1947"
"11.10.2015 16:00 - 11.10.2015 17:00","2017","2025"
"11.10.2015 17:00 - 11.10.2015 18:00","2259","2249"
"11.10.2015 18:00 - 11.10.2015 19:00","2382","2357"
"11.10.2015 19:00 - 11.10.2015 20:00","2336","2336"
"11.10.2015 20:00 - 11.10.2015 21:00","2174","2197"
"11.10.2015 21:00 - 11.10.2015 22:00","2038","2078"
"11.10.2015 22:00 - 11.10.2015 23:00","1878","1931"
"11.10.2015 23:00 - 12.10.2015 00:00","1721","1787"
"12.10.2015 00:00 - 12.10.2015 01:00","1629","1649"
"12.10.2015 01:00 - 12.10.2015 02:00","1563","1592"
"12.10.2015 02:00 - 12.10.2015 03:00","1544","1580"
"12.10.2015 03:00 - 12.10.2015 04:00","1559","1575"
"12.10.2015 04:00 - 12.10.2015 05:00","1606","1651"
"12.10.2015 05:00 - 12.10.2015 06:00","1794","1778"
"12.10.2015 06:00 - 12.10.2015 07:00","2192","2147"
"12.10.2015 07:00 - 12.10.2015 08:00","2578","2562"
"12.10.2015 08:00 - 12.10.2015 09:00","2735","2734"
"12.10.2015 09:00 - 12.10.2015 10:00","2788","2812"
"12.10.2015 10:00 - 12.10.2015 11:00","2870","2874"
"12.10.2015 11:00 - 12.10.2015 12:00","2858","2849"
"12.10.2015 12:00 - 12.10.2015 13:00","2770","2764"
"12.10.2015 13:00 - 12.10.2015 14:00","2792","2796"
"12.10.2015 14:00 - 12.10.2015 15:00","2749","2758"
"12.10.2015 15:00 - 12.10.2015 16:00","2627","2630"
"12.10.2015 16:00 - 12.10.2015 17:00","2585","2591"
"12.10.2015 17:00 - 12.10.2015 18:00","2754","2746"
"12.10.2015 18:00 - 12.10.2015 19:00","2776","2761"
"12.10.2015 19:00 - 12.10.2015 20:00","2693","2698"
"12.10.2015 20:00 - 12.10.2015 21:00","2514","2506"
"12.10.2015 21:00 - 12.10.2015 22:00","2316","2349"
"12.10.2015 22:00 - 12.10.2015 23:00","2107","2136"
"12.10.2015 23:00 - 13.10.2015 00:00","1901","1947"
"13.10.2015 00:00 - 13.10.2015 01:00","1778","1785"
"13.10.2015 01:00 - 13.10.2015 02:00","1709","1724"
"13.10.2015 02:00 - 13.10.2015 03:00","1692","1715"
"13.10.2015 03:00 - 13.10.2015 04:00","1721","1722"
"13.10.2015 04:00 - 13.10.2015 05:00","1730","1724"
"13.10.2015 05:00 - 13.10.2015 06:00","1857","1888"
"13.10.2015 06:00 - 13.10.2015 07:00","2268","2211"
"13.10.2015 07:00 - 13.10.2015 08:00","2653","2636"
"13.10.2015 08:00 - 13.10.2015 09:00","2802","2811"
"13.10.2015 09:00 - 13.10.2015 10:00","2836","2848"
"13.10.2015 10:00 - 13.10.2015 11:00","2894","2896"
"13.10.2015 11:00 - 13.10.2015 12:00","2870","2857"
"13.10.2015 12:00 - 13.10.2015 13:00","2799","2802"
"13.10.2015 13:00 - 13.10.2015 14:00","2805","2787"
"13.10.2015 14:00 - 13.10.2015 15:00","2748","2772"
"13.10.2015 15:00 - 13.10.2015 16:00","2661","2627"
"13.10.2015 16:00 - 13.10.2015 17:00","2607","2585"
"13.10.2015 17:00 - 13.10.2015 18:00","2760","2763"
"13.10.2015 18:00 - 13.10.2015 19:00","2772","2758"
"13.10.2015 19:00 - 13.10.2015 20:00","2689","2697"
"13.10.2015 20:00 - 13.10.2015 21:00","2519","2537"
"13.10.2015 21:00 - 13.10.2015 22:00","2336","2373"
"13.10.2015 22:00 - 13.10.2015 23:00","2118","2158"
"13.10.2015 23:00 - 14.10.2015 00:00","1909","1961"
"14.10.2015 00:00 - 14.10.2015 01:00","1822","1796"
"14.10.2015 01:00 - 14.10.2015 02:00","1708","1708"
"14.10.2015 02:00 - 14.10.2015 03:00","1683","1728"
"14.10.2015 03:00 - 14.10.2015 04:00","1731","1735"
"14.10.2015 04:00 - 14.10.2015 05:00","1767","1736"
"14.10.2015 05:00 - 14.10.2015 06:00","1906","1918"
"14.10.2015 06:00 - 14.10.2015 07:00","2264","2233"
"14.10.2015 07:00 - 14.10.2015 08:00","2652","2625"
"14.10.2015 08:00 - 14.10.2015 09:00","2800","2787"
"14.10.2015 09:00 - 14.10.2015 10:00","2815","2809"
"14.10.2015 10:00 - 14.10.2015 11:00","2868","2873"
"14.10.2015 11:00 - 14.10.2015 12:00","2854","2878"
"14.10.2015 12:00 - 14.10.2015 13:00","2820","2823"
"14.10.2015 13:00 - 14.10.2015 14:00","2822","2803"
"14.10.2015 14:00 - 14.10.2015 15:00","2744","2747"
"14.10.2015 15:00 - 14.10.2015 16:00","2645","2633"
"14.10.2015 16:00 - 14.10.2015 17:00","2614","2606"
"14.10.2015 17:00 - 14.10.2015 18:00","2768","2756"
"14.10.2015 18:00 - 14.10.2015 19:00","2768","2739"
"14.10.2015 19:00 - 14.10.2015 20:00","2655","2646"
"14.10.2015 20:00 - 14.10.2015 21:00","2486","2445"
"14.10.2015 21:00 - 14.10.2015 22:00","2306","2303"
"14.10.2015 22:00 - 14.10.2015 23:00","2144","2088"
"14.10.2015 23:00 - 15.10.2015 00:00","1962","1890"
"15.10.2015 00:00 - 15.10.2015 01:00","1716","1760"
"15.10.2015 01:00 - 15.10.2015 02:00","1698","1721"
"15.10.2015 02:00 - 15.10.2015 03:00","1699","1724"
"15.10.2015 03:00 - 15.10.2015 04:00","1724","1724"
"15.10.2015 04:00 - 15.10.2015 05:00","1765","1750"
"15.10.2015 05:00 - 15.10.2015 06:00","1894","1874"
"15.10.2015 06:00 - 15.10.2015 07:00","2230","2199"
"15.10.2015 07:00 - 15.10.2015 08:00","2633","2609"
"15.10.2015 08:00 - 15.10.2015 09:00","2763","2735"
"15.10.2015 09:00 - 15.10.2015 10:00","2791","2794"
"15.10.2015 10:00 - 15.10.2015 11:00","2867","2856"
"15.10.2015 11:00 - 15.10.2015 12:00","2841","2832"
"15.10.2015 12:00 - 15.10.2015 13:00","2758","2762"
"15.10.2015 13:00 - 15.10.2015 14:00","2751","2759"
"15.10.2015 14:00 - 15.10.2015 15:00","2668","2652"
"15.10.2015 15:00 - 15.10.2015 16:00","2560","2533"
"15.10.2015 16:00 - 15.10.2015 17:00","2493","2494"
"15.10.2015 17:00 - 15.10.2015 18:00","2668","2615"
"15.10.2015 18:00 - 15.10.2015 19:00","2661","2684"
"15.10.2015 19:00 - 15.10.2015 20:00","2625","2626"
"15.10.2015 20:00 - 15.10.2015 21:00","2470","2462"
"15.10.2015 21:00 - 15.10.2015 22:00","2300","2323"
"15.10.2015 22:00 - 15.10.2015 23:00","2113","2128"
"15.10.2015 23:00 - 16.10.2015 00:00","1916","1920"
"16.10.2015 00:00 - 16.10.2015 01:00","1776","1832"
"16.10.2015 01:00 - 16.10.2015 02:00","1703","1741"
"16.10.2015 02:00 - 16.10.2015 03:00","1680","1700"
"16.10.2015 03:00 - 16.10.2015 04:00","1686","1683"
"16.10.2015 04:00 - 16.10.2015 05:00","1725","1720"
"16.10.2015 05:00 - 16.10.2015 06:00","1870","1881"
"16.10.2015 06:00 - 16.10.2015 07:00","2213","2190"
"16.10.2015 07:00 - 16.10.2015 08:00","2574","2587"
"16.10.2015 08:00 - 16.10.2015 09:00","2733","2726"
"16.10.2015 09:00 - 16.10.2015 10:00","2772","2759"
"16.10.2015 10:00 - 16.10.2015 11:00","2831","2805"
"16.10.2015 11:00 - 16.10.2015 12:00","2755","2746"
"16.10.2015 12:00 - 16.10.2015 13:00","2627","2616"
"16.10.2015 13:00 - 16.10.2015 14:00","2530","2546"
"16.10.2015 14:00 - 16.10.2015 15:00","2433","2455"
"16.10.2015 15:00 - 16.10.2015 16:00","2355","2355"
"16.10.2015 16:00 - 16.10.2015 17:00","2357","2366"
"16.10.2015 17:00 - 16.10.2015 18:00","2547","2581"
"16.10.2015 18:00 - 16.10.2015 19:00","2645","2617"
"16.10.2015 19:00 - 16.10.2015 20:00","2502","2468"
"16.10.2015 20:00 - 16.10.2015 21:00","2284","2295"
"16.10.2015 21:00 - 16.10.2015 22:00","2123","2152"
"16.10.2015 22:00 - 16.10.2015 23:00","1969","1970"
"16.10.2015 23:00 - 17.10.2015 00:00","1810","1830"
"17.10.2015 00:00 - 17.10.2015 01:00","1673","1667"
"17.10.2015 01:00 - 17.10.2015 02:00","1579","1580"
"17.10.2015 02:00 - 17.10.2015 03:00","1527","1534"
"17.10.2015 03:00 - 17.10.2015 04:00","1516","1521"
"17.10.2015 04:00 - 17.10.2015 05:00","1531","1521"
"17.10.2015 05:00 - 17.10.2015 06:00","1575","1578"
"17.10.2015 06:00 - 17.10.2015 07:00","1712","1701"
"17.10.2015 07:00 - 17.10.2015 08:00","1903","1895"
"17.10.2015 08:00 - 17.10.2015 09:00","2064","2080"
"17.10.2015 09:00 - 17.10.2015 10:00","2201","2210"
"17.10.2015 10:00 - 17.10.2015 11:00","2265","2266"
"17.10.2015 11:00 - 17.10.2015 12:00","2262","2276"
"17.10.2015 12:00 - 17.10.2015 13:00","2227","2231"
"17.10.2015 13:00 - 17.10.2015 14:00","2178","2186"
"17.10.2015 14:00 - 17.10.2015 15:00","2143","2147"
"17.10.2015 15:00 - 17.10.2015 16:00","2129","2133"
"17.10.2015 16:00 - 17.10.2015 17:00","2180","2192"
"17.10.2015 17:00 - 17.10.2015 18:00","2399","2409"
"17.10.2015 18:00 - 17.10.2015 19:00","2484","2468"
"17.10.2015 19:00 - 17.10.2015 20:00","2320","2332"
"17.10.2015 20:00 - 17.10.2015 21:00","2157","2169"
"17.10.2015 21:00 - 17.10.2015 22:00","2023","2022"
"17.10.2015 22:00 - 17.10.2015 23:00","1885","1882"
"17.10.2015 23:00 - 18.10.2015 00:00","1742","1736"
"18.10.2015 00:00 - 18.10.2015 01:00","1606","1613"
"18.10.2015 01:00 - 18.10.2015 02:00","1530","1534"
"18.10.2015 02:00 - 18.10.2015 03:00","1487","1499"
"18.10.2015 03:00 - 18.10.2015 04:00","1473","1485"
"18.10.2015 04:00 - 18.10.2015 05:00","1489","1497"
"18.10.2015 05:00 - 18.10.2015 06:00","1526","1538"
"18.10.2015 06:00 - 18.10.2015 07:00","1631","1632"
"18.10.2015 07:00 - 18.10.2015 08:00","1829","1789"
"18.10.2015 08:00 - 18.10.2015 09:00","1937","1937"
"18.10.2015 09:00 - 18.10.2015 10:00","2054","2079"
"18.10.2015 10:00 - 18.10.2015 11:00","2157","2180"
"18.10.2015 11:00 - 18.10.2015 12:00","2204","2196"
"18.10.2015 12:00 - 18.10.2015 13:00","2169","2163"
"18.10.2015 13:00 - 18.10.2015 14:00","2127","2132"
"18.10.2015 14:00 - 18.10.2015 15:00","2119","2120"
"18.10.2015 15:00 - 18.10.2015 16:00","2102","2124"
"18.10.2015 16:00 - 18.10.2015 17:00","2181","2190"
"18.10.2015 17:00 - 18.10.2015 18:00","2415","2399"
"18.10.2015 18:00 - 18.10.2015 19:00","2511","2517"
"18.10.2015 19:00 - 18.10.2015 20:00","2434","2464"
"18.10.2015 20:00 - 18.10.2015 21:00","2282","2287"
"18.10.2015 21:00 - 18.10.2015 22:00","2132","2120"
"18.10.2015 22:00 - 18.10.2015 23:00","1967","1957"
"18.10.2015 23:00 - 19.10.2015 00:00","1793","1808"
"19.10.2015 00:00 - 19.10.2015 01:00","1714","1699"
"19.10.2015 01:00 - 19.10.2015 02:00","1648","1729"
"19.10.2015 02:00 - 19.10.2015 03:00","1682","1723"
"19.10.2015 03:00 - 19.10.2015 04:00","1710","1723"
"19.10.2015 04:00 - 19.10.2015 05:00","1745","1723"
"19.10.2015 05:00 - 19.10.2015 06:00","1847","1857"
"19.10.2015 06:00 - 19.10.2015 07:00","2332","2351"
"19.10.2015 07:00 - 19.10.2015 08:00","2872","2854"
"19.10.2015 08:00 - 19.10.2015 09:00","2968","2968"
"19.10.2015 09:00 - 19.10.2015 10:00","2939","2929"
"19.10.2015 10:00 - 19.10.2015 11:00","2971","2946"
"19.10.2015 11:00 - 19.10.2015 12:00","2934","2910"
"19.10.2015 12:00 - 19.10.2015 13:00","2826","2835"
"19.10.2015 13:00 - 19.10.2015 14:00","2846","2813"
"19.10.2015 14:00 - 19.10.2015 15:00","2770","2734"
"19.10.2015 15:00 - 19.10.2015 16:00","2612","2634"
"19.10.2015 16:00 - 19.10.2015 17:00","2633","2639"
"19.10.2015 17:00 - 19.10.2015 18:00","2836","2817"
"19.10.2015 18:00 - 19.10.2015 19:00","2884","2915"
"19.10.2015 19:00 - 19.10.2015 20:00","2818","2834"
"19.10.2015 20:00 - 19.10.2015 21:00","2601","2569"
"19.10.2015 21:00 - 19.10.2015 22:00","2388","2376"
"19.10.2015 22:00 - 19.10.2015 23:00","2183","2157"
"19.10.2015 23:00 - 20.10.2015 00:00","1949","1948"
"20.10.2015 00:00 - 20.10.2015 01:00","1809","1814"
"20.10.2015 01:00 - 20.10.2015 02:00","1746","1775"
"20.10.2015 02:00 - 20.10.2015 03:00","1731","1741"
"20.10.2015 03:00 - 20.10.2015 04:00","1743","1738"
"20.10.2015 04:00 - 20.10.2015 05:00","1766","1777"
"20.10.2015 05:00 - 20.10.2015 06:00","1932","1937"
"20.10.2015 06:00 - 20.10.2015 07:00","2370","2377"
"20.10.2015 07:00 - 20.10.2015 08:00","2850","2851"
"20.10.2015 08:00 - 20.10.2015 09:00","2965","2957"
"20.10.2015 09:00 - 20.10.2015 10:00","2934","2939"
"20.10.2015 10:00 - 20.10.2015 11:00","2995","2981"
"20.10.2015 11:00 - 20.10.2015 12:00","2974","2993"
"20.10.2015 12:00 - 20.10.2015 13:00","2908","2925"
"20.10.2015 13:00 - 20.10.2015 14:00","2881","2884"
"20.10.2015 14:00 - 20.10.2015 15:00","2812","2800"
"20.10.2015 15:00 - 20.10.2015 16:00","2685","2694"
"20.10.2015 16:00 - 20.10.2015 17:00","2681","2657"
"20.10.2015 17:00 - 20.10.2015 18:00","2848","2835"
"20.10.2015 18:00 - 20.10.2015 19:00","2882","2882"
"20.10.2015 19:00 - 20.10.2015 20:00","2763","2814"
"20.10.2015 20:00 - 20.10.2015 21:00","2592","2581"
"20.10.2015 21:00 - 20.10.2015 22:00","2375","2375"
"20.10.2015 22:00 - 20.10.2015 23:00","2164","2158"
"20.10.2015 23:00 - 21.10.2015 00:00","1950","1938"
"21.10.2015 00:00 - 21.10.2015 01:00","1791","1787"
"21.10.2015 01:00 - 21.10.2015 02:00","1719","1731"
"21.10.2015 02:00 - 21.10.2015 03:00","1705","1706"
"21.10.2015 03:00 - 21.10.2015 04:00","1717","1723"
"21.10.2015 04:00 - 21.10.2015 05:00","1757","1763"
"21.10.2015 05:00 - 21.10.2015 06:00","1941","1930"
"21.10.2015 06:00 - 21.10.2015 07:00","2364","2368"
"21.10.2015 07:00 - 21.10.2015 08:00","2832","2831"
"21.10.2015 08:00 - 21.10.2015 09:00","2902","2906"
"21.10.2015 09:00 - 21.10.2015 10:00","2884","2895"
"21.10.2015 10:00 - 21.10.2015 11:00","2934","2923"
"21.10.2015 11:00 - 21.10.2015 12:00","2897","2927"
"21.10.2015 12:00 - 21.10.2015 13:00","2869","2897"
"21.10.2015 13:00 - 21.10.2015 14:00","2817","2711"
"21.10.2015 14:00 - 21.10.2015 15:00","2658","2626"
"21.10.2015 15:00 - 21.10.2015 16:00","2567","2528"
"21.10.2015 16:00 - 21.10.2015 17:00","2638","2642"
"21.10.2015 17:00 - 21.10.2015 18:00","2888","2881"
"21.10.2015 18:00 - 21.10.2015 19:00","2918","2880"
"21.10.2015 19:00 - 21.10.2015 20:00","2755","2761"
"21.10.2015 20:00 - 21.10.2015 21:00","2561","2564"
"21.10.2015 21:00 - 21.10.2015 22:00","2382","2390"
"21.10.2015 22:00 - 21.10.2015 23:00","2177","2166"
"21.10.2015 23:00 - 22.10.2015 00:00","1948","1979"
"22.10.2015 00:00 - 22.10.2015 01:00","1826","1870"
"22.10.2015 01:00 - 22.10.2015 02:00","1787","1800"
"22.10.2015 02:00 - 22.10.2015 03:00","1771","1769"
"22.10.2015 03:00 - 22.10.2015 04:00","1770","1773"
"22.10.2015 04:00 - 22.10.2015 05:00","1791","1807"
"22.10.2015 05:00 - 22.10.2015 06:00","1970","1959"
"22.10.2015 06:00 - 22.10.2015 07:00","2400","2395"
"22.10.2015 07:00 - 22.10.2015 08:00","2835","2830"
"22.10.2015 08:00 - 22.10.2015 09:00","2917","2938"
"22.10.2015 09:00 - 22.10.2015 10:00","2899","2918"
"22.10.2015 10:00 - 22.10.2015 11:00","2947","2963"
"22.10.2015 11:00 - 22.10.2015 12:00","2926","2930"
"22.10.2015 12:00 - 22.10.2015 13:00","2850","2854"
"22.10.2015 13:00 - 22.10.2015 14:00","2861","2860"
"22.10.2015 14:00 - 22.10.2015 15:00","2812","2783"
"22.10.2015 15:00 - 22.10.2015 16:00","2619","2631"
"22.10.2015 16:00 - 22.10.2015 17:00","2626","2622"
"22.10.2015 17:00 - 22.10.2015 18:00","2787","2774"
"22.10.2015 18:00 - 22.10.2015 19:00","2821","2808"
"22.10.2015 19:00 - 22.10.2015 20:00","2714","2716"
"22.10.2015 20:00 - 22.10.2015 21:00","2521","2512"
"22.10.2015 21:00 - 22.10.2015 22:00","2329","2325"
"22.10.2015 22:00 - 22.10.2015 23:00","2138","2135"
"22.10.2015 23:00 - 23.10.2015 00:00","1937","1876"
"23.10.2015 00:00 - 23.10.2015 01:00","1751","1756"
"23.10.2015 01:00 - 23.10.2015 02:00","1685","1682"
"23.10.2015 02:00 - 23.10.2015 03:00","1653","1653"
"23.10.2015 03:00 - 23.10.2015 04:00","1661","1676"
"23.10.2015 04:00 - 23.10.2015 05:00","1726","1739"
"23.10.2015 05:00 - 23.10.2015 06:00","1884","1834"
"23.10.2015 06:00 - 23.10.2015 07:00","2236","2241"
"23.10.2015 07:00 - 23.10.2015 08:00","2698","2697"
"23.10.2015 08:00 - 23.10.2015 09:00","2795","2789"
"23.10.2015 09:00 - 23.10.2015 10:00","2782","2762"
"23.10.2015 10:00 - 23.10.2015 11:00","2770","2759"
"23.10.2015 11:00 - 23.10.2015 12:00","2698","2690"
"23.10.2015 12:00 - 23.10.2015 13:00","2551","2559"
"23.10.2015 13:00 - 23.10.2015 14:00","2466","2465"
"23.10.2015 14:00 - 23.10.2015 15:00","2358","2333"
"23.10.2015 15:00 - 23.10.2015 16:00","2257","2274"
"23.10.2015 16:00 - 23.10.2015 17:00","2313","2317"
"23.10.2015 17:00 - 23.10.2015 18:00","2525","2540"
"23.10.2015 18:00 - 23.10.2015 19:00","2614","2680"
"23.10.2015 19:00 - 23.10.2015 20:00","2543","2536"
"23.10.2015 20:00 - 23.10.2015 21:00","2335","2334"
"23.10.2015 21:00 - 23.10.2015 22:00","2169","2182"
"23.10.2015 22:00 - 23.10.2015 23:00","2017","2040"
"23.10.2015 23:00 - 24.10.2015 00:00","1861","1857"
"24.10.2015 00:00 - 24.10.2015 01:00","1703","1693"
"24.10.2015 01:00 - 24.10.2015 02:00","1612","1591"
"24.10.2015 02:00 - 24.10.2015 03:00","1564","1525"
"24.10.2015 03:00 - 24.10.2015 04:00","1515","1508"
"24.10.2015 04:00 - 24.10.2015 05:00","1528","1525"
"24.10.2015 05:00 - 24.10.2015 06:00","1593","1599"
"24.10.2015 06:00 - 24.10.2015 07:00","1718","1719"
"24.10.2015 07:00 - 24.10.2015 08:00","1928","1920"
"24.10.2015 08:00 - 24.10.2015 09:00","2063","2079"
"24.10.2015 09:00 - 24.10.2015 10:00","2190","2212"
"24.10.2015 10:00 - 24.10.2015 11:00","2272","2284"
"24.10.2015 11:00 - 24.10.2015 12:00","2266","2264"
"24.10.2015 12:00 - 24.10.2015 13:00","2209","2229"
"24.10.2015 13:00 - 24.10.2015 14:00","2179","2197"
"24.10.2015 14:00 - 24.10.2015 15:00","2176","2220"
"24.10.2015 15:00 - 24.10.2015 16:00","2170","2152"
"24.10.2015 16:00 - 24.10.2015 17:00","2184","2190"
"24.10.2015 17:00 - 24.10.2015 18:00","2398","2419"
"24.10.2015 18:00 - 24.10.2015 19:00","2525","2505"
"24.10.2015 19:00 - 24.10.2015 20:00","2337","2316"
"24.10.2015 20:00 - 24.10.2015 21:00","2165","2166"
"24.10.2015 21:00 - 24.10.2015 22:00","2052","2029"
"24.10.2015 22:00 - 24.10.2015 23:00","1909","1864"
"24.10.2015 23:00 - 25.10.2015 00:00","1760","1748"
"25.10.2015 00:00 - 25.10.2015 01:00","1665","1670"
"25.10.2015 01:00 - 25.10.2015 02:00","1568","1577"
"25.10.2015 02:00 - 25.10.2015 03:00","1521","1511"
"25.10.2015 02:00 - 25.10.2015 03:00","1487","1493"
"25.10.2015 03:00 - 25.10.2015 04:00","1486","1520"
"25.10.2015 04:00 - 25.10.2015 05:00","1527","1521"
"25.10.2015 05:00 - 25.10.2015 06:00","1569","1571"
"25.10.2015 06:00 - 25.10.2015 07:00","1704","1714"
"25.10.2015 07:00 - 25.10.2015 08:00","1840","1839"
"25.10.2015 08:00 - 25.10.2015 09:00","1964","1971"
"25.10.2015 09:00 - 25.10.2015 10:00","2020","2038"
"25.10.2015 10:00 - 25.10.2015 11:00","2049","2040"
"25.10.2015 11:00 - 25.10.2015 12:00","2017","2030"
"25.10.2015 12:00 - 25.10.2015 13:00","1990","2002"
"25.10.2015 13:00 - 25.10.2015 14:00","1993","1996"
"25.10.2015 14:00 - 25.10.2015 15:00","1995","1967"
"25.10.2015 15:00 - 25.10.2015 16:00","1979","2002"
"25.10.2015 16:00 - 25.10.2015 17:00","2140","2158"
"25.10.2015 17:00 - 25.10.2015 18:00","2531","2581"
"25.10.2015 18:00 - 25.10.2015 19:00","2525","2561"
"25.10.2015 19:00 - 25.10.2015 20:00","2366","2350"
"25.10.2015 20:00 - 25.10.2015 21:00","2175","2169"
"25.10.2015 21:00 - 25.10.2015 22:00","2032","2024"
"25.10.2015 22:00 - 25.10.2015 23:00","1867","1876"
"25.10.2015 23:00 - 26.10.2015 00:00","1730","1751"
"26.10.2015 00:00 - 26.10.2015 01:00","1666","1667"
"26.10.2015 01:00 - 26.10.2015 02:00","1624","1620"
"26.10.2015 02:00 - 26.10.2015 03:00","1619","1609"
"26.10.2015 03:00 - 26.10.2015 04:00","1640","1629"
"26.10.2015 04:00 - 26.10.2015 05:00","1682","1700"
"26.10.2015 05:00 - 26.10.2015 06:00","1896","1920"
"26.10.2015 06:00 - 26.10.2015 07:00","2371","2391"
"26.10.2015 07:00 - 26.10.2015 08:00","2778","2786"
"26.10.2015 08:00 - 26.10.2015 09:00","2891","2867"
"26.10.2015 09:00 - 26.10.2015 10:00","2852","2828"
"26.10.2015 10:00 - 26.10.2015 11:00","2889","2897"
"26.10.2015 11:00 - 26.10.2015 12:00","2889","2854"
"26.10.2015 12:00 - 26.10.2015 13:00","2779","2776"
"26.10.2015 13:00 - 26.10.2015 14:00","2800","2809"
"26.10.2015 14:00 - 26.10.2015 15:00","2768","2748"
"26.10.2015 15:00 - 26.10.2015 16:00","2649","2658"
"26.10.2015 16:00 - 26.10.2015 17:00","2690","2668"
"26.10.2015 17:00 - 26.10.2015 18:00","3024","3051"
"26.10.2015 18:00 - 26.10.2015 19:00","2936","2970"
"26.10.2015 19:00 - 26.10.2015 20:00","2758","2766"
"26.10.2015 20:00 - 26.10.2015 21:00","2528","2522"
"26.10.2015 21:00 - 26.10.2015 22:00","2316","2312"
"26.10.2015 22:00 - 26.10.2015 23:00","2077","2095"
"26.10.2015 23:00 - 27.10.2015 00:00","1874","1901"
"27.10.2015 00:00 - 27.10.2015 01:00","1813","1795"
"27.10.2015 01:00 - 27.10.2015 02:00","1740","1732"
"27.10.2015 02:00 - 27.10.2015 03:00","1709","1697"
"27.10.2015 03:00 - 27.10.2015 04:00","1714","1729"
"27.10.2015 04:00 - 27.10.2015 05:00","1795","1795"
"27.10.2015 05:00 - 27.10.2015 06:00","1972","1997"
"27.10.2015 06:00 - 27.10.2015 07:00","2446","2451"
"27.10.2015 07:00 - 27.10.2015 08:00","2898","2875"
"27.10.2015 08:00 - 27.10.2015 09:00","2981","2974"
"27.10.2015 09:00 - 27.10.2015 10:00","2952","2938"
"27.10.2015 10:00 - 27.10.2015 11:00","2956","2961"
"27.10.2015 11:00 - 27.10.2015 12:00","2947","2897"
"27.10.2015 12:00 - 27.10.2015 13:00","2772","2754"
"27.10.2015 13:00 - 27.10.2015 14:00","2798","2793"
"27.10.2015 14:00 - 27.10.2015 15:00","2734","2739"
"27.10.2015 15:00 - 27.10.2015 16:00","2619","2632"
"27.10.2015 16:00 - 27.10.2015 17:00","2678","2698"
"27.10.2015 17:00 - 27.10.2015 18:00","3041","3060"
"27.10.2015 18:00 - 27.10.2015 19:00","2964","2932"
"27.10.2015 19:00 - 27.10.2015 20:00","2768","2716"
"27.10.2015 20:00 - 27.10.2015 21:00","2547","2510"
"27.10.2015 21:00 - 27.10.2015 22:00","2334","2325"
"27.10.2015 22:00 - 27.10.2015 23:00","2124","2126"
"27.10.2015 23:00 - 28.10.2015 00:00","1932","1931"
"28.10.2015 00:00 - 28.10.2015 01:00","1772","1769"
"28.10.2015 01:00 - 28.10.2015 02:00","1714","1701"
"28.10.2015 02:00 - 28.10.2015 03:00","1682","1686"
"28.10.2015 03:00 - 28.10.2015 04:00","1695","1705"
"28.10.2015 04:00 - 28.10.2015 05:00","1755","1756"
"28.10.2015 05:00 - 28.10.2015 06:00","1926","1907"
"28.10.2015 06:00 - 28.10.2015 07:00","2383","2352"
"28.10.2015 07:00 - 28.10.2015 08:00","2737","2710"
"28.10.2015 08:00 - 28.10.2015 09:00","2804","2828"
"28.10.2015 09:00 - 28.10.2015 10:00","2819","2813"
"28.10.2015 10:00 - 28.10.2015 11:00","2834","2798"
"28.10.2015 11:00 - 28.10.2015 12:00","2785","2771"
"28.10.2015 12:00 - 28.10.2015 13:00","2689","2689"
"28.10.2015 13:00 - 28.10.2015 14:00","2726","2720"
"28.10.2015 14:00 - 28.10.2015 15:00","2664","2654"
"28.10.2015 15:00 - 28.10.2015 16:00","2532","2553"
"28.10.2015 16:00 - 28.10.2015 17:00","2612","2601"
"28.10.2015 17:00 - 28.10.2015 18:00","2984","2973"
"28.10.2015 18:00 - 28.10.2015 19:00","2872","2860"
"28.10.2015 19:00 - 28.10.2015 20:00","2660","2679"
"28.10.2015 20:00 - 28.10.2015 21:00","2469","2473"
"28.10.2015 21:00 - 28.10.2015 22:00","2280","2302"
"28.10.2015 22:00 - 28.10.2015 23:00","2062","2094"
"28.10.2015 23:00 - 29.10.2015 00:00","1869","1889"
"29.10.2015 00:00 - 29.10.2015 01:00","1797","1787"
"29.10.2015 01:00 - 29.10.2015 02:00","1732","1735"
"29.10.2015 02:00 - 29.10.2015 03:00","1707","1716"
"29.10.2015 03:00 - 29.10.2015 04:00","1723","1708"
"29.10.2015 04:00 - 29.10.2015 05:00","1767","1760"
"29.10.2015 05:00 - 29.10.2015 06:00","1932","1928"
"29.10.2015 06:00 - 29.10.2015 07:00","2411","2369"
"29.10.2015 07:00 - 29.10.2015 08:00","2740","2747"
"29.10.2015 08:00 - 29.10.2015 09:00","2838","2857"
"29.10.2015 09:00 - 29.10.2015 10:00","2859","2884"
"29.10.2015 10:00 - 29.10.2015 11:00","2868","2951"
"29.10.2015 11:00 - 29.10.2015 12:00","2897","2946"
"29.10.2015 12:00 - 29.10.2015 13:00","2862","2868"
"29.10.2015 13:00 - 29.10.2015 14:00","2864","2856"
"29.10.2015 14:00 - 29.10.2015 15:00","2776","2798"
"29.10.2015 15:00 - 29.10.2015 16:00","2683","2706"
"29.10.2015 16:00 - 29.10.2015 17:00","2751","2757"
"29.10.2015 17:00 - 29.10.2015 18:00","3105","3080"
"29.10.2015 18:00 - 29.10.2015 19:00","2980","2992"
"29.10.2015 19:00 - 29.10.2015 20:00","2774","2784"
"29.10.2015 20:00 - 29.10.2015 21:00","2558","2564"
"29.10.2015 21:00 - 29.10.2015 22:00","2375","2386"
"29.10.2015 22:00 - 29.10.2015 23:00","2165","2151"
"29.10.2015 23:00 - 30.10.2015 00:00","1935","1960"
"30.10.2015 00:00 - 30.10.2015 01:00","1848","1825"
"30.10.2015 01:00 - 30.10.2015 02:00","1759","1763"
"30.10.2015 02:00 - 30.10.2015 03:00","1729","1729"
"30.10.2015 03:00 - 30.10.2015 04:00","1748","1734"
"30.10.2015 04:00 - 30.10.2015 05:00","1777","1789"
"30.10.2015 05:00 - 30.10.2015 06:00","1947","1952"
"30.10.2015 06:00 - 30.10.2015 07:00","2387","2371"
"30.10.2015 07:00 - 30.10.2015 08:00","2768","2782"
"30.10.2015 08:00 - 30.10.2015 09:00","2849","2815"
"30.10.2015 09:00 - 30.10.2015 10:00","2795","2765"
"30.10.2015 10:00 - 30.10.2015 11:00","2789","2722"
"30.10.2015 11:00 - 30.10.2015 12:00","2680","2706"
"30.10.2015 12:00 - 30.10.2015 13:00","2653","2746"
"30.10.2015 13:00 - 30.10.2015 14:00","2679","2705"
"30.10.2015 14:00 - 30.10.2015 15:00","2583","2601"
"30.10.2015 15:00 - 30.10.2015 16:00","2532","2538"
"30.10.2015 16:00 - 30.10.2015 17:00","2602","2575"
"30.10.2015 17:00 - 30.10.2015 18:00","2833","2827"
"30.10.2015 18:00 - 30.10.2015 19:00","2709","2725"
"30.10.2015 19:00 - 30.10.2015 20:00","2500","2497"
"30.10.2015 20:00 - 30.10.2015 21:00","2310","2295"
"30.10.2015 21:00 - 30.10.2015 22:00","2150","2135"
"30.10.2015 22:00 - 30.10.2015 23:00","1986","1972"
"30.10.2015 23:00 - 31.10.2015 00:00","1801","1795"
"31.10.2015 00:00 - 31.10.2015 01:00","1681","1685"
"31.10.2015 01:00 - 31.10.2015 02:00","1610","1612"
"31.10.2015 02:00 - 31.10.2015 03:00","1565","1561"
"31.10.2015 03:00 - 31.10.2015 04:00","1541","1559"
"31.10.2015 04:00 - 31.10.2015 05:00","1560","1558"
"31.10.2015 05:00 - 31.10.2015 06:00","1623","1610"
"31.10.2015 06:00 - 31.10.2015 07:00","1768","1756"
"31.10.2015 07:00 - 31.10.2015 08:00","1954","1926"
"31.10.2015 08:00 - 31.10.2015 09:00","2124","2114"
"31.10.2015 09:00 - 31.10.2015 10:00","2212","2190"
"31.10.2015 10:00 - 31.10.2015 11:00","2219","2200"
"31.10.2015 11:00 - 31.10.2015 12:00","2162","2160"
"31.10.2015 12:00 - 31.10.2015 13:00","2110","2106"
"31.10.2015 13:00 - 31.10.2015 14:00","2069","2078"
"31.10.2015 14:00 - 31.10.2015 15:00","2056","2055"
"31.10.2015 15:00 - 31.10.2015 16:00","2078","2048"
"31.10.2015 16:00 - 31.10.2015 17:00","2219","2170"
"31.10.2015 17:00 - 31.10.2015 18:00","2545","2560"
"31.10.2015 18:00 - 31.10.2015 19:00","2478","2509"
"31.10.2015 19:00 - 31.10.2015 20:00","2252","2278"
"31.10.2015 20:00 - 31.10.2015 21:00","2100","2111"
"31.10.2015 21:00 - 31.10.2015 22:00","1966","1973"
"31.10.2015 22:00 - 31.10.2015 23:00","1845","1842"
"31.10.2015 23:00 - 01.11.2015 00:00","1719","1710"
"01.11.2015 00:00 - 01.11.2015 01:00","1651","1613"
"01.11.2015 01:00 - 01.11.2015 02:00","1549","1556"
"01.11.2015 02:00 - 01.11.2015 03:00","1519","1515"
"01.11.2015 03:00 - 01.11.2015 04:00","1506","1512"
"01.11.2015 04:00 - 01.11.2015 05:00","1521","1520"
"01.11.2015 05:00 - 01.11.2015 06:00","1561","1566"
"01.11.2015 06:00 - 01.11.2015 07:00","1670","1679"
"01.11.2015 07:00 - 01.11.2015 08:00","1834","1826"
"01.11.2015 08:00 - 01.11.2015 09:00","1977","1978"
"01.11.2015 09:00 - 01.11.2015 10:00","2062","2087"
"01.11.2015 10:00 - 01.11.2015 11:00","2122","2146"
"01.11.2015 11:00 - 01.11.2015 12:00","2157","2160"
"01.11.2015 12:00 - 01.11.2015 13:00","2156","2150"
"01.11.2015 13:00 - 01.11.2015 14:00","2147","2122"
"01.11.2015 14:00 - 01.11.2015 15:00","2127","2111"
"01.11.2015 15:00 - 01.11.2015 16:00","2138","2126"
"01.11.2015 16:00 - 01.11.2015 17:00","2283","2262"
"01.11.2015 17:00 - 01.11.2015 18:00","2633","2617"
"01.11.2015 18:00 - 01.11.2015 19:00","2548","2560"
"01.11.2015 19:00 - 01.11.2015 20:00","2369","2373"
"01.11.2015 20:00 - 01.11.2015 21:00","2209","2199"
"01.11.2015 21:00 - 01.11.2015 22:00","2018","2027"
"01.11.2015 22:00 - 01.11.2015 23:00","1871","1871"
"01.11.2015 23:00 - 02.11.2015 00:00","1758","1729"
"02.11.2015 00:00 - 02.11.2015 01:00","1639","1645"
"02.11.2015 01:00 - 02.11.2015 02:00","1636","1602"
"02.11.2015 02:00 - 02.11.2015 03:00","1594","1585"
"02.11.2015 03:00 - 02.11.2015 04:00","1613","1597"
"02.11.2015 04:00 - 02.11.2015 05:00","1666","1653"
"02.11.2015 05:00 - 02.11.2015 06:00","1833","1832"
"02.11.2015 06:00 - 02.11.2015 07:00","2277","2289"
"02.11.2015 07:00 - 02.11.2015 08:00","2728","2712"
"02.11.2015 08:00 - 02.11.2015 09:00","2798","2795"
"02.11.2015 09:00 - 02.11.2015 10:00","2788","2817"
"02.11.2015 10:00 - 02.11.2015 11:00","2870","2870"
"02.11.2015 11:00 - 02.11.2015 12:00","2840","2884"
"02.11.2015 12:00 - 02.11.2015 13:00","2781","2824"
"02.11.2015 13:00 - 02.11.2015 14:00","2824","2827"
"02.11.2015 14:00 - 02.11.2015 15:00","2794","2805"
"02.11.2015 15:00 - 02.11.2015 16:00","2693","2696"
"02.11.2015 16:00 - 02.11.2015 17:00","2773","2791"
"02.11.2015 17:00 - 02.11.2015 18:00","3112","3102"
"02.11.2015 18:00 - 02.11.2015 19:00","2953","2947"
"02.11.2015 19:00 - 02.11.2015 20:00","2747","2758"
"02.11.2015 20:00 - 02.11.2015 21:00","2524","2527"
"02.11.2015 21:00 - 02.11.2015 22:00","2335","2330"
"02.11.2015 22:00 - 02.11.2015 23:00","2114","2117"
"02.11.2015 23:00 - 03.11.2015 00:00","1916","1905"
"03.11.2015 00:00 - 03.11.2015 01:00","1767","1770"
"03.11.2015 01:00 - 03.11.2015 02:00","1704","1716"
"03.11.2015 02:00 - 03.11.2015 03:00","1685","1688"
"03.11.2015 03:00 - 03.11.2015 04:00","1697","1707"
"03.11.2015 04:00 - 03.11.2015 05:00","1759","1761"
"03.11.2015 05:00 - 03.11.2015 06:00","1925","1918"
"03.11.2015 06:00 - 03.11.2015 07:00","2387","2367"
"03.11.2015 07:00 - 03.11.2015 08:00","2828","2830"
"03.11.2015 08:00 - 03.11.2015 09:00","2915","2936"
"03.11.2015 09:00 - 03.11.2015 10:00","2904","2926"
"03.11.2015 10:00 - 03.11.2015 11:00","2937","2951"
"03.11.2015 11:00 - 03.11.2015 12:00","2933","2926"
"03.11.2015 12:00 - 03.11.2015 13:00","2847","2857"
"03.11.2015 13:00 - 03.11.2015 14:00","2879","2879"
"03.11.2015 14:00 - 03.11.2015 15:00","2818","2818"
"03.11.2015 15:00 - 03.11.2015 16:00","2725","2747"
"03.11.2015 16:00 - 03.11.2015 17:00","2829","2841"
"03.11.2015 17:00 - 03.11.2015 18:00","3151","3182"
"03.11.2015 18:00 - 03.11.2015 19:00","2987","2963"
"03.11.2015 19:00 - 03.11.2015 20:00","2748","2768"
"03.11.2015 20:00 - 03.11.2015 21:00","2553","2551"
"03.11.2015 21:00 - 03.11.2015 22:00","2351","2358"
"03.11.2015 22:00 - 03.11.2015 23:00","2139","2148"
"03.11.2015 23:00 - 04.11.2015 00:00","1922","1938"
"04.11.2015 00:00 - 04.11.2015 01:00","1810","1801"
"04.11.2015 01:00 - 04.11.2015 02:00","1730","1740"
"04.11.2015 02:00 - 04.11.2015 03:00","1711","1721"
"04.11.2015 03:00 - 04.11.2015 04:00","1724","1733"
"04.11.2015 04:00 - 04.11.2015 05:00","1781","1778"
"04.11.2015 05:00 - 04.11.2015 06:00","1955","1961"
"04.11.2015 06:00 - 04.11.2015 07:00","2426","2424"
"04.11.2015 07:00 - 04.11.2015 08:00","2866","2839"
"04.11.2015 08:00 - 04.11.2015 09:00","2912","2913"
"04.11.2015 09:00 - 04.11.2015 10:00","2881","2915"
"04.11.2015 10:00 - 04.11.2015 11:00","2922","2934"
"04.11.2015 11:00 - 04.11.2015 12:00","2914","2895"
"04.11.2015 12:00 - 04.11.2015 13:00","2813","2817"
"04.11.2015 13:00 - 04.11.2015 14:00","2829","2833"
"04.11.2015 14:00 - 04.11.2015 15:00","2779","2796"
"04.11.2015 15:00 - 04.11.2015 16:00","2699","2708"
"04.11.2015 16:00 - 04.11.2015 17:00","2786","2770"
"04.11.2015 17:00 - 04.11.2015 18:00","3103","3113"
"04.11.2015 18:00 - 04.11.2015 19:00","2945","2929"
"04.11.2015 19:00 - 04.11.2015 20:00","2728","2747"
"04.11.2015 20:00 - 04.11.2015 21:00","2544","2551"
"04.11.2015 21:00 - 04.11.2015 22:00","2366","2338"
"04.11.2015 22:00 - 04.11.2015 23:00","2175","2109"
"04.11.2015 23:00 - 05.11.2015 00:00","1965","1906"
"05.11.2015 00:00 - 05.11.2015 01:00","1773","1744"
"05.11.2015 01:00 - 05.11.2015 02:00","1700","1685"
"05.11.2015 02:00 - 05.11.2015 03:00","1666","1654"
"05.11.2015 03:00 - 05.11.2015 04:00","1672","1672"
"05.11.2015 04:00 - 05.11.2015 05:00","1738","1729"
"05.11.2015 05:00 - 05.11.2015 06:00","1911","1914"
"05.11.2015 06:00 - 05.11.2015 07:00","2366","2373"
"05.11.2015 07:00 - 05.11.2015 08:00","2795","2805"
"05.11.2015 08:00 - 05.11.2015 09:00","2898","2914"
"05.11.2015 09:00 - 05.11.2015 10:00","2897","2913"
"05.11.2015 10:00 - 05.11.2015 11:00","2959","2976"
"05.11.2015 11:00 - 05.11.2015 12:00","2953","2955"
"05.11.2015 12:00 - 05.11.2015 13:00","2872","2874"
"05.11.2015 13:00 - 05.11.2015 14:00","2904","2900"
"05.11.2015 14:00 - 05.11.2015 15:00","2852","2850"
"05.11.2015 15:00 - 05.11.2015 16:00","2750","2760"
"05.11.2015 16:00 - 05.11.2015 17:00","2859","2852"
"05.11.2015 17:00 - 05.11.2015 18:00","3137","3077"
"05.11.2015 18:00 - 05.11.2015 19:00","2925","2939"
"05.11.2015 19:00 - 05.11.2015 20:00","2740","2740"
"05.11.2015 20:00 - 05.11.2015 21:00","2564","2539"
"05.11.2015 21:00 - 05.11.2015 22:00","2391","2313"
"05.11.2015 22:00 - 05.11.2015 23:00","2197","2094"
"05.11.2015 23:00 - 06.11.2015 00:00","1985","1901"
"06.11.2015 00:00 - 06.11.2015 01:00","1765","1787"
"06.11.2015 01:00 - 06.11.2015 02:00","1718","1718"
"06.11.2015 02:00 - 06.11.2015 03:00","1701","1704"
"06.11.2015 03:00 - 06.11.2015 04:00","1712","1712"
"06.11.2015 04:00 - 06.11.2015 05:00","1762","1776"
"06.11.2015 05:00 - 06.11.2015 06:00","1944","1953"
"06.11.2015 06:00 - 06.11.2015 07:00","2381","2385"
"06.11.2015 07:00 - 06.11.2015 08:00","2808","2825"
"06.11.2015 08:00 - 06.11.2015 09:00","2888","2904"
"06.11.2015 09:00 - 06.11.2015 10:00","2888","2895"
"06.11.2015 10:00 - 06.11.2015 11:00","2924","2922"
"06.11.2015 11:00 - 06.11.2015 12:00","2858","2867"
"06.11.2015 12:00 - 06.11.2015 13:00","2744","2748"
"06.11.2015 13:00 - 06.11.2015 14:00","2660","2667"
"06.11.2015 14:00 - 06.11.2015 15:00","2553","2569"
"06.11.2015 15:00 - 06.11.2015 16:00","2503","2522"
"06.11.2015 16:00 - 06.11.2015 17:00","2645","2636"
"06.11.2015 17:00 - 06.11.2015 18:00","2915","2855"
"06.11.2015 18:00 - 06.11.2015 19:00","2719","2689"
"06.11.2015 19:00 - 06.11.2015 20:00","2452","2448"
"06.11.2015 20:00 - 06.11.2015 21:00","2270","2258"
"06.11.2015 21:00 - 06.11.2015 22:00","2117","2092"
"06.11.2015 22:00 - 06.11.2015 23:00","1956","1926"
"06.11.2015 23:00 - 07.11.2015 00:00","1796","1780"
"07.11.2015 00:00 - 07.11.2015 01:00","1632","1670"
"07.11.2015 01:00 - 07.11.2015 02:00","1577","1596"
"07.11.2015 02:00 - 07.11.2015 03:00","1540","1525"
"07.11.2015 03:00 - 07.11.2015 04:00","1520","1519"
"07.11.2015 04:00 - 07.11.2015 05:00","1525","1512"
"07.11.2015 05:00 - 07.11.2015 06:00","1555","1565"
"07.11.2015 06:00 - 07.11.2015 07:00","1692","1709"
"07.11.2015 07:00 - 07.11.2015 08:00","1907","1909"
"07.11.2015 08:00 - 07.11.2015 09:00","2055","2056"
"07.11.2015 09:00 - 07.11.2015 10:00","2161","2132"
"07.11.2015 10:00 - 07.11.2015 11:00","2184","2167"
"07.11.2015 11:00 - 07.11.2015 12:00","2170","2183"
"07.11.2015 12:00 - 07.11.2015 13:00","2144","2130"
"07.11.2015 13:00 - 07.11.2015 14:00","2111","2129"
"07.11.2015 14:00 - 07.11.2015 15:00","2121","2128"
"07.11.2015 15:00 - 07.11.2015 16:00","2184","2204"
"07.11.2015 16:00 - 07.11.2015 17:00","2367","2383"
"07.11.2015 17:00 - 07.11.2015 18:00","2619","2600"
"07.11.2015 18:00 - 07.11.2015 19:00","2462","2459"
"07.11.2015 19:00 - 07.11.2015 20:00","2265","2266"
"07.11.2015 20:00 - 07.11.2015 21:00","2090","2075"
"07.11.2015 21:00 - 07.11.2015 22:00","1900","1888"
"07.11.2015 22:00 - 07.11.2015 23:00","1746","1771"
"07.11.2015 23:00 - 08.11.2015 00:00","1617","1657"
"08.11.2015 00:00 - 08.11.2015 01:00","1534","1516"
"08.11.2015 01:00 - 08.11.2015 02:00","1457","1432"
"08.11.2015 02:00 - 08.11.2015 03:00","1391","1371"
"08.11.2015 03:00 - 08.11.2015 04:00","1375","1388"
"08.11.2015 04:00 - 08.11.2015 05:00","1405","1398"
"08.11.2015 05:00 - 08.11.2015 06:00","1458","1461"
"08.11.2015 06:00 - 08.11.2015 07:00","1584","1553"
"08.11.2015 07:00 - 08.11.2015 08:00","1732","1679"
"08.11.2015 08:00 - 08.11.2015 09:00","1855","1833"
"08.11.2015 09:00 - 08.11.2015 10:00","1957","1942"
"08.11.2015 10:00 - 08.11.2015 11:00","1973","1966"
"08.11.2015 11:00 - 08.11.2015 12:00","1970","1963"
"08.11.2015 12:00 - 08.11.2015 13:00","1945","1962"
"08.11.2015 13:00 - 08.11.2015 14:00","1957","1959"
"08.11.2015 14:00 - 08.11.2015 15:00","1971","1972"
"08.11.2015 15:00 - 08.11.2015 16:00","2018","2040"
"08.11.2015 16:00 - 08.11.2015 17:00","2230","2274"
"08.11.2015 17:00 - 08.11.2015 18:00","2618","2626"
"08.11.2015 18:00 - 08.11.2015 19:00","2491","2478"
"08.11.2015 19:00 - 08.11.2015 20:00","2307","2303"
"08.11.2015 20:00 - 08.11.2015 21:00","2153","2172"
"08.11.2015 21:00 - 08.11.2015 22:00","2037","2049"
"08.11.2015 22:00 - 08.11.2015 23:00","1855","1825"
"08.11.2015 23:00 - 09.11.2015 00:00","1707","1744"
"09.11.2015 00:00 - 09.11.2015 01:00","1631","1624"
"09.11.2015 01:00 - 09.11.2015 02:00","1578","1585"
"09.11.2015 02:00 - 09.11.2015 03:00","1562","1599"
"09.11.2015 03:00 - 09.11.2015 04:00","1567","1568"
"09.11.2015 04:00 - 09.11.2015 05:00","1616","1630"
"09.11.2015 05:00 - 09.11.2015 06:00","1786","1786"
"09.11.2015 06:00 - 09.11.2015 07:00","2223","2234"
"09.11.2015 07:00 - 09.11.2015 08:00","2674","2686"
"09.11.2015 08:00 - 09.11.2015 09:00","2779","2764"
"09.11.2015 09:00 - 09.11.2015 10:00","2737","2718"
"09.11.2015 10:00 - 09.11.2015 11:00","2766","2790"
"09.11.2015 11:00 - 09.11.2015 12:00","2777","2808"
"09.11.2015 12:00 - 09.11.2015 13:00","2733","2740"
"09.11.2015 13:00 - 09.11.2015 14:00","2766","2761"
"09.11.2015 14:00 - 09.11.2015 15:00","2722","2721"
"09.11.2015 15:00 - 09.11.2015 16:00","2676","2678"
"09.11.2015 16:00 - 09.11.2015 17:00","2797","2787"
"09.11.2015 17:00 - 09.11.2015 18:00","3044","2991"
"09.11.2015 18:00 - 09.11.2015 19:00","2791","2795"
"09.11.2015 19:00 - 09.11.2015 20:00","2615","2593"
"09.11.2015 20:00 - 09.11.2015 21:00","2418","2380"
"09.11.2015 21:00 - 09.11.2015 22:00","2200","2200"
"09.11.2015 22:00 - 09.11.2015 23:00","2022","2024"
"09.11.2015 23:00 - 10.11.2015 00:00","1867","1837"
"10.11.2015 00:00 - 10.11.2015 01:00","1714","1722"
"10.11.2015 01:00 - 10.11.2015 02:00","1679","1685"
"10.11.2015 02:00 - 10.11.2015 03:00","1658","1675"
"10.11.2015 03:00 - 10.11.2015 04:00","1673","1706"
"10.11.2015 04:00 - 10.11.2015 05:00","1739","1772"
"10.11.2015 05:00 - 10.11.2015 06:00","1914","1934"
"10.11.2015 06:00 - 10.11.2015 07:00","2345","2337"
"10.11.2015 07:00 - 10.11.2015 08:00","2796","2824"
"10.11.2015 08:00 - 10.11.2015 09:00","2866","2923"
"10.11.2015 09:00 - 10.11.2015 10:00","2865","2907"
"10.11.2015 10:00 - 10.11.2015 11:00","2922","2742"
"10.11.2015 11:00 - 10.11.2015 12:00","3046","2593"
"10.11.2015 12:00 - 10.11.2015 13:00","2982","2506"
"10.11.2015 13:00 - 10.11.2015 14:00","2938","2538"
"10.11.2015 14:00 - 10.11.2015 15:00","2673","2555"
"10.11.2015 15:00 - 10.11.2015 16:00","2534","2560"
"10.11.2015 16:00 - 10.11.2015 17:00","2631","2646"
"10.11.2015 17:00 - 10.11.2015 18:00","2940","2954"
"10.11.2015 18:00 - 10.11.2015 19:00","2745","2706"
"10.11.2015 19:00 - 10.11.2015 20:00","2446","2453"
"10.11.2015 20:00 - 10.11.2015 21:00","2263","2237"
"10.11.2015 21:00 - 10.11.2015 22:00","2040","2057"
"10.11.2015 22:00 - 10.11.2015 23:00","1788","1838"
"10.11.2015 23:00 - 11.11.2015 00:00","1587","1656"
"11.11.2015 00:00 - 11.11.2015 01:00","1569","1594"
"11.11.2015 01:00 - 11.11.2015 02:00","1537","1514"
"11.11.2015 02:00 - 11.11.2015 03:00","1507","1490"
"11.11.2015 03:00 - 11.11.2015 04:00","1504","1503"
"11.11.2015 04:00 - 11.11.2015 05:00","1545","1523"
"11.11.2015 05:00 - 11.11.2015 06:00","1728","1723"
"11.11.2015 06:00 - 11.11.2015 07:00","2193","2190"
"11.11.2015 07:00 - 11.11.2015 08:00","2612","2611"
"11.11.2015 08:00 - 11.11.2015 09:00","2695","2727"
"11.11.2015 09:00 - 11.11.2015 10:00","2728","2738"
"11.11.2015 10:00 - 11.11.2015 11:00","2784","2798"
"11.11.2015 11:00 - 11.11.2015 12:00","2778","2773"
"11.11.2015 12:00 - 11.11.2015 13:00","2748","2731"
"11.11.2015 13:00 - 11.11.2015 14:00","2798","2820"
"11.11.2015 14:00 - 11.11.2015 15:00","2775","2822"
"11.11.2015 15:00 - 11.11.2015 16:00","2725","2744"
"11.11.2015 16:00 - 11.11.2015 17:00","2847","2881"
"11.11.2015 17:00 - 11.11.2015 18:00","3079","3093"
"11.11.2015 18:00 - 11.11.2015 19:00","2909","2919"
"11.11.2015 19:00 - 11.11.2015 20:00","2719","2729"
"11.11.2015 20:00 - 11.11.2015 21:00","2519","2506"
"11.11.2015 21:00 - 11.11.2015 22:00","2276","2269"
"11.11.2015 22:00 - 11.11.2015 23:00","2060","2063"
"11.11.2015 23:00 - 12.11.2015 00:00","1853","1870"
"12.11.2015 00:00 - 12.11.2015 01:00","1706","1700"
"12.11.2015 01:00 - 12.11.2015 02:00","1639","1616"
"12.11.2015 02:00 - 12.11.2015 03:00","1619","1608"
"12.11.2015 03:00 - 12.11.2015 04:00","1616","1596"
"12.11.2015 04:00 - 12.11.2015 05:00","1600","1598"
"12.11.2015 05:00 - 12.11.2015 06:00","1769","1774"
"12.11.2015 06:00 - 12.11.2015 07:00","2197","2102"
"12.11.2015 07:00 - 12.11.2015 08:00","2627","2098"
"12.11.2015 08:00 - 12.11.2015 09:00","2725","2729"
"12.11.2015 09:00 - 12.11.2015 10:00","2715","2683"
"12.11.2015 10:00 - 12.11.2015 11:00","2732","2703"
"12.11.2015 11:00 - 12.11.2015 12:00","2668","2592"
"12.11.2015 12:00 - 12.11.2015 13:00","2526","2505"
"12.11.2015 13:00 - 12.11.2015 14:00","2593","2601"
"12.11.2015 14:00 - 12.11.2015 15:00","2517","2416"
"12.11.2015 15:00 - 12.11.2015 16:00","2523","2538"
"12.11.2015 16:00 - 12.11.2015 17:00","2637","2696"
"12.11.2015 17:00 - 12.11.2015 18:00","3023","3068"
"12.11.2015 18:00 - 12.11.2015 19:00","2910","2939"
"12.11.2015 19:00 - 12.11.2015 20:00","2709","2717"
"12.11.2015 20:00 - 12.11.2015 21:00","2499","2512"
"12.11.2015 21:00 - 12.11.2015 22:00","2320","2325"
"12.11.2015 22:00 - 12.11.2015 23:00","2102","2105"
"12.11.2015 23:00 - 13.11.2015 00:00","1876","1879"
"13.11.2015 00:00 - 13.11.2015 01:00","1759","1776"
"13.11.2015 01:00 - 13.11.2015 02:00","1715","1720"
"13.11.2015 02:00 - 13.11.2015 03:00","1664","1643"
"13.11.2015 03:00 - 13.11.2015 04:00","1645","1642"
"13.11.2015 04:00 - 13.11.2015 05:00","1693","1681"
"13.11.2015 05:00 - 13.11.2015 06:00","1844","1838"
"13.11.2015 06:00 - 13.11.2015 07:00","2264","2288"
"13.11.2015 07:00 - 13.11.2015 08:00","2708","2715"
"13.11.2015 08:00 - 13.11.2015 09:00","2799","2806"
"13.11.2015 09:00 - 13.11.2015 10:00","2792","2809"
"13.11.2015 10:00 - 13.11.2015 11:00","2868","2859"
"13.11.2015 11:00 - 13.11.2015 12:00","2813","2795"
"13.11.2015 12:00 - 13.11.2015 13:00","2621","2613"
"13.11.2015 13:00 - 13.11.2015 14:00","2541","2465"
"13.11.2015 14:00 - 13.11.2015 15:00","2404","2394"
"13.11.2015 15:00 - 13.11.2015 16:00","2351","2346"
"13.11.2015 16:00 - 13.11.2015 17:00","2490","2498"
"13.11.2015 17:00 - 13.11.2015 18:00","2780","2869"
"13.11.2015 18:00 - 13.11.2015 19:00","2700","2720"
"13.11.2015 19:00 - 13.11.2015 20:00","2492","2500"
"13.11.2015 20:00 - 13.11.2015 21:00","2293","2262"
"13.11.2015 21:00 - 13.11.2015 22:00","2135","2156"
"13.11.2015 22:00 - 13.11.2015 23:00","2050","1938"
"13.11.2015 23:00 - 14.11.2015 00:00","1883","1750"
"14.11.2015 00:00 - 14.11.2015 01:00","1688","1697"
"14.11.2015 01:00 - 14.11.2015 02:00","1615","1650"
"14.11.2015 02:00 - 14.11.2015 03:00","1585","1586"
"14.11.2015 03:00 - 14.11.2015 04:00","1592","1618"
"14.11.2015 04:00 - 14.11.2015 05:00","1625","1620"
"14.11.2015 05:00 - 14.11.2015 06:00","1651","1656"
"14.11.2015 06:00 - 14.11.2015 07:00","1762","1795"
"14.11.2015 07:00 - 14.11.2015 08:00","1988","1974"
"14.11.2015 08:00 - 14.11.2015 09:00","2101","2097"
"14.11.2015 09:00 - 14.11.2015 10:00","2220","2207"
"14.11.2015 10:00 - 14.11.2015 11:00","2274","2248"
"14.11.2015 11:00 - 14.11.2015 12:00","2229","2195"
"14.11.2015 12:00 - 14.11.2015 13:00","2166","2162"
"14.11.2015 13:00 - 14.11.2015 14:00","2126","2112"
"14.11.2015 14:00 - 14.11.2015 15:00","2112","2110"
"14.11.2015 15:00 - 14.11.2015 16:00","2117","2074"
"14.11.2015 16:00 - 14.11.2015 17:00","2250","2224"
"14.11.2015 17:00 - 14.11.2015 18:00","2414","2393"
"14.11.2015 18:00 - 14.11.2015 19:00","2344","2442"
"14.11.2015 19:00 - 14.11.2015 20:00","2232","2218"
"14.11.2015 20:00 - 14.11.2015 21:00","2080","2080"
"14.11.2015 21:00 - 14.11.2015 22:00","1961","2000"
"14.11.2015 22:00 - 14.11.2015 23:00","1837","1853"
"14.11.2015 23:00 - 15.11.2015 00:00","1717","1736"
"15.11.2015 00:00 - 15.11.2015 01:00","1599","1591"
"15.11.2015 01:00 - 15.11.2015 02:00","1527","1536"
"15.11.2015 02:00 - 15.11.2015 03:00","1523","1518"
"15.11.2015 03:00 - 15.11.2015 04:00","1495","1493"
"15.11.2015 04:00 - 15.11.2015 05:00","1511","1506"
"15.11.2015 05:00 - 15.11.2015 06:00","1551","1558"
"15.11.2015 06:00 - 15.11.2015 07:00","1677","1683"
"15.11.2015 07:00 - 15.11.2015 08:00","1844","1857"
"15.11.2015 08:00 - 15.11.2015 09:00","1998","2026"
"15.11.2015 09:00 - 15.11.2015 10:00","2106","2143"
"15.11.2015 10:00 - 15.11.2015 11:00","2181","2199"
"15.11.2015 11:00 - 15.11.2015 12:00","2195","2207"
"15.11.2015 12:00 - 15.11.2015 13:00","2182","2154"
"15.11.2015 13:00 - 15.11.2015 14:00","2153","2102"
"15.11.2015 14:00 - 15.11.2015 15:00","2109","2073"
"15.11.2015 15:00 - 15.11.2015 16:00","2111","2108"
"15.11.2015 16:00 - 15.11.2015 17:00","2328","2328"
"15.11.2015 17:00 - 15.11.2015 18:00","2668","2684"
"15.11.2015 18:00 - 15.11.2015 19:00","2587","2582"
"15.11.2015 19:00 - 15.11.2015 20:00","2406","2404"
"15.11.2015 20:00 - 15.11.2015 21:00","2234","2236"
"15.11.2015 21:00 - 15.11.2015 22:00","2098","2105"
"15.11.2015 22:00 - 15.11.2015 23:00","1935","1943"
"15.11.2015 23:00 - 16.11.2015 00:00","1788","1788"
"16.11.2015 00:00 - 16.11.2015 01:00","1651","1689"
"16.11.2015 01:00 - 16.11.2015 02:00","1617","1595"
"16.11.2015 02:00 - 16.11.2015 03:00","1562","1557"
"16.11.2015 03:00 - 16.11.2015 04:00","1595","1610"
"16.11.2015 04:00 - 16.11.2015 05:00","1647","1660"
"16.11.2015 05:00 - 16.11.2015 06:00","1842","1825"
"16.11.2015 06:00 - 16.11.2015 07:00","2294","2273"
"16.11.2015 07:00 - 16.11.2015 08:00","2760","2714"
"16.11.2015 08:00 - 16.11.2015 09:00","2803","2800"
"16.11.2015 09:00 - 16.11.2015 10:00","2805","2804"
"16.11.2015 10:00 - 16.11.2015 11:00","2858","2858"
"16.11.2015 11:00 - 16.11.2015 12:00","2848","2848"
"16.11.2015 12:00 - 16.11.2015 13:00","2736","2701"
"16.11.2015 13:00 - 16.11.2015 14:00","2697","2696"
"16.11.2015 14:00 - 16.11.2015 15:00","2687","2698"
"16.11.2015 15:00 - 16.11.2015 16:00","2656","2673"
"16.11.2015 16:00 - 16.11.2015 17:00","2804","2813"
"16.11.2015 17:00 - 16.11.2015 18:00","3022","3039"
"16.11.2015 18:00 - 16.11.2015 19:00","2875","2894"
"16.11.2015 19:00 - 16.11.2015 20:00","2692","2675"
"16.11.2015 20:00 - 16.11.2015 21:00","2466","2476"
"16.11.2015 21:00 - 16.11.2015 22:00","2288","2304"
"16.11.2015 22:00 - 16.11.2015 23:00","2063","2109"
"16.11.2015 23:00 - 17.11.2015 00:00","1852","1899"
"17.11.2015 00:00 - 17.11.2015 01:00","1765","1758"
"17.11.2015 01:00 - 17.11.2015 02:00","1697","1698"
"17.11.2015 02:00 - 17.11.2015 03:00","1701","1713"
"17.11.2015 03:00 - 17.11.2015 04:00","1701","1708"
"17.11.2015 04:00 - 17.11.2015 05:00","1750","1757"
"17.11.2015 05:00 - 17.11.2015 06:00","1915","1914"
"17.11.2015 06:00 - 17.11.2015 07:00","2379","2389"
"17.11.2015 07:00 - 17.11.2015 08:00","2886","2873"
"17.11.2015 08:00 - 17.11.2015 09:00","2945","2937"
"17.11.2015 09:00 - 17.11.2015 10:00","2907","2899"
"17.11.2015 10:00 - 17.11.2015 11:00","2915","2894"
"17.11.2015 11:00 - 17.11.2015 12:00","2880","2871"
"17.11.2015 12:00 - 17.11.2015 13:00","2792","2769"
"17.11.2015 13:00 - 17.11.2015 14:00","2816","2806"
"17.11.2015 14:00 - 17.11.2015 15:00","2767","2773"
"17.11.2015 15:00 - 17.11.2015 16:00","2693","2726"
"17.11.2015 16:00 - 17.11.2015 17:00","2838","2860"
"17.11.2015 17:00 - 17.11.2015 18:00","3087","3104"
"17.11.2015 18:00 - 17.11.2015 19:00","2927","2919"
"17.11.2015 19:00 - 17.11.2015 20:00","2712","2697"
"17.11.2015 20:00 - 17.11.2015 21:00","2529","2510"
"17.11.2015 21:00 - 17.11.2015 22:00","2344","2338"
"17.11.2015 22:00 - 17.11.2015 23:00","2141","2159"
"17.11.2015 23:00 - 18.11.2015 00:00","1936","1973"
"18.11.2015 00:00 - 18.11.2015 01:00","1823","1832"
"18.11.2015 01:00 - 18.11.2015 02:00","1728","1725"
"18.11.2015 02:00 - 18.11.2015 03:00","1681","1686"
"18.11.2015 03:00 - 18.11.2015 04:00","1707","1727"
"18.11.2015 04:00 - 18.11.2015 05:00","1748","1715"
"18.11.2015 05:00 - 18.11.2015 06:00","1889","1890"
"18.11.2015 06:00 - 18.11.2015 07:00","2335","2334"
"18.11.2015 07:00 - 18.11.2015 08:00","2794","2812"
"18.11.2015 08:00 - 18.11.2015 09:00","2865","2846"
"18.11.2015 09:00 - 18.11.2015 10:00","2842","2859"
"18.11.2015 10:00 - 18.11.2015 11:00","2878","2821"
"18.11.2015 11:00 - 18.11.2015 12:00","2806","2776"
"18.11.2015 12:00 - 18.11.2015 13:00","2709","2713"
"18.11.2015 13:00 - 18.11.2015 14:00","2783","2733"
"18.11.2015 14:00 - 18.11.2015 15:00","2690","2676"
"18.11.2015 15:00 - 18.11.2015 16:00","2633","2667"
"18.11.2015 16:00 - 18.11.2015 17:00","2779","2805"
"18.11.2015 17:00 - 18.11.2015 18:00","3072","3085"
"18.11.2015 18:00 - 18.11.2015 19:00","2910","2890"
"18.11.2015 19:00 - 18.11.2015 20:00","2706","2684"
"18.11.2015 20:00 - 18.11.2015 21:00","2494","2466"
"18.11.2015 21:00 - 18.11.2015 22:00","2270","2266"
"18.11.2015 22:00 - 18.11.2015 23:00","2087","2070"
"18.11.2015 23:00 - 19.11.2015 00:00","1905","1867"
"19.11.2015 00:00 - 19.11.2015 01:00","1721","1705"
"19.11.2015 01:00 - 19.11.2015 02:00","1686","1673"
"19.11.2015 02:00 - 19.11.2015 03:00","1663","1652"
"19.11.2015 03:00 - 19.11.2015 04:00","1661","1648"
"19.11.2015 04:00 - 19.11.2015 05:00","1715","1729"
"19.11.2015 05:00 - 19.11.2015 06:00","1895","1915"
"19.11.2015 06:00 - 19.11.2015 07:00","2365","2360"
"19.11.2015 07:00 - 19.11.2015 08:00","2825","2803"
"19.11.2015 08:00 - 19.11.2015 09:00","2901","2914"
"19.11.2015 09:00 - 19.11.2015 10:00","2900","2924"
"19.11.2015 10:00 - 19.11.2015 11:00","2932","2893"
"19.11.2015 11:00 - 19.11.2015 12:00","2882","2869"
"19.11.2015 12:00 - 19.11.2015 13:00","2805","2820"
"19.11.2015 13:00 - 19.11.2015 14:00","2854","2843"
"19.11.2015 14:00 - 19.11.2015 15:00","2796","2792"
"19.11.2015 15:00 - 19.11.2015 16:00","2713","2719"
"19.11.2015 16:00 - 19.11.2015 17:00","2847","2897"
"19.11.2015 17:00 - 19.11.2015 18:00","3114","3121"
"19.11.2015 18:00 - 19.11.2015 19:00","2947","2970"
"19.11.2015 19:00 - 19.11.2015 20:00","2767","2794"
"19.11.2015 20:00 - 19.11.2015 21:00","2598","2621"
"19.11.2015 21:00 - 19.11.2015 22:00","2421","2434"
"19.11.2015 22:00 - 19.11.2015 23:00","2220","2201"
"19.11.2015 23:00 - 20.11.2015 00:00","1999","2002"
"20.11.2015 00:00 - 20.11.2015 01:00","1842","1869"
"20.11.2015 01:00 - 20.11.2015 02:00","1799","1806"
"20.11.2015 02:00 - 20.11.2015 03:00","1774","1754"
"20.11.2015 03:00 - 20.11.2015 04:00","1748","1763"
"20.11.2015 04:00 - 20.11.2015 05:00","1815","1826"
"20.11.2015 05:00 - 20.11.2015 06:00","1997","2001"
"20.11.2015 06:00 - 20.11.2015 07:00","2429","2418"
"20.11.2015 07:00 - 20.11.2015 08:00","2865","2850"
"20.11.2015 08:00 - 20.11.2015 09:00","2940","2953"
"20.11.2015 09:00 - 20.11.2015 10:00","2932","2944"
"20.11.2015 10:00 - 20.11.2015 11:00","2954","2955"
"20.11.2015 11:00 - 20.11.2015 12:00","2900","2915"
"20.11.2015 12:00 - 20.11.2015 13:00","2788","2798"
"20.11.2015 13:00 - 20.11.2015 14:00","2723","2718"
"20.11.2015 14:00 - 20.11.2015 15:00","2629","2619"
"20.11.2015 15:00 - 20.11.2015 16:00","2557","2552"
"20.11.2015 16:00 - 20.11.2015 17:00","2709","2730"
"20.11.2015 17:00 - 20.11.2015 18:00","2912","2934"
"20.11.2015 18:00 - 20.11.2015 19:00","2787","2768"
"20.11.2015 19:00 - 20.11.2015 20:00","2543","2549"
"20.11.2015 20:00 - 20.11.2015 21:00","2353","2355"
"20.11.2015 21:00 - 20.11.2015 22:00","2209","2213"
"20.11.2015 22:00 - 20.11.2015 23:00","2044","2044"
"20.11.2015 23:00 - 21.11.2015 00:00","1881","1861"
"21.11.2015 00:00 - 21.11.2015 01:00","1734","1722"
"21.11.2015 01:00 - 21.11.2015 02:00","1656","1662"
"21.11.2015 02:00 - 21.11.2015 03:00","1625","1621"
"21.11.2015 03:00 - 21.11.2015 04:00","1614","1623"
"21.11.2015 04:00 - 21.11.2015 05:00","1632","1624"
"21.11.2015 05:00 - 21.11.2015 06:00","1675","1663"
"21.11.2015 06:00 - 21.11.2015 07:00","1829","1848"
"21.11.2015 07:00 - 21.11.2015 08:00","2076","2041"
"21.11.2015 08:00 - 21.11.2015 09:00","2220","2225"
"21.11.2015 09:00 - 21.11.2015 10:00","2343","2336"
"21.11.2015 10:00 - 21.11.2015 11:00","2391","2361"
"21.11.2015 11:00 - 21.11.2015 12:00","2374","2326"
"21.11.2015 12:00 - 21.11.2015 13:00","2301","2254"
"21.11.2015 13:00 - 21.11.2015 14:00","2219","2203"
"21.11.2015 14:00 - 21.11.2015 15:00","2198","2183"
"21.11.2015 15:00 - 21.11.2015 16:00","2265","2241"
"21.11.2015 16:00 - 21.11.2015 17:00","2487","2470"
"21.11.2015 17:00 - 21.11.2015 18:00","2699","2719"
"21.11.2015 18:00 - 21.11.2015 19:00","2588","2616"
"21.11.2015 19:00 - 21.11.2015 20:00","2398","2421"
"21.11.2015 20:00 - 21.11.2015 21:00","2258","2264"
"21.11.2015 21:00 - 21.11.2015 22:00","2107","2111"
"21.11.2015 22:00 - 21.11.2015 23:00","1953","1969"
"21.11.2015 23:00 - 22.11.2015 00:00","1813","1825"
"22.11.2015 00:00 - 22.11.2015 01:00","1712","1666"
"22.11.2015 01:00 - 22.11.2015 02:00","1556","1579"
"22.11.2015 02:00 - 22.11.2015 03:00","1510","1497"
"22.11.2015 03:00 - 22.11.2015 04:00","1496","1498"
"22.11.2015 04:00 - 22.11.2015 05:00","1534","1548"
"22.11.2015 05:00 - 22.11.2015 06:00","1622","1630"
"22.11.2015 06:00 - 22.11.2015 07:00","1769","1753"
"22.11.2015 07:00 - 22.11.2015 08:00","1933","1918"
"22.11.2015 08:00 - 22.11.2015 09:00","2064","2041"
"22.11.2015 09:00 - 22.11.2015 10:00","2146","2136"
"22.11.2015 10:00 - 22.11.2015 11:00","2205","2167"
"22.11.2015 11:00 - 22.11.2015 12:00","2210","2199"
"22.11.2015 12:00 - 22.11.2015 13:00","2192","2178"
"22.11.2015 13:00 - 22.11.2015 14:00","2168","2147"
"22.11.2015 14:00 - 22.11.2015 15:00","2170","2177"
"22.11.2015 15:00 - 22.11.2015 16:00","2193","2155"
"22.11.2015 16:00 - 22.11.2015 17:00","2377","2382"
"22.11.2015 17:00 - 22.11.2015 18:00","2676","2679"
"22.11.2015 18:00 - 22.11.2015 19:00","2618","2626"
"22.11.2015 19:00 - 22.11.2015 20:00","2450","2452"
"22.11.2015 20:00 - 22.11.2015 21:00","2303","2313"
"22.11.2015 21:00 - 22.11.2015 22:00","2182","2203"
"22.11.2015 22:00 - 22.11.2015 23:00","2014","2061"
"22.11.2015 23:00 - 23.11.2015 00:00","1852","1922"
"23.11.2015 00:00 - 23.11.2015 01:00","1833","1854"
"23.11.2015 01:00 - 23.11.2015 02:00","1800","1817"
"23.11.2015 02:00 - 23.11.2015 03:00","1782","1809"
"23.11.2015 03:00 - 23.11.2015 04:00","1818","1840"
"23.11.2015 04:00 - 23.11.2015 05:00","1890","1920"
"23.11.2015 05:00 - 23.11.2015 06:00","2096","2101"
"23.11.2015 06:00 - 23.11.2015 07:00","2587","2557"
"23.11.2015 07:00 - 23.11.2015 08:00","3057","3044"
"23.11.2015 08:00 - 23.11.2015 09:00","3124","3119"
"23.11.2015 09:00 - 23.11.2015 10:00","3059","3047"
"23.11.2015 10:00 - 23.11.2015 11:00","3075","3073"
"23.11.2015 11:00 - 23.11.2015 12:00","3058","3058"
"23.11.2015 12:00 - 23.11.2015 13:00","2969","2956"
"23.11.2015 13:00 - 23.11.2015 14:00","2981","2983"
"23.11.2015 14:00 - 23.11.2015 15:00","2956","2942"
"23.11.2015 15:00 - 23.11.2015 16:00","2899","2895"
"23.11.2015 16:00 - 23.11.2015 17:00","3019","3019"
"23.11.2015 17:00 - 23.11.2015 18:00","3231","3208"
"23.11.2015 18:00 - 23.11.2015 19:00","2998","2992"
"23.11.2015 19:00 - 23.11.2015 20:00","2774","2781"
"23.11.2015 20:00 - 23.11.2015 21:00","2581","2590"
"23.11.2015 21:00 - 23.11.2015 22:00","2426","2438"
"23.11.2015 22:00 - 23.11.2015 23:00","2201","2229"
"23.11.2015 23:00 - 24.11.2015 00:00","1992","2065"
"24.11.2015 00:00 - 24.11.2015 01:00","1896","1891"
"24.11.2015 01:00 - 24.11.2015 02:00","1838","1839"
"24.11.2015 02:00 - 24.11.2015 03:00","1811","1804"
"24.11.2015 03:00 - 24.11.2015 04:00","1812","1766"
"24.11.2015 04:00 - 24.11.2015 05:00","1846","1789"
"24.11.2015 05:00 - 24.11.2015 06:00","1974","1947"
"24.11.2015 06:00 - 24.11.2015 07:00","2446","2418"
"24.11.2015 07:00 - 24.11.2015 08:00","2913","2862"
"24.11.2015 08:00 - 24.11.2015 09:00","2986","2973"
"24.11.2015 09:00 - 24.11.2015 10:00","2936","2940"
"24.11.2015 10:00 - 24.11.2015 11:00","2987","3002"
"24.11.2015 11:00 - 24.11.2015 12:00","2961","2948"
"24.11.2015 12:00 - 24.11.2015 13:00","2840","2838"
"24.11.2015 13:00 - 24.11.2015 14:00","2930","2943"
"24.11.2015 14:00 - 24.11.2015 15:00","2892","2694"
"24.11.2015 15:00 - 24.11.2015 16:00","2840","2821"
"24.11.2015 16:00 - 24.11.2015 17:00","2951","2926"
"24.11.2015 17:00 - 24.11.2015 18:00","3160","3078"
"24.11.2015 18:00 - 24.11.2015 19:00","2944","2913"
"24.11.2015 19:00 - 24.11.2015 20:00","2719","2729"
"24.11.2015 20:00 - 24.11.2015 21:00","2553","2569"
"24.11.2015 21:00 - 24.11.2015 22:00","2369","2389"
"24.11.2015 22:00 - 24.11.2015 23:00","2157","2193"
"24.11.2015 23:00 - 25.11.2015 00:00","1951","1974"
"25.11.2015 00:00 - 25.11.2015 01:00","1921","1855"
"25.11.2015 01:00 - 25.11.2015 02:00","1797","1794"
"25.11.2015 02:00 - 25.11.2015 03:00","1780","1791"
"25.11.2015 03:00 - 25.11.2015 04:00","1803","1794"
"25.11.2015 04:00 - 25.11.2015 05:00","1863","1853"
"25.11.2015 05:00 - 25.11.2015 06:00","2060","2053"
"25.11.2015 06:00 - 25.11.2015 07:00","2528","2521"
"25.11.2015 07:00 - 25.11.2015 08:00","3025","2989"
"25.11.2015 08:00 - 25.11.2015 09:00","3082","3044"
"25.11.2015 09:00 - 25.11.2015 10:00","2992","3010"
"25.11.2015 10:00 - 25.11.2015 11:00","3039","3038"
"25.11.2015 11:00 - 25.11.2015 12:00","3031","3035"
"25.11.2015 12:00 - 25.11.2015 13:00","2948","2961"
"25.11.2015 13:00 - 25.11.2015 14:00","2997","2922"
"25.11.2015 14:00 - 25.11.2015 15:00","2903","2864"
"25.11.2015 15:00 - 25.11.2015 16:00","2809","2858"
"25.11.2015 16:00 - 25.11.2015 17:00","2981","3028"
"25.11.2015 17:00 - 25.11.2015 18:00","3222","3238"
"25.11.2015 18:00 - 25.11.2015 19:00","3063","3060"
"25.11.2015 19:00 - 25.11.2015 20:00","2872","2887"
"25.11.2015 20:00 - 25.11.2015 21:00","2702","2709"
"25.11.2015 21:00 - 25.11.2015 22:00","2530","2506"
"25.11.2015 22:00 - 25.11.2015 23:00","2327","2263"
"25.11.2015 23:00 - 26.11.2015 00:00","2107","2049"
"26.11.2015 00:00 - 26.11.2015 01:00","1907","1918"
"26.11.2015 01:00 - 26.11.2015 02:00","1845","1852"
"26.11.2015 02:00 - 26.11.2015 03:00","1835","1837"
"26.11.2015 03:00 - 26.11.2015 04:00","1848","1850"
"26.11.2015 04:00 - 26.11.2015 05:00","1894","1915"
"26.11.2015 05:00 - 26.11.2015 06:00","2083","2095"
"26.11.2015 06:00 - 26.11.2015 07:00","2550","2563"
"26.11.2015 07:00 - 26.11.2015 08:00","3047","3029"
"26.11.2015 08:00 - 26.11.2015 09:00","3132","3120"
"26.11.2015 09:00 - 26.11.2015 10:00","3064","3051"
"26.11.2015 10:00 - 26.11.2015 11:00","3070","3045"
"26.11.2015 11:00 - 26.11.2015 12:00","3034","3044"
"26.11.2015 12:00 - 26.11.2015 13:00","2955","2919"
"26.11.2015 13:00 - 26.11.2015 14:00","2963","2957"
"26.11.2015 14:00 - 26.11.2015 15:00","2925","2945"
"26.11.2015 15:00 - 26.11.2015 16:00","2891","2828"
"26.11.2015 16:00 - 26.11.2015 17:00","2952","2960"
"26.11.2015 17:00 - 26.11.2015 18:00","3149","3152"
"26.11.2015 18:00 - 26.11.2015 19:00","2990","2998"
"26.11.2015 19:00 - 26.11.2015 20:00","2828","2856"
"26.11.2015 20:00 - 26.11.2015 21:00","2683","2671"
"26.11.2015 21:00 - 26.11.2015 22:00","2478","2491"
"26.11.2015 22:00 - 26.11.2015 23:00","2266","2280"
"26.11.2015 23:00 - 27.11.2015 00:00","2052","2063"
"27.11.2015 00:00 - 27.11.2015 01:00","1918","1907"
"27.11.2015 01:00 - 27.11.2015 02:00","1848","1850"
"27.11.2015 02:00 - 27.11.2015 03:00","1819","1835"
"27.11.2015 03:00 - 27.11.2015 04:00","1913","2002"
"27.11.2015 04:00 - 27.11.2015 05:00","2001","2030"
"27.11.2015 05:00 - 27.11.2015 06:00","2174","2201"
"27.11.2015 06:00 - 27.11.2015 07:00","2619","2642"
"27.11.2015 07:00 - 27.11.2015 08:00","3086","3072"
"27.11.2015 08:00 - 27.11.2015 09:00","3130","3073"
"27.11.2015 09:00 - 27.11.2015 10:00","3042","3039"
"27.11.2015 10:00 - 27.11.2015 11:00","3054","3009"
"27.11.2015 11:00 - 27.11.2015 12:00","2983","2966"
"27.11.2015 12:00 - 27.11.2015 13:00","2856","2882"
"27.11.2015 13:00 - 27.11.2015 14:00","2787","2800"
"27.11.2015 14:00 - 27.11.2015 15:00","2696","2701"
"27.11.2015 15:00 - 27.11.2015 16:00","2671","2673"
"27.11.2015 16:00 - 27.11.2015 17:00","2824","2804"
"27.11.2015 17:00 - 27.11.2015 18:00","2929","2894"
"27.11.2015 18:00 - 27.11.2015 19:00","2761","2758"
"27.11.2015 19:00 - 27.11.2015 20:00","2587","2591"
"27.11.2015 20:00 - 27.11.2015 21:00","2438","2413"
"27.11.2015 21:00 - 27.11.2015 22:00","2251","2218"
"27.11.2015 22:00 - 27.11.2015 23:00","2102","2045"
"27.11.2015 23:00 - 28.11.2015 00:00","1946","1921"
"28.11.2015 00:00 - 28.11.2015 01:00","1781","1799"
"28.11.2015 01:00 - 28.11.2015 02:00","1713","1714"
"28.11.2015 02:00 - 28.11.2015 03:00","1649","1617"
"28.11.2015 03:00 - 28.11.2015 04:00","1605","1634"
"28.11.2015 04:00 - 28.11.2015 05:00","1613","1598"
"28.11.2015 05:00 - 28.11.2015 06:00","1667","1684"
"28.11.2015 06:00 - 28.11.2015 07:00","1827","1849"
"28.11.2015 07:00 - 28.11.2015 08:00","2084","2103"
"28.11.2015 08:00 - 28.11.2015 09:00","2264","2299"
"28.11.2015 09:00 - 28.11.2015 10:00","2403","2372"
"28.11.2015 10:00 - 28.11.2015 11:00","2410","2371"
"28.11.2015 11:00 - 28.11.2015 12:00","2359","2334"
"28.11.2015 12:00 - 28.11.2015 13:00","2268","2234"
"28.11.2015 13:00 - 28.11.2015 14:00","2202","2181"
"28.11.2015 14:00 - 28.11.2015 15:00","2185","2197"
"28.11.2015 15:00 - 28.11.2015 16:00","2248","2262"
"28.11.2015 16:00 - 28.11.2015 17:00","2480","2485"
"28.11.2015 17:00 - 28.11.2015 18:00","2692","2709"
"28.11.2015 18:00 - 28.11.2015 19:00","2594","2575"
"28.11.2015 19:00 - 28.11.2015 20:00","2354","2326"
"28.11.2015 20:00 - 28.11.2015 21:00","2170","2140"
"28.11.2015 21:00 - 28.11.2015 22:00","2019","2004"
"28.11.2015 22:00 - 28.11.2015 23:00","1890","1840"
"28.11.2015 23:00 - 29.11.2015 00:00","1769","1729"
"29.11.2015 00:00 - 29.11.2015 01:00","1628","1623"
"29.11.2015 01:00 - 29.11.2015 02:00","1536","1544"
"29.11.2015 02:00 - 29.11.2015 03:00","1498","1537"
"29.11.2015 03:00 - 29.11.2015 04:00","1574","1592"
"29.11.2015 04:00 - 29.11.2015 05:00","1595","1590"
"29.11.2015 05:00 - 29.11.2015 06:00","1654","1674"
"29.11.2015 06:00 - 29.11.2015 07:00","1802","1768"
"29.11.2015 07:00 - 29.11.2015 08:00","1949","1937"
"29.11.2015 08:00 - 29.11.2015 09:00","2089","2107"
"29.11.2015 09:00 - 29.11.2015 10:00","2183","2138"
"29.11.2015 10:00 - 29.11.2015 11:00","2216","2290"
"29.11.2015 11:00 - 29.11.2015 12:00","2316","2261"
"29.11.2015 12:00 - 29.11.2015 13:00","2170","2159"
"29.11.2015 13:00 - 29.11.2015 14:00","2173","2192"
"29.11.2015 14:00 - 29.11.2015 15:00","2222","2268"
"29.11.2015 15:00 - 29.11.2015 16:00","2306","2317"
"29.11.2015 16:00 - 29.11.2015 17:00","2477","2484"
"29.11.2015 17:00 - 29.11.2015 18:00","2661","2641"
"29.11.2015 18:00 - 29.11.2015 19:00","2565","2562"
"29.11.2015 19:00 - 29.11.2015 20:00","2442","2435"
"29.11.2015 20:00 - 29.11.2015 21:00","2253","2236"
"29.11.2015 21:00 - 29.11.2015 22:00","2141","2136"
"29.11.2015 22:00 - 29.11.2015 23:00","1950","1930"
"29.11.2015 23:00 - 30.11.2015 00:00","1840","1782"
"30.11.2015 00:00 - 30.11.2015 01:00","1759","1734"
"30.11.2015 01:00 - 30.11.2015 02:00","1653","1648"
"30.11.2015 02:00 - 30.11.2015 03:00","1639","1620"
"30.11.2015 03:00 - 30.11.2015 04:00","1639","1595"
"30.11.2015 04:00 - 30.11.2015 05:00","1682","1694"
"30.11.2015 05:00 - 30.11.2015 06:00","1870","1871"
"30.11.2015 06:00 - 30.11.2015 07:00","2300","2267"
"30.11.2015 07:00 - 30.11.2015 08:00","2747","2732"
"30.11.2015 08:00 - 30.11.2015 09:00","2837","2826"
"30.11.2015 09:00 - 30.11.2015 10:00","2816","2815"
"30.11.2015 10:00 - 30.11.2015 11:00","2795","2744"
"30.11.2015 11:00 - 30.11.2015 12:00","2732","2747"
"30.11.2015 12:00 - 30.11.2015 13:00","2749","2812"
"30.11.2015 13:00 - 30.11.2015 14:00","2812","2821"
"30.11.2015 14:00 - 30.11.2015 15:00","2796","2798"
"30.11.2015 15:00 - 30.11.2015 16:00","2716","6712"
"30.11.2015 16:00 - 30.11.2015 17:00","2944","2973"
"30.11.2015 17:00 - 30.11.2015 18:00","3175","3180"
"30.11.2015 18:00 - 30.11.2015 19:00","3019","3028"
"30.11.2015 19:00 - 30.11.2015 20:00","2808","2785"
"30.11.2015 20:00 - 30.11.2015 21:00","2580","2610"
"30.11.2015 21:00 - 30.11.2015 22:00","2416","2438"
"30.11.2015 22:00 - 30.11.2015 23:00","2218","2213"
"30.11.2015 23:00 - 01.12.2015 00:00","1996","1972"
"01.12.2015 00:00 - 01.12.2015 01:00","1806","1829"
"01.12.2015 01:00 - 01.12.2015 02:00","1780","1790"
"01.12.2015 02:00 - 01.12.2015 03:00","1761","1767"
"01.12.2015 03:00 - 01.12.2015 04:00","1740","1734"
"01.12.2015 04:00 - 01.12.2015 05:00","1799","1780"
"01.12.2015 05:00 - 01.12.2015 06:00","1940","1910"
"01.12.2015 06:00 - 01.12.2015 07:00","2411","2505"
"01.12.2015 07:00 - 01.12.2015 08:00","3007","3004"
"01.12.2015 08:00 - 01.12.2015 09:00","3045","2954"
"01.12.2015 09:00 - 01.12.2015 10:00","2999","3030"
"01.12.2015 10:00 - 01.12.2015 11:00","3028","3023"
"01.12.2015 11:00 - 01.12.2015 12:00","3005","3022"
"01.12.2015 12:00 - 01.12.2015 13:00","2902","2883"
"01.12.2015 13:00 - 01.12.2015 14:00","2920","2922"
"01.12.2015 14:00 - 01.12.2015 15:00","2904","2925"
"01.12.2015 15:00 - 01.12.2015 16:00","2898","2907"
"01.12.2015 16:00 - 01.12.2015 17:00","3000","2979"
"01.12.2015 17:00 - 01.12.2015 18:00","3145","3153"
"01.12.2015 18:00 - 01.12.2015 19:00","2983","2994"
"01.12.2015 19:00 - 01.12.2015 20:00","2822","2840"
"01.12.2015 20:00 - 01.12.2015 21:00","2644","2632"
"01.12.2015 21:00 - 01.12.2015 22:00","2461","2463"
"01.12.2015 22:00 - 01.12.2015 23:00","2246","2274"
"01.12.2015 23:00 - 02.12.2015 00:00","2024","2144"
"02.12.2015 00:00 - 02.12.2015 01:00","1983","2010"
"02.12.2015 01:00 - 02.12.2015 02:00","1918","1899"
"02.12.2015 02:00 - 02.12.2015 03:00","1865","1817"
"02.12.2015 03:00 - 02.12.2015 04:00","1814","1793"
"02.12.2015 04:00 - 02.12.2015 05:00","1885","1901"
"02.12.2015 05:00 - 02.12.2015 06:00","2065","2061"
"02.12.2015 06:00 - 02.12.2015 07:00","2472","2482"
"02.12.2015 07:00 - 02.12.2015 08:00","2917","2923"
"02.12.2015 08:00 - 02.12.2015 09:00","3050","3044"
"02.12.2015 09:00 - 02.12.2015 10:00","2950","2889"
"02.12.2015 10:00 - 02.12.2015 11:00","2959","2953"
"02.12.2015 11:00 - 02.12.2015 12:00","2902","2903"
"02.12.2015 12:00 - 02.12.2015 13:00","2846","2814"
"02.12.2015 13:00 - 02.12.2015 14:00","2832","2832"
"02.12.2015 14:00 - 02.12.2015 15:00","2840","2821"
"02.12.2015 15:00 - 02.12.2015 16:00","2774","2703"
"02.12.2015 16:00 - 02.12.2015 17:00","2853","2843"
"02.12.2015 17:00 - 02.12.2015 18:00","3040","3076"
"02.12.2015 18:00 - 02.12.2015 19:00","2959","3023"
"02.12.2015 19:00 - 02.12.2015 20:00","2831","2825"
"02.12.2015 20:00 - 02.12.2015 21:00","2664","2652"
"02.12.2015 21:00 - 02.12.2015 22:00","2490","2475"
"02.12.2015 22:00 - 02.12.2015 23:00","2284","2287"
"02.12.2015 23:00 - 03.12.2015 00:00","2066","2064"
"03.12.2015 00:00 - 03.12.2015 01:00","1958","1971"
"03.12.2015 01:00 - 03.12.2015 02:00","1913","1900"
"03.12.2015 02:00 - 03.12.2015 03:00","1869","1872"
"03.12.2015 03:00 - 03.12.2015 04:00","1860","1876"
"03.12.2015 04:00 - 03.12.2015 05:00","1908","1908"
"03.12.2015 05:00 - 03.12.2015 06:00","2062","2022"
"03.12.2015 06:00 - 03.12.2015 07:00","2515","2606"
"03.12.2015 07:00 - 03.12.2015 08:00","2946","2913"
"03.12.2015 08:00 - 03.12.2015 09:00","3049","3039"
"03.12.2015 09:00 - 03.12.2015 10:00","3010","3043"
"03.12.2015 10:00 - 03.12.2015 11:00","2993","2958"
"03.12.2015 11:00 - 03.12.2015 12:00","3010","3059"
"03.12.2015 12:00 - 03.12.2015 13:00","2977","2994"
"03.12.2015 13:00 - 03.12.2015 14:00","3019","3022"
"03.12.2015 14:00 - 03.12.2015 15:00","2969","2974"
"03.12.2015 15:00 - 03.12.2015 16:00","2910","2893"
"03.12.2015 16:00 - 03.12.2015 17:00","2990","2961"
"03.12.2015 17:00 - 03.12.2015 18:00","3096","3080"
"03.12.2015 18:00 - 03.12.2015 19:00","2914","2926"
"03.12.2015 19:00 - 03.12.2015 20:00","2759","2763"
"03.12.2015 20:00 - 03.12.2015 21:00","2639","2682"
"03.12.2015 21:00 - 03.12.2015 22:00","2524","2517"
"03.12.2015 22:00 - 03.12.2015 23:00","2321","2284"
"03.12.2015 23:00 - 04.12.2015 00:00","2098","2095"
"04.12.2015 00:00 - 04.12.2015 01:00","1874","1811"
"04.12.2015 01:00 - 04.12.2015 02:00","1735","1676"
"04.12.2015 02:00 - 04.12.2015 03:00","1658","1638"
"04.12.2015 03:00 - 04.12.2015 04:00","1675","1693"
"04.12.2015 04:00 - 04.12.2015 05:00","1829","1860"
"04.12.2015 05:00 - 04.12.2015 06:00","2008","2007"
"04.12.2015 06:00 - 04.12.2015 07:00","2406","2419"
"04.12.2015 07:00 - 04.12.2015 08:00","2843","2842"
"04.12.2015 08:00 - 04.12.2015 09:00","2928","2910"
"04.12.2015 09:00 - 04.12.2015 10:00","2873","2904"
"04.12.2015 10:00 - 04.12.2015 11:00","2885","2881"
"04.12.2015 11:00 - 04.12.2015 12:00","2841","2823"
"04.12.2015 12:00 - 04.12.2015 13:00","2699","2686"
"04.12.2015 13:00 - 04.12.2015 14:00","2605","2602"
"04.12.2015 14:00 - 04.12.2015 15:00","2544","2567"
"04.12.2015 15:00 - 04.12.2015 16:00","2543","2544"
"04.12.2015 16:00 - 04.12.2015 17:00","2744","2763"
"04.12.2015 17:00 - 04.12.2015 18:00","2892","2886"
"04.12.2015 18:00 - 04.12.2015 19:00","2748","2741"
"04.12.2015 19:00 - 04.12.2015 20:00","2530","2528"
"04.12.2015 20:00 - 04.12.2015 21:00","2347","2328"
"04.12.2015 21:00 - 04.12.2015 22:00","2188","2175"
"04.12.2015 22:00 - 04.12.2015 23:00","2029","2004"
"04.12.2015 23:00 - 05.12.2015 00:00","1882","1905"
"05.12.2015 00:00 - 05.12.2015 01:00","1769","1799"
"05.12.2015 01:00 - 05.12.2015 02:00","1706","1696"
"05.12.2015 02:00 - 05.12.2015 03:00","1647","1671"
"05.12.2015 03:00 - 05.12.2015 04:00","1645","1656"
"05.12.2015 04:00 - 05.12.2015 05:00","1658","1670"
"05.12.2015 05:00 - 05.12.2015 06:00","1713","1711"
"05.12.2015 06:00 - 05.12.2015 07:00","1828","1816"
"05.12.2015 07:00 - 05.12.2015 08:00","2012","2014"
"05.12.2015 08:00 - 05.12.2015 09:00","2195","2227"
"05.12.2015 09:00 - 05.12.2015 10:00","2295","2330"
"05.12.2015 10:00 - 05.12.2015 11:00","2307","2410"
"05.12.2015 11:00 - 05.12.2015 12:00","2386","2413"
"05.12.2015 12:00 - 05.12.2015 13:00","2325","2370"
"05.12.2015 13:00 - 05.12.2015 14:00","2316","2325"
"05.12.2015 14:00 - 05.12.2015 15:00","2279","2283"
"05.12.2015 15:00 - 05.12.2015 16:00","2324","2402"
"05.12.2015 16:00 - 05.12.2015 17:00","2504","2476"
"05.12.2015 17:00 - 05.12.2015 18:00","2537","2501"
"05.12.2015 18:00 - 05.12.2015 19:00","2419","2396"
"05.12.2015 19:00 - 05.12.2015 20:00","2226","2239"
"05.12.2015 20:00 - 05.12.2015 21:00","2149","2196"
"05.12.2015 21:00 - 05.12.2015 22:00","2080","2078"
"05.12.2015 22:00 - 05.12.2015 23:00","1955","1951"
"05.12.2015 23:00 - 06.12.2015 00:00","1820","1828"
"06.12.2015 00:00 - 06.12.2015 01:00","1666","1702"
"06.12.2015 01:00 - 06.12.2015 02:00","1604","1608"
"06.12.2015 02:00 - 06.12.2015 03:00","1556","1551"
"06.12.2015 03:00 - 06.12.2015 04:00","1538","1536"
"06.12.2015 04:00 - 06.12.2015 05:00","1545","1548"
"06.12.2015 05:00 - 06.12.2015 06:00","1588","1576"
"06.12.2015 06:00 - 06.12.2015 07:00","1653","1639"
"06.12.2015 07:00 - 06.12.2015 08:00","1824","1858"
"06.12.2015 08:00 - 06.12.2015 09:00","2029","2016"
"06.12.2015 09:00 - 06.12.2015 10:00","2105","2112"
"06.12.2015 10:00 - 06.12.2015 11:00","2187","2185"
"06.12.2015 11:00 - 06.12.2015 12:00","2214","2212"
"06.12.2015 12:00 - 06.12.2015 13:00","2193","2185"
"06.12.2015 13:00 - 06.12.2015 14:00","2172","2160"
"06.12.2015 14:00 - 06.12.2015 15:00","2173","2168"
"06.12.2015 15:00 - 06.12.2015 16:00","2229","2228"
"06.12.2015 16:00 - 06.12.2015 17:00","2333","2324"
"06.12.2015 17:00 - 06.12.2015 18:00","2538","2552"
"06.12.2015 18:00 - 06.12.2015 19:00","2474","2492"
"06.12.2015 19:00 - 06.12.2015 20:00","2351","2357"
"06.12.2015 20:00 - 06.12.2015 21:00","2194","2176"
"06.12.2015 21:00 - 06.12.2015 22:00","2036","2050"
"06.12.2015 22:00 - 06.12.2015 23:00","1875","1923"
"06.12.2015 23:00 - 07.12.2015 00:00","1716","1790"
"07.12.2015 00:00 - 07.12.2015 01:00","1702","1683"
"07.12.2015 01:00 - 07.12.2015 02:00","1664","1629"
"07.12.2015 02:00 - 07.12.2015 03:00","1629","1636"
"07.12.2015 03:00 - 07.12.2015 04:00","1665","1695"
"07.12.2015 04:00 - 07.12.2015 05:00","1741","1743"
"07.12.2015 05:00 - 07.12.2015 06:00","1904","1901"
"07.12.2015 06:00 - 07.12.2015 07:00","2347","2375"
"07.12.2015 07:00 - 07.12.2015 08:00","2844","2854"
"07.12.2015 08:00 - 07.12.2015 09:00","2997","2989"
"07.12.2015 09:00 - 07.12.2015 10:00","2945","2947"
"07.12.2015 10:00 - 07.12.2015 11:00","2985","2984"
"07.12.2015 11:00 - 07.12.2015 12:00","2972","2974"
"07.12.2015 12:00 - 07.12.2015 13:00","2899","2888"
"07.12.2015 13:00 - 07.12.2015 14:00","2909","2905"
"07.12.2015 14:00 - 07.12.2015 15:00","2864","2854"
"07.12.2015 15:00 - 07.12.2015 16:00","2817","2812"
"07.12.2015 16:00 - 07.12.2015 17:00","2961","2964"
"07.12.2015 17:00 - 07.12.2015 18:00","3148","3182"
"07.12.2015 18:00 - 07.12.2015 19:00","3001","3001"
"07.12.2015 19:00 - 07.12.2015 20:00","2808","2810"
"07.12.2015 20:00 - 07.12.2015 21:00","2617","2602"
"07.12.2015 21:00 - 07.12.2015 22:00","2422","2420"
"07.12.2015 22:00 - 07.12.2015 23:00","2214","2188"
"07.12.2015 23:00 - 08.12.2015 00:00","1995","1967"
"08.12.2015 00:00 - 08.12.2015 01:00","1804","1821"
"08.12.2015 01:00 - 08.12.2015 02:00","1740","1748"
"08.12.2015 02:00 - 08.12.2015 03:00","1722","1733"
"08.12.2015 03:00 - 08.12.2015 04:00","1732","1740"
"08.12.2015 04:00 - 08.12.2015 05:00","1779","1784"
"08.12.2015 05:00 - 08.12.2015 06:00","1944","1942"
"08.12.2015 06:00 - 08.12.2015 07:00","2377","2372"
"08.12.2015 07:00 - 08.12.2015 08:00","2841","2829"
"08.12.2015 08:00 - 08.12.2015 09:00","2958","2983"
"08.12.2015 09:00 - 08.12.2015 10:00","2904","2925"
"08.12.2015 10:00 - 08.12.2015 11:00","2929","2933"
"08.12.2015 11:00 - 08.12.2015 12:00","2907","2887"
"08.12.2015 12:00 - 08.12.2015 13:00","2809","2819"
"08.12.2015 13:00 - 08.12.2015 14:00","2839","2838"
"08.12.2015 14:00 - 08.12.2015 15:00","2794","2805"
"08.12.2015 15:00 - 08.12.2015 16:00","2767","2770"
"08.12.2015 16:00 - 08.12.2015 17:00","2936","2841"
"08.12.2015 17:00 - 08.12.2015 18:00","3130","3138"
"08.12.2015 18:00 - 08.12.2015 19:00","2973","2965"
"08.12.2015 19:00 - 08.12.2015 20:00","2777","2753"
"08.12.2015 20:00 - 08.12.2015 21:00","2577","2557"
"08.12.2015 21:00 - 08.12.2015 22:00","2381","2391"
"08.12.2015 22:00 - 08.12.2015 23:00","2184","2200"
"08.12.2015 23:00 - 09.12.2015 00:00","2014","2029"
"09.12.2015 00:00 - 09.12.2015 01:00","1854","1882"
"09.12.2015 01:00 - 09.12.2015 02:00","1798","1797"
"09.12.2015 02:00 - 09.12.2015 03:00","1759","1751"
"09.12.2015 03:00 - 09.12.2015 04:00","1754","1749"
"09.12.2015 04:00 - 09.12.2015 05:00","1795","1784"
"09.12.2015 05:00 - 09.12.2015 06:00","1965","1981"
"09.12.2015 06:00 - 09.12.2015 07:00","2400","2409"
"09.12.2015 07:00 - 09.12.2015 08:00","2859","2881"
"09.12.2015 08:00 - 09.12.2015 09:00","3003","2963"
"09.12.2015 09:00 - 09.12.2015 10:00","2904","2927"
"09.12.2015 10:00 - 09.12.2015 11:00","2939","2937"
"09.12.2015 11:00 - 09.12.2015 12:00","2914","2893"
"09.12.2015 12:00 - 09.12.2015 13:00","2812","2797"
"09.12.2015 13:00 - 09.12.2015 14:00","2836","2852"
"09.12.2015 14:00 - 09.12.2015 15:00","2797","2791"
"09.12.2015 15:00 - 09.12.2015 16:00","2766","2777"
"09.12.2015 16:00 - 09.12.2015 17:00","2942","2967"
"09.12.2015 17:00 - 09.12.2015 18:00","3127","3147"
"09.12.2015 18:00 - 09.12.2015 19:00","2981","3022"
"09.12.2015 19:00 - 09.12.2015 20:00","2868","2865"
"09.12.2015 20:00 - 09.12.2015 21:00","2685","2697"
"09.12.2015 21:00 - 09.12.2015 22:00","2514","2508"
"09.12.2015 22:00 - 09.12.2015 23:00","2319","2299"
"09.12.2015 23:00 - 10.12.2015 00:00","2127","2079"
"10.12.2015 00:00 - 10.12.2015 01:00","1886","1935"
"10.12.2015 01:00 - 10.12.2015 02:00","1851","1876"
"10.12.2015 02:00 - 10.12.2015 03:00","1834","1826"
"10.12.2015 03:00 - 10.12.2015 04:00","1826","1837"
"10.12.2015 04:00 - 10.12.2015 05:00","1854","1828"
"10.12.2015 05:00 - 10.12.2015 06:00","1961","1995"
"10.12.2015 06:00 - 10.12.2015 07:00","2417","2452"
"10.12.2015 07:00 - 10.12.2015 08:00","2942","2948"
"10.12.2015 08:00 - 10.12.2015 09:00","3067","3070"
"10.12.2015 09:00 - 10.12.2015 10:00","2948","2970"
"10.12.2015 10:00 - 10.12.2015 11:00","2930","3059"
"10.12.2015 11:00 - 10.12.2015 12:00","2964","3007"
"10.12.2015 12:00 - 10.12.2015 13:00","2924","2928"
"10.12.2015 13:00 - 10.12.2015 14:00","2924","2934"
"10.12.2015 14:00 - 10.12.2015 15:00","2914","2936"
"10.12.2015 15:00 - 10.12.2015 16:00","2859","2875"
"10.12.2015 16:00 - 10.12.2015 17:00","3013","2994"
"10.12.2015 17:00 - 10.12.2015 18:00","3174","3085"
"10.12.2015 18:00 - 10.12.2015 19:00","2987","2972"
"10.12.2015 19:00 - 10.12.2015 20:00","2787","2802"
"10.12.2015 20:00 - 10.12.2015 21:00","2614","2616"
"10.12.2015 21:00 - 10.12.2015 22:00","2441","2466"
"10.12.2015 22:00 - 10.12.2015 23:00","2246","2189"
"10.12.2015 23:00 - 11.12.2015 00:00","2023","1952"
"11.12.2015 00:00 - 11.12.2015 01:00","1859","1826"
"11.12.2015 01:00 - 11.12.2015 02:00","1758","1762"
"11.12.2015 02:00 - 11.12.2015 03:00","1735","1731"
"11.12.2015 03:00 - 11.12.2015 04:00","1740","1734"
"11.12.2015 04:00 - 11.12.2015 05:00","1795","1804"
"11.12.2015 05:00 - 11.12.2015 06:00","1966","1968"
"11.12.2015 06:00 - 11.12.2015 07:00","2407","2416"
"11.12.2015 07:00 - 11.12.2015 08:00","2871","2879"
"11.12.2015 08:00 - 11.12.2015 09:00","3012","3020"
"11.12.2015 09:00 - 11.12.2015 10:00","3001","3034"
"11.12.2015 10:00 - 11.12.2015 11:00","3010","2984"
"11.12.2015 11:00 - 11.12.2015 12:00","2949","2965"
"11.12.2015 12:00 - 11.12.2015 13:00","2787","2730"
"11.12.2015 13:00 - 11.12.2015 14:00","2637","2690"
"11.12.2015 14:00 - 11.12.2015 15:00","2657","2673"
"11.12.2015 15:00 - 11.12.2015 16:00","2657","2654"
"11.12.2015 16:00 - 11.12.2015 17:00","2804","2843"
"11.12.2015 17:00 - 11.12.2015 18:00","2944","2938"
"11.12.2015 18:00 - 11.12.2015 19:00","2802","2825"
"11.12.2015 19:00 - 11.12.2015 20:00","2612","2602"
"11.12.2015 20:00 - 11.12.2015 21:00","2452","2489"
"11.12.2015 21:00 - 11.12.2015 22:00","2340","2367"
"11.12.2015 22:00 - 11.12.2015 23:00","2165","2250"
"11.12.2015 23:00 - 12.12.2015 00:00","1967","1987"
"12.12.2015 00:00 - 12.12.2015 01:00","1863","1877"
"12.12.2015 01:00 - 12.12.2015 02:00","1775","1802"
"12.12.2015 02:00 - 12.12.2015 03:00","1736","1732"
"12.12.2015 03:00 - 12.12.2015 04:00","1684","1679"
"12.12.2015 04:00 - 12.12.2015 05:00","1690","1691"
"12.12.2015 05:00 - 12.12.2015 06:00","1743","1754"
"12.12.2015 06:00 - 12.12.2015 07:00","1879","1874"
"12.12.2015 07:00 - 12.12.2015 08:00","2085","2063"
"12.12.2015 08:00 - 12.12.2015 09:00","2257","2248"
"12.12.2015 09:00 - 12.12.2015 10:00","2325","2335"
"12.12.2015 10:00 - 12.12.2015 11:00","2371","2377"
"12.12.2015 11:00 - 12.12.2015 12:00","2344","2323"
"12.12.2015 12:00 - 12.12.2015 13:00","2270","2253"
"12.12.2015 13:00 - 12.12.2015 14:00","2223","2228"
"12.12.2015 14:00 - 12.12.2015 15:00","2220","2227"
"12.12.2015 15:00 - 12.12.2015 16:00","2276","2297"
"12.12.2015 16:00 - 12.12.2015 17:00","2486","2515"
"12.12.2015 17:00 - 12.12.2015 18:00","2666","2692"
"12.12.2015 18:00 - 12.12.2015 19:00","2601","2622"
"12.12.2015 19:00 - 12.12.2015 20:00","2416","2423"
"12.12.2015 20:00 - 12.12.2015 21:00","2253","2266"
"12.12.2015 21:00 - 12.12.2015 22:00","2156","2214"
"12.12.2015 22:00 - 12.12.2015 23:00","2056","2042"
"12.12.2015 23:00 - 13.12.2015 00:00","1898","1999"
"13.12.2015 00:00 - 13.12.2015 01:00","1806","1805"
"13.12.2015 01:00 - 13.12.2015 02:00","1713","1726"
"13.12.2015 02:00 - 13.12.2015 03:00","1680","1663"
"13.12.2015 03:00 - 13.12.2015 04:00","1643","1643"
"13.12.2015 04:00 - 13.12.2015 05:00","1651","1657"
"13.12.2015 05:00 - 13.12.2015 06:00","1699","1713"
"13.12.2015 06:00 - 13.12.2015 07:00","1811","1819"
"13.12.2015 07:00 - 13.12.2015 08:00","1990","1987"
"13.12.2015 08:00 - 13.12.2015 09:00","2162","2146"
"13.12.2015 09:00 - 13.12.2015 10:00","2261","2245"
"13.12.2015 10:00 - 13.12.2015 11:00","2254","2248"
"13.12.2015 11:00 - 13.12.2015 12:00","2268","2255"
"13.12.2015 12:00 - 13.12.2015 13:00","2228","2222"
"13.12.2015 13:00 - 13.12.2015 14:00","2195","2197"
"13.12.2015 14:00 - 13.12.2015 15:00","2204","2214"
"13.12.2015 15:00 - 13.12.2015 16:00","2270","2291"
"13.12.2015 16:00 - 13.12.2015 17:00","2510","2534"
"13.12.2015 17:00 - 13.12.2015 18:00","2762","2777"
"13.12.2015 18:00 - 13.12.2015 19:00","2714","2733"
"13.12.2015 19:00 - 13.12.2015 20:00","2576","2584"
"13.12.2015 20:00 - 13.12.2015 21:00","2437","2450"
"13.12.2015 21:00 - 13.12.2015 22:00","2308","2300"
"13.12.2015 22:00 - 13.12.2015 23:00","2130","2156"
"13.12.2015 23:00 - 14.12.2015 00:00","1947","1978"
"14.12.2015 00:00 - 14.12.2015 01:00","1845","1879"
"14.12.2015 01:00 - 14.12.2015 02:00","1814","1814"
"14.12.2015 02:00 - 14.12.2015 03:00","1796","1808"
"14.12.2015 03:00 - 14.12.2015 04:00","1812","1831"
"14.12.2015 04:00 - 14.12.2015 05:00","1872","1884"
"14.12.2015 05:00 - 14.12.2015 06:00","2018","2043"
"14.12.2015 06:00 - 14.12.2015 07:00","2478","2502"
"14.12.2015 07:00 - 14.12.2015 08:00","2980","2990"
"14.12.2015 08:00 - 14.12.2015 09:00","3179","3156"
"14.12.2015 09:00 - 14.12.2015 10:00","3108","3121"
"14.12.2015 10:00 - 14.12.2015 11:00","3133","3151"
"14.12.2015 11:00 - 14.12.2015 12:00","3140","3134"
"14.12.2015 12:00 - 14.12.2015 13:00","3049","3050"
"14.12.2015 13:00 - 14.12.2015 14:00","3059","3014"
"14.12.2015 14:00 - 14.12.2015 15:00","3032","3017"
"14.12.2015 15:00 - 14.12.2015 16:00","2982","2999"
"14.12.2015 16:00 - 14.12.2015 17:00","3127","3129"
"14.12.2015 17:00 - 14.12.2015 18:00","3289","3290"
"14.12.2015 18:00 - 14.12.2015 19:00","3109","3113"
"14.12.2015 19:00 - 14.12.2015 20:00","2879","2913"
"14.12.2015 20:00 - 14.12.2015 21:00","2693","2734"
"14.12.2015 21:00 - 14.12.2015 22:00","2528","2551"
"14.12.2015 22:00 - 14.12.2015 23:00","2304","2337"
"14.12.2015 23:00 - 15.12.2015 00:00","2064","2118"
"15.12.2015 00:00 - 15.12.2015 01:00","1977","1970"
"15.12.2015 01:00 - 15.12.2015 02:00","1890","1903"
"15.12.2015 02:00 - 15.12.2015 03:00","1865","1869"
"15.12.2015 03:00 - 15.12.2015 04:00","1861","1863"
"15.12.2015 04:00 - 15.12.2015 05:00","1920","1927"
"15.12.2015 05:00 - 15.12.2015 06:00","2096","2096"
"15.12.2015 06:00 - 15.12.2015 07:00","2536","2509"
"15.12.2015 07:00 - 15.12.2015 08:00","3026","2935"
"15.12.2015 08:00 - 15.12.2015 09:00","3171","3132"
"15.12.2015 09:00 - 15.12.2015 10:00","3080","3065"
"15.12.2015 10:00 - 15.12.2015 11:00","3095","3109"
"15.12.2015 11:00 - 15.12.2015 12:00","3082","3098"
"15.12.2015 12:00 - 15.12.2015 13:00","2991","3004"
"15.12.2015 13:00 - 15.12.2015 14:00","3023","3026"
"15.12.2015 14:00 - 15.12.2015 15:00","2978","2998"
"15.12.2015 15:00 - 15.12.2015 16:00","2930","2940"
"15.12.2015 16:00 - 15.12.2015 17:00","3092","3080"
"15.12.2015 17:00 - 15.12.2015 18:00","3265","3229"
"15.12.2015 18:00 - 15.12.2015 19:00","3062","3061"
"15.12.2015 19:00 - 15.12.2015 20:00","2873","2890"
"15.12.2015 20:00 - 15.12.2015 21:00","2682","2703"
"15.12.2015 21:00 - 15.12.2015 22:00","2506","2515"
"15.12.2015 22:00 - 15.12.2015 23:00","2291","2304"
"15.12.2015 23:00 - 16.12.2015 00:00","2078","2090"
"16.12.2015 00:00 - 16.12.2015 01:00","1947","1950"
"16.12.2015 01:00 - 16.12.2015 02:00","1929","1977"
"16.12.2015 02:00 - 16.12.2015 03:00","1947","1959"
"16.12.2015 03:00 - 16.12.2015 04:00","1951","1953"
"16.12.2015 04:00 - 16.12.2015 05:00","1999","2025"
"16.12.2015 05:00 - 16.12.2015 06:00","2192","2189"
"16.12.2015 06:00 - 16.12.2015 07:00","2603","2598"
"16.12.2015 07:00 - 16.12.2015 08:00","3069","3052"
"16.12.2015 08:00 - 16.12.2015 09:00","3228","3182"
"16.12.2015 09:00 - 16.12.2015 10:00","3108","3111"
"16.12.2015 10:00 - 16.12.2015 11:00","3162","3177"
"16.12.2015 11:00 - 16.12.2015 12:00","3129","3132"
"16.12.2015 12:00 - 16.12.2015 13:00","3040","3083"
"16.12.2015 13:00 - 16.12.2015 14:00","3105","3079"
"16.12.2015 14:00 - 16.12.2015 15:00","3049","3006"
"16.12.2015 15:00 - 16.12.2015 16:00","2987","2997"
"16.12.2015 16:00 - 16.12.2015 17:00","3113","3082"
"16.12.2015 17:00 - 16.12.2015 18:00","3240","3211"
"16.12.2015 18:00 - 16.12.2015 19:00","3060","3032"
"16.12.2015 19:00 - 16.12.2015 20:00","2861","2827"
"16.12.2015 20:00 - 16.12.2015 21:00","2684","2649"
"16.12.2015 21:00 - 16.12.2015 22:00","2526","2463"
"16.12.2015 22:00 - 16.12.2015 23:00","2359","2293"
"16.12.2015 23:00 - 17.12.2015 00:00","2172","2094"
"17.12.2015 00:00 - 17.12.2015 01:00","1956","1970"
"17.12.2015 01:00 - 17.12.2015 02:00","1909","1901"
"17.12.2015 02:00 - 17.12.2015 03:00","1881","1905"
"17.12.2015 03:00 - 17.12.2015 04:00","1913","1950"
"17.12.2015 04:00 - 17.12.2015 05:00","1949","1928"
"17.12.2015 05:00 - 17.12.2015 06:00","2108","2134"
"17.12.2015 06:00 - 17.12.2015 07:00","2565","2566"
"17.12.2015 07:00 - 17.12.2015 08:00","2989","2944"
"17.12.2015 08:00 - 17.12.2015 09:00","3125","3100"
"17.12.2015 09:00 - 17.12.2015 10:00","3046","3050"
"17.12.2015 10:00 - 17.12.2015 11:00","3068","3064"
"17.12.2015 11:00 - 17.12.2015 12:00","3030","3073"
"17.12.2015 12:00 - 17.12.2015 13:00","2945","2876"
"17.12.2015 13:00 - 17.12.2015 14:00","2953","2949"
"17.12.2015 14:00 - 17.12.2015 15:00","2907","2907"
"17.12.2015 15:00 - 17.12.2015 16:00","2872","2867"
"17.12.2015 16:00 - 17.12.2015 17:00","2999","2990"
"17.12.2015 17:00 - 17.12.2015 18:00","3135","3124"
"17.12.2015 18:00 - 17.12.2015 19:00","2982","2974"
"17.12.2015 19:00 - 17.12.2015 20:00","2776","2737"
"17.12.2015 20:00 - 17.12.2015 21:00","2595","2600"
"17.12.2015 21:00 - 17.12.2015 22:00","2454","2442"
"17.12.2015 22:00 - 17.12.2015 23:00","2264","2223"
"17.12.2015 23:00 - 18.12.2015 00:00","2067","2007"
"18.12.2015 00:00 - 18.12.2015 01:00","1901","1846"
"18.12.2015 01:00 - 18.12.2015 02:00","1790","1796"
"18.12.2015 02:00 - 18.12.2015 03:00","1790","1810"
"18.12.2015 03:00 - 18.12.2015 04:00","1816","1847"
"18.12.2015 04:00 - 18.12.2015 05:00","1893","1903"
"18.12.2015 05:00 - 18.12.2015 06:00","2035","2020"
"18.12.2015 06:00 - 18.12.2015 07:00","2424","2440"
"18.12.2015 07:00 - 18.12.2015 08:00","2891","2930"
"18.12.2015 08:00 - 18.12.2015 09:00","3041","3010"
"18.12.2015 09:00 - 18.12.2015 10:00","2964","2951"
"18.12.2015 10:00 - 18.12.2015 11:00","2969","2993"
"18.12.2015 11:00 - 18.12.2015 12:00","2896","2919"
"18.12.2015 12:00 - 18.12.2015 13:00","2760","2805"
"18.12.2015 13:00 - 18.12.2015 14:00","2707","2695"
"18.12.2015 14:00 - 18.12.2015 15:00","2661","2692"
"18.12.2015 15:00 - 18.12.2015 16:00","2662","2658"
"18.12.2015 16:00 - 18.12.2015 17:00","2804","2794"
"18.12.2015 17:00 - 18.12.2015 18:00","2926","2910"
"18.12.2015 18:00 - 18.12.2015 19:00","2831","2840"
"18.12.2015 19:00 - 18.12.2015 20:00","2623","2616"
"18.12.2015 20:00 - 18.12.2015 21:00","2438","2426"
"18.12.2015 21:00 - 18.12.2015 22:00","2291","2285"
"18.12.2015 22:00 - 18.12.2015 23:00","2142","2127"
"18.12.2015 23:00 - 19.12.2015 00:00","1984","1921"
"19.12.2015 00:00 - 19.12.2015 01:00","1696","1804"
"19.12.2015 01:00 - 19.12.2015 02:00","1717","1708"
"19.12.2015 02:00 - 19.12.2015 03:00","1677","1675"
"19.12.2015 03:00 - 19.12.2015 04:00","1656","1647"
"19.12.2015 04:00 - 19.12.2015 05:00","1662","1665"
"19.12.2015 05:00 - 19.12.2015 06:00","1710","1711"
"19.12.2015 06:00 - 19.12.2015 07:00","1834","1859"
"19.12.2015 07:00 - 19.12.2015 08:00","2067","2092"
"19.12.2015 08:00 - 19.12.2015 09:00","2275","2338"
"19.12.2015 09:00 - 19.12.2015 10:00","2435","2456"
"19.12.2015 10:00 - 19.12.2015 11:00","2475","2473"
"19.12.2015 11:00 - 19.12.2015 12:00","2453","2434"
"19.12.2015 12:00 - 19.12.2015 13:00","2412","2408"
"19.12.2015 13:00 - 19.12.2015 14:00","2383","2401"
"19.12.2015 14:00 - 19.12.2015 15:00","2379","2378"
"19.12.2015 15:00 - 19.12.2015 16:00","2413","2425"
"19.12.2015 16:00 - 19.12.2015 17:00","2571","2591"
"19.12.2015 17:00 - 19.12.2015 18:00","2736","2706"
"19.12.2015 18:00 - 19.12.2015 19:00","2646","2597"
"19.12.2015 19:00 - 19.12.2015 20:00","2459","2402"
"19.12.2015 20:00 - 19.12.2015 21:00","2299","2246"
"19.12.2015 21:00 - 19.12.2015 22:00","2153","2098"
"19.12.2015 22:00 - 19.12.2015 23:00","1962","1956"
"19.12.2015 23:00 - 20.12.2015 00:00","1831","1872"
"20.12.2015 00:00 - 20.12.2015 01:00","1748","1734"
"20.12.2015 01:00 - 20.12.2015 02:00","1651","1600"
"20.12.2015 02:00 - 20.12.2015 03:00","1579","1570"
"20.12.2015 03:00 - 20.12.2015 04:00","1546","1550"
"20.12.2015 04:00 - 20.12.2015 05:00","1568","1578"
"20.12.2015 05:00 - 20.12.2015 06:00","1621","1611"
"20.12.2015 06:00 - 20.12.2015 07:00","1710","1722"
"20.12.2015 07:00 - 20.12.2015 08:00","1868","1880"
"20.12.2015 08:00 - 20.12.2015 09:00","2040","2056"
"20.12.2015 09:00 - 20.12.2015 10:00","2151","2166"
"20.12.2015 10:00 - 20.12.2015 11:00","2246","2251"
"20.12.2015 11:00 - 20.12.2015 12:00","2226","2226"
"20.12.2015 12:00 - 20.12.2015 13:00","2203","2201"
"20.12.2015 13:00 - 20.12.2015 14:00","2200","2186"
"20.12.2015 14:00 - 20.12.2015 15:00","2197","2195"
"20.12.2015 15:00 - 20.12.2015 16:00","2255","2261"
"20.12.2015 16:00 - 20.12.2015 17:00","2419","2490"
"20.12.2015 17:00 - 20.12.2015 18:00","2651","2592"
"20.12.2015 18:00 - 20.12.2015 19:00","2554","2554"
"20.12.2015 19:00 - 20.12.2015 20:00","2399","2388"
"20.12.2015 20:00 - 20.12.2015 21:00","2235","2247"
"20.12.2015 21:00 - 20.12.2015 22:00","2081","2096"
"20.12.2015 22:00 - 20.12.2015 23:00","1917","1969"
"20.12.2015 23:00 - 21.12.2015 00:00","1786","1844"
"21.12.2015 00:00 - 21.12.2015 01:00","1757","1775"
"21.12.2015 01:00 - 21.12.2015 02:00","1697","1691"
"21.12.2015 02:00 - 21.12.2015 03:00","1686","1683"
"21.12.2015 03:00 - 21.12.2015 04:00","1696","1685"
"21.12.2015 04:00 - 21.12.2015 05:00","1746","1711"
"21.12.2015 05:00 - 21.12.2015 06:00","1852","1812"
"21.12.2015 06:00 - 21.12.2015 07:00","2232","2168"
"21.12.2015 07:00 - 21.12.2015 08:00","2603","2600"
"21.12.2015 08:00 - 21.12.2015 09:00","2830","2852"
"21.12.2015 09:00 - 21.12.2015 10:00","2837","2846"
"21.12.2015 10:00 - 21.12.2015 11:00","2860","2848"
"21.12.2015 11:00 - 21.12.2015 12:00","2812","2809"
"21.12.2015 12:00 - 21.12.2015 13:00","2714","2699"
"21.12.2015 13:00 - 21.12.2015 14:00","2707","2699"
"21.12.2015 14:00 - 21.12.2015 15:00","2681","2667"
"21.12.2015 15:00 - 21.12.2015 16:00","2661","2653"
"21.12.2015 16:00 - 21.12.2015 17:00","2795","2816"
"21.12.2015 17:00 - 21.12.2015 18:00","2973","2974"
"21.12.2015 18:00 - 21.12.2015 19:00","2842","2851"
"21.12.2015 19:00 - 21.12.2015 20:00","2655","2651"
"21.12.2015 20:00 - 21.12.2015 21:00","2465","2474"
"21.12.2015 21:00 - 21.12.2015 22:00","2277","2228"
"21.12.2015 22:00 - 21.12.2015 23:00","2048","2007"
"21.12.2015 23:00 - 22.12.2015 00:00","1838","1845"
"22.12.2015 00:00 - 22.12.2015 01:00","1733","1710"
"22.12.2015 01:00 - 22.12.2015 02:00","1660","1670"
"22.12.2015 02:00 - 22.12.2015 03:00","1662","1657"
"22.12.2015 03:00 - 22.12.2015 04:00","1665","1651"
"22.12.2015 04:00 - 22.12.2015 05:00","1710","1718"
"22.12.2015 05:00 - 22.12.2015 06:00","1871","1857"
"22.12.2015 06:00 - 22.12.2015 07:00","2265","2231"
"22.12.2015 07:00 - 22.12.2015 08:00","2681","2672"
"22.12.2015 08:00 - 22.12.2015 09:00","2866","2881"
"22.12.2015 09:00 - 22.12.2015 10:00","2888","2920"
"22.12.2015 10:00 - 22.12.2015 11:00","2934","2914"
"22.12.2015 11:00 - 22.12.2015 12:00","2873","2858"
"22.12.2015 12:00 - 22.12.2015 13:00","2788","2796"
"22.12.2015 13:00 - 22.12.2015 14:00","2799","2790"
"22.12.2015 14:00 - 22.12.2015 15:00","2737","2730"
"22.12.2015 15:00 - 22.12.2015 16:00","2626","2611"
"22.12.2015 16:00 - 22.12.2015 17:00","2689","2664"
"22.12.2015 17:00 - 22.12.2015 18:00","2827","2835"
"22.12.2015 18:00 - 22.12.2015 19:00","2738","2746"
"22.12.2015 19:00 - 22.12.2015 20:00","2555","2544"
"22.12.2015 20:00 - 22.12.2015 21:00","2386","2387"
"22.12.2015 21:00 - 22.12.2015 22:00","2229","2217"
"22.12.2015 22:00 - 22.12.2015 23:00","2030","2128"
"22.12.2015 23:00 - 23.12.2015 00:00","1859","1922"
"23.12.2015 00:00 - 23.12.2015 01:00","1787","1778"
"23.12.2015 01:00 - 23.12.2015 02:00","1708","1664"
"23.12.2015 02:00 - 23.12.2015 03:00","1662","1659"
"23.12.2015 03:00 - 23.12.2015 04:00","1670","1668"
"23.12.2015 04:00 - 23.12.2015 05:00","1723","1727"
"23.12.2015 05:00 - 23.12.2015 06:00","1858","1806"
"23.12.2015 06:00 - 23.12.2015 07:00","2132","2010"
"23.12.2015 07:00 - 23.12.2015 08:00","2423","2393"
"23.12.2015 08:00 - 23.12.2015 09:00","2602","2604"
"23.12.2015 09:00 - 23.12.2015 10:00","2599","2642"
"23.12.2015 10:00 - 23.12.2015 11:00","2643","2628"
"23.12.2015 11:00 - 23.12.2015 12:00","2568","2579"
"23.12.2015 12:00 - 23.12.2015 13:00","2456","2512"
"23.12.2015 13:00 - 23.12.2015 14:00","2455","2499"
"23.12.2015 14:00 - 23.12.2015 15:00","2447","2447"
"23.12.2015 15:00 - 23.12.2015 16:00","2449","2450"
"23.12.2015 16:00 - 23.12.2015 17:00","2588","2575"
"23.12.2015 17:00 - 23.12.2015 18:00","2736","2737"
"23.12.2015 18:00 - 23.12.2015 19:00","2628","2634"
"23.12.2015 19:00 - 23.12.2015 20:00","2439","2458"
"23.12.2015 20:00 - 23.12.2015 21:00","2285","2305"
"23.12.2015 21:00 - 23.12.2015 22:00","2193","2189"
"23.12.2015 22:00 - 23.12.2015 23:00","2036","2016"
"23.12.2015 23:00 - 24.12.2015 00:00","1882","1867"
"24.12.2015 00:00 - 24.12.2015 01:00","1721","1729"
"24.12.2015 01:00 - 24.12.2015 02:00","1629","1655"
"24.12.2015 02:00 - 24.12.2015 03:00","1578","1558"
"24.12.2015 03:00 - 24.12.2015 04:00","1552","1548"
"24.12.2015 04:00 - 24.12.2015 05:00","1551","1553"
"24.12.2015 05:00 - 24.12.2015 06:00","1604","1606"
"24.12.2015 06:00 - 24.12.2015 07:00","1728","1722"
"24.12.2015 07:00 - 24.12.2015 08:00","1918","1908"
"24.12.2015 08:00 - 24.12.2015 09:00","2139","2130"
"24.12.2015 09:00 - 24.12.2015 10:00","2251","2282"
"24.12.2015 10:00 - 24.12.2015 11:00","2273","2250"
"24.12.2015 11:00 - 24.12.2015 12:00","2257","2280"
"24.12.2015 12:00 - 24.12.2015 13:00","2219","2227"
"24.12.2015 13:00 - 24.12.2015 14:00","2216","2199"
"24.12.2015 14:00 - 24.12.2015 15:00","2240","2221"
"24.12.2015 15:00 - 24.12.2015 16:00","2342","2358"
"24.12.2015 16:00 - 24.12.2015 17:00","2550","2539"
"24.12.2015 17:00 - 24.12.2015 18:00","2697","2683"
"24.12.2015 18:00 - 24.12.2015 19:00","2246","2190"
"24.12.2015 19:00 - 24.12.2015 20:00","2005","1986"
"24.12.2015 20:00 - 24.12.2015 21:00","1920","1861"
"24.12.2015 21:00 - 24.12.2015 22:00","1796","1770"
"24.12.2015 22:00 - 24.12.2015 23:00","1744","1668"
"24.12.2015 23:00 - 25.12.2015 00:00","1732","1702"
"25.12.2015 00:00 - 25.12.2015 01:00","1580","1553"
"25.12.2015 01:00 - 25.12.2015 02:00","1437","1440"
"25.12.2015 02:00 - 25.12.2015 03:00","1429","1461"
"25.12.2015 03:00 - 25.12.2015 04:00","1434","1413"
"25.12.2015 04:00 - 25.12.2015 05:00","1455","1455"
"25.12.2015 05:00 - 25.12.2015 06:00","1499","1491"
"25.12.2015 06:00 - 25.12.2015 07:00","1588","1572"
"25.12.2015 07:00 - 25.12.2015 08:00","1679","1642"
"25.12.2015 08:00 - 25.12.2015 09:00","1820","1854"
"25.12.2015 09:00 - 25.12.2015 10:00","1973","1961"
"25.12.2015 10:00 - 25.12.2015 11:00","2014","2005"
"25.12.2015 11:00 - 25.12.2015 12:00","2035","2019"
"25.12.2015 12:00 - 25.12.2015 13:00","1976","1966"
"25.12.2015 13:00 - 25.12.2015 14:00","1893","1901"
"25.12.2015 14:00 - 25.12.2015 15:00","1897","1938"
"25.12.2015 15:00 - 25.12.2015 16:00","1979","1997"
"25.12.2015 16:00 - 25.12.2015 17:00","2173","2185"
"25.12.2015 17:00 - 25.12.2015 18:00","2318","2328"
"25.12.2015 18:00 - 25.12.2015 19:00","2325","2336"
"25.12.2015 19:00 - 25.12.2015 20:00","2208","2156"
"25.12.2015 20:00 - 25.12.2015 21:00","2039","2034"
"25.12.2015 21:00 - 25.12.2015 22:00","1960","1967"
"25.12.2015 22:00 - 25.12.2015 23:00","1864","1864"
"25.12.2015 23:00 - 26.12.2015 00:00","1731","1856"
"26.12.2015 00:00 - 26.12.2015 01:00","1690","1636"
"26.12.2015 01:00 - 26.12.2015 02:00","1551","1569"
"26.12.2015 02:00 - 26.12.2015 03:00","1550","1543"
"26.12.2015 03:00 - 26.12.2015 04:00","1547","1517"
"26.12.2015 04:00 - 26.12.2015 05:00","1531","1528"
"26.12.2015 05:00 - 26.12.2015 06:00","1573","1548"
"26.12.2015 06:00 - 26.12.2015 07:00","1647","1637"
"26.12.2015 07:00 - 26.12.2015 08:00","1780","1785"
"26.12.2015 08:00 - 26.12.2015 09:00","1982","2022"
"26.12.2015 09:00 - 26.12.2015 10:00","2153","2185"
"26.12.2015 10:00 - 26.12.2015 11:00","2259","2277"
"26.12.2015 11:00 - 26.12.2015 12:00","2305","2322"
"26.12.2015 12:00 - 26.12.2015 13:00","2254","2272"
"26.12.2015 13:00 - 26.12.2015 14:00","2175","2174"
"26.12.2015 14:00 - 26.12.2015 15:00","2128","2131"
"26.12.2015 15:00 - 26.12.2015 16:00","2145","2137"
"26.12.2015 16:00 - 26.12.2015 17:00","2286","2257"
"26.12.2015 17:00 - 26.12.2015 18:00","2377","2377"
"26.12.2015 18:00 - 26.12.2015 19:00","2341","2331"
"26.12.2015 19:00 - 26.12.2015 20:00","2214","2187"
"26.12.2015 20:00 - 26.12.2015 21:00","2087","2085"
"26.12.2015 21:00 - 26.12.2015 22:00","1991","1980"
"26.12.2015 22:00 - 26.12.2015 23:00","1871","1982"
"26.12.2015 23:00 - 27.12.2015 00:00","1747","1818"
"27.12.2015 00:00 - 27.12.2015 01:00","1692","1638"
"27.12.2015 01:00 - 27.12.2015 02:00","1572","1588"
"27.12.2015 02:00 - 27.12.2015 03:00","1543","1534"
"27.12.2015 03:00 - 27.12.2015 04:00","1520","1512"
"27.12.2015 04:00 - 27.12.2015 05:00","1527","1508"
"27.12.2015 05:00 - 27.12.2015 06:00","1540","1550"
"27.12.2015 06:00 - 27.12.2015 07:00","1698","1687"
"27.12.2015 07:00 - 27.12.2015 08:00","1844","1821"
"27.12.2015 08:00 - 27.12.2015 09:00","1983","2000"
"27.12.2015 09:00 - 27.12.2015 10:00","2138","2131"
"27.12.2015 10:00 - 27.12.2015 11:00","2209","2176"
"27.12.2015 11:00 - 27.12.2015 12:00","2170","2141"
"27.12.2015 12:00 - 27.12.2015 13:00","2096","2079"
"27.12.2015 13:00 - 27.12.2015 14:00","2057","2040"
"27.12.2015 14:00 - 27.12.2015 15:00","2035","1999"
"27.12.2015 15:00 - 27.12.2015 16:00","2068","2108"
"27.12.2015 16:00 - 27.12.2015 17:00","2292","2278"
"27.12.2015 17:00 - 27.12.2015 18:00","2487","2446"
"27.12.2015 18:00 - 27.12.2015 19:00","2409","2400"
"27.12.2015 19:00 - 27.12.2015 20:00","2246","2232"
"27.12.2015 20:00 - 27.12.2015 21:00","2117","2162"
"27.12.2015 21:00 - 27.12.2015 22:00","2063","2082"
"27.12.2015 22:00 - 27.12.2015 23:00","1910","1909"
"27.12.2015 23:00 - 28.12.2015 00:00","1764","1773"
"28.12.2015 00:00 - 28.12.2015 01:00","1635","1537"
"28.12.2015 01:00 - 28.12.2015 02:00","1461","1492"
"28.12.2015 02:00 - 28.12.2015 03:00","1487","1519"
"28.12.2015 03:00 - 28.12.2015 04:00","1536","1558"
"28.12.2015 04:00 - 28.12.2015 05:00","1589","1608"
"28.12.2015 05:00 - 28.12.2015 06:00","1699","1708"
"28.12.2015 06:00 - 28.12.2015 07:00","1940","1941"
"28.12.2015 07:00 - 28.12.2015 08:00","2245","2241"
"28.12.2015 08:00 - 28.12.2015 09:00","2446","2449"
"28.12.2015 09:00 - 28.12.2015 10:00","2547","2545"
"28.12.2015 10:00 - 28.12.2015 11:00","2584","2591"
"28.12.2015 11:00 - 28.12.2015 12:00","2572","2574"
"28.12.2015 12:00 - 28.12.2015 13:00","2513","2517"
"28.12.2015 13:00 - 28.12.2015 14:00","2487","2485"
"28.12.2015 14:00 - 28.12.2015 15:00","2479","2460"
"28.12.2015 15:00 - 28.12.2015 16:00","2478","2458"
"28.12.2015 16:00 - 28.12.2015 17:00","2644","2659"
"28.12.2015 17:00 - 28.12.2015 18:00","2846","2830"
"28.12.2015 18:00 - 28.12.2015 19:00","2745","2718"
"28.12.2015 19:00 - 28.12.2015 20:00","2525","2511"
"28.12.2015 20:00 - 28.12.2015 21:00","2321","2303"
"28.12.2015 21:00 - 28.12.2015 22:00","2183","2189"
"28.12.2015 22:00 - 28.12.2015 23:00","2016","2026"
"28.12.2015 23:00 - 29.12.2015 00:00","1865","1866"
"29.12.2015 00:00 - 29.12.2015 01:00","1728","1729"
"29.12.2015 01:00 - 29.12.2015 02:00","1643","1639"
"29.12.2015 02:00 - 29.12.2015 03:00","1599","1595"
"29.12.2015 03:00 - 29.12.2015 04:00","1577","1566"
"29.12.2015 04:00 - 29.12.2015 05:00","1591","1594"
"29.12.2015 05:00 - 29.12.2015 06:00","1685","1676"
"29.12.2015 06:00 - 29.12.2015 07:00","1911","1885"
"29.12.2015 07:00 - 29.12.2015 08:00","2192","2163"
"29.12.2015 08:00 - 29.12.2015 09:00","2396","2391"
"29.12.2015 09:00 - 29.12.2015 10:00","2496","2511"
"29.12.2015 10:00 - 29.12.2015 11:00","2570","2579"
"29.12.2015 11:00 - 29.12.2015 12:00","2573","2565"
"29.12.2015 12:00 - 29.12.2015 13:00","2523","2511"
"29.12.2015 13:00 - 29.12.2015 14:00","2502","2521"
"29.12.2015 14:00 - 29.12.2015 15:00","2500","2486"
"29.12.2015 15:00 - 29.12.2015 16:00","2483","2489"
"29.12.2015 16:00 - 29.12.2015 17:00","2642","2604"
"29.12.2015 17:00 - 29.12.2015 18:00","2810","2729"
"29.12.2015 18:00 - 29.12.2015 19:00","2645","2615"
"29.12.2015 19:00 - 29.12.2015 20:00","2453","2446"
"29.12.2015 20:00 - 29.12.2015 21:00","2288","2272"
"29.12.2015 21:00 - 29.12.2015 22:00","2117","2098"
"29.12.2015 22:00 - 29.12.2015 23:00","1929","1951"
"29.12.2015 23:00 - 30.12.2015 00:00","1765","1795"
"30.12.2015 00:00 - 30.12.2015 01:00","1688","1665"
"30.12.2015 01:00 - 30.12.2015 02:00","1579","1572"
"30.12.2015 02:00 - 30.12.2015 03:00","1551","1544"
"30.12.2015 03:00 - 30.12.2015 04:00","1542","1536"
"30.12.2015 04:00 - 30.12.2015 05:00","1582","1571"
"30.12.2015 05:00 - 30.12.2015 06:00","1685","1641"
"30.12.2015 06:00 - 30.12.2015 07:00","1960","1846"
"30.12.2015 07:00 - 30.12.2015 08:00","2327","2059"
"30.12.2015 08:00 - 30.12.2015 09:00","2556","2274"
"30.12.2015 09:00 - 30.12.2015 10:00","2433","2392"
"30.12.2015 10:00 - 30.12.2015 11:00","2566","2434"
"30.12.2015 11:00 - 30.12.2015 12:00","2599","2436"
"30.12.2015 12:00 - 30.12.2015 13:00","2564","2417"
"30.12.2015 13:00 - 30.12.2015 14:00","2419","2379"
"30.12.2015 14:00 - 30.12.2015 15:00","2375","2409"
"30.12.2015 15:00 - 30.12.2015 16:00","2341","2469"
"30.12.2015 16:00 - 30.12.2015 17:00","2502","2601"
"30.12.2015 17:00 - 30.12.2015 18:00","2750","2745"
"30.12.2015 18:00 - 30.12.2015 19:00","2643","2618"
"30.12.2015 19:00 - 30.12.2015 20:00","2438","2458"
"30.12.2015 20:00 - 30.12.2015 21:00","2247","2284"
"30.12.2015 21:00 - 30.12.2015 22:00","2076","2141"
"30.12.2015 22:00 - 30.12.2015 23:00","1887","1978"
"30.12.2015 23:00 - 31.12.2015 00:00","1712","1818"
"31.12.2015 00:00 - 31.12.2015 01:00","1710","1694"
"31.12.2015 01:00 - 31.12.2015 02:00","1605","1573"
"31.12.2015 02:00 - 31.12.2015 03:00","1541","1524"
"31.12.2015 03:00 - 31.12.2015 04:00","1517","1503"
"31.12.2015 04:00 - 31.12.2015 05:00","1523","1547"
"31.12.2015 05:00 - 31.12.2015 06:00","1609","1579"
"31.12.2015 06:00 - 31.12.2015 07:00","1740","1693"
"31.12.2015 07:00 - 31.12.2015 08:00","1915","1880"
"31.12.2015 08:00 - 31.12.2015 09:00","2066","2022"
"31.12.2015 09:00 - 31.12.2015 10:00","2162","2156"
"31.12.2015 10:00 - 31.12.2015 11:00","2232","2264"
"31.12.2015 11:00 - 31.12.2015 12:00","2264","2315"
"31.12.2015 12:00 - 31.12.2015 13:00","2306","2327"
"31.12.2015 13:00 - 31.12.2015 14:00","2266","2325"
"31.12.2015 14:00 - 31.12.2015 15:00","2299","2305"
"31.12.2015 15:00 - 31.12.2015 16:00","2345","2342"
"31.12.2015 16:00 - 31.12.2015 17:00","2579","2539"
"31.12.2015 17:00 - 31.12.2015 18:00","2722","2694"
"31.12.2015 18:00 - 31.12.2015 19:00","2524","2541"
"31.12.2015 19:00 - 31.12.2015 20:00","2240","2273"
"31.12.2015 20:00 - 31.12.2015 21:00","2109","2085"
"31.12.2015 21:00 - 31.12.2015 22:00","2026","2001"
"31.12.2015 22:00 - 31.12.2015 23:00","1927","1924"
"31.12.2015 23:00 - 01.01.2016 00:00","1846","1860"
