"Time (CET/CEST)","Day-ahead Total Load Forecast [MW] - BZN|DK1","Actual Total Load [MW] - BZN|DK1"
"01.01.2016 00:00 - 01.01.2016 01:00","1811","1818"
"01.01.2016 01:00 - 01.01.2016 02:00","1765","1740"
"01.01.2016 02:00 - 01.01.2016 03:00","1669","1658"
"01.01.2016 03:00 - 01.01.2016 04:00","1597","1592"
"01.01.2016 04:00 - 01.01.2016 05:00","1553","1548"
"01.01.2016 05:00 - 01.01.2016 06:00","1560","1552"
"01.01.2016 06:00 - 01.01.2016 07:00","1644","1603"
"01.01.2016 07:00 - 01.01.2016 08:00","1694","1661"
"01.01.2016 08:00 - 01.01.2016 09:00","1698","1730"
"01.01.2016 09:00 - 01.01.2016 10:00","1801","1809"
"01.01.2016 10:00 - 01.01.2016 11:00","1937","1921"
"01.01.2016 11:00 - 01.01.2016 12:00","1986","2010"
"01.01.2016 12:00 - 01.01.2016 13:00","2009","2041"
"01.01.2016 13:00 - 01.01.2016 14:00","2027","2044"
"01.01.2016 14:00 - 01.01.2016 15:00","2049","2044"
"01.01.2016 15:00 - 01.01.2016 16:00","2095","2089"
"01.01.2016 16:00 - 01.01.2016 17:00","2299","2309"
"01.01.2016 17:00 - 01.01.2016 18:00","2479","2433"
"01.01.2016 18:00 - 01.01.2016 19:00","2442","2481"
"01.01.2016 19:00 - 01.01.2016 20:00","2329","2336"
"01.01.2016 20:00 - 01.01.2016 21:00","2180","2148"
"01.01.2016 21:00 - 01.01.2016 22:00","2026","2001"
"01.01.2016 22:00 - 01.01.2016 23:00","1869","1858"
"01.01.2016 23:00 - 02.01.2016 00:00","1751","1712"
"02.01.2016 00:00 - 02.01.2016 01:00","1643","1617"
"02.01.2016 01:00 - 02.01.2016 02:00","1556","1510"
"02.01.2016 02:00 - 02.01.2016 03:00","1495","1465"
"02.01.2016 03:00 - 02.01.2016 04:00","1486","1458"
"02.01.2016 04:00 - 02.01.2016 05:00","1509","1472"
"02.01.2016 05:00 - 02.01.2016 06:00","1589","1576"
"02.01.2016 06:00 - 02.01.2016 07:00","1716","1688"
"02.01.2016 07:00 - 02.01.2016 08:00","1894","1886"
"02.01.2016 08:00 - 02.01.2016 09:00","2063","2024"
"02.01.2016 09:00 - 02.01.2016 10:00","2164","2157"
"02.01.2016 10:00 - 02.01.2016 11:00","2259","2284"
"02.01.2016 11:00 - 02.01.2016 12:00","2303","2325"
"02.01.2016 12:00 - 02.01.2016 13:00","2268","2254"
"02.01.2016 13:00 - 02.01.2016 14:00","2208","2298"
"02.01.2016 14:00 - 02.01.2016 15:00","2234","2292"
"02.01.2016 15:00 - 02.01.2016 16:00","2283","2265"
"02.01.2016 16:00 - 02.01.2016 17:00","2472","2466"
"02.01.2016 17:00 - 02.01.2016 18:00","2712","2703"
"02.01.2016 18:00 - 02.01.2016 19:00","2644","2650"
"02.01.2016 19:00 - 02.01.2016 20:00","2416","2433"
"02.01.2016 20:00 - 02.01.2016 21:00","2259","2264"
"02.01.2016 21:00 - 02.01.2016 22:00","2099","2093"
"02.01.2016 22:00 - 02.01.2016 23:00","1958","2026"
"02.01.2016 23:00 - 03.01.2016 00:00","1823","1819"
"03.01.2016 00:00 - 03.01.2016 01:00","1723","1724"
"03.01.2016 01:00 - 03.01.2016 02:00","1667","1668"
"03.01.2016 02:00 - 03.01.2016 03:00","1647","1668"
"03.01.2016 03:00 - 03.01.2016 04:00","1627","1618"
"03.01.2016 04:00 - 03.01.2016 05:00","1636","1643"
"03.01.2016 05:00 - 03.01.2016 06:00","1669","1671"
"03.01.2016 06:00 - 03.01.2016 07:00","1783","1811"
"03.01.2016 07:00 - 03.01.2016 08:00","1961","1984"
"03.01.2016 08:00 - 03.01.2016 09:00","2158","2179"
"03.01.2016 09:00 - 03.01.2016 10:00","2251","2198"
"03.01.2016 10:00 - 03.01.2016 11:00","2299","2344"
"03.01.2016 11:00 - 03.01.2016 12:00","2365","2375"
"03.01.2016 12:00 - 03.01.2016 13:00","2327","2297"
"03.01.2016 13:00 - 03.01.2016 14:00","2268","2301"
"03.01.2016 14:00 - 03.01.2016 15:00","2316","2325"
"03.01.2016 15:00 - 03.01.2016 16:00","2351","2373"
"03.01.2016 16:00 - 03.01.2016 17:00","2599","2604"
"03.01.2016 17:00 - 03.01.2016 18:00","2902","2893"
"03.01.2016 18:00 - 03.01.2016 19:00","2797","2799"
"03.01.2016 19:00 - 03.01.2016 20:00","2618","2619"
"03.01.2016 20:00 - 03.01.2016 21:00","2405","2450"
"03.01.2016 21:00 - 03.01.2016 22:00","2269","2299"
"03.01.2016 22:00 - 03.01.2016 23:00","2115","2124"
"03.01.2016 23:00 - 04.01.2016 00:00","1949","2002"
"04.01.2016 00:00 - 04.01.2016 01:00","1860","1843"
"04.01.2016 01:00 - 04.01.2016 02:00","1777","1802"
"04.01.2016 02:00 - 04.01.2016 03:00","1785","1790"
"04.01.2016 03:00 - 04.01.2016 04:00","1803","1826"
"04.01.2016 04:00 - 04.01.2016 05:00","1878","1906"
"04.01.2016 05:00 - 04.01.2016 06:00","2065","2056"
"04.01.2016 06:00 - 04.01.2016 07:00","2480","2434"
"04.01.2016 07:00 - 04.01.2016 08:00","2963","2965"
"04.01.2016 08:00 - 04.01.2016 09:00","3186","3096"
"04.01.2016 09:00 - 04.01.2016 10:00","3188","3064"
"04.01.2016 10:00 - 04.01.2016 11:00","3269","3118"
"04.01.2016 11:00 - 04.01.2016 12:00","3268","3072"
"04.01.2016 12:00 - 04.01.2016 13:00","3175","2989"
"04.01.2016 13:00 - 04.01.2016 14:00","3017","3011"
"04.01.2016 14:00 - 04.01.2016 15:00","2948","2875"
"04.01.2016 15:00 - 04.01.2016 16:00","2854","2858"
"04.01.2016 16:00 - 04.01.2016 17:00","2982","2979"
"04.01.2016 17:00 - 04.01.2016 18:00","3207","3199"
"04.01.2016 18:00 - 04.01.2016 19:00","3037","3045"
"04.01.2016 19:00 - 04.01.2016 20:00","2889","2919"
"04.01.2016 20:00 - 04.01.2016 21:00","2706","2693"
"04.01.2016 21:00 - 04.01.2016 22:00","2497","2462"
"04.01.2016 22:00 - 04.01.2016 23:00","2245","2288"
"04.01.2016 23:00 - 05.01.2016 00:00","2022","2083"
"05.01.2016 00:00 - 05.01.2016 01:00","1941","1941"
"05.01.2016 01:00 - 05.01.2016 02:00","1881","1890"
"05.01.2016 02:00 - 05.01.2016 03:00","1886","1953"
"05.01.2016 03:00 - 05.01.2016 04:00","1929","1954"
"05.01.2016 04:00 - 05.01.2016 05:00","2034","2025"
"05.01.2016 05:00 - 05.01.2016 06:00","2156","2159"
"05.01.2016 06:00 - 05.01.2016 07:00","2579","2563"
"05.01.2016 07:00 - 05.01.2016 08:00","3053","3019"
"05.01.2016 08:00 - 05.01.2016 09:00","3165","3145"
"05.01.2016 09:00 - 05.01.2016 10:00","3077","3057"
"05.01.2016 10:00 - 05.01.2016 11:00","3110","3091"
"05.01.2016 11:00 - 05.01.2016 12:00","3099","3102"
"05.01.2016 12:00 - 05.01.2016 13:00","3045","3052"
"05.01.2016 13:00 - 05.01.2016 14:00","3039","2980"
"05.01.2016 14:00 - 05.01.2016 15:00","2966","2938"
"05.01.2016 15:00 - 05.01.2016 16:00","2876","2867"
"05.01.2016 16:00 - 05.01.2016 17:00","3012","3036"
"05.01.2016 17:00 - 05.01.2016 18:00","3289","3305"
"05.01.2016 18:00 - 05.01.2016 19:00","3126","3145"
"05.01.2016 19:00 - 05.01.2016 20:00","2943","2924"
"05.01.2016 20:00 - 05.01.2016 21:00","2723","2724"
"05.01.2016 21:00 - 05.01.2016 22:00","2551","2562"
"05.01.2016 22:00 - 05.01.2016 23:00","2353","2374"
"05.01.2016 23:00 - 06.01.2016 00:00","2124","2194"
"06.01.2016 00:00 - 06.01.2016 01:00","2045","2059"
"06.01.2016 01:00 - 06.01.2016 02:00","1993","1988"
"06.01.2016 02:00 - 06.01.2016 03:00","1957","1957"
"06.01.2016 03:00 - 06.01.2016 04:00","1968","1978"
"06.01.2016 04:00 - 06.01.2016 05:00","2018","2006"
"06.01.2016 05:00 - 06.01.2016 06:00","2164","2171"
"06.01.2016 06:00 - 06.01.2016 07:00","2613","2604"
"06.01.2016 07:00 - 06.01.2016 08:00","3074","3076"
"06.01.2016 08:00 - 06.01.2016 09:00","3228","3156"
"06.01.2016 09:00 - 06.01.2016 10:00","3093","3026"
"06.01.2016 10:00 - 06.01.2016 11:00","3094","3087"
"06.01.2016 11:00 - 06.01.2016 12:00","3264","3659"
"06.01.2016 12:00 - 06.01.2016 13:00","3069","2911"
"06.01.2016 13:00 - 06.01.2016 14:00","2980","2974"
"06.01.2016 14:00 - 06.01.2016 15:00","2957","2915"
"06.01.2016 15:00 - 06.01.2016 16:00","2896","2920"
"06.01.2016 16:00 - 06.01.2016 17:00","3058","3097"
"06.01.2016 17:00 - 06.01.2016 18:00","3318","3293"
"06.01.2016 18:00 - 06.01.2016 19:00","3118","3133"
"06.01.2016 19:00 - 06.01.2016 20:00","2955","2957"
"06.01.2016 20:00 - 06.01.2016 21:00","2762","2766"
"06.01.2016 21:00 - 06.01.2016 22:00","2589","2594"
"06.01.2016 22:00 - 06.01.2016 23:00","2395","2419"
"06.01.2016 23:00 - 07.01.2016 00:00","2163","2191"
"07.01.2016 00:00 - 07.01.2016 01:00","2061","2079"
"07.01.2016 01:00 - 07.01.2016 02:00","2037","2115"
"07.01.2016 02:00 - 07.01.2016 03:00","2044","2069"
"07.01.2016 03:00 - 07.01.2016 04:00","2066","2069"
"07.01.2016 04:00 - 07.01.2016 05:00","2123","2126"
"07.01.2016 05:00 - 07.01.2016 06:00","2277","2264"
"07.01.2016 06:00 - 07.01.2016 07:00","2684","2645"
"07.01.2016 07:00 - 07.01.2016 08:00","3087","3056"
"07.01.2016 08:00 - 07.01.2016 09:00","3258","3188"
"07.01.2016 09:00 - 07.01.2016 10:00","3140","3137"
"07.01.2016 10:00 - 07.01.2016 11:00","3174","3151"
"07.01.2016 11:00 - 07.01.2016 12:00","3151","3132"
"07.01.2016 12:00 - 07.01.2016 13:00","3054","3029"
"07.01.2016 13:00 - 07.01.2016 14:00","3071","3031"
"07.01.2016 14:00 - 07.01.2016 15:00","3017","3004"
"07.01.2016 15:00 - 07.01.2016 16:00","2953","2940"
"07.01.2016 16:00 - 07.01.2016 17:00","3095","3054"
"07.01.2016 17:00 - 07.01.2016 18:00","3307","3262"
"07.01.2016 18:00 - 07.01.2016 19:00","3097","3094"
"07.01.2016 19:00 - 07.01.2016 20:00","2906","2930"
"07.01.2016 20:00 - 07.01.2016 21:00","2744","2753"
"07.01.2016 21:00 - 07.01.2016 22:00","2598","2626"
"07.01.2016 22:00 - 07.01.2016 23:00","2423","2399"
"07.01.2016 23:00 - 08.01.2016 00:00","2197","2221"
"08.01.2016 00:00 - 08.01.2016 01:00","2029","2016"
"08.01.2016 01:00 - 08.01.2016 02:00","1961","1956"
"08.01.2016 02:00 - 08.01.2016 03:00","1934","2001"
"08.01.2016 03:00 - 08.01.2016 04:00","2012","1999"
"08.01.2016 04:00 - 08.01.2016 05:00","2072","2070"
"08.01.2016 05:00 - 08.01.2016 06:00","2243","2210"
"08.01.2016 06:00 - 08.01.2016 07:00","2630","2558"
"08.01.2016 07:00 - 08.01.2016 08:00","3042","2987"
"08.01.2016 08:00 - 08.01.2016 09:00","3174","3125"
"08.01.2016 09:00 - 08.01.2016 10:00","3076","3090"
"08.01.2016 10:00 - 08.01.2016 11:00","3140","3169"
"08.01.2016 11:00 - 08.01.2016 12:00","3089","3126"
"08.01.2016 12:00 - 08.01.2016 13:00","2997","3002"
"08.01.2016 13:00 - 08.01.2016 14:00","2906","2891"
"08.01.2016 14:00 - 08.01.2016 15:00","2796","2811"
"08.01.2016 15:00 - 08.01.2016 16:00","2751","2703"
"08.01.2016 16:00 - 08.01.2016 17:00","2815","2756"
"08.01.2016 17:00 - 08.01.2016 18:00","3018","3017"
"08.01.2016 18:00 - 08.01.2016 19:00","2919","2926"
"08.01.2016 19:00 - 08.01.2016 20:00","2682","2695"
"08.01.2016 20:00 - 08.01.2016 21:00","2482","2507"
"08.01.2016 21:00 - 08.01.2016 22:00","2368","2368"
"08.01.2016 22:00 - 08.01.2016 23:00","2201","2245"
"08.01.2016 23:00 - 09.01.2016 00:00","2024","2088"
"09.01.2016 00:00 - 09.01.2016 01:00","1868","1938"
"09.01.2016 01:00 - 09.01.2016 02:00","1843","1851"
"09.01.2016 02:00 - 09.01.2016 03:00","1797","1805"
"09.01.2016 03:00 - 09.01.2016 04:00","1787","1790"
"09.01.2016 04:00 - 09.01.2016 05:00","1798","1801"
"09.01.2016 05:00 - 09.01.2016 06:00","1854","1846"
"09.01.2016 06:00 - 09.01.2016 07:00","1985","1963"
"09.01.2016 07:00 - 09.01.2016 08:00","2175","2170"
"09.01.2016 08:00 - 09.01.2016 09:00","2383","2369"
"09.01.2016 09:00 - 09.01.2016 10:00","2476","2438"
"09.01.2016 10:00 - 09.01.2016 11:00","2528","2498"
"09.01.2016 11:00 - 09.01.2016 12:00","2507","2486"
"09.01.2016 12:00 - 09.01.2016 13:00","2455","2445"
"09.01.2016 13:00 - 09.01.2016 14:00","2395","2413"
"09.01.2016 14:00 - 09.01.2016 15:00","2365","2390"
"09.01.2016 15:00 - 09.01.2016 16:00","2406","2385"
"09.01.2016 16:00 - 09.01.2016 17:00","2563","2550"
"09.01.2016 17:00 - 09.01.2016 18:00","2823","2791"
"09.01.2016 18:00 - 09.01.2016 19:00","2723","2703"
"09.01.2016 19:00 - 09.01.2016 20:00","2482","2480"
"09.01.2016 20:00 - 09.01.2016 21:00","2313","2301"
"09.01.2016 21:00 - 09.01.2016 22:00","2189","2187"
"09.01.2016 22:00 - 09.01.2016 23:00","2061","2048"
"09.01.2016 23:00 - 10.01.2016 00:00","1951","1903"
"10.01.2016 00:00 - 10.01.2016 01:00","1816","1812"
"10.01.2016 01:00 - 10.01.2016 02:00","1749","1754"
"10.01.2016 02:00 - 10.01.2016 03:00","1703","1700"
"10.01.2016 03:00 - 10.01.2016 04:00","1674","1672"
"10.01.2016 04:00 - 10.01.2016 05:00","1648","1654"
"10.01.2016 05:00 - 10.01.2016 06:00","1702","1705"
"10.01.2016 06:00 - 10.01.2016 07:00","1828","1817"
"10.01.2016 07:00 - 10.01.2016 08:00","1981","1945"
"10.01.2016 08:00 - 10.01.2016 09:00","2127","2114"
"10.01.2016 09:00 - 10.01.2016 10:00","2227","2237"
"10.01.2016 10:00 - 10.01.2016 11:00","2322","2355"
"10.01.2016 11:00 - 10.01.2016 12:00","2376","2386"
"10.01.2016 12:00 - 10.01.2016 13:00","2365","2387"
"10.01.2016 13:00 - 10.01.2016 14:00","2382","2417"
"10.01.2016 14:00 - 10.01.2016 15:00","2373","2396"
"10.01.2016 15:00 - 10.01.2016 16:00","2392","2409"
"10.01.2016 16:00 - 10.01.2016 17:00","2569","2555"
"10.01.2016 17:00 - 10.01.2016 18:00","2870","2819"
"10.01.2016 18:00 - 10.01.2016 19:00","2758","2755"
"10.01.2016 19:00 - 10.01.2016 20:00","2571","2583"
"10.01.2016 20:00 - 10.01.2016 21:00","2401","2396"
"10.01.2016 21:00 - 10.01.2016 22:00","2272","2256"
"10.01.2016 22:00 - 10.01.2016 23:00","2116","2090"
"10.01.2016 23:00 - 11.01.2016 00:00","1980","1968"
"11.01.2016 00:00 - 11.01.2016 01:00","1875","1858"
"11.01.2016 01:00 - 11.01.2016 02:00","1804","1775"
"11.01.2016 02:00 - 11.01.2016 03:00","1819","1764"
"11.01.2016 03:00 - 11.01.2016 04:00","1809","1779"
"11.01.2016 04:00 - 11.01.2016 05:00","1858","1847"
"11.01.2016 05:00 - 11.01.2016 06:00","2027","1993"
"11.01.2016 06:00 - 11.01.2016 07:00","2424","2394"
"11.01.2016 07:00 - 11.01.2016 08:00","2866","2839"
"11.01.2016 08:00 - 11.01.2016 09:00","3042","3017"
"11.01.2016 09:00 - 11.01.2016 10:00","3005","2984"
"11.01.2016 10:00 - 11.01.2016 11:00","3009","3013"
"11.01.2016 11:00 - 11.01.2016 12:00","3038","3023"
"11.01.2016 12:00 - 11.01.2016 13:00","2962","2952"
"11.01.2016 13:00 - 11.01.2016 14:00","2957","2973"
"11.01.2016 14:00 - 11.01.2016 15:00","2940","2948"
"11.01.2016 15:00 - 11.01.2016 16:00","2877","2853"
"11.01.2016 16:00 - 11.01.2016 17:00","2939","2934"
"11.01.2016 17:00 - 11.01.2016 18:00","3170","3149"
"11.01.2016 18:00 - 11.01.2016 19:00","2987","2979"
"11.01.2016 19:00 - 11.01.2016 20:00","2788","2818"
"11.01.2016 20:00 - 11.01.2016 21:00","2583","2613"
"11.01.2016 21:00 - 11.01.2016 22:00","2436","2450"
"11.01.2016 22:00 - 11.01.2016 23:00","2247","2262"
"11.01.2016 23:00 - 12.01.2016 00:00","2038","2078"
"12.01.2016 00:00 - 12.01.2016 01:00","1962","1958"
"12.01.2016 01:00 - 12.01.2016 02:00","1883","1893"
"12.01.2016 02:00 - 12.01.2016 03:00","1865","1860"
"12.01.2016 03:00 - 12.01.2016 04:00","1865","1880"
"12.01.2016 04:00 - 12.01.2016 05:00","1911","1946"
"12.01.2016 05:00 - 12.01.2016 06:00","2106","2114"
"12.01.2016 06:00 - 12.01.2016 07:00","2542","2495"
"12.01.2016 07:00 - 12.01.2016 08:00","2980","2925"
"12.01.2016 08:00 - 12.01.2016 09:00","3101","3066"
"12.01.2016 09:00 - 12.01.2016 10:00","3030","3021"
"12.01.2016 10:00 - 12.01.2016 11:00","3058","3055"
"12.01.2016 11:00 - 12.01.2016 12:00","3049","3042"
"12.01.2016 12:00 - 12.01.2016 13:00","2978","2971"
"12.01.2016 13:00 - 12.01.2016 14:00","3012","3007"
"12.01.2016 14:00 - 12.01.2016 15:00","2975","2963"
"12.01.2016 15:00 - 12.01.2016 16:00","2871","2877"
"12.01.2016 16:00 - 12.01.2016 17:00","2948","2959"
"12.01.2016 17:00 - 12.01.2016 18:00","3200","3175"
"12.01.2016 18:00 - 12.01.2016 19:00","3015","3030"
"12.01.2016 19:00 - 12.01.2016 20:00","2837","2839"
"12.01.2016 20:00 - 12.01.2016 21:00","2653","2660"
"12.01.2016 21:00 - 12.01.2016 22:00","2489","2500"
"12.01.2016 22:00 - 12.01.2016 23:00","2290","2296"
"12.01.2016 23:00 - 13.01.2016 00:00","2080","2082"
"13.01.2016 00:00 - 13.01.2016 01:00","1984","1923"
"13.01.2016 01:00 - 13.01.2016 02:00","1865","1881"
"13.01.2016 02:00 - 13.01.2016 03:00","1864","1884"
"13.01.2016 03:00 - 13.01.2016 04:00","1892","1895"
"13.01.2016 04:00 - 13.01.2016 05:00","1942","1933"
"13.01.2016 05:00 - 13.01.2016 06:00","2101","2064"
"13.01.2016 06:00 - 13.01.2016 07:00","2523","2480"
"13.01.2016 07:00 - 13.01.2016 08:00","2973","2943"
"13.01.2016 08:00 - 13.01.2016 09:00","3122","3124"
"13.01.2016 09:00 - 13.01.2016 10:00","3073","3083"
"13.01.2016 10:00 - 13.01.2016 11:00","3114","3106"
"13.01.2016 11:00 - 13.01.2016 12:00","3081","2853"
"13.01.2016 12:00 - 13.01.2016 13:00","3010","2648"
"13.01.2016 13:00 - 13.01.2016 14:00","3035","2661"
"13.01.2016 14:00 - 13.01.2016 15:00","2998","2727"
"13.01.2016 15:00 - 13.01.2016 16:00","2914","2731"
"13.01.2016 16:00 - 13.01.2016 17:00","2988","2896"
"13.01.2016 17:00 - 13.01.2016 18:00","3189","3305"
"13.01.2016 18:00 - 13.01.2016 19:00","3152","3228"
"13.01.2016 19:00 - 13.01.2016 20:00","3015","3016"
"13.01.2016 20:00 - 13.01.2016 21:00","2807","2816"
"13.01.2016 21:00 - 13.01.2016 22:00","2623","2627"
"13.01.2016 22:00 - 13.01.2016 23:00","2413","2426"
"13.01.2016 23:00 - 14.01.2016 00:00","2191","2215"
"14.01.2016 00:00 - 14.01.2016 01:00","2062","2075"
"14.01.2016 01:00 - 14.01.2016 02:00","1994","2005"
"14.01.2016 02:00 - 14.01.2016 03:00","1977","1982"
"14.01.2016 03:00 - 14.01.2016 04:00","1996","1995"
"14.01.2016 04:00 - 14.01.2016 05:00","2031","2041"
"14.01.2016 05:00 - 14.01.2016 06:00","2215","2196"
"14.01.2016 06:00 - 14.01.2016 07:00","2676","2586"
"14.01.2016 07:00 - 14.01.2016 08:00","3096","3064"
"14.01.2016 08:00 - 14.01.2016 09:00","3228","3187"
"14.01.2016 09:00 - 14.01.2016 10:00","3141","3139"
"14.01.2016 10:00 - 14.01.2016 11:00","3194","3202"
"14.01.2016 11:00 - 14.01.2016 12:00","3184","3202"
"14.01.2016 12:00 - 14.01.2016 13:00","3112","3105"
"14.01.2016 13:00 - 14.01.2016 14:00","3126","3128"
"14.01.2016 14:00 - 14.01.2016 15:00","3075","3092"
"14.01.2016 15:00 - 14.01.2016 16:00","2994","3007"
"14.01.2016 16:00 - 14.01.2016 17:00","3102","3116"
"14.01.2016 17:00 - 14.01.2016 18:00","3346","3318"
"14.01.2016 18:00 - 14.01.2016 19:00","3173","3155"
"14.01.2016 19:00 - 14.01.2016 20:00","2953","2959"
"14.01.2016 20:00 - 14.01.2016 21:00","2768","2774"
"14.01.2016 21:00 - 14.01.2016 22:00","2597","2586"
"14.01.2016 22:00 - 14.01.2016 23:00","2392","2385"
"14.01.2016 23:00 - 15.01.2016 00:00","2178","2201"
"15.01.2016 00:00 - 15.01.2016 01:00","2111","2068"
"15.01.2016 01:00 - 15.01.2016 02:00","1998","1998"
"15.01.2016 02:00 - 15.01.2016 03:00","1970","1967"
"15.01.2016 03:00 - 15.01.2016 04:00","1992","1994"
"15.01.2016 04:00 - 15.01.2016 05:00","2050","2054"
"15.01.2016 05:00 - 15.01.2016 06:00","2202","2208"
"15.01.2016 06:00 - 15.01.2016 07:00","2638","2618"
"15.01.2016 07:00 - 15.01.2016 08:00","3106","3082"
"15.01.2016 08:00 - 15.01.2016 09:00","3268","3264"
"15.01.2016 09:00 - 15.01.2016 10:00","3215","3196"
"15.01.2016 10:00 - 15.01.2016 11:00","3255","3265"
"15.01.2016 11:00 - 15.01.2016 12:00","3215","3211"
"15.01.2016 12:00 - 15.01.2016 13:00","3087","3064"
"15.01.2016 13:00 - 15.01.2016 14:00","2976","2957"
"15.01.2016 14:00 - 15.01.2016 15:00","2844","2839"
"15.01.2016 15:00 - 15.01.2016 16:00","2764","2787"
"15.01.2016 16:00 - 15.01.2016 17:00","2916","2940"
"15.01.2016 17:00 - 15.01.2016 18:00","3191","3207"
"15.01.2016 18:00 - 15.01.2016 19:00","3092","3097"
"15.01.2016 19:00 - 15.01.2016 20:00","2823","2851"
"15.01.2016 20:00 - 15.01.2016 21:00","2614","2624"
"15.01.2016 21:00 - 15.01.2016 22:00","2463","2480"
"15.01.2016 22:00 - 15.01.2016 23:00","2292","2333"
"15.01.2016 23:00 - 16.01.2016 00:00","2111","2176"
"16.01.2016 00:00 - 16.01.2016 01:00","2042","2046"
"16.01.2016 01:00 - 16.01.2016 02:00","1948","1958"
"16.01.2016 02:00 - 16.01.2016 03:00","1904","1921"
"16.01.2016 03:00 - 16.01.2016 04:00","1897","1904"
"16.01.2016 04:00 - 16.01.2016 05:00","1910","1905"
"16.01.2016 05:00 - 16.01.2016 06:00","1967","1963"
"16.01.2016 06:00 - 16.01.2016 07:00","2105","2090"
"16.01.2016 07:00 - 16.01.2016 08:00","2301","2295"
"16.01.2016 08:00 - 16.01.2016 09:00","2504","2490"
"16.01.2016 09:00 - 16.01.2016 10:00","2609","2581"
"16.01.2016 10:00 - 16.01.2016 11:00","2652","2648"
"16.01.2016 11:00 - 16.01.2016 12:00","2631","2626"
"16.01.2016 12:00 - 16.01.2016 13:00","2572","2568"
"16.01.2016 13:00 - 16.01.2016 14:00","2519","2496"
"16.01.2016 14:00 - 16.01.2016 15:00","2475","2446"
"16.01.2016 15:00 - 16.01.2016 16:00","2450","2449"
"16.01.2016 16:00 - 16.01.2016 17:00","2606","2611"
"16.01.2016 17:00 - 16.01.2016 18:00","2912","2903"
"16.01.2016 18:00 - 16.01.2016 19:00","2812","2807"
"16.01.2016 19:00 - 16.01.2016 20:00","2589","2603"
"16.01.2016 20:00 - 16.01.2016 21:00","2453","2460"
"16.01.2016 21:00 - 16.01.2016 22:00","2323","2324"
"16.01.2016 22:00 - 16.01.2016 23:00","2192","2191"
"16.01.2016 23:00 - 17.01.2016 00:00","2051","2042"
"17.01.2016 00:00 - 17.01.2016 01:00","1914","1954"
"17.01.2016 01:00 - 17.01.2016 02:00","1865","1887"
"17.01.2016 02:00 - 17.01.2016 03:00","1829","1847"
"17.01.2016 03:00 - 17.01.2016 04:00","1808","1835"
"17.01.2016 04:00 - 17.01.2016 05:00","1848","1861"
"17.01.2016 05:00 - 17.01.2016 06:00","1908","1926"
"17.01.2016 06:00 - 17.01.2016 07:00","2033","2054"
"17.01.2016 07:00 - 17.01.2016 08:00","2217","2229"
"17.01.2016 08:00 - 17.01.2016 09:00","2399","2414"
"17.01.2016 09:00 - 17.01.2016 10:00","2508","2511"
"17.01.2016 10:00 - 17.01.2016 11:00","2562","2527"
"17.01.2016 11:00 - 17.01.2016 12:00","2528","2500"
"17.01.2016 12:00 - 17.01.2016 13:00","2457","2438"
"17.01.2016 13:00 - 17.01.2016 14:00","2407","2405"
"17.01.2016 14:00 - 17.01.2016 15:00","2391","2384"
"17.01.2016 15:00 - 17.01.2016 16:00","2408","2392"
"17.01.2016 16:00 - 17.01.2016 17:00","2568","2590"
"17.01.2016 17:00 - 17.01.2016 18:00","2971","2993"
"17.01.2016 18:00 - 17.01.2016 19:00","2921","2933"
"17.01.2016 19:00 - 17.01.2016 20:00","2737","2743"
"17.01.2016 20:00 - 17.01.2016 21:00","2567","2557"
"17.01.2016 21:00 - 17.01.2016 22:00","2418","2435"
"17.01.2016 22:00 - 17.01.2016 23:00","2270","2282"
"17.01.2016 23:00 - 18.01.2016 00:00","2111","2153"
"18.01.2016 00:00 - 18.01.2016 01:00","2068","2059"
"18.01.2016 01:00 - 18.01.2016 02:00","2003","2014"
"18.01.2016 02:00 - 18.01.2016 03:00","2004","1988"
"18.01.2016 03:00 - 18.01.2016 04:00","2003","1983"
"18.01.2016 04:00 - 18.01.2016 05:00","2050","2069"
"18.01.2016 05:00 - 18.01.2016 06:00","2254","2236"
"18.01.2016 06:00 - 18.01.2016 07:00","2687","2672"
"18.01.2016 07:00 - 18.01.2016 08:00","3159","3141"
"18.01.2016 08:00 - 18.01.2016 09:00","3326","3301"
"18.01.2016 09:00 - 18.01.2016 10:00","3278","3235"
"18.01.2016 10:00 - 18.01.2016 11:00","3288","3265"
"18.01.2016 11:00 - 18.01.2016 12:00","3252","3240"
"18.01.2016 12:00 - 18.01.2016 13:00","3165","3148"
"18.01.2016 13:00 - 18.01.2016 14:00","3162","3139"
"18.01.2016 14:00 - 18.01.2016 15:00","3082","3047"
"18.01.2016 15:00 - 18.01.2016 16:00","2979","2985"
"18.01.2016 16:00 - 18.01.2016 17:00","3074","3069"
"18.01.2016 17:00 - 18.01.2016 18:00","3352","3365"
"18.01.2016 18:00 - 18.01.2016 19:00","3197","3188"
"18.01.2016 19:00 - 18.01.2016 20:00","2994","2975"
"18.01.2016 20:00 - 18.01.2016 21:00","2780","2775"
"18.01.2016 21:00 - 18.01.2016 22:00","2606","2596"
"18.01.2016 22:00 - 18.01.2016 23:00","2407","2408"
"18.01.2016 23:00 - 19.01.2016 00:00","2204","2151"
"19.01.2016 00:00 - 19.01.2016 01:00","2013","2077"
"19.01.2016 01:00 - 19.01.2016 02:00","1984","2032"
"19.01.2016 02:00 - 19.01.2016 03:00","2026","2077"
"19.01.2016 03:00 - 19.01.2016 04:00","2065","2063"
"19.01.2016 04:00 - 19.01.2016 05:00","2104","2082"
"19.01.2016 05:00 - 19.01.2016 06:00","2229","2223"
"19.01.2016 06:00 - 19.01.2016 07:00","2644","2637"
"19.01.2016 07:00 - 19.01.2016 08:00","3112","3095"
"19.01.2016 08:00 - 19.01.2016 09:00","3263","3266"
"19.01.2016 09:00 - 19.01.2016 10:00","3224","3218"
"19.01.2016 10:00 - 19.01.2016 11:00","3260","3255"
"19.01.2016 11:00 - 19.01.2016 12:00","3234","3234"
"19.01.2016 12:00 - 19.01.2016 13:00","3117","3061"
"19.01.2016 13:00 - 19.01.2016 14:00","3065","3026"
"19.01.2016 14:00 - 19.01.2016 15:00","2992","2963"
"19.01.2016 15:00 - 19.01.2016 16:00","2886","2905"
"19.01.2016 16:00 - 19.01.2016 17:00","3000","3012"
"19.01.2016 17:00 - 19.01.2016 18:00","3325","3351"
"19.01.2016 18:00 - 19.01.2016 19:00","3209","3223"
"19.01.2016 19:00 - 19.01.2016 20:00","3025","3055"
"19.01.2016 20:00 - 19.01.2016 21:00","2856","2864"
"19.01.2016 21:00 - 19.01.2016 22:00","2685","2689"
"19.01.2016 22:00 - 19.01.2016 23:00","2471","2526"
"19.01.2016 23:00 - 20.01.2016 00:00","2246","2323"
"20.01.2016 00:00 - 20.01.2016 01:00","2190","2199"
"20.01.2016 01:00 - 20.01.2016 02:00","2129","2136"
"20.01.2016 02:00 - 20.01.2016 03:00","2101","2111"
"20.01.2016 03:00 - 20.01.2016 04:00","2113","2120"
"20.01.2016 04:00 - 20.01.2016 05:00","2183","2172"
"20.01.2016 05:00 - 20.01.2016 06:00","2340","2332"
"20.01.2016 06:00 - 20.01.2016 07:00","2769","2760"
"20.01.2016 07:00 - 20.01.2016 08:00","3256","3268"
"20.01.2016 08:00 - 20.01.2016 09:00","3407","3388"
"20.01.2016 09:00 - 20.01.2016 10:00","3354","3346"
"20.01.2016 10:00 - 20.01.2016 11:00","3384","3350"
"20.01.2016 11:00 - 20.01.2016 12:00","3331","3314"
"20.01.2016 12:00 - 20.01.2016 13:00","3218","3195"
"20.01.2016 13:00 - 20.01.2016 14:00","3208","3168"
"20.01.2016 14:00 - 20.01.2016 15:00","3112","3098"
"20.01.2016 15:00 - 20.01.2016 16:00","3013","3008"
"20.01.2016 16:00 - 20.01.2016 17:00","3087","3084"
"20.01.2016 17:00 - 20.01.2016 18:00","3392","3410"
"20.01.2016 18:00 - 20.01.2016 19:00","3273","3299"
"20.01.2016 19:00 - 20.01.2016 20:00","3106","3098"
"20.01.2016 20:00 - 20.01.2016 21:00","2924","2919"
"20.01.2016 21:00 - 20.01.2016 22:00","2752","2745"
"20.01.2016 22:00 - 20.01.2016 23:00","2539","2563"
"20.01.2016 23:00 - 21.01.2016 00:00","2316","2373"
"21.01.2016 00:00 - 21.01.2016 01:00","2252","2251"
"21.01.2016 01:00 - 21.01.2016 02:00","2189","2200"
"21.01.2016 02:00 - 21.01.2016 03:00","2166","2182"
"21.01.2016 03:00 - 21.01.2016 04:00","2174","2188"
"21.01.2016 04:00 - 21.01.2016 05:00","2252","2248"
"21.01.2016 05:00 - 21.01.2016 06:00","2420","2396"
"21.01.2016 06:00 - 21.01.2016 07:00","2823","2809"
"21.01.2016 07:00 - 21.01.2016 08:00","3297","3300"
"21.01.2016 08:00 - 21.01.2016 09:00","3437","3450"
"21.01.2016 09:00 - 21.01.2016 10:00","3395","3365"
"21.01.2016 10:00 - 21.01.2016 11:00","3415","3354"
"21.01.2016 11:00 - 21.01.2016 12:00","3345","3305"
"21.01.2016 12:00 - 21.01.2016 13:00","3234","3196"
"21.01.2016 13:00 - 21.01.2016 14:00","3219","3169"
"21.01.2016 14:00 - 21.01.2016 15:00","3132","3123"
"21.01.2016 15:00 - 21.01.2016 16:00","3053","3071"
"21.01.2016 16:00 - 21.01.2016 17:00","3138","3146"
"21.01.2016 17:00 - 21.01.2016 18:00","3440","3450"
"21.01.2016 18:00 - 21.01.2016 19:00","3291","3314"
"21.01.2016 19:00 - 21.01.2016 20:00","3092","3089"
"21.01.2016 20:00 - 21.01.2016 21:00","2918","2910"
"21.01.2016 21:00 - 21.01.2016 22:00","2739","2731"
"21.01.2016 22:00 - 21.01.2016 23:00","2533","2515"
"21.01.2016 23:00 - 22.01.2016 00:00","2323","2316"
"22.01.2016 00:00 - 22.01.2016 01:00","2229","2194"
"22.01.2016 01:00 - 22.01.2016 02:00","2141","2139"
"22.01.2016 02:00 - 22.01.2016 03:00","2122","2114"
"22.01.2016 03:00 - 22.01.2016 04:00","2144","2116"
"22.01.2016 04:00 - 22.01.2016 05:00","2176","2161"
"22.01.2016 05:00 - 22.01.2016 06:00","2344","2318"
"22.01.2016 06:00 - 22.01.2016 07:00","2743","2719"
"22.01.2016 07:00 - 22.01.2016 08:00","3201","3207"
"22.01.2016 08:00 - 22.01.2016 09:00","3327","3342"
"22.01.2016 09:00 - 22.01.2016 10:00","3309","3299"
"22.01.2016 10:00 - 22.01.2016 11:00","3327","3269"
"22.01.2016 11:00 - 22.01.2016 12:00","3212","3184"
"22.01.2016 12:00 - 22.01.2016 13:00","3074","3050"
"22.01.2016 13:00 - 22.01.2016 14:00","2962","2913"
"22.01.2016 14:00 - 22.01.2016 15:00","2778","2776"
"22.01.2016 15:00 - 22.01.2016 16:00","2699","2733"
"22.01.2016 16:00 - 22.01.2016 17:00","2848","2837"
"22.01.2016 17:00 - 22.01.2016 18:00","3191","3167"
"22.01.2016 18:00 - 22.01.2016 19:00","3101","3036"
"22.01.2016 19:00 - 22.01.2016 20:00","2818","2793"
"22.01.2016 20:00 - 22.01.2016 21:00","2616","2576"
"22.01.2016 21:00 - 22.01.2016 22:00","2464","2437"
"22.01.2016 22:00 - 22.01.2016 23:00","2325","2275"
"22.01.2016 23:00 - 23.01.2016 00:00","2198","2102"
"23.01.2016 00:00 - 23.01.2016 01:00","1983","1965"
"23.01.2016 01:00 - 23.01.2016 02:00","1903","1913"
"23.01.2016 02:00 - 23.01.2016 03:00","1885","1877"
"23.01.2016 03:00 - 23.01.2016 04:00","1874","1877"
"23.01.2016 04:00 - 23.01.2016 05:00","1908","1917"
"23.01.2016 05:00 - 23.01.2016 06:00","1979","1982"
"23.01.2016 06:00 - 23.01.2016 07:00","2121","2116"
"23.01.2016 07:00 - 23.01.2016 08:00","2333","2328"
"23.01.2016 08:00 - 23.01.2016 09:00","2530","2532"
"23.01.2016 09:00 - 23.01.2016 10:00","2653","2619"
"23.01.2016 10:00 - 23.01.2016 11:00","2719","2661"
"23.01.2016 11:00 - 23.01.2016 12:00","2665","2675"
"23.01.2016 12:00 - 23.01.2016 13:00","2601","2576"
"23.01.2016 13:00 - 23.01.2016 14:00","2529","2524"
"23.01.2016 14:00 - 23.01.2016 15:00","2477","2465"
"23.01.2016 15:00 - 23.01.2016 16:00","2455","2450"
"23.01.2016 16:00 - 23.01.2016 17:00","2570","2553"
"23.01.2016 17:00 - 23.01.2016 18:00","2910","2881"
"23.01.2016 18:00 - 23.01.2016 19:00","2819","2810"
"23.01.2016 19:00 - 23.01.2016 20:00","2583","2588"
"23.01.2016 20:00 - 23.01.2016 21:00","2421","2401"
"23.01.2016 21:00 - 23.01.2016 22:00","2275","2252"
"23.01.2016 22:00 - 23.01.2016 23:00","2127","2109"
"23.01.2016 23:00 - 24.01.2016 00:00","2003","1958"
"24.01.2016 00:00 - 24.01.2016 01:00","1857","1850"
"24.01.2016 01:00 - 24.01.2016 02:00","1781","1784"
"24.01.2016 02:00 - 24.01.2016 03:00","1741","1752"
"24.01.2016 03:00 - 24.01.2016 04:00","1731","1714"
"24.01.2016 04:00 - 24.01.2016 05:00","1732","1728"
"24.01.2016 05:00 - 24.01.2016 06:00","1782","1792"
"24.01.2016 06:00 - 24.01.2016 07:00","1907","1923"
"24.01.2016 07:00 - 24.01.2016 08:00","2088","2078"
"24.01.2016 08:00 - 24.01.2016 09:00","2240","2238"
"24.01.2016 09:00 - 24.01.2016 10:00","2360","2379"
"24.01.2016 10:00 - 24.01.2016 11:00","2431","2443"
"24.01.2016 11:00 - 24.01.2016 12:00","2456","2450"
"24.01.2016 12:00 - 24.01.2016 13:00","2434","2410"
"24.01.2016 13:00 - 24.01.2016 14:00","2383","2365"
"24.01.2016 14:00 - 24.01.2016 15:00","2374","2379"
"24.01.2016 15:00 - 24.01.2016 16:00","2407","2411"
"24.01.2016 16:00 - 24.01.2016 17:00","2563","2554"
"24.01.2016 17:00 - 24.01.2016 18:00","2825","2856"
"24.01.2016 18:00 - 24.01.2016 19:00","2790","2775"
"24.01.2016 19:00 - 24.01.2016 20:00","2631","2614"
"24.01.2016 20:00 - 24.01.2016 21:00","2441","2440"
"24.01.2016 21:00 - 24.01.2016 22:00","2302","2284"
"24.01.2016 22:00 - 24.01.2016 23:00","2142","2158"
"24.01.2016 23:00 - 25.01.2016 00:00","2003","2047"
"25.01.2016 00:00 - 25.01.2016 01:00","1931","1880"
"25.01.2016 01:00 - 25.01.2016 02:00","1833","1832"
"25.01.2016 02:00 - 25.01.2016 03:00","1823","1805"
"25.01.2016 03:00 - 25.01.2016 04:00","1816","1793"
"25.01.2016 04:00 - 25.01.2016 05:00","1864","1854"
"25.01.2016 05:00 - 25.01.2016 06:00","2033","2036"
"25.01.2016 06:00 - 25.01.2016 07:00","2526","2503"
"25.01.2016 07:00 - 25.01.2016 08:00","3005","2961"
"25.01.2016 08:00 - 25.01.2016 09:00","3111","3094"
"25.01.2016 09:00 - 25.01.2016 10:00","3064","3076"
"25.01.2016 10:00 - 25.01.2016 11:00","3118","3110"
"25.01.2016 11:00 - 25.01.2016 12:00","3103","3086"
"25.01.2016 12:00 - 25.01.2016 13:00","2993","2984"
"25.01.2016 13:00 - 25.01.2016 14:00","3018","3007"
"25.01.2016 14:00 - 25.01.2016 15:00","2970","2948"
"25.01.2016 15:00 - 25.01.2016 16:00","2849","2835"
"25.01.2016 16:00 - 25.01.2016 17:00","2847","2856"
"25.01.2016 17:00 - 25.01.2016 18:00","3178","3185"
"25.01.2016 18:00 - 25.01.2016 19:00","3067","3073"
"25.01.2016 19:00 - 25.01.2016 20:00","2836","2872"
"25.01.2016 20:00 - 25.01.2016 21:00","2617","2613"
"25.01.2016 21:00 - 25.01.2016 22:00","2424","2417"
"25.01.2016 22:00 - 25.01.2016 23:00","2197","2152"
"25.01.2016 23:00 - 26.01.2016 00:00","1991","1994"
"26.01.2016 00:00 - 26.01.2016 01:00","1921","1941"
"26.01.2016 01:00 - 26.01.2016 02:00","1889","1844"
"26.01.2016 02:00 - 26.01.2016 03:00","1855","1815"
"26.01.2016 03:00 - 26.01.2016 04:00","1827","1811"
"26.01.2016 04:00 - 26.01.2016 05:00","1867","1834"
"26.01.2016 05:00 - 26.01.2016 06:00","1972","1956"
"26.01.2016 06:00 - 26.01.2016 07:00","2418","2410"
"26.01.2016 07:00 - 26.01.2016 08:00","2906","2913"
"26.01.2016 08:00 - 26.01.2016 09:00","3030","3049"
"26.01.2016 09:00 - 26.01.2016 10:00","3021","3021"
"26.01.2016 10:00 - 26.01.2016 11:00","3057","3045"
"26.01.2016 11:00 - 26.01.2016 12:00","3023","3012"
"26.01.2016 12:00 - 26.01.2016 13:00","2905","2931"
"26.01.2016 13:00 - 26.01.2016 14:00","2943","2975"
"26.01.2016 14:00 - 26.01.2016 15:00","2917","2927"
"26.01.2016 15:00 - 26.01.2016 16:00","2842","2844"
"26.01.2016 16:00 - 26.01.2016 17:00","2887","2893"
"26.01.2016 17:00 - 26.01.2016 18:00","3218","3156"
"26.01.2016 18:00 - 26.01.2016 19:00","3053","3012"
"26.01.2016 19:00 - 26.01.2016 20:00","2819","2812"
"26.01.2016 20:00 - 26.01.2016 21:00","2621","2609"
"26.01.2016 21:00 - 26.01.2016 22:00","2436","2418"
"26.01.2016 22:00 - 26.01.2016 23:00","2233","2238"
"26.01.2016 23:00 - 27.01.2016 00:00","2031","2053"
"27.01.2016 00:00 - 27.01.2016 01:00","1912","1929"
"27.01.2016 01:00 - 27.01.2016 02:00","1889","1870"
"27.01.2016 02:00 - 27.01.2016 03:00","1842","1826"
"27.01.2016 03:00 - 27.01.2016 04:00","1838","1824"
"27.01.2016 04:00 - 27.01.2016 05:00","1875","1881"
"27.01.2016 05:00 - 27.01.2016 06:00","2044","1980"
"27.01.2016 06:00 - 27.01.2016 07:00","2424","2400"
"27.01.2016 07:00 - 27.01.2016 08:00","2901","2867"
"27.01.2016 08:00 - 27.01.2016 09:00","3009","3009"
"27.01.2016 09:00 - 27.01.2016 10:00","2960","2973"
"27.01.2016 10:00 - 27.01.2016 11:00","3026","3053"
"27.01.2016 11:00 - 27.01.2016 12:00","3028","3056"
"27.01.2016 12:00 - 27.01.2016 13:00","2935","2964"
"27.01.2016 13:00 - 27.01.2016 14:00","2948","2955"
"27.01.2016 14:00 - 27.01.2016 15:00","2894","2886"
"27.01.2016 15:00 - 27.01.2016 16:00","2763","2694"
"27.01.2016 16:00 - 27.01.2016 17:00","2678","2668"
"27.01.2016 17:00 - 27.01.2016 18:00","2967","2898"
"27.01.2016 18:00 - 27.01.2016 19:00","2759","2685"
"27.01.2016 19:00 - 27.01.2016 20:00","2517","2479"
"27.01.2016 20:00 - 27.01.2016 21:00","2303","2299"
"27.01.2016 21:00 - 27.01.2016 22:00","2145","2129"
"27.01.2016 22:00 - 27.01.2016 23:00","1953","1931"
"27.01.2016 23:00 - 28.01.2016 00:00","1811","1818"
"28.01.2016 00:00 - 28.01.2016 01:00","1670","1650"
"28.01.2016 01:00 - 28.01.2016 02:00","1637","1607"
"28.01.2016 02:00 - 28.01.2016 03:00","1621","1607"
"28.01.2016 03:00 - 28.01.2016 04:00","1645","1641"
"28.01.2016 04:00 - 28.01.2016 05:00","1687","1672"
"28.01.2016 05:00 - 28.01.2016 06:00","1848","1844"
"28.01.2016 06:00 - 28.01.2016 07:00","2258","2235"
"28.01.2016 07:00 - 28.01.2016 08:00","2714","2712"
"28.01.2016 08:00 - 28.01.2016 09:00","2838","2823"
"28.01.2016 09:00 - 28.01.2016 10:00","2785","2776"
"28.01.2016 10:00 - 28.01.2016 11:00","2788","2738"
"28.01.2016 11:00 - 28.01.2016 12:00","2755","2717"
"28.01.2016 12:00 - 28.01.2016 13:00","2656","2662"
"28.01.2016 13:00 - 28.01.2016 14:00","2668","2684"
"28.01.2016 14:00 - 28.01.2016 15:00","2628","2626"
"28.01.2016 15:00 - 28.01.2016 16:00","2600","2708"
"28.01.2016 16:00 - 28.01.2016 17:00","2830","2811"
"28.01.2016 17:00 - 28.01.2016 18:00","3098","3124"
"28.01.2016 18:00 - 28.01.2016 19:00","2962","3026"
"28.01.2016 19:00 - 28.01.2016 20:00","2790","2827"
"28.01.2016 20:00 - 28.01.2016 21:00","2640","2630"
"28.01.2016 21:00 - 28.01.2016 22:00","2461","2460"
"28.01.2016 22:00 - 28.01.2016 23:00","2258","2264"
"28.01.2016 23:00 - 29.01.2016 00:00","2054","2049"
"29.01.2016 00:00 - 29.01.2016 01:00","1901","1950"
"29.01.2016 01:00 - 29.01.2016 02:00","1886","1896"
"29.01.2016 02:00 - 29.01.2016 03:00","1871","1890"
"29.01.2016 03:00 - 29.01.2016 04:00","1879","1891"
"29.01.2016 04:00 - 29.01.2016 05:00","1925","1911"
"29.01.2016 05:00 - 29.01.2016 06:00","2045","2055"
"29.01.2016 06:00 - 29.01.2016 07:00","2485","2486"
"29.01.2016 07:00 - 29.01.2016 08:00","2933","2906"
"29.01.2016 08:00 - 29.01.2016 09:00","3050","3067"
"29.01.2016 09:00 - 29.01.2016 10:00","3027","3003"
"29.01.2016 10:00 - 29.01.2016 11:00","3071","3070"
"29.01.2016 11:00 - 29.01.2016 12:00","3020","3014"
"29.01.2016 12:00 - 29.01.2016 13:00","2892","2885"
"29.01.2016 13:00 - 29.01.2016 14:00","2804","2806"
"29.01.2016 14:00 - 29.01.2016 15:00","2667","2654"
"29.01.2016 15:00 - 29.01.2016 16:00","2519","2496"
"29.01.2016 16:00 - 29.01.2016 17:00","2553","2538"
"29.01.2016 17:00 - 29.01.2016 18:00","2826","2803"
"29.01.2016 18:00 - 29.01.2016 19:00","2748","2729"
"29.01.2016 19:00 - 29.01.2016 20:00","2524","2525"
"29.01.2016 20:00 - 29.01.2016 21:00","2335","2331"
"29.01.2016 21:00 - 29.01.2016 22:00","2179","2221"
"29.01.2016 22:00 - 29.01.2016 23:00","2030","2101"
"29.01.2016 23:00 - 30.01.2016 00:00","1887","1888"
"30.01.2016 00:00 - 30.01.2016 01:00","1850","1775"
"30.01.2016 01:00 - 30.01.2016 02:00","1742","1695"
"30.01.2016 02:00 - 30.01.2016 03:00","1660","1649"
"30.01.2016 03:00 - 30.01.2016 04:00","1659","1657"
"30.01.2016 04:00 - 30.01.2016 05:00","1689","1700"
"30.01.2016 05:00 - 30.01.2016 06:00","1755","1733"
"30.01.2016 06:00 - 30.01.2016 07:00","1892","1871"
"30.01.2016 07:00 - 30.01.2016 08:00","2095","2065"
"30.01.2016 08:00 - 30.01.2016 09:00","2261","2267"
"30.01.2016 09:00 - 30.01.2016 10:00","2340","2331"
"30.01.2016 10:00 - 30.01.2016 11:00","2396","2435"
"30.01.2016 11:00 - 30.01.2016 12:00","2375","2360"
"30.01.2016 12:00 - 30.01.2016 13:00","2316","2322"
"30.01.2016 13:00 - 30.01.2016 14:00","2269","2262"
"30.01.2016 14:00 - 30.01.2016 15:00","2235","2228"
"30.01.2016 15:00 - 30.01.2016 16:00","2243","2240"
"30.01.2016 16:00 - 30.01.2016 17:00","2332","2314"
"30.01.2016 17:00 - 30.01.2016 18:00","2632","2616"
"30.01.2016 18:00 - 30.01.2016 19:00","2593","2592"
"30.01.2016 19:00 - 30.01.2016 20:00","2391","2407"
"30.01.2016 20:00 - 30.01.2016 21:00","2224","2228"
"30.01.2016 21:00 - 30.01.2016 22:00","2102","2074"
"30.01.2016 22:00 - 30.01.2016 23:00","1984","1971"
"30.01.2016 23:00 - 31.01.2016 00:00","1858","1869"
"31.01.2016 00:00 - 31.01.2016 01:00","1751","1760"
"31.01.2016 01:00 - 31.01.2016 02:00","1699","1725"
"31.01.2016 02:00 - 31.01.2016 03:00","1663","1668"
"31.01.2016 03:00 - 31.01.2016 04:00","1664","1665"
"31.01.2016 04:00 - 31.01.2016 05:00","1671","1653"
"31.01.2016 05:00 - 31.01.2016 06:00","1699","1721"
"31.01.2016 06:00 - 31.01.2016 07:00","1813","1805"
"31.01.2016 07:00 - 31.01.2016 08:00","1963","1996"
"31.01.2016 08:00 - 31.01.2016 09:00","2130","2111"
"31.01.2016 09:00 - 31.01.2016 10:00","2244","2272"
"31.01.2016 10:00 - 31.01.2016 11:00","2313","2301"
"31.01.2016 11:00 - 31.01.2016 12:00","2304","2308"
"31.01.2016 12:00 - 31.01.2016 13:00","2304","2312"
"31.01.2016 13:00 - 31.01.2016 14:00","2302","2306"
"31.01.2016 14:00 - 31.01.2016 15:00","2283","2270"
"31.01.2016 15:00 - 31.01.2016 16:00","2288","2310"
"31.01.2016 16:00 - 31.01.2016 17:00","2389","2380"
"31.01.2016 17:00 - 31.01.2016 18:00","2767","2745"
"31.01.2016 18:00 - 31.01.2016 19:00","2726","2719"
"31.01.2016 19:00 - 31.01.2016 20:00","2541","2550"
"31.01.2016 20:00 - 31.01.2016 21:00","2355","2351"
"31.01.2016 21:00 - 31.01.2016 22:00","2212","2201"
"31.01.2016 22:00 - 31.01.2016 23:00","2054","2049"
"31.01.2016 23:00 - 01.02.2016 00:00","1913","1892"
"01.02.2016 00:00 - 01.02.2016 01:00","1851","1810"
"01.02.2016 01:00 - 01.02.2016 02:00","1796","1812"
"01.02.2016 02:00 - 01.02.2016 03:00","1792","1805"
"01.02.2016 03:00 - 01.02.2016 04:00","1821","1829"
"01.02.2016 04:00 - 01.02.2016 05:00","1899","1901"
"01.02.2016 05:00 - 01.02.2016 06:00","2069","2058"
"01.02.2016 06:00 - 01.02.2016 07:00","2500","2471"
"01.02.2016 07:00 - 01.02.2016 08:00","2952","2944"
"01.02.2016 08:00 - 01.02.2016 09:00","3065","3075"
"01.02.2016 09:00 - 01.02.2016 10:00","3079","3080"
"01.02.2016 10:00 - 01.02.2016 11:00","3115","3111"
"01.02.2016 11:00 - 01.02.2016 12:00","3089","3115"
"01.02.2016 12:00 - 01.02.2016 13:00","3000","2984"
"01.02.2016 13:00 - 01.02.2016 14:00","3019","3051"
"01.02.2016 14:00 - 01.02.2016 15:00","2975","2973"
"01.02.2016 15:00 - 01.02.2016 16:00","2840","2824"
"01.02.2016 16:00 - 01.02.2016 17:00","2825","2814"
"01.02.2016 17:00 - 01.02.2016 18:00","3150","3084"
"01.02.2016 18:00 - 01.02.2016 19:00","3069","2973"
"01.02.2016 19:00 - 01.02.2016 20:00","2790","2768"
"01.02.2016 20:00 - 01.02.2016 21:00","2582","2568"
"01.02.2016 21:00 - 01.02.2016 22:00","2373","2344"
"01.02.2016 22:00 - 01.02.2016 23:00","2158","2195"
"01.02.2016 23:00 - 02.02.2016 00:00","1985","2021"
"02.02.2016 00:00 - 02.02.2016 01:00","1876","1910"
"02.02.2016 01:00 - 02.02.2016 02:00","1844","1839"
"02.02.2016 02:00 - 02.02.2016 03:00","1779","1780"
"02.02.2016 03:00 - 02.02.2016 04:00","1800","1827"
"02.02.2016 04:00 - 02.02.2016 05:00","1874","1893"
"02.02.2016 05:00 - 02.02.2016 06:00","2052","2053"
"02.02.2016 06:00 - 02.02.2016 07:00","2394","2352"
"02.02.2016 07:00 - 02.02.2016 08:00","2862","2836"
"02.02.2016 08:00 - 02.02.2016 09:00","2934","2956"
"02.02.2016 09:00 - 02.02.2016 10:00","2925","2940"
"02.02.2016 10:00 - 02.02.2016 11:00","2968","2975"
"02.02.2016 11:00 - 02.02.2016 12:00","2933","2935"
"02.02.2016 12:00 - 02.02.2016 13:00","2852","2858"
"02.02.2016 13:00 - 02.02.2016 14:00","2861","2871"
"02.02.2016 14:00 - 02.02.2016 15:00","2826","2805"
"02.02.2016 15:00 - 02.02.2016 16:00","2704","2683"
"02.02.2016 16:00 - 02.02.2016 17:00","2691","2677"
"02.02.2016 17:00 - 02.02.2016 18:00","2985","2977"
"02.02.2016 18:00 - 02.02.2016 19:00","2881","2866"
"02.02.2016 19:00 - 02.02.2016 20:00","2668","2663"
"02.02.2016 20:00 - 02.02.2016 21:00","2471","2484"
"02.02.2016 21:00 - 02.02.2016 22:00","2297","2322"
"02.02.2016 22:00 - 02.02.2016 23:00","2109","2153"
"02.02.2016 23:00 - 03.02.2016 00:00","1918","1954"
"03.02.2016 00:00 - 03.02.2016 01:00","1880","1836"
"03.02.2016 01:00 - 03.02.2016 02:00","1799","1786"
"03.02.2016 02:00 - 03.02.2016 03:00","1768","1757"
"03.02.2016 03:00 - 03.02.2016 04:00","1768","1781"
"03.02.2016 04:00 - 03.02.2016 05:00","1848","1830"
"03.02.2016 05:00 - 03.02.2016 06:00","1995","1998"
"03.02.2016 06:00 - 03.02.2016 07:00","2434","2428"
"03.02.2016 07:00 - 03.02.2016 08:00","2912","2896"
"03.02.2016 08:00 - 03.02.2016 09:00","2988","2992"
"03.02.2016 09:00 - 03.02.2016 10:00","2983","2996"
"03.02.2016 10:00 - 03.02.2016 11:00","3023","2995"
"03.02.2016 11:00 - 03.02.2016 12:00","2947","2942"
"03.02.2016 12:00 - 03.02.2016 13:00","2892","2888"
"03.02.2016 13:00 - 03.02.2016 14:00","2872","2878"
"03.02.2016 14:00 - 03.02.2016 15:00","2773","2754"
"03.02.2016 15:00 - 03.02.2016 16:00","2694","2695"
"03.02.2016 16:00 - 03.02.2016 17:00","2691","2701"
"03.02.2016 17:00 - 03.02.2016 18:00","2979","3003"
"03.02.2016 18:00 - 03.02.2016 19:00","2907","2952"
"03.02.2016 19:00 - 03.02.2016 20:00","2746","2733"
"03.02.2016 20:00 - 03.02.2016 21:00","2559","2560"
"03.02.2016 21:00 - 03.02.2016 22:00","2389","2374"
"03.02.2016 22:00 - 03.02.2016 23:00","2185","2189"
"03.02.2016 23:00 - 04.02.2016 00:00","1984","2012"
"04.02.2016 00:00 - 04.02.2016 01:00","1904","1890"
"04.02.2016 01:00 - 04.02.2016 02:00","1850","1849"
"04.02.2016 02:00 - 04.02.2016 03:00","1824","1830"
"04.02.2016 03:00 - 04.02.2016 04:00","1861","1892"
"04.02.2016 04:00 - 04.02.2016 05:00","1944","1957"
"04.02.2016 05:00 - 04.02.2016 06:00","2106","2091"
"04.02.2016 06:00 - 04.02.2016 07:00","2530","2522"
"04.02.2016 07:00 - 04.02.2016 08:00","2995","2935"
"04.02.2016 08:00 - 04.02.2016 09:00","3013","3021"
"04.02.2016 09:00 - 04.02.2016 10:00","2989","2957"
"04.02.2016 10:00 - 04.02.2016 11:00","3002","2988"
"04.02.2016 11:00 - 04.02.2016 12:00","2918","2871"
"04.02.2016 12:00 - 04.02.2016 13:00","2783","2783"
"04.02.2016 13:00 - 04.02.2016 14:00","2785","2785"
"04.02.2016 14:00 - 04.02.2016 15:00","2754","2775"
"04.02.2016 15:00 - 04.02.2016 16:00","2687","2664"
"04.02.2016 16:00 - 04.02.2016 17:00","2708","2709"
"04.02.2016 17:00 - 04.02.2016 18:00","3018","3040"
"04.02.2016 18:00 - 04.02.2016 19:00","2986","2998"
"04.02.2016 19:00 - 04.02.2016 20:00","2786","2801"
"04.02.2016 20:00 - 04.02.2016 21:00","2601","2635"
"04.02.2016 21:00 - 04.02.2016 22:00","2462","2497"
"04.02.2016 22:00 - 04.02.2016 23:00","2252","2281"
"04.02.2016 23:00 - 05.02.2016 00:00","2036","2057"
"05.02.2016 00:00 - 05.02.2016 01:00","1998","1947"
"05.02.2016 01:00 - 05.02.2016 02:00","1916","1898"
"05.02.2016 02:00 - 05.02.2016 03:00","1882","1883"
"05.02.2016 03:00 - 05.02.2016 04:00","1883","1868"
"05.02.2016 04:00 - 05.02.2016 05:00","1935","1938"
"05.02.2016 05:00 - 05.02.2016 06:00","2107","2120"
"05.02.2016 06:00 - 05.02.2016 07:00","2562","2553"
"05.02.2016 07:00 - 05.02.2016 08:00","3017","3008"
"05.02.2016 08:00 - 05.02.2016 09:00","3095","3077"
"05.02.2016 09:00 - 05.02.2016 10:00","3058","3075"
"05.02.2016 10:00 - 05.02.2016 11:00","3111","3136"
"05.02.2016 11:00 - 05.02.2016 12:00","3076","3082"
"05.02.2016 12:00 - 05.02.2016 13:00","2937","2949"
"05.02.2016 13:00 - 05.02.2016 14:00","2839","2862"
"05.02.2016 14:00 - 05.02.2016 15:00","2738","2738"
"05.02.2016 15:00 - 05.02.2016 16:00","2656","2657"
"05.02.2016 16:00 - 05.02.2016 17:00","2708","2690"
"05.02.2016 17:00 - 05.02.2016 18:00","2970","2955"
"05.02.2016 18:00 - 05.02.2016 19:00","2881","2855"
"05.02.2016 19:00 - 05.02.2016 20:00","2612","2617"
"05.02.2016 20:00 - 05.02.2016 21:00","2397","2436"
"05.02.2016 21:00 - 05.02.2016 22:00","2294","2319"
"05.02.2016 22:00 - 05.02.2016 23:00","2148","2130"
"05.02.2016 23:00 - 06.02.2016 00:00","1983","1946"
"06.02.2016 00:00 - 06.02.2016 01:00","1779","1757"
"06.02.2016 01:00 - 06.02.2016 02:00","1689","1690"
"06.02.2016 02:00 - 06.02.2016 03:00","1651","1639"
"06.02.2016 03:00 - 06.02.2016 04:00","1646","1668"
"06.02.2016 04:00 - 06.02.2016 05:00","1681","1683"
"06.02.2016 05:00 - 06.02.2016 06:00","1748","1738"
"06.02.2016 06:00 - 06.02.2016 07:00","1871","1860"
"06.02.2016 07:00 - 06.02.2016 08:00","2051","2057"
"06.02.2016 08:00 - 06.02.2016 09:00","2239","2274"
"06.02.2016 09:00 - 06.02.2016 10:00","2408","2414"
"06.02.2016 10:00 - 06.02.2016 11:00","2448","2421"
"06.02.2016 11:00 - 06.02.2016 12:00","2400","2394"
"06.02.2016 12:00 - 06.02.2016 13:00","2344","2363"
"06.02.2016 13:00 - 06.02.2016 14:00","2334","2358"
"06.02.2016 14:00 - 06.02.2016 15:00","2314","2312"
"06.02.2016 15:00 - 06.02.2016 16:00","2309","2315"
"06.02.2016 16:00 - 06.02.2016 17:00","2398","2354"
"06.02.2016 17:00 - 06.02.2016 18:00","2673","2611"
"06.02.2016 18:00 - 06.02.2016 19:00","2615","2556"
"06.02.2016 19:00 - 06.02.2016 20:00","2339","2338"
"06.02.2016 20:00 - 06.02.2016 21:00","2192","2197"
"06.02.2016 21:00 - 06.02.2016 22:00","2072","2097"
"06.02.2016 22:00 - 06.02.2016 23:00","1957","1945"
"06.02.2016 23:00 - 07.02.2016 00:00","1852","1806"
"07.02.2016 00:00 - 07.02.2016 01:00","1696","1699"
"07.02.2016 01:00 - 07.02.2016 02:00","1634","1618"
"07.02.2016 02:00 - 07.02.2016 03:00","1595","1594"
"07.02.2016 03:00 - 07.02.2016 04:00","1593","1605"
"07.02.2016 04:00 - 07.02.2016 05:00","1624","1629"
"07.02.2016 05:00 - 07.02.2016 06:00","1663","1658"
"07.02.2016 06:00 - 07.02.2016 07:00","1756","1758"
"07.02.2016 07:00 - 07.02.2016 08:00","1925","1933"
"07.02.2016 08:00 - 07.02.2016 09:00","2062","2059"
"07.02.2016 09:00 - 07.02.2016 10:00","2164","2165"
"07.02.2016 10:00 - 07.02.2016 11:00","2202","2205"
"07.02.2016 11:00 - 07.02.2016 12:00","2209","2238"
"07.02.2016 12:00 - 07.02.2016 13:00","2263","2264"
"07.02.2016 13:00 - 07.02.2016 14:00","2196","2196"
"07.02.2016 14:00 - 07.02.2016 15:00","2181","2217"
"07.02.2016 15:00 - 07.02.2016 16:00","2180","2155"
"07.02.2016 16:00 - 07.02.2016 17:00","2256","2243"
"07.02.2016 17:00 - 07.02.2016 18:00","2565","2546"
"07.02.2016 18:00 - 07.02.2016 19:00","2602","2623"
"07.02.2016 19:00 - 07.02.2016 20:00","2439","2414"
"07.02.2016 20:00 - 07.02.2016 21:00","2268","2270"
"07.02.2016 21:00 - 07.02.2016 22:00","2132","2093"
"07.02.2016 22:00 - 07.02.2016 23:00","1961","1921"
"07.02.2016 23:00 - 08.02.2016 00:00","1832","1809"
"08.02.2016 00:00 - 08.02.2016 01:00","1735","1742"
"08.02.2016 01:00 - 08.02.2016 02:00","1703","1697"
"08.02.2016 02:00 - 08.02.2016 03:00","1709","1683"
"08.02.2016 03:00 - 08.02.2016 04:00","1696","1718"
"08.02.2016 04:00 - 08.02.2016 05:00","1745","1746"
"08.02.2016 05:00 - 08.02.2016 06:00","1895","1915"
"08.02.2016 06:00 - 08.02.2016 07:00","2360","2369"
"08.02.2016 07:00 - 08.02.2016 08:00","2847","2801"
"08.02.2016 08:00 - 08.02.2016 09:00","2939","2957"
"08.02.2016 09:00 - 08.02.2016 10:00","2940","2937"
"08.02.2016 10:00 - 08.02.2016 11:00","2971","2954"
"08.02.2016 11:00 - 08.02.2016 12:00","2927","2928"
"08.02.2016 12:00 - 08.02.2016 13:00","2850","2855"
"08.02.2016 13:00 - 08.02.2016 14:00","2871","2882"
"08.02.2016 14:00 - 08.02.2016 15:00","2854","2872"
"08.02.2016 15:00 - 08.02.2016 16:00","2773","2776"
"08.02.2016 16:00 - 08.02.2016 17:00","2752","2742"
"08.02.2016 17:00 - 08.02.2016 18:00","3058","3035"
"08.02.2016 18:00 - 08.02.2016 19:00","3032","2967"
"08.02.2016 19:00 - 08.02.2016 20:00","2732","2753"
"08.02.2016 20:00 - 08.02.2016 21:00","2535","2577"
"08.02.2016 21:00 - 08.02.2016 22:00","2404","2422"
"08.02.2016 22:00 - 08.02.2016 23:00","2189","2204"
"08.02.2016 23:00 - 09.02.2016 00:00","1975","2060"
"09.02.2016 00:00 - 09.02.2016 01:00","1916","1966"
"09.02.2016 01:00 - 09.02.2016 02:00","1891","1909"
"09.02.2016 02:00 - 09.02.2016 03:00","1877","1872"
"09.02.2016 03:00 - 09.02.2016 04:00","1867","1871"
"09.02.2016 04:00 - 09.02.2016 05:00","1920","1927"
"09.02.2016 05:00 - 09.02.2016 06:00","2057","2062"
"09.02.2016 06:00 - 09.02.2016 07:00","2471","2491"
"09.02.2016 07:00 - 09.02.2016 08:00","2941","2910"
"09.02.2016 08:00 - 09.02.2016 09:00","3014","3014"
"09.02.2016 09:00 - 09.02.2016 10:00","2996","3005"
"09.02.2016 10:00 - 09.02.2016 11:00","3031","3015"
"09.02.2016 11:00 - 09.02.2016 12:00","2958","2942"
"09.02.2016 12:00 - 09.02.2016 13:00","2850","2877"
"09.02.2016 13:00 - 09.02.2016 14:00","2858","2873"
"09.02.2016 14:00 - 09.02.2016 15:00","2827","2812"
"09.02.2016 15:00 - 09.02.2016 16:00","2730","2736"
"09.02.2016 16:00 - 09.02.2016 17:00","2759","2767"
"09.02.2016 17:00 - 09.02.2016 18:00","3060","3068"
"09.02.2016 18:00 - 09.02.2016 19:00","3058","3046"
"09.02.2016 19:00 - 09.02.2016 20:00","2845","2853"
"09.02.2016 20:00 - 09.02.2016 21:00","2647","2669"
"09.02.2016 21:00 - 09.02.2016 22:00","2448","2495"
"09.02.2016 22:00 - 09.02.2016 23:00","2231","2298"
"09.02.2016 23:00 - 10.02.2016 00:00","2021","2124"
"10.02.2016 00:00 - 10.02.2016 01:00","2018","1990"
"10.02.2016 01:00 - 10.02.2016 02:00","1972","1949"
"10.02.2016 02:00 - 10.02.2016 03:00","1944","1938"
"10.02.2016 03:00 - 10.02.2016 04:00","1930","1935"
"10.02.2016 04:00 - 10.02.2016 05:00","1973","1982"
"10.02.2016 05:00 - 10.02.2016 06:00","2140","2148"
"10.02.2016 06:00 - 10.02.2016 07:00","2539","2556"
"10.02.2016 07:00 - 10.02.2016 08:00","3051","3017"
"10.02.2016 08:00 - 10.02.2016 09:00","3115","3097"
"10.02.2016 09:00 - 10.02.2016 10:00","3070","3080"
"10.02.2016 10:00 - 10.02.2016 11:00","3078","3084"
"10.02.2016 11:00 - 10.02.2016 12:00","3063","3070"
"10.02.2016 12:00 - 10.02.2016 13:00","2967","2982"
"10.02.2016 13:00 - 10.02.2016 14:00","2991","2997"
"10.02.2016 14:00 - 10.02.2016 15:00","2928","2933"
"10.02.2016 15:00 - 10.02.2016 16:00","2829","2829"
"10.02.2016 16:00 - 10.02.2016 17:00","2849","2868"
"10.02.2016 17:00 - 10.02.2016 18:00","3149","3149"
"10.02.2016 18:00 - 10.02.2016 19:00","3131","3103"
"10.02.2016 19:00 - 10.02.2016 20:00","2897","2907"
"10.02.2016 20:00 - 10.02.2016 21:00","2696","2717"
"10.02.2016 21:00 - 10.02.2016 22:00","2529","2540"
"10.02.2016 22:00 - 10.02.2016 23:00","2320","2351"
"10.02.2016 23:00 - 11.02.2016 00:00","2109","2132"
"11.02.2016 00:00 - 11.02.2016 01:00","2011","1991"
"11.02.2016 01:00 - 11.02.2016 02:00","1935","1932"
"11.02.2016 02:00 - 11.02.2016 03:00","1902","1913"
"11.02.2016 03:00 - 11.02.2016 04:00","1902","1916"
"11.02.2016 04:00 - 11.02.2016 05:00","1954","1949"
"11.02.2016 05:00 - 11.02.2016 06:00","2121","2125"
"11.02.2016 06:00 - 11.02.2016 07:00","2519","2556"
"11.02.2016 07:00 - 11.02.2016 08:00","3026","3025"
"11.02.2016 08:00 - 11.02.2016 09:00","3137","3296"
"11.02.2016 09:00 - 11.02.2016 10:00","3111","3100"
"11.02.2016 10:00 - 11.02.2016 11:00","3143","3111"
"11.02.2016 11:00 - 11.02.2016 12:00","3094","3075"
"11.02.2016 12:00 - 11.02.2016 13:00","2993","2994"
"11.02.2016 13:00 - 11.02.2016 14:00","3003","2989"
"11.02.2016 14:00 - 11.02.2016 15:00","2935","2915"
"11.02.2016 15:00 - 11.02.2016 16:00","2810","2813"
"11.02.2016 16:00 - 11.02.2016 17:00","2809","2825"
"11.02.2016 17:00 - 11.02.2016 18:00","3082","3077"
"11.02.2016 18:00 - 11.02.2016 19:00","3039","3052"
"11.02.2016 19:00 - 11.02.2016 20:00","2857","2855"
"11.02.2016 20:00 - 11.02.2016 21:00","2658","2653"
"11.02.2016 21:00 - 11.02.2016 22:00","2492","2489"
"11.02.2016 22:00 - 11.02.2016 23:00","2296","2299"
"11.02.2016 23:00 - 12.02.2016 00:00","2105","2097"
"12.02.2016 00:00 - 12.02.2016 01:00","1978","1976"
"12.02.2016 01:00 - 12.02.2016 02:00","1916","1933"
"12.02.2016 02:00 - 12.02.2016 03:00","1909","1910"
"12.02.2016 03:00 - 12.02.2016 04:00","1914","1919"
"12.02.2016 04:00 - 12.02.2016 05:00","1968","1973"
"12.02.2016 05:00 - 12.02.2016 06:00","2128","2137"
"12.02.2016 06:00 - 12.02.2016 07:00","2542","2566"
"12.02.2016 07:00 - 12.02.2016 08:00","3002","3009"
"12.02.2016 08:00 - 12.02.2016 09:00","3119","3087"
"12.02.2016 09:00 - 12.02.2016 10:00","3086","3039"
"12.02.2016 10:00 - 12.02.2016 11:00","3074","3023"
"12.02.2016 11:00 - 12.02.2016 12:00","2999","2977"
"12.02.2016 12:00 - 12.02.2016 13:00","2854","2854"
"12.02.2016 13:00 - 12.02.2016 14:00","2756","2776"
"12.02.2016 14:00 - 12.02.2016 15:00","2680","2664"
"12.02.2016 15:00 - 12.02.2016 16:00","2581","2572"
"12.02.2016 16:00 - 12.02.2016 17:00","2625","2630"
"12.02.2016 17:00 - 12.02.2016 18:00","2905","2912"
"12.02.2016 18:00 - 12.02.2016 19:00","2950","2973"
"12.02.2016 19:00 - 12.02.2016 20:00","2723","2727"
"12.02.2016 20:00 - 12.02.2016 21:00","2504","2511"
"12.02.2016 21:00 - 12.02.2016 22:00","2354","2359"
"12.02.2016 22:00 - 12.02.2016 23:00","2211","2200"
"12.02.2016 23:00 - 13.02.2016 00:00","2055","2053"
"13.02.2016 00:00 - 13.02.2016 01:00","1952","1928"
"13.02.2016 01:00 - 13.02.2016 02:00","1865","1865"
"13.02.2016 02:00 - 13.02.2016 03:00","1864","1857"
"13.02.2016 03:00 - 13.02.2016 04:00","1860","1839"
"13.02.2016 04:00 - 13.02.2016 05:00","1862","1855"
"13.02.2016 05:00 - 13.02.2016 06:00","1904","1918"
"13.02.2016 06:00 - 13.02.2016 07:00","2047","2050"
"13.02.2016 07:00 - 13.02.2016 08:00","2240","2241"
"13.02.2016 08:00 - 13.02.2016 09:00","2404","2390"
"13.02.2016 09:00 - 13.02.2016 10:00","2509","2460"
"13.02.2016 10:00 - 13.02.2016 11:00","2532","2477"
"13.02.2016 11:00 - 13.02.2016 12:00","2469","2427"
"13.02.2016 12:00 - 13.02.2016 13:00","2389","2352"
"13.02.2016 13:00 - 13.02.2016 14:00","2322","2308"
"13.02.2016 14:00 - 13.02.2016 15:00","2276","2250"
"13.02.2016 15:00 - 13.02.2016 16:00","2250","2243"
"13.02.2016 16:00 - 13.02.2016 17:00","2325","2324"
"13.02.2016 17:00 - 13.02.2016 18:00","2636","2635"
"13.02.2016 18:00 - 13.02.2016 19:00","2710","2716"
"13.02.2016 19:00 - 13.02.2016 20:00","2504","2506"
"13.02.2016 20:00 - 13.02.2016 21:00","2319","2318"
"13.02.2016 21:00 - 13.02.2016 22:00","2171","2164"
"13.02.2016 22:00 - 13.02.2016 23:00","2027","2029"
"13.02.2016 23:00 - 14.02.2016 00:00","1901","1922"
"14.02.2016 00:00 - 14.02.2016 01:00","1779","1819"
"14.02.2016 01:00 - 14.02.2016 02:00","1708","1757"
"14.02.2016 02:00 - 14.02.2016 03:00","1715","1725"
"14.02.2016 03:00 - 14.02.2016 04:00","1726","1722"
"14.02.2016 04:00 - 14.02.2016 05:00","1732","1739"
"14.02.2016 05:00 - 14.02.2016 06:00","1779","1776"
"14.02.2016 06:00 - 14.02.2016 07:00","1895","1872"
"14.02.2016 07:00 - 14.02.2016 08:00","2015","2046"
"14.02.2016 08:00 - 14.02.2016 09:00","2203","2226"
"14.02.2016 09:00 - 14.02.2016 10:00","2344","2321"
"14.02.2016 10:00 - 14.02.2016 11:00","2367","2323"
"14.02.2016 11:00 - 14.02.2016 12:00","2363","2341"
"14.02.2016 12:00 - 14.02.2016 13:00","2255","2221"
"14.02.2016 13:00 - 14.02.2016 14:00","2225","2192"
"14.02.2016 14:00 - 14.02.2016 15:00","2223","2205"
"14.02.2016 15:00 - 14.02.2016 16:00","2170","2161"
"14.02.2016 16:00 - 14.02.2016 17:00","2278","2315"
"14.02.2016 17:00 - 14.02.2016 18:00","2652","2665"
"14.02.2016 18:00 - 14.02.2016 19:00","2722","2728"
"14.02.2016 19:00 - 14.02.2016 20:00","2533","2551"
"14.02.2016 20:00 - 14.02.2016 21:00","2377","2413"
"14.02.2016 21:00 - 14.02.2016 22:00","2273","2279"
"14.02.2016 22:00 - 14.02.2016 23:00","2108","2159"
"14.02.2016 23:00 - 15.02.2016 00:00","1960","2042"
"15.02.2016 00:00 - 15.02.2016 01:00","1925","1862"
"15.02.2016 01:00 - 15.02.2016 02:00","1835","1824"
"15.02.2016 02:00 - 15.02.2016 03:00","1838","1854"
"15.02.2016 03:00 - 15.02.2016 04:00","1869","1879"
"15.02.2016 04:00 - 15.02.2016 05:00","1919","1919"
"15.02.2016 05:00 - 15.02.2016 06:00","2094","2061"
"15.02.2016 06:00 - 15.02.2016 07:00","2527","2515"
"15.02.2016 07:00 - 15.02.2016 08:00","2939","2933"
"15.02.2016 08:00 - 15.02.2016 09:00","3071","3070"
"15.02.2016 09:00 - 15.02.2016 10:00","3078","3070"
"15.02.2016 10:00 - 15.02.2016 11:00","3076","3056"
"15.02.2016 11:00 - 15.02.2016 12:00","3042","3001"
"15.02.2016 12:00 - 15.02.2016 13:00","2931","2889"
"15.02.2016 13:00 - 15.02.2016 14:00","2918","2905"
"15.02.2016 14:00 - 15.02.2016 15:00","2839","2813"
"15.02.2016 15:00 - 15.02.2016 16:00","2706","2715"
"15.02.2016 16:00 - 15.02.2016 17:00","2708","2703"
"15.02.2016 17:00 - 15.02.2016 18:00","2994","2998"
"15.02.2016 18:00 - 15.02.2016 19:00","3026","3064"
"15.02.2016 19:00 - 15.02.2016 20:00","2859","2873"
"15.02.2016 20:00 - 15.02.2016 21:00","2674","2691"
"15.02.2016 21:00 - 15.02.2016 22:00","2513","2542"
"15.02.2016 22:00 - 15.02.2016 23:00","2339","2368"
"15.02.2016 23:00 - 16.02.2016 00:00","2127","2197"
"16.02.2016 00:00 - 16.02.2016 01:00","2052","2072"
"16.02.2016 01:00 - 16.02.2016 02:00","2013","2038"
"16.02.2016 02:00 - 16.02.2016 03:00","2025","2043"
"16.02.2016 03:00 - 16.02.2016 04:00","2040","2066"
"16.02.2016 04:00 - 16.02.2016 05:00","2108","2118"
"16.02.2016 05:00 - 16.02.2016 06:00","2284","2267"
"16.02.2016 06:00 - 16.02.2016 07:00","2680","2643"
"16.02.2016 07:00 - 16.02.2016 08:00","3058","3035"
"16.02.2016 08:00 - 16.02.2016 09:00","3146","3137"
"16.02.2016 09:00 - 16.02.2016 10:00","3127","3114"
"16.02.2016 10:00 - 16.02.2016 11:00","3152","3116"
"16.02.2016 11:00 - 16.02.2016 12:00","3091","3057"
"16.02.2016 12:00 - 16.02.2016 13:00","2978","2939"
"16.02.2016 13:00 - 16.02.2016 14:00","2944","2925"
"16.02.2016 14:00 - 16.02.2016 15:00","2865","2840"
"16.02.2016 15:00 - 16.02.2016 16:00","2741","2722"
"16.02.2016 16:00 - 16.02.2016 17:00","2706","2707"
"16.02.2016 17:00 - 16.02.2016 18:00","2961","2962"
"16.02.2016 18:00 - 16.02.2016 19:00","3002","2982"
"16.02.2016 19:00 - 16.02.2016 20:00","2808","2793"
"16.02.2016 20:00 - 16.02.2016 21:00","2629","2619"
"16.02.2016 21:00 - 16.02.2016 22:00","2476","2453"
"16.02.2016 22:00 - 16.02.2016 23:00","2323","2256"
"16.02.2016 23:00 - 17.02.2016 00:00","2183","2082"
"17.02.2016 00:00 - 17.02.2016 01:00","1929","1950"
"17.02.2016 01:00 - 17.02.2016 02:00","1878","1892"
"17.02.2016 02:00 - 17.02.2016 03:00","1898","1899"
"17.02.2016 03:00 - 17.02.2016 04:00","1889","1887"
"17.02.2016 04:00 - 17.02.2016 05:00","1948","1956"
"17.02.2016 05:00 - 17.02.2016 06:00","2153","2127"
"17.02.2016 06:00 - 17.02.2016 07:00","2552","2515"
"17.02.2016 07:00 - 17.02.2016 08:00","2953","2879"
"17.02.2016 08:00 - 17.02.2016 09:00","3000","3006"
"17.02.2016 09:00 - 17.02.2016 10:00","3017","2998"
"17.02.2016 10:00 - 17.02.2016 11:00","3011","2969"
"17.02.2016 11:00 - 17.02.2016 12:00","2942","2926"
"17.02.2016 12:00 - 17.02.2016 13:00","2856","2839"
"17.02.2016 13:00 - 17.02.2016 14:00","2886","2866"
"17.02.2016 14:00 - 17.02.2016 15:00","2824","2814"
"17.02.2016 15:00 - 17.02.2016 16:00","2708","2710"
"17.02.2016 16:00 - 17.02.2016 17:00","2699","2696"
"17.02.2016 17:00 - 17.02.2016 18:00","2954","2965"
"17.02.2016 18:00 - 17.02.2016 19:00","3010","3007"
"17.02.2016 19:00 - 17.02.2016 20:00","2798","2783"
"17.02.2016 20:00 - 17.02.2016 21:00","2606","2610"
"17.02.2016 21:00 - 17.02.2016 22:00","2442","2450"
"17.02.2016 22:00 - 17.02.2016 23:00","2265","2311"
"17.02.2016 23:00 - 18.02.2016 00:00","2071","2142"
"18.02.2016 00:00 - 18.02.2016 01:00","2051","2023"
"18.02.2016 01:00 - 18.02.2016 02:00","1952","1976"
"18.02.2016 02:00 - 18.02.2016 03:00","1957","1964"
"18.02.2016 03:00 - 18.02.2016 04:00","1982","1975"
"18.02.2016 04:00 - 18.02.2016 05:00","2032","2023"
"18.02.2016 05:00 - 18.02.2016 06:00","2198","2168"
"18.02.2016 06:00 - 18.02.2016 07:00","2574","2537"
"18.02.2016 07:00 - 18.02.2016 08:00","2927","2950"
"18.02.2016 08:00 - 18.02.2016 09:00","3042","3092"
"18.02.2016 09:00 - 18.02.2016 10:00","3091","3130"
"18.02.2016 10:00 - 18.02.2016 11:00","3169","3162"
"18.02.2016 11:00 - 18.02.2016 12:00","3142","3119"
"18.02.2016 12:00 - 18.02.2016 13:00","3048","3018"
"18.02.2016 13:00 - 18.02.2016 14:00","3036","3011"
"18.02.2016 14:00 - 18.02.2016 15:00","2968","2956"
"18.02.2016 15:00 - 18.02.2016 16:00","2854","2865"
"18.02.2016 16:00 - 18.02.2016 17:00","2837","2837"
"18.02.2016 17:00 - 18.02.2016 18:00","3081","3046"
"18.02.2016 18:00 - 18.02.2016 19:00","3072","3047"
"18.02.2016 19:00 - 18.02.2016 20:00","2861","2853"
"18.02.2016 20:00 - 18.02.2016 21:00","2693","2674"
"18.02.2016 21:00 - 18.02.2016 22:00","2510","2493"
"18.02.2016 22:00 - 18.02.2016 23:00","2316","2313"
"18.02.2016 23:00 - 19.02.2016 00:00","2127","2131"
"19.02.2016 00:00 - 19.02.2016 01:00","1991","1997"
"19.02.2016 01:00 - 19.02.2016 02:00","1935","1936"
"19.02.2016 02:00 - 19.02.2016 03:00","1910","1897"
"19.02.2016 03:00 - 19.02.2016 04:00","1911","1905"
"19.02.2016 04:00 - 19.02.2016 05:00","1951","1961"
"19.02.2016 05:00 - 19.02.2016 06:00","2114","2117"
"19.02.2016 06:00 - 19.02.2016 07:00","2532","2476"
"19.02.2016 07:00 - 19.02.2016 08:00","2943","2890"
"19.02.2016 08:00 - 19.02.2016 09:00","3029","3043"
"19.02.2016 09:00 - 19.02.2016 10:00","3047","3090"
"19.02.2016 10:00 - 19.02.2016 11:00","3127","3149"
"19.02.2016 11:00 - 19.02.2016 12:00","3104","3099"
"19.02.2016 12:00 - 19.02.2016 13:00","2966","2955"
"19.02.2016 13:00 - 19.02.2016 14:00","2822","2800"
"19.02.2016 14:00 - 19.02.2016 15:00","2648","2622"
"19.02.2016 15:00 - 19.02.2016 16:00","2533","2515"
"19.02.2016 16:00 - 19.02.2016 17:00","2549","2517"
"19.02.2016 17:00 - 19.02.2016 18:00","2708","2673"
"19.02.2016 18:00 - 19.02.2016 19:00","2743","2693"
"19.02.2016 19:00 - 19.02.2016 20:00","2443","2420"
"19.02.2016 20:00 - 19.02.2016 21:00","2234","2254"
"19.02.2016 21:00 - 19.02.2016 22:00","2117","2109"
"19.02.2016 22:00 - 19.02.2016 23:00","1955","1984"
"19.02.2016 23:00 - 20.02.2016 00:00","1815","1849"
"20.02.2016 00:00 - 20.02.2016 01:00","1766","1768"
"20.02.2016 01:00 - 20.02.2016 02:00","1725","1684"
"20.02.2016 02:00 - 20.02.2016 03:00","1591","1560"
"20.02.2016 03:00 - 20.02.2016 04:00","1559","1544"
"20.02.2016 04:00 - 20.02.2016 05:00","1605","1599"
"20.02.2016 05:00 - 20.02.2016 06:00","1686","1730"
"20.02.2016 06:00 - 20.02.2016 07:00","1875","1853"
"20.02.2016 07:00 - 20.02.2016 08:00","2047","2022"
"20.02.2016 08:00 - 20.02.2016 09:00","2203","2153"
"20.02.2016 09:00 - 20.02.2016 10:00","2311","2294"
"20.02.2016 10:00 - 20.02.2016 11:00","2353","2351"
"20.02.2016 11:00 - 20.02.2016 12:00","2376","2375"
"20.02.2016 12:00 - 20.02.2016 13:00","2301","2213"
"20.02.2016 13:00 - 20.02.2016 14:00","2148","2115"
"20.02.2016 14:00 - 20.02.2016 15:00","2094","2116"
"20.02.2016 15:00 - 20.02.2016 16:00","2140","2132"
"20.02.2016 16:00 - 20.02.2016 17:00","2166","2187"
"20.02.2016 17:00 - 20.02.2016 18:00","2443","2448"
"20.02.2016 18:00 - 20.02.2016 19:00","2517","2484"
"20.02.2016 19:00 - 20.02.2016 20:00","2203","2177"
"20.02.2016 20:00 - 20.02.2016 21:00","2022","2031"
"20.02.2016 21:00 - 20.02.2016 22:00","1962","1997"
"20.02.2016 22:00 - 20.02.2016 23:00","1864","1880"
"20.02.2016 23:00 - 21.02.2016 00:00","1734","1761"
"21.02.2016 00:00 - 21.02.2016 01:00","1643","1630"
"21.02.2016 01:00 - 21.02.2016 02:00","1569","1587"
"21.02.2016 02:00 - 21.02.2016 03:00","1534","1511"
"21.02.2016 03:00 - 21.02.2016 04:00","1506","1522"
"21.02.2016 04:00 - 21.02.2016 05:00","1594","1598"
"21.02.2016 05:00 - 21.02.2016 06:00","1586","1566"
"21.02.2016 06:00 - 21.02.2016 07:00","1673","1654"
"21.02.2016 07:00 - 21.02.2016 08:00","1812","1771"
"21.02.2016 08:00 - 21.02.2016 09:00","1957","1946"
"21.02.2016 09:00 - 21.02.2016 10:00","2062","2070"
"21.02.2016 10:00 - 21.02.2016 11:00","2118","2089"
"21.02.2016 11:00 - 21.02.2016 12:00","2088","2064"
"21.02.2016 12:00 - 21.02.2016 13:00","2055","2041"
"21.02.2016 13:00 - 21.02.2016 14:00","2039","2048"
"21.02.2016 14:00 - 21.02.2016 15:00","2072","2122"
"21.02.2016 15:00 - 21.02.2016 16:00","2128","2154"
"21.02.2016 16:00 - 21.02.2016 17:00","2257","2316"
"21.02.2016 17:00 - 21.02.2016 18:00","2553","2569"
"21.02.2016 18:00 - 21.02.2016 19:00","2620","2605"
"21.02.2016 19:00 - 21.02.2016 20:00","2450","2465"
"21.02.2016 20:00 - 21.02.2016 21:00","2275","2275"
"21.02.2016 21:00 - 21.02.2016 22:00","2154","2196"
"21.02.2016 22:00 - 21.02.2016 23:00","2041","2064"
"21.02.2016 23:00 - 22.02.2016 00:00","1886","1904"
"22.02.2016 00:00 - 22.02.2016 01:00","1747","1746"
"22.02.2016 01:00 - 22.02.2016 02:00","1710","1714"
"22.02.2016 02:00 - 22.02.2016 03:00","1679","1672"
"22.02.2016 03:00 - 22.02.2016 04:00","1717","1712"
"22.02.2016 04:00 - 22.02.2016 05:00","1766","1744"
"22.02.2016 05:00 - 22.02.2016 06:00","1889","1902"
"22.02.2016 06:00 - 22.02.2016 07:00","2292","2250"
"22.02.2016 07:00 - 22.02.2016 08:00","2693","2650"
"22.02.2016 08:00 - 22.02.2016 09:00","2760","2651"
"22.02.2016 09:00 - 22.02.2016 10:00","2651","2638"
"22.02.2016 10:00 - 22.02.2016 11:00","2722","2700"
"22.02.2016 11:00 - 22.02.2016 12:00","2693","2671"
"22.02.2016 12:00 - 22.02.2016 13:00","2576","2575"
"22.02.2016 13:00 - 22.02.2016 14:00","2588","2623"
"22.02.2016 14:00 - 22.02.2016 15:00","2555","2544"
"22.02.2016 15:00 - 22.02.2016 16:00","2356","2385"
"22.02.2016 16:00 - 22.02.2016 17:00","2413","2653"
"22.02.2016 17:00 - 22.02.2016 18:00","2639","2628"
"22.02.2016 18:00 - 22.02.2016 19:00","2714","2682"
"22.02.2016 19:00 - 22.02.2016 20:00","2531","2548"
"22.02.2016 20:00 - 22.02.2016 21:00","2372","2394"
"22.02.2016 21:00 - 22.02.2016 22:00","2202","2218"
"22.02.2016 22:00 - 22.02.2016 23:00","1985","2079"
"22.02.2016 23:00 - 23.02.2016 00:00","1783","1910"
"23.02.2016 00:00 - 23.02.2016 01:00","1771","1779"
"23.02.2016 01:00 - 23.02.2016 02:00","1700","1687"
"23.02.2016 02:00 - 23.02.2016 03:00","1692","1681"
"23.02.2016 03:00 - 23.02.2016 04:00","1723","1708"
"23.02.2016 04:00 - 23.02.2016 05:00","1705","1709"
"23.02.2016 05:00 - 23.02.2016 06:00","1911","1919"
"23.02.2016 06:00 - 23.02.2016 07:00","2347","2332"
"23.02.2016 07:00 - 23.02.2016 08:00","2730","2720"
"23.02.2016 08:00 - 23.02.2016 09:00","2845","2767"
"23.02.2016 09:00 - 23.02.2016 10:00","2781","2722"
"23.02.2016 10:00 - 23.02.2016 11:00","2768","2684"
"23.02.2016 11:00 - 23.02.2016 12:00","2675","2670"
"23.02.2016 12:00 - 23.02.2016 13:00","2576","2566"
"23.02.2016 13:00 - 23.02.2016 14:00","2587","2592"
"23.02.2016 14:00 - 23.02.2016 15:00","2528","2542"
"23.02.2016 15:00 - 23.02.2016 16:00","2431","2661"
"23.02.2016 16:00 - 23.02.2016 17:00","2605","2655"
"23.02.2016 17:00 - 23.02.2016 18:00","2886","2887"
"23.02.2016 18:00 - 23.02.2016 19:00","2950","2943"
"23.02.2016 19:00 - 23.02.2016 20:00","2761","2748"
"23.02.2016 20:00 - 23.02.2016 21:00","2549","2550"
"23.02.2016 21:00 - 23.02.2016 22:00","2392","2410"
"23.02.2016 22:00 - 23.02.2016 23:00","2213","2218"
"23.02.2016 23:00 - 24.02.2016 00:00","2003","2009"
"24.02.2016 00:00 - 24.02.2016 01:00","1885","1862"
"24.02.2016 01:00 - 24.02.2016 02:00","1823","1836"
"24.02.2016 02:00 - 24.02.2016 03:00","1817","1823"
"24.02.2016 03:00 - 24.02.2016 04:00","1858","1834"
"24.02.2016 04:00 - 24.02.2016 05:00","1888","1879"
"24.02.2016 05:00 - 24.02.2016 06:00","2068","2048"
"24.02.2016 06:00 - 24.02.2016 07:00","2509","2483"
"24.02.2016 07:00 - 24.02.2016 08:00","2847","2846"
"24.02.2016 08:00 - 24.02.2016 09:00","2971","2924"
"24.02.2016 09:00 - 24.02.2016 10:00","2914","2879"
"24.02.2016 10:00 - 24.02.2016 11:00","2867","2798"
"24.02.2016 11:00 - 24.02.2016 12:00","2727","2743"
"24.02.2016 12:00 - 24.02.2016 13:00","2622","2569"
"24.02.2016 13:00 - 24.02.2016 14:00","2572","2574"
"24.02.2016 14:00 - 24.02.2016 15:00","2584","2638"
"24.02.2016 15:00 - 24.02.2016 16:00","2549","2562"
"24.02.2016 16:00 - 24.02.2016 17:00","2551","2592"
"24.02.2016 17:00 - 24.02.2016 18:00","2804","2834"
"24.02.2016 18:00 - 24.02.2016 19:00","2939","2950"
"24.02.2016 19:00 - 24.02.2016 20:00","2792","2787"
"24.02.2016 20:00 - 24.02.2016 21:00","2601","2600"
"24.02.2016 21:00 - 24.02.2016 22:00","2420","2424"
"24.02.2016 22:00 - 24.02.2016 23:00","2212","2241"
"24.02.2016 23:00 - 25.02.2016 00:00","1999","2075"
"25.02.2016 00:00 - 25.02.2016 01:00","1945","1935"
"25.02.2016 01:00 - 25.02.2016 02:00","1878","1863"
"25.02.2016 02:00 - 25.02.2016 03:00","1834","1847"
"25.02.2016 03:00 - 25.02.2016 04:00","1865","1871"
"25.02.2016 04:00 - 25.02.2016 05:00","1936","1949"
"25.02.2016 05:00 - 25.02.2016 06:00","2129","2121"
"25.02.2016 06:00 - 25.02.2016 07:00","2549","2551"
"25.02.2016 07:00 - 25.02.2016 08:00","2944","2939"
"25.02.2016 08:00 - 25.02.2016 09:00","3028","3012"
"25.02.2016 09:00 - 25.02.2016 10:00","2959","2935"
"25.02.2016 10:00 - 25.02.2016 11:00","2948","2939"
"25.02.2016 11:00 - 25.02.2016 12:00","2914","2916"
"25.02.2016 12:00 - 25.02.2016 13:00","2849","2862"
"25.02.2016 13:00 - 25.02.2016 14:00","2872","2862"
"25.02.2016 14:00 - 25.02.2016 15:00","2801","2808"
"25.02.2016 15:00 - 25.02.2016 16:00","2669","2691"
"25.02.2016 16:00 - 25.02.2016 17:00","2673","2689"
"25.02.2016 17:00 - 25.02.2016 18:00","2895","2884"
"25.02.2016 18:00 - 25.02.2016 19:00","2980","2952"
"25.02.2016 19:00 - 25.02.2016 20:00","2826","2797"
"25.02.2016 20:00 - 25.02.2016 21:00","2656","2626"
"25.02.2016 21:00 - 25.02.2016 22:00","2500","2446"
"25.02.2016 22:00 - 25.02.2016 23:00","2303","2259"
"25.02.2016 23:00 - 26.02.2016 00:00","2089","2055"
"26.02.2016 00:00 - 26.02.2016 01:00","1961","1923"
"26.02.2016 01:00 - 26.02.2016 02:00","1872","1859"
"26.02.2016 02:00 - 26.02.2016 03:00","1857","1845"
"26.02.2016 03:00 - 26.02.2016 04:00","1866","1866"
"26.02.2016 04:00 - 26.02.2016 05:00","1934","1915"
"26.02.2016 05:00 - 26.02.2016 06:00","2095","2077"
"26.02.2016 06:00 - 26.02.2016 07:00","2511","2493"
"26.02.2016 07:00 - 26.02.2016 08:00","2867","2842"
"26.02.2016 08:00 - 26.02.2016 09:00","2943","2916"
"26.02.2016 09:00 - 26.02.2016 10:00","2865","2854"
"26.02.2016 10:00 - 26.02.2016 11:00","2881","2852"
"26.02.2016 11:00 - 26.02.2016 12:00","2771","2780"
"26.02.2016 12:00 - 26.02.2016 13:00","2647","2629"
"26.02.2016 13:00 - 26.02.2016 14:00","2533","2529"
"26.02.2016 14:00 - 26.02.2016 15:00","2443","2433"
"26.02.2016 15:00 - 26.02.2016 16:00","2332","2338"
"26.02.2016 16:00 - 26.02.2016 17:00","2367","2382"
"26.02.2016 17:00 - 26.02.2016 18:00","2588","2624"
"26.02.2016 18:00 - 26.02.2016 19:00","2783","2778"
"26.02.2016 19:00 - 26.02.2016 20:00","2608","2594"
"26.02.2016 20:00 - 26.02.2016 21:00","2391","2388"
"26.02.2016 21:00 - 26.02.2016 22:00","2247","2233"
"26.02.2016 22:00 - 26.02.2016 23:00","2095","2089"
"26.02.2016 23:00 - 27.02.2016 00:00","1933","1945"
"27.02.2016 00:00 - 27.02.2016 01:00","1799","1820"
"27.02.2016 01:00 - 27.02.2016 02:00","1738","1766"
"27.02.2016 02:00 - 27.02.2016 03:00","1724","1732"
"27.02.2016 03:00 - 27.02.2016 04:00","1714","1799"
"27.02.2016 04:00 - 27.02.2016 05:00","1726","1785"
"27.02.2016 05:00 - 27.02.2016 06:00","1786","1838"
"27.02.2016 06:00 - 27.02.2016 07:00","1952","1984"
"27.02.2016 07:00 - 27.02.2016 08:00","2150","2143"
"27.02.2016 08:00 - 27.02.2016 09:00","2341","2310"
"27.02.2016 09:00 - 27.02.2016 10:00","2405","2358"
"27.02.2016 10:00 - 27.02.2016 11:00","2392","2370"
"27.02.2016 11:00 - 27.02.2016 12:00","2349","2343"
"27.02.2016 12:00 - 27.02.2016 13:00","2288","2267"
"27.02.2016 13:00 - 27.02.2016 14:00","2234","2224"
"27.02.2016 14:00 - 27.02.2016 15:00","2197","2165"
"27.02.2016 15:00 - 27.02.2016 16:00","2157","2176"
"27.02.2016 16:00 - 27.02.2016 17:00","2241","2236"
"27.02.2016 17:00 - 27.02.2016 18:00","2477","2477"
"27.02.2016 18:00 - 27.02.2016 19:00","2620","2623"
"27.02.2016 19:00 - 27.02.2016 20:00","2443","2456"
"27.02.2016 20:00 - 27.02.2016 21:00","2277","2292"
"27.02.2016 21:00 - 27.02.2016 22:00","2167","2174"
"27.02.2016 22:00 - 27.02.2016 23:00","2029","2038"
"27.02.2016 23:00 - 28.02.2016 00:00","1896","1906"
"28.02.2016 00:00 - 28.02.2016 01:00","1861","1811"
"28.02.2016 01:00 - 28.02.2016 02:00","1791","1746"
"28.02.2016 02:00 - 28.02.2016 03:00","1769","1723"
"28.02.2016 03:00 - 28.02.2016 04:00","1748","1721"
"28.02.2016 04:00 - 28.02.2016 05:00","1749","1750"
"28.02.2016 05:00 - 28.02.2016 06:00","1808","1812"
"28.02.2016 06:00 - 28.02.2016 07:00","1925","1934"
"28.02.2016 07:00 - 28.02.2016 08:00","2080","2074"
"28.02.2016 08:00 - 28.02.2016 09:00","2269","2232"
"28.02.2016 09:00 - 28.02.2016 10:00","2316","2271"
"28.02.2016 10:00 - 28.02.2016 11:00","2288","2288"
"28.02.2016 11:00 - 28.02.2016 12:00","2283","2273"
"28.02.2016 12:00 - 28.02.2016 13:00","2223","2218"
"28.02.2016 13:00 - 28.02.2016 14:00","2172","2157"
"28.02.2016 14:00 - 28.02.2016 15:00","2148","2122"
"28.02.2016 15:00 - 28.02.2016 16:00","2149","2117"
"28.02.2016 16:00 - 28.02.2016 17:00","2163","2186"
"28.02.2016 17:00 - 28.02.2016 18:00","2462","2470"
"28.02.2016 18:00 - 28.02.2016 19:00","2671","2685"
"28.02.2016 19:00 - 28.02.2016 20:00","2560","2551"
"28.02.2016 20:00 - 28.02.2016 21:00","2361","2372"
"28.02.2016 21:00 - 28.02.2016 22:00","2215","2222"
"28.02.2016 22:00 - 28.02.2016 23:00","2037","2075"
"28.02.2016 23:00 - 29.02.2016 00:00","1873","1944"
"29.02.2016 00:00 - 29.02.2016 01:00","1922","1875"
"29.02.2016 01:00 - 29.02.2016 02:00","1878","1856"
"29.02.2016 02:00 - 29.02.2016 03:00","1864","1848"
"29.02.2016 03:00 - 29.02.2016 04:00","1875","1862"
"29.02.2016 04:00 - 29.02.2016 05:00","1951","1934"
"29.02.2016 05:00 - 29.02.2016 06:00","2121","2118"
"29.02.2016 06:00 - 29.02.2016 07:00","2545","2568"
"29.02.2016 07:00 - 29.02.2016 08:00","2938","2922"
"29.02.2016 08:00 - 29.02.2016 09:00","3047","3076"
"29.02.2016 09:00 - 29.02.2016 10:00","3045","3053"
"29.02.2016 10:00 - 29.02.2016 11:00","3085","3073"
"29.02.2016 11:00 - 29.02.2016 12:00","3047","3027"
"29.02.2016 12:00 - 29.02.2016 13:00","2942","2920"
"29.02.2016 13:00 - 29.02.2016 14:00","2918","2904"
"29.02.2016 14:00 - 29.02.2016 15:00","2854","2830"
"29.02.2016 15:00 - 29.02.2016 16:00","2728","2694"
"29.02.2016 16:00 - 29.02.2016 17:00","2671","2679"
"29.02.2016 17:00 - 29.02.2016 18:00","2893","2912"
"29.02.2016 18:00 - 29.02.2016 19:00","3007","2990"
"29.02.2016 19:00 - 29.02.2016 20:00","2875","2847"
"29.02.2016 20:00 - 29.02.2016 21:00","2692","2686"
"29.02.2016 21:00 - 29.02.2016 22:00","2529","2492"
"29.02.2016 22:00 - 29.02.2016 23:00","2311","2307"
"29.02.2016 23:00 - 01.03.2016 00:00","2118","2118"
"01.03.2016 00:00 - 01.03.2016 01:00","1983","1994"
"01.03.2016 01:00 - 01.03.2016 02:00","1945","1934"
"01.03.2016 02:00 - 01.03.2016 03:00","1913","1919"
"01.03.2016 03:00 - 01.03.2016 04:00","1929","1922"
"01.03.2016 04:00 - 01.03.2016 05:00","1979","1954"
"01.03.2016 05:00 - 01.03.2016 06:00","2153","2128"
"01.03.2016 06:00 - 01.03.2016 07:00","2612","2550"
"01.03.2016 07:00 - 01.03.2016 08:00","2953","2938"
"01.03.2016 08:00 - 01.03.2016 09:00","3063","3024"
"01.03.2016 09:00 - 01.03.2016 10:00","2964","2931"
"01.03.2016 10:00 - 01.03.2016 11:00","2967","2923"
"01.03.2016 11:00 - 01.03.2016 12:00","2887","2856"
"01.03.2016 12:00 - 01.03.2016 13:00","2782","2760"
"01.03.2016 13:00 - 01.03.2016 14:00","2793","2761"
"01.03.2016 14:00 - 01.03.2016 15:00","2686","2672"
"01.03.2016 15:00 - 01.03.2016 16:00","2643","2706"
"01.03.2016 16:00 - 01.03.2016 17:00","2694","2675"
"01.03.2016 17:00 - 01.03.2016 18:00","2884","2890"
"01.03.2016 18:00 - 01.03.2016 19:00","2945","2897"
"01.03.2016 19:00 - 01.03.2016 20:00","2750","2720"
"01.03.2016 20:00 - 01.03.2016 21:00","2511","2528"
"01.03.2016 21:00 - 01.03.2016 22:00","2349","2369"
"01.03.2016 22:00 - 01.03.2016 23:00","2141","2203"
"01.03.2016 23:00 - 02.03.2016 00:00","1939","1977"
"02.03.2016 00:00 - 02.03.2016 01:00","1925","1868"
"02.03.2016 01:00 - 02.03.2016 02:00","1871","1863"
"02.03.2016 02:00 - 02.03.2016 03:00","1863","1825"
"02.03.2016 03:00 - 02.03.2016 04:00","1847","1836"
"02.03.2016 04:00 - 02.03.2016 05:00","1906","1913"
"02.03.2016 05:00 - 02.03.2016 06:00","2083","2069"
"02.03.2016 06:00 - 02.03.2016 07:00","2503","2482"
"02.03.2016 07:00 - 02.03.2016 08:00","2896","2858"
"02.03.2016 08:00 - 02.03.2016 09:00","2985","2985"
"02.03.2016 09:00 - 02.03.2016 10:00","2951","3006"
"02.03.2016 10:00 - 02.03.2016 11:00","3078","3069"
"02.03.2016 11:00 - 02.03.2016 12:00","3059","3050"
"02.03.2016 12:00 - 02.03.2016 13:00","2948","2978"
"02.03.2016 13:00 - 02.03.2016 14:00","2995","2973"
"02.03.2016 14:00 - 02.03.2016 15:00","2926","2925"
"02.03.2016 15:00 - 02.03.2016 16:00","2821","2843"
"02.03.2016 16:00 - 02.03.2016 17:00","2840","2860"
"02.03.2016 17:00 - 02.03.2016 18:00","3061","3063"
"02.03.2016 18:00 - 02.03.2016 19:00","3118","3068"
"02.03.2016 19:00 - 02.03.2016 20:00","2934","2892"
"02.03.2016 20:00 - 02.03.2016 21:00","2714","2698"
"02.03.2016 21:00 - 02.03.2016 22:00","2525","2508"
"02.03.2016 22:00 - 02.03.2016 23:00","2317","2271"
"02.03.2016 23:00 - 03.03.2016 00:00","2098","2082"
"03.03.2016 00:00 - 03.03.2016 01:00","1978","1961"
"03.03.2016 01:00 - 03.03.2016 02:00","1933","1922"
"03.03.2016 02:00 - 03.03.2016 03:00","1922","1915"
"03.03.2016 03:00 - 03.03.2016 04:00","1934","1933"
"03.03.2016 04:00 - 03.03.2016 05:00","1997","2007"
"03.03.2016 05:00 - 03.03.2016 06:00","2194","2174"
"03.03.2016 06:00 - 03.03.2016 07:00","2623","2596"
"03.03.2016 07:00 - 03.03.2016 08:00","2989","2939"
"03.03.2016 08:00 - 03.03.2016 09:00","3059","3036"
"03.03.2016 09:00 - 03.03.2016 10:00","3004","3002"
"03.03.2016 10:00 - 03.03.2016 11:00","3048","3059"
"03.03.2016 11:00 - 03.03.2016 12:00","3039","3034"
"03.03.2016 12:00 - 03.03.2016 13:00","2941","2933"
"03.03.2016 13:00 - 03.03.2016 14:00","2939","2937"
"03.03.2016 14:00 - 03.03.2016 15:00","2864","2861"
"03.03.2016 15:00 - 03.03.2016 16:00","2741","2743"
"03.03.2016 16:00 - 03.03.2016 17:00","2728","2755"
"03.03.2016 17:00 - 03.03.2016 18:00","2938","2937"
"03.03.2016 18:00 - 03.03.2016 19:00","3018","2991"
"03.03.2016 19:00 - 03.03.2016 20:00","2891","2840"
"03.03.2016 20:00 - 03.03.2016 21:00","2655","2655"
"03.03.2016 21:00 - 03.03.2016 22:00","2481","2459"
"03.03.2016 22:00 - 03.03.2016 23:00","2267","2254"
"03.03.2016 23:00 - 04.03.2016 00:00","2064","2074"
"04.03.2016 00:00 - 04.03.2016 01:00","2010","1971"
"04.03.2016 01:00 - 04.03.2016 02:00","1920","1923"
"04.03.2016 02:00 - 04.03.2016 03:00","1906","1891"
"04.03.2016 03:00 - 04.03.2016 04:00","1915","1891"
"04.03.2016 04:00 - 04.03.2016 05:00","1966","1942"
"04.03.2016 05:00 - 04.03.2016 06:00","2131","2105"
"04.03.2016 06:00 - 04.03.2016 07:00","2533","2530"
"04.03.2016 07:00 - 04.03.2016 08:00","2898","2896"
"04.03.2016 08:00 - 04.03.2016 09:00","3025","3029"
"04.03.2016 09:00 - 04.03.2016 10:00","3003","3001"
"04.03.2016 10:00 - 04.03.2016 11:00","3033","3043"
"04.03.2016 11:00 - 04.03.2016 12:00","2981","3060"
"04.03.2016 12:00 - 04.03.2016 13:00","2848","3270"
"04.03.2016 13:00 - 04.03.2016 14:00","2757","2766"
"04.03.2016 14:00 - 04.03.2016 15:00","2626","2622"
"04.03.2016 15:00 - 04.03.2016 16:00","2516","2534"
"04.03.2016 16:00 - 04.03.2016 17:00","2568","2574"
"04.03.2016 17:00 - 04.03.2016 18:00","2756","2737"
"04.03.2016 18:00 - 04.03.2016 19:00","2836","2834"
"04.03.2016 19:00 - 04.03.2016 20:00","2645","2639"
"04.03.2016 20:00 - 04.03.2016 21:00","2514","2521"
"04.03.2016 21:00 - 04.03.2016 22:00","2369","2364"
"04.03.2016 22:00 - 04.03.2016 23:00","2220","2199"
"04.03.2016 23:00 - 05.03.2016 00:00","2050","2051"
"05.03.2016 00:00 - 05.03.2016 01:00","1849","1823"
"05.03.2016 01:00 - 05.03.2016 02:00","1752","1725"
"05.03.2016 02:00 - 05.03.2016 03:00","1701","1678"
"05.03.2016 03:00 - 05.03.2016 04:00","1666","1641"
"05.03.2016 04:00 - 05.03.2016 05:00","1666","1658"
"05.03.2016 05:00 - 05.03.2016 06:00","1740","1736"
"05.03.2016 06:00 - 05.03.2016 07:00","1890","1875"
"05.03.2016 07:00 - 05.03.2016 08:00","2058","2041"
"05.03.2016 08:00 - 05.03.2016 09:00","2242","2244"
"05.03.2016 09:00 - 05.03.2016 10:00","2367","2383"
"05.03.2016 10:00 - 05.03.2016 11:00","2436","2441"
"05.03.2016 11:00 - 05.03.2016 12:00","2431","2446"
"05.03.2016 12:00 - 05.03.2016 13:00","2392","2384"
"05.03.2016 13:00 - 05.03.2016 14:00","2320","2328"
"05.03.2016 14:00 - 05.03.2016 15:00","2306","2329"
"05.03.2016 15:00 - 05.03.2016 16:00","2293","2301"
"05.03.2016 16:00 - 05.03.2016 17:00","2349","2336"
"05.03.2016 17:00 - 05.03.2016 18:00","2559","2529"
"05.03.2016 18:00 - 05.03.2016 19:00","2648","2581"
"05.03.2016 19:00 - 05.03.2016 20:00","2430","2414"
"05.03.2016 20:00 - 05.03.2016 21:00","2234","2257"
"05.03.2016 21:00 - 05.03.2016 22:00","2123","2119"
"05.03.2016 22:00 - 05.03.2016 23:00","1982","1996"
"05.03.2016 23:00 - 06.03.2016 00:00","1895","1891"
"06.03.2016 00:00 - 06.03.2016 01:00","1774","1765"
"06.03.2016 01:00 - 06.03.2016 02:00","1704","1688"
"06.03.2016 02:00 - 06.03.2016 03:00","1663","1654"
"06.03.2016 03:00 - 06.03.2016 04:00","1650","1647"
"06.03.2016 04:00 - 06.03.2016 05:00","1676","1692"
"06.03.2016 05:00 - 06.03.2016 06:00","1739","1745"
"06.03.2016 06:00 - 06.03.2016 07:00","1851","1853"
"06.03.2016 07:00 - 06.03.2016 08:00","2008","1992"
"06.03.2016 08:00 - 06.03.2016 09:00","2174","2192"
"06.03.2016 09:00 - 06.03.2016 10:00","2293","2325"
"06.03.2016 10:00 - 06.03.2016 11:00","2347","2376"
"06.03.2016 11:00 - 06.03.2016 12:00","2361","2378"
"06.03.2016 12:00 - 06.03.2016 13:00","2357","2341"
"06.03.2016 13:00 - 06.03.2016 14:00","2297","2315"
"06.03.2016 14:00 - 06.03.2016 15:00","2282","2294"
"06.03.2016 15:00 - 06.03.2016 16:00","2256","2312"
"06.03.2016 16:00 - 06.03.2016 17:00","2351","2376"
"06.03.2016 17:00 - 06.03.2016 18:00","2611","2604"
"06.03.2016 18:00 - 06.03.2016 19:00","2764","2715"
"06.03.2016 19:00 - 06.03.2016 20:00","2610","2571"
"06.03.2016 20:00 - 06.03.2016 21:00","2388","2402"
"06.03.2016 21:00 - 06.03.2016 22:00","2246","2251"
"06.03.2016 22:00 - 06.03.2016 23:00","2081","2094"
"06.03.2016 23:00 - 07.03.2016 00:00","1937","1980"
"07.03.2016 00:00 - 07.03.2016 01:00","1883","1893"
"07.03.2016 01:00 - 07.03.2016 02:00","1855","1847"
"07.03.2016 02:00 - 07.03.2016 03:00","1844","1834"
"07.03.2016 03:00 - 07.03.2016 04:00","1857","1848"
"07.03.2016 04:00 - 07.03.2016 05:00","1911","1899"
"07.03.2016 05:00 - 07.03.2016 06:00","2106","2073"
"07.03.2016 06:00 - 07.03.2016 07:00","2578","2517"
"07.03.2016 07:00 - 07.03.2016 08:00","2936","2906"
"07.03.2016 08:00 - 07.03.2016 09:00","3046","3052"
"07.03.2016 09:00 - 07.03.2016 10:00","3036","3030"
"07.03.2016 10:00 - 07.03.2016 11:00","3075","3057"
"07.03.2016 11:00 - 07.03.2016 12:00","3036","3008"
"07.03.2016 12:00 - 07.03.2016 13:00","2934","2940"
"07.03.2016 13:00 - 07.03.2016 14:00","2943","2955"
"07.03.2016 14:00 - 07.03.2016 15:00","2878","2897"
"07.03.2016 15:00 - 07.03.2016 16:00","2773","2797"
"07.03.2016 16:00 - 07.03.2016 17:00","2767","2773"
"07.03.2016 17:00 - 07.03.2016 18:00","2970","2971"
"07.03.2016 18:00 - 07.03.2016 19:00","3048","3019"
"07.03.2016 19:00 - 07.03.2016 20:00","2923","2895"
"07.03.2016 20:00 - 07.03.2016 21:00","2693","2706"
"07.03.2016 21:00 - 07.03.2016 22:00","2489","2506"
"07.03.2016 22:00 - 07.03.2016 23:00","2258","2317"
"07.03.2016 23:00 - 08.03.2016 00:00","2057","2118"
"08.03.2016 00:00 - 08.03.2016 01:00","1970","1991"
"08.03.2016 01:00 - 08.03.2016 02:00","1905","1947"
"08.03.2016 02:00 - 08.03.2016 03:00","1909","1927"
"08.03.2016 03:00 - 08.03.2016 04:00","1955","1942"
"08.03.2016 04:00 - 08.03.2016 05:00","1981","1996"
"08.03.2016 05:00 - 08.03.2016 06:00","2161","2175"
"08.03.2016 06:00 - 08.03.2016 07:00","2631","2597"
"08.03.2016 07:00 - 08.03.2016 08:00","2993","2967"
"08.03.2016 08:00 - 08.03.2016 09:00","3091","3055"
"08.03.2016 09:00 - 08.03.2016 10:00","3059","3057"
"08.03.2016 10:00 - 08.03.2016 11:00","3099","3084"
"08.03.2016 11:00 - 08.03.2016 12:00","3065","3044"
"08.03.2016 12:00 - 08.03.2016 13:00","2985","2987"
"08.03.2016 13:00 - 08.03.2016 14:00","3031","2979"
"08.03.2016 14:00 - 08.03.2016 15:00","2945","2928"
"08.03.2016 15:00 - 08.03.2016 16:00","2836","2847"
"08.03.2016 16:00 - 08.03.2016 17:00","2820","2828"
"08.03.2016 17:00 - 08.03.2016 18:00","2999","2977"
"08.03.2016 18:00 - 08.03.2016 19:00","3021","2980"
"08.03.2016 19:00 - 08.03.2016 20:00","2868","2866"
"08.03.2016 20:00 - 08.03.2016 21:00","2669","2685"
"08.03.2016 21:00 - 08.03.2016 22:00","2495","2494"
"08.03.2016 22:00 - 08.03.2016 23:00","2286","2308"
"08.03.2016 23:00 - 09.03.2016 00:00","2086","2097"
"09.03.2016 00:00 - 09.03.2016 01:00","1985","1972"
"09.03.2016 01:00 - 09.03.2016 02:00","1917","1924"
"09.03.2016 02:00 - 09.03.2016 03:00","1914","1886"
"09.03.2016 03:00 - 09.03.2016 04:00","1943","1891"
"09.03.2016 04:00 - 09.03.2016 05:00","1955","1949"
"09.03.2016 05:00 - 09.03.2016 06:00","2101","2104"
"09.03.2016 06:00 - 09.03.2016 07:00","2525","2522"
"09.03.2016 07:00 - 09.03.2016 08:00","2885","2879"
"09.03.2016 08:00 - 09.03.2016 09:00","3003","3004"
"09.03.2016 09:00 - 09.03.2016 10:00","2970","2969"
"09.03.2016 10:00 - 09.03.2016 11:00","3017","2986"
"09.03.2016 11:00 - 09.03.2016 12:00","2961","2939"
"09.03.2016 12:00 - 09.03.2016 13:00","2865","2844"
"09.03.2016 13:00 - 09.03.2016 14:00","2879","2852"
"09.03.2016 14:00 - 09.03.2016 15:00","2790","2768"
"09.03.2016 15:00 - 09.03.2016 16:00","2670","2665"
"09.03.2016 16:00 - 09.03.2016 17:00","2662","2672"
"09.03.2016 17:00 - 09.03.2016 18:00","2839","2824"
"09.03.2016 18:00 - 09.03.2016 19:00","2897","2887"
"09.03.2016 19:00 - 09.03.2016 20:00","2795","2789"
"09.03.2016 20:00 - 09.03.2016 21:00","2605","2608"
"09.03.2016 21:00 - 09.03.2016 22:00","2431","2423"
"09.03.2016 22:00 - 09.03.2016 23:00","2215","2232"
"09.03.2016 23:00 - 10.03.2016 00:00","2019","2049"
"10.03.2016 00:00 - 10.03.2016 01:00","1942","1911"
"10.03.2016 01:00 - 10.03.2016 02:00","1879","1875"
"10.03.2016 02:00 - 10.03.2016 03:00","1865","1872"
"10.03.2016 03:00 - 10.03.2016 04:00","1903","1881"
"10.03.2016 04:00 - 10.03.2016 05:00","1933","1924"
"10.03.2016 05:00 - 10.03.2016 06:00","2106","2102"
"10.03.2016 06:00 - 10.03.2016 07:00","2530","2515"
"10.03.2016 07:00 - 10.03.2016 08:00","2880","2890"
"10.03.2016 08:00 - 10.03.2016 09:00","3005","3040"
"10.03.2016 09:00 - 10.03.2016 10:00","2987","3001"
"10.03.2016 10:00 - 10.03.2016 11:00","3046","3052"
"10.03.2016 11:00 - 10.03.2016 12:00","3033","3033"
"10.03.2016 12:00 - 10.03.2016 13:00","2952","2952"
"10.03.2016 13:00 - 10.03.2016 14:00","2987","2942"
"10.03.2016 14:00 - 10.03.2016 15:00","2907","2874"
"10.03.2016 15:00 - 10.03.2016 16:00","2786","2775"
"10.03.2016 16:00 - 10.03.2016 17:00","2740","2766"
"10.03.2016 17:00 - 10.03.2016 18:00","2938","2936"
"10.03.2016 18:00 - 10.03.2016 19:00","2994","2977"
"10.03.2016 19:00 - 10.03.2016 20:00","2865","2862"
"10.03.2016 20:00 - 10.03.2016 21:00","2663","2675"
"10.03.2016 21:00 - 10.03.2016 22:00","2499","2491"
"10.03.2016 22:00 - 10.03.2016 23:00","2291","2298"
"10.03.2016 23:00 - 11.03.2016 00:00","2097","2105"
"11.03.2016 00:00 - 11.03.2016 01:00","1997","1981"
"11.03.2016 01:00 - 11.03.2016 02:00","1939","1925"
"11.03.2016 02:00 - 11.03.2016 03:00","1933","1912"
"11.03.2016 03:00 - 11.03.2016 04:00","1937","1924"
"11.03.2016 04:00 - 11.03.2016 05:00","1991","1976"
"11.03.2016 05:00 - 11.03.2016 06:00","2159","2147"
"11.03.2016 06:00 - 11.03.2016 07:00","2550","2556"
"11.03.2016 07:00 - 11.03.2016 08:00","2917","2906"
"11.03.2016 08:00 - 11.03.2016 09:00","3037","3049"
"11.03.2016 09:00 - 11.03.2016 10:00","3025","3020"
"11.03.2016 10:00 - 11.03.2016 11:00","3076","3057"
"11.03.2016 11:00 - 11.03.2016 12:00","3027","3009"
"11.03.2016 12:00 - 11.03.2016 13:00","2864","2849"
"11.03.2016 13:00 - 11.03.2016 14:00","2760","2749"
"11.03.2016 14:00 - 11.03.2016 15:00","2616","2603"
"11.03.2016 15:00 - 11.03.2016 16:00","2539","2507"
"11.03.2016 16:00 - 11.03.2016 17:00","2517","2515"
"11.03.2016 17:00 - 11.03.2016 18:00","2698","2684"
"11.03.2016 18:00 - 11.03.2016 19:00","2788","2757"
"11.03.2016 19:00 - 11.03.2016 20:00","2658","2645"
"11.03.2016 20:00 - 11.03.2016 21:00","2455","2452"
"11.03.2016 21:00 - 11.03.2016 22:00","2318","2304"
"11.03.2016 22:00 - 11.03.2016 23:00","2182","2171"
"11.03.2016 23:00 - 12.03.2016 00:00","2045","2006"
"12.03.2016 00:00 - 12.03.2016 01:00","1889","1888"
"12.03.2016 01:00 - 12.03.2016 02:00","1812","1803"
"12.03.2016 02:00 - 12.03.2016 03:00","1772","1764"
"12.03.2016 03:00 - 12.03.2016 04:00","1766","1761"
"12.03.2016 04:00 - 12.03.2016 05:00","1785","1783"
"12.03.2016 05:00 - 12.03.2016 06:00","1851","1847"
"12.03.2016 06:00 - 12.03.2016 07:00","1977","1975"
"12.03.2016 07:00 - 12.03.2016 08:00","2147","2150"
"12.03.2016 08:00 - 12.03.2016 09:00","2325","2340"
"12.03.2016 09:00 - 12.03.2016 10:00","2452","2421"
"12.03.2016 10:00 - 12.03.2016 11:00","2456","2427"
"12.03.2016 11:00 - 12.03.2016 12:00","2395","2392"
"12.03.2016 12:00 - 12.03.2016 13:00","2345","2337"
"12.03.2016 13:00 - 12.03.2016 14:00","2285","2269"
"12.03.2016 14:00 - 12.03.2016 15:00","2221","2204"
"12.03.2016 15:00 - 12.03.2016 16:00","2198","2199"
"12.03.2016 16:00 - 12.03.2016 17:00","2257","2314"
"12.03.2016 17:00 - 12.03.2016 18:00","2540","2510"
"12.03.2016 18:00 - 12.03.2016 19:00","2566","2543"
"12.03.2016 19:00 - 12.03.2016 20:00","2447","2465"
"12.03.2016 20:00 - 12.03.2016 21:00","2292","2303"
"12.03.2016 21:00 - 12.03.2016 22:00","2150","2162"
"12.03.2016 22:00 - 12.03.2016 23:00","2002","2028"
"12.03.2016 23:00 - 13.03.2016 00:00","1878","1888"
"13.03.2016 00:00 - 13.03.2016 01:00","1790","1797"
"13.03.2016 01:00 - 13.03.2016 02:00","1741","1744"
"13.03.2016 02:00 - 13.03.2016 03:00","1714","1717"
"13.03.2016 03:00 - 13.03.2016 04:00","1721","1733"
"13.03.2016 04:00 - 13.03.2016 05:00","1751","1754"
"13.03.2016 05:00 - 13.03.2016 06:00","1814","1814"
"13.03.2016 06:00 - 13.03.2016 07:00","1910","1905"
"13.03.2016 07:00 - 13.03.2016 08:00","2050","2045"
"13.03.2016 08:00 - 13.03.2016 09:00","2192","2219"
"13.03.2016 09:00 - 13.03.2016 10:00","2296","2299"
"13.03.2016 10:00 - 13.03.2016 11:00","2336","2314"
"13.03.2016 11:00 - 13.03.2016 12:00","2321","2296"
"13.03.2016 12:00 - 13.03.2016 13:00","2274","2249"
"13.03.2016 13:00 - 13.03.2016 14:00","2189","2180"
"13.03.2016 14:00 - 13.03.2016 15:00","2142","2127"
"13.03.2016 15:00 - 13.03.2016 16:00","2136","2104"
"13.03.2016 16:00 - 13.03.2016 17:00","2207","2161"
"13.03.2016 17:00 - 13.03.2016 18:00","2406","2424"
"13.03.2016 18:00 - 13.03.2016 19:00","2506","2531"
"13.03.2016 19:00 - 13.03.2016 20:00","2465","2463"
"13.03.2016 20:00 - 13.03.2016 21:00","2304","2299"
"13.03.2016 21:00 - 13.03.2016 22:00","2163","2150"
"13.03.2016 22:00 - 13.03.2016 23:00","2006","1987"
"13.03.2016 23:00 - 14.03.2016 00:00","1881","1870"
"14.03.2016 00:00 - 14.03.2016 01:00","1788","1780"
"14.03.2016 01:00 - 14.03.2016 02:00","1749","1730"
"14.03.2016 02:00 - 14.03.2016 03:00","1741","1723"
"14.03.2016 03:00 - 14.03.2016 04:00","1746","1723"
"14.03.2016 04:00 - 14.03.2016 05:00","1776","1783"
"14.03.2016 05:00 - 14.03.2016 06:00","1984","1962"
"14.03.2016 06:00 - 14.03.2016 07:00","2435","2410"
"14.03.2016 07:00 - 14.03.2016 08:00","2827","2818"
"14.03.2016 08:00 - 14.03.2016 09:00","2959","2967"
"14.03.2016 09:00 - 14.03.2016 10:00","2977","2980"
"14.03.2016 10:00 - 14.03.2016 11:00","3026","3001"
"14.03.2016 11:00 - 14.03.2016 12:00","2997","2973"
"14.03.2016 12:00 - 14.03.2016 13:00","2883","2899"
"14.03.2016 13:00 - 14.03.2016 14:00","2912","2900"
"14.03.2016 14:00 - 14.03.2016 15:00","2834","2830"
"14.03.2016 15:00 - 14.03.2016 16:00","2690","2703"
"14.03.2016 16:00 - 14.03.2016 17:00","2662","2677"
"14.03.2016 17:00 - 14.03.2016 18:00","2846","2837"
"14.03.2016 18:00 - 14.03.2016 19:00","2864","2850"
"14.03.2016 19:00 - 14.03.2016 20:00","2788","2796"
"14.03.2016 20:00 - 14.03.2016 21:00","2582","2597"
"14.03.2016 21:00 - 14.03.2016 22:00","2399","2392"
"14.03.2016 22:00 - 14.03.2016 23:00","2184","2186"
"14.03.2016 23:00 - 15.03.2016 00:00","1995","1976"
"15.03.2016 00:00 - 15.03.2016 01:00","1859","1827"
"15.03.2016 01:00 - 15.03.2016 02:00","1787","1760"
"15.03.2016 02:00 - 15.03.2016 03:00","1776","1771"
"15.03.2016 03:00 - 15.03.2016 04:00","1807","1795"
"15.03.2016 04:00 - 15.03.2016 05:00","1858","1835"
"15.03.2016 05:00 - 15.03.2016 06:00","2026","2004"
"15.03.2016 06:00 - 15.03.2016 07:00","2433","2405"
"15.03.2016 07:00 - 15.03.2016 08:00","2774","2754"
"15.03.2016 08:00 - 15.03.2016 09:00","2877","2862"
"15.03.2016 09:00 - 15.03.2016 10:00","2856","2837"
"15.03.2016 10:00 - 15.03.2016 11:00","2891","2865"
"15.03.2016 11:00 - 15.03.2016 12:00","2844","2812"
"15.03.2016 12:00 - 15.03.2016 13:00","2722","2714"
"15.03.2016 13:00 - 15.03.2016 14:00","2748","2787"
"15.03.2016 14:00 - 15.03.2016 15:00","2713","2724"
"15.03.2016 15:00 - 15.03.2016 16:00","2591","2612"
"15.03.2016 16:00 - 15.03.2016 17:00","2560","2587"
"15.03.2016 17:00 - 15.03.2016 18:00","2754","2775"
"15.03.2016 18:00 - 15.03.2016 19:00","2822","2776"
"15.03.2016 19:00 - 15.03.2016 20:00","2763","2737"
"15.03.2016 20:00 - 15.03.2016 21:00","2562","2580"
"15.03.2016 21:00 - 15.03.2016 22:00","2388","2398"
"15.03.2016 22:00 - 15.03.2016 23:00","2180","2198"
"15.03.2016 23:00 - 16.03.2016 00:00","1977","2000"
"16.03.2016 00:00 - 16.03.2016 01:00","1899","1861"
"16.03.2016 01:00 - 16.03.2016 02:00","1816","1813"
"16.03.2016 02:00 - 16.03.2016 03:00","1800","1788"
"16.03.2016 03:00 - 16.03.2016 04:00","1808","1809"
"16.03.2016 04:00 - 16.03.2016 05:00","1881","1871"
"16.03.2016 05:00 - 16.03.2016 06:00","2065","2057"
"16.03.2016 06:00 - 16.03.2016 07:00","2458","2443"
"16.03.2016 07:00 - 16.03.2016 08:00","2810","2792"
"16.03.2016 08:00 - 16.03.2016 09:00","2887","2881"
"16.03.2016 09:00 - 16.03.2016 10:00","2866","2853"
"16.03.2016 10:00 - 16.03.2016 11:00","2887","2861"
"16.03.2016 11:00 - 16.03.2016 12:00","2849","2820"
"16.03.2016 12:00 - 16.03.2016 13:00","2765","2731"
"16.03.2016 13:00 - 16.03.2016 14:00","2795","2732"
"16.03.2016 14:00 - 16.03.2016 15:00","2674","2669"
"16.03.2016 15:00 - 16.03.2016 16:00","2549","2533"
"16.03.2016 16:00 - 16.03.2016 17:00","2513","2525"
"16.03.2016 17:00 - 16.03.2016 18:00","2682","2690"
"16.03.2016 18:00 - 16.03.2016 19:00","2713","2703"
"16.03.2016 19:00 - 16.03.2016 20:00","2697","2703"
"16.03.2016 20:00 - 16.03.2016 21:00","2546","2547"
"16.03.2016 21:00 - 16.03.2016 22:00","2370","2373"
"16.03.2016 22:00 - 16.03.2016 23:00","2174","2172"
"16.03.2016 23:00 - 17.03.2016 00:00","1980","1971"
"17.03.2016 00:00 - 17.03.2016 01:00","1861","1848"
"17.03.2016 01:00 - 17.03.2016 02:00","1809","1800"
"17.03.2016 02:00 - 17.03.2016 03:00","1786","1779"
"17.03.2016 03:00 - 17.03.2016 04:00","1793","1793"
"17.03.2016 04:00 - 17.03.2016 05:00","1845","1831"
"17.03.2016 05:00 - 17.03.2016 06:00","2022","1980"
"17.03.2016 06:00 - 17.03.2016 07:00","2415","2370"
"17.03.2016 07:00 - 17.03.2016 08:00","2747","2715"
"17.03.2016 08:00 - 17.03.2016 09:00","2845","2822"
"17.03.2016 09:00 - 17.03.2016 10:00","2820","2817"
"17.03.2016 10:00 - 17.03.2016 11:00","2851","2800"
"17.03.2016 11:00 - 17.03.2016 12:00","2822","2833"
"17.03.2016 12:00 - 17.03.2016 13:00","2770","2805"
"17.03.2016 13:00 - 17.03.2016 14:00","2825","2819"
"17.03.2016 14:00 - 17.03.2016 15:00","2749","2725"
"17.03.2016 15:00 - 17.03.2016 16:00","2619","2628"
"17.03.2016 16:00 - 17.03.2016 17:00","2597","2642"
"17.03.2016 17:00 - 17.03.2016 18:00","2829","2826"
"17.03.2016 18:00 - 17.03.2016 19:00","2820","2814"
"17.03.2016 19:00 - 17.03.2016 20:00","2772","2754"
"17.03.2016 20:00 - 17.03.2016 21:00","2582","2574"
"17.03.2016 21:00 - 17.03.2016 22:00","2401","2411"
"17.03.2016 22:00 - 17.03.2016 23:00","2205","2211"
"17.03.2016 23:00 - 18.03.2016 00:00","2005","1999"
"18.03.2016 00:00 - 18.03.2016 01:00","1888","1870"
"18.03.2016 01:00 - 18.03.2016 02:00","1822","1820"
"18.03.2016 02:00 - 18.03.2016 03:00","1814","1813"
"18.03.2016 03:00 - 18.03.2016 04:00","1819","1821"
"18.03.2016 04:00 - 18.03.2016 05:00","1880","1889"
"18.03.2016 05:00 - 18.03.2016 06:00","2036","2038"
"18.03.2016 06:00 - 18.03.2016 07:00","2430","2458"
"18.03.2016 07:00 - 18.03.2016 08:00","2817","2848"
"18.03.2016 08:00 - 18.03.2016 09:00","2958","2990"
"18.03.2016 09:00 - 18.03.2016 10:00","2967","2977"
"18.03.2016 10:00 - 18.03.2016 11:00","3008","2972"
"18.03.2016 11:00 - 18.03.2016 12:00","2918","2915"
"18.03.2016 12:00 - 18.03.2016 13:00","2762","2759"
"18.03.2016 13:00 - 18.03.2016 14:00","2654","2630"
"18.03.2016 14:00 - 18.03.2016 15:00","2496","2476"
"18.03.2016 15:00 - 18.03.2016 16:00","2384","2371"
"18.03.2016 16:00 - 18.03.2016 17:00","2395","2390"
"18.03.2016 17:00 - 18.03.2016 18:00","2543","2559"
"18.03.2016 18:00 - 18.03.2016 19:00","2620","2627"
"18.03.2016 19:00 - 18.03.2016 20:00","2570","2591"
"18.03.2016 20:00 - 18.03.2016 21:00","2406","2404"
"18.03.2016 21:00 - 18.03.2016 22:00","2249","2243"
"18.03.2016 22:00 - 18.03.2016 23:00","2084","2090"
"18.03.2016 23:00 - 19.03.2016 00:00","1923","1943"
"19.03.2016 00:00 - 19.03.2016 01:00","1809","1828"
"19.03.2016 01:00 - 19.03.2016 02:00","1750","1761"
"19.03.2016 02:00 - 19.03.2016 03:00","1724","1730"
"19.03.2016 03:00 - 19.03.2016 04:00","1717","1725"
"19.03.2016 04:00 - 19.03.2016 05:00","1740","1753"
"19.03.2016 05:00 - 19.03.2016 06:00","1805","1814"
"19.03.2016 06:00 - 19.03.2016 07:00","1918","1913"
"19.03.2016 07:00 - 19.03.2016 08:00","2096","2087"
"19.03.2016 08:00 - 19.03.2016 09:00","2265","2255"
"19.03.2016 09:00 - 19.03.2016 10:00","2360","2330"
"19.03.2016 10:00 - 19.03.2016 11:00","2367","2320"
"19.03.2016 11:00 - 19.03.2016 12:00","2308","2252"
"19.03.2016 12:00 - 19.03.2016 13:00","2182","2158"
"19.03.2016 13:00 - 19.03.2016 14:00","2097","2062"
"19.03.2016 14:00 - 19.03.2016 15:00","2008","1977"
"19.03.2016 15:00 - 19.03.2016 16:00","1977","1940"
"19.03.2016 16:00 - 19.03.2016 17:00","2024","2001"
"19.03.2016 17:00 - 19.03.2016 18:00","2208","2233"
"19.03.2016 18:00 - 19.03.2016 19:00","2299","2327"
"19.03.2016 19:00 - 19.03.2016 20:00","2314","2342"
"19.03.2016 20:00 - 19.03.2016 21:00","2190","2190"
"19.03.2016 21:00 - 19.03.2016 22:00","2036","2015"
"19.03.2016 22:00 - 19.03.2016 23:00","1895","1900"
"19.03.2016 23:00 - 20.03.2016 00:00","1770","1761"
"20.03.2016 00:00 - 20.03.2016 01:00","1613","1594"
"20.03.2016 01:00 - 20.03.2016 02:00","1569","1587"
"20.03.2016 02:00 - 20.03.2016 03:00","1588","1599"
"20.03.2016 03:00 - 20.03.2016 04:00","1594","1587"
"20.03.2016 04:00 - 20.03.2016 05:00","1610","1605"
"20.03.2016 05:00 - 20.03.2016 06:00","1655","1648"
"20.03.2016 06:00 - 20.03.2016 07:00","1713","1722"
"20.03.2016 07:00 - 20.03.2016 08:00","1866","1873"
"20.03.2016 08:00 - 20.03.2016 09:00","2015","2023"
"20.03.2016 09:00 - 20.03.2016 10:00","2083","2095"
"20.03.2016 10:00 - 20.03.2016 11:00","2128","2127"
"20.03.2016 11:00 - 20.03.2016 12:00","2109","2089"
"20.03.2016 12:00 - 20.03.2016 13:00","2060","2052"
"20.03.2016 13:00 - 20.03.2016 14:00","2018","2025"
"20.03.2016 14:00 - 20.03.2016 15:00","2017","2006"
"20.03.2016 15:00 - 20.03.2016 16:00","1974","1957"
"20.03.2016 16:00 - 20.03.2016 17:00","2021","2018"
"20.03.2016 17:00 - 20.03.2016 18:00","2240","2233"
"20.03.2016 18:00 - 20.03.2016 19:00","2328","2346"
"20.03.2016 19:00 - 20.03.2016 20:00","2349","2350"
"20.03.2016 20:00 - 20.03.2016 21:00","2190","2197"
"20.03.2016 21:00 - 20.03.2016 22:00","2046","2030"
"20.03.2016 22:00 - 20.03.2016 23:00","1877","1876"
"20.03.2016 23:00 - 21.03.2016 00:00","1753","1738"
"21.03.2016 00:00 - 21.03.2016 01:00","1676","1661"
"21.03.2016 01:00 - 21.03.2016 02:00","1621","1604"
"21.03.2016 02:00 - 21.03.2016 03:00","1612","1612"
"21.03.2016 03:00 - 21.03.2016 04:00","1634","1618"
"21.03.2016 04:00 - 21.03.2016 05:00","1678","1683"
"21.03.2016 05:00 - 21.03.2016 06:00","1863","1845"
"21.03.2016 06:00 - 21.03.2016 07:00","2180","2148"
"21.03.2016 07:00 - 21.03.2016 08:00","2499","2511"
"21.03.2016 08:00 - 21.03.2016 09:00","2636","2643"
"21.03.2016 09:00 - 21.03.2016 10:00","2691","2708"
"21.03.2016 10:00 - 21.03.2016 11:00","2760","2744"
"21.03.2016 11:00 - 21.03.2016 12:00","2723","2702"
"21.03.2016 12:00 - 21.03.2016 13:00","2665","2653"
"21.03.2016 13:00 - 21.03.2016 14:00","2660","2664"
"21.03.2016 14:00 - 21.03.2016 15:00","2614","2611"
"21.03.2016 15:00 - 21.03.2016 16:00","2495","2521"
"21.03.2016 16:00 - 21.03.2016 17:00","2523","2540"
"21.03.2016 17:00 - 21.03.2016 18:00","2684","2669"
"21.03.2016 18:00 - 21.03.2016 19:00","2669","2695"
"21.03.2016 19:00 - 21.03.2016 20:00","2698","2652"
"21.03.2016 20:00 - 21.03.2016 21:00","2463","2457"
"21.03.2016 21:00 - 21.03.2016 22:00","2276","2284"
"21.03.2016 22:00 - 21.03.2016 23:00","2080","2093"
"21.03.2016 23:00 - 22.03.2016 00:00","1896","1926"
"22.03.2016 00:00 - 22.03.2016 01:00","1814","1809"
"22.03.2016 01:00 - 22.03.2016 02:00","1770","1768"
"22.03.2016 02:00 - 22.03.2016 03:00","1730","1723"
"22.03.2016 03:00 - 22.03.2016 04:00","1732","1733"
"22.03.2016 04:00 - 22.03.2016 05:00","1798","1797"
"22.03.2016 05:00 - 22.03.2016 06:00","1957","1952"
"22.03.2016 06:00 - 22.03.2016 07:00","2298","2251"
"22.03.2016 07:00 - 22.03.2016 08:00","2597","2628"
"22.03.2016 08:00 - 22.03.2016 09:00","2784","2795"
"22.03.2016 09:00 - 22.03.2016 10:00","2801","2826"
"22.03.2016 10:00 - 22.03.2016 11:00","2854","2851"
"22.03.2016 11:00 - 22.03.2016 12:00","2819","2800"
"22.03.2016 12:00 - 22.03.2016 13:00","2705","2728"
"22.03.2016 13:00 - 22.03.2016 14:00","2746","2746"
"22.03.2016 14:00 - 22.03.2016 15:00","2670","2672"
"22.03.2016 15:00 - 22.03.2016 16:00","2559","2548"
"22.03.2016 16:00 - 22.03.2016 17:00","2511","2504"
"22.03.2016 17:00 - 22.03.2016 18:00","2631","2635"
"22.03.2016 18:00 - 22.03.2016 19:00","2641","2661"
"22.03.2016 19:00 - 22.03.2016 20:00","2664","2659"
"22.03.2016 20:00 - 22.03.2016 21:00","2513","2509"
"22.03.2016 21:00 - 22.03.2016 22:00","2344","2347"
"22.03.2016 22:00 - 22.03.2016 23:00","2157","2132"
"22.03.2016 23:00 - 23.03.2016 00:00","1969","1945"
"23.03.2016 00:00 - 23.03.2016 01:00","1820","1811"
"23.03.2016 01:00 - 23.03.2016 02:00","1753","1748"
"23.03.2016 02:00 - 23.03.2016 03:00","1738","1722"
"23.03.2016 03:00 - 23.03.2016 04:00","1744","1749"
"23.03.2016 04:00 - 23.03.2016 05:00","1791","1794"
"23.03.2016 05:00 - 23.03.2016 06:00","1930","1925"
"23.03.2016 06:00 - 23.03.2016 07:00","2206","2187"
"23.03.2016 07:00 - 23.03.2016 08:00","2551","2543"
"23.03.2016 08:00 - 23.03.2016 09:00","2685","2687"
"23.03.2016 09:00 - 23.03.2016 10:00","2695","2703"
"23.03.2016 10:00 - 23.03.2016 11:00","2764","2726"
"23.03.2016 11:00 - 23.03.2016 12:00","2679","2672"
"23.03.2016 12:00 - 23.03.2016 13:00","2570","2600"
"23.03.2016 13:00 - 23.03.2016 14:00","2573","2583"
"23.03.2016 14:00 - 23.03.2016 15:00","2473","2500"
"23.03.2016 15:00 - 23.03.2016 16:00","2412","2389"
"23.03.2016 16:00 - 23.03.2016 17:00","2374","2362"
"23.03.2016 17:00 - 23.03.2016 18:00","2490","2489"
"23.03.2016 18:00 - 23.03.2016 19:00","2540","2557"
"23.03.2016 19:00 - 23.03.2016 20:00","2528","2580"
"23.03.2016 20:00 - 23.03.2016 21:00","2395","2431"
"23.03.2016 21:00 - 23.03.2016 22:00","2258","2255"
"23.03.2016 22:00 - 23.03.2016 23:00","2094","2097"
"23.03.2016 23:00 - 24.03.2016 00:00","1926","1925"
"24.03.2016 00:00 - 24.03.2016 01:00","1792","1815"
"24.03.2016 01:00 - 24.03.2016 02:00","1695","1754"
"24.03.2016 02:00 - 24.03.2016 03:00","1700","1726"
"24.03.2016 03:00 - 24.03.2016 04:00","1708","1728"
"24.03.2016 04:00 - 24.03.2016 05:00","1732","1754"
"24.03.2016 05:00 - 24.03.2016 06:00","1804","1820"
"24.03.2016 06:00 - 24.03.2016 07:00","1869","1881"
"24.03.2016 07:00 - 24.03.2016 08:00","2017","2018"
"24.03.2016 08:00 - 24.03.2016 09:00","2177","2162"
"24.03.2016 09:00 - 24.03.2016 10:00","2247","2214"
"24.03.2016 10:00 - 24.03.2016 11:00","2232","2214"
"24.03.2016 11:00 - 24.03.2016 12:00","2217","2176"
"24.03.2016 12:00 - 24.03.2016 13:00","2120","2110"
"24.03.2016 13:00 - 24.03.2016 14:00","2058","2060"
"24.03.2016 14:00 - 24.03.2016 15:00","2053","2072"
"24.03.2016 15:00 - 24.03.2016 16:00","2060","2084"
"24.03.2016 16:00 - 24.03.2016 17:00","2124","2161"
"24.03.2016 17:00 - 24.03.2016 18:00","2320","2343"
"24.03.2016 18:00 - 24.03.2016 19:00","2346","2372"
"24.03.2016 19:00 - 24.03.2016 20:00","2309","2335"
"24.03.2016 20:00 - 24.03.2016 21:00","2251","2203"
"24.03.2016 21:00 - 24.03.2016 22:00","2132","2060"
"24.03.2016 22:00 - 24.03.2016 23:00","1930","1911"
"24.03.2016 23:00 - 25.03.2016 00:00","1791","1772"
"25.03.2016 00:00 - 25.03.2016 01:00","1677","1667"
"25.03.2016 01:00 - 25.03.2016 02:00","1611","1601"
"25.03.2016 02:00 - 25.03.2016 03:00","1580","1571"
"25.03.2016 03:00 - 25.03.2016 04:00","1586","1575"
"25.03.2016 04:00 - 25.03.2016 05:00","1592","1581"
"25.03.2016 05:00 - 25.03.2016 06:00","1635","1648"
"25.03.2016 06:00 - 25.03.2016 07:00","1721","1730"
"25.03.2016 07:00 - 25.03.2016 08:00","1895","1897"
"25.03.2016 08:00 - 25.03.2016 09:00","2084","2088"
"25.03.2016 09:00 - 25.03.2016 10:00","2199","2192"
"25.03.2016 10:00 - 25.03.2016 11:00","2235","2239"
"25.03.2016 11:00 - 25.03.2016 12:00","2232","2230"
"25.03.2016 12:00 - 25.03.2016 13:00","2157","2169"
"25.03.2016 13:00 - 25.03.2016 14:00","2077","2074"
"25.03.2016 14:00 - 25.03.2016 15:00","2017","2005"
"25.03.2016 15:00 - 25.03.2016 16:00","1964","1942"
"25.03.2016 16:00 - 25.03.2016 17:00","2002","1982"
"25.03.2016 17:00 - 25.03.2016 18:00","2150","2129"
"25.03.2016 18:00 - 25.03.2016 19:00","2157","2182"
"25.03.2016 19:00 - 25.03.2016 20:00","2160","2239"
"25.03.2016 20:00 - 25.03.2016 21:00","2145","2109"
"25.03.2016 21:00 - 25.03.2016 22:00","2013","1982"
"25.03.2016 22:00 - 25.03.2016 23:00","1852","1864"
"25.03.2016 23:00 - 26.03.2016 00:00","1711","1725"
"26.03.2016 00:00 - 26.03.2016 01:00","1636","1644"
"26.03.2016 01:00 - 26.03.2016 02:00","1586","1595"
"26.03.2016 02:00 - 26.03.2016 03:00","1570","1577"
"26.03.2016 03:00 - 26.03.2016 04:00","1565","1566"
"26.03.2016 04:00 - 26.03.2016 05:00","1579","1580"
"26.03.2016 05:00 - 26.03.2016 06:00","1630","1654"
"26.03.2016 06:00 - 26.03.2016 07:00","1709","1704"
"26.03.2016 07:00 - 26.03.2016 08:00","1868","1878"
"26.03.2016 08:00 - 26.03.2016 09:00","2017","1994"
"26.03.2016 09:00 - 26.03.2016 10:00","2052","2030"
"26.03.2016 10:00 - 26.03.2016 11:00","2019","2020"
"26.03.2016 11:00 - 26.03.2016 12:00","1981","1987"
"26.03.2016 12:00 - 26.03.2016 13:00","1965","1969"
"26.03.2016 13:00 - 26.03.2016 14:00","1942","1969"
"26.03.2016 14:00 - 26.03.2016 15:00","1936","1932"
"26.03.2016 15:00 - 26.03.2016 16:00","1901","1899"
"26.03.2016 16:00 - 26.03.2016 17:00","1913","1896"
"26.03.2016 17:00 - 26.03.2016 18:00","2064","2079"
"26.03.2016 18:00 - 26.03.2016 19:00","2110","2166"
"26.03.2016 19:00 - 26.03.2016 20:00","2123","2153"
"26.03.2016 20:00 - 26.03.2016 21:00","2037","2015"
"26.03.2016 21:00 - 26.03.2016 22:00","1925","1897"
"26.03.2016 22:00 - 26.03.2016 23:00","1799","1764"
"26.03.2016 23:00 - 27.03.2016 00:00","1671","1655"
"27.03.2016 00:00 - 27.03.2016 01:00","1560","1555"
"27.03.2016 01:00 - 27.03.2016 02:00","1533","1509"
"27.03.2016 02:00 - 27.03.2016 03:00","",""
"27.03.2016 03:00 - 27.03.2016 04:00","1503","1466"
"27.03.2016 04:00 - 27.03.2016 05:00","1498","1471"
"27.03.2016 05:00 - 27.03.2016 06:00","1517","1504"
"27.03.2016 06:00 - 27.03.2016 07:00","1560","1582"
"27.03.2016 07:00 - 27.03.2016 08:00","1677","1655"
"27.03.2016 08:00 - 27.03.2016 09:00","1812","1824"
"27.03.2016 09:00 - 27.03.2016 10:00","1948","1966"
"27.03.2016 10:00 - 27.03.2016 11:00","1998","2033"
"27.03.2016 11:00 - 27.03.2016 12:00","2102","2126"
"27.03.2016 12:00 - 27.03.2016 13:00","2084","2135"
"27.03.2016 13:00 - 27.03.2016 14:00","2112","2111"
"27.03.2016 14:00 - 27.03.2016 15:00","2056","2060"
"27.03.2016 15:00 - 27.03.2016 16:00","2006","1989"
"27.03.2016 16:00 - 27.03.2016 17:00","2004","1998"
"27.03.2016 17:00 - 27.03.2016 18:00","2099","2087"
"27.03.2016 18:00 - 27.03.2016 19:00","2076","2081"
"27.03.2016 19:00 - 27.03.2016 20:00","2028","2039"
"27.03.2016 20:00 - 27.03.2016 21:00","2070","2083"
"27.03.2016 21:00 - 27.03.2016 22:00","2084","1964"
"27.03.2016 22:00 - 27.03.2016 23:00","1930","1845"
"27.03.2016 23:00 - 28.03.2016 00:00","1753","1719"
"28.03.2016 00:00 - 28.03.2016 01:00","1609","1587"
"28.03.2016 01:00 - 28.03.2016 02:00","1527","1512"
"28.03.2016 02:00 - 28.03.2016 03:00","1506","1499"
"28.03.2016 03:00 - 28.03.2016 04:00","1512","1483"
"28.03.2016 04:00 - 28.03.2016 05:00","1516","1489"
"28.03.2016 05:00 - 28.03.2016 06:00","1531","1536"
"28.03.2016 06:00 - 28.03.2016 07:00","1615","1635"
"28.03.2016 07:00 - 28.03.2016 08:00","1744","1710"
"28.03.2016 08:00 - 28.03.2016 09:00","1890","1854"
"28.03.2016 09:00 - 28.03.2016 10:00","1980","1950"
"28.03.2016 10:00 - 28.03.2016 11:00","2037","2043"
"28.03.2016 11:00 - 28.03.2016 12:00","2037","2035"
"28.03.2016 12:00 - 28.03.2016 13:00","1947","1920"
"28.03.2016 13:00 - 28.03.2016 14:00","1911","1901"
"28.03.2016 14:00 - 28.03.2016 15:00","1899","1904"
"28.03.2016 15:00 - 28.03.2016 16:00","1888","1907"
"28.03.2016 16:00 - 28.03.2016 17:00","1959","1959"
"28.03.2016 17:00 - 28.03.2016 18:00","2133","2134"
"28.03.2016 18:00 - 28.03.2016 19:00","2152","2144"
"28.03.2016 19:00 - 28.03.2016 20:00","2049","2046"
"28.03.2016 20:00 - 28.03.2016 21:00","2061","2053"
"28.03.2016 21:00 - 28.03.2016 22:00","2065","1963"
"28.03.2016 22:00 - 28.03.2016 23:00","1937","1819"
"28.03.2016 23:00 - 29.03.2016 00:00","1806","1683"
"29.03.2016 00:00 - 29.03.2016 01:00","1627","1590"
"29.03.2016 01:00 - 29.03.2016 02:00","1581","1567"
"29.03.2016 02:00 - 29.03.2016 03:00","1591","1557"
"29.03.2016 03:00 - 29.03.2016 04:00","1611","1569"
"29.03.2016 04:00 - 29.03.2016 05:00","1658","1644"
"29.03.2016 05:00 - 29.03.2016 06:00","1826","1811"
"29.03.2016 06:00 - 29.03.2016 07:00","2202","2209"
"29.03.2016 07:00 - 29.03.2016 08:00","2581","2562"
"29.03.2016 08:00 - 29.03.2016 09:00","2702","2689"
"29.03.2016 09:00 - 29.03.2016 10:00","2705","2701"
"29.03.2016 10:00 - 29.03.2016 11:00","2736","2722"
"29.03.2016 11:00 - 29.03.2016 12:00","2668","2669"
"29.03.2016 12:00 - 29.03.2016 13:00","2601","2608"
"29.03.2016 13:00 - 29.03.2016 14:00","2651","2677"
"29.03.2016 14:00 - 29.03.2016 15:00","2624","2626"
"29.03.2016 15:00 - 29.03.2016 16:00","2453","2436"
"29.03.2016 16:00 - 29.03.2016 17:00","2370","2380"
"29.03.2016 17:00 - 29.03.2016 18:00","2499","2495"
"29.03.2016 18:00 - 29.03.2016 19:00","2457","2452"
"29.03.2016 19:00 - 29.03.2016 20:00","2417","2405"
"29.03.2016 20:00 - 29.03.2016 21:00","2416","2446"
"29.03.2016 21:00 - 29.03.2016 22:00","2296","2326"
"29.03.2016 22:00 - 29.03.2016 23:00","2079","2140"
"29.03.2016 23:00 - 30.03.2016 00:00","1872","1942"
"30.03.2016 00:00 - 30.03.2016 01:00","1814","1800"
"30.03.2016 01:00 - 30.03.2016 02:00","1753","1761"
"30.03.2016 02:00 - 30.03.2016 03:00","1735","1732"
"30.03.2016 03:00 - 30.03.2016 04:00","1743","1749"
"30.03.2016 04:00 - 30.03.2016 05:00","1810","1807"
"30.03.2016 05:00 - 30.03.2016 06:00","1963","1937"
"30.03.2016 06:00 - 30.03.2016 07:00","2349","2369"
"30.03.2016 07:00 - 30.03.2016 08:00","2718","2736"
"30.03.2016 08:00 - 30.03.2016 09:00","2883","2894"
"30.03.2016 09:00 - 30.03.2016 10:00","2895","2919"
"30.03.2016 10:00 - 30.03.2016 11:00","2934","2952"
"30.03.2016 11:00 - 30.03.2016 12:00","2931","2964"
"30.03.2016 12:00 - 30.03.2016 13:00","2854","2853"
"30.03.2016 13:00 - 30.03.2016 14:00","2828","2813"
"30.03.2016 14:00 - 30.03.2016 15:00","2709","2710"
"30.03.2016 15:00 - 30.03.2016 16:00","2619","2589"
"30.03.2016 16:00 - 30.03.2016 17:00","2519","2531"
"30.03.2016 17:00 - 30.03.2016 18:00","2679","2685"
"30.03.2016 18:00 - 30.03.2016 19:00","2623","2638"
"30.03.2016 19:00 - 30.03.2016 20:00","2558","2547"
"30.03.2016 20:00 - 30.03.2016 21:00","2551","2558"
"30.03.2016 21:00 - 30.03.2016 22:00","2446","2425"
"30.03.2016 22:00 - 30.03.2016 23:00","2246","2211"
"30.03.2016 23:00 - 31.03.2016 00:00","2016","2004"
"31.03.2016 00:00 - 31.03.2016 01:00","1852","1870"
"31.03.2016 01:00 - 31.03.2016 02:00","1805","1820"
"31.03.2016 02:00 - 31.03.2016 03:00","1781","1795"
"31.03.2016 03:00 - 31.03.2016 04:00","1790","1797"
"31.03.2016 04:00 - 31.03.2016 05:00","1839","1840"
"31.03.2016 05:00 - 31.03.2016 06:00","2007","2005"
"31.03.2016 06:00 - 31.03.2016 07:00","2391","2403"
"31.03.2016 07:00 - 31.03.2016 08:00","2756","2754"
"31.03.2016 08:00 - 31.03.2016 09:00","2879","2853"
"31.03.2016 09:00 - 31.03.2016 10:00","2836","2805"
"31.03.2016 10:00 - 31.03.2016 11:00","2869","2837"
"31.03.2016 11:00 - 31.03.2016 12:00","2806","2804"
"31.03.2016 12:00 - 31.03.2016 13:00","2717","2705"
"31.03.2016 13:00 - 31.03.2016 14:00","2698","2659"
"31.03.2016 14:00 - 31.03.2016 15:00","2573","2543"
"31.03.2016 15:00 - 31.03.2016 16:00","2425","2399"
"31.03.2016 16:00 - 31.03.2016 17:00","2345","2336"
"31.03.2016 17:00 - 31.03.2016 18:00","2480","2464"
"31.03.2016 18:00 - 31.03.2016 19:00","2426","2427"
"31.03.2016 19:00 - 31.03.2016 20:00","2389","2367"
"31.03.2016 20:00 - 31.03.2016 21:00","2429","2441"
"31.03.2016 21:00 - 31.03.2016 22:00","2333","2330"
"31.03.2016 22:00 - 31.03.2016 23:00","2136","2164"
"31.03.2016 23:00 - 01.04.2016 00:00","1923","1991"
"01.04.2016 00:00 - 01.04.2016 01:00","1860","1859"
"01.04.2016 01:00 - 01.04.2016 02:00","1797","1810"
"01.04.2016 02:00 - 01.04.2016 03:00","1774","1785"
"01.04.2016 03:00 - 01.04.2016 04:00","1779","1782"
"01.04.2016 04:00 - 01.04.2016 05:00","1830","1848"
"01.04.2016 05:00 - 01.04.2016 06:00","2014","2030"
"01.04.2016 06:00 - 01.04.2016 07:00","2402","2429"
"01.04.2016 07:00 - 01.04.2016 08:00","2776","2770"
"01.04.2016 08:00 - 01.04.2016 09:00","2877","2859"
"01.04.2016 09:00 - 01.04.2016 10:00","2845","2846"
"01.04.2016 10:00 - 01.04.2016 11:00","2874","2848"
"01.04.2016 11:00 - 01.04.2016 12:00","2800","2772"
"01.04.2016 12:00 - 01.04.2016 13:00","2645","2634"
"01.04.2016 13:00 - 01.04.2016 14:00","2544","2529"
"01.04.2016 14:00 - 01.04.2016 15:00","2401","2385"
"01.04.2016 15:00 - 01.04.2016 16:00","2282","2281"
"01.04.2016 16:00 - 01.04.2016 17:00","2272","2262"
"01.04.2016 17:00 - 01.04.2016 18:00","2391","2393"
"01.04.2016 18:00 - 01.04.2016 19:00","2405","2406"
"01.04.2016 19:00 - 01.04.2016 20:00","2289","2307"
"01.04.2016 20:00 - 01.04.2016 21:00","2272","2286"
"01.04.2016 21:00 - 01.04.2016 22:00","2178","2172"
"01.04.2016 22:00 - 01.04.2016 23:00","2025","2021"
"01.04.2016 23:00 - 02.04.2016 00:00","1861","1861"
"02.04.2016 00:00 - 02.04.2016 01:00","1719","1723"
"02.04.2016 01:00 - 02.04.2016 02:00","1640","1634"
"02.04.2016 02:00 - 02.04.2016 03:00","1582","1567"
"02.04.2016 03:00 - 02.04.2016 04:00","1571","1572"
"02.04.2016 04:00 - 02.04.2016 05:00","1596","1576"
"02.04.2016 05:00 - 02.04.2016 06:00","1632","1611"
"02.04.2016 06:00 - 02.04.2016 07:00","1729","1732"
"02.04.2016 07:00 - 02.04.2016 08:00","1893","1889"
"02.04.2016 08:00 - 02.04.2016 09:00","2065","2061"
"02.04.2016 09:00 - 02.04.2016 10:00","2164","2146"
"02.04.2016 10:00 - 02.04.2016 11:00","2186","2152"
"02.04.2016 11:00 - 02.04.2016 12:00","2129","2112"
"02.04.2016 12:00 - 02.04.2016 13:00","2054","2045"
"02.04.2016 13:00 - 02.04.2016 14:00","2009","1986"
"02.04.2016 14:00 - 02.04.2016 15:00","1967","1962"
"02.04.2016 15:00 - 02.04.2016 16:00","1941","1942"
"02.04.2016 16:00 - 02.04.2016 17:00","1991","1966"
"02.04.2016 17:00 - 02.04.2016 18:00","2149","2119"
"02.04.2016 18:00 - 02.04.2016 19:00","2187","2184"
"02.04.2016 19:00 - 02.04.2016 20:00","2094","2119"
"02.04.2016 20:00 - 02.04.2016 21:00","2074","2121"
"02.04.2016 21:00 - 02.04.2016 22:00","1988","2039"
"02.04.2016 22:00 - 02.04.2016 23:00","1850","1911"
"02.04.2016 23:00 - 03.04.2016 00:00","1709","1773"
"03.04.2016 00:00 - 03.04.2016 01:00","1654","1652"
"03.04.2016 01:00 - 03.04.2016 02:00","1559","1593"
"03.04.2016 02:00 - 03.04.2016 03:00","1544","1555"
"03.04.2016 03:00 - 03.04.2016 04:00","1532","1544"
"03.04.2016 04:00 - 03.04.2016 05:00","1560","1563"
"03.04.2016 05:00 - 03.04.2016 06:00","1598","1586"
"03.04.2016 06:00 - 03.04.2016 07:00","1668","1669"
"03.04.2016 07:00 - 03.04.2016 08:00","1774","1783"
"03.04.2016 08:00 - 03.04.2016 09:00","1947","1961"
"03.04.2016 09:00 - 03.04.2016 10:00","2072","2078"
"03.04.2016 10:00 - 03.04.2016 11:00","2127","2133"
"03.04.2016 11:00 - 03.04.2016 12:00","2114","2088"
"03.04.2016 12:00 - 03.04.2016 13:00","2037","2035"
"03.04.2016 13:00 - 03.04.2016 14:00","2019","2008"
"03.04.2016 14:00 - 03.04.2016 15:00","2002","2015"
"03.04.2016 15:00 - 03.04.2016 16:00","1998","2000"
"03.04.2016 16:00 - 03.04.2016 17:00","2068","2092"
"03.04.2016 17:00 - 03.04.2016 18:00","2294","2336"
"03.04.2016 18:00 - 03.04.2016 19:00","2331","2367"
"03.04.2016 19:00 - 03.04.2016 20:00","2252","2245"
"03.04.2016 20:00 - 03.04.2016 21:00","2222","2233"
"03.04.2016 21:00 - 03.04.2016 22:00","2123","2101"
"03.04.2016 22:00 - 03.04.2016 23:00","1965","1965"
"03.04.2016 23:00 - 04.04.2016 00:00","1803","1816"
"04.04.2016 00:00 - 04.04.2016 01:00","1699","1734"
"04.04.2016 01:00 - 04.04.2016 02:00","1667","1684"
"04.04.2016 02:00 - 04.04.2016 03:00","1669","1674"
"04.04.2016 03:00 - 04.04.2016 04:00","1679","1689"
"04.04.2016 04:00 - 04.04.2016 05:00","1735","1738"
"04.04.2016 05:00 - 04.04.2016 06:00","1923","1901"
"04.04.2016 06:00 - 04.04.2016 07:00","2303","2277"
"04.04.2016 07:00 - 04.04.2016 08:00","2659","2649"
"04.04.2016 08:00 - 04.04.2016 09:00","2795","2809"
"04.04.2016 09:00 - 04.04.2016 10:00","2816","2797"
"04.04.2016 10:00 - 04.04.2016 11:00","2863","2853"
"04.04.2016 11:00 - 04.04.2016 12:00","2824","2837"
"04.04.2016 12:00 - 04.04.2016 13:00","2755","2719"
"04.04.2016 13:00 - 04.04.2016 14:00","2733","2718"
"04.04.2016 14:00 - 04.04.2016 15:00","2680","2676"
"04.04.2016 15:00 - 04.04.2016 16:00","2552","2556"
"04.04.2016 16:00 - 04.04.2016 17:00","2513","2551"
"04.04.2016 17:00 - 04.04.2016 18:00","2638","2672"
"04.04.2016 18:00 - 04.04.2016 19:00","2586","2593"
"04.04.2016 19:00 - 04.04.2016 20:00","2472","2490"
"04.04.2016 20:00 - 04.04.2016 21:00","2488","2473"
"04.04.2016 21:00 - 04.04.2016 22:00","2414","2345"
"04.04.2016 22:00 - 04.04.2016 23:00","2209","2132"
"04.04.2016 23:00 - 05.04.2016 00:00","1974","1923"
"05.04.2016 00:00 - 05.04.2016 01:00","1806","1776"
"05.04.2016 01:00 - 05.04.2016 02:00","1737","1720"
"05.04.2016 02:00 - 05.04.2016 03:00","1727","1708"
"05.04.2016 03:00 - 05.04.2016 04:00","1738","1720"
"05.04.2016 04:00 - 05.04.2016 05:00","1789","1764"
"05.04.2016 05:00 - 05.04.2016 06:00","1921","1940"
"05.04.2016 06:00 - 05.04.2016 07:00","2327","2354"
"05.04.2016 07:00 - 05.04.2016 08:00","2714","2705"
"05.04.2016 08:00 - 05.04.2016 09:00","2833","2858"
"05.04.2016 09:00 - 05.04.2016 10:00","2844","2837"
"05.04.2016 10:00 - 05.04.2016 11:00","2884","2882"
"05.04.2016 11:00 - 05.04.2016 12:00","2849","2863"
"05.04.2016 12:00 - 05.04.2016 13:00","2757","2777"
"05.04.2016 13:00 - 05.04.2016 14:00","2745","2835"
"05.04.2016 14:00 - 05.04.2016 15:00","2729","2761"
"05.04.2016 15:00 - 05.04.2016 16:00","2647","2705"
"05.04.2016 16:00 - 05.04.2016 17:00","2677","2700"
"05.04.2016 17:00 - 05.04.2016 18:00","2793","2849"
"05.04.2016 18:00 - 05.04.2016 19:00","2754","2755"
"05.04.2016 19:00 - 05.04.2016 20:00","2628","2633"
"05.04.2016 20:00 - 05.04.2016 21:00","2553","2563"
"05.04.2016 21:00 - 05.04.2016 22:00","2409","2430"
"05.04.2016 22:00 - 05.04.2016 23:00","2192","2230"
"05.04.2016 23:00 - 06.04.2016 00:00","1967","2024"
"06.04.2016 00:00 - 06.04.2016 01:00","1834","1868"
"06.04.2016 01:00 - 06.04.2016 02:00","1768","1768"
"06.04.2016 02:00 - 06.04.2016 03:00","1747","1737"
"06.04.2016 03:00 - 06.04.2016 04:00","1754","1757"
"06.04.2016 04:00 - 06.04.2016 05:00","1797","1809"
"06.04.2016 05:00 - 06.04.2016 06:00","1953","1920"
"06.04.2016 06:00 - 06.04.2016 07:00","2353","2324"
"06.04.2016 07:00 - 06.04.2016 08:00","2702","2676"
"06.04.2016 08:00 - 06.04.2016 09:00","2818","2778"
"06.04.2016 09:00 - 06.04.2016 10:00","2772","2785"
"06.04.2016 10:00 - 06.04.2016 11:00","2857","2841"
"06.04.2016 11:00 - 06.04.2016 12:00","2837","2817"
"06.04.2016 12:00 - 06.04.2016 13:00","2706","2714"
"06.04.2016 13:00 - 06.04.2016 14:00","2688","2647"
"06.04.2016 14:00 - 06.04.2016 15:00","2624","2618"
"06.04.2016 15:00 - 06.04.2016 16:00","2506","2528"
"06.04.2016 16:00 - 06.04.2016 17:00","2527","2524"
"06.04.2016 17:00 - 06.04.2016 18:00","2670","2681"
"06.04.2016 18:00 - 06.04.2016 19:00","2625","2657"
"06.04.2016 19:00 - 06.04.2016 20:00","2523","2520"
"06.04.2016 20:00 - 06.04.2016 21:00","2475","2466"
"06.04.2016 21:00 - 06.04.2016 22:00","2357","2331"
"06.04.2016 22:00 - 06.04.2016 23:00","2139","2154"
"06.04.2016 23:00 - 07.04.2016 00:00","1900","1949"
"07.04.2016 00:00 - 07.04.2016 01:00","1776","1840"
"07.04.2016 01:00 - 07.04.2016 02:00","1791","1822"
"07.04.2016 02:00 - 07.04.2016 03:00","1771","1779"
"07.04.2016 03:00 - 07.04.2016 04:00","1782","1808"
"07.04.2016 04:00 - 07.04.2016 05:00","1819","1827"
"07.04.2016 05:00 - 07.04.2016 06:00","1922","1976"
"07.04.2016 06:00 - 07.04.2016 07:00","2357","2368"
"07.04.2016 07:00 - 07.04.2016 08:00","2714","2735"
"07.04.2016 08:00 - 07.04.2016 09:00","2809","2791"
"07.04.2016 09:00 - 07.04.2016 10:00","2786","2828"
"07.04.2016 10:00 - 07.04.2016 11:00","2848","2821"
"07.04.2016 11:00 - 07.04.2016 12:00","2876","2876"
"07.04.2016 12:00 - 07.04.2016 13:00","2717","2740"
"07.04.2016 13:00 - 07.04.2016 14:00","2699","2695"
"07.04.2016 14:00 - 07.04.2016 15:00","2644","2630"
"07.04.2016 15:00 - 07.04.2016 16:00","2498","2521"
"07.04.2016 16:00 - 07.04.2016 17:00","2473","2546"
"07.04.2016 17:00 - 07.04.2016 18:00","2665","2712"
"07.04.2016 18:00 - 07.04.2016 19:00","2635","2654"
"07.04.2016 19:00 - 07.04.2016 20:00","2541","2544"
"07.04.2016 20:00 - 07.04.2016 21:00","2502","2489"
"07.04.2016 21:00 - 07.04.2016 22:00","2417","2370"
"07.04.2016 22:00 - 07.04.2016 23:00","2218","2191"
"07.04.2016 23:00 - 08.04.2016 00:00","1985","1983"
"08.04.2016 00:00 - 08.04.2016 01:00","1780","1855"
"08.04.2016 01:00 - 08.04.2016 02:00","1654","1816"
"08.04.2016 02:00 - 08.04.2016 03:00","1573","1749"
"08.04.2016 03:00 - 08.04.2016 04:00","1642","1752"
"08.04.2016 04:00 - 08.04.2016 05:00","1773","1816"
"08.04.2016 05:00 - 08.04.2016 06:00","1936","1991"
"08.04.2016 06:00 - 08.04.2016 07:00","2361","2359"
"08.04.2016 07:00 - 08.04.2016 08:00","2703","2702"
"08.04.2016 08:00 - 08.04.2016 09:00","2802","2807"
"08.04.2016 09:00 - 08.04.2016 10:00","2757","2759"
"08.04.2016 10:00 - 08.04.2016 11:00","2779","2770"
"08.04.2016 11:00 - 08.04.2016 12:00","2723","2723"
"08.04.2016 12:00 - 08.04.2016 13:00","2565","2563"
"08.04.2016 13:00 - 08.04.2016 14:00","2447","2470"
"08.04.2016 14:00 - 08.04.2016 15:00","2323","2312"
"08.04.2016 15:00 - 08.04.2016 16:00","2210","2235"
"08.04.2016 16:00 - 08.04.2016 17:00","2215","2222"
"08.04.2016 17:00 - 08.04.2016 18:00","2327","2339"
"08.04.2016 18:00 - 08.04.2016 19:00","2336","2353"
"08.04.2016 19:00 - 08.04.2016 20:00","2211","2218"
"08.04.2016 20:00 - 08.04.2016 21:00","2175","2198"
"08.04.2016 21:00 - 08.04.2016 22:00","2139","2155"
"08.04.2016 22:00 - 08.04.2016 23:00","1986","2018"
"08.04.2016 23:00 - 09.04.2016 00:00","1825","1847"
"09.04.2016 00:00 - 09.04.2016 01:00","1649","1723"
"09.04.2016 01:00 - 09.04.2016 02:00","1618","1645"
"09.04.2016 02:00 - 09.04.2016 03:00","1606","1614"
"09.04.2016 03:00 - 09.04.2016 04:00","1609","1626"
"09.04.2016 04:00 - 09.04.2016 05:00","1614","1643"
"09.04.2016 05:00 - 09.04.2016 06:00","1659","1692"
"09.04.2016 06:00 - 09.04.2016 07:00","1784","1797"
"09.04.2016 07:00 - 09.04.2016 08:00","1959","1959"
"09.04.2016 08:00 - 09.04.2016 09:00","2111","2117"
"09.04.2016 09:00 - 09.04.2016 10:00","2195","2202"
"09.04.2016 10:00 - 09.04.2016 11:00","2223","2218"
"09.04.2016 11:00 - 09.04.2016 12:00","2185","2177"
"09.04.2016 12:00 - 09.04.2016 13:00","2136","2125"
"09.04.2016 13:00 - 09.04.2016 14:00","2072","2064"
"09.04.2016 14:00 - 09.04.2016 15:00","2014","2044"
"09.04.2016 15:00 - 09.04.2016 16:00","2002","2012"
"09.04.2016 16:00 - 09.04.2016 17:00","2049","2022"
"09.04.2016 17:00 - 09.04.2016 18:00","2203","2178"
"09.04.2016 18:00 - 09.04.2016 19:00","2203","2191"
"09.04.2016 19:00 - 09.04.2016 20:00","2066","2074"
"09.04.2016 20:00 - 09.04.2016 21:00","2041","2025"
"09.04.2016 21:00 - 09.04.2016 22:00","1996","1990"
"09.04.2016 22:00 - 09.04.2016 23:00","1873","1853"
"09.04.2016 23:00 - 10.04.2016 00:00","1736","1714"
"10.04.2016 00:00 - 10.04.2016 01:00","1595","1595"
"10.04.2016 01:00 - 10.04.2016 02:00","1530","1535"
"10.04.2016 02:00 - 10.04.2016 03:00","1511","1516"
"10.04.2016 03:00 - 10.04.2016 04:00","1501","1509"
"10.04.2016 04:00 - 10.04.2016 05:00","1510","1515"
"10.04.2016 05:00 - 10.04.2016 06:00","1557","1571"
"10.04.2016 06:00 - 10.04.2016 07:00","1621","1637"
"10.04.2016 07:00 - 10.04.2016 08:00","1760","1786"
"10.04.2016 08:00 - 10.04.2016 09:00","1936","1939"
"10.04.2016 09:00 - 10.04.2016 10:00","2036","2005"
"10.04.2016 10:00 - 10.04.2016 11:00","2048","2036"
"10.04.2016 11:00 - 10.04.2016 12:00","2039","2040"
"10.04.2016 12:00 - 10.04.2016 13:00","2023","1999"
"10.04.2016 13:00 - 10.04.2016 14:00","1955","1949"
"10.04.2016 14:00 - 10.04.2016 15:00","1951","1926"
"10.04.2016 15:00 - 10.04.2016 16:00","1935","1890"
"10.04.2016 16:00 - 10.04.2016 17:00","1946","1925"
"10.04.2016 17:00 - 10.04.2016 18:00","2149","2148"
"10.04.2016 18:00 - 10.04.2016 19:00","2162","2178"
"10.04.2016 19:00 - 10.04.2016 20:00","2062","2064"
"10.04.2016 20:00 - 10.04.2016 21:00","2060","2105"
"10.04.2016 21:00 - 10.04.2016 22:00","2021","2021"
"10.04.2016 22:00 - 10.04.2016 23:00","1853","1874"
"10.04.2016 23:00 - 11.04.2016 00:00","1675","1740"
"11.04.2016 00:00 - 11.04.2016 01:00","1679","1686"
"11.04.2016 01:00 - 11.04.2016 02:00","1655","1667"
"11.04.2016 02:00 - 11.04.2016 03:00","1652","1665"
"11.04.2016 03:00 - 11.04.2016 04:00","1662","1667"
"11.04.2016 04:00 - 11.04.2016 05:00","1735","1732"
"11.04.2016 05:00 - 11.04.2016 06:00","1902","1920"
"11.04.2016 06:00 - 11.04.2016 07:00","2290","2274"
"11.04.2016 07:00 - 11.04.2016 08:00","2650","2604"
"11.04.2016 08:00 - 11.04.2016 09:00","2728","2711"
"11.04.2016 09:00 - 11.04.2016 10:00","2706","2678"
"11.04.2016 10:00 - 11.04.2016 11:00","2721","2713"
"11.04.2016 11:00 - 11.04.2016 12:00","2690","2699"
"11.04.2016 12:00 - 11.04.2016 13:00","2637","2615"
"11.04.2016 13:00 - 11.04.2016 14:00","2616","2601"
"11.04.2016 14:00 - 11.04.2016 15:00","2554","2538"
"11.04.2016 15:00 - 11.04.2016 16:00","2406","2406"
"11.04.2016 16:00 - 11.04.2016 17:00","2350","2340"
"11.04.2016 17:00 - 11.04.2016 18:00","2504","2518"
"11.04.2016 18:00 - 11.04.2016 19:00","2438","2440"
"11.04.2016 19:00 - 11.04.2016 20:00","2322","2354"
"11.04.2016 20:00 - 11.04.2016 21:00","2302","2307"
"11.04.2016 21:00 - 11.04.2016 22:00","2217","2280"
"11.04.2016 22:00 - 11.04.2016 23:00","2026","2137"
"11.04.2016 23:00 - 12.04.2016 00:00","1824","1928"
"12.04.2016 00:00 - 12.04.2016 01:00","1791","1746"
"12.04.2016 01:00 - 12.04.2016 02:00","1697","1686"
"12.04.2016 02:00 - 12.04.2016 03:00","1681","1671"
"12.04.2016 03:00 - 12.04.2016 04:00","1697","1691"
"12.04.2016 04:00 - 12.04.2016 05:00","1735","1766"
"12.04.2016 05:00 - 12.04.2016 06:00","1895","1912"
"12.04.2016 06:00 - 12.04.2016 07:00","2276","2259"
"12.04.2016 07:00 - 12.04.2016 08:00","2644","2611"
"12.04.2016 08:00 - 12.04.2016 09:00","2753","2752"
"12.04.2016 09:00 - 12.04.2016 10:00","2761","2764"
"12.04.2016 10:00 - 12.04.2016 11:00","2819","2822"
"12.04.2016 11:00 - 12.04.2016 12:00","2795","2794"
"12.04.2016 12:00 - 12.04.2016 13:00","2722","2720"
"12.04.2016 13:00 - 12.04.2016 14:00","2738","2747"
"12.04.2016 14:00 - 12.04.2016 15:00","2694","2696"
"12.04.2016 15:00 - 12.04.2016 16:00","2573","2581"
"12.04.2016 16:00 - 12.04.2016 17:00","2553","2574"
"12.04.2016 17:00 - 12.04.2016 18:00","2720","2724"
"12.04.2016 18:00 - 12.04.2016 19:00","2642","2634"
"12.04.2016 19:00 - 12.04.2016 20:00","2487","2492"
"12.04.2016 20:00 - 12.04.2016 21:00","2395","2400"
"12.04.2016 21:00 - 12.04.2016 22:00","2280","2307"
"12.04.2016 22:00 - 12.04.2016 23:00","2068","2134"
"12.04.2016 23:00 - 13.04.2016 00:00","1857","1941"
"13.04.2016 00:00 - 13.04.2016 01:00","1800","1809"
"13.04.2016 01:00 - 13.04.2016 02:00","1741","1763"
"13.04.2016 02:00 - 13.04.2016 03:00","1726","1738"
"13.04.2016 03:00 - 13.04.2016 04:00","1734","1736"
"13.04.2016 04:00 - 13.04.2016 05:00","1770","1789"
"13.04.2016 05:00 - 13.04.2016 06:00","1926","1935"
"13.04.2016 06:00 - 13.04.2016 07:00","2297","2297"
"13.04.2016 07:00 - 13.04.2016 08:00","2669","2650"
"13.04.2016 08:00 - 13.04.2016 09:00","2782","2780"
"13.04.2016 09:00 - 13.04.2016 10:00","2752","2747"
"13.04.2016 10:00 - 13.04.2016 11:00","2795","2802"
"13.04.2016 11:00 - 13.04.2016 12:00","2783","2784"
"13.04.2016 12:00 - 13.04.2016 13:00","2720","2730"
"13.04.2016 13:00 - 13.04.2016 14:00","2784","2764"
"13.04.2016 14:00 - 13.04.2016 15:00","2711","2708"
"13.04.2016 15:00 - 13.04.2016 16:00","2590","2595"
"13.04.2016 16:00 - 13.04.2016 17:00","2547","2553"
"13.04.2016 17:00 - 13.04.2016 18:00","2670","2682"
"13.04.2016 18:00 - 13.04.2016 19:00","2600","2593"
"13.04.2016 19:00 - 13.04.2016 20:00","2471","2476"
"13.04.2016 20:00 - 13.04.2016 21:00","2397","2424"
"13.04.2016 21:00 - 13.04.2016 22:00","2284","2344"
"13.04.2016 22:00 - 13.04.2016 23:00","2080","2154"
"13.04.2016 23:00 - 14.04.2016 00:00","1858","1963"
"14.04.2016 00:00 - 14.04.2016 01:00","1750","1839"
"14.04.2016 01:00 - 14.04.2016 02:00","1760","1782"
"14.04.2016 02:00 - 14.04.2016 03:00","1731","1739"
"14.04.2016 03:00 - 14.04.2016 04:00","1730","1780"
"14.04.2016 04:00 - 14.04.2016 05:00","1790","1846"
"14.04.2016 05:00 - 14.04.2016 06:00","1961","1995"
"14.04.2016 06:00 - 14.04.2016 07:00","2333","2345"
"14.04.2016 07:00 - 14.04.2016 08:00","2707","2690"
"14.04.2016 08:00 - 14.04.2016 09:00","2788","2790"
"14.04.2016 09:00 - 14.04.2016 10:00","2776","2753"
"14.04.2016 10:00 - 14.04.2016 11:00","2791","2792"
"14.04.2016 11:00 - 14.04.2016 12:00","2777","2766"
"14.04.2016 12:00 - 14.04.2016 13:00","2697","2700"
"14.04.2016 13:00 - 14.04.2016 14:00","2734","2731"
"14.04.2016 14:00 - 14.04.2016 15:00","2665","2651"
"14.04.2016 15:00 - 14.04.2016 16:00","2549","2532"
"14.04.2016 16:00 - 14.04.2016 17:00","2502","2509"
"14.04.2016 17:00 - 14.04.2016 18:00","2621","2633"
"14.04.2016 18:00 - 14.04.2016 19:00","2540","2556"
"14.04.2016 19:00 - 14.04.2016 20:00","2434","2425"
"14.04.2016 20:00 - 14.04.2016 21:00","2355","2368"
"14.04.2016 21:00 - 14.04.2016 22:00","2269","2298"
"14.04.2016 22:00 - 14.04.2016 23:00","2082","2113"
"14.04.2016 23:00 - 15.04.2016 00:00","1865","1898"
"15.04.2016 00:00 - 15.04.2016 01:00","1677","1751"
"15.04.2016 01:00 - 15.04.2016 02:00","1677","1695"
"15.04.2016 02:00 - 15.04.2016 03:00","1658","1674"
"15.04.2016 03:00 - 15.04.2016 04:00","1652","1682"
"15.04.2016 04:00 - 15.04.2016 05:00","1706","1739"
"15.04.2016 05:00 - 15.04.2016 06:00","1875","1898"
"15.04.2016 06:00 - 15.04.2016 07:00","2237","2257"
"15.04.2016 07:00 - 15.04.2016 08:00","2560","2648"
"15.04.2016 08:00 - 15.04.2016 09:00","2781","2788"
"15.04.2016 09:00 - 15.04.2016 10:00","2786","2779"
"15.04.2016 10:00 - 15.04.2016 11:00","2813","2823"
"15.04.2016 11:00 - 15.04.2016 12:00","2782","2786"
"15.04.2016 12:00 - 15.04.2016 13:00","2659","2667"
"15.04.2016 13:00 - 15.04.2016 14:00","2569","2572"
"15.04.2016 14:00 - 15.04.2016 15:00","2423","2409"
"15.04.2016 15:00 - 15.04.2016 16:00","2297","2303"
"15.04.2016 16:00 - 15.04.2016 17:00","2326","2351"
"15.04.2016 17:00 - 15.04.2016 18:00","2469","2509"
"15.04.2016 18:00 - 15.04.2016 19:00","2444","2457"
"15.04.2016 19:00 - 15.04.2016 20:00","2288","2299"
"15.04.2016 20:00 - 15.04.2016 21:00","2215","2202"
"15.04.2016 21:00 - 15.04.2016 22:00","2163","2130"
"15.04.2016 22:00 - 15.04.2016 23:00","2018","1972"
"15.04.2016 23:00 - 16.04.2016 00:00","1846","1821"
"16.04.2016 00:00 - 16.04.2016 01:00","1694","1706"
"16.04.2016 01:00 - 16.04.2016 02:00","1625","1639"
"16.04.2016 02:00 - 16.04.2016 03:00","1608","1611"
"16.04.2016 03:00 - 16.04.2016 04:00","1606","1606"
"16.04.2016 04:00 - 16.04.2016 05:00","1620","1620"
"16.04.2016 05:00 - 16.04.2016 06:00","1670","1677"
"16.04.2016 06:00 - 16.04.2016 07:00","1766","1771"
"16.04.2016 07:00 - 16.04.2016 08:00","1956","1952"
"16.04.2016 08:00 - 16.04.2016 09:00","2137","2133"
"16.04.2016 09:00 - 16.04.2016 10:00","2234","2232"
"16.04.2016 10:00 - 16.04.2016 11:00","2266","2273"
"16.04.2016 11:00 - 16.04.2016 12:00","2253","2259"
"16.04.2016 12:00 - 16.04.2016 13:00","2195","2203"
"16.04.2016 13:00 - 16.04.2016 14:00","2162","2185"
"16.04.2016 14:00 - 16.04.2016 15:00","2151","2142"
"16.04.2016 15:00 - 16.04.2016 16:00","2087","2064"
"16.04.2016 16:00 - 16.04.2016 17:00","2060","2045"
"16.04.2016 17:00 - 16.04.2016 18:00","2212","2184"
"16.04.2016 18:00 - 16.04.2016 19:00","2185","2174"
"16.04.2016 19:00 - 16.04.2016 20:00","2054","2037"
"16.04.2016 20:00 - 16.04.2016 21:00","1956","1897"
"16.04.2016 21:00 - 16.04.2016 22:00","1898","1838"
"16.04.2016 22:00 - 16.04.2016 23:00","1789","1705"
"16.04.2016 23:00 - 17.04.2016 00:00","1689","1564"
"17.04.2016 00:00 - 17.04.2016 01:00","1502","1527"
"17.04.2016 01:00 - 17.04.2016 02:00","1481","1501"
"17.04.2016 02:00 - 17.04.2016 03:00","1467","1461"
"17.04.2016 03:00 - 17.04.2016 04:00","1462","1454"
"17.04.2016 04:00 - 17.04.2016 05:00","1474","1468"
"17.04.2016 05:00 - 17.04.2016 06:00","1520","1518"
"17.04.2016 06:00 - 17.04.2016 07:00","1576","1581"
"17.04.2016 07:00 - 17.04.2016 08:00","1723","1693"
"17.04.2016 08:00 - 17.04.2016 09:00","1882","1860"
"17.04.2016 09:00 - 17.04.2016 10:00","1965","1971"
"17.04.2016 10:00 - 17.04.2016 11:00","2013","1997"
"17.04.2016 11:00 - 17.04.2016 12:00","1999","2020"
"17.04.2016 12:00 - 17.04.2016 13:00","2002","1990"
"17.04.2016 13:00 - 17.04.2016 14:00","1971","1960"
"17.04.2016 14:00 - 17.04.2016 15:00","1962","1955"
"17.04.2016 15:00 - 17.04.2016 16:00","1935","1928"
"17.04.2016 16:00 - 17.04.2016 17:00","1962","1941"
"17.04.2016 17:00 - 17.04.2016 18:00","2116","2115"
"17.04.2016 18:00 - 17.04.2016 19:00","2110","2126"
"17.04.2016 19:00 - 17.04.2016 20:00","2022","2050"
"17.04.2016 20:00 - 17.04.2016 21:00","1990","1966"
"17.04.2016 21:00 - 17.04.2016 22:00","1966","1978"
"17.04.2016 22:00 - 17.04.2016 23:00","1824","1847"
"17.04.2016 23:00 - 18.04.2016 00:00","1707","1745"
"18.04.2016 00:00 - 18.04.2016 01:00","1692","1658"
"18.04.2016 01:00 - 18.04.2016 02:00","1662","1630"
"18.04.2016 02:00 - 18.04.2016 03:00","1610","1625"
"18.04.2016 03:00 - 18.04.2016 04:00","1655","1639"
"18.04.2016 04:00 - 18.04.2016 05:00","1704","1707"
"18.04.2016 05:00 - 18.04.2016 06:00","1890","1867"
"18.04.2016 06:00 - 18.04.2016 07:00","2234","2228"
"18.04.2016 07:00 - 18.04.2016 08:00","2653","2610"
"18.04.2016 08:00 - 18.04.2016 09:00","2778","2779"
"18.04.2016 09:00 - 18.04.2016 10:00","2804","2808"
"18.04.2016 10:00 - 18.04.2016 11:00","2836","2812"
"18.04.2016 11:00 - 18.04.2016 12:00","2785","2747"
"18.04.2016 12:00 - 18.04.2016 13:00","2697","2660"
"18.04.2016 13:00 - 18.04.2016 14:00","2689","2664"
"18.04.2016 14:00 - 18.04.2016 15:00","2627","2595"
"18.04.2016 15:00 - 18.04.2016 16:00","2497","2516"
"18.04.2016 16:00 - 18.04.2016 17:00","2450","2473"
"18.04.2016 17:00 - 18.04.2016 18:00","2626","2644"
"18.04.2016 18:00 - 18.04.2016 19:00","2575","2591"
"18.04.2016 19:00 - 18.04.2016 20:00","2427","2403"
"18.04.2016 20:00 - 18.04.2016 21:00","2288","2276"
"18.04.2016 21:00 - 18.04.2016 22:00","2265","2266"
"18.04.2016 22:00 - 18.04.2016 23:00","2065","2098"
"18.04.2016 23:00 - 19.04.2016 00:00","1856","1916"
"19.04.2016 00:00 - 19.04.2016 01:00","1774","1779"
"19.04.2016 01:00 - 19.04.2016 02:00","1752","1779"
"19.04.2016 02:00 - 19.04.2016 03:00","1731","1719"
"19.04.2016 03:00 - 19.04.2016 04:00","1706","1710"
"19.04.2016 04:00 - 19.04.2016 05:00","1757","1740"
"19.04.2016 05:00 - 19.04.2016 06:00","1895","1880"
"19.04.2016 06:00 - 19.04.2016 07:00","2229","2210"
"19.04.2016 07:00 - 19.04.2016 08:00","2622","2549"
"19.04.2016 08:00 - 19.04.2016 09:00","2704","2632"
"19.04.2016 09:00 - 19.04.2016 10:00","2701","2657"
"19.04.2016 10:00 - 19.04.2016 11:00","2793","2677"
"19.04.2016 11:00 - 19.04.2016 12:00","2699","2623"
"19.04.2016 12:00 - 19.04.2016 13:00","2610","2585"
"19.04.2016 13:00 - 19.04.2016 14:00","2645","2617"
"19.04.2016 14:00 - 19.04.2016 15:00","2609","2567"
"19.04.2016 15:00 - 19.04.2016 16:00","2492","2477"
"19.04.2016 16:00 - 19.04.2016 17:00","2408","2452"
"19.04.2016 17:00 - 19.04.2016 18:00","2567","2578"
"19.04.2016 18:00 - 19.04.2016 19:00","2489","2478"
"19.04.2016 19:00 - 19.04.2016 20:00","2335","2338"
"19.04.2016 20:00 - 19.04.2016 21:00","2279","2303"
"19.04.2016 21:00 - 19.04.2016 22:00","2284","2252"
"19.04.2016 22:00 - 19.04.2016 23:00","2100","2103"
"19.04.2016 23:00 - 20.04.2016 00:00","1877","1912"
"20.04.2016 00:00 - 20.04.2016 01:00","1811","1814"
"20.04.2016 01:00 - 20.04.2016 02:00","1786","1790"
"20.04.2016 02:00 - 20.04.2016 03:00","1765","1765"
"20.04.2016 03:00 - 20.04.2016 04:00","1760","1785"
"20.04.2016 04:00 - 20.04.2016 05:00","1806","1833"
"20.04.2016 05:00 - 20.04.2016 06:00","1979","1956"
"20.04.2016 06:00 - 20.04.2016 07:00","2282","2264"
"20.04.2016 07:00 - 20.04.2016 08:00","2607","2586"
"20.04.2016 08:00 - 20.04.2016 09:00","2720","2718"
"20.04.2016 09:00 - 20.04.2016 10:00","2727","2715"
"20.04.2016 10:00 - 20.04.2016 11:00","2754","2726"
"20.04.2016 11:00 - 20.04.2016 12:00","2761","2725"
"20.04.2016 12:00 - 20.04.2016 13:00","2669","2668"
"20.04.2016 13:00 - 20.04.2016 14:00","2682","2670"
"20.04.2016 14:00 - 20.04.2016 15:00","2637","2595"
"20.04.2016 15:00 - 20.04.2016 16:00","2484","2427"
"20.04.2016 16:00 - 20.04.2016 17:00","2383","2404"
"20.04.2016 17:00 - 20.04.2016 18:00","2514","2501"
"20.04.2016 18:00 - 20.04.2016 19:00","2413","2408"
"20.04.2016 19:00 - 20.04.2016 20:00","2317","2304"
"20.04.2016 20:00 - 20.04.2016 21:00","2251","2246"
"20.04.2016 21:00 - 20.04.2016 22:00","2260","2278"
"20.04.2016 22:00 - 20.04.2016 23:00","2109","2096"
"20.04.2016 23:00 - 21.04.2016 00:00","1903","1876"
"21.04.2016 00:00 - 21.04.2016 01:00","1738","1735"
"21.04.2016 01:00 - 21.04.2016 02:00","1696","1683"
"21.04.2016 02:00 - 21.04.2016 03:00","1683","1678"
"21.04.2016 03:00 - 21.04.2016 04:00","1668","1692"
"21.04.2016 04:00 - 21.04.2016 05:00","1728","1749"
"21.04.2016 05:00 - 21.04.2016 06:00","1889","1900"
"21.04.2016 06:00 - 21.04.2016 07:00","2242","2237"
"21.04.2016 07:00 - 21.04.2016 08:00","2608","2556"
"21.04.2016 08:00 - 21.04.2016 09:00","2708","2681"
"21.04.2016 09:00 - 21.04.2016 10:00","2676","2681"
"21.04.2016 10:00 - 21.04.2016 11:00","2750","2715"
"21.04.2016 11:00 - 21.04.2016 12:00","2691","2648"
"21.04.2016 12:00 - 21.04.2016 13:00","2586","2555"
"21.04.2016 13:00 - 21.04.2016 14:00","2594","2560"
"21.04.2016 14:00 - 21.04.2016 15:00","2512","2483"
"21.04.2016 15:00 - 21.04.2016 16:00","2375","2359"
"21.04.2016 16:00 - 21.04.2016 17:00","2298","2311"
"21.04.2016 17:00 - 21.04.2016 18:00","2391","2383"
"21.04.2016 18:00 - 21.04.2016 19:00","2324","2339"
"21.04.2016 19:00 - 21.04.2016 20:00","2219","2221"
"21.04.2016 20:00 - 21.04.2016 21:00","2114","2114"
"21.04.2016 21:00 - 21.04.2016 22:00","2117","2122"
"21.04.2016 22:00 - 21.04.2016 23:00","1944","1959"
"21.04.2016 23:00 - 22.04.2016 00:00","1770","1781"
"22.04.2016 00:00 - 22.04.2016 01:00","1645","1646"
"22.04.2016 01:00 - 22.04.2016 02:00","1602","1635"
"22.04.2016 02:00 - 22.04.2016 03:00","1590","1574"
"22.04.2016 03:00 - 22.04.2016 04:00","1593","1608"
"22.04.2016 04:00 - 22.04.2016 05:00","1616","1631"
"22.04.2016 05:00 - 22.04.2016 06:00","1674","1736"
"22.04.2016 06:00 - 22.04.2016 07:00","1791","1793"
"22.04.2016 07:00 - 22.04.2016 08:00","1965","1934"
"22.04.2016 08:00 - 22.04.2016 09:00","2111","2071"
"22.04.2016 09:00 - 22.04.2016 10:00","2151","2150"
"22.04.2016 10:00 - 22.04.2016 11:00","2181","2170"
"22.04.2016 11:00 - 22.04.2016 12:00","2151","2136"
"22.04.2016 12:00 - 22.04.2016 13:00","2068","2044"
"22.04.2016 13:00 - 22.04.2016 14:00","1982","1968"
"22.04.2016 14:00 - 22.04.2016 15:00","1946","1931"
"22.04.2016 15:00 - 22.04.2016 16:00","1898","1883"
"22.04.2016 16:00 - 22.04.2016 17:00","1909","1909"
"22.04.2016 17:00 - 22.04.2016 18:00","2045","2044"
"22.04.2016 18:00 - 22.04.2016 19:00","2084","2091"
"22.04.2016 19:00 - 22.04.2016 20:00","1997","2023"
"22.04.2016 20:00 - 22.04.2016 21:00","1951","1967"
"22.04.2016 21:00 - 22.04.2016 22:00","1925","1960"
"22.04.2016 22:00 - 22.04.2016 23:00","1885","1859"
"22.04.2016 23:00 - 23.04.2016 00:00","1743","1709"
"23.04.2016 00:00 - 23.04.2016 01:00","1584","1616"
"23.04.2016 01:00 - 23.04.2016 02:00","1526","1562"
"23.04.2016 02:00 - 23.04.2016 03:00","1537","1541"
"23.04.2016 03:00 - 23.04.2016 04:00","1541","1552"
"23.04.2016 04:00 - 23.04.2016 05:00","1559","1568"
"23.04.2016 05:00 - 23.04.2016 06:00","1576","1582"
"23.04.2016 06:00 - 23.04.2016 07:00","1663","1646"
"23.04.2016 07:00 - 23.04.2016 08:00","1817","1810"
"23.04.2016 08:00 - 23.04.2016 09:00","1997","1950"
"23.04.2016 09:00 - 23.04.2016 10:00","2051","2035"
"23.04.2016 10:00 - 23.04.2016 11:00","2079","2073"
"23.04.2016 11:00 - 23.04.2016 12:00","2054","2046"
"23.04.2016 12:00 - 23.04.2016 13:00","2019","2010"
"23.04.2016 13:00 - 23.04.2016 14:00","1960","1946"
"23.04.2016 14:00 - 23.04.2016 15:00","1937","1943"
"23.04.2016 15:00 - 23.04.2016 16:00","1903","1898"
"23.04.2016 16:00 - 23.04.2016 17:00","1947","1967"
"23.04.2016 17:00 - 23.04.2016 18:00","2132","2151"
"23.04.2016 18:00 - 23.04.2016 19:00","2151","2167"
"23.04.2016 19:00 - 23.04.2016 20:00","2021","2022"
"23.04.2016 20:00 - 23.04.2016 21:00","1929","1933"
"23.04.2016 21:00 - 23.04.2016 22:00","1927","1964"
"23.04.2016 22:00 - 23.04.2016 23:00","1895","1863"
"23.04.2016 23:00 - 24.04.2016 00:00","1756","1727"
"24.04.2016 00:00 - 24.04.2016 01:00","1638","1654"
"24.04.2016 01:00 - 24.04.2016 02:00","1568","1598"
"24.04.2016 02:00 - 24.04.2016 03:00","1551","1577"
"24.04.2016 03:00 - 24.04.2016 04:00","1561","1571"
"24.04.2016 04:00 - 24.04.2016 05:00","1582","1591"
"24.04.2016 05:00 - 24.04.2016 06:00","1594","1617"
"24.04.2016 06:00 - 24.04.2016 07:00","1664","1686"
"24.04.2016 07:00 - 24.04.2016 08:00","1845","1849"
"24.04.2016 08:00 - 24.04.2016 09:00","2021","1989"
"24.04.2016 09:00 - 24.04.2016 10:00","2085","2039"
"24.04.2016 10:00 - 24.04.2016 11:00","2095","2093"
"24.04.2016 11:00 - 24.04.2016 12:00","2097","2086"
"24.04.2016 12:00 - 24.04.2016 13:00","2006","1977"
"24.04.2016 13:00 - 24.04.2016 14:00","1955","1963"
"24.04.2016 14:00 - 24.04.2016 15:00","1991","1966"
"24.04.2016 15:00 - 24.04.2016 16:00","1945","1941"
"24.04.2016 16:00 - 24.04.2016 17:00","2014","2029"
"24.04.2016 17:00 - 24.04.2016 18:00","2243","2233"
"24.04.2016 18:00 - 24.04.2016 19:00","2222","2212"
"24.04.2016 19:00 - 24.04.2016 20:00","2100","2098"
"24.04.2016 20:00 - 24.04.2016 21:00","2024","2016"
"24.04.2016 21:00 - 24.04.2016 22:00","2007","2026"
"24.04.2016 22:00 - 24.04.2016 23:00","1950","1886"
"24.04.2016 23:00 - 25.04.2016 00:00","1813","1788"
"25.04.2016 00:00 - 25.04.2016 01:00","1708","1702"
"25.04.2016 01:00 - 25.04.2016 02:00","1668","1650"
"25.04.2016 02:00 - 25.04.2016 03:00","1658","1655"
"25.04.2016 03:00 - 25.04.2016 04:00","1672","1677"
"25.04.2016 04:00 - 25.04.2016 05:00","1737","1736"
"25.04.2016 05:00 - 25.04.2016 06:00","1916","1900"
"25.04.2016 06:00 - 25.04.2016 07:00","2268","2232"
"25.04.2016 07:00 - 25.04.2016 08:00","2610","2601"
"25.04.2016 08:00 - 25.04.2016 09:00","2777","2770"
"25.04.2016 09:00 - 25.04.2016 10:00","2811","2803"
"25.04.2016 10:00 - 25.04.2016 11:00","2886","2872"
"25.04.2016 11:00 - 25.04.2016 12:00","2963","2954"
"25.04.2016 12:00 - 25.04.2016 13:00","2905","2901"
"25.04.2016 13:00 - 25.04.2016 14:00","2909","2904"
"25.04.2016 14:00 - 25.04.2016 15:00","2798","2786"
"25.04.2016 15:00 - 25.04.2016 16:00","2647","2656"
"25.04.2016 16:00 - 25.04.2016 17:00","2624","2621"
"25.04.2016 17:00 - 25.04.2016 18:00","2753","2729"
"25.04.2016 18:00 - 25.04.2016 19:00","2567","2567"
"25.04.2016 19:00 - 25.04.2016 20:00","2466","2428"
"25.04.2016 20:00 - 25.04.2016 21:00","2342","2325"
"25.04.2016 21:00 - 25.04.2016 22:00","2326","2301"
"25.04.2016 22:00 - 25.04.2016 23:00","2169","2111"
"25.04.2016 23:00 - 26.04.2016 00:00","1946","1916"
"26.04.2016 00:00 - 26.04.2016 01:00","1796","1811"
"26.04.2016 01:00 - 26.04.2016 02:00","1770","1746"
"26.04.2016 02:00 - 26.04.2016 03:00","1744","1730"
"26.04.2016 03:00 - 26.04.2016 04:00","1746","1735"
"26.04.2016 04:00 - 26.04.2016 05:00","1777","1762"
"26.04.2016 05:00 - 26.04.2016 06:00","1909","1874"
"26.04.2016 06:00 - 26.04.2016 07:00","2253","2222"
"26.04.2016 07:00 - 26.04.2016 08:00","2596","2581"
"26.04.2016 08:00 - 26.04.2016 09:00","2755","2717"
"26.04.2016 09:00 - 26.04.2016 10:00","2725","2720"
"26.04.2016 10:00 - 26.04.2016 11:00","2811","2789"
"26.04.2016 11:00 - 26.04.2016 12:00","2783","2792"
"26.04.2016 12:00 - 26.04.2016 13:00","2716","2711"
"26.04.2016 13:00 - 26.04.2016 14:00","2715","2712"
"26.04.2016 14:00 - 26.04.2016 15:00","2645","2654"
"26.04.2016 15:00 - 26.04.2016 16:00","2561","2565"
"26.04.2016 16:00 - 26.04.2016 17:00","2495","2538"
"26.04.2016 17:00 - 26.04.2016 18:00","2689","2655"
"26.04.2016 18:00 - 26.04.2016 19:00","2591","2549"
"26.04.2016 19:00 - 26.04.2016 20:00","2414","2414"
"26.04.2016 20:00 - 26.04.2016 21:00","2301","2325"
"26.04.2016 21:00 - 26.04.2016 22:00","2271","2341"
"26.04.2016 22:00 - 26.04.2016 23:00","2079","2133"
"26.04.2016 23:00 - 27.04.2016 00:00","1862","1969"
"27.04.2016 00:00 - 27.04.2016 01:00","1817","1821"
"27.04.2016 01:00 - 27.04.2016 02:00","1755","1736"
"27.04.2016 02:00 - 27.04.2016 03:00","1718","1707"
"27.04.2016 03:00 - 27.04.2016 04:00","1737","1709"
"27.04.2016 04:00 - 27.04.2016 05:00","1778","1738"
"27.04.2016 05:00 - 27.04.2016 06:00","1910","1899"
"27.04.2016 06:00 - 27.04.2016 07:00","2261","2221"
"27.04.2016 07:00 - 27.04.2016 08:00","2638","2601"
"27.04.2016 08:00 - 27.04.2016 09:00","2733","2732"
"27.04.2016 09:00 - 27.04.2016 10:00","2760","2760"
"27.04.2016 10:00 - 27.04.2016 11:00","2819","2813"
"27.04.2016 11:00 - 27.04.2016 12:00","2808","2794"
"27.04.2016 12:00 - 27.04.2016 13:00","2716","2703"
"27.04.2016 13:00 - 27.04.2016 14:00","2713","2705"
"27.04.2016 14:00 - 27.04.2016 15:00","2655","2674"
"27.04.2016 15:00 - 27.04.2016 16:00","2530","2526"
"27.04.2016 16:00 - 27.04.2016 17:00","2486","2503"
"27.04.2016 17:00 - 27.04.2016 18:00","2643","2672"
"27.04.2016 18:00 - 27.04.2016 19:00","2586","2595"
"27.04.2016 19:00 - 27.04.2016 20:00","2438","2436"
"27.04.2016 20:00 - 27.04.2016 21:00","2331","2361"
"27.04.2016 21:00 - 27.04.2016 22:00","2289","2334"
"27.04.2016 22:00 - 27.04.2016 23:00","2117","2169"
"27.04.2016 23:00 - 28.04.2016 00:00","1911","1962"
"28.04.2016 00:00 - 28.04.2016 01:00","1835","1842"
"28.04.2016 01:00 - 28.04.2016 02:00","1788","1808"
"28.04.2016 02:00 - 28.04.2016 03:00","1781","1790"
"28.04.2016 03:00 - 28.04.2016 04:00","1788","1780"
"28.04.2016 04:00 - 28.04.2016 05:00","1839","1851"
"28.04.2016 05:00 - 28.04.2016 06:00","1978","1989"
"28.04.2016 06:00 - 28.04.2016 07:00","2328","2324"
"28.04.2016 07:00 - 28.04.2016 08:00","2713","2718"
"28.04.2016 08:00 - 28.04.2016 09:00","2841","2829"
"28.04.2016 09:00 - 28.04.2016 10:00","2866","2847"
"28.04.2016 10:00 - 28.04.2016 11:00","2908","2909"
"28.04.2016 11:00 - 28.04.2016 12:00","2899","2883"
"28.04.2016 12:00 - 28.04.2016 13:00","2775","2768"
"28.04.2016 13:00 - 28.04.2016 14:00","2789","2796"
"28.04.2016 14:00 - 28.04.2016 15:00","2778","2790"
"28.04.2016 15:00 - 28.04.2016 16:00","2608","2606"
"28.04.2016 16:00 - 28.04.2016 17:00","2529","2551"
"28.04.2016 17:00 - 28.04.2016 18:00","2645","2657"
"28.04.2016 18:00 - 28.04.2016 19:00","2554","2563"
"28.04.2016 19:00 - 28.04.2016 20:00","2441","2458"
"28.04.2016 20:00 - 28.04.2016 21:00","2363","2366"
"28.04.2016 21:00 - 28.04.2016 22:00","2359","2325"
"28.04.2016 22:00 - 28.04.2016 23:00","2227","2168"
"28.04.2016 23:00 - 29.04.2016 00:00","1995","1977"
"29.04.2016 00:00 - 29.04.2016 01:00","1833","1854"
"29.04.2016 01:00 - 29.04.2016 02:00","1786","1789"
"29.04.2016 02:00 - 29.04.2016 03:00","1777","1777"
"29.04.2016 03:00 - 29.04.2016 04:00","1786","1773"
"29.04.2016 04:00 - 29.04.2016 05:00","1837","1833"
"29.04.2016 05:00 - 29.04.2016 06:00","1953","1960"
"29.04.2016 06:00 - 29.04.2016 07:00","2211","2179"
"29.04.2016 07:00 - 29.04.2016 08:00","2410","2386"
"29.04.2016 08:00 - 29.04.2016 09:00","2528","2563"
"29.04.2016 09:00 - 29.04.2016 10:00","2654","2656"
"29.04.2016 10:00 - 29.04.2016 11:00","2659","2691"
"29.04.2016 11:00 - 29.04.2016 12:00","2676","2668"
"29.04.2016 12:00 - 29.04.2016 13:00","2578","2559"
"29.04.2016 13:00 - 29.04.2016 14:00","2486","2474"
"29.04.2016 14:00 - 29.04.2016 15:00","2383","2395"
"29.04.2016 15:00 - 29.04.2016 16:00","2306","2343"
"29.04.2016 16:00 - 29.04.2016 17:00","2323","2357"
"29.04.2016 17:00 - 29.04.2016 18:00","2497","2520"
"29.04.2016 18:00 - 29.04.2016 19:00","2477","2483"
"29.04.2016 19:00 - 29.04.2016 20:00","2332","2325"
"29.04.2016 20:00 - 29.04.2016 21:00","2172","2159"
"29.04.2016 21:00 - 29.04.2016 22:00","2168","2119"
"29.04.2016 22:00 - 29.04.2016 23:00","2060","1981"
"29.04.2016 23:00 - 30.04.2016 00:00","1884","1826"
"30.04.2016 00:00 - 30.04.2016 01:00","1713","1716"
"30.04.2016 01:00 - 30.04.2016 02:00","1635","1607"
"30.04.2016 02:00 - 30.04.2016 03:00","1577","1587"
"30.04.2016 03:00 - 30.04.2016 04:00","1581","1589"
"30.04.2016 04:00 - 30.04.2016 05:00","1604","1594"
"30.04.2016 05:00 - 30.04.2016 06:00","1631","1633"
"30.04.2016 06:00 - 30.04.2016 07:00","1739","1741"
"30.04.2016 07:00 - 30.04.2016 08:00","1923","1924"
"30.04.2016 08:00 - 30.04.2016 09:00","2124","2115"
"30.04.2016 09:00 - 30.04.2016 10:00","2220","2195"
"30.04.2016 10:00 - 30.04.2016 11:00","2230","2225"
"30.04.2016 11:00 - 30.04.2016 12:00","2192","2179"
"30.04.2016 12:00 - 30.04.2016 13:00","2116","2095"
"30.04.2016 13:00 - 30.04.2016 14:00","2010","2011"
"30.04.2016 14:00 - 30.04.2016 15:00","1968","1960"
"30.04.2016 15:00 - 30.04.2016 16:00","1960","1938"
"30.04.2016 16:00 - 30.04.2016 17:00","2023","2000"
"30.04.2016 17:00 - 30.04.2016 18:00","2188","2170"
"30.04.2016 18:00 - 30.04.2016 19:00","2180","2199"
"30.04.2016 19:00 - 30.04.2016 20:00","2016","2037"
"30.04.2016 20:00 - 30.04.2016 21:00","1939","1944"
"30.04.2016 21:00 - 30.04.2016 22:00","1931","1965"
"30.04.2016 22:00 - 30.04.2016 23:00","1830","1884"
"30.04.2016 23:00 - 01.05.2016 00:00","1682","1746"
"01.05.2016 00:00 - 01.05.2016 01:00","1649","1642"
"01.05.2016 01:00 - 01.05.2016 02:00","1574","1595"
"01.05.2016 02:00 - 01.05.2016 03:00","1551","1578"
"01.05.2016 03:00 - 01.05.2016 04:00","1553","1581"
"01.05.2016 04:00 - 01.05.2016 05:00","1587","1599"
"01.05.2016 05:00 - 01.05.2016 06:00","1603","1604"
"01.05.2016 06:00 - 01.05.2016 07:00","1671","1684"
"01.05.2016 07:00 - 01.05.2016 08:00","1842","1821"
"01.05.2016 08:00 - 01.05.2016 09:00","2014","1975"
"01.05.2016 09:00 - 01.05.2016 10:00","2088","2074"
"01.05.2016 10:00 - 01.05.2016 11:00","2121","2102"
"01.05.2016 11:00 - 01.05.2016 12:00","2104","2096"
"01.05.2016 12:00 - 01.05.2016 13:00","2056","2050"
"01.05.2016 13:00 - 01.05.2016 14:00","2017","1991"
"01.05.2016 14:00 - 01.05.2016 15:00","1962","1950"
"01.05.2016 15:00 - 01.05.2016 16:00","1929","1916"
"01.05.2016 16:00 - 01.05.2016 17:00","1968","1960"
"01.05.2016 17:00 - 01.05.2016 18:00","2145","2132"
"01.05.2016 18:00 - 01.05.2016 19:00","2144","2166"
"01.05.2016 19:00 - 01.05.2016 20:00","2080","2068"
"01.05.2016 20:00 - 01.05.2016 21:00","2012","1993"
"01.05.2016 21:00 - 01.05.2016 22:00","2005","2015"
"01.05.2016 22:00 - 01.05.2016 23:00","1930","1928"
"01.05.2016 23:00 - 02.05.2016 00:00","1790","1796"
"02.05.2016 00:00 - 02.05.2016 01:00","1701","1693"
"02.05.2016 01:00 - 02.05.2016 02:00","1660","1659"
"02.05.2016 02:00 - 02.05.2016 03:00","1652","1641"
"02.05.2016 03:00 - 02.05.2016 04:00","1660","1644"
"02.05.2016 04:00 - 02.05.2016 05:00","1699","1706"
"02.05.2016 05:00 - 02.05.2016 06:00","1800","1796"
"02.05.2016 06:00 - 02.05.2016 07:00","2171","2166"
"02.05.2016 07:00 - 02.05.2016 08:00","2558","2537"
"02.05.2016 08:00 - 02.05.2016 09:00","2707","2701"
"02.05.2016 09:00 - 02.05.2016 10:00","2702","2666"
"02.05.2016 10:00 - 02.05.2016 11:00","2731","2685"
"02.05.2016 11:00 - 02.05.2016 12:00","2696","2652"
"02.05.2016 12:00 - 02.05.2016 13:00","2587","2565"
"02.05.2016 13:00 - 02.05.2016 14:00","2593","2573"
"02.05.2016 14:00 - 02.05.2016 15:00","2548","2513"
"02.05.2016 15:00 - 02.05.2016 16:00","2378","2379"
"02.05.2016 16:00 - 02.05.2016 17:00","2363","2365"
"02.05.2016 17:00 - 02.05.2016 18:00","2510","2495"
"02.05.2016 18:00 - 02.05.2016 19:00","2471","2470"
"02.05.2016 19:00 - 02.05.2016 20:00","2322","2331"
"02.05.2016 20:00 - 02.05.2016 21:00","2242","2239"
"02.05.2016 21:00 - 02.05.2016 22:00","2211","2226"
"02.05.2016 22:00 - 02.05.2016 23:00","2074","2080"
"02.05.2016 23:00 - 03.05.2016 00:00","1863","1877"
"03.05.2016 00:00 - 03.05.2016 01:00","1750","1746"
"03.05.2016 01:00 - 03.05.2016 02:00","1700","1678"
"03.05.2016 02:00 - 03.05.2016 03:00","1676","1663"
"03.05.2016 03:00 - 03.05.2016 04:00","1674","1669"
"03.05.2016 04:00 - 03.05.2016 05:00","1714","1722"
"03.05.2016 05:00 - 03.05.2016 06:00","1823","1833"
"03.05.2016 06:00 - 03.05.2016 07:00","2172","2183"
"03.05.2016 07:00 - 03.05.2016 08:00","2574","2586"
"03.05.2016 08:00 - 03.05.2016 09:00","2753","2744"
"03.05.2016 09:00 - 03.05.2016 10:00","2763","2768"
"03.05.2016 10:00 - 03.05.2016 11:00","2829","2834"
"03.05.2016 11:00 - 03.05.2016 12:00","2822","2815"
"03.05.2016 12:00 - 03.05.2016 13:00","2742","2702"
"03.05.2016 13:00 - 03.05.2016 14:00","2737","2712"
"03.05.2016 14:00 - 03.05.2016 15:00","2624","2610"
"03.05.2016 15:00 - 03.05.2016 16:00","2477","2469"
"03.05.2016 16:00 - 03.05.2016 17:00","2420","2416"
"03.05.2016 17:00 - 03.05.2016 18:00","2530","2516"
"03.05.2016 18:00 - 03.05.2016 19:00","2441","2447"
"03.05.2016 19:00 - 03.05.2016 20:00","2339","2335"
"03.05.2016 20:00 - 03.05.2016 21:00","2240","2238"
"03.05.2016 21:00 - 03.05.2016 22:00","2203","2225"
"03.05.2016 22:00 - 03.05.2016 23:00","2086","2109"
"03.05.2016 23:00 - 04.05.2016 00:00","1892","1904"
"04.05.2016 00:00 - 04.05.2016 01:00","1758","1745"
"04.05.2016 01:00 - 04.05.2016 02:00","1700","1700"
"04.05.2016 02:00 - 04.05.2016 03:00","1695","1683"
"04.05.2016 03:00 - 04.05.2016 04:00","1708","1718"
"04.05.2016 04:00 - 04.05.2016 05:00","1778","1778"
"04.05.2016 05:00 - 04.05.2016 06:00","1888","1885"
"04.05.2016 06:00 - 04.05.2016 07:00","2201","2205"
"04.05.2016 07:00 - 04.05.2016 08:00","2567","2567"
"04.05.2016 08:00 - 04.05.2016 09:00","2726","2710"
"04.05.2016 09:00 - 04.05.2016 10:00","2727","2717"
"04.05.2016 10:00 - 04.05.2016 11:00","2779","2742"
"04.05.2016 11:00 - 04.05.2016 12:00","2745","2718"
"04.05.2016 12:00 - 04.05.2016 13:00","2658","2631"
"04.05.2016 13:00 - 04.05.2016 14:00","2687","2626"
"04.05.2016 14:00 - 04.05.2016 15:00","2608","2547"
"04.05.2016 15:00 - 04.05.2016 16:00","2429","2430"
"04.05.2016 16:00 - 04.05.2016 17:00","2378","2355"
"04.05.2016 17:00 - 04.05.2016 18:00","2391","2377"
"04.05.2016 18:00 - 04.05.2016 19:00","2372","2408"
"04.05.2016 19:00 - 04.05.2016 20:00","2289","2302"
"04.05.2016 20:00 - 04.05.2016 21:00","2194","2175"
"04.05.2016 21:00 - 04.05.2016 22:00","2160","2167"
"04.05.2016 22:00 - 04.05.2016 23:00","2062","2062"
"04.05.2016 23:00 - 05.05.2016 00:00","1885","1872"
"05.05.2016 00:00 - 05.05.2016 01:00","1730","1729"
"05.05.2016 01:00 - 05.05.2016 02:00","1645","1640"
"05.05.2016 02:00 - 05.05.2016 03:00","1595","1591"
"05.05.2016 03:00 - 05.05.2016 04:00","1573","1569"
"05.05.2016 04:00 - 05.05.2016 05:00","1573","1579"
"05.05.2016 05:00 - 05.05.2016 06:00","1587","1582"
"05.05.2016 06:00 - 05.05.2016 07:00","1679","1674"
"05.05.2016 07:00 - 05.05.2016 08:00","1865","1842"
"05.05.2016 08:00 - 05.05.2016 09:00","2043","2008"
"05.05.2016 09:00 - 05.05.2016 10:00","2084","2063"
"05.05.2016 10:00 - 05.05.2016 11:00","2102","2061"
"05.05.2016 11:00 - 05.05.2016 12:00","2053","2028"
"05.05.2016 12:00 - 05.05.2016 13:00","1987","1977"
"05.05.2016 13:00 - 05.05.2016 14:00","1935","1916"
"05.05.2016 14:00 - 05.05.2016 15:00","1880","1869"
"05.05.2016 15:00 - 05.05.2016 16:00","1844","1844"
"05.05.2016 16:00 - 05.05.2016 17:00","1904","1943"
"05.05.2016 17:00 - 05.05.2016 18:00","2127","2173"
"05.05.2016 18:00 - 05.05.2016 19:00","2214","2160"
"05.05.2016 19:00 - 05.05.2016 20:00","2013","1931"
"05.05.2016 20:00 - 05.05.2016 21:00","1865","1886"
"05.05.2016 21:00 - 05.05.2016 22:00","1817","1887"
"05.05.2016 22:00 - 05.05.2016 23:00","1790","1823"
"05.05.2016 23:00 - 06.05.2016 00:00","1666","1650"
"06.05.2016 00:00 - 06.05.2016 01:00","1546","1531"
"06.05.2016 01:00 - 06.05.2016 02:00","1452","1485"
"06.05.2016 02:00 - 06.05.2016 03:00","1452","1470"
"06.05.2016 03:00 - 06.05.2016 04:00","1464","1475"
"06.05.2016 04:00 - 06.05.2016 05:00","1485","1514"
"06.05.2016 05:00 - 06.05.2016 06:00","1535","1546"
"06.05.2016 06:00 - 06.05.2016 07:00","1706","1687"
"06.05.2016 07:00 - 06.05.2016 08:00","1928","1929"
"06.05.2016 08:00 - 06.05.2016 09:00","2147","2132"
"06.05.2016 09:00 - 06.05.2016 10:00","2216","2190"
"06.05.2016 10:00 - 06.05.2016 11:00","2226","2174"
"06.05.2016 11:00 - 06.05.2016 12:00","2162","2125"
"06.05.2016 12:00 - 06.05.2016 13:00","2058","2061"
"06.05.2016 13:00 - 06.05.2016 14:00","2022","2004"
"06.05.2016 14:00 - 06.05.2016 15:00","1971","1971"
"06.05.2016 15:00 - 06.05.2016 16:00","1948","1929"
"06.05.2016 16:00 - 06.05.2016 17:00","1938","1929"
"06.05.2016 17:00 - 06.05.2016 18:00","2032","2050"
"06.05.2016 18:00 - 06.05.2016 19:00","2034","2045"
"06.05.2016 19:00 - 06.05.2016 20:00","1924","1948"
"06.05.2016 20:00 - 06.05.2016 21:00","1838","1849"
"06.05.2016 21:00 - 06.05.2016 22:00","1777","1825"
"06.05.2016 22:00 - 06.05.2016 23:00","1747","1722"
"06.05.2016 23:00 - 07.05.2016 00:00","1630","1599"
"07.05.2016 00:00 - 07.05.2016 01:00","1494","1467"
"07.05.2016 01:00 - 07.05.2016 02:00","1422","1420"
"07.05.2016 02:00 - 07.05.2016 03:00","1395","1390"
"07.05.2016 03:00 - 07.05.2016 04:00","1386","1396"
"07.05.2016 04:00 - 07.05.2016 05:00","1408","1413"
"07.05.2016 05:00 - 07.05.2016 06:00","1410","1412"
"07.05.2016 06:00 - 07.05.2016 07:00","1504","1498"
"07.05.2016 07:00 - 07.05.2016 08:00","1655","1673"
"07.05.2016 08:00 - 07.05.2016 09:00","1825","1828"
"07.05.2016 09:00 - 07.05.2016 10:00","1937","1941"
"07.05.2016 10:00 - 07.05.2016 11:00","1983","1959"
"07.05.2016 11:00 - 07.05.2016 12:00","1924","1905"
"07.05.2016 12:00 - 07.05.2016 13:00","1858","1843"
"07.05.2016 13:00 - 07.05.2016 14:00","1812","1792"
"07.05.2016 14:00 - 07.05.2016 15:00","1765","1754"
"07.05.2016 15:00 - 07.05.2016 16:00","1728","1713"
"07.05.2016 16:00 - 07.05.2016 17:00","1749","1734"
"07.05.2016 17:00 - 07.05.2016 18:00","1873","1857"
"07.05.2016 18:00 - 07.05.2016 19:00","1862","1858"
"07.05.2016 19:00 - 07.05.2016 20:00","1803","1855"
"07.05.2016 20:00 - 07.05.2016 21:00","1739","1701"
"07.05.2016 21:00 - 07.05.2016 22:00","1667","1702"
"07.05.2016 22:00 - 07.05.2016 23:00","1605","1641"
"07.05.2016 23:00 - 08.05.2016 00:00","1499","1537"
"08.05.2016 00:00 - 08.05.2016 01:00","1440","1455"
"08.05.2016 01:00 - 08.05.2016 02:00","1364","1379"
"08.05.2016 02:00 - 08.05.2016 03:00","1337","1361"
"08.05.2016 03:00 - 08.05.2016 04:00","1345","1360"
"08.05.2016 04:00 - 08.05.2016 05:00","1366","1400"
"08.05.2016 05:00 - 08.05.2016 06:00","1385","1419"
"08.05.2016 06:00 - 08.05.2016 07:00","1479","1481"
"08.05.2016 07:00 - 08.05.2016 08:00","1589","1584"
"08.05.2016 08:00 - 08.05.2016 09:00","1754","1767"
"08.05.2016 09:00 - 08.05.2016 10:00","1858","1861"
"08.05.2016 10:00 - 08.05.2016 11:00","1887","1877"
"08.05.2016 11:00 - 08.05.2016 12:00","1856","1854"
"08.05.2016 12:00 - 08.05.2016 13:00","1801","1808"
"08.05.2016 13:00 - 08.05.2016 14:00","1757","1767"
"08.05.2016 14:00 - 08.05.2016 15:00","1719","1740"
"08.05.2016 15:00 - 08.05.2016 16:00","1714","1718"
"08.05.2016 16:00 - 08.05.2016 17:00","1751","1778"
"08.05.2016 17:00 - 08.05.2016 18:00","1927","1935"
"08.05.2016 18:00 - 08.05.2016 19:00","1934","1950"
"08.05.2016 19:00 - 08.05.2016 20:00","1874","1862"
"08.05.2016 20:00 - 08.05.2016 21:00","1801","1804"
"08.05.2016 21:00 - 08.05.2016 22:00","1793","1803"
"08.05.2016 22:00 - 08.05.2016 23:00","1744","1740"
"08.05.2016 23:00 - 09.05.2016 00:00","1620","1598"
"09.05.2016 00:00 - 09.05.2016 01:00","1518","1532"
"09.05.2016 01:00 - 09.05.2016 02:00","1492","1475"
"09.05.2016 02:00 - 09.05.2016 03:00","1470","1460"
"09.05.2016 03:00 - 09.05.2016 04:00","1495","1487"
"09.05.2016 04:00 - 09.05.2016 05:00","1545","1512"
"09.05.2016 05:00 - 09.05.2016 06:00","1624","1620"
"09.05.2016 06:00 - 09.05.2016 07:00","1956","1982"
"09.05.2016 07:00 - 09.05.2016 08:00","2364","2388"
"09.05.2016 08:00 - 09.05.2016 09:00","2561","2567"
"09.05.2016 09:00 - 09.05.2016 10:00","2572","2581"
"09.05.2016 10:00 - 09.05.2016 11:00","2615","2599"
"09.05.2016 11:00 - 09.05.2016 12:00","2585","2584"
"09.05.2016 12:00 - 09.05.2016 13:00","2527","2524"
"09.05.2016 13:00 - 09.05.2016 14:00","2547","2549"
"09.05.2016 14:00 - 09.05.2016 15:00","2496","2494"
"09.05.2016 15:00 - 09.05.2016 16:00","2361","2390"
"09.05.2016 16:00 - 09.05.2016 17:00","2325","2322"
"09.05.2016 17:00 - 09.05.2016 18:00","2421","2403"
"09.05.2016 18:00 - 09.05.2016 19:00","2335","2356"
"09.05.2016 19:00 - 09.05.2016 20:00","2259","2268"
"09.05.2016 20:00 - 09.05.2016 21:00","2176","2154"
"09.05.2016 21:00 - 09.05.2016 22:00","2149","2100"
"09.05.2016 22:00 - 09.05.2016 23:00","2068","2031"
"09.05.2016 23:00 - 10.05.2016 00:00","1856","1832"
"10.05.2016 00:00 - 10.05.2016 01:00","1694","1710"
"10.05.2016 01:00 - 10.05.2016 02:00","1674","1684"
"10.05.2016 02:00 - 10.05.2016 03:00","1627","1633"
"10.05.2016 03:00 - 10.05.2016 04:00","1625","1626"
"10.05.2016 04:00 - 10.05.2016 05:00","1663","1650"
"10.05.2016 05:00 - 10.05.2016 06:00","1738","1733"
"10.05.2016 06:00 - 10.05.2016 07:00","2060","2131"
"10.05.2016 07:00 - 10.05.2016 08:00","2447","2456"
"10.05.2016 08:00 - 10.05.2016 09:00","2610","2613"
"10.05.2016 09:00 - 10.05.2016 10:00","2632","2622"
"10.05.2016 10:00 - 10.05.2016 11:00","2665","2663"
"10.05.2016 11:00 - 10.05.2016 12:00","2682","2681"
"10.05.2016 12:00 - 10.05.2016 13:00","2593","2599"
"10.05.2016 13:00 - 10.05.2016 14:00","2609","2617"
"10.05.2016 14:00 - 10.05.2016 15:00","2564","2568"
"10.05.2016 15:00 - 10.05.2016 16:00","2443","2431"
"10.05.2016 16:00 - 10.05.2016 17:00","2375","2364"
"10.05.2016 17:00 - 10.05.2016 18:00","2469","2467"
"10.05.2016 18:00 - 10.05.2016 19:00","2385","2387"
"10.05.2016 19:00 - 10.05.2016 20:00","2290","2274"
"10.05.2016 20:00 - 10.05.2016 21:00","2194","2182"
"10.05.2016 21:00 - 10.05.2016 22:00","2149","2118"
"10.05.2016 22:00 - 10.05.2016 23:00","2033","2045"
"10.05.2016 23:00 - 11.05.2016 00:00","1832","1859"
"11.05.2016 00:00 - 11.05.2016 01:00","1706","1752"
"11.05.2016 01:00 - 11.05.2016 02:00","1650","1652"
"11.05.2016 02:00 - 11.05.2016 03:00","1613","1650"
"11.05.2016 03:00 - 11.05.2016 04:00","1620","1619"
"11.05.2016 04:00 - 11.05.2016 05:00","1655","1649"
"11.05.2016 05:00 - 11.05.2016 06:00","1736","1720"
"11.05.2016 06:00 - 11.05.2016 07:00","2058","2086"
"11.05.2016 07:00 - 11.05.2016 08:00","2460","2457"
"11.05.2016 08:00 - 11.05.2016 09:00","2597","2582"
"11.05.2016 09:00 - 11.05.2016 10:00","2607","2601"
"11.05.2016 10:00 - 11.05.2016 11:00","2661","2642"
"11.05.2016 11:00 - 11.05.2016 12:00","2609","2622"
"11.05.2016 12:00 - 11.05.2016 13:00","2549","2546"
"11.05.2016 13:00 - 11.05.2016 14:00","2554","2560"
"11.05.2016 14:00 - 11.05.2016 15:00","2519","2519"
"11.05.2016 15:00 - 11.05.2016 16:00","2410","2392"
"11.05.2016 16:00 - 11.05.2016 17:00","2345","2349"
"11.05.2016 17:00 - 11.05.2016 18:00","2437","2435"
"11.05.2016 18:00 - 11.05.2016 19:00","2369","2398"
"11.05.2016 19:00 - 11.05.2016 20:00","2340","2326"
"11.05.2016 20:00 - 11.05.2016 21:00","2223","2220"
"11.05.2016 21:00 - 11.05.2016 22:00","2153","2136"
"11.05.2016 22:00 - 11.05.2016 23:00","2033","2039"
"11.05.2016 23:00 - 12.05.2016 00:00","1824","1837"
"12.05.2016 00:00 - 12.05.2016 01:00","1699","1696"
"12.05.2016 01:00 - 12.05.2016 02:00","1636","1632"
"12.05.2016 02:00 - 12.05.2016 03:00","1585","1598"
"12.05.2016 03:00 - 12.05.2016 04:00","1588","1597"
"12.05.2016 04:00 - 12.05.2016 05:00","1636","1626"
"12.05.2016 05:00 - 12.05.2016 06:00","1720","1707"
"12.05.2016 06:00 - 12.05.2016 07:00","2062","2036"
"12.05.2016 07:00 - 12.05.2016 08:00","2429","2403"
"12.05.2016 08:00 - 12.05.2016 09:00","2590","2556"
"12.05.2016 09:00 - 12.05.2016 10:00","2612","2602"
"12.05.2016 10:00 - 12.05.2016 11:00","2654","2653"
"12.05.2016 11:00 - 12.05.2016 12:00","2638","2639"
"12.05.2016 12:00 - 12.05.2016 13:00","2584","2605"
"12.05.2016 13:00 - 12.05.2016 14:00","2608","2623"
"12.05.2016 14:00 - 12.05.2016 15:00","2547","2548"
"12.05.2016 15:00 - 12.05.2016 16:00","2432","2426"
"12.05.2016 16:00 - 12.05.2016 17:00","2406","2386"
"12.05.2016 17:00 - 12.05.2016 18:00","2508","2480"
"12.05.2016 18:00 - 12.05.2016 19:00","2425","2434"
"12.05.2016 19:00 - 12.05.2016 20:00","2314","2338"
"12.05.2016 20:00 - 12.05.2016 21:00","2207","2242"
"12.05.2016 21:00 - 12.05.2016 22:00","2130","2188"
"12.05.2016 22:00 - 12.05.2016 23:00","2003","2121"
"12.05.2016 23:00 - 13.05.2016 00:00","1796","1923"
"13.05.2016 00:00 - 13.05.2016 01:00","1764","1770"
"13.05.2016 01:00 - 13.05.2016 02:00","1687","1703"
"13.05.2016 02:00 - 13.05.2016 03:00","1661","1664"
"13.05.2016 03:00 - 13.05.2016 04:00","1647","1647"
"13.05.2016 04:00 - 13.05.2016 05:00","1676","1681"
"13.05.2016 05:00 - 13.05.2016 06:00","1745","1750"
"13.05.2016 06:00 - 13.05.2016 07:00","2070","2076"
"13.05.2016 07:00 - 13.05.2016 08:00","2454","2452"
"13.05.2016 08:00 - 13.05.2016 09:00","2597","2607"
"13.05.2016 09:00 - 13.05.2016 10:00","2610","2610"
"13.05.2016 10:00 - 13.05.2016 11:00","2648","2634"
"13.05.2016 11:00 - 13.05.2016 12:00","2583","2558"
"13.05.2016 12:00 - 13.05.2016 13:00","2444","2433"
"13.05.2016 13:00 - 13.05.2016 14:00","2383","2387"
"13.05.2016 14:00 - 13.05.2016 15:00","2270","2267"
"13.05.2016 15:00 - 13.05.2016 16:00","2178","2190"
"13.05.2016 16:00 - 13.05.2016 17:00","2176","2176"
"13.05.2016 17:00 - 13.05.2016 18:00","2259","2250"
"13.05.2016 18:00 - 13.05.2016 19:00","2204","2212"
"13.05.2016 19:00 - 13.05.2016 20:00","2078","2114"
"13.05.2016 20:00 - 13.05.2016 21:00","1982","1986"
"13.05.2016 21:00 - 13.05.2016 22:00","1932","1937"
"13.05.2016 22:00 - 13.05.2016 23:00","1866","1881"
"13.05.2016 23:00 - 14.05.2016 00:00","1702","1718"
"14.05.2016 00:00 - 14.05.2016 01:00","1578","1594"
"14.05.2016 01:00 - 14.05.2016 02:00","1530","1530"
"14.05.2016 02:00 - 14.05.2016 03:00","1496","1493"
"14.05.2016 03:00 - 14.05.2016 04:00","1492","1492"
"14.05.2016 04:00 - 14.05.2016 05:00","1495","1504"
"14.05.2016 05:00 - 14.05.2016 06:00","1490","1494"
"14.05.2016 06:00 - 14.05.2016 07:00","1573","1573"
"14.05.2016 07:00 - 14.05.2016 08:00","1777","1742"
"14.05.2016 08:00 - 14.05.2016 09:00","1921","1905"
"14.05.2016 09:00 - 14.05.2016 10:00","2006","1980"
"14.05.2016 10:00 - 14.05.2016 11:00","2009","1972"
"14.05.2016 11:00 - 14.05.2016 12:00","1981","1973"
"14.05.2016 12:00 - 14.05.2016 13:00","1911","1894"
"14.05.2016 13:00 - 14.05.2016 14:00","1851","1853"
"14.05.2016 14:00 - 14.05.2016 15:00","1868","1860"
"14.05.2016 15:00 - 14.05.2016 16:00","1840","1835"
"14.05.2016 16:00 - 14.05.2016 17:00","1890","1894"
"14.05.2016 17:00 - 14.05.2016 18:00","2032","2024"
"14.05.2016 18:00 - 14.05.2016 19:00","2015","2008"
"14.05.2016 19:00 - 14.05.2016 20:00","1883","1886"
"14.05.2016 20:00 - 14.05.2016 21:00","1787","1761"
"14.05.2016 21:00 - 14.05.2016 22:00","1756","1754"
"14.05.2016 22:00 - 14.05.2016 23:00","1722","1756"
"14.05.2016 23:00 - 15.05.2016 00:00","1629","1655"
"15.05.2016 00:00 - 15.05.2016 01:00","1552","1530"
"15.05.2016 01:00 - 15.05.2016 02:00","1460","1470"
"15.05.2016 02:00 - 15.05.2016 03:00","1439","1458"
"15.05.2016 03:00 - 15.05.2016 04:00","1466","1465"
"15.05.2016 04:00 - 15.05.2016 05:00","1446","1454"
"15.05.2016 05:00 - 15.05.2016 06:00","1430","1414"
"15.05.2016 06:00 - 15.05.2016 07:00","1477","1498"
"15.05.2016 07:00 - 15.05.2016 08:00","1632","1638"
"15.05.2016 08:00 - 15.05.2016 09:00","1802","1774"
"15.05.2016 09:00 - 15.05.2016 10:00","1870","1856"
"15.05.2016 10:00 - 15.05.2016 11:00","1891","1880"
"15.05.2016 11:00 - 15.05.2016 12:00","1868","1848"
"15.05.2016 12:00 - 15.05.2016 13:00","1899","1902"
"15.05.2016 13:00 - 15.05.2016 14:00","1904","1898"
"15.05.2016 14:00 - 15.05.2016 15:00","1791","1808"
"15.05.2016 15:00 - 15.05.2016 16:00","1794","1795"
"15.05.2016 16:00 - 15.05.2016 17:00","1800","1813"
"15.05.2016 17:00 - 15.05.2016 18:00","1960","1976"
"15.05.2016 18:00 - 15.05.2016 19:00","1998","1988"
"15.05.2016 19:00 - 15.05.2016 20:00","1867","1869"
"15.05.2016 20:00 - 15.05.2016 21:00","1818","1812"
"15.05.2016 21:00 - 15.05.2016 22:00","1767","1770"
"15.05.2016 22:00 - 15.05.2016 23:00","1746","1746"
"15.05.2016 23:00 - 16.05.2016 00:00","1655","1670"
"16.05.2016 00:00 - 16.05.2016 01:00","1552","1501"
"16.05.2016 01:00 - 16.05.2016 02:00","1437","1434"
"16.05.2016 02:00 - 16.05.2016 03:00","1407","1416"
"16.05.2016 03:00 - 16.05.2016 04:00","1412","1420"
"16.05.2016 04:00 - 16.05.2016 05:00","1403","1433"
"16.05.2016 05:00 - 16.05.2016 06:00","1420","1429"
"16.05.2016 06:00 - 16.05.2016 07:00","1507","1508"
"16.05.2016 07:00 - 16.05.2016 08:00","1663","1645"
"16.05.2016 08:00 - 16.05.2016 09:00","1841","1835"
"16.05.2016 09:00 - 16.05.2016 10:00","1959","1941"
"16.05.2016 10:00 - 16.05.2016 11:00","2001","1953"
"16.05.2016 11:00 - 16.05.2016 12:00","1983","1940"
"16.05.2016 12:00 - 16.05.2016 13:00","1913","1901"
"16.05.2016 13:00 - 16.05.2016 14:00","1887","1848"
"16.05.2016 14:00 - 16.05.2016 15:00","1833","1818"
"16.05.2016 15:00 - 16.05.2016 16:00","1821","1805"
"16.05.2016 16:00 - 16.05.2016 17:00","1831","1833"
"16.05.2016 17:00 - 16.05.2016 18:00","2007","1982"
"16.05.2016 18:00 - 16.05.2016 19:00","1989","1961"
"16.05.2016 19:00 - 16.05.2016 20:00","1878","1867"
"16.05.2016 20:00 - 16.05.2016 21:00","1781","1759"
"16.05.2016 21:00 - 16.05.2016 22:00","1728","1719"
"16.05.2016 22:00 - 16.05.2016 23:00","1740","1697"
"16.05.2016 23:00 - 17.05.2016 00:00","1681","1580"
"17.05.2016 00:00 - 17.05.2016 01:00","1529","1478"
"17.05.2016 01:00 - 17.05.2016 02:00","1458","1432"
"17.05.2016 02:00 - 17.05.2016 03:00","1442","1410"
"17.05.2016 03:00 - 17.05.2016 04:00","1456","1445"
"17.05.2016 04:00 - 17.05.2016 05:00","1501","1494"
"17.05.2016 05:00 - 17.05.2016 06:00","1601","1592"
"17.05.2016 06:00 - 17.05.2016 07:00","2048","1970"
"17.05.2016 07:00 - 17.05.2016 08:00","2419","2290"
"17.05.2016 08:00 - 17.05.2016 09:00","2515","2498"
"17.05.2016 09:00 - 17.05.2016 10:00","2544","2492"
"17.05.2016 10:00 - 17.05.2016 11:00","2566","2506"
"17.05.2016 11:00 - 17.05.2016 12:00","2536","2505"
"17.05.2016 12:00 - 17.05.2016 13:00","2423","2367"
"17.05.2016 13:00 - 17.05.2016 14:00","2428","2384"
"17.05.2016 14:00 - 17.05.2016 15:00","2438","2468"
"17.05.2016 15:00 - 17.05.2016 16:00","2366","2395"
"17.05.2016 16:00 - 17.05.2016 17:00","2355","2384"
"17.05.2016 17:00 - 17.05.2016 18:00","2408","2394"
"17.05.2016 18:00 - 17.05.2016 19:00","2314","2337"
"17.05.2016 19:00 - 17.05.2016 20:00","2209","2278"
"17.05.2016 20:00 - 17.05.2016 21:00","2116","2183"
"17.05.2016 21:00 - 17.05.2016 22:00","1986","2104"
"17.05.2016 22:00 - 17.05.2016 23:00","1849","1974"
"17.05.2016 23:00 - 18.05.2016 00:00","1657","1710"
"18.05.2016 00:00 - 18.05.2016 01:00","1673","1711"
"18.05.2016 01:00 - 18.05.2016 02:00","1676","1690"
"18.05.2016 02:00 - 18.05.2016 03:00","1666","1664"
"18.05.2016 03:00 - 18.05.2016 04:00","1654","1660"
"18.05.2016 04:00 - 18.05.2016 05:00","1649","1656"
"18.05.2016 05:00 - 18.05.2016 06:00","1738","1760"
"18.05.2016 06:00 - 18.05.2016 07:00","2130","2119"
"18.05.2016 07:00 - 18.05.2016 08:00","2510","2500"
"18.05.2016 08:00 - 18.05.2016 09:00","2652","2635"
"18.05.2016 09:00 - 18.05.2016 10:00","2638","2620"
"18.05.2016 10:00 - 18.05.2016 11:00","2703","2697"
"18.05.2016 11:00 - 18.05.2016 12:00","2693","2694"
"18.05.2016 12:00 - 18.05.2016 13:00","2615","2623"
"18.05.2016 13:00 - 18.05.2016 14:00","2641","2653"
"18.05.2016 14:00 - 18.05.2016 15:00","2590","2591"
"18.05.2016 15:00 - 18.05.2016 16:00","2467","2474"
"18.05.2016 16:00 - 18.05.2016 17:00","2421","2434"
"18.05.2016 17:00 - 18.05.2016 18:00","2544","2575"
"18.05.2016 18:00 - 18.05.2016 19:00","2489","2511"
"18.05.2016 19:00 - 18.05.2016 20:00","2378","2386"
"18.05.2016 20:00 - 18.05.2016 21:00","2265","2281"
"18.05.2016 21:00 - 18.05.2016 22:00","2195","2196"
"18.05.2016 22:00 - 18.05.2016 23:00","2119","2119"
"18.05.2016 23:00 - 19.05.2016 00:00","1898","1942"
"19.05.2016 00:00 - 19.05.2016 01:00","1786","1796"
"19.05.2016 01:00 - 19.05.2016 02:00","1707","1714"
"19.05.2016 02:00 - 19.05.2016 03:00","1672","1684"
"19.05.2016 03:00 - 19.05.2016 04:00","1676","1694"
"19.05.2016 04:00 - 19.05.2016 05:00","1717","1729"
"19.05.2016 05:00 - 19.05.2016 06:00","1816","1827"
"19.05.2016 06:00 - 19.05.2016 07:00","2154","2195"
"19.05.2016 07:00 - 19.05.2016 08:00","2539","2556"
"19.05.2016 08:00 - 19.05.2016 09:00","2703","2715"
"19.05.2016 09:00 - 19.05.2016 10:00","2720","2699"
"19.05.2016 10:00 - 19.05.2016 11:00","2767","2741"
"19.05.2016 11:00 - 19.05.2016 12:00","2732","2735"
"19.05.2016 12:00 - 19.05.2016 13:00","2680","2686"
"19.05.2016 13:00 - 19.05.2016 14:00","2718","2704"
"19.05.2016 14:00 - 19.05.2016 15:00","2654","2662"
"19.05.2016 15:00 - 19.05.2016 16:00","2532","2538"
"19.05.2016 16:00 - 19.05.2016 17:00","2456","2464"
"19.05.2016 17:00 - 19.05.2016 18:00","2540","2571"
"19.05.2016 18:00 - 19.05.2016 19:00","2483","2498"
"19.05.2016 19:00 - 19.05.2016 20:00","2377","2372"
"19.05.2016 20:00 - 19.05.2016 21:00","2308","2262"
"19.05.2016 21:00 - 19.05.2016 22:00","2243","2179"
"19.05.2016 22:00 - 19.05.2016 23:00","2187","2078"
"19.05.2016 23:00 - 20.05.2016 00:00","1968","1902"
"20.05.2016 00:00 - 20.05.2016 01:00","1745","1749"
"20.05.2016 01:00 - 20.05.2016 02:00","1675","1677"
"20.05.2016 02:00 - 20.05.2016 03:00","1643","1664"
"20.05.2016 03:00 - 20.05.2016 04:00","1661","1677"
"20.05.2016 04:00 - 20.05.2016 05:00","1704","1712"
"20.05.2016 05:00 - 20.05.2016 06:00","1785","1792"
"20.05.2016 06:00 - 20.05.2016 07:00","2105","2122"
"20.05.2016 07:00 - 20.05.2016 08:00","2529","2529"
"20.05.2016 08:00 - 20.05.2016 09:00","2671","2674"
"20.05.2016 09:00 - 20.05.2016 10:00","2674","2680"
"20.05.2016 10:00 - 20.05.2016 11:00","2760","2765"
"20.05.2016 11:00 - 20.05.2016 12:00","2718","2708"
"20.05.2016 12:00 - 20.05.2016 13:00","2603","2604"
"20.05.2016 13:00 - 20.05.2016 14:00","2522","2479"
"20.05.2016 14:00 - 20.05.2016 15:00","2363","2330"
"20.05.2016 15:00 - 20.05.2016 16:00","2218","2247"
"20.05.2016 16:00 - 20.05.2016 17:00","2228","2226"
"20.05.2016 17:00 - 20.05.2016 18:00","2327","2306"
"20.05.2016 18:00 - 20.05.2016 19:00","2277","2261"
"20.05.2016 19:00 - 20.05.2016 20:00","2119","2136"
"20.05.2016 20:00 - 20.05.2016 21:00","2009","2026"
"20.05.2016 21:00 - 20.05.2016 22:00","1973","1947"
"20.05.2016 22:00 - 20.05.2016 23:00","1942","1907"
"20.05.2016 23:00 - 21.05.2016 00:00","1793","1784"
"21.05.2016 00:00 - 21.05.2016 01:00","1645","1646"
"21.05.2016 01:00 - 21.05.2016 02:00","1566","1578"
"21.05.2016 02:00 - 21.05.2016 03:00","1519","1531"
"21.05.2016 03:00 - 21.05.2016 04:00","1501","1509"
"21.05.2016 04:00 - 21.05.2016 05:00","1495","1505"
"21.05.2016 05:00 - 21.05.2016 06:00","1511","1510"
"21.05.2016 06:00 - 21.05.2016 07:00","1616","1623"
"21.05.2016 07:00 - 21.05.2016 08:00","1790","1791"
"21.05.2016 08:00 - 21.05.2016 09:00","1979","1973"
"21.05.2016 09:00 - 21.05.2016 10:00","2071","2053"
"21.05.2016 10:00 - 21.05.2016 11:00","2082","2092"
"21.05.2016 11:00 - 21.05.2016 12:00","2074","2075"
"21.05.2016 12:00 - 21.05.2016 13:00","2006","1997"
"21.05.2016 13:00 - 21.05.2016 14:00","1945","1977"
"21.05.2016 14:00 - 21.05.2016 15:00","1925","1938"
"21.05.2016 15:00 - 21.05.2016 16:00","1905","1920"
"21.05.2016 16:00 - 21.05.2016 17:00","1948","1956"
"21.05.2016 17:00 - 21.05.2016 18:00","2072","2132"
"21.05.2016 18:00 - 21.05.2016 19:00","2094","2130"
"21.05.2016 19:00 - 21.05.2016 20:00","1988","1987"
"21.05.2016 20:00 - 21.05.2016 21:00","1900","1906"
"21.05.2016 21:00 - 21.05.2016 22:00","1838","1846"
"21.05.2016 22:00 - 21.05.2016 23:00","1807","1777"
"21.05.2016 23:00 - 22.05.2016 00:00","1678","1632"
"22.05.2016 00:00 - 22.05.2016 01:00","1517","1542"
"22.05.2016 01:00 - 22.05.2016 02:00","1470","1472"
"22.05.2016 02:00 - 22.05.2016 03:00","1431","1433"
"22.05.2016 03:00 - 22.05.2016 04:00","1407","1417"
"22.05.2016 04:00 - 22.05.2016 05:00","1393","1390"
"22.05.2016 05:00 - 22.05.2016 06:00","1384","1393"
"22.05.2016 06:00 - 22.05.2016 07:00","1471","1463"
"22.05.2016 07:00 - 22.05.2016 08:00","1615","1612"
"22.05.2016 08:00 - 22.05.2016 09:00","1769","1788"
"22.05.2016 09:00 - 22.05.2016 10:00","1904","1909"
"22.05.2016 10:00 - 22.05.2016 11:00","1965","1962"
"22.05.2016 11:00 - 22.05.2016 12:00","1972","1948"
"22.05.2016 12:00 - 22.05.2016 13:00","1951","1917"
"22.05.2016 13:00 - 22.05.2016 14:00","1879","1891"
"22.05.2016 14:00 - 22.05.2016 15:00","1864","1850"
"22.05.2016 15:00 - 22.05.2016 16:00","1844","1814"
"22.05.2016 16:00 - 22.05.2016 17:00","1852","1861"
"22.05.2016 17:00 - 22.05.2016 18:00","2018","2041"
"22.05.2016 18:00 - 22.05.2016 19:00","2031","2074"
"22.05.2016 19:00 - 22.05.2016 20:00","1984","2045"
"22.05.2016 20:00 - 22.05.2016 21:00","1953","1968"
"22.05.2016 21:00 - 22.05.2016 22:00","1901","1911"
"22.05.2016 22:00 - 22.05.2016 23:00","1847","1852"
"22.05.2016 23:00 - 23.05.2016 00:00","1702","1758"
"23.05.2016 00:00 - 23.05.2016 01:00","1646","1680"
"23.05.2016 01:00 - 23.05.2016 02:00","1626","1639"
"23.05.2016 02:00 - 23.05.2016 03:00","1607","1608"
"23.05.2016 03:00 - 23.05.2016 04:00","1611","1597"
"23.05.2016 04:00 - 23.05.2016 05:00","1611","1620"
"23.05.2016 05:00 - 23.05.2016 06:00","1715","1726"
"23.05.2016 06:00 - 23.05.2016 07:00","2075","2079"
"23.05.2016 07:00 - 23.05.2016 08:00","2476","2490"
"23.05.2016 08:00 - 23.05.2016 09:00","2658","2688"
"23.05.2016 09:00 - 23.05.2016 10:00","2704","2716"
"23.05.2016 10:00 - 23.05.2016 11:00","2778","2789"
"23.05.2016 11:00 - 23.05.2016 12:00","2793","2777"
"23.05.2016 12:00 - 23.05.2016 13:00","2710","2722"
"23.05.2016 13:00 - 23.05.2016 14:00","2746","2758"
"23.05.2016 14:00 - 23.05.2016 15:00","2695","2665"
"23.05.2016 15:00 - 23.05.2016 16:00","2546","2532"
"23.05.2016 16:00 - 23.05.2016 17:00","2473","2484"
"23.05.2016 17:00 - 23.05.2016 18:00","2595","2619"
"23.05.2016 18:00 - 23.05.2016 19:00","2544","2539"
"23.05.2016 19:00 - 23.05.2016 20:00","2401","2378"
"23.05.2016 20:00 - 23.05.2016 21:00","2266","2255"
"23.05.2016 21:00 - 23.05.2016 22:00","2170","2155"
"23.05.2016 22:00 - 23.05.2016 23:00","2095","2064"
"23.05.2016 23:00 - 24.05.2016 00:00","1908","1882"
"24.05.2016 00:00 - 24.05.2016 01:00","1731","1760"
"24.05.2016 01:00 - 24.05.2016 02:00","1685","1701"
"24.05.2016 02:00 - 24.05.2016 03:00","1665","1680"
"24.05.2016 03:00 - 24.05.2016 04:00","1676","1695"
"24.05.2016 04:00 - 24.05.2016 05:00","1705","1717"
"24.05.2016 05:00 - 24.05.2016 06:00","1818","1812"
"24.05.2016 06:00 - 24.05.2016 07:00","2125","2149"
"24.05.2016 07:00 - 24.05.2016 08:00","2532","2522"
"24.05.2016 08:00 - 24.05.2016 09:00","2706","2665"
"24.05.2016 09:00 - 24.05.2016 10:00","2697","2656"
"24.05.2016 10:00 - 24.05.2016 11:00","2753","2751"
"24.05.2016 11:00 - 24.05.2016 12:00","2758","2732"
"24.05.2016 12:00 - 24.05.2016 13:00","2680","2696"
"24.05.2016 13:00 - 24.05.2016 14:00","2693","2685"
"24.05.2016 14:00 - 24.05.2016 15:00","2618","2612"
"24.05.2016 15:00 - 24.05.2016 16:00","2487","2487"
"24.05.2016 16:00 - 24.05.2016 17:00","2438","2442"
"24.05.2016 17:00 - 24.05.2016 18:00","2533","2564"
"24.05.2016 18:00 - 24.05.2016 19:00","2453","2467"
"24.05.2016 19:00 - 24.05.2016 20:00","2342","2350"
"24.05.2016 20:00 - 24.05.2016 21:00","2237","2235"
"24.05.2016 21:00 - 24.05.2016 22:00","2156","2134"
"24.05.2016 22:00 - 24.05.2016 23:00","2103","2041"
"24.05.2016 23:00 - 25.05.2016 00:00","1908","1850"
"25.05.2016 00:00 - 25.05.2016 01:00","1711","1702"
"25.05.2016 01:00 - 25.05.2016 02:00","1646","1621"
"25.05.2016 02:00 - 25.05.2016 03:00","1598","1569"
"25.05.2016 03:00 - 25.05.2016 04:00","1571","1582"
"25.05.2016 04:00 - 25.05.2016 05:00","1594","1641"
"25.05.2016 05:00 - 25.05.2016 06:00","1721","1738"
"25.05.2016 06:00 - 25.05.2016 07:00","2088","2080"
"25.05.2016 07:00 - 25.05.2016 08:00","2474","2448"
"25.05.2016 08:00 - 25.05.2016 09:00","2613","2574"
"25.05.2016 09:00 - 25.05.2016 10:00","2598","2582"
"25.05.2016 10:00 - 25.05.2016 11:00","2661","2630"
"25.05.2016 11:00 - 25.05.2016 12:00","2650","2643"
"25.05.2016 12:00 - 25.05.2016 13:00","2597","2586"
"25.05.2016 13:00 - 25.05.2016 14:00","2588","2563"
"25.05.2016 14:00 - 25.05.2016 15:00","2487","2475"
"25.05.2016 15:00 - 25.05.2016 16:00","2375","2376"
"25.05.2016 16:00 - 25.05.2016 17:00","2341","2354"
"25.05.2016 17:00 - 25.05.2016 18:00","2462","2477"
"25.05.2016 18:00 - 25.05.2016 19:00","2404","2354"
"25.05.2016 19:00 - 25.05.2016 20:00","2238","2224"
"25.05.2016 20:00 - 25.05.2016 21:00","2108","2126"
"25.05.2016 21:00 - 25.05.2016 22:00","2014","2031"
"25.05.2016 22:00 - 25.05.2016 23:00","1940","1963"
"25.05.2016 23:00 - 26.05.2016 00:00","1765","1799"
"26.05.2016 00:00 - 26.05.2016 01:00","1687","1663"
"26.05.2016 01:00 - 26.05.2016 02:00","1620","1622"
"26.05.2016 02:00 - 26.05.2016 03:00","1592","1589"
"26.05.2016 03:00 - 26.05.2016 04:00","1593","1596"
"26.05.2016 04:00 - 26.05.2016 05:00","1622","1627"
"26.05.2016 05:00 - 26.05.2016 06:00","1736","1735"
"26.05.2016 06:00 - 26.05.2016 07:00","2091","2088"
"26.05.2016 07:00 - 26.05.2016 08:00","2475","2471"
"26.05.2016 08:00 - 26.05.2016 09:00","2643","2630"
"26.05.2016 09:00 - 26.05.2016 10:00","2661","2654"
"26.05.2016 10:00 - 26.05.2016 11:00","2717","2695"
"26.05.2016 11:00 - 26.05.2016 12:00","2704","2691"
"26.05.2016 12:00 - 26.05.2016 13:00","2616","2627"
"26.05.2016 13:00 - 26.05.2016 14:00","2632","2656"
"26.05.2016 14:00 - 26.05.2016 15:00","2595","2600"
"26.05.2016 15:00 - 26.05.2016 16:00","2484","2496"
"26.05.2016 16:00 - 26.05.2016 17:00","2432","2442"
"26.05.2016 17:00 - 26.05.2016 18:00","2522","2536"
"26.05.2016 18:00 - 26.05.2016 19:00","2439","2460"
"26.05.2016 19:00 - 26.05.2016 20:00","2332","2336"
"26.05.2016 20:00 - 26.05.2016 21:00","2223","2231"
"26.05.2016 21:00 - 26.05.2016 22:00","2120","2127"
"26.05.2016 22:00 - 26.05.2016 23:00","2051","2073"
"26.05.2016 23:00 - 27.05.2016 00:00","1864","1905"
"27.05.2016 00:00 - 27.05.2016 01:00","1753","1787"
"27.05.2016 01:00 - 27.05.2016 02:00","1715","1703"
"27.05.2016 02:00 - 27.05.2016 03:00","1666","1656"
"27.05.2016 03:00 - 27.05.2016 04:00","1642","1655"
"27.05.2016 04:00 - 27.05.2016 05:00","1662","1660"
"27.05.2016 05:00 - 27.05.2016 06:00","1772","1769"
"27.05.2016 06:00 - 27.05.2016 07:00","2101","2108"
"27.05.2016 07:00 - 27.05.2016 08:00","2456","2455"
"27.05.2016 08:00 - 27.05.2016 09:00","2616","2598"
"27.05.2016 09:00 - 27.05.2016 10:00","2610","2594"
"27.05.2016 10:00 - 27.05.2016 11:00","2658","2647"
"27.05.2016 11:00 - 27.05.2016 12:00","2628","2619"
"27.05.2016 12:00 - 27.05.2016 13:00","2505","2506"
"27.05.2016 13:00 - 27.05.2016 14:00","2454","2467"
"27.05.2016 14:00 - 27.05.2016 15:00","2331","2322"
"27.05.2016 15:00 - 27.05.2016 16:00","2220","2199"
"27.05.2016 16:00 - 27.05.2016 17:00","2183","2180"
"27.05.2016 17:00 - 27.05.2016 18:00","2283","2270"
"27.05.2016 18:00 - 27.05.2016 19:00","2226","2226"
"27.05.2016 19:00 - 27.05.2016 20:00","2068","2073"
"27.05.2016 20:00 - 27.05.2016 21:00","1970","1983"
"27.05.2016 21:00 - 27.05.2016 22:00","1901","1909"
"27.05.2016 22:00 - 27.05.2016 23:00","1855","1898"
"27.05.2016 23:00 - 28.05.2016 00:00","1715","1770"
"28.05.2016 00:00 - 28.05.2016 01:00","1614","1634"
"28.05.2016 01:00 - 28.05.2016 02:00","1533","1534"
"28.05.2016 02:00 - 28.05.2016 03:00","1471","1471"
"28.05.2016 03:00 - 28.05.2016 04:00","1456","1455"
"28.05.2016 04:00 - 28.05.2016 05:00","1446","1421"
"28.05.2016 05:00 - 28.05.2016 06:00","1442","1444"
"28.05.2016 06:00 - 28.05.2016 07:00","1544","1549"
"28.05.2016 07:00 - 28.05.2016 08:00","1735","1744"
"28.05.2016 08:00 - 28.05.2016 09:00","1921","1935"
"28.05.2016 09:00 - 28.05.2016 10:00","2025","2010"
"28.05.2016 10:00 - 28.05.2016 11:00","2066","2044"
"28.05.2016 11:00 - 28.05.2016 12:00","2048","2039"
"28.05.2016 12:00 - 28.05.2016 13:00","1991","1997"
"28.05.2016 13:00 - 28.05.2016 14:00","1947","1935"
"28.05.2016 14:00 - 28.05.2016 15:00","1905","1907"
"28.05.2016 15:00 - 28.05.2016 16:00","1887","1893"
"28.05.2016 16:00 - 28.05.2016 17:00","1915","1899"
"28.05.2016 17:00 - 28.05.2016 18:00","2020","2025"
"28.05.2016 18:00 - 28.05.2016 19:00","2007","1998"
"28.05.2016 19:00 - 28.05.2016 20:00","1885","1897"
"28.05.2016 20:00 - 28.05.2016 21:00","1813","1817"
"28.05.2016 21:00 - 28.05.2016 22:00","1741","1734"
"28.05.2016 22:00 - 28.05.2016 23:00","1723","1713"
"28.05.2016 23:00 - 29.05.2016 00:00","1623","1605"
"29.05.2016 00:00 - 29.05.2016 01:00","1497","1504"
"29.05.2016 01:00 - 29.05.2016 02:00","1423","1439"
"29.05.2016 02:00 - 29.05.2016 03:00","1400","1406"
"29.05.2016 03:00 - 29.05.2016 04:00","1392","1402"
"29.05.2016 04:00 - 29.05.2016 05:00","1383","1393"
"29.05.2016 05:00 - 29.05.2016 06:00","1390","1386"
"29.05.2016 06:00 - 29.05.2016 07:00","1453","1458"
"29.05.2016 07:00 - 29.05.2016 08:00","1605","1602"
"29.05.2016 08:00 - 29.05.2016 09:00","1776","1789"
"29.05.2016 09:00 - 29.05.2016 10:00","1893","1888"
"29.05.2016 10:00 - 29.05.2016 11:00","1932","1910"
"29.05.2016 11:00 - 29.05.2016 12:00","1946","1915"
"29.05.2016 12:00 - 29.05.2016 13:00","1909","1891"
"29.05.2016 13:00 - 29.05.2016 14:00","1869","1875"
"29.05.2016 14:00 - 29.05.2016 15:00","1845","1845"
"29.05.2016 15:00 - 29.05.2016 16:00","1833","1830"
"29.05.2016 16:00 - 29.05.2016 17:00","1871","1887"
"29.05.2016 17:00 - 29.05.2016 18:00","2063","2056"
"29.05.2016 18:00 - 29.05.2016 19:00","2054","2042"
"29.05.2016 19:00 - 29.05.2016 20:00","1956","1972"
"29.05.2016 20:00 - 29.05.2016 21:00","1887","1863"
"29.05.2016 21:00 - 29.05.2016 22:00","1821","1796"
"29.05.2016 22:00 - 29.05.2016 23:00","1777","1740"
"29.05.2016 23:00 - 30.05.2016 00:00","1671","1639"
"30.05.2016 00:00 - 30.05.2016 01:00","1563","1556"
"30.05.2016 01:00 - 30.05.2016 02:00","1516","1526"
"30.05.2016 02:00 - 30.05.2016 03:00","1506","1515"
"30.05.2016 03:00 - 30.05.2016 04:00","1519","1513"
"30.05.2016 04:00 - 30.05.2016 05:00","1528","1559"
"30.05.2016 05:00 - 30.05.2016 06:00","1629","1679"
"30.05.2016 06:00 - 30.05.2016 07:00","2028","2018"
"30.05.2016 07:00 - 30.05.2016 08:00","2391","2386"
"30.05.2016 08:00 - 30.05.2016 09:00","2555","2552"
"30.05.2016 09:00 - 30.05.2016 10:00","2616","2584"
"30.05.2016 10:00 - 30.05.2016 11:00","2676","2683"
"30.05.2016 11:00 - 30.05.2016 12:00","2678","2663"
"30.05.2016 12:00 - 30.05.2016 13:00","2599","2607"
"30.05.2016 13:00 - 30.05.2016 14:00","2650","2643"
"30.05.2016 14:00 - 30.05.2016 15:00","2566","2570"
"30.05.2016 15:00 - 30.05.2016 16:00","2431","2396"
"30.05.2016 16:00 - 30.05.2016 17:00","2342","2344"
"30.05.2016 17:00 - 30.05.2016 18:00","2452","2452"
"30.05.2016 18:00 - 30.05.2016 19:00","2402","2437"
"30.05.2016 19:00 - 30.05.2016 20:00","2306","2315"
"30.05.2016 20:00 - 30.05.2016 21:00","2185","2191"
"30.05.2016 21:00 - 30.05.2016 22:00","2083","2092"
"30.05.2016 22:00 - 30.05.2016 23:00","2026","2026"
"30.05.2016 23:00 - 31.05.2016 00:00","1859","1829"
"31.05.2016 00:00 - 31.05.2016 01:00","1693","1703"
"31.05.2016 01:00 - 31.05.2016 02:00","1632","1651"
"31.05.2016 02:00 - 31.05.2016 03:00","1610","1624"
"31.05.2016 03:00 - 31.05.2016 04:00","1637","1639"
"31.05.2016 04:00 - 31.05.2016 05:00","1643","1635"
"31.05.2016 05:00 - 31.05.2016 06:00","1741","1727"
"31.05.2016 06:00 - 31.05.2016 07:00","2081","2070"
"31.05.2016 07:00 - 31.05.2016 08:00","2450","2451"
"31.05.2016 08:00 - 31.05.2016 09:00","2588","2572"
"31.05.2016 09:00 - 31.05.2016 10:00","2605","2584"
"31.05.2016 10:00 - 31.05.2016 11:00","2659","2655"
"31.05.2016 11:00 - 31.05.2016 12:00","2666","2664"
"31.05.2016 12:00 - 31.05.2016 13:00","2604","2612"
"31.05.2016 13:00 - 31.05.2016 14:00","2658","2662"
"31.05.2016 14:00 - 31.05.2016 15:00","2626","2630"
"31.05.2016 15:00 - 31.05.2016 16:00","2520","2540"
"31.05.2016 16:00 - 31.05.2016 17:00","2456","2443"
"31.05.2016 17:00 - 31.05.2016 18:00","2534","2518"
"31.05.2016 18:00 - 31.05.2016 19:00","2443","2436"
"31.05.2016 19:00 - 31.05.2016 20:00","2318","2339"
"31.05.2016 20:00 - 31.05.2016 21:00","2239","2244"
"31.05.2016 21:00 - 31.05.2016 22:00","2150","2147"
"31.05.2016 22:00 - 31.05.2016 23:00","2077","2056"
"31.05.2016 23:00 - 01.06.2016 00:00","1912","1873"
"01.06.2016 00:00 - 01.06.2016 01:00","1713","1736"
"01.06.2016 01:00 - 01.06.2016 02:00","1655","1640"
"01.06.2016 02:00 - 01.06.2016 03:00","1607","1641"
"01.06.2016 03:00 - 01.06.2016 04:00","1618","1661"
"01.06.2016 04:00 - 01.06.2016 05:00","1666","1664"
"01.06.2016 05:00 - 01.06.2016 06:00","1755","1773"
"01.06.2016 06:00 - 01.06.2016 07:00","2125","2124"
"01.06.2016 07:00 - 01.06.2016 08:00","2510","2516"
"01.06.2016 08:00 - 01.06.2016 09:00","2677","2684"
"01.06.2016 09:00 - 01.06.2016 10:00","2692","2680"
"01.06.2016 10:00 - 01.06.2016 11:00","2735","2708"
"01.06.2016 11:00 - 01.06.2016 12:00","2720","2735"
"01.06.2016 12:00 - 01.06.2016 13:00","2670","2689"
"01.06.2016 13:00 - 01.06.2016 14:00","2699","2710"
"01.06.2016 14:00 - 01.06.2016 15:00","2652","2661"
"01.06.2016 15:00 - 01.06.2016 16:00","2525","2527"
"01.06.2016 16:00 - 01.06.2016 17:00","2465","2497"
"01.06.2016 17:00 - 01.06.2016 18:00","2576","2557"
"01.06.2016 18:00 - 01.06.2016 19:00","2486","2478"
"01.06.2016 19:00 - 01.06.2016 20:00","2348","2346"
"01.06.2016 20:00 - 01.06.2016 21:00","2249","2263"
"01.06.2016 21:00 - 01.06.2016 22:00","2150","2164"
"01.06.2016 22:00 - 01.06.2016 23:00","2075","2124"
"01.06.2016 23:00 - 02.06.2016 00:00","1911","1992"
"02.06.2016 00:00 - 02.06.2016 01:00","1830","1864"
"02.06.2016 01:00 - 02.06.2016 02:00","1767","1783"
"02.06.2016 02:00 - 02.06.2016 03:00","1723","1754"
"02.06.2016 03:00 - 02.06.2016 04:00","1727","1735"
"02.06.2016 04:00 - 02.06.2016 05:00","1732","1749"
"02.06.2016 05:00 - 02.06.2016 06:00","1846","1848"
"02.06.2016 06:00 - 02.06.2016 07:00","2188","2195"
"02.06.2016 07:00 - 02.06.2016 08:00","2554","2567"
"02.06.2016 08:00 - 02.06.2016 09:00","2724","2706"
"02.06.2016 09:00 - 02.06.2016 10:00","2749","2762"
"02.06.2016 10:00 - 02.06.2016 11:00","2837","2820"
"02.06.2016 11:00 - 02.06.2016 12:00","2819","2811"
"02.06.2016 12:00 - 02.06.2016 13:00","2740","2736"
"02.06.2016 13:00 - 02.06.2016 14:00","2759","2744"
"02.06.2016 14:00 - 02.06.2016 15:00","2681","2683"
"02.06.2016 15:00 - 02.06.2016 16:00","2566","2557"
"02.06.2016 16:00 - 02.06.2016 17:00","2463","2446"
"02.06.2016 17:00 - 02.06.2016 18:00","2527","2475"
"02.06.2016 18:00 - 02.06.2016 19:00","2394","2412"
"02.06.2016 19:00 - 02.06.2016 20:00","2308","2316"
"02.06.2016 20:00 - 02.06.2016 21:00","2260","2270"
"02.06.2016 21:00 - 02.06.2016 22:00","2220","2171"
"02.06.2016 22:00 - 02.06.2016 23:00","2168","2123"
"02.06.2016 23:00 - 03.06.2016 00:00","2009","1967"
"03.06.2016 00:00 - 03.06.2016 01:00","1821","1849"
"03.06.2016 01:00 - 03.06.2016 02:00","1771","1777"
"03.06.2016 02:00 - 03.06.2016 03:00","1724","1729"
"03.06.2016 03:00 - 03.06.2016 04:00","1717","1731"
"03.06.2016 04:00 - 03.06.2016 05:00","1735","1729"
"03.06.2016 05:00 - 03.06.2016 06:00","1832","1829"
"03.06.2016 06:00 - 03.06.2016 07:00","2155","2174"
"03.06.2016 07:00 - 03.06.2016 08:00","2526","2533"
"03.06.2016 08:00 - 03.06.2016 09:00","2724","2712"
"03.06.2016 09:00 - 03.06.2016 10:00","2775","2738"
"03.06.2016 10:00 - 03.06.2016 11:00","2819","2791"
"03.06.2016 11:00 - 03.06.2016 12:00","2768","2734"
"03.06.2016 12:00 - 03.06.2016 13:00","2649","2643"
"03.06.2016 13:00 - 03.06.2016 14:00","2582","2571"
"03.06.2016 14:00 - 03.06.2016 15:00","2458","2447"
"03.06.2016 15:00 - 03.06.2016 16:00","2349","2358"
"03.06.2016 16:00 - 03.06.2016 17:00","2337","2352"
"03.06.2016 17:00 - 03.06.2016 18:00","2432","2387"
"03.06.2016 18:00 - 03.06.2016 19:00","2336","2352"
"03.06.2016 19:00 - 03.06.2016 20:00","2229","2236"
"03.06.2016 20:00 - 03.06.2016 21:00","2116","2118"
"03.06.2016 21:00 - 03.06.2016 22:00","2024","2051"
"03.06.2016 22:00 - 03.06.2016 23:00","1973","2007"
"03.06.2016 23:00 - 04.06.2016 00:00","1829","1908"
"04.06.2016 00:00 - 04.06.2016 01:00","1734","1769"
"04.06.2016 01:00 - 04.06.2016 02:00","1639","1679"
"04.06.2016 02:00 - 04.06.2016 03:00","1604","1635"
"04.06.2016 03:00 - 04.06.2016 04:00","1586","1606"
"04.06.2016 04:00 - 04.06.2016 05:00","1560","1571"
"04.06.2016 05:00 - 04.06.2016 06:00","1562","1569"
"04.06.2016 06:00 - 04.06.2016 07:00","1643","1669"
"04.06.2016 07:00 - 04.06.2016 08:00","1828","1862"
"04.06.2016 08:00 - 04.06.2016 09:00","2022","2041"
"04.06.2016 09:00 - 04.06.2016 10:00","2147","2132"
"04.06.2016 10:00 - 04.06.2016 11:00","2176","2178"
"04.06.2016 11:00 - 04.06.2016 12:00","2153","2161"
"04.06.2016 12:00 - 04.06.2016 13:00","2120","2129"
"04.06.2016 13:00 - 04.06.2016 14:00","2089","2092"
"04.06.2016 14:00 - 04.06.2016 15:00","2034","2018"
"04.06.2016 15:00 - 04.06.2016 16:00","2001","1967"
"04.06.2016 16:00 - 04.06.2016 17:00","1958","1981"
"04.06.2016 17:00 - 04.06.2016 18:00","2086","2076"
"04.06.2016 18:00 - 04.06.2016 19:00","2071","2072"
"04.06.2016 19:00 - 04.06.2016 20:00","1977","1994"
"04.06.2016 20:00 - 04.06.2016 21:00","1897","1945"
"04.06.2016 21:00 - 04.06.2016 22:00","1823","1891"
"04.06.2016 22:00 - 04.06.2016 23:00","1798","1878"
"04.06.2016 23:00 - 05.06.2016 00:00","1726","1802"
"05.06.2016 00:00 - 05.06.2016 01:00","1648","1660"
"05.06.2016 01:00 - 05.06.2016 02:00","1560","1587"
"05.06.2016 02:00 - 05.06.2016 03:00","1536","1543"
"05.06.2016 03:00 - 05.06.2016 04:00","1513","1497"
"05.06.2016 04:00 - 05.06.2016 05:00","1458","1451"
"05.06.2016 05:00 - 05.06.2016 06:00","1439","1450"
"05.06.2016 06:00 - 05.06.2016 07:00","1520","1536"
"05.06.2016 07:00 - 05.06.2016 08:00","1680","1701"
"05.06.2016 08:00 - 05.06.2016 09:00","1880","1883"
"05.06.2016 09:00 - 05.06.2016 10:00","1992","1976"
"05.06.2016 10:00 - 05.06.2016 11:00","2031","2010"
"05.06.2016 11:00 - 05.06.2016 12:00","2037","2014"
"05.06.2016 12:00 - 05.06.2016 13:00","1996","2001"
"05.06.2016 13:00 - 05.06.2016 14:00","1979","1968"
"05.06.2016 14:00 - 05.06.2016 15:00","1957","1938"
"05.06.2016 15:00 - 05.06.2016 16:00","1941","1952"
"05.06.2016 16:00 - 05.06.2016 17:00","1994","1995"
"05.06.2016 17:00 - 05.06.2016 18:00","2151","2152"
"05.06.2016 18:00 - 05.06.2016 19:00","2139","2159"
"05.06.2016 19:00 - 05.06.2016 20:00","2069","2099"
"05.06.2016 20:00 - 05.06.2016 21:00","2018","2035"
"05.06.2016 21:00 - 05.06.2016 22:00","1953","1976"
"05.06.2016 22:00 - 05.06.2016 23:00","1919","1943"
"05.06.2016 23:00 - 06.06.2016 00:00","1825","1852"
"06.06.2016 00:00 - 06.06.2016 01:00","1739","1761"
"06.06.2016 01:00 - 06.06.2016 02:00","1678","1707"
"06.06.2016 02:00 - 06.06.2016 03:00","1679","1687"
"06.06.2016 03:00 - 06.06.2016 04:00","1694","1682"
"06.06.2016 04:00 - 06.06.2016 05:00","1686","1676"
"06.06.2016 05:00 - 06.06.2016 06:00","1778","1773"
"06.06.2016 06:00 - 06.06.2016 07:00","2109","2106"
"06.06.2016 07:00 - 06.06.2016 08:00","2502","2513"
"06.06.2016 08:00 - 06.06.2016 09:00","2672","2651"
"06.06.2016 09:00 - 06.06.2016 10:00","2678","2686"
"06.06.2016 10:00 - 06.06.2016 11:00","2741","2753"
"06.06.2016 11:00 - 06.06.2016 12:00","2741","2739"
"06.06.2016 12:00 - 06.06.2016 13:00","2690","2706"
"06.06.2016 13:00 - 06.06.2016 14:00","2715","2725"
"06.06.2016 14:00 - 06.06.2016 15:00","2683","2678"
"06.06.2016 15:00 - 06.06.2016 16:00","2556","2549"
"06.06.2016 16:00 - 06.06.2016 17:00","2489","2493"
"06.06.2016 17:00 - 06.06.2016 18:00","2582","2584"
"06.06.2016 18:00 - 06.06.2016 19:00","2516","2513"
"06.06.2016 19:00 - 06.06.2016 20:00","2395","2414"
"06.06.2016 20:00 - 06.06.2016 21:00","2285","2316"
"06.06.2016 21:00 - 06.06.2016 22:00","2189","2205"
"06.06.2016 22:00 - 06.06.2016 23:00","2128","2120"
"06.06.2016 23:00 - 07.06.2016 00:00","1980","1996"
"07.06.2016 00:00 - 07.06.2016 01:00","1833","1864"
"07.06.2016 01:00 - 07.06.2016 02:00","1773","1788"
"07.06.2016 02:00 - 07.06.2016 03:00","1730","1745"
"07.06.2016 03:00 - 07.06.2016 04:00","1717","1727"
"07.06.2016 04:00 - 07.06.2016 05:00","1731","1751"
"07.06.2016 05:00 - 07.06.2016 06:00","1859","1850"
"07.06.2016 06:00 - 07.06.2016 07:00","2187","2159"
"07.06.2016 07:00 - 07.06.2016 08:00","2549","2532"
"07.06.2016 08:00 - 07.06.2016 09:00","2719","2692"
"07.06.2016 09:00 - 07.06.2016 10:00","2754","2749"
"07.06.2016 10:00 - 07.06.2016 11:00","2816","2829"
"07.06.2016 11:00 - 07.06.2016 12:00","2838","2825"
"07.06.2016 12:00 - 07.06.2016 13:00","2769","2771"
"07.06.2016 13:00 - 07.06.2016 14:00","2790","2785"
"07.06.2016 14:00 - 07.06.2016 15:00","2733","2725"
"07.06.2016 15:00 - 07.06.2016 16:00","2595","2602"
"07.06.2016 16:00 - 07.06.2016 17:00","2539","2530"
"07.06.2016 17:00 - 07.06.2016 18:00","2618","2589"
"07.06.2016 18:00 - 07.06.2016 19:00","2513","2524"
"07.06.2016 19:00 - 07.06.2016 20:00","2394","2414"
"07.06.2016 20:00 - 07.06.2016 21:00","2292","2306"
"07.06.2016 21:00 - 07.06.2016 22:00","2190","2192"
"07.06.2016 22:00 - 07.06.2016 23:00","2127","2107"
"07.06.2016 23:00 - 08.06.2016 00:00","1985","1957"
"08.06.2016 00:00 - 08.06.2016 01:00","1819","1817"
"08.06.2016 01:00 - 08.06.2016 02:00","1752","1725"
"08.06.2016 02:00 - 08.06.2016 03:00","1689","1663"
"08.06.2016 03:00 - 08.06.2016 04:00","1659","1668"
"08.06.2016 04:00 - 08.06.2016 05:00","1673","1672"
"08.06.2016 05:00 - 08.06.2016 06:00","1775","1777"
"08.06.2016 06:00 - 08.06.2016 07:00","2138","2121"
"08.06.2016 07:00 - 08.06.2016 08:00","2560","2503"
"08.06.2016 08:00 - 08.06.2016 09:00","2681","2656"
"08.06.2016 09:00 - 08.06.2016 10:00","2710","2668"
"08.06.2016 10:00 - 08.06.2016 11:00","2739","2706"
"08.06.2016 11:00 - 08.06.2016 12:00","2742","2738"
"08.06.2016 12:00 - 08.06.2016 13:00","2678","2668"
"08.06.2016 13:00 - 08.06.2016 14:00","2709","2711"
"08.06.2016 14:00 - 08.06.2016 15:00","2674","2685"
"08.06.2016 15:00 - 08.06.2016 16:00","2550","2556"
"08.06.2016 16:00 - 08.06.2016 17:00","2473","2492"
"08.06.2016 17:00 - 08.06.2016 18:00","2567","2544"
"08.06.2016 18:00 - 08.06.2016 19:00","2488","2517"
"08.06.2016 19:00 - 08.06.2016 20:00","2369","2407"
"08.06.2016 20:00 - 08.06.2016 21:00","2258","2315"
"08.06.2016 21:00 - 08.06.2016 22:00","2194","2220"
"08.06.2016 22:00 - 08.06.2016 23:00","2109","2132"
"08.06.2016 23:00 - 09.06.2016 00:00","1958","2016"
"09.06.2016 00:00 - 09.06.2016 01:00","1856","1891"
"09.06.2016 01:00 - 09.06.2016 02:00","1801","1812"
"09.06.2016 02:00 - 09.06.2016 03:00","1748","1789"
"09.06.2016 03:00 - 09.06.2016 04:00","1738","1779"
"09.06.2016 04:00 - 09.06.2016 05:00","1771","1772"
"09.06.2016 05:00 - 09.06.2016 06:00","1867","1876"
"09.06.2016 06:00 - 09.06.2016 07:00","2218","2206"
"09.06.2016 07:00 - 09.06.2016 08:00","2578","2536"
"09.06.2016 08:00 - 09.06.2016 09:00","2732","2693"
"09.06.2016 09:00 - 09.06.2016 10:00","2725","2692"
"09.06.2016 10:00 - 09.06.2016 11:00","2764","2737"
"09.06.2016 11:00 - 09.06.2016 12:00","2768","2753"
"09.06.2016 12:00 - 09.06.2016 13:00","2701","2693"
"09.06.2016 13:00 - 09.06.2016 14:00","2723","2714"
"09.06.2016 14:00 - 09.06.2016 15:00","2655","2627"
"09.06.2016 15:00 - 09.06.2016 16:00","2498","2501"
"09.06.2016 16:00 - 09.06.2016 17:00","2426","2429"
"09.06.2016 17:00 - 09.06.2016 18:00","2513","2483"
"09.06.2016 18:00 - 09.06.2016 19:00","2385","2390"
"09.06.2016 19:00 - 09.06.2016 20:00","2303","2309"
"09.06.2016 20:00 - 09.06.2016 21:00","2236","2229"
"09.06.2016 21:00 - 09.06.2016 22:00","2155","2140"
"09.06.2016 22:00 - 09.06.2016 23:00","2118","2029"
"09.06.2016 23:00 - 10.06.2016 00:00","1989","1922"
"10.06.2016 00:00 - 10.06.2016 01:00","1771","1752"
"10.06.2016 01:00 - 10.06.2016 02:00","1684","1677"
"10.06.2016 02:00 - 10.06.2016 03:00","1643","1643"
"10.06.2016 03:00 - 10.06.2016 04:00","1647","1667"
"10.06.2016 04:00 - 10.06.2016 05:00","1662","1658"
"10.06.2016 05:00 - 10.06.2016 06:00","1757","1743"
"10.06.2016 06:00 - 10.06.2016 07:00","2079","2058"
"10.06.2016 07:00 - 10.06.2016 08:00","2443","2391"
"10.06.2016 08:00 - 10.06.2016 09:00","2589","2582"
"10.06.2016 09:00 - 10.06.2016 10:00","2622","2606"
"10.06.2016 10:00 - 10.06.2016 11:00","2684","2695"
"10.06.2016 11:00 - 10.06.2016 12:00","2678","2674"
"10.06.2016 12:00 - 10.06.2016 13:00","2583","2562"
"10.06.2016 13:00 - 10.06.2016 14:00","2524","2502"
"10.06.2016 14:00 - 10.06.2016 15:00","2363","2364"
"10.06.2016 15:00 - 10.06.2016 16:00","2257","2268"
"10.06.2016 16:00 - 10.06.2016 17:00","2250","2264"
"10.06.2016 17:00 - 10.06.2016 18:00","2326","2341"
"10.06.2016 18:00 - 10.06.2016 19:00","2277","2280"
"10.06.2016 19:00 - 10.06.2016 20:00","2131","2150"
"10.06.2016 20:00 - 10.06.2016 21:00","2018","2038"
"10.06.2016 21:00 - 10.06.2016 22:00","1912","1961"
"10.06.2016 22:00 - 10.06.2016 23:00","1850","1906"
"10.06.2016 23:00 - 11.06.2016 00:00","1774","1809"
"11.06.2016 00:00 - 11.06.2016 01:00","1680","1693"
"11.06.2016 01:00 - 11.06.2016 02:00","1603","1607"
"11.06.2016 02:00 - 11.06.2016 03:00","1563","1562"
"11.06.2016 03:00 - 11.06.2016 04:00","1539","1541"
"11.06.2016 04:00 - 11.06.2016 05:00","1488","1495"
"11.06.2016 05:00 - 11.06.2016 06:00","1506","1520"
"11.06.2016 06:00 - 11.06.2016 07:00","1619","1622"
"11.06.2016 07:00 - 11.06.2016 08:00","1812","1813"
"11.06.2016 08:00 - 11.06.2016 09:00","1998","1988"
"11.06.2016 09:00 - 11.06.2016 10:00","2095","2075"
"11.06.2016 10:00 - 11.06.2016 11:00","2125","2112"
"11.06.2016 11:00 - 11.06.2016 12:00","2104","2085"
"11.06.2016 12:00 - 11.06.2016 13:00","2055","2049"
"11.06.2016 13:00 - 11.06.2016 14:00","2011","2027"
"11.06.2016 14:00 - 11.06.2016 15:00","1977","1988"
"11.06.2016 15:00 - 11.06.2016 16:00","1955","1963"
"11.06.2016 16:00 - 11.06.2016 17:00","1974","1984"
"11.06.2016 17:00 - 11.06.2016 18:00","2101","2079"
"11.06.2016 18:00 - 11.06.2016 19:00","2075","2085"
"11.06.2016 19:00 - 11.06.2016 20:00","1979","1990"
"11.06.2016 20:00 - 11.06.2016 21:00","1890","1906"
"11.06.2016 21:00 - 11.06.2016 22:00","1808","1835"
"11.06.2016 22:00 - 11.06.2016 23:00","1768","1779"
"11.06.2016 23:00 - 12.06.2016 00:00","1698","1718"
"12.06.2016 00:00 - 12.06.2016 01:00","1602","1613"
"12.06.2016 01:00 - 12.06.2016 02:00","1545","1541"
"12.06.2016 02:00 - 12.06.2016 03:00","1504","1506"
"12.06.2016 03:00 - 12.06.2016 04:00","1486","1478"
"12.06.2016 04:00 - 12.06.2016 05:00","1436","1425"
"12.06.2016 05:00 - 12.06.2016 06:00","1414","1428"
"12.06.2016 06:00 - 12.06.2016 07:00","1492","1502"
"12.06.2016 07:00 - 12.06.2016 08:00","1658","1660"
"12.06.2016 08:00 - 12.06.2016 09:00","1851","1834"
"12.06.2016 09:00 - 12.06.2016 10:00","1951","1921"
"12.06.2016 10:00 - 12.06.2016 11:00","1995","1971"
"12.06.2016 11:00 - 12.06.2016 12:00","1999","1972"
"12.06.2016 12:00 - 12.06.2016 13:00","1956","1945"
"12.06.2016 13:00 - 12.06.2016 14:00","1936","1932"
"12.06.2016 14:00 - 12.06.2016 15:00","1930","1934"
"12.06.2016 15:00 - 12.06.2016 16:00","1921","1903"
"12.06.2016 16:00 - 12.06.2016 17:00","1947","1947"
"12.06.2016 17:00 - 12.06.2016 18:00","2127","2151"
"12.06.2016 18:00 - 12.06.2016 19:00","2149","2151"
"12.06.2016 19:00 - 12.06.2016 20:00","2044","2058"
"12.06.2016 20:00 - 12.06.2016 21:00","1981","1988"
"12.06.2016 21:00 - 12.06.2016 22:00","1901","1893"
"12.06.2016 22:00 - 12.06.2016 23:00","1867","1839"
"12.06.2016 23:00 - 13.06.2016 00:00","1794","1773"
"13.06.2016 00:00 - 13.06.2016 01:00","1693","1664"
"13.06.2016 01:00 - 13.06.2016 02:00","1626","1624"
"13.06.2016 02:00 - 13.06.2016 03:00","1608","1610"
"13.06.2016 03:00 - 13.06.2016 04:00","1618","1603"
"13.06.2016 04:00 - 13.06.2016 05:00","1591","1581"
"13.06.2016 05:00 - 13.06.2016 06:00","1693","1721"
"13.06.2016 06:00 - 13.06.2016 07:00","2074","2056"
"13.06.2016 07:00 - 13.06.2016 08:00","2438","2424"
"13.06.2016 08:00 - 13.06.2016 09:00","2585","2603"
"13.06.2016 09:00 - 13.06.2016 10:00","2633","2633"
"13.06.2016 10:00 - 13.06.2016 11:00","2698","2694"
"13.06.2016 11:00 - 13.06.2016 12:00","2680","2681"
"13.06.2016 12:00 - 13.06.2016 13:00","2608","2602"
"13.06.2016 13:00 - 13.06.2016 14:00","2641","2645"
"13.06.2016 14:00 - 13.06.2016 15:00","2583","2589"
"13.06.2016 15:00 - 13.06.2016 16:00","2497","2518"
"13.06.2016 16:00 - 13.06.2016 17:00","2461","2493"
"13.06.2016 17:00 - 13.06.2016 18:00","2602","2612"
"13.06.2016 18:00 - 13.06.2016 19:00","2508","2528"
"13.06.2016 19:00 - 13.06.2016 20:00","2355","2377"
"13.06.2016 20:00 - 13.06.2016 21:00","2235","2264"
"13.06.2016 21:00 - 13.06.2016 22:00","2137","2163"
"13.06.2016 22:00 - 13.06.2016 23:00","2046","2051"
"13.06.2016 23:00 - 14.06.2016 00:00","1909","1903"
"14.06.2016 00:00 - 14.06.2016 01:00","1772","1783"
"14.06.2016 01:00 - 14.06.2016 02:00","1708","1726"
"14.06.2016 02:00 - 14.06.2016 03:00","1687","1696"
"14.06.2016 03:00 - 14.06.2016 04:00","1681","1686"
"14.06.2016 04:00 - 14.06.2016 05:00","1694","1696"
"14.06.2016 05:00 - 14.06.2016 06:00","1798","1798"
"14.06.2016 06:00 - 14.06.2016 07:00","2131","2131"
"14.06.2016 07:00 - 14.06.2016 08:00","2499","2479"
"14.06.2016 08:00 - 14.06.2016 09:00","2655","2641"
"14.06.2016 09:00 - 14.06.2016 10:00","2667","2657"
"14.06.2016 10:00 - 14.06.2016 11:00","2734","2748"
"14.06.2016 11:00 - 14.06.2016 12:00","2753","2753"
"14.06.2016 12:00 - 14.06.2016 13:00","2679","2690"
"14.06.2016 13:00 - 14.06.2016 14:00","2699","2688"
"14.06.2016 14:00 - 14.06.2016 15:00","2622","2630"
"14.06.2016 15:00 - 14.06.2016 16:00","2512","2521"
"14.06.2016 16:00 - 14.06.2016 17:00","2486","2508"
"14.06.2016 17:00 - 14.06.2016 18:00","2612","2636"
"14.06.2016 18:00 - 14.06.2016 19:00","2537","2546"
"14.06.2016 19:00 - 14.06.2016 20:00","2387","2394"
"14.06.2016 20:00 - 14.06.2016 21:00","2270","2287"
"14.06.2016 21:00 - 14.06.2016 22:00","2160","2196"
"14.06.2016 22:00 - 14.06.2016 23:00","2091","2119"
"14.06.2016 23:00 - 15.06.2016 00:00","1944","1962"
"15.06.2016 00:00 - 15.06.2016 01:00","1815","1826"
"15.06.2016 01:00 - 15.06.2016 02:00","1761","1781"
"15.06.2016 02:00 - 15.06.2016 03:00","1780","1761"
"15.06.2016 03:00 - 15.06.2016 04:00","1771","1757"
"15.06.2016 04:00 - 15.06.2016 05:00","1761","1768"
"15.06.2016 05:00 - 15.06.2016 06:00","1861","1872"
"15.06.2016 06:00 - 15.06.2016 07:00","2186","2210"
"15.06.2016 07:00 - 15.06.2016 08:00","2575","2580"
"15.06.2016 08:00 - 15.06.2016 09:00","2747","2753"
"15.06.2016 09:00 - 15.06.2016 10:00","2772","2797"
"15.06.2016 10:00 - 15.06.2016 11:00","2852","2850"
"15.06.2016 11:00 - 15.06.2016 12:00","2847","2871"
"15.06.2016 12:00 - 15.06.2016 13:00","2794","2792"
"15.06.2016 13:00 - 15.06.2016 14:00","2801","2802"
"15.06.2016 14:00 - 15.06.2016 15:00","2741","2770"
"15.06.2016 15:00 - 15.06.2016 16:00","2652","2661"
"15.06.2016 16:00 - 15.06.2016 17:00","2589","2593"
"15.06.2016 17:00 - 15.06.2016 18:00","2673","2694"
"15.06.2016 18:00 - 15.06.2016 19:00","2590","2607"
"15.06.2016 19:00 - 15.06.2016 20:00","2469","2477"
"15.06.2016 20:00 - 15.06.2016 21:00","2367","2346"
"15.06.2016 21:00 - 15.06.2016 22:00","2271","2235"
"15.06.2016 22:00 - 15.06.2016 23:00","2207","2144"
"15.06.2016 23:00 - 16.06.2016 00:00","2049","1986"
"16.06.2016 00:00 - 16.06.2016 01:00","1836","1860"
"16.06.2016 01:00 - 16.06.2016 02:00","1780","1793"
"16.06.2016 02:00 - 16.06.2016 03:00","1750","1756"
"16.06.2016 03:00 - 16.06.2016 04:00","1748","1752"
"16.06.2016 04:00 - 16.06.2016 05:00","1738","1759"
"16.06.2016 05:00 - 16.06.2016 06:00","1837","1855"
"16.06.2016 06:00 - 16.06.2016 07:00","2189","2186"
"16.06.2016 07:00 - 16.06.2016 08:00","2568","2546"
"16.06.2016 08:00 - 16.06.2016 09:00","2704","2689"
"16.06.2016 09:00 - 16.06.2016 10:00","2702","2703"
"16.06.2016 10:00 - 16.06.2016 11:00","2777","2779"
"16.06.2016 11:00 - 16.06.2016 12:00","2789","2796"
"16.06.2016 12:00 - 16.06.2016 13:00","2711","2712"
"16.06.2016 13:00 - 16.06.2016 14:00","2761","2752"
"16.06.2016 14:00 - 16.06.2016 15:00","2702","2689"
"16.06.2016 15:00 - 16.06.2016 16:00","2561","2566"
"16.06.2016 16:00 - 16.06.2016 17:00","2526","2532"
"16.06.2016 17:00 - 16.06.2016 18:00","2614","2626"
"16.06.2016 18:00 - 16.06.2016 19:00","2529","2541"
"16.06.2016 19:00 - 16.06.2016 20:00","2418","2441"
"16.06.2016 20:00 - 16.06.2016 21:00","2324","2321"
"16.06.2016 21:00 - 16.06.2016 22:00","2220","2224"
"16.06.2016 22:00 - 16.06.2016 23:00","2163","2138"
"16.06.2016 23:00 - 17.06.2016 00:00","2027","2004"
"17.06.2016 00:00 - 17.06.2016 01:00","1859","1865"
"17.06.2016 01:00 - 17.06.2016 02:00","1778","1789"
"17.06.2016 02:00 - 17.06.2016 03:00","1740","1755"
"17.06.2016 03:00 - 17.06.2016 04:00","1737","1732"
"17.06.2016 04:00 - 17.06.2016 05:00","1740","1731"
"17.06.2016 05:00 - 17.06.2016 06:00","1826","1824"
"17.06.2016 06:00 - 17.06.2016 07:00","2158","2148"
"17.06.2016 07:00 - 17.06.2016 08:00","2524","2520"
"17.06.2016 08:00 - 17.06.2016 09:00","2684","2670"
"17.06.2016 09:00 - 17.06.2016 10:00","2700","2678"
"17.06.2016 10:00 - 17.06.2016 11:00","2760","2750"
"17.06.2016 11:00 - 17.06.2016 12:00","2732","2689"
"17.06.2016 12:00 - 17.06.2016 13:00","2606","2587"
"17.06.2016 13:00 - 17.06.2016 14:00","2519","2506"
"17.06.2016 14:00 - 17.06.2016 15:00","2357","2351"
"17.06.2016 15:00 - 17.06.2016 16:00","2261","2274"
"17.06.2016 16:00 - 17.06.2016 17:00","2247","2220"
"17.06.2016 17:00 - 17.06.2016 18:00","2294","2289"
"17.06.2016 18:00 - 17.06.2016 19:00","2232","2232"
"17.06.2016 19:00 - 17.06.2016 20:00","2077","2093"
"17.06.2016 20:00 - 17.06.2016 21:00","1975","1980"
"17.06.2016 21:00 - 17.06.2016 22:00","1876","1881"
"17.06.2016 22:00 - 17.06.2016 23:00","1833","1822"
"17.06.2016 23:00 - 18.06.2016 00:00","1769","1721"
"18.06.2016 00:00 - 18.06.2016 01:00","1649","1587"
"18.06.2016 01:00 - 18.06.2016 02:00","1572","1497"
"18.06.2016 02:00 - 18.06.2016 03:00","1533","1472"
"18.06.2016 03:00 - 18.06.2016 04:00","1517","1480"
"18.06.2016 04:00 - 18.06.2016 05:00","1477","1453"
"18.06.2016 05:00 - 18.06.2016 06:00","1474","1465"
"18.06.2016 06:00 - 18.06.2016 07:00","1589","1579"
"18.06.2016 07:00 - 18.06.2016 08:00","1753","1708"
"18.06.2016 08:00 - 18.06.2016 09:00","1877","1838"
"18.06.2016 09:00 - 18.06.2016 10:00","1928","1937"
"18.06.2016 10:00 - 18.06.2016 11:00","2006","1983"
"18.06.2016 11:00 - 18.06.2016 12:00","1981","1963"
"18.06.2016 12:00 - 18.06.2016 13:00","1924","1914"
"18.06.2016 13:00 - 18.06.2016 14:00","1874","1858"
"18.06.2016 14:00 - 18.06.2016 15:00","1832","1833"
"18.06.2016 15:00 - 18.06.2016 16:00","1822","1820"
"18.06.2016 16:00 - 18.06.2016 17:00","1860","1851"
"18.06.2016 17:00 - 18.06.2016 18:00","1985","1973"
"18.06.2016 18:00 - 18.06.2016 19:00","1945","1959"
"18.06.2016 19:00 - 18.06.2016 20:00","1852","1840"
"18.06.2016 20:00 - 18.06.2016 21:00","1757","1769"
"18.06.2016 21:00 - 18.06.2016 22:00","1666","1707"
"18.06.2016 22:00 - 18.06.2016 23:00","1620","1649"
"18.06.2016 23:00 - 19.06.2016 00:00","1568","1552"
"19.06.2016 00:00 - 19.06.2016 01:00","1462","1455"
"19.06.2016 01:00 - 19.06.2016 02:00","1379","1388"
"19.06.2016 02:00 - 19.06.2016 03:00","1361","1379"
"19.06.2016 03:00 - 19.06.2016 04:00","1353","1356"
"19.06.2016 04:00 - 19.06.2016 05:00","1318","1325"
"19.06.2016 05:00 - 19.06.2016 06:00","1338","1338"
"19.06.2016 06:00 - 19.06.2016 07:00","1432","1433"
"19.06.2016 07:00 - 19.06.2016 08:00","1578","1545"
"19.06.2016 08:00 - 19.06.2016 09:00","1706","1688"
"19.06.2016 09:00 - 19.06.2016 10:00","1802","1789"
"19.06.2016 10:00 - 19.06.2016 11:00","1846","1846"
"19.06.2016 11:00 - 19.06.2016 12:00","1880","1866"
"19.06.2016 12:00 - 19.06.2016 13:00","1897","1862"
"19.06.2016 13:00 - 19.06.2016 14:00","1870","1831"
"19.06.2016 14:00 - 19.06.2016 15:00","1832","1802"
"19.06.2016 15:00 - 19.06.2016 16:00","1802","1788"
"19.06.2016 16:00 - 19.06.2016 17:00","1844","1839"
"19.06.2016 17:00 - 19.06.2016 18:00","2006","2000"
"19.06.2016 18:00 - 19.06.2016 19:00","2007","2013"
"19.06.2016 19:00 - 19.06.2016 20:00","1956","1946"
"19.06.2016 20:00 - 19.06.2016 21:00","1864","1859"
"19.06.2016 21:00 - 19.06.2016 22:00","1774","1808"
"19.06.2016 22:00 - 19.06.2016 23:00","1732","1749"
"19.06.2016 23:00 - 20.06.2016 00:00","1662","1679"
"20.06.2016 00:00 - 20.06.2016 01:00","1622","1612"
"20.06.2016 01:00 - 20.06.2016 02:00","1569","1560"
"20.06.2016 02:00 - 20.06.2016 03:00","1532","1553"
"20.06.2016 03:00 - 20.06.2016 04:00","1546","1557"
"20.06.2016 04:00 - 20.06.2016 05:00","1556","1552"
"20.06.2016 05:00 - 20.06.2016 06:00","1662","1660"
"20.06.2016 06:00 - 20.06.2016 07:00","2013","1995"
"20.06.2016 07:00 - 20.06.2016 08:00","2398","2380"
"20.06.2016 08:00 - 20.06.2016 09:00","2541","2517"
"20.06.2016 09:00 - 20.06.2016 10:00","2558","2532"
"20.06.2016 10:00 - 20.06.2016 11:00","2601","2569"
"20.06.2016 11:00 - 20.06.2016 12:00","2568","2553"
"20.06.2016 12:00 - 20.06.2016 13:00","2510","2513"
"20.06.2016 13:00 - 20.06.2016 14:00","2550","2551"
"20.06.2016 14:00 - 20.06.2016 15:00","2518","2515"
"20.06.2016 15:00 - 20.06.2016 16:00","2416","2437"
"20.06.2016 16:00 - 20.06.2016 17:00","2398","2414"
"20.06.2016 17:00 - 20.06.2016 18:00","2534","2596"
"20.06.2016 18:00 - 20.06.2016 19:00","2487","2519"
"20.06.2016 19:00 - 20.06.2016 20:00","2355","2367"
"20.06.2016 20:00 - 20.06.2016 21:00","2232","2242"
"20.06.2016 21:00 - 20.06.2016 22:00","2128","2142"
"20.06.2016 22:00 - 20.06.2016 23:00","2050","2048"
"20.06.2016 23:00 - 21.06.2016 00:00","1897","1894"
"21.06.2016 00:00 - 21.06.2016 01:00","1746","1772"
"21.06.2016 01:00 - 21.06.2016 02:00","1690","1716"
"21.06.2016 02:00 - 21.06.2016 03:00","1686","1700"
"21.06.2016 03:00 - 21.06.2016 04:00","1685","1697"
"21.06.2016 04:00 - 21.06.2016 05:00","1701","1716"
"21.06.2016 05:00 - 21.06.2016 06:00","1815","1808"
"21.06.2016 06:00 - 21.06.2016 07:00","2124","2121"
"21.06.2016 07:00 - 21.06.2016 08:00","2493","2494"
"21.06.2016 08:00 - 21.06.2016 09:00","2663","2641"
"21.06.2016 09:00 - 21.06.2016 10:00","2656","2626"
"21.06.2016 10:00 - 21.06.2016 11:00","2719","2678"
"21.06.2016 11:00 - 21.06.2016 12:00","2661","2638"
"21.06.2016 12:00 - 21.06.2016 13:00","2578","2580"
"21.06.2016 13:00 - 21.06.2016 14:00","2618","2608"
"21.06.2016 14:00 - 21.06.2016 15:00","2563","2548"
"21.06.2016 15:00 - 21.06.2016 16:00","2439","2449"
"21.06.2016 16:00 - 21.06.2016 17:00","2395","2398"
"21.06.2016 17:00 - 21.06.2016 18:00","2516","2504"
"21.06.2016 18:00 - 21.06.2016 19:00","2410","2395"
"21.06.2016 19:00 - 21.06.2016 20:00","2271","2274"
"21.06.2016 20:00 - 21.06.2016 21:00","2178","2182"
"21.06.2016 21:00 - 21.06.2016 22:00","2098","2080"
"21.06.2016 22:00 - 21.06.2016 23:00","2045","2025"
"21.06.2016 23:00 - 22.06.2016 00:00","1923","1905"
"22.06.2016 00:00 - 22.06.2016 01:00","1769","1778"
"22.06.2016 01:00 - 22.06.2016 02:00","1694","1701"
"22.06.2016 02:00 - 22.06.2016 03:00","1658","1664"
"22.06.2016 03:00 - 22.06.2016 04:00","1654","1662"
"22.06.2016 04:00 - 22.06.2016 05:00","1660","1670"
"22.06.2016 05:00 - 22.06.2016 06:00","1777","1774"
"22.06.2016 06:00 - 22.06.2016 07:00","2105","2100"
"22.06.2016 07:00 - 22.06.2016 08:00","2468","2462"
"22.06.2016 08:00 - 22.06.2016 09:00","2631","2626"
"22.06.2016 09:00 - 22.06.2016 10:00","2663","2656"
"22.06.2016 10:00 - 22.06.2016 11:00","2740","2721"
"22.06.2016 11:00 - 22.06.2016 12:00","2740","2706"
"22.06.2016 12:00 - 22.06.2016 13:00","2647","2622"
"22.06.2016 13:00 - 22.06.2016 14:00","2660","2653"
"22.06.2016 14:00 - 22.06.2016 15:00","2599","2597"
"22.06.2016 15:00 - 22.06.2016 16:00","2479","2481"
"22.06.2016 16:00 - 22.06.2016 17:00","2421","2414"
"22.06.2016 17:00 - 22.06.2016 18:00","2486","2515"
"22.06.2016 18:00 - 22.06.2016 19:00","2411","2428"
"22.06.2016 19:00 - 22.06.2016 20:00","2299","2313"
"22.06.2016 20:00 - 22.06.2016 21:00","2206","2202"
"22.06.2016 21:00 - 22.06.2016 22:00","2105","2092"
"22.06.2016 22:00 - 22.06.2016 23:00","2041","2009"
"22.06.2016 23:00 - 23.06.2016 00:00","1923","1909"
"23.06.2016 00:00 - 23.06.2016 01:00","1784","1784"
"23.06.2016 01:00 - 23.06.2016 02:00","1710","1726"
"23.06.2016 02:00 - 23.06.2016 03:00","1681","1676"
"23.06.2016 03:00 - 23.06.2016 04:00","1679","1669"
"23.06.2016 04:00 - 23.06.2016 05:00","1670","1686"
"23.06.2016 05:00 - 23.06.2016 06:00","1784","1775"
"23.06.2016 06:00 - 23.06.2016 07:00","2109","2104"
"23.06.2016 07:00 - 23.06.2016 08:00","2498","2491"
"23.06.2016 08:00 - 23.06.2016 09:00","2663","2655"
"23.06.2016 09:00 - 23.06.2016 10:00","2693","2706"
"23.06.2016 10:00 - 23.06.2016 11:00","2778","2776"
"23.06.2016 11:00 - 23.06.2016 12:00","2782","2781"
"23.06.2016 12:00 - 23.06.2016 13:00","2716","2727"
"23.06.2016 13:00 - 23.06.2016 14:00","2745","2744"
"23.06.2016 14:00 - 23.06.2016 15:00","2660","2666"
"23.06.2016 15:00 - 23.06.2016 16:00","2571","2549"
"23.06.2016 16:00 - 23.06.2016 17:00","2507","2527"
"23.06.2016 17:00 - 23.06.2016 18:00","2597","2581"
"23.06.2016 18:00 - 23.06.2016 19:00","2491","2462"
"23.06.2016 19:00 - 23.06.2016 20:00","2320","2306"
"23.06.2016 20:00 - 23.06.2016 21:00","2204","2215"
"23.06.2016 21:00 - 23.06.2016 22:00","2121","2092"
"23.06.2016 22:00 - 23.06.2016 23:00","2058","2057"
"23.06.2016 23:00 - 24.06.2016 00:00","1949","1949"
"24.06.2016 00:00 - 24.06.2016 01:00","1803","1813"
"24.06.2016 01:00 - 24.06.2016 02:00","1725","1724"
"24.06.2016 02:00 - 24.06.2016 03:00","1689","1696"
"24.06.2016 03:00 - 24.06.2016 04:00","1690","1683"
"24.06.2016 04:00 - 24.06.2016 05:00","1670","1686"
"24.06.2016 05:00 - 24.06.2016 06:00","1762","1785"
"24.06.2016 06:00 - 24.06.2016 07:00","2086","2106"
"24.06.2016 07:00 - 24.06.2016 08:00","2486","2514"
"24.06.2016 08:00 - 24.06.2016 09:00","2683","2658"
"24.06.2016 09:00 - 24.06.2016 10:00","2680","2645"
"24.06.2016 10:00 - 24.06.2016 11:00","2744","2740"
"24.06.2016 11:00 - 24.06.2016 12:00","2714","2720"
"24.06.2016 12:00 - 24.06.2016 13:00","2606","2602"
"24.06.2016 13:00 - 24.06.2016 14:00","2520","2496"
"24.06.2016 14:00 - 24.06.2016 15:00","2358","2372"
"24.06.2016 15:00 - 24.06.2016 16:00","2262","2246"
"24.06.2016 16:00 - 24.06.2016 17:00","2224","2229"
"24.06.2016 17:00 - 24.06.2016 18:00","2316","2309"
"24.06.2016 18:00 - 24.06.2016 19:00","2252","2258"
"24.06.2016 19:00 - 24.06.2016 20:00","2145","2125"
"24.06.2016 20:00 - 24.06.2016 21:00","2015","2032"
"24.06.2016 21:00 - 24.06.2016 22:00","1921","1924"
"24.06.2016 22:00 - 24.06.2016 23:00","1855","1862"
"24.06.2016 23:00 - 25.06.2016 00:00","1742","1772"
"25.06.2016 00:00 - 25.06.2016 01:00","1638","1655"
"25.06.2016 01:00 - 25.06.2016 02:00","1567","1572"
"25.06.2016 02:00 - 25.06.2016 03:00","1513","1527"
"25.06.2016 03:00 - 25.06.2016 04:00","1488","1528"
"25.06.2016 04:00 - 25.06.2016 05:00","1484","1513"
"25.06.2016 05:00 - 25.06.2016 06:00","1521","1515"
"25.06.2016 06:00 - 25.06.2016 07:00","1621","1613"
"25.06.2016 07:00 - 25.06.2016 08:00","1781","1774"
"25.06.2016 08:00 - 25.06.2016 09:00","1948","1936"
"25.06.2016 09:00 - 25.06.2016 10:00","2053","2048"
"25.06.2016 10:00 - 25.06.2016 11:00","2111","2100"
"25.06.2016 11:00 - 25.06.2016 12:00","2107","2090"
"25.06.2016 12:00 - 25.06.2016 13:00","2057","2067"
"25.06.2016 13:00 - 25.06.2016 14:00","2042","2062"
"25.06.2016 14:00 - 25.06.2016 15:00","2025","2014"
"25.06.2016 15:00 - 25.06.2016 16:00","1949","1952"
"25.06.2016 16:00 - 25.06.2016 17:00","1971","1986"
"25.06.2016 17:00 - 25.06.2016 18:00","2120","2115"
"25.06.2016 18:00 - 25.06.2016 19:00","2098","2098"
"25.06.2016 19:00 - 25.06.2016 20:00","1968","1970"
"25.06.2016 20:00 - 25.06.2016 21:00","1850","1850"
"25.06.2016 21:00 - 25.06.2016 22:00","1775","1779"
"25.06.2016 22:00 - 25.06.2016 23:00","1745","1690"
"25.06.2016 23:00 - 26.06.2016 00:00","1676","1586"
"26.06.2016 00:00 - 26.06.2016 01:00","1481","1475"
"26.06.2016 01:00 - 26.06.2016 02:00","1416","1401"
"26.06.2016 02:00 - 26.06.2016 03:00","1388","1382"
"26.06.2016 03:00 - 26.06.2016 04:00","1377","1381"
"26.06.2016 04:00 - 26.06.2016 05:00","1378","1383"
"26.06.2016 05:00 - 26.06.2016 06:00","1359","1323"
"26.06.2016 06:00 - 26.06.2016 07:00","1400","1391"
"26.06.2016 07:00 - 26.06.2016 08:00","1528","1524"
"26.06.2016 08:00 - 26.06.2016 09:00","1706","1705"
"26.06.2016 09:00 - 26.06.2016 10:00","1832","1806"
"26.06.2016 10:00 - 26.06.2016 11:00","1884","1840"
"26.06.2016 11:00 - 26.06.2016 12:00","1889","1847"
"26.06.2016 12:00 - 26.06.2016 13:00","1850","1829"
"26.06.2016 13:00 - 26.06.2016 14:00","1800","1791"
"26.06.2016 14:00 - 26.06.2016 15:00","1771","1776"
"26.06.2016 15:00 - 26.06.2016 16:00","1753","1758"
"26.06.2016 16:00 - 26.06.2016 17:00","1819","1816"
"26.06.2016 17:00 - 26.06.2016 18:00","1978","1968"
"26.06.2016 18:00 - 26.06.2016 19:00","1983","2007"
"26.06.2016 19:00 - 26.06.2016 20:00","1946","1935"
"26.06.2016 20:00 - 26.06.2016 21:00","1861","1882"
"26.06.2016 21:00 - 26.06.2016 22:00","1813","1806"
"26.06.2016 22:00 - 26.06.2016 23:00","1793","1765"
"26.06.2016 23:00 - 27.06.2016 00:00","1705","1704"
"27.06.2016 00:00 - 27.06.2016 01:00","1642","1619"
"27.06.2016 01:00 - 27.06.2016 02:00","1550","1544"
"27.06.2016 02:00 - 27.06.2016 03:00","1526","1514"
"27.06.2016 03:00 - 27.06.2016 04:00","1525","1519"
"27.06.2016 04:00 - 27.06.2016 05:00","1537","1537"
"27.06.2016 05:00 - 27.06.2016 06:00","1649","1654"
"27.06.2016 06:00 - 27.06.2016 07:00","1983","1968"
"27.06.2016 07:00 - 27.06.2016 08:00","2370","2345"
"27.06.2016 08:00 - 27.06.2016 09:00","2539","2515"
"27.06.2016 09:00 - 27.06.2016 10:00","2573","2573"
"27.06.2016 10:00 - 27.06.2016 11:00","2663","2647"
"27.06.2016 11:00 - 27.06.2016 12:00","2677","2720"
"27.06.2016 12:00 - 27.06.2016 13:00","2611","2629"
"27.06.2016 13:00 - 27.06.2016 14:00","2631","2656"
"27.06.2016 14:00 - 27.06.2016 15:00","2614","2611"
"27.06.2016 15:00 - 27.06.2016 16:00","2465","2439"
"27.06.2016 16:00 - 27.06.2016 17:00","2376","2395"
"27.06.2016 17:00 - 27.06.2016 18:00","2529","2556"
"27.06.2016 18:00 - 27.06.2016 19:00","2464","2467"
"27.06.2016 19:00 - 27.06.2016 20:00","2310","2301"
"27.06.2016 20:00 - 27.06.2016 21:00","2181","2187"
"27.06.2016 21:00 - 27.06.2016 22:00","2063","2037"
"27.06.2016 22:00 - 27.06.2016 23:00","1988","1969"
"27.06.2016 23:00 - 28.06.2016 00:00","1863","1865"
"28.06.2016 00:00 - 28.06.2016 01:00","1726","1712"
"28.06.2016 01:00 - 28.06.2016 02:00","1640","1648"
"28.06.2016 02:00 - 28.06.2016 03:00","1605","1613"
"28.06.2016 03:00 - 28.06.2016 04:00","1608","1619"
"28.06.2016 04:00 - 28.06.2016 05:00","1619","1626"
"28.06.2016 05:00 - 28.06.2016 06:00","1729","1742"
"28.06.2016 06:00 - 28.06.2016 07:00","2076","2056"
"28.06.2016 07:00 - 28.06.2016 08:00","2457","2432"
"28.06.2016 08:00 - 28.06.2016 09:00","2616","2602"
"28.06.2016 09:00 - 28.06.2016 10:00","2649","2654"
"28.06.2016 10:00 - 28.06.2016 11:00","2717","2703"
"28.06.2016 11:00 - 28.06.2016 12:00","2712","2703"
"28.06.2016 12:00 - 28.06.2016 13:00","2645","2617"
"28.06.2016 13:00 - 28.06.2016 14:00","2661","2663"
"28.06.2016 14:00 - 28.06.2016 15:00","2612","2619"
"28.06.2016 15:00 - 28.06.2016 16:00","2497","2497"
"28.06.2016 16:00 - 28.06.2016 17:00","2433","2431"
"28.06.2016 17:00 - 28.06.2016 18:00","2538","2551"
"28.06.2016 18:00 - 28.06.2016 19:00","2476","2488"
"28.06.2016 19:00 - 28.06.2016 20:00","2345","2347"
"28.06.2016 20:00 - 28.06.2016 21:00","2243","2244"
"28.06.2016 21:00 - 28.06.2016 22:00","2119","2128"
"28.06.2016 22:00 - 28.06.2016 23:00","2011","2069"
"28.06.2016 23:00 - 29.06.2016 00:00","1874","1946"
"29.06.2016 00:00 - 29.06.2016 01:00","1810","1790"
"29.06.2016 01:00 - 29.06.2016 02:00","1701","1699"
"29.06.2016 02:00 - 29.06.2016 03:00","1642","1637"
"29.06.2016 03:00 - 29.06.2016 04:00","1632","1644"
"29.06.2016 04:00 - 29.06.2016 05:00","1656","1664"
"29.06.2016 05:00 - 29.06.2016 06:00","1757","1761"
"29.06.2016 06:00 - 29.06.2016 07:00","2087","2073"
"29.06.2016 07:00 - 29.06.2016 08:00","2439","2458"
"29.06.2016 08:00 - 29.06.2016 09:00","2637","2639"
"29.06.2016 09:00 - 29.06.2016 10:00","2688","2679"
"29.06.2016 10:00 - 29.06.2016 11:00","2771","2746"
"29.06.2016 11:00 - 29.06.2016 12:00","2775","2761"
"29.06.2016 12:00 - 29.06.2016 13:00","2701","2722"
"29.06.2016 13:00 - 29.06.2016 14:00","2694","2686"
"29.06.2016 14:00 - 29.06.2016 15:00","2627","2620"
"29.06.2016 15:00 - 29.06.2016 16:00","2509","2495"
"29.06.2016 16:00 - 29.06.2016 17:00","2438","2427"
"29.06.2016 17:00 - 29.06.2016 18:00","2533","2532"
"29.06.2016 18:00 - 29.06.2016 19:00","2488","2505"
"29.06.2016 19:00 - 29.06.2016 20:00","2403","2431"
"29.06.2016 20:00 - 29.06.2016 21:00","2328","2342"
"29.06.2016 21:00 - 29.06.2016 22:00","2212","2214"
"29.06.2016 22:00 - 29.06.2016 23:00","2107","2012"
"29.06.2016 23:00 - 30.06.2016 00:00","1951","1915"
"30.06.2016 00:00 - 30.06.2016 01:00","1773","1761"
"30.06.2016 01:00 - 30.06.2016 02:00","1685","1678"
"30.06.2016 02:00 - 30.06.2016 03:00","1652","1655"
"30.06.2016 03:00 - 30.06.2016 04:00","1657","1648"
"30.06.2016 04:00 - 30.06.2016 05:00","1654","1661"
"30.06.2016 05:00 - 30.06.2016 06:00","1751","1751"
"30.06.2016 06:00 - 30.06.2016 07:00","2057","2047"
"30.06.2016 07:00 - 30.06.2016 08:00","2436","2411"
"30.06.2016 08:00 - 30.06.2016 09:00","2603","2595"
"30.06.2016 09:00 - 30.06.2016 10:00","2639","2647"
"30.06.2016 10:00 - 30.06.2016 11:00","2707","2711"
"30.06.2016 11:00 - 30.06.2016 12:00","2707","2608"
"30.06.2016 12:00 - 30.06.2016 13:00","2615","2615"
"30.06.2016 13:00 - 30.06.2016 14:00","2640","2654"
"30.06.2016 14:00 - 30.06.2016 15:00","2582","2564"
"30.06.2016 15:00 - 30.06.2016 16:00","2441","2433"
"30.06.2016 16:00 - 30.06.2016 17:00","2359","2366"
"30.06.2016 17:00 - 30.06.2016 18:00","2471","2477"
"30.06.2016 18:00 - 30.06.2016 19:00","2367","2373"
"30.06.2016 19:00 - 30.06.2016 20:00","2252","2243"
"30.06.2016 20:00 - 30.06.2016 21:00","2127","2130"
"30.06.2016 21:00 - 30.06.2016 22:00","2031","2044"
"30.06.2016 22:00 - 30.06.2016 23:00","1970","1982"
"30.06.2016 23:00 - 01.07.2016 00:00","1866","1872"
"01.07.2016 00:00 - 01.07.2016 01:00","1761","1737"
"01.07.2016 01:00 - 01.07.2016 02:00","1672","1685"
"01.07.2016 02:00 - 01.07.2016 03:00","1641","1647"
"01.07.2016 03:00 - 01.07.2016 04:00","1640","1635"
"01.07.2016 04:00 - 01.07.2016 05:00","1626","1636"
"01.07.2016 05:00 - 01.07.2016 06:00","1727","1719"
"01.07.2016 06:00 - 01.07.2016 07:00","2033","2010"
"01.07.2016 07:00 - 01.07.2016 08:00","2384","2337"
"01.07.2016 08:00 - 01.07.2016 09:00","2546","2539"
"01.07.2016 09:00 - 01.07.2016 10:00","2582","2566"
"01.07.2016 10:00 - 01.07.2016 11:00","2641","2618"
"01.07.2016 11:00 - 01.07.2016 12:00","2583","2540"
"01.07.2016 12:00 - 01.07.2016 13:00","2429","2395"
"01.07.2016 13:00 - 01.07.2016 14:00","2322","2315"
"01.07.2016 14:00 - 01.07.2016 15:00","2200","2172"
"01.07.2016 15:00 - 01.07.2016 16:00","2092","2058"
"01.07.2016 16:00 - 01.07.2016 17:00","2055","2077"
"01.07.2016 17:00 - 01.07.2016 18:00","2174","2170"
"01.07.2016 18:00 - 01.07.2016 19:00","2143","2169"
"01.07.2016 19:00 - 01.07.2016 20:00","2048","2056"
"01.07.2016 20:00 - 01.07.2016 21:00","1945","1953"
"01.07.2016 21:00 - 01.07.2016 22:00","1863","1879"
"01.07.2016 22:00 - 01.07.2016 23:00","1809","1825"
"01.07.2016 23:00 - 02.07.2016 00:00","1730","1706"
"02.07.2016 00:00 - 02.07.2016 01:00","1586","1583"
"02.07.2016 01:00 - 02.07.2016 02:00","1494","1512"
"02.07.2016 02:00 - 02.07.2016 03:00","1478","1516"
"02.07.2016 03:00 - 02.07.2016 04:00","1486","1507"
"02.07.2016 04:00 - 02.07.2016 05:00","1451","1458"
"02.07.2016 05:00 - 02.07.2016 06:00","1444","1442"
"02.07.2016 06:00 - 02.07.2016 07:00","1517","1487"
"02.07.2016 07:00 - 02.07.2016 08:00","1636","1624"
"02.07.2016 08:00 - 02.07.2016 09:00","1798","1749"
"02.07.2016 09:00 - 02.07.2016 10:00","1868","1835"
"02.07.2016 10:00 - 02.07.2016 11:00","1899","1869"
"02.07.2016 11:00 - 02.07.2016 12:00","1885","1873"
"02.07.2016 12:00 - 02.07.2016 13:00","1827","1804"
"02.07.2016 13:00 - 02.07.2016 14:00","1793","1754"
"02.07.2016 14:00 - 02.07.2016 15:00","1721","1672"
"02.07.2016 15:00 - 02.07.2016 16:00","1690","1670"
"02.07.2016 16:00 - 02.07.2016 17:00","1696","1677"
"02.07.2016 17:00 - 02.07.2016 18:00","1807","1819"
"02.07.2016 18:00 - 02.07.2016 19:00","1855","1865"
"02.07.2016 19:00 - 02.07.2016 20:00","1779","1787"
"02.07.2016 20:00 - 02.07.2016 21:00","1714","1727"
"02.07.2016 21:00 - 02.07.2016 22:00","1648","1665"
"02.07.2016 22:00 - 02.07.2016 23:00","1615","1632"
"02.07.2016 23:00 - 03.07.2016 00:00","1563","1575"
"03.07.2016 00:00 - 03.07.2016 01:00","1472","1466"
"03.07.2016 01:00 - 03.07.2016 02:00","1378","1357"
"03.07.2016 02:00 - 03.07.2016 03:00","1338","1327"
"03.07.2016 03:00 - 03.07.2016 04:00","1341","1344"
"03.07.2016 04:00 - 03.07.2016 05:00","1334","1353"
"03.07.2016 05:00 - 03.07.2016 06:00","1355","1368"
"03.07.2016 06:00 - 03.07.2016 07:00","1436","1430"
"03.07.2016 07:00 - 03.07.2016 08:00","1549","1532"
"03.07.2016 08:00 - 03.07.2016 09:00","1682","1671"
"03.07.2016 09:00 - 03.07.2016 10:00","1801","1795"
"03.07.2016 10:00 - 03.07.2016 11:00","1838","1842"
"03.07.2016 11:00 - 03.07.2016 12:00","1914","1909"
"03.07.2016 12:00 - 03.07.2016 13:00","1920","1918"
"03.07.2016 13:00 - 03.07.2016 14:00","1916","1903"
"03.07.2016 14:00 - 03.07.2016 15:00","1872","1869"
"03.07.2016 15:00 - 03.07.2016 16:00","1850","1826"
"03.07.2016 16:00 - 03.07.2016 17:00","1835","1827"
"03.07.2016 17:00 - 03.07.2016 18:00","1997","1987"
"03.07.2016 18:00 - 03.07.2016 19:00","2018","2023"
"03.07.2016 19:00 - 03.07.2016 20:00","1937","1933"
"03.07.2016 20:00 - 03.07.2016 21:00","1844","1853"
"03.07.2016 21:00 - 03.07.2016 22:00","1776","1775"
"03.07.2016 22:00 - 03.07.2016 23:00","1752","1737"
"03.07.2016 23:00 - 04.07.2016 00:00","1672","1681"
"04.07.2016 00:00 - 04.07.2016 01:00","1589","1586"
"04.07.2016 01:00 - 04.07.2016 02:00","1526","1500"
"04.07.2016 02:00 - 04.07.2016 03:00","1478","1449"
"04.07.2016 03:00 - 04.07.2016 04:00","1483","1485"
"04.07.2016 04:00 - 04.07.2016 05:00","1514","1501"
"04.07.2016 05:00 - 04.07.2016 06:00","1601","1601"
"04.07.2016 06:00 - 04.07.2016 07:00","1909","1891"
"04.07.2016 07:00 - 04.07.2016 08:00","2271","2253"
"04.07.2016 08:00 - 04.07.2016 09:00","2443","2425"
"04.07.2016 09:00 - 04.07.2016 10:00","2509","2500"
"04.07.2016 10:00 - 04.07.2016 11:00","2591","2544"
"04.07.2016 11:00 - 04.07.2016 12:00","2566","2556"
"04.07.2016 12:00 - 04.07.2016 13:00","2494","2488"
"04.07.2016 13:00 - 04.07.2016 14:00","2496","2488"
"04.07.2016 14:00 - 04.07.2016 15:00","2469","2468"
"04.07.2016 15:00 - 04.07.2016 16:00","2332","2316"
"04.07.2016 16:00 - 04.07.2016 17:00","2258","2272"
"04.07.2016 17:00 - 04.07.2016 18:00","2359","2365"
"04.07.2016 18:00 - 04.07.2016 19:00","2303","2303"
"04.07.2016 19:00 - 04.07.2016 20:00","2175","2181"
"04.07.2016 20:00 - 04.07.2016 21:00","2060","2073"
"04.07.2016 21:00 - 04.07.2016 22:00","1962","1979"
"04.07.2016 22:00 - 04.07.2016 23:00","1877","1918"
"04.07.2016 23:00 - 05.07.2016 00:00","1766","1800"
"05.07.2016 00:00 - 05.07.2016 01:00","1666","1672"
"05.07.2016 01:00 - 05.07.2016 02:00","1614","1619"
"05.07.2016 02:00 - 05.07.2016 03:00","1597","1603"
"05.07.2016 03:00 - 05.07.2016 04:00","1603","1598"
"05.07.2016 04:00 - 05.07.2016 05:00","1606","1600"
"05.07.2016 05:00 - 05.07.2016 06:00","1697","1701"
"05.07.2016 06:00 - 05.07.2016 07:00","1990","1984"
"05.07.2016 07:00 - 05.07.2016 08:00","2350","2318"
"05.07.2016 08:00 - 05.07.2016 09:00","2520","2512"
"05.07.2016 09:00 - 05.07.2016 10:00","2576","2576"
"05.07.2016 10:00 - 05.07.2016 11:00","2664","2672"
"05.07.2016 11:00 - 05.07.2016 12:00","2671","2662"
"05.07.2016 12:00 - 05.07.2016 13:00","2625","2621"
"05.07.2016 13:00 - 05.07.2016 14:00","2656","2669"
"05.07.2016 14:00 - 05.07.2016 15:00","2607","2620"
"05.07.2016 15:00 - 05.07.2016 16:00","2501","2509"
"05.07.2016 16:00 - 05.07.2016 17:00","2445","2457"
"05.07.2016 17:00 - 05.07.2016 18:00","2551","2580"
"05.07.2016 18:00 - 05.07.2016 19:00","2477","2469"
"05.07.2016 19:00 - 05.07.2016 20:00","2306","2306"
"05.07.2016 20:00 - 05.07.2016 21:00","2179","2184"
"05.07.2016 21:00 - 05.07.2016 22:00","2079","2049"
"05.07.2016 22:00 - 05.07.2016 23:00","2009","1969"
"05.07.2016 23:00 - 06.07.2016 00:00","1874","1841"
"06.07.2016 00:00 - 06.07.2016 01:00","1693","1704"
"06.07.2016 01:00 - 06.07.2016 02:00","1622","1622"
"06.07.2016 02:00 - 06.07.2016 03:00","1586","1570"
"06.07.2016 03:00 - 06.07.2016 04:00","1560","1546"
"06.07.2016 04:00 - 06.07.2016 05:00","1560","1555"
"06.07.2016 05:00 - 06.07.2016 06:00","1659","1651"
"06.07.2016 06:00 - 06.07.2016 07:00","1964","1909"
"06.07.2016 07:00 - 06.07.2016 08:00","2305","2239"
"06.07.2016 08:00 - 06.07.2016 09:00","2423","2385"
"06.07.2016 09:00 - 06.07.2016 10:00","2471","2449"
"06.07.2016 10:00 - 06.07.2016 11:00","2555","2503"
"06.07.2016 11:00 - 06.07.2016 12:00","2527","2509"
"06.07.2016 12:00 - 06.07.2016 13:00","2464","2420"
"06.07.2016 13:00 - 06.07.2016 14:00","2464","2423"
"06.07.2016 14:00 - 06.07.2016 15:00","2401","2372"
"06.07.2016 15:00 - 06.07.2016 16:00","2291","2284"
"06.07.2016 16:00 - 06.07.2016 17:00","2233","2233"
"06.07.2016 17:00 - 06.07.2016 18:00","2300","2265"
"06.07.2016 18:00 - 06.07.2016 19:00","2200","2171"
"06.07.2016 19:00 - 06.07.2016 20:00","2043","2046"
"06.07.2016 20:00 - 06.07.2016 21:00","1921","1936"
"06.07.2016 21:00 - 06.07.2016 22:00","1829","1851"
"06.07.2016 22:00 - 06.07.2016 23:00","1761","1803"
"06.07.2016 23:00 - 07.07.2016 00:00","1664","1691"
"07.07.2016 00:00 - 07.07.2016 01:00","1572","1573"
"07.07.2016 01:00 - 07.07.2016 02:00","1511","1494"
"07.07.2016 02:00 - 07.07.2016 03:00","1473","1463"
"07.07.2016 03:00 - 07.07.2016 04:00","1468","1455"
"07.07.2016 04:00 - 07.07.2016 05:00","1480","1466"
"07.07.2016 05:00 - 07.07.2016 06:00","1572","1577"
"07.07.2016 06:00 - 07.07.2016 07:00","1876","1860"
"07.07.2016 07:00 - 07.07.2016 08:00","2216","2194"
"07.07.2016 08:00 - 07.07.2016 09:00","2356","2341"
"07.07.2016 09:00 - 07.07.2016 10:00","2406","2397"
"07.07.2016 10:00 - 07.07.2016 11:00","2500","2495"
"07.07.2016 11:00 - 07.07.2016 12:00","2491","2495"
"07.07.2016 12:00 - 07.07.2016 13:00","2458","2460"
"07.07.2016 13:00 - 07.07.2016 14:00","2501","2493"
"07.07.2016 14:00 - 07.07.2016 15:00","2460","2435"
"07.07.2016 15:00 - 07.07.2016 16:00","2352","2343"
"07.07.2016 16:00 - 07.07.2016 17:00","2284","2270"
"07.07.2016 17:00 - 07.07.2016 18:00","2381","2386"
"07.07.2016 18:00 - 07.07.2016 19:00","2333","2331"
"07.07.2016 19:00 - 07.07.2016 20:00","2204","2221"
"07.07.2016 20:00 - 07.07.2016 21:00","2087","2126"
"07.07.2016 21:00 - 07.07.2016 22:00","2028","2033"
"07.07.2016 22:00 - 07.07.2016 23:00","1923","1967"
"07.07.2016 23:00 - 08.07.2016 00:00","1772","1828"
"08.07.2016 00:00 - 08.07.2016 01:00","1681","1700"
"08.07.2016 01:00 - 08.07.2016 02:00","1616","1620"
"08.07.2016 02:00 - 08.07.2016 03:00","1584","1603"
"08.07.2016 03:00 - 08.07.2016 04:00","1572","1575"
"08.07.2016 04:00 - 08.07.2016 05:00","1587","1587"
"08.07.2016 05:00 - 08.07.2016 06:00","1649","1658"
"08.07.2016 06:00 - 08.07.2016 07:00","1957","1970"
"08.07.2016 07:00 - 08.07.2016 08:00","2314","2331"
"08.07.2016 08:00 - 08.07.2016 09:00","2502","2509"
"08.07.2016 09:00 - 08.07.2016 10:00","2550","2546"
"08.07.2016 10:00 - 08.07.2016 11:00","2606","2614"
"08.07.2016 11:00 - 08.07.2016 12:00","2571","2577"
"08.07.2016 12:00 - 08.07.2016 13:00","2485","2477"
"08.07.2016 13:00 - 08.07.2016 14:00","2390","2403"
"08.07.2016 14:00 - 08.07.2016 15:00","2306","2295"
"08.07.2016 15:00 - 08.07.2016 16:00","2218","2223"
"08.07.2016 16:00 - 08.07.2016 17:00","2210","2254"
"08.07.2016 17:00 - 08.07.2016 18:00","2331","2364"
"08.07.2016 18:00 - 08.07.2016 19:00","2302","2312"
"08.07.2016 19:00 - 08.07.2016 20:00","2154","2134"
"08.07.2016 20:00 - 08.07.2016 21:00","2007","1977"
"08.07.2016 21:00 - 08.07.2016 22:00","1912","1859"
"08.07.2016 22:00 - 08.07.2016 23:00","1863","1790"
"08.07.2016 23:00 - 09.07.2016 00:00","1772","1694"
"09.07.2016 00:00 - 09.07.2016 01:00","1566","1564"
"09.07.2016 01:00 - 09.07.2016 02:00","1492","1469"
"09.07.2016 02:00 - 09.07.2016 03:00","1448","1425"
"09.07.2016 03:00 - 09.07.2016 04:00","1439","1432"
"09.07.2016 04:00 - 09.07.2016 05:00","1409","1409"
"09.07.2016 05:00 - 09.07.2016 06:00","1408","1402"
"09.07.2016 06:00 - 09.07.2016 07:00","1495","1477"
"09.07.2016 07:00 - 09.07.2016 08:00","1633","1602"
"09.07.2016 08:00 - 09.07.2016 09:00","1779","1747"
"09.07.2016 09:00 - 09.07.2016 10:00","1852","1841"
"09.07.2016 10:00 - 09.07.2016 11:00","1853","1848"
"09.07.2016 11:00 - 09.07.2016 12:00","1842","1849"
"09.07.2016 12:00 - 09.07.2016 13:00","1781","1764"
"09.07.2016 13:00 - 09.07.2016 14:00","1709","1688"
"09.07.2016 14:00 - 09.07.2016 15:00","1678","1664"
"09.07.2016 15:00 - 09.07.2016 16:00","1648","1630"
"09.07.2016 16:00 - 09.07.2016 17:00","1658","1650"
"09.07.2016 17:00 - 09.07.2016 18:00","1769","1763"
"09.07.2016 18:00 - 09.07.2016 19:00","1788","1814"
"09.07.2016 19:00 - 09.07.2016 20:00","1727","1770"
"09.07.2016 20:00 - 09.07.2016 21:00","1700","1720"
"09.07.2016 21:00 - 09.07.2016 22:00","1653","1643"
"09.07.2016 22:00 - 09.07.2016 23:00","1622","1614"
"09.07.2016 23:00 - 10.07.2016 00:00","1556","1528"
"10.07.2016 00:00 - 10.07.2016 01:00","1446","1421"
"10.07.2016 01:00 - 10.07.2016 02:00","1351","1363"
"10.07.2016 02:00 - 10.07.2016 03:00","1352","1359"
"10.07.2016 03:00 - 10.07.2016 04:00","1354","1356"
"10.07.2016 04:00 - 10.07.2016 05:00","1335","1353"
"10.07.2016 05:00 - 10.07.2016 06:00","1336","1357"
"10.07.2016 06:00 - 10.07.2016 07:00","1414","1427"
"10.07.2016 07:00 - 10.07.2016 08:00","1539","1546"
"10.07.2016 08:00 - 10.07.2016 09:00","1697","1695"
"10.07.2016 09:00 - 10.07.2016 10:00","1835","1833"
"10.07.2016 10:00 - 10.07.2016 11:00","1893","1898"
"10.07.2016 11:00 - 10.07.2016 12:00","1896","1899"
"10.07.2016 12:00 - 10.07.2016 13:00","1870","1871"
"10.07.2016 13:00 - 10.07.2016 14:00","1853","1863"
"10.07.2016 14:00 - 10.07.2016 15:00","1832","1833"
"10.07.2016 15:00 - 10.07.2016 16:00","1821","1804"
"10.07.2016 16:00 - 10.07.2016 17:00","1838","1835"
"10.07.2016 17:00 - 10.07.2016 18:00","1976","2006"
"10.07.2016 18:00 - 10.07.2016 19:00","2031","2064"
"10.07.2016 19:00 - 10.07.2016 20:00","1968","1964"
"10.07.2016 20:00 - 10.07.2016 21:00","1896","1895"
"10.07.2016 21:00 - 10.07.2016 22:00","1831","1807"
"10.07.2016 22:00 - 10.07.2016 23:00","1801","1778"
"10.07.2016 23:00 - 11.07.2016 00:00","1714","1692"
"11.07.2016 00:00 - 11.07.2016 01:00","1600","1589"
"11.07.2016 01:00 - 11.07.2016 02:00","1522","1502"
"11.07.2016 02:00 - 11.07.2016 03:00","1496","1480"
"11.07.2016 03:00 - 11.07.2016 04:00","1507","1507"
"11.07.2016 04:00 - 11.07.2016 05:00","1522","1522"
"11.07.2016 05:00 - 11.07.2016 06:00","1602","1578"
"11.07.2016 06:00 - 11.07.2016 07:00","1857","1835"
"11.07.2016 07:00 - 11.07.2016 08:00","2212","2167"
"11.07.2016 08:00 - 11.07.2016 09:00","2403","2368"
"11.07.2016 09:00 - 11.07.2016 10:00","2462","2439"
"11.07.2016 10:00 - 11.07.2016 11:00","2534","2509"
"11.07.2016 11:00 - 11.07.2016 12:00","2523","2491"
"11.07.2016 12:00 - 11.07.2016 13:00","2397","2399"
"11.07.2016 13:00 - 11.07.2016 14:00","2424","2432"
"11.07.2016 14:00 - 11.07.2016 15:00","2366","2340"
"11.07.2016 15:00 - 11.07.2016 16:00","2231","2220"
"11.07.2016 16:00 - 11.07.2016 17:00","2121","2139"
"11.07.2016 17:00 - 11.07.2016 18:00","2262","2297"
"11.07.2016 18:00 - 11.07.2016 19:00","2253","2256"
"11.07.2016 19:00 - 11.07.2016 20:00","2148","2158"
"11.07.2016 20:00 - 11.07.2016 21:00","2031","2067"
"11.07.2016 21:00 - 11.07.2016 22:00","1932","1972"
"11.07.2016 22:00 - 11.07.2016 23:00","1869","1958"
"11.07.2016 23:00 - 12.07.2016 00:00","1759","1799"
"12.07.2016 00:00 - 12.07.2016 01:00","1613","1618"
"12.07.2016 01:00 - 12.07.2016 02:00","1573","1581"
"12.07.2016 02:00 - 12.07.2016 03:00","1526","1532"
"12.07.2016 03:00 - 12.07.2016 04:00","1504","1521"
"12.07.2016 04:00 - 12.07.2016 05:00","1556","1554"
"12.07.2016 05:00 - 12.07.2016 06:00","1618","1612"
"12.07.2016 06:00 - 12.07.2016 07:00","1874","1886"
"12.07.2016 07:00 - 12.07.2016 08:00","2219","2186"
"12.07.2016 08:00 - 12.07.2016 09:00","2384","2373"
"12.07.2016 09:00 - 12.07.2016 10:00","2433","2415"
"12.07.2016 10:00 - 12.07.2016 11:00","2484","2483"
"12.07.2016 11:00 - 12.07.2016 12:00","2495","2455"
"12.07.2016 12:00 - 12.07.2016 13:00","2412","2374"
"12.07.2016 13:00 - 12.07.2016 14:00","2397","2387"
"12.07.2016 14:00 - 12.07.2016 15:00","2353","2330"
"12.07.2016 15:00 - 12.07.2016 16:00","2258","2261"
"12.07.2016 16:00 - 12.07.2016 17:00","2205","2173"
"12.07.2016 17:00 - 12.07.2016 18:00","2247","2293"
"12.07.2016 18:00 - 12.07.2016 19:00","2226","2254"
"12.07.2016 19:00 - 12.07.2016 20:00","2128","2129"
"12.07.2016 20:00 - 12.07.2016 21:00","2017","1984"
"12.07.2016 21:00 - 12.07.2016 22:00","1909","1897"
"12.07.2016 22:00 - 12.07.2016 23:00","1865","1848"
"12.07.2016 23:00 - 13.07.2016 00:00","1769","1715"
"13.07.2016 00:00 - 13.07.2016 01:00","1594","1599"
"13.07.2016 01:00 - 13.07.2016 02:00","1519","1520"
"13.07.2016 02:00 - 13.07.2016 03:00","1486","1493"
"13.07.2016 03:00 - 13.07.2016 04:00","1506","1514"
"13.07.2016 04:00 - 13.07.2016 05:00","1509","1513"
"13.07.2016 05:00 - 13.07.2016 06:00","1598","1590"
"13.07.2016 06:00 - 13.07.2016 07:00","1854","1836"
"13.07.2016 07:00 - 13.07.2016 08:00","2198","2173"
"13.07.2016 08:00 - 13.07.2016 09:00","2384","2353"
"13.07.2016 09:00 - 13.07.2016 10:00","2444","2392"
"13.07.2016 10:00 - 13.07.2016 11:00","2483","2449"
"13.07.2016 11:00 - 13.07.2016 12:00","2450","2413"
"13.07.2016 12:00 - 13.07.2016 13:00","2370","2344"
"13.07.2016 13:00 - 13.07.2016 14:00","2380","2352"
"13.07.2016 14:00 - 13.07.2016 15:00","2337","2307"
"13.07.2016 15:00 - 13.07.2016 16:00","2190","2149"
"13.07.2016 16:00 - 13.07.2016 17:00","2124","2096"
"13.07.2016 17:00 - 13.07.2016 18:00","2216","2216"
"13.07.2016 18:00 - 13.07.2016 19:00","2186","2200"
"13.07.2016 19:00 - 13.07.2016 20:00","2072","2095"
"13.07.2016 20:00 - 13.07.2016 21:00","1945","1984"
"13.07.2016 21:00 - 13.07.2016 22:00","1824","1894"
"13.07.2016 22:00 - 13.07.2016 23:00","1764","1839"
"13.07.2016 23:00 - 14.07.2016 00:00","1666","1737"
"14.07.2016 00:00 - 14.07.2016 01:00","1610","1621"
"14.07.2016 01:00 - 14.07.2016 02:00","1542","1537"
"14.07.2016 02:00 - 14.07.2016 03:00","1515","1491"
"14.07.2016 03:00 - 14.07.2016 04:00","1504","1498"
"14.07.2016 04:00 - 14.07.2016 05:00","1519","1527"
"14.07.2016 05:00 - 14.07.2016 06:00","1611","1620"
"14.07.2016 06:00 - 14.07.2016 07:00","1904","1885"
"14.07.2016 07:00 - 14.07.2016 08:00","2232","2197"
"14.07.2016 08:00 - 14.07.2016 09:00","2409","2378"
"14.07.2016 09:00 - 14.07.2016 10:00","2482","2474"
"14.07.2016 10:00 - 14.07.2016 11:00","2571","2562"
"14.07.2016 11:00 - 14.07.2016 12:00","2553","2539"
"14.07.2016 12:00 - 14.07.2016 13:00","2488","2486"
"14.07.2016 13:00 - 14.07.2016 14:00","2495","2467"
"14.07.2016 14:00 - 14.07.2016 15:00","2437","2424"
"14.07.2016 15:00 - 14.07.2016 16:00","2334","2315"
"14.07.2016 16:00 - 14.07.2016 17:00","2273","2269"
"14.07.2016 17:00 - 14.07.2016 18:00","2368","2368"
"14.07.2016 18:00 - 14.07.2016 19:00","2308","2291"
"14.07.2016 19:00 - 14.07.2016 20:00","2175","2190"
"14.07.2016 20:00 - 14.07.2016 21:00","2042","2044"
"14.07.2016 21:00 - 14.07.2016 22:00","1914","1944"
"14.07.2016 22:00 - 14.07.2016 23:00","1855","1920"
"14.07.2016 23:00 - 15.07.2016 00:00","1753","1749"
"15.07.2016 00:00 - 15.07.2016 01:00","1623","1629"
"15.07.2016 01:00 - 15.07.2016 02:00","1560","1566"
"15.07.2016 02:00 - 15.07.2016 03:00","1517","1508"
"15.07.2016 03:00 - 15.07.2016 04:00","1499","1493"
"15.07.2016 04:00 - 15.07.2016 05:00","1504","1509"
"15.07.2016 05:00 - 15.07.2016 06:00","1573","1588"
"15.07.2016 06:00 - 15.07.2016 07:00","1867","1827"
"15.07.2016 07:00 - 15.07.2016 08:00","2109","2074"
"15.07.2016 08:00 - 15.07.2016 09:00","2268","2253"
"15.07.2016 09:00 - 15.07.2016 10:00","2359","2382"
"15.07.2016 10:00 - 15.07.2016 11:00","2432","2417"
"15.07.2016 11:00 - 15.07.2016 12:00","2374","2343"
"15.07.2016 12:00 - 15.07.2016 13:00","2274","2249"
"15.07.2016 13:00 - 15.07.2016 14:00","2183","2153"
"15.07.2016 14:00 - 15.07.2016 15:00","2099","2056"
"15.07.2016 15:00 - 15.07.2016 16:00","1969","1917"
"15.07.2016 16:00 - 15.07.2016 17:00","1867","1814"
"15.07.2016 17:00 - 15.07.2016 18:00","1945","1938"
"15.07.2016 18:00 - 15.07.2016 19:00","1936","1901"
"15.07.2016 19:00 - 15.07.2016 20:00","1794","1773"
"15.07.2016 20:00 - 15.07.2016 21:00","1685","1673"
"15.07.2016 21:00 - 15.07.2016 22:00","1622","1593"
"15.07.2016 22:00 - 15.07.2016 23:00","1605","1585"
"15.07.2016 23:00 - 16.07.2016 00:00","1557","1523"
"16.07.2016 00:00 - 16.07.2016 01:00","1437","1425"
"16.07.2016 01:00 - 16.07.2016 02:00","1365","1349"
"16.07.2016 02:00 - 16.07.2016 03:00","1323","1327"
"16.07.2016 03:00 - 16.07.2016 04:00","1324","1324"
"16.07.2016 04:00 - 16.07.2016 05:00","1319","1318"
"16.07.2016 05:00 - 16.07.2016 06:00","1297","1313"
"16.07.2016 06:00 - 16.07.2016 07:00","1386","1389"
"16.07.2016 07:00 - 16.07.2016 08:00","1535","1523"
"16.07.2016 08:00 - 16.07.2016 09:00","1695","1691"
"16.07.2016 09:00 - 16.07.2016 10:00","1806","1798"
"16.07.2016 10:00 - 16.07.2016 11:00","1876","1876"
"16.07.2016 11:00 - 16.07.2016 12:00","1874","1860"
"16.07.2016 12:00 - 16.07.2016 13:00","1840","1836"
"16.07.2016 13:00 - 16.07.2016 14:00","1812","1809"
"16.07.2016 14:00 - 16.07.2016 15:00","1775","1733"
"16.07.2016 15:00 - 16.07.2016 16:00","1711","1680"
"16.07.2016 16:00 - 16.07.2016 17:00","1702","1685"
"16.07.2016 17:00 - 16.07.2016 18:00","1791","1778"
"16.07.2016 18:00 - 16.07.2016 19:00","1770","1772"
"16.07.2016 19:00 - 16.07.2016 20:00","1675","1676"
"16.07.2016 20:00 - 16.07.2016 21:00","1594","1623"
"16.07.2016 21:00 - 16.07.2016 22:00","1553","1574"
"16.07.2016 22:00 - 16.07.2016 23:00","1551","1536"
"16.07.2016 23:00 - 17.07.2016 00:00","1485","1476"
"17.07.2016 00:00 - 17.07.2016 01:00","1370","1358"
"17.07.2016 01:00 - 17.07.2016 02:00","1284","1278"
"17.07.2016 02:00 - 17.07.2016 03:00","1269","1244"
"17.07.2016 03:00 - 17.07.2016 04:00","1236","1233"
"17.07.2016 04:00 - 17.07.2016 05:00","1225","1216"
"17.07.2016 05:00 - 17.07.2016 06:00","1202","1201"
"17.07.2016 06:00 - 17.07.2016 07:00","1267","1272"
"17.07.2016 07:00 - 17.07.2016 08:00","1403","1405"
"17.07.2016 08:00 - 17.07.2016 09:00","1569","1562"
"17.07.2016 09:00 - 17.07.2016 10:00","1677","1676"
"17.07.2016 10:00 - 17.07.2016 11:00","1739","1754"
"17.07.2016 11:00 - 17.07.2016 12:00","1780","1778"
"17.07.2016 12:00 - 17.07.2016 13:00","1761","1753"
"17.07.2016 13:00 - 17.07.2016 14:00","1726","1720"
"17.07.2016 14:00 - 17.07.2016 15:00","1709","1693"
"17.07.2016 15:00 - 17.07.2016 16:00","1697","1701"
"17.07.2016 16:00 - 17.07.2016 17:00","1728","1729"
"17.07.2016 17:00 - 17.07.2016 18:00","1863","1854"
"17.07.2016 18:00 - 17.07.2016 19:00","1887","1907"
"17.07.2016 19:00 - 17.07.2016 20:00","1819","1804"
"17.07.2016 20:00 - 17.07.2016 21:00","1729","1711"
"17.07.2016 21:00 - 17.07.2016 22:00","1631","1625"
"17.07.2016 22:00 - 17.07.2016 23:00","1586","1594"
"17.07.2016 23:00 - 18.07.2016 00:00","1470","1500"
"18.07.2016 00:00 - 18.07.2016 01:00","1409","1407"
"18.07.2016 01:00 - 18.07.2016 02:00","1330","1345"
"18.07.2016 02:00 - 18.07.2016 03:00","1320","1322"
"18.07.2016 03:00 - 18.07.2016 04:00","1300","1315"
"18.07.2016 04:00 - 18.07.2016 05:00","1313","1342"
"18.07.2016 05:00 - 18.07.2016 06:00","1361","1380"
"18.07.2016 06:00 - 18.07.2016 07:00","1604","1598"
"18.07.2016 07:00 - 18.07.2016 08:00","1890","1890"
"18.07.2016 08:00 - 18.07.2016 09:00","2098","2098"
"18.07.2016 09:00 - 18.07.2016 10:00","2196","2209"
"18.07.2016 10:00 - 18.07.2016 11:00","2262","2246"
"18.07.2016 11:00 - 18.07.2016 12:00","2248","2223"
"18.07.2016 12:00 - 18.07.2016 13:00","2189","2176"
"18.07.2016 13:00 - 18.07.2016 14:00","2191","2174"
"18.07.2016 14:00 - 18.07.2016 15:00","2138","2125"
"18.07.2016 15:00 - 18.07.2016 16:00","2045","2035"
"18.07.2016 16:00 - 18.07.2016 17:00","1995","2001"
"18.07.2016 17:00 - 18.07.2016 18:00","2101","2129"
"18.07.2016 18:00 - 18.07.2016 19:00","2103","2111"
"18.07.2016 19:00 - 18.07.2016 20:00","1977","1978"
"18.07.2016 20:00 - 18.07.2016 21:00","1866","1890"
"18.07.2016 21:00 - 18.07.2016 22:00","1793","1822"
"18.07.2016 22:00 - 18.07.2016 23:00","1748","1769"
"18.07.2016 23:00 - 19.07.2016 00:00","1629","1628"
"19.07.2016 00:00 - 19.07.2016 01:00","1498","1498"
"19.07.2016 01:00 - 19.07.2016 02:00","1435","1432"
"19.07.2016 02:00 - 19.07.2016 03:00","1403","1392"
"19.07.2016 03:00 - 19.07.2016 04:00","1390","1382"
"19.07.2016 04:00 - 19.07.2016 05:00","1403","1408"
"19.07.2016 05:00 - 19.07.2016 06:00","1446","1449"
"19.07.2016 06:00 - 19.07.2016 07:00","1674","1667"
"19.07.2016 07:00 - 19.07.2016 08:00","1999","1961"
"19.07.2016 08:00 - 19.07.2016 09:00","2177","2140"
"19.07.2016 09:00 - 19.07.2016 10:00","2244","2212"
"19.07.2016 10:00 - 19.07.2016 11:00","2292","2271"
"19.07.2016 11:00 - 19.07.2016 12:00","2293","2295"
"19.07.2016 12:00 - 19.07.2016 13:00","2261","2258"
"19.07.2016 13:00 - 19.07.2016 14:00","2260","2272"
"19.07.2016 14:00 - 19.07.2016 15:00","2223","2212"
"19.07.2016 15:00 - 19.07.2016 16:00","2130","2128"
"19.07.2016 16:00 - 19.07.2016 17:00","2080","2079"
"19.07.2016 17:00 - 19.07.2016 18:00","2168","2175"
"19.07.2016 18:00 - 19.07.2016 19:00","2148","2158"
"19.07.2016 19:00 - 19.07.2016 20:00","2027","2047"
"19.07.2016 20:00 - 19.07.2016 21:00","1915","1938"
"19.07.2016 21:00 - 19.07.2016 22:00","1817","1854"
"19.07.2016 22:00 - 19.07.2016 23:00","1762","1815"
"19.07.2016 23:00 - 20.07.2016 00:00","1641","1684"
"20.07.2016 00:00 - 20.07.2016 01:00","1541","1566"
"20.07.2016 01:00 - 20.07.2016 02:00","1487","1498"
"20.07.2016 02:00 - 20.07.2016 03:00","1456","1458"
"20.07.2016 03:00 - 20.07.2016 04:00","1453","1452"
"20.07.2016 04:00 - 20.07.2016 05:00","1462","1466"
"20.07.2016 05:00 - 20.07.2016 06:00","1494","1503"
"20.07.2016 06:00 - 20.07.2016 07:00","1713","1707"
"20.07.2016 07:00 - 20.07.2016 08:00","2007","1983"
"20.07.2016 08:00 - 20.07.2016 09:00","2243","2178"
"20.07.2016 09:00 - 20.07.2016 10:00","2312","2264"
"20.07.2016 10:00 - 20.07.2016 11:00","2351","2312"
"20.07.2016 11:00 - 20.07.2016 12:00","2317","2311"
"20.07.2016 12:00 - 20.07.2016 13:00","2270","2266"
"20.07.2016 13:00 - 20.07.2016 14:00","2248","2256"
"20.07.2016 14:00 - 20.07.2016 15:00","2222","2207"
"20.07.2016 15:00 - 20.07.2016 16:00","2130","2115"
"20.07.2016 16:00 - 20.07.2016 17:00","2077","2065"
"20.07.2016 17:00 - 20.07.2016 18:00","2129","2115"
"20.07.2016 18:00 - 20.07.2016 19:00","2076","2074"
"20.07.2016 19:00 - 20.07.2016 20:00","1961","1978"
"20.07.2016 20:00 - 20.07.2016 21:00","1878","1870"
"20.07.2016 21:00 - 20.07.2016 22:00","1774","1788"
"20.07.2016 22:00 - 20.07.2016 23:00","1737","1765"
"20.07.2016 23:00 - 21.07.2016 00:00","1621","1626"
"21.07.2016 00:00 - 21.07.2016 01:00","1500","1495"
"21.07.2016 01:00 - 21.07.2016 02:00","1428","1422"
"21.07.2016 02:00 - 21.07.2016 03:00","1386","1377"
"21.07.2016 03:00 - 21.07.2016 04:00","1371","1383"
"21.07.2016 04:00 - 21.07.2016 05:00","1401","1404"
"21.07.2016 05:00 - 21.07.2016 06:00","1442","1441"
"21.07.2016 06:00 - 21.07.2016 07:00","1658","1635"
"21.07.2016 07:00 - 21.07.2016 08:00","1941","1894"
"21.07.2016 08:00 - 21.07.2016 09:00","2109","2099"
"21.07.2016 09:00 - 21.07.2016 10:00","2203","2180"
"21.07.2016 10:00 - 21.07.2016 11:00","2262","2244"
"21.07.2016 11:00 - 21.07.2016 12:00","2258","2257"
"21.07.2016 12:00 - 21.07.2016 13:00","2222","2230"
"21.07.2016 13:00 - 21.07.2016 14:00","2237","2252"
"21.07.2016 14:00 - 21.07.2016 15:00","2221","2228"
"21.07.2016 15:00 - 21.07.2016 16:00","2135","2117"
"21.07.2016 16:00 - 21.07.2016 17:00","2082","2100"
"21.07.2016 17:00 - 21.07.2016 18:00","2160","2163"
"21.07.2016 18:00 - 21.07.2016 19:00","2120","2125"
"21.07.2016 19:00 - 21.07.2016 20:00","1999","2012"
"21.07.2016 20:00 - 21.07.2016 21:00","1899","1912"
"21.07.2016 21:00 - 21.07.2016 22:00","1799","1839"
"21.07.2016 22:00 - 21.07.2016 23:00","1744","1813"
"21.07.2016 23:00 - 22.07.2016 00:00","1623","1680"
"22.07.2016 00:00 - 22.07.2016 01:00","1537","1547"
"22.07.2016 01:00 - 22.07.2016 02:00","1468","1470"
"22.07.2016 02:00 - 22.07.2016 03:00","1443","1438"
"22.07.2016 03:00 - 22.07.2016 04:00","1428","1431"
"22.07.2016 04:00 - 22.07.2016 05:00","1439","1450"
"22.07.2016 05:00 - 22.07.2016 06:00","1476","1483"
"22.07.2016 06:00 - 22.07.2016 07:00","1689","1694"
"22.07.2016 07:00 - 22.07.2016 08:00","1977","1967"
"22.07.2016 08:00 - 22.07.2016 09:00","2174","2168"
"22.07.2016 09:00 - 22.07.2016 10:00","2277","2264"
"22.07.2016 10:00 - 22.07.2016 11:00","2314","2298"
"22.07.2016 11:00 - 22.07.2016 12:00","2291","2277"
"22.07.2016 12:00 - 22.07.2016 13:00","2221","2212"
"22.07.2016 13:00 - 22.07.2016 14:00","2175","2176"
"22.07.2016 14:00 - 22.07.2016 15:00","2109","2100"
"22.07.2016 15:00 - 22.07.2016 16:00","2054","2041"
"22.07.2016 16:00 - 22.07.2016 17:00","2031","2027"
"22.07.2016 17:00 - 22.07.2016 18:00","2103","2102"
"22.07.2016 18:00 - 22.07.2016 19:00","2083","2092"
"22.07.2016 19:00 - 22.07.2016 20:00","1959","1976"
"22.07.2016 20:00 - 22.07.2016 21:00","1857","1867"
"22.07.2016 21:00 - 22.07.2016 22:00","1783","1814"
"22.07.2016 22:00 - 22.07.2016 23:00","1743","1792"
"22.07.2016 23:00 - 23.07.2016 00:00","1641","1655"
"23.07.2016 00:00 - 23.07.2016 01:00","1538","1541"
"23.07.2016 01:00 - 23.07.2016 02:00","1462","1464"
"23.07.2016 02:00 - 23.07.2016 03:00","1424","1430"
"23.07.2016 03:00 - 23.07.2016 04:00","1410","1420"
"23.07.2016 04:00 - 23.07.2016 05:00","1409","1425"
"23.07.2016 05:00 - 23.07.2016 06:00","1394","1390"
"23.07.2016 06:00 - 23.07.2016 07:00","1454","1449"
"23.07.2016 07:00 - 23.07.2016 08:00","1593","1600"
"23.07.2016 08:00 - 23.07.2016 09:00","1762","1764"
"23.07.2016 09:00 - 23.07.2016 10:00","1867","1858"
"23.07.2016 10:00 - 23.07.2016 11:00","1902","1901"
"23.07.2016 11:00 - 23.07.2016 12:00","1899","1888"
"23.07.2016 12:00 - 23.07.2016 13:00","1864","1872"
"23.07.2016 13:00 - 23.07.2016 14:00","1840","1834"
"23.07.2016 14:00 - 23.07.2016 15:00","1802","1796"
"23.07.2016 15:00 - 23.07.2016 16:00","1777","1764"
"23.07.2016 16:00 - 23.07.2016 17:00","1795","1772"
"23.07.2016 17:00 - 23.07.2016 18:00","1883","1881"
"23.07.2016 18:00 - 23.07.2016 19:00","1883","1908"
"23.07.2016 19:00 - 23.07.2016 20:00","1815","1833"
"23.07.2016 20:00 - 23.07.2016 21:00","1749","1744"
"23.07.2016 21:00 - 23.07.2016 22:00","1704","1675"
"23.07.2016 22:00 - 23.07.2016 23:00","1687","1680"
"23.07.2016 23:00 - 24.07.2016 00:00","1589","1573"
"24.07.2016 00:00 - 24.07.2016 01:00","1465","1459"
"24.07.2016 01:00 - 24.07.2016 02:00","1394","1371"
"24.07.2016 02:00 - 24.07.2016 03:00","1340","1327"
"24.07.2016 03:00 - 24.07.2016 04:00","1315","1319"
"24.07.2016 04:00 - 24.07.2016 05:00","1315","1314"
"24.07.2016 05:00 - 24.07.2016 06:00","1286","1298"
"24.07.2016 06:00 - 24.07.2016 07:00","1336","1356"
"24.07.2016 07:00 - 24.07.2016 08:00","1480","1493"
"24.07.2016 08:00 - 24.07.2016 09:00","1658","1663"
"24.07.2016 09:00 - 24.07.2016 10:00","1782","1769"
"24.07.2016 10:00 - 24.07.2016 11:00","1821","1806"
"24.07.2016 11:00 - 24.07.2016 12:00","1811","1801"
"24.07.2016 12:00 - 24.07.2016 13:00","1779","1785"
"24.07.2016 13:00 - 24.07.2016 14:00","1766","1764"
"24.07.2016 14:00 - 24.07.2016 15:00","1770","1733"
"24.07.2016 15:00 - 24.07.2016 16:00","1755","1722"
"24.07.2016 16:00 - 24.07.2016 17:00","1755","1748"
"24.07.2016 17:00 - 24.07.2016 18:00","1883","1865"
"24.07.2016 18:00 - 24.07.2016 19:00","1893","1899"
"24.07.2016 19:00 - 24.07.2016 20:00","1837","1853"
"24.07.2016 20:00 - 24.07.2016 21:00","1784","1777"
"24.07.2016 21:00 - 24.07.2016 22:00","1729","1720"
"24.07.2016 22:00 - 24.07.2016 23:00","1716","1710"
"24.07.2016 23:00 - 25.07.2016 00:00","1606","1587"
"25.07.2016 00:00 - 25.07.2016 01:00","1489","1482"
"25.07.2016 01:00 - 25.07.2016 02:00","1413","1405"
"25.07.2016 02:00 - 25.07.2016 03:00","1379","1369"
"25.07.2016 03:00 - 25.07.2016 04:00","1382","1380"
"25.07.2016 04:00 - 25.07.2016 05:00","1404","1380"
"25.07.2016 05:00 - 25.07.2016 06:00","1442","1426"
"25.07.2016 06:00 - 25.07.2016 07:00","1650","1630"
"25.07.2016 07:00 - 25.07.2016 08:00","1944","1916"
"25.07.2016 08:00 - 25.07.2016 09:00","2142","2139"
"25.07.2016 09:00 - 25.07.2016 10:00","2253","2261"
"25.07.2016 10:00 - 25.07.2016 11:00","2342","2330"
"25.07.2016 11:00 - 25.07.2016 12:00","2348","2318"
"25.07.2016 12:00 - 25.07.2016 13:00","2294","2276"
"25.07.2016 13:00 - 25.07.2016 14:00","2294","2256"
"25.07.2016 14:00 - 25.07.2016 15:00","2233","2218"
"25.07.2016 15:00 - 25.07.2016 16:00","2131","2142"
"25.07.2016 16:00 - 25.07.2016 17:00","2112","2115"
"25.07.2016 17:00 - 25.07.2016 18:00","2193","2218"
"25.07.2016 18:00 - 25.07.2016 19:00","2199","2214"
"25.07.2016 19:00 - 25.07.2016 20:00","2070","2063"
"25.07.2016 20:00 - 25.07.2016 21:00","1940","1947"
"25.07.2016 21:00 - 25.07.2016 22:00","1858","1874"
"25.07.2016 22:00 - 25.07.2016 23:00","1811","1832"
"25.07.2016 23:00 - 26.07.2016 00:00","1655","1684"
"26.07.2016 00:00 - 26.07.2016 01:00","1549","1540"
"26.07.2016 01:00 - 26.07.2016 02:00","1466","1457"
"26.07.2016 02:00 - 26.07.2016 03:00","1435","1427"
"26.07.2016 03:00 - 26.07.2016 04:00","1415","1413"
"26.07.2016 04:00 - 26.07.2016 05:00","1429","1434"
"26.07.2016 05:00 - 26.07.2016 06:00","1471","1462"
"26.07.2016 06:00 - 26.07.2016 07:00","1678","1650"
"26.07.2016 07:00 - 26.07.2016 08:00","1971","1915"
"26.07.2016 08:00 - 26.07.2016 09:00","2133","2088"
"26.07.2016 09:00 - 26.07.2016 10:00","2204","2175"
"26.07.2016 10:00 - 26.07.2016 11:00","2254","2211"
"26.07.2016 11:00 - 26.07.2016 12:00","2241","2223"
"26.07.2016 12:00 - 26.07.2016 13:00","2194","2190"
"26.07.2016 13:00 - 26.07.2016 14:00","2189","2174"
"26.07.2016 14:00 - 26.07.2016 15:00","2140","2121"
"26.07.2016 15:00 - 26.07.2016 16:00","2055","2041"
"26.07.2016 16:00 - 26.07.2016 17:00","2006","2025"
"26.07.2016 17:00 - 26.07.2016 18:00","2115","2110"
"26.07.2016 18:00 - 26.07.2016 19:00","2084","2082"
"26.07.2016 19:00 - 26.07.2016 20:00","1956","1973"
"26.07.2016 20:00 - 26.07.2016 21:00","1864","1884"
"26.07.2016 21:00 - 26.07.2016 22:00","1782","1822"
"26.07.2016 22:00 - 26.07.2016 23:00","1731","1812"
"26.07.2016 23:00 - 27.07.2016 00:00","1598","1672"
"27.07.2016 00:00 - 27.07.2016 01:00","1550","1540"
"27.07.2016 01:00 - 27.07.2016 02:00","1468","1459"
"27.07.2016 02:00 - 27.07.2016 03:00","1439","1425"
"27.07.2016 03:00 - 27.07.2016 04:00","1433","1422"
"27.07.2016 04:00 - 27.07.2016 05:00","1444","1434"
"27.07.2016 05:00 - 27.07.2016 06:00","1480","1461"
"27.07.2016 06:00 - 27.07.2016 07:00","1666","1647"
"27.07.2016 07:00 - 27.07.2016 08:00","1935","1899"
"27.07.2016 08:00 - 27.07.2016 09:00","2095","2095"
"27.07.2016 09:00 - 27.07.2016 10:00","2195","2178"
"27.07.2016 10:00 - 27.07.2016 11:00","2257","2245"
"27.07.2016 11:00 - 27.07.2016 12:00","2252","2216"
"27.07.2016 12:00 - 27.07.2016 13:00","2198","2193"
"27.07.2016 13:00 - 27.07.2016 14:00","2205","2204"
"27.07.2016 14:00 - 27.07.2016 15:00","2165","2178"
"27.07.2016 15:00 - 27.07.2016 16:00","2084","2098"
"27.07.2016 16:00 - 27.07.2016 17:00","2046","2056"
"27.07.2016 17:00 - 27.07.2016 18:00","2151","2178"
"27.07.2016 18:00 - 27.07.2016 19:00","2177","2193"
"27.07.2016 19:00 - 27.07.2016 20:00","2076","2074"
"27.07.2016 20:00 - 27.07.2016 21:00","1952","1943"
"27.07.2016 21:00 - 27.07.2016 22:00","1882","1862"
"27.07.2016 22:00 - 27.07.2016 23:00","1851","1809"
"27.07.2016 23:00 - 28.07.2016 00:00","1706","1648"
"28.07.2016 00:00 - 28.07.2016 01:00","1523","1522"
"28.07.2016 01:00 - 28.07.2016 02:00","1447","1451"
"28.07.2016 02:00 - 28.07.2016 03:00","1420","1416"
"28.07.2016 03:00 - 28.07.2016 04:00","1421","1414"
"28.07.2016 04:00 - 28.07.2016 05:00","1435","1426"
"28.07.2016 05:00 - 28.07.2016 06:00","1476","1451"
"28.07.2016 06:00 - 28.07.2016 07:00","1676","1643"
"28.07.2016 07:00 - 28.07.2016 08:00","1960","1935"
"28.07.2016 08:00 - 28.07.2016 09:00","2152","2136"
"28.07.2016 09:00 - 28.07.2016 10:00","2251","2219"
"28.07.2016 10:00 - 28.07.2016 11:00","2287","2290"
"28.07.2016 11:00 - 28.07.2016 12:00","2302","2299"
"28.07.2016 12:00 - 28.07.2016 13:00","2268","2258"
"28.07.2016 13:00 - 28.07.2016 14:00","2255","2230"
"28.07.2016 14:00 - 28.07.2016 15:00","2188","2183"
"28.07.2016 15:00 - 28.07.2016 16:00","2088","2096"
"28.07.2016 16:00 - 28.07.2016 17:00","2057","2064"
"28.07.2016 17:00 - 28.07.2016 18:00","2149","2154"
"28.07.2016 18:00 - 28.07.2016 19:00","2124","2147"
"28.07.2016 19:00 - 28.07.2016 20:00","2019","2042"
"28.07.2016 20:00 - 28.07.2016 21:00","1913","1940"
"28.07.2016 21:00 - 28.07.2016 22:00","1837","1874"
"28.07.2016 22:00 - 28.07.2016 23:00","1783","1848"
"28.07.2016 23:00 - 29.07.2016 00:00","1627","1707"
"29.07.2016 00:00 - 29.07.2016 01:00","1535","1576"
"29.07.2016 01:00 - 29.07.2016 02:00","1467","1494"
"29.07.2016 02:00 - 29.07.2016 03:00","1431","1447"
"29.07.2016 03:00 - 29.07.2016 04:00","1426","1435"
"29.07.2016 04:00 - 29.07.2016 05:00","1445","1458"
"29.07.2016 05:00 - 29.07.2016 06:00","1473","1486"
"29.07.2016 06:00 - 29.07.2016 07:00","1693","1667"
"29.07.2016 07:00 - 29.07.2016 08:00","1983","1928"
"29.07.2016 08:00 - 29.07.2016 09:00","2133","2131"
"29.07.2016 09:00 - 29.07.2016 10:00","2233","2238"
"29.07.2016 10:00 - 29.07.2016 11:00","2316","2307"
"29.07.2016 11:00 - 29.07.2016 12:00","2297","2280"
"29.07.2016 12:00 - 29.07.2016 13:00","2235","2248"
"29.07.2016 13:00 - 29.07.2016 14:00","2184","2194"
"29.07.2016 14:00 - 29.07.2016 15:00","2111","2109"
"29.07.2016 15:00 - 29.07.2016 16:00","2033","2028"
"29.07.2016 16:00 - 29.07.2016 17:00","2020","2030"
"29.07.2016 17:00 - 29.07.2016 18:00","2104","2125"
"29.07.2016 18:00 - 29.07.2016 19:00","2079","2124"
"29.07.2016 19:00 - 29.07.2016 20:00","1934","2002"
"29.07.2016 20:00 - 29.07.2016 21:00","1833","1889"
"29.07.2016 21:00 - 29.07.2016 22:00","1825","1825"
"29.07.2016 22:00 - 29.07.2016 23:00","1790","1796"
"29.07.2016 23:00 - 30.07.2016 00:00","1667","1659"
"30.07.2016 00:00 - 30.07.2016 01:00","1530","1525"
"30.07.2016 01:00 - 30.07.2016 02:00","1456","1458"
"30.07.2016 02:00 - 30.07.2016 03:00","1437","1422"
"30.07.2016 03:00 - 30.07.2016 04:00","1419","1399"
"30.07.2016 04:00 - 30.07.2016 05:00","1405","1407"
"30.07.2016 05:00 - 30.07.2016 06:00","1388","1390"
"30.07.2016 06:00 - 30.07.2016 07:00","1456","1449"
"30.07.2016 07:00 - 30.07.2016 08:00","1588","1580"
"30.07.2016 08:00 - 30.07.2016 09:00","1762","1746"
"30.07.2016 09:00 - 30.07.2016 10:00","1871","1845"
"30.07.2016 10:00 - 30.07.2016 11:00","1922","1885"
"30.07.2016 11:00 - 30.07.2016 12:00","1893","1862"
"30.07.2016 12:00 - 30.07.2016 13:00","1838","1820"
"30.07.2016 13:00 - 30.07.2016 14:00","1788","1766"
"30.07.2016 14:00 - 30.07.2016 15:00","1742","1720"
"30.07.2016 15:00 - 30.07.2016 16:00","1673","1671"
"30.07.2016 16:00 - 30.07.2016 17:00","1695","1686"
"30.07.2016 17:00 - 30.07.2016 18:00","1808","1823"
"30.07.2016 18:00 - 30.07.2016 19:00","1829","1833"
"30.07.2016 19:00 - 30.07.2016 20:00","1737","1760"
"30.07.2016 20:00 - 30.07.2016 21:00","1680","1688"
"30.07.2016 21:00 - 30.07.2016 22:00","1635","1625"
"30.07.2016 22:00 - 30.07.2016 23:00","1609","1623"
"30.07.2016 23:00 - 31.07.2016 00:00","1493","1516"
"31.07.2016 00:00 - 31.07.2016 01:00","1458","1420"
"31.07.2016 01:00 - 31.07.2016 02:00","1340","1336"
"31.07.2016 02:00 - 31.07.2016 03:00","1289","1286"
"31.07.2016 03:00 - 31.07.2016 04:00","1276","1291"
"31.07.2016 04:00 - 31.07.2016 05:00","1289","1299"
"31.07.2016 05:00 - 31.07.2016 06:00","1274","1265"
"31.07.2016 06:00 - 31.07.2016 07:00","1311","1317"
"31.07.2016 07:00 - 31.07.2016 08:00","1442","1448"
"31.07.2016 08:00 - 31.07.2016 09:00","1628","1619"
"31.07.2016 09:00 - 31.07.2016 10:00","1750","1734"
"31.07.2016 10:00 - 31.07.2016 11:00","1813","1784"
"31.07.2016 11:00 - 31.07.2016 12:00","1798","1796"
"31.07.2016 12:00 - 31.07.2016 13:00","1786","1761"
"31.07.2016 13:00 - 31.07.2016 14:00","1752","1746"
"31.07.2016 14:00 - 31.07.2016 15:00","1741","1731"
"31.07.2016 15:00 - 31.07.2016 16:00","1726","1718"
"31.07.2016 16:00 - 31.07.2016 17:00","1758","1762"
"31.07.2016 17:00 - 31.07.2016 18:00","1904","1914"
"31.07.2016 18:00 - 31.07.2016 19:00","1917","1932"
"31.07.2016 19:00 - 31.07.2016 20:00","1843","1838"
"31.07.2016 20:00 - 31.07.2016 21:00","1753","1765"
"31.07.2016 21:00 - 31.07.2016 22:00","1693","1717"
"31.07.2016 22:00 - 31.07.2016 23:00","1670","1694"
"31.07.2016 23:00 - 01.08.2016 00:00","1540","1539"
"01.08.2016 00:00 - 01.08.2016 01:00","1440","1432"
"01.08.2016 01:00 - 01.08.2016 02:00","1365","1370"
"01.08.2016 02:00 - 01.08.2016 03:00","1346","1353"
"01.08.2016 03:00 - 01.08.2016 04:00","1359","1356"
"01.08.2016 04:00 - 01.08.2016 05:00","1386","1381"
"01.08.2016 05:00 - 01.08.2016 06:00","1460","1448"
"01.08.2016 06:00 - 01.08.2016 07:00","1712","1706"
"01.08.2016 07:00 - 01.08.2016 08:00","2056","2015"
"01.08.2016 08:00 - 01.08.2016 09:00","2223","2218"
"01.08.2016 09:00 - 01.08.2016 10:00","2295","2289"
"01.08.2016 10:00 - 01.08.2016 11:00","2392","2354"
"01.08.2016 11:00 - 01.08.2016 12:00","2367","2348"
"01.08.2016 12:00 - 01.08.2016 13:00","2307","2301"
"01.08.2016 13:00 - 01.08.2016 14:00","2339","2297"
"01.08.2016 14:00 - 01.08.2016 15:00","2237","2203"
"01.08.2016 15:00 - 01.08.2016 16:00","2098","2105"
"01.08.2016 16:00 - 01.08.2016 17:00","2053","2029"
"01.08.2016 17:00 - 01.08.2016 18:00","2152","2200"
"01.08.2016 18:00 - 01.08.2016 19:00","2157","2155"
"01.08.2016 19:00 - 01.08.2016 20:00","2032","2035"
"01.08.2016 20:00 - 01.08.2016 21:00","1912","1913"
"01.08.2016 21:00 - 01.08.2016 22:00","1836","1852"
"01.08.2016 22:00 - 01.08.2016 23:00","1781","1794"
"01.08.2016 23:00 - 02.08.2016 00:00","1623","1618"
"02.08.2016 00:00 - 02.08.2016 01:00","1519","1501"
"02.08.2016 01:00 - 02.08.2016 02:00","1451","1457"
"02.08.2016 02:00 - 02.08.2016 03:00","1427","1425"
"02.08.2016 03:00 - 02.08.2016 04:00","1428","1436"
"02.08.2016 04:00 - 02.08.2016 05:00","1461","1452"
"02.08.2016 05:00 - 02.08.2016 06:00","1509","1525"
"02.08.2016 06:00 - 02.08.2016 07:00","1775","1767"
"02.08.2016 07:00 - 02.08.2016 08:00","2112","2091"
"02.08.2016 08:00 - 02.08.2016 09:00","2300","2317"
"02.08.2016 09:00 - 02.08.2016 10:00","2380","2374"
"02.08.2016 10:00 - 02.08.2016 11:00","2455","2451"
"02.08.2016 11:00 - 02.08.2016 12:00","2438","2423"
"02.08.2016 12:00 - 02.08.2016 13:00","2379","2375"
"02.08.2016 13:00 - 02.08.2016 14:00","2364","2351"
"02.08.2016 14:00 - 02.08.2016 15:00","2307","2307"
"02.08.2016 15:00 - 02.08.2016 16:00","2219","2200"
"02.08.2016 16:00 - 02.08.2016 17:00","2159","2151"
"02.08.2016 17:00 - 02.08.2016 18:00","2245","2259"
"02.08.2016 18:00 - 02.08.2016 19:00","2222","2228"
"02.08.2016 19:00 - 02.08.2016 20:00","2107","2102"
"02.08.2016 20:00 - 02.08.2016 21:00","1985","1998"
"02.08.2016 21:00 - 02.08.2016 22:00","1911","1936"
"02.08.2016 22:00 - 02.08.2016 23:00","1832","1904"
"02.08.2016 23:00 - 03.08.2016 00:00","1667","1741"
"03.08.2016 00:00 - 03.08.2016 01:00","1609","1600"
"03.08.2016 01:00 - 03.08.2016 02:00","1533","1521"
"03.08.2016 02:00 - 03.08.2016 03:00","1481","1471"
"03.08.2016 03:00 - 03.08.2016 04:00","1469","1447"
"03.08.2016 04:00 - 03.08.2016 05:00","1466","1457"
"03.08.2016 05:00 - 03.08.2016 06:00","1509","1495"
"03.08.2016 06:00 - 03.08.2016 07:00","1738","1722"
"03.08.2016 07:00 - 03.08.2016 08:00","2058","2058"
"03.08.2016 08:00 - 03.08.2016 09:00","2263","2267"
"03.08.2016 09:00 - 03.08.2016 10:00","2345","2320"
"03.08.2016 10:00 - 03.08.2016 11:00","2400","2384"
"03.08.2016 11:00 - 03.08.2016 12:00","2395","2384"
"03.08.2016 12:00 - 03.08.2016 13:00","2368","2398"
"03.08.2016 13:00 - 03.08.2016 14:00","2422","2421"
"03.08.2016 14:00 - 03.08.2016 15:00","2371","2376"
"03.08.2016 15:00 - 03.08.2016 16:00","2269","2259"
"03.08.2016 16:00 - 03.08.2016 17:00","2246","2243"
"03.08.2016 17:00 - 03.08.2016 18:00","2360","2377"
"03.08.2016 18:00 - 03.08.2016 19:00","2308","2293"
"03.08.2016 19:00 - 03.08.2016 20:00","2121","2111"
"03.08.2016 20:00 - 03.08.2016 21:00","1971","1990"
"03.08.2016 21:00 - 03.08.2016 22:00","1900","1923"
"03.08.2016 22:00 - 03.08.2016 23:00","1831","1861"
"03.08.2016 23:00 - 04.08.2016 00:00","1675","1682"
"04.08.2016 00:00 - 04.08.2016 01:00","1579","1564"
"04.08.2016 01:00 - 04.08.2016 02:00","1517","1508"
"04.08.2016 02:00 - 04.08.2016 03:00","1463","1455"
"04.08.2016 03:00 - 04.08.2016 04:00","1468","1460"
"04.08.2016 04:00 - 04.08.2016 05:00","1494","1482"
"04.08.2016 05:00 - 04.08.2016 06:00","1559","1547"
"04.08.2016 06:00 - 04.08.2016 07:00","1804","1781"
"04.08.2016 07:00 - 04.08.2016 08:00","2104","2086"
"04.08.2016 08:00 - 04.08.2016 09:00","2290","2291"
"04.08.2016 09:00 - 04.08.2016 10:00","2379","2350"
"04.08.2016 10:00 - 04.08.2016 11:00","2416","2350"
"04.08.2016 11:00 - 04.08.2016 12:00","2434","2425"
"04.08.2016 12:00 - 04.08.2016 13:00","2370","2354"
"04.08.2016 13:00 - 04.08.2016 14:00","2380","2354"
"04.08.2016 14:00 - 04.08.2016 15:00","2311","2287"
"04.08.2016 15:00 - 04.08.2016 16:00","2183","2187"
"04.08.2016 16:00 - 04.08.2016 17:00","2139","2158"
"04.08.2016 17:00 - 04.08.2016 18:00","2237","2230"
"04.08.2016 18:00 - 04.08.2016 19:00","2180","2182"
"04.08.2016 19:00 - 04.08.2016 20:00","2059","2059"
"04.08.2016 20:00 - 04.08.2016 21:00","1950","1974"
"04.08.2016 21:00 - 04.08.2016 22:00","1883","1926"
"04.08.2016 22:00 - 04.08.2016 23:00","1782","1853"
"04.08.2016 23:00 - 05.08.2016 00:00","1615","1669"
"05.08.2016 00:00 - 05.08.2016 01:00","1541","1539"
"05.08.2016 01:00 - 05.08.2016 02:00","1469","1477"
"05.08.2016 02:00 - 05.08.2016 03:00","1451","1453"
"05.08.2016 03:00 - 05.08.2016 04:00","1450","1445"
"05.08.2016 04:00 - 05.08.2016 05:00","1466","1459"
"05.08.2016 05:00 - 05.08.2016 06:00","1520","1518"
"05.08.2016 06:00 - 05.08.2016 07:00","1747","1754"
"05.08.2016 07:00 - 05.08.2016 08:00","2107","2081"
"05.08.2016 08:00 - 05.08.2016 09:00","2283","2250"
"05.08.2016 09:00 - 05.08.2016 10:00","2340","2340"
"05.08.2016 10:00 - 05.08.2016 11:00","2414","2410"
"05.08.2016 11:00 - 05.08.2016 12:00","2398","2365"
"05.08.2016 12:00 - 05.08.2016 13:00","2281","2266"
"05.08.2016 13:00 - 05.08.2016 14:00","2237","2223"
"05.08.2016 14:00 - 05.08.2016 15:00","2137","2128"
"05.08.2016 15:00 - 05.08.2016 16:00","2025","2011"
"05.08.2016 16:00 - 05.08.2016 17:00","1986","1988"
"05.08.2016 17:00 - 05.08.2016 18:00","2054","2092"
"05.08.2016 18:00 - 05.08.2016 19:00","2039","2047"
"05.08.2016 19:00 - 05.08.2016 20:00","1914","1927"
"05.08.2016 20:00 - 05.08.2016 21:00","1791","1827"
"05.08.2016 21:00 - 05.08.2016 22:00","1743","1768"
"05.08.2016 22:00 - 05.08.2016 23:00","1705","1677"
"05.08.2016 23:00 - 06.08.2016 00:00","1586","1555"
"06.08.2016 00:00 - 06.08.2016 01:00","1469","1442"
"06.08.2016 01:00 - 06.08.2016 02:00","1380","1359"
"06.08.2016 02:00 - 06.08.2016 03:00","1336","1322"
"06.08.2016 03:00 - 06.08.2016 04:00","1323","1303"
"06.08.2016 04:00 - 06.08.2016 05:00","1315","1323"
"06.08.2016 05:00 - 06.08.2016 06:00","1290","1295"
"06.08.2016 06:00 - 06.08.2016 07:00","1367","1366"
"06.08.2016 07:00 - 06.08.2016 08:00","1525","1496"
"06.08.2016 08:00 - 06.08.2016 09:00","1670","1654"
"06.08.2016 09:00 - 06.08.2016 10:00","1795","1807"
"06.08.2016 10:00 - 06.08.2016 11:00","1855","1824"
"06.08.2016 11:00 - 06.08.2016 12:00","1824","1800"
"06.08.2016 12:00 - 06.08.2016 13:00","1746","1749"
"06.08.2016 13:00 - 06.08.2016 14:00","1728","1705"
"06.08.2016 14:00 - 06.08.2016 15:00","1709","1701"
"06.08.2016 15:00 - 06.08.2016 16:00","1665","1682"
"06.08.2016 16:00 - 06.08.2016 17:00","1680","1696"
"06.08.2016 17:00 - 06.08.2016 18:00","1787","1786"
"06.08.2016 18:00 - 06.08.2016 19:00","1788","1790"
"06.08.2016 19:00 - 06.08.2016 20:00","1680","1692"
"06.08.2016 20:00 - 06.08.2016 21:00","1594","1627"
"06.08.2016 21:00 - 06.08.2016 22:00","1573","1637"
"06.08.2016 22:00 - 06.08.2016 23:00","1552","1613"
"06.08.2016 23:00 - 07.08.2016 00:00","1448","1467"
"07.08.2016 00:00 - 07.08.2016 01:00","1366","1357"
"07.08.2016 01:00 - 07.08.2016 02:00","1262","1263"
"07.08.2016 02:00 - 07.08.2016 03:00","1230","1238"
"07.08.2016 03:00 - 07.08.2016 04:00","1242","1261"
"07.08.2016 04:00 - 07.08.2016 05:00","1288","1298"
"07.08.2016 05:00 - 07.08.2016 06:00","1286","1294"
"07.08.2016 06:00 - 07.08.2016 07:00","1337","1354"
"07.08.2016 07:00 - 07.08.2016 08:00","1480","1461"
"07.08.2016 08:00 - 07.08.2016 09:00","1629","1632"
"07.08.2016 09:00 - 07.08.2016 10:00","1761","1761"
"07.08.2016 10:00 - 07.08.2016 11:00","1834","1849"
"07.08.2016 11:00 - 07.08.2016 12:00","1846","1857"
"07.08.2016 12:00 - 07.08.2016 13:00","1839","1867"
"07.08.2016 13:00 - 07.08.2016 14:00","1846","1847"
"07.08.2016 14:00 - 07.08.2016 15:00","1828","1834"
"07.08.2016 15:00 - 07.08.2016 16:00","1828","1836"
"07.08.2016 16:00 - 07.08.2016 17:00","1874","1899"
"07.08.2016 17:00 - 07.08.2016 18:00","2047","2046"
"07.08.2016 18:00 - 07.08.2016 19:00","2053","2037"
"07.08.2016 19:00 - 07.08.2016 20:00","1953","1921"
"07.08.2016 20:00 - 07.08.2016 21:00","1854","1823"
"07.08.2016 21:00 - 07.08.2016 22:00","1827","1787"
"07.08.2016 22:00 - 07.08.2016 23:00","1776","1709"
"07.08.2016 23:00 - 08.08.2016 00:00","1632","1594"
"08.08.2016 00:00 - 08.08.2016 01:00","1483","1476"
"08.08.2016 01:00 - 08.08.2016 02:00","1435","1432"
"08.08.2016 02:00 - 08.08.2016 03:00","1407","1437"
"08.08.2016 03:00 - 08.08.2016 04:00","1434","1442"
"08.08.2016 04:00 - 08.08.2016 05:00","1457","1439"
"08.08.2016 05:00 - 08.08.2016 06:00","1521","1526"
"08.08.2016 06:00 - 08.08.2016 07:00","1809","1808"
"08.08.2016 07:00 - 08.08.2016 08:00","2192","2189"
"08.08.2016 08:00 - 08.08.2016 09:00","2408","2407"
"08.08.2016 09:00 - 08.08.2016 10:00","2433","2411"
"08.08.2016 10:00 - 08.08.2016 11:00","2534","2536"
"08.08.2016 11:00 - 08.08.2016 12:00","2541","2517"
"08.08.2016 12:00 - 08.08.2016 13:00","2468","2450"
"08.08.2016 13:00 - 08.08.2016 14:00","2464","2457"
"08.08.2016 14:00 - 08.08.2016 15:00","2415","2418"
"08.08.2016 15:00 - 08.08.2016 16:00","2290","2267"
"08.08.2016 16:00 - 08.08.2016 17:00","2213","2208"
"08.08.2016 17:00 - 08.08.2016 18:00","2325","2362"
"08.08.2016 18:00 - 08.08.2016 19:00","2303","2314"
"08.08.2016 19:00 - 08.08.2016 20:00","2159","2155"
"08.08.2016 20:00 - 08.08.2016 21:00","2035","2036"
"08.08.2016 21:00 - 08.08.2016 22:00","1981","2000"
"08.08.2016 22:00 - 08.08.2016 23:00","1880","1897"
"08.08.2016 23:00 - 09.08.2016 00:00","1705","1706"
"09.08.2016 00:00 - 09.08.2016 01:00","1600","1574"
"09.08.2016 01:00 - 09.08.2016 02:00","1514","1500"
"09.08.2016 02:00 - 09.08.2016 03:00","1485","1457"
"09.08.2016 03:00 - 09.08.2016 04:00","1498","1476"
"09.08.2016 04:00 - 09.08.2016 05:00","1523","1516"
"09.08.2016 05:00 - 09.08.2016 06:00","1636","1611"
"09.08.2016 06:00 - 09.08.2016 07:00","1933","1898"
"09.08.2016 07:00 - 09.08.2016 08:00","2268","2275"
"09.08.2016 08:00 - 09.08.2016 09:00","2426","2439"
"09.08.2016 09:00 - 09.08.2016 10:00","2424","2413"
"09.08.2016 10:00 - 09.08.2016 11:00","2514","2498"
"09.08.2016 11:00 - 09.08.2016 12:00","2499","2504"
"09.08.2016 12:00 - 09.08.2016 13:00","2462","2430"
"09.08.2016 13:00 - 09.08.2016 14:00","2468","2452"
"09.08.2016 14:00 - 09.08.2016 15:00","2406","2390"
"09.08.2016 15:00 - 09.08.2016 16:00","2272","2263"
"09.08.2016 16:00 - 09.08.2016 17:00","2209","2217"
"09.08.2016 17:00 - 09.08.2016 18:00","2362","2381"
"09.08.2016 18:00 - 09.08.2016 19:00","2293","2285"
"09.08.2016 19:00 - 09.08.2016 20:00","2149","2186"
"09.08.2016 20:00 - 09.08.2016 21:00","2056","2076"
"09.08.2016 21:00 - 09.08.2016 22:00","2027","2033"
"09.08.2016 22:00 - 09.08.2016 23:00","1911","1917"
"09.08.2016 23:00 - 10.08.2016 00:00","1731","1719"
"10.08.2016 00:00 - 10.08.2016 01:00","1589","1584"
"10.08.2016 01:00 - 10.08.2016 02:00","1530","1509"
"10.08.2016 02:00 - 10.08.2016 03:00","1503","1489"
"10.08.2016 03:00 - 10.08.2016 04:00","1502","1493"
"10.08.2016 04:00 - 10.08.2016 05:00","1529","1510"
"10.08.2016 05:00 - 10.08.2016 06:00","1644","1632"
"10.08.2016 06:00 - 10.08.2016 07:00","1948","1947"
"10.08.2016 07:00 - 10.08.2016 08:00","2314","2315"
"10.08.2016 08:00 - 10.08.2016 09:00","2484","2485"
"10.08.2016 09:00 - 10.08.2016 10:00","2521","2547"
"10.08.2016 10:00 - 10.08.2016 11:00","2637","2649"
"10.08.2016 11:00 - 10.08.2016 12:00","2622","2618"
"10.08.2016 12:00 - 10.08.2016 13:00","2545","2544"
"10.08.2016 13:00 - 10.08.2016 14:00","2572","2564"
"10.08.2016 14:00 - 10.08.2016 15:00","2501","2489"
"10.08.2016 15:00 - 10.08.2016 16:00","2367","2366"
"10.08.2016 16:00 - 10.08.2016 17:00","2310","2328"
"10.08.2016 17:00 - 10.08.2016 18:00","2438","2449"
"10.08.2016 18:00 - 10.08.2016 19:00","2359","2378"
"10.08.2016 19:00 - 10.08.2016 20:00","2239","2253"
"10.08.2016 20:00 - 10.08.2016 21:00","2130","2160"
"10.08.2016 21:00 - 10.08.2016 22:00","2093","2102"
"10.08.2016 22:00 - 10.08.2016 23:00","1984","1975"
"10.08.2016 23:00 - 11.08.2016 00:00","1786","1762"
"11.08.2016 00:00 - 11.08.2016 01:00","1616","1619"
"11.08.2016 01:00 - 11.08.2016 02:00","1564","1551"
"11.08.2016 02:00 - 11.08.2016 03:00","1525","1509"
"11.08.2016 03:00 - 11.08.2016 04:00","1528","1517"
"11.08.2016 04:00 - 11.08.2016 05:00","1576","1552"
"11.08.2016 05:00 - 11.08.2016 06:00","1677","1656"
"11.08.2016 06:00 - 11.08.2016 07:00","1963","1981"
"11.08.2016 07:00 - 11.08.2016 08:00","2359","2360"
"11.08.2016 08:00 - 11.08.2016 09:00","2522","2511"
"11.08.2016 09:00 - 11.08.2016 10:00","2539","2514"
"11.08.2016 10:00 - 11.08.2016 11:00","2597","2610"
"11.08.2016 11:00 - 11.08.2016 12:00","2603","2586"
"11.08.2016 12:00 - 11.08.2016 13:00","2546","2545"
"11.08.2016 13:00 - 11.08.2016 14:00","2582","2596"
"11.08.2016 14:00 - 11.08.2016 15:00","2526","2514"
"11.08.2016 15:00 - 11.08.2016 16:00","2402","2429"
"11.08.2016 16:00 - 11.08.2016 17:00","2373","2389"
"11.08.2016 17:00 - 11.08.2016 18:00","2507","2520"
"11.08.2016 18:00 - 11.08.2016 19:00","2441","2455"
"11.08.2016 19:00 - 11.08.2016 20:00","2318","2346"
"11.08.2016 20:00 - 11.08.2016 21:00","2224","2229"
"11.08.2016 21:00 - 11.08.2016 22:00","2173","2175"
"11.08.2016 22:00 - 11.08.2016 23:00","2018","2031"
"11.08.2016 23:00 - 12.08.2016 00:00","1780","1840"
"12.08.2016 00:00 - 12.08.2016 01:00","1687","1721"
"12.08.2016 01:00 - 12.08.2016 02:00","1634","1646"
"12.08.2016 02:00 - 12.08.2016 03:00","1611","1620"
"12.08.2016 03:00 - 12.08.2016 04:00","1596","1612"
"12.08.2016 04:00 - 12.08.2016 05:00","1644","1650"
"12.08.2016 05:00 - 12.08.2016 06:00","1744","1763"
"12.08.2016 06:00 - 12.08.2016 07:00","2031","2071"
"12.08.2016 07:00 - 12.08.2016 08:00","2432","2442"
"12.08.2016 08:00 - 12.08.2016 09:00","2595","2606"
"12.08.2016 09:00 - 12.08.2016 10:00","2637","2631"
"12.08.2016 10:00 - 12.08.2016 11:00","2688","2685"
"12.08.2016 11:00 - 12.08.2016 12:00","2658","2657"
"12.08.2016 12:00 - 12.08.2016 13:00","2545","2536"
"12.08.2016 13:00 - 12.08.2016 14:00","2459","2457"
"12.08.2016 14:00 - 12.08.2016 15:00","2326","2317"
"12.08.2016 15:00 - 12.08.2016 16:00","2217","2215"
"12.08.2016 16:00 - 12.08.2016 17:00","2186","2188"
"12.08.2016 17:00 - 12.08.2016 18:00","2271","2292"
"12.08.2016 18:00 - 12.08.2016 19:00","2239","2233"
"12.08.2016 19:00 - 12.08.2016 20:00","2070","2046"
"12.08.2016 20:00 - 12.08.2016 21:00","1924","1925"
"12.08.2016 21:00 - 12.08.2016 22:00","1922","1869"
"12.08.2016 22:00 - 12.08.2016 23:00","1860","1748"
"12.08.2016 23:00 - 13.08.2016 00:00","1718","1593"
"13.08.2016 00:00 - 13.08.2016 01:00","1476","1468"
"13.08.2016 01:00 - 13.08.2016 02:00","1404","1400"
"13.08.2016 02:00 - 13.08.2016 03:00","1369","1356"
"13.08.2016 03:00 - 13.08.2016 04:00","1359","1361"
"13.08.2016 04:00 - 13.08.2016 05:00","1367","1384"
"13.08.2016 05:00 - 13.08.2016 06:00","1400","1406"
"13.08.2016 06:00 - 13.08.2016 07:00","1478","1492"
"13.08.2016 07:00 - 13.08.2016 08:00","1673","1683"
"13.08.2016 08:00 - 13.08.2016 09:00","1876","1867"
"13.08.2016 09:00 - 13.08.2016 10:00","1966","1943"
"13.08.2016 10:00 - 13.08.2016 11:00","1995","1991"
"13.08.2016 11:00 - 13.08.2016 12:00","1986","1974"
"13.08.2016 12:00 - 13.08.2016 13:00","1924","1928"
"13.08.2016 13:00 - 13.08.2016 14:00","1881","1875"
"13.08.2016 14:00 - 13.08.2016 15:00","1838","1836"
"13.08.2016 15:00 - 13.08.2016 16:00","1792","1799"
"13.08.2016 16:00 - 13.08.2016 17:00","1829","1828"
"13.08.2016 17:00 - 13.08.2016 18:00","1923","1914"
"13.08.2016 18:00 - 13.08.2016 19:00","1890","1880"
"13.08.2016 19:00 - 13.08.2016 20:00","1777","1777"
"13.08.2016 20:00 - 13.08.2016 21:00","1704","1702"
"13.08.2016 21:00 - 13.08.2016 22:00","1696","1697"
"13.08.2016 22:00 - 13.08.2016 23:00","1606","1613"
"13.08.2016 23:00 - 14.08.2016 00:00","1491","1478"
"14.08.2016 00:00 - 14.08.2016 01:00","1390","1372"
"14.08.2016 01:00 - 14.08.2016 02:00","1325","1299"
"14.08.2016 02:00 - 14.08.2016 03:00","1280","1278"
"14.08.2016 03:00 - 14.08.2016 04:00","1262","1266"
"14.08.2016 04:00 - 14.08.2016 05:00","1270","1251"
"14.08.2016 05:00 - 14.08.2016 06:00","1285","1274"
"14.08.2016 06:00 - 14.08.2016 07:00","1311","1332"
"14.08.2016 07:00 - 14.08.2016 08:00","1480","1489"
"14.08.2016 08:00 - 14.08.2016 09:00","1668","1689"
"14.08.2016 09:00 - 14.08.2016 10:00","1794","1799"
"14.08.2016 10:00 - 14.08.2016 11:00","1873","1867"
"14.08.2016 11:00 - 14.08.2016 12:00","1886","1869"
"14.08.2016 12:00 - 14.08.2016 13:00","1854","1801"
"14.08.2016 13:00 - 14.08.2016 14:00","1808","1818"
"14.08.2016 14:00 - 14.08.2016 15:00","1819","1818"
"14.08.2016 15:00 - 14.08.2016 16:00","1808","1817"
"14.08.2016 16:00 - 14.08.2016 17:00","1853","1842"
"14.08.2016 17:00 - 14.08.2016 18:00","2023","2035"
"14.08.2016 18:00 - 14.08.2016 19:00","2067","2078"
"14.08.2016 19:00 - 14.08.2016 20:00","1971","1987"
"14.08.2016 20:00 - 14.08.2016 21:00","1901","1911"
"14.08.2016 21:00 - 14.08.2016 22:00","1916","1881"
"14.08.2016 22:00 - 14.08.2016 23:00","1817","1798"
"14.08.2016 23:00 - 15.08.2016 00:00","1677","1661"
"15.08.2016 00:00 - 15.08.2016 01:00","1573","1562"
"15.08.2016 01:00 - 15.08.2016 02:00","1527","1495"
"15.08.2016 02:00 - 15.08.2016 03:00","1492","1460"
"15.08.2016 03:00 - 15.08.2016 04:00","1481","1446"
"15.08.2016 04:00 - 15.08.2016 05:00","1498","1475"
"15.08.2016 05:00 - 15.08.2016 06:00","1644","1648"
"15.08.2016 06:00 - 15.08.2016 07:00","1961","1945"
"15.08.2016 07:00 - 15.08.2016 08:00","2314","2347"
"15.08.2016 08:00 - 15.08.2016 09:00","2539","2540"
"15.08.2016 09:00 - 15.08.2016 10:00","2590","2546"
"15.08.2016 10:00 - 15.08.2016 11:00","2613","2589"
"15.08.2016 11:00 - 15.08.2016 12:00","2594","2614"
"15.08.2016 12:00 - 15.08.2016 13:00","2539","2530"
"15.08.2016 13:00 - 15.08.2016 14:00","2580","2589"
"15.08.2016 14:00 - 15.08.2016 15:00","2533","2541"
"15.08.2016 15:00 - 15.08.2016 16:00","2411","2405"
"15.08.2016 16:00 - 15.08.2016 17:00","2357","2372"
"15.08.2016 17:00 - 15.08.2016 18:00","2519","2510"
"15.08.2016 18:00 - 15.08.2016 19:00","2435","2443"
"15.08.2016 19:00 - 15.08.2016 20:00","2318","2321"
"15.08.2016 20:00 - 15.08.2016 21:00","2206","2214"
"15.08.2016 21:00 - 15.08.2016 22:00","2177","2187"
"15.08.2016 22:00 - 15.08.2016 23:00","2029","2050"
"15.08.2016 23:00 - 16.08.2016 00:00","1824","1835"
"16.08.2016 00:00 - 16.08.2016 01:00","1701","1681"
"16.08.2016 01:00 - 16.08.2016 02:00","1625","1614"
"16.08.2016 02:00 - 16.08.2016 03:00","1588","1590"
"16.08.2016 03:00 - 16.08.2016 04:00","1591","1602"
"16.08.2016 04:00 - 16.08.2016 05:00","1635","1644"
"16.08.2016 05:00 - 16.08.2016 06:00","1753","1759"
"16.08.2016 06:00 - 16.08.2016 07:00","2088","2086"
"16.08.2016 07:00 - 16.08.2016 08:00","2458","2464"
"16.08.2016 08:00 - 16.08.2016 09:00","2626","2621"
"16.08.2016 09:00 - 16.08.2016 10:00","2649","2674"
"16.08.2016 10:00 - 16.08.2016 11:00","2750","2728"
"16.08.2016 11:00 - 16.08.2016 12:00","2697","2674"
"16.08.2016 12:00 - 16.08.2016 13:00","2619","2639"
"16.08.2016 13:00 - 16.08.2016 14:00","2682","2668"
"16.08.2016 14:00 - 16.08.2016 15:00","2618","2604"
"16.08.2016 15:00 - 16.08.2016 16:00","2494","2476"
"16.08.2016 16:00 - 16.08.2016 17:00","2440","2433"
"16.08.2016 17:00 - 16.08.2016 18:00","2519","2509"
"16.08.2016 18:00 - 16.08.2016 19:00","2423","2421"
"16.08.2016 19:00 - 16.08.2016 20:00","2316","2334"
"16.08.2016 20:00 - 16.08.2016 21:00","2220","2229"
"16.08.2016 21:00 - 16.08.2016 22:00","2192","2224"
"16.08.2016 22:00 - 16.08.2016 23:00","2037","2086"
"16.08.2016 23:00 - 17.08.2016 00:00","1832","1881"
"17.08.2016 00:00 - 17.08.2016 01:00","1734","1731"
"17.08.2016 01:00 - 17.08.2016 02:00","1656","1655"
"17.08.2016 02:00 - 17.08.2016 03:00","1617","1627"
"17.08.2016 03:00 - 17.08.2016 04:00","1622","1638"
"17.08.2016 04:00 - 17.08.2016 05:00","1679","1672"
"17.08.2016 05:00 - 17.08.2016 06:00","1789","1811"
"17.08.2016 06:00 - 17.08.2016 07:00","2104","2124"
"17.08.2016 07:00 - 17.08.2016 08:00","2476","2481"
"17.08.2016 08:00 - 17.08.2016 09:00","2622","2618"
"17.08.2016 09:00 - 17.08.2016 10:00","2645","2647"
"17.08.2016 10:00 - 17.08.2016 11:00","2703","2690"
"17.08.2016 11:00 - 17.08.2016 12:00","2701","2687"
"17.08.2016 12:00 - 17.08.2016 13:00","2630","2622"
"17.08.2016 13:00 - 17.08.2016 14:00","2645","2651"
"17.08.2016 14:00 - 17.08.2016 15:00","2597","2594"
"17.08.2016 15:00 - 17.08.2016 16:00","2502","2493"
"17.08.2016 16:00 - 17.08.2016 17:00","2444","2426"
"17.08.2016 17:00 - 17.08.2016 18:00","2546","2556"
"17.08.2016 18:00 - 17.08.2016 19:00","2464","2467"
"17.08.2016 19:00 - 17.08.2016 20:00","2343","2341"
"17.08.2016 20:00 - 17.08.2016 21:00","2244","2229"
"17.08.2016 21:00 - 17.08.2016 22:00","2208","2201"
"17.08.2016 22:00 - 17.08.2016 23:00","2047","2073"
"17.08.2016 23:00 - 18.08.2016 00:00","1847","1893"
"18.08.2016 00:00 - 18.08.2016 01:00","1743","1716"
"18.08.2016 01:00 - 18.08.2016 02:00","1661","1636"
"18.08.2016 02:00 - 18.08.2016 03:00","1601","1601"
"18.08.2016 03:00 - 18.08.2016 04:00","1595","1604"
"18.08.2016 04:00 - 18.08.2016 05:00","1648","1637"
"18.08.2016 05:00 - 18.08.2016 06:00","1760","1765"
"18.08.2016 06:00 - 18.08.2016 07:00","2091","2091"
"18.08.2016 07:00 - 18.08.2016 08:00","2463","2445"
"18.08.2016 08:00 - 18.08.2016 09:00","2576","2556"
"18.08.2016 09:00 - 18.08.2016 10:00","2591","2598"
"18.08.2016 10:00 - 18.08.2016 11:00","2695","2656"
"18.08.2016 11:00 - 18.08.2016 12:00","2658","2637"
"18.08.2016 12:00 - 18.08.2016 13:00","2599","2604"
"18.08.2016 13:00 - 18.08.2016 14:00","2627","2605"
"18.08.2016 14:00 - 18.08.2016 15:00","2546","2544"
"18.08.2016 15:00 - 18.08.2016 16:00","2439","2439"
"18.08.2016 16:00 - 18.08.2016 17:00","2420","2440"
"18.08.2016 17:00 - 18.08.2016 18:00","2537","2544"
"18.08.2016 18:00 - 18.08.2016 19:00","2450","2464"
"18.08.2016 19:00 - 18.08.2016 20:00","2324","2339"
"18.08.2016 20:00 - 18.08.2016 21:00","2241","2249"
"18.08.2016 21:00 - 18.08.2016 22:00","2206","2241"
"18.08.2016 22:00 - 18.08.2016 23:00","2035","2065"
"18.08.2016 23:00 - 19.08.2016 00:00","1830","1845"
"19.08.2016 00:00 - 19.08.2016 01:00","1698","1704"
"19.08.2016 01:00 - 19.08.2016 02:00","1645","1650"
"19.08.2016 02:00 - 19.08.2016 03:00","1610","1617"
"19.08.2016 03:00 - 19.08.2016 04:00","1621","1628"
"19.08.2016 04:00 - 19.08.2016 05:00","1668","1675"
"19.08.2016 05:00 - 19.08.2016 06:00","1799","1793"
"19.08.2016 06:00 - 19.08.2016 07:00","2096","2103"
"19.08.2016 07:00 - 19.08.2016 08:00","2463","2477"
"19.08.2016 08:00 - 19.08.2016 09:00","2644","2663"
"19.08.2016 09:00 - 19.08.2016 10:00","2705","2710"
"19.08.2016 10:00 - 19.08.2016 11:00","2763","2736"
"19.08.2016 11:00 - 19.08.2016 12:00","2706","2712"
"19.08.2016 12:00 - 19.08.2016 13:00","2611","2599"
"19.08.2016 13:00 - 19.08.2016 14:00","2512","2550"
"19.08.2016 14:00 - 19.08.2016 15:00","2387","2408"
"19.08.2016 15:00 - 19.08.2016 16:00","2298","2307"
"19.08.2016 16:00 - 19.08.2016 17:00","2307","2296"
"19.08.2016 17:00 - 19.08.2016 18:00","2384","2376"
"19.08.2016 18:00 - 19.08.2016 19:00","2324","2345"
"19.08.2016 19:00 - 19.08.2016 20:00","2176","2193"
"19.08.2016 20:00 - 19.08.2016 21:00","2080","2074"
"19.08.2016 21:00 - 19.08.2016 22:00","2062","2064"
"19.08.2016 22:00 - 19.08.2016 23:00","1913","1922"
"19.08.2016 23:00 - 20.08.2016 00:00","1737","1744"
"20.08.2016 00:00 - 20.08.2016 01:00","1596","1637"
"20.08.2016 01:00 - 20.08.2016 02:00","1549","1557"
"20.08.2016 02:00 - 20.08.2016 03:00","1506","1510"
"20.08.2016 03:00 - 20.08.2016 04:00","1477","1480"
"20.08.2016 04:00 - 20.08.2016 05:00","1479","1480"
"20.08.2016 05:00 - 20.08.2016 06:00","1502","1513"
"20.08.2016 06:00 - 20.08.2016 07:00","1576","1592"
"20.08.2016 07:00 - 20.08.2016 08:00","1760","1764"
"20.08.2016 08:00 - 20.08.2016 09:00","1946","1932"
"20.08.2016 09:00 - 20.08.2016 10:00","2056","2058"
"20.08.2016 10:00 - 20.08.2016 11:00","2122","2134"
"20.08.2016 11:00 - 20.08.2016 12:00","2114","2105"
"20.08.2016 12:00 - 20.08.2016 13:00","2046","2054"
"20.08.2016 13:00 - 20.08.2016 14:00","2014","1997"
"20.08.2016 14:00 - 20.08.2016 15:00","1945","1954"
"20.08.2016 15:00 - 20.08.2016 16:00","1942","1969"
"20.08.2016 16:00 - 20.08.2016 17:00","2008","1985"
"20.08.2016 17:00 - 20.08.2016 18:00","2111","2109"
"20.08.2016 18:00 - 20.08.2016 19:00","2086","2074"
"20.08.2016 19:00 - 20.08.2016 20:00","1952","1963"
"20.08.2016 20:00 - 20.08.2016 21:00","1878","1869"
"20.08.2016 21:00 - 20.08.2016 22:00","1890","1852"
"20.08.2016 22:00 - 20.08.2016 23:00","1787","1749"
"20.08.2016 23:00 - 21.08.2016 00:00","1653","1615"
"21.08.2016 00:00 - 21.08.2016 01:00","1514","1519"
"21.08.2016 01:00 - 21.08.2016 02:00","1473","1464"
"21.08.2016 02:00 - 21.08.2016 03:00","1427","1412"
"21.08.2016 03:00 - 21.08.2016 04:00","1395","1398"
"21.08.2016 04:00 - 21.08.2016 05:00","1418","1401"
"21.08.2016 05:00 - 21.08.2016 06:00","1444","1434"
"21.08.2016 06:00 - 21.08.2016 07:00","1462","1454"
"21.08.2016 07:00 - 21.08.2016 08:00","1592","1591"
"21.08.2016 08:00 - 21.08.2016 09:00","1769","1778"
"21.08.2016 09:00 - 21.08.2016 10:00","1895","1916"
"21.08.2016 10:00 - 21.08.2016 11:00","1960","1963"
"21.08.2016 11:00 - 21.08.2016 12:00","2007","1995"
"21.08.2016 12:00 - 21.08.2016 13:00","1993","1961"
"21.08.2016 13:00 - 21.08.2016 14:00","1936","1907"
"21.08.2016 14:00 - 21.08.2016 15:00","1916","1918"
"21.08.2016 15:00 - 21.08.2016 16:00","1905","1916"
"21.08.2016 16:00 - 21.08.2016 17:00","1968","1983"
"21.08.2016 17:00 - 21.08.2016 18:00","2149","2148"
"21.08.2016 18:00 - 21.08.2016 19:00","2172","2186"
"21.08.2016 19:00 - 21.08.2016 20:00","2064","2051"
"21.08.2016 20:00 - 21.08.2016 21:00","1940","1937"
"21.08.2016 21:00 - 21.08.2016 22:00","1928","1959"
"21.08.2016 22:00 - 21.08.2016 23:00","1807","1831"
"21.08.2016 23:00 - 22.08.2016 00:00","1675","1717"
"22.08.2016 00:00 - 22.08.2016 01:00","1635","1643"
"22.08.2016 01:00 - 22.08.2016 02:00","1584","1593"
"22.08.2016 02:00 - 22.08.2016 03:00","1579","1586"
"22.08.2016 03:00 - 22.08.2016 04:00","1592","1591"
"22.08.2016 04:00 - 22.08.2016 05:00","1633","1632"
"22.08.2016 05:00 - 22.08.2016 06:00","1794","1782"
"22.08.2016 06:00 - 22.08.2016 07:00","2088","2066"
"22.08.2016 07:00 - 22.08.2016 08:00","2417","2402"
"22.08.2016 08:00 - 22.08.2016 09:00","2577","2576"
"22.08.2016 09:00 - 22.08.2016 10:00","2623","2631"
"22.08.2016 10:00 - 22.08.2016 11:00","2701","2696"
"22.08.2016 11:00 - 22.08.2016 12:00","2708","2696"
"22.08.2016 12:00 - 22.08.2016 13:00","2624","2597"
"22.08.2016 13:00 - 22.08.2016 14:00","2639","2653"
"22.08.2016 14:00 - 22.08.2016 15:00","2591","2589"
"22.08.2016 15:00 - 22.08.2016 16:00","2464","2467"
"22.08.2016 16:00 - 22.08.2016 17:00","2451","2461"
"22.08.2016 17:00 - 22.08.2016 18:00","2593","2618"
"22.08.2016 18:00 - 22.08.2016 19:00","2559","2575"
"22.08.2016 19:00 - 22.08.2016 20:00","2436","2439"
"22.08.2016 20:00 - 22.08.2016 21:00","2350","2333"
"22.08.2016 21:00 - 22.08.2016 22:00","2334","2245"
"22.08.2016 22:00 - 22.08.2016 23:00","2150","2048"
"22.08.2016 23:00 - 23.08.2016 00:00","1927","1864"
"23.08.2016 00:00 - 23.08.2016 01:00","1728","1732"
"23.08.2016 01:00 - 23.08.2016 02:00","1665","1669"
"23.08.2016 02:00 - 23.08.2016 03:00","1634","1632"
"23.08.2016 03:00 - 23.08.2016 04:00","1622","1632"
"23.08.2016 04:00 - 23.08.2016 05:00","1678","1687"
"23.08.2016 05:00 - 23.08.2016 06:00","1823","1814"
"23.08.2016 06:00 - 23.08.2016 07:00","2167","2154"
"23.08.2016 07:00 - 23.08.2016 08:00","2560","2533"
"23.08.2016 08:00 - 23.08.2016 09:00","2703","2685"
"23.08.2016 09:00 - 23.08.2016 10:00","2726","2705"
"23.08.2016 10:00 - 23.08.2016 11:00","2781","2748"
"23.08.2016 11:00 - 23.08.2016 12:00","2747","2739"
"23.08.2016 12:00 - 23.08.2016 13:00","2695","2659"
"23.08.2016 13:00 - 23.08.2016 14:00","2681","2669"
"23.08.2016 14:00 - 23.08.2016 15:00","2645","2630"
"23.08.2016 15:00 - 23.08.2016 16:00","2506","2523"
"23.08.2016 16:00 - 23.08.2016 17:00","2457","2505"
"23.08.2016 17:00 - 23.08.2016 18:00","2569","2624"
"23.08.2016 18:00 - 23.08.2016 19:00","2504","2534"
"23.08.2016 19:00 - 23.08.2016 20:00","2376","2412"
"23.08.2016 20:00 - 23.08.2016 21:00","2262","2316"
"23.08.2016 21:00 - 23.08.2016 22:00","2211","2288"
"23.08.2016 22:00 - 23.08.2016 23:00","2005","2095"
"23.08.2016 23:00 - 24.08.2016 00:00","1792","1897"
"24.08.2016 00:00 - 24.08.2016 01:00","1756","1762"
"24.08.2016 01:00 - 24.08.2016 02:00","1693","1700"
"24.08.2016 02:00 - 24.08.2016 03:00","1672","1676"
"24.08.2016 03:00 - 24.08.2016 04:00","1675","1683"
"24.08.2016 04:00 - 24.08.2016 05:00","1717","1706"
"24.08.2016 05:00 - 24.08.2016 06:00","1858","1840"
"24.08.2016 06:00 - 24.08.2016 07:00","2176","2143"
"24.08.2016 07:00 - 24.08.2016 08:00","2545","2482"
"24.08.2016 08:00 - 24.08.2016 09:00","2652","2661"
"24.08.2016 09:00 - 24.08.2016 10:00","2696","2667"
"24.08.2016 10:00 - 24.08.2016 11:00","2743","2721"
"24.08.2016 11:00 - 24.08.2016 12:00","2728","2705"
"24.08.2016 12:00 - 24.08.2016 13:00","2684","2680"
"24.08.2016 13:00 - 24.08.2016 14:00","2729","2709"
"24.08.2016 14:00 - 24.08.2016 15:00","2648","2629"
"24.08.2016 15:00 - 24.08.2016 16:00","2512","2509"
"24.08.2016 16:00 - 24.08.2016 17:00","2463","2467"
"24.08.2016 17:00 - 24.08.2016 18:00","2556","2553"
"24.08.2016 18:00 - 24.08.2016 19:00","2473","2484"
"24.08.2016 19:00 - 24.08.2016 20:00","2348","2344"
"24.08.2016 20:00 - 24.08.2016 21:00","2248","2259"
"24.08.2016 21:00 - 24.08.2016 22:00","2221","2233"
"24.08.2016 22:00 - 24.08.2016 23:00","2014","2043"
"24.08.2016 23:00 - 25.08.2016 00:00","1791","1838"
"25.08.2016 00:00 - 25.08.2016 01:00","1708","1704"
"25.08.2016 01:00 - 25.08.2016 02:00","1649","1639"
"25.08.2016 02:00 - 25.08.2016 03:00","1617","1604"
"25.08.2016 03:00 - 25.08.2016 04:00","1611","1619"
"25.08.2016 04:00 - 25.08.2016 05:00","1658","1659"
"25.08.2016 05:00 - 25.08.2016 06:00","1816","1803"
"25.08.2016 06:00 - 25.08.2016 07:00","2156","2125"
"25.08.2016 07:00 - 25.08.2016 08:00","2533","2499"
"25.08.2016 08:00 - 25.08.2016 09:00","2692","2679"
"25.08.2016 09:00 - 25.08.2016 10:00","2708","2710"
"25.08.2016 10:00 - 25.08.2016 11:00","2790","2793"
"25.08.2016 11:00 - 25.08.2016 12:00","2785","2778"
"25.08.2016 12:00 - 25.08.2016 13:00","2720","2711"
"25.08.2016 13:00 - 25.08.2016 14:00","2729","2698"
"25.08.2016 14:00 - 25.08.2016 15:00","2655","2639"
"25.08.2016 15:00 - 25.08.2016 16:00","2548","2537"
"25.08.2016 16:00 - 25.08.2016 17:00","2486","2481"
"25.08.2016 17:00 - 25.08.2016 18:00","2575","2560"
"25.08.2016 18:00 - 25.08.2016 19:00","2477","2491"
"25.08.2016 19:00 - 25.08.2016 20:00","2364","2386"
"25.08.2016 20:00 - 25.08.2016 21:00","2289","2309"
"25.08.2016 21:00 - 25.08.2016 22:00","2253","2295"
"25.08.2016 22:00 - 25.08.2016 23:00","2048","2104"
"25.08.2016 23:00 - 26.08.2016 00:00","1835","1884"
"26.08.2016 00:00 - 26.08.2016 01:00","1727","1721"
"26.08.2016 01:00 - 26.08.2016 02:00","1645","1647"
"26.08.2016 02:00 - 26.08.2016 03:00","1616","1605"
"26.08.2016 03:00 - 26.08.2016 04:00","1613","1604"
"26.08.2016 04:00 - 26.08.2016 05:00","1650","1639"
"26.08.2016 05:00 - 26.08.2016 06:00","1776","1761"
"26.08.2016 06:00 - 26.08.2016 07:00","2096","2055"
"26.08.2016 07:00 - 26.08.2016 08:00","2453","2430"
"26.08.2016 08:00 - 26.08.2016 09:00","2635","2632"
"26.08.2016 09:00 - 26.08.2016 10:00","2670","2670"
"26.08.2016 10:00 - 26.08.2016 11:00","2742","2724"
"26.08.2016 11:00 - 26.08.2016 12:00","2679","2664"
"26.08.2016 12:00 - 26.08.2016 13:00","2543","2492"
"26.08.2016 13:00 - 26.08.2016 14:00","2404","2400"
"26.08.2016 14:00 - 26.08.2016 15:00","2291","2264"
"26.08.2016 15:00 - 26.08.2016 16:00","2178","2160"
"26.08.2016 16:00 - 26.08.2016 17:00","2161","2142"
"26.08.2016 17:00 - 26.08.2016 18:00","2248","2216"
"26.08.2016 18:00 - 26.08.2016 19:00","2176","2174"
"26.08.2016 19:00 - 26.08.2016 20:00","2053","2093"
"26.08.2016 20:00 - 26.08.2016 21:00","2028","2051"
"26.08.2016 21:00 - 26.08.2016 22:00","2005","2021"
"26.08.2016 22:00 - 26.08.2016 23:00","1844","1855"
"26.08.2016 23:00 - 27.08.2016 00:00","1685","1676"
"27.08.2016 00:00 - 27.08.2016 01:00","1553","1540"
"27.08.2016 01:00 - 27.08.2016 02:00","1447","1464"
"27.08.2016 02:00 - 27.08.2016 03:00","1418","1435"
"27.08.2016 03:00 - 27.08.2016 04:00","1423","1437"
"27.08.2016 04:00 - 27.08.2016 05:00","1449","1450"
"27.08.2016 05:00 - 27.08.2016 06:00","1492","1482"
"27.08.2016 06:00 - 27.08.2016 07:00","1546","1533"
"27.08.2016 07:00 - 27.08.2016 08:00","1710","1690"
"27.08.2016 08:00 - 27.08.2016 09:00","1916","1898"
"27.08.2016 09:00 - 27.08.2016 10:00","2003","1989"
"27.08.2016 10:00 - 27.08.2016 11:00","2039","2033"
"27.08.2016 11:00 - 27.08.2016 12:00","2022","2011"
"27.08.2016 12:00 - 27.08.2016 13:00","1972","1965"
"27.08.2016 13:00 - 27.08.2016 14:00","1949","1950"
"27.08.2016 14:00 - 27.08.2016 15:00","1913","1903"
"27.08.2016 15:00 - 27.08.2016 16:00","1872","1861"
"27.08.2016 16:00 - 27.08.2016 17:00","1900","1894"
"27.08.2016 17:00 - 27.08.2016 18:00","2026","2004"
"27.08.2016 18:00 - 27.08.2016 19:00","1999","2021"
"27.08.2016 19:00 - 27.08.2016 20:00","1873","1922"
"27.08.2016 20:00 - 27.08.2016 21:00","1860","1878"
"27.08.2016 21:00 - 27.08.2016 22:00","1863","1864"
"27.08.2016 22:00 - 27.08.2016 23:00","1737","1707"
"27.08.2016 23:00 - 28.08.2016 00:00","1594","1569"
"28.08.2016 00:00 - 28.08.2016 01:00","1481","1475"
"28.08.2016 01:00 - 28.08.2016 02:00","1396","1379"
"28.08.2016 02:00 - 28.08.2016 03:00","1354","1348"
"28.08.2016 03:00 - 28.08.2016 04:00","1355","1383"
"28.08.2016 04:00 - 28.08.2016 05:00","1361","1369"
"28.08.2016 05:00 - 28.08.2016 06:00","1397","1357"
"28.08.2016 06:00 - 28.08.2016 07:00","1385","1369"
"28.08.2016 07:00 - 28.08.2016 08:00","1503","1514"
"28.08.2016 08:00 - 28.08.2016 09:00","1701","1668"
"28.08.2016 09:00 - 28.08.2016 10:00","1823","1794"
"28.08.2016 10:00 - 28.08.2016 11:00","1871","1881"
"28.08.2016 11:00 - 28.08.2016 12:00","1923","1923"
"28.08.2016 12:00 - 28.08.2016 13:00","1940","1962"
"28.08.2016 13:00 - 28.08.2016 14:00","1944","1941"
"28.08.2016 14:00 - 28.08.2016 15:00","1908","1890"
"28.08.2016 15:00 - 28.08.2016 16:00","1875","1869"
"28.08.2016 16:00 - 28.08.2016 17:00","1929","1927"
"28.08.2016 17:00 - 28.08.2016 18:00","2113","2134"
"28.08.2016 18:00 - 28.08.2016 19:00","2128","2165"
"28.08.2016 19:00 - 28.08.2016 20:00","2081","2090"
"28.08.2016 20:00 - 28.08.2016 21:00","2035","2020"
"28.08.2016 21:00 - 28.08.2016 22:00","1976","1940"
"28.08.2016 22:00 - 28.08.2016 23:00","1814","1764"
"28.08.2016 23:00 - 29.08.2016 00:00","1654","1622"
"29.08.2016 00:00 - 29.08.2016 01:00","1560","1551"
"29.08.2016 01:00 - 29.08.2016 02:00","1497","1515"
"29.08.2016 02:00 - 29.08.2016 03:00","1480","1481"
"29.08.2016 03:00 - 29.08.2016 04:00","1468","1480"
"29.08.2016 04:00 - 29.08.2016 05:00","1538","1517"
"29.08.2016 05:00 - 29.08.2016 06:00","1670","1659"
"29.08.2016 06:00 - 29.08.2016 07:00","1962","1947"
"29.08.2016 07:00 - 29.08.2016 08:00","2311","2310"
"29.08.2016 08:00 - 29.08.2016 09:00","2488","2467"
"29.08.2016 09:00 - 29.08.2016 10:00","2496","2483"
"29.08.2016 10:00 - 29.08.2016 11:00","2573","2538"
"29.08.2016 11:00 - 29.08.2016 12:00","2548","2536"
"29.08.2016 12:00 - 29.08.2016 13:00","2484","2453"
"29.08.2016 13:00 - 29.08.2016 14:00","2483","2468"
"29.08.2016 14:00 - 29.08.2016 15:00","2406","2410"
"29.08.2016 15:00 - 29.08.2016 16:00","2288","2284"
"29.08.2016 16:00 - 29.08.2016 17:00","2236","2223"
"29.08.2016 17:00 - 29.08.2016 18:00","2383","2366"
"29.08.2016 18:00 - 29.08.2016 19:00","2295","2286"
"29.08.2016 19:00 - 29.08.2016 20:00","2180","2172"
"29.08.2016 20:00 - 29.08.2016 21:00","2131","2120"
"29.08.2016 21:00 - 29.08.2016 22:00","2081","2081"
"29.08.2016 22:00 - 29.08.2016 23:00","1921","1916"
"29.08.2016 23:00 - 30.08.2016 00:00","1729","1720"
"30.08.2016 00:00 - 30.08.2016 01:00","1632","1605"
"30.08.2016 01:00 - 30.08.2016 02:00","1556","1551"
"30.08.2016 02:00 - 30.08.2016 03:00","1537","1532"
"30.08.2016 03:00 - 30.08.2016 04:00","1535","1557"
"30.08.2016 04:00 - 30.08.2016 05:00","1595","1600"
"30.08.2016 05:00 - 30.08.2016 06:00","1756","1747"
"30.08.2016 06:00 - 30.08.2016 07:00","2131","2080"
"30.08.2016 07:00 - 30.08.2016 08:00","2433","2435"
"30.08.2016 08:00 - 30.08.2016 09:00","2593","2593"
"30.08.2016 09:00 - 30.08.2016 10:00","2602","2596"
"30.08.2016 10:00 - 30.08.2016 11:00","2649","2621"
"30.08.2016 11:00 - 30.08.2016 12:00","2599","2605"
"30.08.2016 12:00 - 30.08.2016 13:00","2547","2540"
"30.08.2016 13:00 - 30.08.2016 14:00","2582","2560"
"30.08.2016 14:00 - 30.08.2016 15:00","2489","2480"
"30.08.2016 15:00 - 30.08.2016 16:00","2377","2371"
"30.08.2016 16:00 - 30.08.2016 17:00","2335","2361"
"30.08.2016 17:00 - 30.08.2016 18:00","2477","2495"
"30.08.2016 18:00 - 30.08.2016 19:00","2425","2434"
"30.08.2016 19:00 - 30.08.2016 20:00","2315","2330"
"30.08.2016 20:00 - 30.08.2016 21:00","2265","2270"
"30.08.2016 21:00 - 30.08.2016 22:00","2216","2227"
"30.08.2016 22:00 - 30.08.2016 23:00","2030","2029"
"30.08.2016 23:00 - 31.08.2016 00:00","1824","1833"
"31.08.2016 00:00 - 31.08.2016 01:00","1665","1703"
"31.08.2016 01:00 - 31.08.2016 02:00","1641","1638"
"31.08.2016 02:00 - 31.08.2016 03:00","1604","1605"
"31.08.2016 03:00 - 31.08.2016 04:00","1599","1608"
"31.08.2016 04:00 - 31.08.2016 05:00","1650","1676"
"31.08.2016 05:00 - 31.08.2016 06:00","1814","1825"
"31.08.2016 06:00 - 31.08.2016 07:00","2156","2136"
"31.08.2016 07:00 - 31.08.2016 08:00","2485","2476"
"31.08.2016 08:00 - 31.08.2016 09:00","2633","2631"
"31.08.2016 09:00 - 31.08.2016 10:00","2655","2648"
"31.08.2016 10:00 - 31.08.2016 11:00","2714","2698"
"31.08.2016 11:00 - 31.08.2016 12:00","2693","2700"
"31.08.2016 12:00 - 31.08.2016 13:00","2631","2595"
"31.08.2016 13:00 - 31.08.2016 14:00","2638","2607"
"31.08.2016 14:00 - 31.08.2016 15:00","2546","2540"
"31.08.2016 15:00 - 31.08.2016 16:00","2445","2455"
"31.08.2016 16:00 - 31.08.2016 17:00","2438","2449"
"31.08.2016 17:00 - 31.08.2016 18:00","2539","2526"
"31.08.2016 18:00 - 31.08.2016 19:00","2476","2499"
"31.08.2016 19:00 - 31.08.2016 20:00","2375","2377"
"31.08.2016 20:00 - 31.08.2016 21:00","2315","2326"
"31.08.2016 21:00 - 31.08.2016 22:00","2255","2250"
"31.08.2016 22:00 - 31.08.2016 23:00","2072","2058"
"31.08.2016 23:00 - 01.09.2016 00:00","1858","1839"
"01.09.2016 00:00 - 01.09.2016 01:00","1687","1694"
"01.09.2016 01:00 - 01.09.2016 02:00","1636","1654"
"01.09.2016 02:00 - 01.09.2016 03:00","1622","1618"
"01.09.2016 03:00 - 01.09.2016 04:00","1600","1638"
"01.09.2016 04:00 - 01.09.2016 05:00","1666","1689"
"01.09.2016 05:00 - 01.09.2016 06:00","1827","1821"
"01.09.2016 06:00 - 01.09.2016 07:00","2167","2122"
"01.09.2016 07:00 - 01.09.2016 08:00","2470","2484"
"01.09.2016 08:00 - 01.09.2016 09:00","2636","2640"
"01.09.2016 09:00 - 01.09.2016 10:00","2671","2647"
"01.09.2016 10:00 - 01.09.2016 11:00","2732","2719"
"01.09.2016 11:00 - 01.09.2016 12:00","2714","2710"
"01.09.2016 12:00 - 01.09.2016 13:00","2625","2608"
"01.09.2016 13:00 - 01.09.2016 14:00","2648","2605"
"01.09.2016 14:00 - 01.09.2016 15:00","2537","2524"
"01.09.2016 15:00 - 01.09.2016 16:00","2395","2406"
"01.09.2016 16:00 - 01.09.2016 17:00","2358","2385"
"01.09.2016 17:00 - 01.09.2016 18:00","2512","2498"
"01.09.2016 18:00 - 01.09.2016 19:00","2400","2423"
"01.09.2016 19:00 - 01.09.2016 20:00","2298","2335"
"01.09.2016 20:00 - 01.09.2016 21:00","2299","2300"
"01.09.2016 21:00 - 01.09.2016 22:00","2226","2212"
"01.09.2016 22:00 - 01.09.2016 23:00","2052","2011"
"01.09.2016 23:00 - 02.09.2016 00:00","1844","1792"
"02.09.2016 00:00 - 02.09.2016 01:00","1653","1648"
"02.09.2016 01:00 - 02.09.2016 02:00","1596","1588"
"02.09.2016 02:00 - 02.09.2016 03:00","1569","1575"
"02.09.2016 03:00 - 02.09.2016 04:00","1570","1574"
"02.09.2016 04:00 - 02.09.2016 05:00","1620","1642"
"02.09.2016 05:00 - 02.09.2016 06:00","1762","1770"
"02.09.2016 06:00 - 02.09.2016 07:00","2103","2101"
"02.09.2016 07:00 - 02.09.2016 08:00","2449","2437"
"02.09.2016 08:00 - 02.09.2016 09:00","2594","2601"
"02.09.2016 09:00 - 02.09.2016 10:00","2633","2644"
"02.09.2016 10:00 - 02.09.2016 11:00","2694","2685"
"02.09.2016 11:00 - 02.09.2016 12:00","2631","2624"
"02.09.2016 12:00 - 02.09.2016 13:00","2487","2473"
"02.09.2016 13:00 - 02.09.2016 14:00","2406","2408"
"02.09.2016 14:00 - 02.09.2016 15:00","2306","2310"
"02.09.2016 15:00 - 02.09.2016 16:00","2217","2220"
"02.09.2016 16:00 - 02.09.2016 17:00","2221","2224"
"02.09.2016 17:00 - 02.09.2016 18:00","2318","2302"
"02.09.2016 18:00 - 02.09.2016 19:00","2250","2269"
"02.09.2016 19:00 - 02.09.2016 20:00","2142","2146"
"02.09.2016 20:00 - 02.09.2016 21:00","2105","2109"
"02.09.2016 21:00 - 02.09.2016 22:00","2029","2026"
"02.09.2016 22:00 - 02.09.2016 23:00","1857","1845"
"02.09.2016 23:00 - 03.09.2016 00:00","1696","1689"
"03.09.2016 00:00 - 03.09.2016 01:00","1551","1558"
"03.09.2016 01:00 - 03.09.2016 02:00","1481","1485"
"03.09.2016 02:00 - 03.09.2016 03:00","1428","1429"
"03.09.2016 03:00 - 03.09.2016 04:00","1407","1413"
"03.09.2016 04:00 - 03.09.2016 05:00","1418","1422"
"03.09.2016 05:00 - 03.09.2016 06:00","1462","1464"
"03.09.2016 06:00 - 03.09.2016 07:00","1560","1553"
"03.09.2016 07:00 - 03.09.2016 08:00","1689","1698"
"03.09.2016 08:00 - 03.09.2016 09:00","1890","1904"
"03.09.2016 09:00 - 03.09.2016 10:00","2001","1975"
"03.09.2016 10:00 - 03.09.2016 11:00","1976","1926"
"03.09.2016 11:00 - 03.09.2016 12:00","1954","1932"
"03.09.2016 12:00 - 03.09.2016 13:00","1917","1905"
"03.09.2016 13:00 - 03.09.2016 14:00","1906","1894"
"03.09.2016 14:00 - 03.09.2016 15:00","1830","1795"
"03.09.2016 15:00 - 03.09.2016 16:00","1785","1751"
"03.09.2016 16:00 - 03.09.2016 17:00","1805","1812"
"03.09.2016 17:00 - 03.09.2016 18:00","1960","1988"
"03.09.2016 18:00 - 03.09.2016 19:00","2005","2054"
"03.09.2016 19:00 - 03.09.2016 20:00","1922","1955"
"03.09.2016 20:00 - 03.09.2016 21:00","1900","1937"
"03.09.2016 21:00 - 03.09.2016 22:00","1858","1856"
"03.09.2016 22:00 - 03.09.2016 23:00","1718","1720"
"03.09.2016 23:00 - 04.09.2016 00:00","1574","1601"
"04.09.2016 00:00 - 04.09.2016 01:00","1486","1517"
"04.09.2016 01:00 - 04.09.2016 02:00","1451","1446"
"04.09.2016 02:00 - 04.09.2016 03:00","1414","1424"
"04.09.2016 03:00 - 04.09.2016 04:00","1409","1396"
"04.09.2016 04:00 - 04.09.2016 05:00","1397","1399"
"04.09.2016 05:00 - 04.09.2016 06:00","1428","1432"
"04.09.2016 06:00 - 04.09.2016 07:00","1490","1506"
"04.09.2016 07:00 - 04.09.2016 08:00","1623","1629"
"04.09.2016 08:00 - 04.09.2016 09:00","1791","1804"
"04.09.2016 09:00 - 04.09.2016 10:00","1920","1936"
"04.09.2016 10:00 - 04.09.2016 11:00","2010","1992"
"04.09.2016 11:00 - 04.09.2016 12:00","2009","1996"
"04.09.2016 12:00 - 04.09.2016 13:00","1985","1990"
"04.09.2016 13:00 - 04.09.2016 14:00","1976","1981"
"04.09.2016 14:00 - 04.09.2016 15:00","1960","1975"
"04.09.2016 15:00 - 04.09.2016 16:00","1965","1956"
"04.09.2016 16:00 - 04.09.2016 17:00","2006","2000"
"04.09.2016 17:00 - 04.09.2016 18:00","2212","2212"
"04.09.2016 18:00 - 04.09.2016 19:00","2192","2208"
"04.09.2016 19:00 - 04.09.2016 20:00","2104","2071"
"04.09.2016 20:00 - 04.09.2016 21:00","2014","2035"
"04.09.2016 21:00 - 04.09.2016 22:00","1933","1943"
"04.09.2016 22:00 - 04.09.2016 23:00","1780","1758"
"04.09.2016 23:00 - 05.09.2016 00:00","1642","1603"
"05.09.2016 00:00 - 05.09.2016 01:00","1537","1543"
"05.09.2016 01:00 - 05.09.2016 02:00","1507","1478"
"05.09.2016 02:00 - 05.09.2016 03:00","1481","1465"
"05.09.2016 03:00 - 05.09.2016 04:00","1484","1470"
"05.09.2016 04:00 - 05.09.2016 05:00","1525","1537"
"05.09.2016 05:00 - 05.09.2016 06:00","1713","1697"
"05.09.2016 06:00 - 05.09.2016 07:00","2077","2061"
"05.09.2016 07:00 - 05.09.2016 08:00","2417","2410"
"05.09.2016 08:00 - 05.09.2016 09:00","2584","2575"
"05.09.2016 09:00 - 05.09.2016 10:00","2616","2608"
"05.09.2016 10:00 - 05.09.2016 11:00","2683","2668"
"05.09.2016 11:00 - 05.09.2016 12:00","2657","2651"
"05.09.2016 12:00 - 05.09.2016 13:00","2593","2596"
"05.09.2016 13:00 - 05.09.2016 14:00","2624","2655"
"05.09.2016 14:00 - 05.09.2016 15:00","2626","2617"
"05.09.2016 15:00 - 05.09.2016 16:00","2519","2540"
"05.09.2016 16:00 - 05.09.2016 17:00","2494","2450"
"05.09.2016 17:00 - 05.09.2016 18:00","2565","2575"
"05.09.2016 18:00 - 05.09.2016 19:00","2498","2525"
"05.09.2016 19:00 - 05.09.2016 20:00","2402","2396"
"05.09.2016 20:00 - 05.09.2016 21:00","2369","2382"
"05.09.2016 21:00 - 05.09.2016 22:00","2254","2264"
"05.09.2016 22:00 - 05.09.2016 23:00","2050","2056"
"05.09.2016 23:00 - 06.09.2016 00:00","1832","1848"
"06.09.2016 00:00 - 06.09.2016 01:00","1730","1701"
"06.09.2016 01:00 - 06.09.2016 02:00","1639","1635"
"06.09.2016 02:00 - 06.09.2016 03:00","1608","1609"
"06.09.2016 03:00 - 06.09.2016 04:00","1616","1597"
"06.09.2016 04:00 - 06.09.2016 05:00","1648","1633"
"06.09.2016 05:00 - 06.09.2016 06:00","1796","1776"
"06.09.2016 06:00 - 06.09.2016 07:00","2155","2126"
"06.09.2016 07:00 - 06.09.2016 08:00","2456","2450"
"06.09.2016 08:00 - 06.09.2016 09:00","2600","2596"
"06.09.2016 09:00 - 06.09.2016 10:00","2643","2617"
"06.09.2016 10:00 - 06.09.2016 11:00","2676","2634"
"06.09.2016 11:00 - 06.09.2016 12:00","2628","2579"
"06.09.2016 12:00 - 06.09.2016 13:00","2521","2503"
"06.09.2016 13:00 - 06.09.2016 14:00","2520","2556"
"06.09.2016 14:00 - 06.09.2016 15:00","2543","2544"
"06.09.2016 15:00 - 06.09.2016 16:00","2445","2449"
"06.09.2016 16:00 - 06.09.2016 17:00","2375","2385"
"06.09.2016 17:00 - 06.09.2016 18:00","2498","2507"
"06.09.2016 18:00 - 06.09.2016 19:00","2459","2458"
"06.09.2016 19:00 - 06.09.2016 20:00","2337","2369"
"06.09.2016 20:00 - 06.09.2016 21:00","2339","2332"
"06.09.2016 21:00 - 06.09.2016 22:00","2250","2207"
"06.09.2016 22:00 - 06.09.2016 23:00","2030","2011"
"06.09.2016 23:00 - 07.09.2016 00:00","1812","1801"
"07.09.2016 00:00 - 07.09.2016 01:00","1692","1683"
"07.09.2016 01:00 - 07.09.2016 02:00","1613","1617"
"07.09.2016 02:00 - 07.09.2016 03:00","1583","1600"
"07.09.2016 03:00 - 07.09.2016 04:00","1583","1617"
"07.09.2016 04:00 - 07.09.2016 05:00","1661","1688"
"07.09.2016 05:00 - 07.09.2016 06:00","1846","1862"
"07.09.2016 06:00 - 07.09.2016 07:00","2238","2246"
"07.09.2016 07:00 - 07.09.2016 08:00","2589","2608"
"07.09.2016 08:00 - 07.09.2016 09:00","2731","2749"
"07.09.2016 09:00 - 07.09.2016 10:00","2770","2775"
"07.09.2016 10:00 - 07.09.2016 11:00","2805","2794"
"07.09.2016 11:00 - 07.09.2016 12:00","2793","2807"
"07.09.2016 12:00 - 07.09.2016 13:00","2736","2742"
"07.09.2016 13:00 - 07.09.2016 14:00","2733","2731"
"07.09.2016 14:00 - 07.09.2016 15:00","2662","2685"
"07.09.2016 15:00 - 07.09.2016 16:00","2558","2578"
"07.09.2016 16:00 - 07.09.2016 17:00","2535","2559"
"07.09.2016 17:00 - 07.09.2016 18:00","2669","2669"
"07.09.2016 18:00 - 07.09.2016 19:00","2585","2584"
"07.09.2016 19:00 - 07.09.2016 20:00","2455","2461"
"07.09.2016 20:00 - 07.09.2016 21:00","2453","2446"
"07.09.2016 21:00 - 07.09.2016 22:00","2345","2312"
"07.09.2016 22:00 - 07.09.2016 23:00","2131","2104"
"07.09.2016 23:00 - 08.09.2016 00:00","1900","1866"
"08.09.2016 00:00 - 08.09.2016 01:00","1718","1748"
"08.09.2016 01:00 - 08.09.2016 02:00","1680","1686"
"08.09.2016 02:00 - 08.09.2016 03:00","1653","1667"
"08.09.2016 03:00 - 08.09.2016 04:00","1647","1674"
"08.09.2016 04:00 - 08.09.2016 05:00","1681","1721"
"08.09.2016 05:00 - 08.09.2016 06:00","1852","1886"
"08.09.2016 06:00 - 08.09.2016 07:00","2260","2244"
"08.09.2016 07:00 - 08.09.2016 08:00","2553","2558"
"08.09.2016 08:00 - 08.09.2016 09:00","2722","2730"
"08.09.2016 09:00 - 08.09.2016 10:00","2741","2715"
"08.09.2016 10:00 - 08.09.2016 11:00","2747","2725"
"08.09.2016 11:00 - 08.09.2016 12:00","2699","2677"
"08.09.2016 12:00 - 08.09.2016 13:00","2629","2616"
"08.09.2016 13:00 - 08.09.2016 14:00","2631","2617"
"08.09.2016 14:00 - 08.09.2016 15:00","2566","2559"
"08.09.2016 15:00 - 08.09.2016 16:00","2462","2468"
"08.09.2016 16:00 - 08.09.2016 17:00","2446","2445"
"08.09.2016 17:00 - 08.09.2016 18:00","2568","2549"
"08.09.2016 18:00 - 08.09.2016 19:00","2473","2472"
"08.09.2016 19:00 - 08.09.2016 20:00","2381","2380"
"08.09.2016 20:00 - 08.09.2016 21:00","2372","2371"
"08.09.2016 21:00 - 08.09.2016 22:00","2242","2274"
"08.09.2016 22:00 - 08.09.2016 23:00","2045","2041"
"08.09.2016 23:00 - 09.09.2016 00:00","1834","1840"
"09.09.2016 00:00 - 09.09.2016 01:00","1727","1735"
"09.09.2016 01:00 - 09.09.2016 02:00","1649","1679"
"09.09.2016 02:00 - 09.09.2016 03:00","1630","1674"
"09.09.2016 03:00 - 09.09.2016 04:00","1649","1669"
"09.09.2016 04:00 - 09.09.2016 05:00","1703","1714"
"09.09.2016 05:00 - 09.09.2016 06:00","1862","1858"
"09.09.2016 06:00 - 09.09.2016 07:00","2209","2211"
"09.09.2016 07:00 - 09.09.2016 08:00","2503","2547"
"09.09.2016 08:00 - 09.09.2016 09:00","2646","2651"
"09.09.2016 09:00 - 09.09.2016 10:00","2664","2653"
"09.09.2016 10:00 - 09.09.2016 11:00","2738","2710"
"09.09.2016 11:00 - 09.09.2016 12:00","2706","2687"
"09.09.2016 12:00 - 09.09.2016 13:00","2600","2567"
"09.09.2016 13:00 - 09.09.2016 14:00","2538","2497"
"09.09.2016 14:00 - 09.09.2016 15:00","2363","2361"
"09.09.2016 15:00 - 09.09.2016 16:00","2274","2279"
"09.09.2016 16:00 - 09.09.2016 17:00","2268","2282"
"09.09.2016 17:00 - 09.09.2016 18:00","2360","2367"
"09.09.2016 18:00 - 09.09.2016 19:00","2294","2310"
"09.09.2016 19:00 - 09.09.2016 20:00","2170","2165"
"09.09.2016 20:00 - 09.09.2016 21:00","2148","2143"
"09.09.2016 21:00 - 09.09.2016 22:00","2036","2033"
"09.09.2016 22:00 - 09.09.2016 23:00","1888","1867"
"09.09.2016 23:00 - 10.09.2016 00:00","1724","1697"
"10.09.2016 00:00 - 10.09.2016 01:00","1588","1568"
"10.09.2016 01:00 - 10.09.2016 02:00","1498","1476"
"10.09.2016 02:00 - 10.09.2016 03:00","1438","1439"
"10.09.2016 03:00 - 10.09.2016 04:00","1416","1421"
"10.09.2016 04:00 - 10.09.2016 05:00","1426","1425"
"10.09.2016 05:00 - 10.09.2016 06:00","1469","1451"
"10.09.2016 06:00 - 10.09.2016 07:00","1550","1532"
"10.09.2016 07:00 - 10.09.2016 08:00","1681","1677"
"10.09.2016 08:00 - 10.09.2016 09:00","1881","1895"
"10.09.2016 09:00 - 10.09.2016 10:00","2004","1992"
"10.09.2016 10:00 - 10.09.2016 11:00","2026","2010"
"10.09.2016 11:00 - 10.09.2016 12:00","2000","1994"
"10.09.2016 12:00 - 10.09.2016 13:00","1947","1945"
"10.09.2016 13:00 - 10.09.2016 14:00","1914","1914"
"10.09.2016 14:00 - 10.09.2016 15:00","1886","1882"
"10.09.2016 15:00 - 10.09.2016 16:00","1857","1866"
"10.09.2016 16:00 - 10.09.2016 17:00","1904","1923"
"10.09.2016 17:00 - 10.09.2016 18:00","2077","2076"
"10.09.2016 18:00 - 10.09.2016 19:00","2080","2089"
"10.09.2016 19:00 - 10.09.2016 20:00","1978","1987"
"10.09.2016 20:00 - 10.09.2016 21:00","1973","1962"
"10.09.2016 21:00 - 10.09.2016 22:00","1857","1851"
"10.09.2016 22:00 - 10.09.2016 23:00","1723","1694"
"10.09.2016 23:00 - 11.09.2016 00:00","1609","1537"
"11.09.2016 00:00 - 11.09.2016 01:00","1457","1455"
"11.09.2016 01:00 - 11.09.2016 02:00","1398","1391"
"11.09.2016 02:00 - 11.09.2016 03:00","1361","1357"
"11.09.2016 03:00 - 11.09.2016 04:00","1347","1350"
"11.09.2016 04:00 - 11.09.2016 05:00","1357","1331"
"11.09.2016 05:00 - 11.09.2016 06:00","1358","1327"
"11.09.2016 06:00 - 11.09.2016 07:00","1408","1396"
"11.09.2016 07:00 - 11.09.2016 08:00","1505","1520"
"11.09.2016 08:00 - 11.09.2016 09:00","1716","1700"
"11.09.2016 09:00 - 11.09.2016 10:00","1815","1801"
"11.09.2016 10:00 - 11.09.2016 11:00","1832","1798"
"11.09.2016 11:00 - 11.09.2016 12:00","1814","1801"
"11.09.2016 12:00 - 11.09.2016 13:00","1812","1824"
"11.09.2016 13:00 - 11.09.2016 14:00","1827","1833"
"11.09.2016 14:00 - 11.09.2016 15:00","1843","1834"
"11.09.2016 15:00 - 11.09.2016 16:00","1819","1822"
"11.09.2016 16:00 - 11.09.2016 17:00","1892","1937"
"11.09.2016 17:00 - 11.09.2016 18:00","2126","2148"
"11.09.2016 18:00 - 11.09.2016 19:00","2135","2161"
"11.09.2016 19:00 - 11.09.2016 20:00","2074","2088"
"11.09.2016 20:00 - 11.09.2016 21:00","2063","2103"
"11.09.2016 21:00 - 11.09.2016 22:00","1935","1979"
"11.09.2016 22:00 - 11.09.2016 23:00","1775","1817"
"11.09.2016 23:00 - 12.09.2016 00:00","1630","1680"
"12.09.2016 00:00 - 12.09.2016 01:00","1587","1583"
"12.09.2016 01:00 - 12.09.2016 02:00","1546","1530"
"12.09.2016 02:00 - 12.09.2016 03:00","1510","1491"
"12.09.2016 03:00 - 12.09.2016 04:00","1506","1506"
"12.09.2016 04:00 - 12.09.2016 05:00","1556","1539"
"12.09.2016 05:00 - 12.09.2016 06:00","1694","1672"
"12.09.2016 06:00 - 12.09.2016 07:00","2074","2071"
"12.09.2016 07:00 - 12.09.2016 08:00","2436","2422"
"12.09.2016 08:00 - 12.09.2016 09:00","2588","2589"
"12.09.2016 09:00 - 12.09.2016 10:00","2621","2630"
"12.09.2016 10:00 - 12.09.2016 11:00","2718","2706"
"12.09.2016 11:00 - 12.09.2016 12:00","2707","2697"
"12.09.2016 12:00 - 12.09.2016 13:00","2634","2623"
"12.09.2016 13:00 - 12.09.2016 14:00","2635","2662"
"12.09.2016 14:00 - 12.09.2016 15:00","2604","2577"
"12.09.2016 15:00 - 12.09.2016 16:00","2459","2460"
"12.09.2016 16:00 - 12.09.2016 17:00","2422","2394"
"12.09.2016 17:00 - 12.09.2016 18:00","2525","2517"
"12.09.2016 18:00 - 12.09.2016 19:00","2458","2475"
"12.09.2016 19:00 - 12.09.2016 20:00","2380","2372"
"12.09.2016 20:00 - 12.09.2016 21:00","2346","2350"
"12.09.2016 21:00 - 12.09.2016 22:00","2212","2226"
"12.09.2016 22:00 - 12.09.2016 23:00","2028","2005"
"12.09.2016 23:00 - 13.09.2016 00:00","1825","1808"
"13.09.2016 00:00 - 13.09.2016 01:00","1689","1671"
"13.09.2016 01:00 - 13.09.2016 02:00","1620","1627"
"13.09.2016 02:00 - 13.09.2016 03:00","1618","1613"
"13.09.2016 03:00 - 13.09.2016 04:00","1605","1632"
"13.09.2016 04:00 - 13.09.2016 05:00","1684","1676"
"13.09.2016 05:00 - 13.09.2016 06:00","1845","1813"
"13.09.2016 06:00 - 13.09.2016 07:00","2240","2192"
"13.09.2016 07:00 - 13.09.2016 08:00","2546","2533"
"13.09.2016 08:00 - 13.09.2016 09:00","2641","2653"
"13.09.2016 09:00 - 13.09.2016 10:00","2686","2711"
"13.09.2016 10:00 - 13.09.2016 11:00","2798","2798"
"13.09.2016 11:00 - 13.09.2016 12:00","2816","2839"
"13.09.2016 12:00 - 13.09.2016 13:00","2719","2713"
"13.09.2016 13:00 - 13.09.2016 14:00","2712","2700"
"13.09.2016 14:00 - 13.09.2016 15:00","2643","2631"
"13.09.2016 15:00 - 13.09.2016 16:00","2539","2538"
"13.09.2016 16:00 - 13.09.2016 17:00","2473","2476"
"13.09.2016 17:00 - 13.09.2016 18:00","2569","2560"
"13.09.2016 18:00 - 13.09.2016 19:00","2490","2498"
"13.09.2016 19:00 - 13.09.2016 20:00","2396","2405"
"13.09.2016 20:00 - 13.09.2016 21:00","2399","2389"
"13.09.2016 21:00 - 13.09.2016 22:00","2253","2246"
"13.09.2016 22:00 - 13.09.2016 23:00","2045","2032"
"13.09.2016 23:00 - 14.09.2016 00:00","1837","1821"
"14.09.2016 00:00 - 14.09.2016 01:00","1723","1712"
"14.09.2016 01:00 - 14.09.2016 02:00","1651","1666"
"14.09.2016 02:00 - 14.09.2016 03:00","1651","1640"
"14.09.2016 03:00 - 14.09.2016 04:00","1619","1653"
"14.09.2016 04:00 - 14.09.2016 05:00","1677","1682"
"14.09.2016 05:00 - 14.09.2016 06:00","1847","1855"
"14.09.2016 06:00 - 14.09.2016 07:00","2212","2188"
"14.09.2016 07:00 - 14.09.2016 08:00","2490","2494"
"14.09.2016 08:00 - 14.09.2016 09:00","2630","2644"
"14.09.2016 09:00 - 14.09.2016 10:00","2688","2687"
"14.09.2016 10:00 - 14.09.2016 11:00","2766","2768"
"14.09.2016 11:00 - 14.09.2016 12:00","2763","2760"
"14.09.2016 12:00 - 14.09.2016 13:00","2680","2694"
"14.09.2016 13:00 - 14.09.2016 14:00","2705","2706"
"14.09.2016 14:00 - 14.09.2016 15:00","2652","2649"
"14.09.2016 15:00 - 14.09.2016 16:00","2549","2536"
"14.09.2016 16:00 - 14.09.2016 17:00","2467","2474"
"14.09.2016 17:00 - 14.09.2016 18:00","2553","2551"
"14.09.2016 18:00 - 14.09.2016 19:00","2461","2487"
"14.09.2016 19:00 - 14.09.2016 20:00","2376","2399"
"14.09.2016 20:00 - 14.09.2016 21:00","2393","2401"
"14.09.2016 21:00 - 14.09.2016 22:00","2251","2274"
"14.09.2016 22:00 - 14.09.2016 23:00","2047","2103"
"14.09.2016 23:00 - 15.09.2016 00:00","1841","1849"
"15.09.2016 00:00 - 15.09.2016 01:00","1740","1710"
"15.09.2016 01:00 - 15.09.2016 02:00","1668","1661"
"15.09.2016 02:00 - 15.09.2016 03:00","1644","1634"
"15.09.2016 03:00 - 15.09.2016 04:00","1619","1624"
"15.09.2016 04:00 - 15.09.2016 05:00","1659","1670"
"15.09.2016 05:00 - 15.09.2016 06:00","1826","1819"
"15.09.2016 06:00 - 15.09.2016 07:00","2221","2200"
"15.09.2016 07:00 - 15.09.2016 08:00","2542","2522"
"15.09.2016 08:00 - 15.09.2016 09:00","2664","2688"
"15.09.2016 09:00 - 15.09.2016 10:00","2706","2716"
"15.09.2016 10:00 - 15.09.2016 11:00","2795","2800"
"15.09.2016 11:00 - 15.09.2016 12:00","2810","2805"
"15.09.2016 12:00 - 15.09.2016 13:00","2690","2716"
"15.09.2016 13:00 - 15.09.2016 14:00","2725","2722"
"15.09.2016 14:00 - 15.09.2016 15:00","2686","2631"
"15.09.2016 15:00 - 15.09.2016 16:00","2522","2514"
"15.09.2016 16:00 - 15.09.2016 17:00","2482","2468"
"15.09.2016 17:00 - 15.09.2016 18:00","2558","2549"
"15.09.2016 18:00 - 15.09.2016 19:00","2497","2469"
"15.09.2016 19:00 - 15.09.2016 20:00","2410","2392"
"15.09.2016 20:00 - 15.09.2016 21:00","2389","2393"
"15.09.2016 21:00 - 15.09.2016 22:00","2236","2233"
"15.09.2016 22:00 - 15.09.2016 23:00","2030","2015"
"15.09.2016 23:00 - 16.09.2016 00:00","1835","1818"
"16.09.2016 00:00 - 16.09.2016 01:00","1702","1704"
"16.09.2016 01:00 - 16.09.2016 02:00","1647","1645"
"16.09.2016 02:00 - 16.09.2016 03:00","1625","1615"
"16.09.2016 03:00 - 16.09.2016 04:00","1635","1609"
"16.09.2016 04:00 - 16.09.2016 05:00","1665","1647"
"16.09.2016 05:00 - 16.09.2016 06:00","1791","1787"
"16.09.2016 06:00 - 16.09.2016 07:00","2182","2157"
"16.09.2016 07:00 - 16.09.2016 08:00","2468","2474"
"16.09.2016 08:00 - 16.09.2016 09:00","2589","2592"
"16.09.2016 09:00 - 16.09.2016 10:00","2614","2647"
"16.09.2016 10:00 - 16.09.2016 11:00","2693","2667"
"16.09.2016 11:00 - 16.09.2016 12:00","2622","2590"
"16.09.2016 12:00 - 16.09.2016 13:00","2446","2429"
"16.09.2016 13:00 - 16.09.2016 14:00","2348","2349"
"16.09.2016 14:00 - 16.09.2016 15:00","2235","2215"
"16.09.2016 15:00 - 16.09.2016 16:00","2125","2137"
"16.09.2016 16:00 - 16.09.2016 17:00","2161","2176"
"16.09.2016 17:00 - 16.09.2016 18:00","2306","2305"
"16.09.2016 18:00 - 16.09.2016 19:00","2282","2293"
"16.09.2016 19:00 - 16.09.2016 20:00","2186","2207"
"16.09.2016 20:00 - 16.09.2016 21:00","2167","2133"
"16.09.2016 21:00 - 16.09.2016 22:00","2010","1981"
"16.09.2016 22:00 - 16.09.2016 23:00","1852","1824"
"16.09.2016 23:00 - 17.09.2016 00:00","1684","1649"
"17.09.2016 00:00 - 17.09.2016 01:00","1540","1533"
"17.09.2016 01:00 - 17.09.2016 02:00","1470","1474"
"17.09.2016 02:00 - 17.09.2016 03:00","1438","1447"
"17.09.2016 03:00 - 17.09.2016 04:00","1425","1417"
"17.09.2016 04:00 - 17.09.2016 05:00","1433","1444"
"17.09.2016 05:00 - 17.09.2016 06:00","1491","1489"
"17.09.2016 06:00 - 17.09.2016 07:00","1596","1599"
"17.09.2016 07:00 - 17.09.2016 08:00","1743","1735"
"17.09.2016 08:00 - 17.09.2016 09:00","1914","1912"
"17.09.2016 09:00 - 17.09.2016 10:00","2013","2019"
"17.09.2016 10:00 - 17.09.2016 11:00","2059","2059"
"17.09.2016 11:00 - 17.09.2016 12:00","2038","2032"
"17.09.2016 12:00 - 17.09.2016 13:00","1985","1987"
"17.09.2016 13:00 - 17.09.2016 14:00","1939","1933"
"17.09.2016 14:00 - 17.09.2016 15:00","1900","1858"
"17.09.2016 15:00 - 17.09.2016 16:00","1862","1843"
"17.09.2016 16:00 - 17.09.2016 17:00","1887","1878"
"17.09.2016 17:00 - 17.09.2016 18:00","2031","2020"
"17.09.2016 18:00 - 17.09.2016 19:00","2028","2018"
"17.09.2016 19:00 - 17.09.2016 20:00","1960","1955"
"17.09.2016 20:00 - 17.09.2016 21:00","1957","1972"
"17.09.2016 21:00 - 17.09.2016 22:00","1858","1841"
"17.09.2016 22:00 - 17.09.2016 23:00","1722","1703"
"17.09.2016 23:00 - 18.09.2016 00:00","1589","1570"
"18.09.2016 00:00 - 18.09.2016 01:00","1454","1458"
"18.09.2016 01:00 - 18.09.2016 02:00","1417","1411"
"18.09.2016 02:00 - 18.09.2016 03:00","1374","1380"
"18.09.2016 03:00 - 18.09.2016 04:00","1376","1384"
"18.09.2016 04:00 - 18.09.2016 05:00","1391","1398"
"18.09.2016 05:00 - 18.09.2016 06:00","1434","1436"
"18.09.2016 06:00 - 18.09.2016 07:00","1518","1523"
"18.09.2016 07:00 - 18.09.2016 08:00","1623","1629"
"18.09.2016 08:00 - 18.09.2016 09:00","1804","1801"
"18.09.2016 09:00 - 18.09.2016 10:00","1907","1912"
"18.09.2016 10:00 - 18.09.2016 11:00","1957","1948"
"18.09.2016 11:00 - 18.09.2016 12:00","1958","1929"
"18.09.2016 12:00 - 18.09.2016 13:00","1929","1896"
"18.09.2016 13:00 - 18.09.2016 14:00","1885","1880"
"18.09.2016 14:00 - 18.09.2016 15:00","1882","1859"
"18.09.2016 15:00 - 18.09.2016 16:00","1868","1868"
"18.09.2016 16:00 - 18.09.2016 17:00","1925","1926"
"18.09.2016 17:00 - 18.09.2016 18:00","2129","2150"
"18.09.2016 18:00 - 18.09.2016 19:00","2149","2141"
"18.09.2016 19:00 - 18.09.2016 20:00","2085","2075"
"18.09.2016 20:00 - 18.09.2016 21:00","2073","2069"
"18.09.2016 21:00 - 18.09.2016 22:00","1936","1915"
"18.09.2016 22:00 - 18.09.2016 23:00","1781","1760"
"18.09.2016 23:00 - 19.09.2016 00:00","1639","1657"
"19.09.2016 00:00 - 19.09.2016 01:00","1577","1588"
"19.09.2016 01:00 - 19.09.2016 02:00","1546","1547"
"19.09.2016 02:00 - 19.09.2016 03:00","1533","1522"
"19.09.2016 03:00 - 19.09.2016 04:00","1555","1558"
"19.09.2016 04:00 - 19.09.2016 05:00","1583","1605"
"19.09.2016 05:00 - 19.09.2016 06:00","1764","1757"
"19.09.2016 06:00 - 19.09.2016 07:00","2183","2164"
"19.09.2016 07:00 - 19.09.2016 08:00","2531","2541"
"19.09.2016 08:00 - 19.09.2016 09:00","2666","2669"
"19.09.2016 09:00 - 19.09.2016 10:00","2675","2687"
"19.09.2016 10:00 - 19.09.2016 11:00","2749","2747"
"19.09.2016 11:00 - 19.09.2016 12:00","2734","2706"
"19.09.2016 12:00 - 19.09.2016 13:00","2661","2675"
"19.09.2016 13:00 - 19.09.2016 14:00","2681","2664"
"19.09.2016 14:00 - 19.09.2016 15:00","2594","2598"
"19.09.2016 15:00 - 19.09.2016 16:00","2495","2486"
"19.09.2016 16:00 - 19.09.2016 17:00","2477","2455"
"19.09.2016 17:00 - 19.09.2016 18:00","2611","2618"
"19.09.2016 18:00 - 19.09.2016 19:00","2531","2539"
"19.09.2016 19:00 - 19.09.2016 20:00","2444","2442"
"19.09.2016 20:00 - 19.09.2016 21:00","2385","2371"
"19.09.2016 21:00 - 19.09.2016 22:00","2226","2208"
"19.09.2016 22:00 - 19.09.2016 23:00","2031","2017"
"19.09.2016 23:00 - 20.09.2016 00:00","1837","1825"
"20.09.2016 00:00 - 20.09.2016 01:00","1734","1725"
"20.09.2016 01:00 - 20.09.2016 02:00","1669","1665"
"20.09.2016 02:00 - 20.09.2016 03:00","1646","1649"
"20.09.2016 03:00 - 20.09.2016 04:00","1658","1664"
"20.09.2016 04:00 - 20.09.2016 05:00","1702","1701"
"20.09.2016 05:00 - 20.09.2016 06:00","1866","1867"
"20.09.2016 06:00 - 20.09.2016 07:00","2253","2247"
"20.09.2016 07:00 - 20.09.2016 08:00","2575","2572"
"20.09.2016 08:00 - 20.09.2016 09:00","2675","2680"
"20.09.2016 09:00 - 20.09.2016 10:00","2684","2691"
"20.09.2016 10:00 - 20.09.2016 11:00","2746","2726"
"20.09.2016 11:00 - 20.09.2016 12:00","2729","2729"
"20.09.2016 12:00 - 20.09.2016 13:00","2675","2647"
"20.09.2016 13:00 - 20.09.2016 14:00","2664","2669"
"20.09.2016 14:00 - 20.09.2016 15:00","2596","2591"
"20.09.2016 15:00 - 20.09.2016 16:00","2482","2473"
"20.09.2016 16:00 - 20.09.2016 17:00","2450","2453"
"20.09.2016 17:00 - 20.09.2016 18:00","2566","2571"
"20.09.2016 18:00 - 20.09.2016 19:00","2486","2494"
"20.09.2016 19:00 - 20.09.2016 20:00","2438","2428"
"20.09.2016 20:00 - 20.09.2016 21:00","2406","2397"
"20.09.2016 21:00 - 20.09.2016 22:00","2233","2224"
"20.09.2016 22:00 - 20.09.2016 23:00","2039","2019"
"20.09.2016 23:00 - 21.09.2016 00:00","1838","1836"
"21.09.2016 00:00 - 21.09.2016 01:00","1716","1709"
"21.09.2016 01:00 - 21.09.2016 02:00","1645","1654"
"21.09.2016 02:00 - 21.09.2016 03:00","1625","1638"
"21.09.2016 03:00 - 21.09.2016 04:00","1641","1646"
"21.09.2016 04:00 - 21.09.2016 05:00","1691","1698"
"21.09.2016 05:00 - 21.09.2016 06:00","1854","1858"
"21.09.2016 06:00 - 21.09.2016 07:00","2253","2251"
"21.09.2016 07:00 - 21.09.2016 08:00","2579","2598"
"21.09.2016 08:00 - 21.09.2016 09:00","2697","2723"
"21.09.2016 09:00 - 21.09.2016 10:00","2728","2724"
"21.09.2016 10:00 - 21.09.2016 11:00","2775","2779"
"21.09.2016 11:00 - 21.09.2016 12:00","2760","2755"
"21.09.2016 12:00 - 21.09.2016 13:00","2691","2705"
"21.09.2016 13:00 - 21.09.2016 14:00","2699","2718"
"21.09.2016 14:00 - 21.09.2016 15:00","2653","2660"
"21.09.2016 15:00 - 21.09.2016 16:00","2524","2513"
"21.09.2016 16:00 - 21.09.2016 17:00","2485","2473"
"21.09.2016 17:00 - 21.09.2016 18:00","2598","2587"
"21.09.2016 18:00 - 21.09.2016 19:00","2510","2503"
"21.09.2016 19:00 - 21.09.2016 20:00","2471","2458"
"21.09.2016 20:00 - 21.09.2016 21:00","2418","2416"
"21.09.2016 21:00 - 21.09.2016 22:00","2257","2265"
"21.09.2016 22:00 - 21.09.2016 23:00","2071","2055"
"21.09.2016 23:00 - 22.09.2016 00:00","1865","1853"
"22.09.2016 00:00 - 22.09.2016 01:00","1704","1693"
"22.09.2016 01:00 - 22.09.2016 02:00","1631","1631"
"22.09.2016 02:00 - 22.09.2016 03:00","1606","1605"
"22.09.2016 03:00 - 22.09.2016 04:00","1618","1612"
"22.09.2016 04:00 - 22.09.2016 05:00","1672","1663"
"22.09.2016 05:00 - 22.09.2016 06:00","1839","1831"
"22.09.2016 06:00 - 22.09.2016 07:00","2242","2208"
"22.09.2016 07:00 - 22.09.2016 08:00","2538","2512"
"22.09.2016 08:00 - 22.09.2016 09:00","2614","2608"
"22.09.2016 09:00 - 22.09.2016 10:00","2626","2623"
"22.09.2016 10:00 - 22.09.2016 11:00","2677","2672"
"22.09.2016 11:00 - 22.09.2016 12:00","2669","2663"
"22.09.2016 12:00 - 22.09.2016 13:00","2610","2609"
"22.09.2016 13:00 - 22.09.2016 14:00","2638","2640"
"22.09.2016 14:00 - 22.09.2016 15:00","2580","2572"
"22.09.2016 15:00 - 22.09.2016 16:00","2465","2469"
"22.09.2016 16:00 - 22.09.2016 17:00","2435","2439"
"22.09.2016 17:00 - 22.09.2016 18:00","2561","2556"
"22.09.2016 18:00 - 22.09.2016 19:00","2502","2508"
"22.09.2016 19:00 - 22.09.2016 20:00","2471","2472"
"22.09.2016 20:00 - 22.09.2016 21:00","2392","2394"
"22.09.2016 21:00 - 22.09.2016 22:00","2213","2228"
"22.09.2016 22:00 - 22.09.2016 23:00","2012","2015"
"22.09.2016 23:00 - 23.09.2016 00:00","1809","1814"
"23.09.2016 00:00 - 23.09.2016 01:00","1695","1701"
"23.09.2016 01:00 - 23.09.2016 02:00","1637","1662"
"23.09.2016 02:00 - 23.09.2016 03:00","1625","1624"
"23.09.2016 03:00 - 23.09.2016 04:00","1621","1617"
"23.09.2016 04:00 - 23.09.2016 05:00","1652","1653"
"23.09.2016 05:00 - 23.09.2016 06:00","1804","1818"
"23.09.2016 06:00 - 23.09.2016 07:00","2204","2220"
"23.09.2016 07:00 - 23.09.2016 08:00","2548","2553"
"23.09.2016 08:00 - 23.09.2016 09:00","2647","2633"
"23.09.2016 09:00 - 23.09.2016 10:00","2631","2626"
"23.09.2016 10:00 - 23.09.2016 11:00","2665","2659"
"23.09.2016 11:00 - 23.09.2016 12:00","2606","2580"
"23.09.2016 12:00 - 23.09.2016 13:00","2448","2425"
"23.09.2016 13:00 - 23.09.2016 14:00","2342","2338"
"23.09.2016 14:00 - 23.09.2016 15:00","2232","2221"
"23.09.2016 15:00 - 23.09.2016 16:00","2127","2125"
"23.09.2016 16:00 - 23.09.2016 17:00","2119","2100"
"23.09.2016 17:00 - 23.09.2016 18:00","2260","2262"
"23.09.2016 18:00 - 23.09.2016 19:00","2264","2285"
"23.09.2016 19:00 - 23.09.2016 20:00","2215","2205"
"23.09.2016 20:00 - 23.09.2016 21:00","2145","2107"
"23.09.2016 21:00 - 23.09.2016 22:00","1960","1947"
"23.09.2016 22:00 - 23.09.2016 23:00","1814","1802"
"23.09.2016 23:00 - 24.09.2016 00:00","1654","1653"
"24.09.2016 00:00 - 24.09.2016 01:00","1542","1544"
"24.09.2016 01:00 - 24.09.2016 02:00","1476","1495"
"24.09.2016 02:00 - 24.09.2016 03:00","1452","1476"
"24.09.2016 03:00 - 24.09.2016 04:00","1447","1447"
"24.09.2016 04:00 - 24.09.2016 05:00","1451","1464"
"24.09.2016 05:00 - 24.09.2016 06:00","1502","1515"
"24.09.2016 06:00 - 24.09.2016 07:00","1637","1634"
"24.09.2016 07:00 - 24.09.2016 08:00","1774","1776"
"24.09.2016 08:00 - 24.09.2016 09:00","1944","1939"
"24.09.2016 09:00 - 24.09.2016 10:00","2036","2034"
"24.09.2016 10:00 - 24.09.2016 11:00","2068","2064"
"24.09.2016 11:00 - 24.09.2016 12:00","2040","2022"
"24.09.2016 12:00 - 24.09.2016 13:00","1950","1935"
"24.09.2016 13:00 - 24.09.2016 14:00","1899","1875"
"24.09.2016 14:00 - 24.09.2016 15:00","1845","1853"
"24.09.2016 15:00 - 24.09.2016 16:00","1849","1842"
"24.09.2016 16:00 - 24.09.2016 17:00","1903","1905"
"24.09.2016 17:00 - 24.09.2016 18:00","2070","2080"
"24.09.2016 18:00 - 24.09.2016 19:00","2083","2080"
"24.09.2016 19:00 - 24.09.2016 20:00","2035","2036"
"24.09.2016 20:00 - 24.09.2016 21:00","1961","1943"
"24.09.2016 21:00 - 24.09.2016 22:00","1809","1801"
"24.09.2016 22:00 - 24.09.2016 23:00","1677","1658"
"24.09.2016 23:00 - 25.09.2016 00:00","1553","1529"
"25.09.2016 00:00 - 25.09.2016 01:00","1428","1417"
"25.09.2016 01:00 - 25.09.2016 02:00","1375","1361"
"25.09.2016 02:00 - 25.09.2016 03:00","1341","1352"
"25.09.2016 03:00 - 25.09.2016 04:00","1345","1345"
"25.09.2016 04:00 - 25.09.2016 05:00","1354","1346"
"25.09.2016 05:00 - 25.09.2016 06:00","1388","1384"
"25.09.2016 06:00 - 25.09.2016 07:00","1475","1481"
"25.09.2016 07:00 - 25.09.2016 08:00","1590","1576"
"25.09.2016 08:00 - 25.09.2016 09:00","1745","1735"
"25.09.2016 09:00 - 25.09.2016 10:00","1854","1845"
"25.09.2016 10:00 - 25.09.2016 11:00","1902","1892"
"25.09.2016 11:00 - 25.09.2016 12:00","1902","1881"
"25.09.2016 12:00 - 25.09.2016 13:00","1851","1812"
"25.09.2016 13:00 - 25.09.2016 14:00","1772","1752"
"25.09.2016 14:00 - 25.09.2016 15:00","1774","1760"
"25.09.2016 15:00 - 25.09.2016 16:00","1755","1762"
"25.09.2016 16:00 - 25.09.2016 17:00","1815","1795"
"25.09.2016 17:00 - 25.09.2016 18:00","2013","2008"
"25.09.2016 18:00 - 25.09.2016 19:00","2062","2065"
"25.09.2016 19:00 - 25.09.2016 20:00","2046","2033"
"25.09.2016 20:00 - 25.09.2016 21:00","1950","1929"
"25.09.2016 21:00 - 25.09.2016 22:00","1788","1795"
"25.09.2016 22:00 - 25.09.2016 23:00","1653","1655"
"25.09.2016 23:00 - 26.09.2016 00:00","1550","1557"
"26.09.2016 00:00 - 26.09.2016 01:00","1486","1479"
"26.09.2016 01:00 - 26.09.2016 02:00","1457","1474"
"26.09.2016 02:00 - 26.09.2016 03:00","1473","1472"
"26.09.2016 03:00 - 26.09.2016 04:00","1500","1491"
"26.09.2016 04:00 - 26.09.2016 05:00","1551","1548"
"26.09.2016 05:00 - 26.09.2016 06:00","1728","1722"
"26.09.2016 06:00 - 26.09.2016 07:00","2149","2149"
"26.09.2016 07:00 - 26.09.2016 08:00","2562","2555"
"26.09.2016 08:00 - 26.09.2016 09:00","2670","2671"
"26.09.2016 09:00 - 26.09.2016 10:00","2685","2666"
"26.09.2016 10:00 - 26.09.2016 11:00","2729","2732"
"26.09.2016 11:00 - 26.09.2016 12:00","2706","2705"
"26.09.2016 12:00 - 26.09.2016 13:00","2628","2638"
"26.09.2016 13:00 - 26.09.2016 14:00","2667","2631"
"26.09.2016 14:00 - 26.09.2016 15:00","2578","2585"
"26.09.2016 15:00 - 26.09.2016 16:00","2462","2479"
"26.09.2016 16:00 - 26.09.2016 17:00","2443","2443"
"26.09.2016 17:00 - 26.09.2016 18:00","2576","2573"
"26.09.2016 18:00 - 26.09.2016 19:00","2506","2511"
"26.09.2016 19:00 - 26.09.2016 20:00","2493","2496"
"26.09.2016 20:00 - 26.09.2016 21:00","2402","2383"
"26.09.2016 21:00 - 26.09.2016 22:00","2233","2231"
"26.09.2016 22:00 - 26.09.2016 23:00","2023","2032"
"26.09.2016 23:00 - 27.09.2016 00:00","1814","1833"
"27.09.2016 00:00 - 27.09.2016 01:00","1718","1724"
"27.09.2016 01:00 - 27.09.2016 02:00","1672","1674"
"27.09.2016 02:00 - 27.09.2016 03:00","1651","1643"
"27.09.2016 03:00 - 27.09.2016 04:00","1652","1648"
"27.09.2016 04:00 - 27.09.2016 05:00","1679","1686"
"27.09.2016 05:00 - 27.09.2016 06:00","1851","1838"
"27.09.2016 06:00 - 27.09.2016 07:00","2261","2242"
"27.09.2016 07:00 - 27.09.2016 08:00","2590","2581"
"27.09.2016 08:00 - 27.09.2016 09:00","2685","2657"
"27.09.2016 09:00 - 27.09.2016 10:00","2644","2632"
"27.09.2016 10:00 - 27.09.2016 11:00","2689","2674"
"27.09.2016 11:00 - 27.09.2016 12:00","2673","2654"
"27.09.2016 12:00 - 27.09.2016 13:00","2608","2566"
"27.09.2016 13:00 - 27.09.2016 14:00","2600","2569"
"27.09.2016 14:00 - 27.09.2016 15:00","2506","2469"
"27.09.2016 15:00 - 27.09.2016 16:00","2352","2329"
"27.09.2016 16:00 - 27.09.2016 17:00","2288","2307"
"27.09.2016 17:00 - 27.09.2016 18:00","2440","2463"
"27.09.2016 18:00 - 27.09.2016 19:00","2407","2392"
"27.09.2016 19:00 - 27.09.2016 20:00","2406","2396"
"27.09.2016 20:00 - 27.09.2016 21:00","2298","2248"
"27.09.2016 21:00 - 27.09.2016 22:00","2112","2049"
"27.09.2016 22:00 - 27.09.2016 23:00","1942","1866"
"27.09.2016 23:00 - 28.09.2016 00:00","1768","1676"
"28.09.2016 00:00 - 28.09.2016 01:00","1571","1536"
"28.09.2016 01:00 - 28.09.2016 02:00","1503","1506"
"28.09.2016 02:00 - 28.09.2016 03:00","1518","1510"
"28.09.2016 03:00 - 28.09.2016 04:00","1533","1535"
"28.09.2016 04:00 - 28.09.2016 05:00","1585","1575"
"28.09.2016 05:00 - 28.09.2016 06:00","1738","1720"
"28.09.2016 06:00 - 28.09.2016 07:00","2110","2073"
"28.09.2016 07:00 - 28.09.2016 08:00","2452","2450"
"28.09.2016 08:00 - 28.09.2016 09:00","2564","2520"
"28.09.2016 09:00 - 28.09.2016 10:00","2531","2498"
"28.09.2016 10:00 - 28.09.2016 11:00","2564","2534"
"28.09.2016 11:00 - 28.09.2016 12:00","2532","2487"
"28.09.2016 12:00 - 28.09.2016 13:00","2455","2446"
"28.09.2016 13:00 - 28.09.2016 14:00","2475","2480"
"28.09.2016 14:00 - 28.09.2016 15:00","2435","2427"
"28.09.2016 15:00 - 28.09.2016 16:00","2308","2282"
"28.09.2016 16:00 - 28.09.2016 17:00","2229","2228"
"28.09.2016 17:00 - 28.09.2016 18:00","2362","2402"
"28.09.2016 18:00 - 28.09.2016 19:00","2342","2343"
"28.09.2016 19:00 - 28.09.2016 20:00","2356","2386"
"28.09.2016 20:00 - 28.09.2016 21:00","2270","2290"
"28.09.2016 21:00 - 28.09.2016 22:00","2085","2143"
"28.09.2016 22:00 - 28.09.2016 23:00","1867","1946"
"28.09.2016 23:00 - 29.09.2016 00:00","1672","1740"
"29.09.2016 00:00 - 29.09.2016 01:00","1611","1611"
"29.09.2016 01:00 - 29.09.2016 02:00","1562","1553"
"29.09.2016 02:00 - 29.09.2016 03:00","1520","1506"
"29.09.2016 03:00 - 29.09.2016 04:00","1505","1494"
"29.09.2016 04:00 - 29.09.2016 05:00","1544","1560"
"29.09.2016 05:00 - 29.09.2016 06:00","1724","1713"
"29.09.2016 06:00 - 29.09.2016 07:00","2142","2077"
"29.09.2016 07:00 - 29.09.2016 08:00","2486","2455"
"29.09.2016 08:00 - 29.09.2016 09:00","2571","2572"
"29.09.2016 09:00 - 29.09.2016 10:00","2570","2564"
"29.09.2016 10:00 - 29.09.2016 11:00","2618","2602"
"29.09.2016 11:00 - 29.09.2016 12:00","2593","2596"
"29.09.2016 12:00 - 29.09.2016 13:00","2518","2494"
"29.09.2016 13:00 - 29.09.2016 14:00","2520","2541"
"29.09.2016 14:00 - 29.09.2016 15:00","2492","2461"
"29.09.2016 15:00 - 29.09.2016 16:00","2349","2331"
"29.09.2016 16:00 - 29.09.2016 17:00","2293","2285"
"29.09.2016 17:00 - 29.09.2016 18:00","2409","2375"
"29.09.2016 18:00 - 29.09.2016 19:00","2319","2293"
"29.09.2016 19:00 - 29.09.2016 20:00","2289","2291"
"29.09.2016 20:00 - 29.09.2016 21:00","2165","2157"
"29.09.2016 21:00 - 29.09.2016 22:00","1995","1999"
"29.09.2016 22:00 - 29.09.2016 23:00","1821","1793"
"29.09.2016 23:00 - 30.09.2016 00:00","1669","1615"
"30.09.2016 00:00 - 30.09.2016 01:00","1450","1464"
"30.09.2016 01:00 - 30.09.2016 02:00","1422","1409"
"30.09.2016 02:00 - 30.09.2016 03:00","1436","1459"
"30.09.2016 03:00 - 30.09.2016 04:00","1491","1479"
"30.09.2016 04:00 - 30.09.2016 05:00","1535","1527"
"30.09.2016 05:00 - 30.09.2016 06:00","1708","1718"
"30.09.2016 06:00 - 30.09.2016 07:00","2148","2134"
"30.09.2016 07:00 - 30.09.2016 08:00","2520","2478"
"30.09.2016 08:00 - 30.09.2016 09:00","2573","2571"
"30.09.2016 09:00 - 30.09.2016 10:00","2543","2552"
"30.09.2016 10:00 - 30.09.2016 11:00","2615","2623"
"30.09.2016 11:00 - 30.09.2016 12:00","2556","2527"
"30.09.2016 12:00 - 30.09.2016 13:00","2410","2411"
"30.09.2016 13:00 - 30.09.2016 14:00","2311","2281"
"30.09.2016 14:00 - 30.09.2016 15:00","2108","2112"
"30.09.2016 15:00 - 30.09.2016 16:00","2043","2033"
"30.09.2016 16:00 - 30.09.2016 17:00","2011","2026"
"30.09.2016 17:00 - 30.09.2016 18:00","2229","2282"
"30.09.2016 18:00 - 30.09.2016 19:00","2269","2263"
"30.09.2016 19:00 - 30.09.2016 20:00","2231","2214"
"30.09.2016 20:00 - 30.09.2016 21:00","2088","2084"
"30.09.2016 21:00 - 30.09.2016 22:00","1926","1948"
"30.09.2016 22:00 - 30.09.2016 23:00","1775","1803"
"30.09.2016 23:00 - 01.10.2016 00:00","1624","1642"
"01.10.2016 00:00 - 01.10.2016 01:00","1501","1514"
"01.10.2016 01:00 - 01.10.2016 02:00","1452","1463"
"01.10.2016 02:00 - 01.10.2016 03:00","1430","1437"
"01.10.2016 03:00 - 01.10.2016 04:00","1436","1441"
"01.10.2016 04:00 - 01.10.2016 05:00","1454","1451"
"01.10.2016 05:00 - 01.10.2016 06:00","1498","1508"
"01.10.2016 06:00 - 01.10.2016 07:00","1628","1642"
"01.10.2016 07:00 - 01.10.2016 08:00","1779","1788"
"01.10.2016 08:00 - 01.10.2016 09:00","1956","1940"
"01.10.2016 09:00 - 01.10.2016 10:00","2039","2036"
"01.10.2016 10:00 - 01.10.2016 11:00","2076","2079"
"01.10.2016 11:00 - 01.10.2016 12:00","2055","2060"
"01.10.2016 12:00 - 01.10.2016 13:00","2045","2015"
"01.10.2016 13:00 - 01.10.2016 14:00","1988","1959"
"01.10.2016 14:00 - 01.10.2016 15:00","1920","1959"
"01.10.2016 15:00 - 01.10.2016 16:00","1933","1945"
"01.10.2016 16:00 - 01.10.2016 17:00","1961","1990"
"01.10.2016 17:00 - 01.10.2016 18:00","2156","2197"
"01.10.2016 18:00 - 01.10.2016 19:00","2200","2207"
"01.10.2016 19:00 - 01.10.2016 20:00","2159","2167"
"01.10.2016 20:00 - 01.10.2016 21:00","2033","2040"
"01.10.2016 21:00 - 01.10.2016 22:00","1903","1905"
"01.10.2016 22:00 - 01.10.2016 23:00","1768","1759"
"01.10.2016 23:00 - 02.10.2016 00:00","1631","1623"
"02.10.2016 00:00 - 02.10.2016 01:00","1495","1500"
"02.10.2016 01:00 - 02.10.2016 02:00","1440","1429"
"02.10.2016 02:00 - 02.10.2016 03:00","1398","1389"
"02.10.2016 03:00 - 02.10.2016 04:00","1382","1371"
"02.10.2016 04:00 - 02.10.2016 05:00","1382","1368"
"02.10.2016 05:00 - 02.10.2016 06:00","1405","1401"
"02.10.2016 06:00 - 02.10.2016 07:00","1511","1503"
"02.10.2016 07:00 - 02.10.2016 08:00","1635","1651"
"02.10.2016 08:00 - 02.10.2016 09:00","1797","1828"
"02.10.2016 09:00 - 02.10.2016 10:00","1919","1940"
"02.10.2016 10:00 - 02.10.2016 11:00","1987","1993"
"02.10.2016 11:00 - 02.10.2016 12:00","2011","2025"
"02.10.2016 12:00 - 02.10.2016 13:00","1984","1997"
"02.10.2016 13:00 - 02.10.2016 14:00","1955","2003"
"02.10.2016 14:00 - 02.10.2016 15:00","1952","1991"
"02.10.2016 15:00 - 02.10.2016 16:00","1977","1991"
"02.10.2016 16:00 - 02.10.2016 17:00","2030","2030"
"02.10.2016 17:00 - 02.10.2016 18:00","2227","2241"
"02.10.2016 18:00 - 02.10.2016 19:00","2269","2264"
"02.10.2016 19:00 - 02.10.2016 20:00","2247","2207"
"02.10.2016 20:00 - 02.10.2016 21:00","2079","2048"
"02.10.2016 21:00 - 02.10.2016 22:00","1908","1898"
"02.10.2016 22:00 - 02.10.2016 23:00","1757","1740"
"02.10.2016 23:00 - 03.10.2016 00:00","1630","1559"
"03.10.2016 00:00 - 03.10.2016 01:00","1488","1487"
"03.10.2016 01:00 - 03.10.2016 02:00","1468","1472"
"03.10.2016 02:00 - 03.10.2016 03:00","1462","1449"
"03.10.2016 03:00 - 03.10.2016 04:00","1482","1447"
"03.10.2016 04:00 - 03.10.2016 05:00","1484","1481"
"03.10.2016 05:00 - 03.10.2016 06:00","1650","1658"
"03.10.2016 06:00 - 03.10.2016 07:00","2082","2094"
"03.10.2016 07:00 - 03.10.2016 08:00","2485","2472"
"03.10.2016 08:00 - 03.10.2016 09:00","2564","2563"
"03.10.2016 09:00 - 03.10.2016 10:00","2564","2560"
"03.10.2016 10:00 - 03.10.2016 11:00","2613","2598"
"03.10.2016 11:00 - 03.10.2016 12:00","2565","2535"
"03.10.2016 12:00 - 03.10.2016 13:00","2487","2444"
"03.10.2016 13:00 - 03.10.2016 14:00","2493","2489"
"03.10.2016 14:00 - 03.10.2016 15:00","2457","2446"
"03.10.2016 15:00 - 03.10.2016 16:00","2325","2308"
"03.10.2016 16:00 - 03.10.2016 17:00","2277","2334"
"03.10.2016 17:00 - 03.10.2016 18:00","2489","2489"
"03.10.2016 18:00 - 03.10.2016 19:00","2481","2476"
"03.10.2016 19:00 - 03.10.2016 20:00","2479","2477"
"03.10.2016 20:00 - 03.10.2016 21:00","2357","2322"
"03.10.2016 21:00 - 03.10.2016 22:00","2161","2129"
"03.10.2016 22:00 - 03.10.2016 23:00","2001","1930"
"03.10.2016 23:00 - 04.10.2016 00:00","1792","1814"
"04.10.2016 00:00 - 04.10.2016 01:00","1663","1634"
"04.10.2016 01:00 - 04.10.2016 02:00","1569","1562"
"04.10.2016 02:00 - 04.10.2016 03:00","1555","1568"
"04.10.2016 03:00 - 04.10.2016 04:00","1577","1594"
"04.10.2016 04:00 - 04.10.2016 05:00","1631","1651"
"04.10.2016 05:00 - 04.10.2016 06:00","1797","1788"
"04.10.2016 06:00 - 04.10.2016 07:00","2246","2221"
"04.10.2016 07:00 - 04.10.2016 08:00","2628","2610"
"04.10.2016 08:00 - 04.10.2016 09:00","2685","2677"
"04.10.2016 09:00 - 04.10.2016 10:00","2678","2671"
"04.10.2016 10:00 - 04.10.2016 11:00","2693","2662"
"04.10.2016 11:00 - 04.10.2016 12:00","2629","2612"
"04.10.2016 12:00 - 04.10.2016 13:00","2602","2544"
"04.10.2016 13:00 - 04.10.2016 14:00","2607","2643"
"04.10.2016 14:00 - 04.10.2016 15:00","2607","2527"
"04.10.2016 15:00 - 04.10.2016 16:00","2461","2463"
"04.10.2016 16:00 - 04.10.2016 17:00","2375","2368"
"04.10.2016 17:00 - 04.10.2016 18:00","2494","2528"
"04.10.2016 18:00 - 04.10.2016 19:00","2498","2502"
"04.10.2016 19:00 - 04.10.2016 20:00","2492","2498"
"04.10.2016 20:00 - 04.10.2016 21:00","2345","2320"
"04.10.2016 21:00 - 04.10.2016 22:00","2192","2146"
"04.10.2016 22:00 - 04.10.2016 23:00","1986","1966"
"04.10.2016 23:00 - 05.10.2016 00:00","1775","1754"
"05.10.2016 00:00 - 05.10.2016 01:00","1621","1639"
"05.10.2016 01:00 - 05.10.2016 02:00","1602","1657"
"05.10.2016 02:00 - 05.10.2016 03:00","1627","1649"
"05.10.2016 03:00 - 05.10.2016 04:00","1653","1659"
"05.10.2016 04:00 - 05.10.2016 05:00","1689","1683"
"05.10.2016 05:00 - 05.10.2016 06:00","1835","1829"
"05.10.2016 06:00 - 05.10.2016 07:00","2244","2235"
"05.10.2016 07:00 - 05.10.2016 08:00","2612","2595"
"05.10.2016 08:00 - 05.10.2016 09:00","2675","2663"
"05.10.2016 09:00 - 05.10.2016 10:00","2658","2571"
"05.10.2016 10:00 - 05.10.2016 11:00","2650","2566"
"05.10.2016 11:00 - 05.10.2016 12:00","2537","2511"
"05.10.2016 12:00 - 05.10.2016 13:00","2457","2417"
"05.10.2016 13:00 - 05.10.2016 14:00","2477","2470"
"05.10.2016 14:00 - 05.10.2016 15:00","2438","2404"
"05.10.2016 15:00 - 05.10.2016 16:00","2334","2288"
"05.10.2016 16:00 - 05.10.2016 17:00","2257","2281"
"05.10.2016 17:00 - 05.10.2016 18:00","2452","2475"
"05.10.2016 18:00 - 05.10.2016 19:00","2449","2467"
"05.10.2016 19:00 - 05.10.2016 20:00","2445","2443"
"05.10.2016 20:00 - 05.10.2016 21:00","2256","2255"
"05.10.2016 21:00 - 05.10.2016 22:00","2145","2075"
"05.10.2016 22:00 - 05.10.2016 23:00","1961","1883"
"05.10.2016 23:00 - 06.10.2016 00:00","1769","1693"
"06.10.2016 00:00 - 06.10.2016 01:00","1609","1599"
"06.10.2016 01:00 - 06.10.2016 02:00","1556","1576"
"06.10.2016 02:00 - 06.10.2016 03:00","1564","1572"
"06.10.2016 03:00 - 06.10.2016 04:00","1580","1569"
"06.10.2016 04:00 - 06.10.2016 05:00","1619","1623"
"06.10.2016 05:00 - 06.10.2016 06:00","1768","1751"
"06.10.2016 06:00 - 06.10.2016 07:00","2168","2146"
"06.10.2016 07:00 - 06.10.2016 08:00","2534","2513"
"06.10.2016 08:00 - 06.10.2016 09:00","2605","2605"
"06.10.2016 09:00 - 06.10.2016 10:00","2613","2590"
"06.10.2016 10:00 - 06.10.2016 11:00","2616","2567"
"06.10.2016 11:00 - 06.10.2016 12:00","2562","2530"
"06.10.2016 12:00 - 06.10.2016 13:00","2482","2461"
"06.10.2016 13:00 - 06.10.2016 14:00","2477","2437"
"06.10.2016 14:00 - 06.10.2016 15:00","2402","2370"
"06.10.2016 15:00 - 06.10.2016 16:00","2300","2285"
"06.10.2016 16:00 - 06.10.2016 17:00","2289","2270"
"06.10.2016 17:00 - 06.10.2016 18:00","2454","2429"
"06.10.2016 18:00 - 06.10.2016 19:00","2423","2422"
"06.10.2016 19:00 - 06.10.2016 20:00","2385","2421"
"06.10.2016 20:00 - 06.10.2016 21:00","2240","2241"
"06.10.2016 21:00 - 06.10.2016 22:00","2078","2017"
"06.10.2016 22:00 - 06.10.2016 23:00","1874","1811"
"06.10.2016 23:00 - 07.10.2016 00:00","1697","1621"
"07.10.2016 00:00 - 07.10.2016 01:00","1545","1545"
"07.10.2016 01:00 - 07.10.2016 02:00","1502","1507"
"07.10.2016 02:00 - 07.10.2016 03:00","1500","1516"
"07.10.2016 03:00 - 07.10.2016 04:00","1518","1521"
"07.10.2016 04:00 - 07.10.2016 05:00","1573","1569"
"07.10.2016 05:00 - 07.10.2016 06:00","1742","1733"
"07.10.2016 06:00 - 07.10.2016 07:00","2149","2124"
"07.10.2016 07:00 - 07.10.2016 08:00","2547","2530"
"07.10.2016 08:00 - 07.10.2016 09:00","2612","2642"
"07.10.2016 09:00 - 07.10.2016 10:00","2643","2649"
"07.10.2016 10:00 - 07.10.2016 11:00","2684","2661"
"07.10.2016 11:00 - 07.10.2016 12:00","2605","2597"
"07.10.2016 12:00 - 07.10.2016 13:00","2491","2462"
"07.10.2016 13:00 - 07.10.2016 14:00","2389","2378"
"07.10.2016 14:00 - 07.10.2016 15:00","2258","2241"
"07.10.2016 15:00 - 07.10.2016 16:00","2160","2152"
"07.10.2016 16:00 - 07.10.2016 17:00","2148","2125"
"07.10.2016 17:00 - 07.10.2016 18:00","2285","2289"
"07.10.2016 18:00 - 07.10.2016 19:00","2306","2302"
"07.10.2016 19:00 - 07.10.2016 20:00","2249","2254"
"07.10.2016 20:00 - 07.10.2016 21:00","2065","2059"
"07.10.2016 21:00 - 07.10.2016 22:00","1908","1929"
"07.10.2016 22:00 - 07.10.2016 23:00","1777","1792"
"07.10.2016 23:00 - 08.10.2016 00:00","1649","1602"
"08.10.2016 00:00 - 08.10.2016 01:00","1506","1495"
"08.10.2016 01:00 - 08.10.2016 02:00","1433","1415"
"08.10.2016 02:00 - 08.10.2016 03:00","1406","1382"
"08.10.2016 03:00 - 08.10.2016 04:00","1400","1376"
"08.10.2016 04:00 - 08.10.2016 05:00","1427","1430"
"08.10.2016 05:00 - 08.10.2016 06:00","1489","1475"
"08.10.2016 06:00 - 08.10.2016 07:00","1618","1579"
"08.10.2016 07:00 - 08.10.2016 08:00","1771","1746"
"08.10.2016 08:00 - 08.10.2016 09:00","1913","1886"
"08.10.2016 09:00 - 08.10.2016 10:00","1976","1926"
"08.10.2016 10:00 - 08.10.2016 11:00","1980","1955"
"08.10.2016 11:00 - 08.10.2016 12:00","1955","1931"
"08.10.2016 12:00 - 08.10.2016 13:00","1920","1896"
"08.10.2016 13:00 - 08.10.2016 14:00","1857","1828"
"08.10.2016 14:00 - 08.10.2016 15:00","1817","1812"
"08.10.2016 15:00 - 08.10.2016 16:00","1810","1800"
"08.10.2016 16:00 - 08.10.2016 17:00","1865","1865"
"08.10.2016 17:00 - 08.10.2016 18:00","2049","2067"
"08.10.2016 18:00 - 08.10.2016 19:00","2106","2126"
"08.10.2016 19:00 - 08.10.2016 20:00","2103","2088"
"08.10.2016 20:00 - 08.10.2016 21:00","1935","1928"
"08.10.2016 21:00 - 08.10.2016 22:00","1809","1810"
"08.10.2016 22:00 - 08.10.2016 23:00","1664","1689"
"08.10.2016 23:00 - 09.10.2016 00:00","1534","1568"
"09.10.2016 00:00 - 09.10.2016 01:00","1484","1480"
"09.10.2016 01:00 - 09.10.2016 02:00","1422","1418"
"09.10.2016 02:00 - 09.10.2016 03:00","1390","1372"
"09.10.2016 03:00 - 09.10.2016 04:00","1378","1355"
"09.10.2016 04:00 - 09.10.2016 05:00","1370","1326"
"09.10.2016 05:00 - 09.10.2016 06:00","1370","1357"
"09.10.2016 06:00 - 09.10.2016 07:00","1472","1458"
"09.10.2016 07:00 - 09.10.2016 08:00","1622","1621"
"09.10.2016 08:00 - 09.10.2016 09:00","1775","1780"
"09.10.2016 09:00 - 09.10.2016 10:00","1893","1898"
"09.10.2016 10:00 - 09.10.2016 11:00","1937","1926"
"09.10.2016 11:00 - 09.10.2016 12:00","1931","1933"
"09.10.2016 12:00 - 09.10.2016 13:00","1919","1925"
"09.10.2016 13:00 - 09.10.2016 14:00","1897","1857"
"09.10.2016 14:00 - 09.10.2016 15:00","1822","1831"
"09.10.2016 15:00 - 09.10.2016 16:00","1847","1868"
"09.10.2016 16:00 - 09.10.2016 17:00","1932","1948"
"09.10.2016 17:00 - 09.10.2016 18:00","2183","2189"
"09.10.2016 18:00 - 09.10.2016 19:00","2256","2247"
"09.10.2016 19:00 - 09.10.2016 20:00","2225","2207"
"09.10.2016 20:00 - 09.10.2016 21:00","2070","2043"
"09.10.2016 21:00 - 09.10.2016 22:00","1958","1884"
"09.10.2016 22:00 - 09.10.2016 23:00","1801","1713"
"09.10.2016 23:00 - 10.10.2016 00:00","1659","1567"
"10.10.2016 00:00 - 10.10.2016 01:00","1510","1521"
"10.10.2016 01:00 - 10.10.2016 02:00","1482","1492"
"10.10.2016 02:00 - 10.10.2016 03:00","1484","1497"
"10.10.2016 03:00 - 10.10.2016 04:00","1515","1514"
"10.10.2016 04:00 - 10.10.2016 05:00","1577","1560"
"10.10.2016 05:00 - 10.10.2016 06:00","1751","1751"
"10.10.2016 06:00 - 10.10.2016 07:00","2159","2166"
"10.10.2016 07:00 - 10.10.2016 08:00","2589","2572"
"10.10.2016 08:00 - 10.10.2016 09:00","2678","2661"
"10.10.2016 09:00 - 10.10.2016 10:00","2625","2632"
"10.10.2016 10:00 - 10.10.2016 11:00","2723","2708"
"10.10.2016 11:00 - 10.10.2016 12:00","2711","2715"
"10.10.2016 12:00 - 10.10.2016 13:00","2646","2631"
"10.10.2016 13:00 - 10.10.2016 14:00","2663","2636"
"10.10.2016 14:00 - 10.10.2016 15:00","2597","2575"
"10.10.2016 15:00 - 10.10.2016 16:00","2431","2439"
"10.10.2016 16:00 - 10.10.2016 17:00","2423","2460"
"10.10.2016 17:00 - 10.10.2016 18:00","2640","2635"
"10.10.2016 18:00 - 10.10.2016 19:00","2626","2611"
"10.10.2016 19:00 - 10.10.2016 20:00","2500","2471"
"10.10.2016 20:00 - 10.10.2016 21:00","2251","2246"
"10.10.2016 21:00 - 10.10.2016 22:00","2065","2101"
"10.10.2016 22:00 - 10.10.2016 23:00","1906","1909"
"10.10.2016 23:00 - 11.10.2016 00:00","1747","1705"
"11.10.2016 00:00 - 11.10.2016 01:00","1612","1575"
"11.10.2016 01:00 - 11.10.2016 02:00","1540","1529"
"11.10.2016 02:00 - 11.10.2016 03:00","1531","1538"
"11.10.2016 03:00 - 11.10.2016 04:00","1544","1548"
"11.10.2016 04:00 - 11.10.2016 05:00","1566","1564"
"11.10.2016 05:00 - 11.10.2016 06:00","1733","1725"
"11.10.2016 06:00 - 11.10.2016 07:00","2184","2195"
"11.10.2016 07:00 - 11.10.2016 08:00","2613","2593"
"11.10.2016 08:00 - 11.10.2016 09:00","2727","2738"
"11.10.2016 09:00 - 11.10.2016 10:00","2711","2718"
"11.10.2016 10:00 - 11.10.2016 11:00","2797","2818"
"11.10.2016 11:00 - 11.10.2016 12:00","2829","2848"
"11.10.2016 12:00 - 11.10.2016 13:00","2762","2759"
"11.10.2016 13:00 - 11.10.2016 14:00","2706","2710"
"11.10.2016 14:00 - 11.10.2016 15:00","2648","2650"
"11.10.2016 15:00 - 11.10.2016 16:00","2580","2637"
"11.10.2016 16:00 - 11.10.2016 17:00","2572","2576"
"11.10.2016 17:00 - 11.10.2016 18:00","2727","2727"
"11.10.2016 18:00 - 11.10.2016 19:00","2699","2709"
"11.10.2016 19:00 - 11.10.2016 20:00","2624","2627"
"11.10.2016 20:00 - 11.10.2016 21:00","2433","2400"
"11.10.2016 21:00 - 11.10.2016 22:00","2238","2223"
"11.10.2016 22:00 - 11.10.2016 23:00","2007","2040"
"11.10.2016 23:00 - 12.10.2016 00:00","1799","1845"
"12.10.2016 00:00 - 12.10.2016 01:00","1708","1700"
"12.10.2016 01:00 - 12.10.2016 02:00","1623","1650"
"12.10.2016 02:00 - 12.10.2016 03:00","1618","1640"
"12.10.2016 03:00 - 12.10.2016 04:00","1641","1646"
"12.10.2016 04:00 - 12.10.2016 05:00","1665","1686"
"12.10.2016 05:00 - 12.10.2016 06:00","1850","1879"
"12.10.2016 06:00 - 12.10.2016 07:00","2283","2274"
"12.10.2016 07:00 - 12.10.2016 08:00","2647","2656"
"12.10.2016 08:00 - 12.10.2016 09:00","2747","2752"
"12.10.2016 09:00 - 12.10.2016 10:00","2765","2774"
"12.10.2016 10:00 - 12.10.2016 11:00","2811","2818"
"12.10.2016 11:00 - 12.10.2016 12:00","2794","2780"
"12.10.2016 12:00 - 12.10.2016 13:00","2700","2712"
"12.10.2016 13:00 - 12.10.2016 14:00","2716","2708"
"12.10.2016 14:00 - 12.10.2016 15:00","2662","2653"
"12.10.2016 15:00 - 12.10.2016 16:00","2551","2579"
"12.10.2016 16:00 - 12.10.2016 17:00","2534","2540"
"12.10.2016 17:00 - 12.10.2016 18:00","2720","2707"
"12.10.2016 18:00 - 12.10.2016 19:00","2691","2689"
"12.10.2016 19:00 - 12.10.2016 20:00","2626","2603"
"12.10.2016 20:00 - 12.10.2016 21:00","2451","2396"
"12.10.2016 21:00 - 12.10.2016 22:00","2302","2214"
"12.10.2016 22:00 - 12.10.2016 23:00","2124","2029"
"12.10.2016 23:00 - 13.10.2016 00:00","1930","1846"
"13.10.2016 00:00 - 13.10.2016 01:00","1716","1703"
"13.10.2016 01:00 - 13.10.2016 02:00","1651","1646"
"13.10.2016 02:00 - 13.10.2016 03:00","1628","1633"
"13.10.2016 03:00 - 13.10.2016 04:00","1635","1627"
"13.10.2016 04:00 - 13.10.2016 05:00","1659","1669"
"13.10.2016 05:00 - 13.10.2016 06:00","1821","1819"
"13.10.2016 06:00 - 13.10.2016 07:00","2203","2246"
"13.10.2016 07:00 - 13.10.2016 08:00","2652","2676"
"13.10.2016 08:00 - 13.10.2016 09:00","2799","2773"
"13.10.2016 09:00 - 13.10.2016 10:00","2777","2769"
"13.10.2016 10:00 - 13.10.2016 11:00","2795","2772"
"13.10.2016 11:00 - 13.10.2016 12:00","2751","2720"
"13.10.2016 12:00 - 13.10.2016 13:00","2644","2625"
"13.10.2016 13:00 - 13.10.2016 14:00","2633","2627"
"13.10.2016 14:00 - 13.10.2016 15:00","2588","2565"
"13.10.2016 15:00 - 13.10.2016 16:00","2470","2465"
"13.10.2016 16:00 - 13.10.2016 17:00","2471","2501"
"13.10.2016 17:00 - 13.10.2016 18:00","2574","2527"
"13.10.2016 18:00 - 13.10.2016 19:00","2540","2570"
"13.10.2016 19:00 - 13.10.2016 20:00","2521","2537"
"13.10.2016 20:00 - 13.10.2016 21:00","2350","2333"
"13.10.2016 21:00 - 13.10.2016 22:00","2190","2154"
"13.10.2016 22:00 - 13.10.2016 23:00","2018","1968"
"13.10.2016 23:00 - 14.10.2016 00:00","1851","1778"
"14.10.2016 00:00 - 14.10.2016 01:00","1630","1607"
"14.10.2016 01:00 - 14.10.2016 02:00","1560","1574"
"14.10.2016 02:00 - 14.10.2016 03:00","1574","1563"
"14.10.2016 03:00 - 14.10.2016 04:00","1565","1538"
"14.10.2016 04:00 - 14.10.2016 05:00","1592","1563"
"14.10.2016 05:00 - 14.10.2016 06:00","1692","1659"
"14.10.2016 06:00 - 14.10.2016 07:00","2028","2031"
"14.10.2016 07:00 - 14.10.2016 08:00","2455","2450"
"14.10.2016 08:00 - 14.10.2016 09:00","2572","2501"
"14.10.2016 09:00 - 14.10.2016 10:00","2528","2437"
"14.10.2016 10:00 - 14.10.2016 11:00","2502","2494"
"14.10.2016 11:00 - 14.10.2016 12:00","2480","2473"
"14.10.2016 12:00 - 14.10.2016 13:00","2403","2411"
"14.10.2016 13:00 - 14.10.2016 14:00","2360","2362"
"14.10.2016 14:00 - 14.10.2016 15:00","2219","2195"
"14.10.2016 15:00 - 14.10.2016 16:00","2086","2122"
"14.10.2016 16:00 - 14.10.2016 17:00","2116","2094"
"14.10.2016 17:00 - 14.10.2016 18:00","2253","2271"
"14.10.2016 18:00 - 14.10.2016 19:00","2312","2349"
"14.10.2016 19:00 - 14.10.2016 20:00","2230","2241"
"14.10.2016 20:00 - 14.10.2016 21:00","2060","2052"
"14.10.2016 21:00 - 14.10.2016 22:00","1896","1877"
"14.10.2016 22:00 - 14.10.2016 23:00","1726","1711"
"14.10.2016 23:00 - 15.10.2016 00:00","1586","1605"
"15.10.2016 00:00 - 15.10.2016 01:00","1533","1475"
"15.10.2016 01:00 - 15.10.2016 02:00","1405","1391"
"15.10.2016 02:00 - 15.10.2016 03:00","1363","1363"
"15.10.2016 03:00 - 15.10.2016 04:00","1358","1346"
"15.10.2016 04:00 - 15.10.2016 05:00","1373","1375"
"15.10.2016 05:00 - 15.10.2016 06:00","1428","1439"
"15.10.2016 06:00 - 15.10.2016 07:00","1551","1538"
"15.10.2016 07:00 - 15.10.2016 08:00","1732","1715"
"15.10.2016 08:00 - 15.10.2016 09:00","1875","1817"
"15.10.2016 09:00 - 15.10.2016 10:00","1947","1919"
"15.10.2016 10:00 - 15.10.2016 11:00","1990","1969"
"15.10.2016 11:00 - 15.10.2016 12:00","1970","1962"
"15.10.2016 12:00 - 15.10.2016 13:00","1923","1935"
"15.10.2016 13:00 - 15.10.2016 14:00","1897","1874"
"15.10.2016 14:00 - 15.10.2016 15:00","1849","1860"
"15.10.2016 15:00 - 15.10.2016 16:00","1850","1850"
"15.10.2016 16:00 - 15.10.2016 17:00","1902","1916"
"15.10.2016 17:00 - 15.10.2016 18:00","2112","2121"
"15.10.2016 18:00 - 15.10.2016 19:00","2190","2191"
"15.10.2016 19:00 - 15.10.2016 20:00","2064","2062"
"15.10.2016 20:00 - 15.10.2016 21:00","1908","1945"
"15.10.2016 21:00 - 15.10.2016 22:00","1811","1812"
"15.10.2016 22:00 - 15.10.2016 23:00","1680","1688"
"15.10.2016 23:00 - 16.10.2016 00:00","1552","1575"
"16.10.2016 00:00 - 16.10.2016 01:00","1497","1481"
"16.10.2016 01:00 - 16.10.2016 02:00","1409","1406"
"16.10.2016 02:00 - 16.10.2016 03:00","1367","1374"
"16.10.2016 03:00 - 16.10.2016 04:00","1364","1366"
"16.10.2016 04:00 - 16.10.2016 05:00","1373","1380"
"16.10.2016 05:00 - 16.10.2016 06:00","1430","1447"
"16.10.2016 06:00 - 16.10.2016 07:00","1539","1558"
"16.10.2016 07:00 - 16.10.2016 08:00","1719","1740"
"16.10.2016 08:00 - 16.10.2016 09:00","1866","1882"
"16.10.2016 09:00 - 16.10.2016 10:00","1997","2006"
"16.10.2016 10:00 - 16.10.2016 11:00","2063","2069"
"16.10.2016 11:00 - 16.10.2016 12:00","2078","2085"
"16.10.2016 12:00 - 16.10.2016 13:00","2049","2058"
"16.10.2016 13:00 - 16.10.2016 14:00","2035","2020"
"16.10.2016 14:00 - 16.10.2016 15:00","1988","1991"
"16.10.2016 15:00 - 16.10.2016 16:00","1994","2018"
"16.10.2016 16:00 - 16.10.2016 17:00","2062","2072"
"16.10.2016 17:00 - 16.10.2016 18:00","2274","2295"
"16.10.2016 18:00 - 16.10.2016 19:00","2389","2374"
"16.10.2016 19:00 - 16.10.2016 20:00","2276","2235"
"16.10.2016 20:00 - 16.10.2016 21:00","2085","2083"
"16.10.2016 21:00 - 16.10.2016 22:00","1960","1919"
"16.10.2016 22:00 - 16.10.2016 23:00","1822","1778"
"16.10.2016 23:00 - 17.10.2016 00:00","1685","1671"
"17.10.2016 00:00 - 17.10.2016 01:00","1578","1581"
"17.10.2016 01:00 - 17.10.2016 02:00","1547","1533"
"17.10.2016 02:00 - 17.10.2016 03:00","1525","1497"
"17.10.2016 03:00 - 17.10.2016 04:00","1505","1520"
"17.10.2016 04:00 - 17.10.2016 05:00","1549","1560"
"17.10.2016 05:00 - 17.10.2016 06:00","1718","1754"
"17.10.2016 06:00 - 17.10.2016 07:00","2134","2130"
"17.10.2016 07:00 - 17.10.2016 08:00","2507","2545"
"17.10.2016 08:00 - 17.10.2016 09:00","2672","2709"
"17.10.2016 09:00 - 17.10.2016 10:00","2696","2724"
"17.10.2016 10:00 - 17.10.2016 11:00","2720","2702"
"17.10.2016 11:00 - 17.10.2016 12:00","2677","2687"
"17.10.2016 12:00 - 17.10.2016 13:00","2611","2626"
"17.10.2016 13:00 - 17.10.2016 14:00","2645","2636"
"17.10.2016 14:00 - 17.10.2016 15:00","2580","2596"
"17.10.2016 15:00 - 17.10.2016 16:00","2476","2491"
"17.10.2016 16:00 - 17.10.2016 17:00","2444","2468"
"17.10.2016 17:00 - 17.10.2016 18:00","2589","2675"
"17.10.2016 18:00 - 17.10.2016 19:00","2680","2701"
"17.10.2016 19:00 - 17.10.2016 20:00","2590","2556"
"17.10.2016 20:00 - 17.10.2016 21:00","2388","2371"
"17.10.2016 21:00 - 17.10.2016 22:00","2227","2223"
"17.10.2016 22:00 - 17.10.2016 23:00","2067","2058"
"17.10.2016 23:00 - 18.10.2016 00:00","1890","1881"
"18.10.2016 00:00 - 18.10.2016 01:00","1738","1749"
"18.10.2016 01:00 - 18.10.2016 02:00","1690","1671"
"18.10.2016 02:00 - 18.10.2016 03:00","1650","1657"
"18.10.2016 03:00 - 18.10.2016 04:00","1663","1653"
"18.10.2016 04:00 - 18.10.2016 05:00","1704","1707"
"18.10.2016 05:00 - 18.10.2016 06:00","1857","1870"
"18.10.2016 06:00 - 18.10.2016 07:00","2203","2202"
"18.10.2016 07:00 - 18.10.2016 08:00","2585","2567"
"18.10.2016 08:00 - 18.10.2016 09:00","2724","2716"
"18.10.2016 09:00 - 18.10.2016 10:00","2745","2750"
"18.10.2016 10:00 - 18.10.2016 11:00","2808","2806"
"18.10.2016 11:00 - 18.10.2016 12:00","2767","2793"
"18.10.2016 12:00 - 18.10.2016 13:00","2694","2730"
"18.10.2016 13:00 - 18.10.2016 14:00","2691","2693"
"18.10.2016 14:00 - 18.10.2016 15:00","2641","2624"
"18.10.2016 15:00 - 18.10.2016 16:00","2547","2541"
"18.10.2016 16:00 - 18.10.2016 17:00","2509","2511"
"18.10.2016 17:00 - 18.10.2016 18:00","2654","2657"
"18.10.2016 18:00 - 18.10.2016 19:00","2730","2720"
"18.10.2016 19:00 - 18.10.2016 20:00","2627","2574"
"18.10.2016 20:00 - 18.10.2016 21:00","2411","2399"
"18.10.2016 21:00 - 18.10.2016 22:00","2255","2223"
"18.10.2016 22:00 - 18.10.2016 23:00","2084","2040"
"18.10.2016 23:00 - 19.10.2016 00:00","1894","1848"
"19.10.2016 00:00 - 19.10.2016 01:00","1725","1722"
"19.10.2016 01:00 - 19.10.2016 02:00","1660","1665"
"19.10.2016 02:00 - 19.10.2016 03:00","1629","1641"
"19.10.2016 03:00 - 19.10.2016 04:00","1642","1652"
"19.10.2016 04:00 - 19.10.2016 05:00","1706","1709"
"19.10.2016 05:00 - 19.10.2016 06:00","1872","1873"
"19.10.2016 06:00 - 19.10.2016 07:00","2209","2193"
"19.10.2016 07:00 - 19.10.2016 08:00","2571","2569"
"19.10.2016 08:00 - 19.10.2016 09:00","2685","2701"
"19.10.2016 09:00 - 19.10.2016 10:00","2748","2755"
"19.10.2016 10:00 - 19.10.2016 11:00","2810","2802"
"19.10.2016 11:00 - 19.10.2016 12:00","2773","2771"
"19.10.2016 12:00 - 19.10.2016 13:00","2694","2693"
"19.10.2016 13:00 - 19.10.2016 14:00","2691","2697"
"19.10.2016 14:00 - 19.10.2016 15:00","2630","2613"
"19.10.2016 15:00 - 19.10.2016 16:00","2510","2519"
"19.10.2016 16:00 - 19.10.2016 17:00","2488","2480"
"19.10.2016 17:00 - 19.10.2016 18:00","2663","2628"
"19.10.2016 18:00 - 19.10.2016 19:00","2689","2636"
"19.10.2016 19:00 - 19.10.2016 20:00","2532","2481"
"19.10.2016 20:00 - 19.10.2016 21:00","2296","2279"
"19.10.2016 21:00 - 19.10.2016 22:00","2129","2106"
"19.10.2016 22:00 - 19.10.2016 23:00","1985","1925"
"19.10.2016 23:00 - 20.10.2016 00:00","1837","1739"
"20.10.2016 00:00 - 20.10.2016 01:00","1616","1608"
"20.10.2016 01:00 - 20.10.2016 02:00","1544","1528"
"20.10.2016 02:00 - 20.10.2016 03:00","1514","1507"
"20.10.2016 03:00 - 20.10.2016 04:00","1525","1516"
"20.10.2016 04:00 - 20.10.2016 05:00","1563","1555"
"20.10.2016 05:00 - 20.10.2016 06:00","1731","1715"
"20.10.2016 06:00 - 20.10.2016 07:00","2069","2013"
"20.10.2016 07:00 - 20.10.2016 08:00","2390","2393"
"20.10.2016 08:00 - 20.10.2016 09:00","2525","2586"
"20.10.2016 09:00 - 20.10.2016 10:00","2622","2656"
"20.10.2016 10:00 - 20.10.2016 11:00","2751","2724"
"20.10.2016 11:00 - 20.10.2016 12:00","2699","2698"
"20.10.2016 12:00 - 20.10.2016 13:00","2628","2642"
"20.10.2016 13:00 - 20.10.2016 14:00","2637","2632"
"20.10.2016 14:00 - 20.10.2016 15:00","2567","2550"
"20.10.2016 15:00 - 20.10.2016 16:00","2439","2428"
"20.10.2016 16:00 - 20.10.2016 17:00","2406","2408"
"20.10.2016 17:00 - 20.10.2016 18:00","2567","2551"
"20.10.2016 18:00 - 20.10.2016 19:00","2602","2595"
"20.10.2016 19:00 - 20.10.2016 20:00","2485","2496"
"20.10.2016 20:00 - 20.10.2016 21:00","2297","2308"
"20.10.2016 21:00 - 20.10.2016 22:00","2117","2156"
"20.10.2016 22:00 - 20.10.2016 23:00","1918","1985"
"20.10.2016 23:00 - 21.10.2016 00:00","1727","1787"
"21.10.2016 00:00 - 21.10.2016 01:00","1651","1670"
"21.10.2016 01:00 - 21.10.2016 02:00","1600","1592"
"21.10.2016 02:00 - 21.10.2016 03:00","1575","1562"
"21.10.2016 03:00 - 21.10.2016 04:00","1574","1577"
"21.10.2016 04:00 - 21.10.2016 05:00","1611","1613"
"21.10.2016 05:00 - 21.10.2016 06:00","1747","1722"
"21.10.2016 06:00 - 21.10.2016 07:00","2050","1981"
"21.10.2016 07:00 - 21.10.2016 08:00","2352","2333"
"21.10.2016 08:00 - 21.10.2016 09:00","2502","2508"
"21.10.2016 09:00 - 21.10.2016 10:00","2548","2560"
"21.10.2016 10:00 - 21.10.2016 11:00","2640","2647"
"21.10.2016 11:00 - 21.10.2016 12:00","2604","2613"
"21.10.2016 12:00 - 21.10.2016 13:00","2499","2505"
"21.10.2016 13:00 - 21.10.2016 14:00","2437","2449"
"21.10.2016 14:00 - 21.10.2016 15:00","2360","2418"
"21.10.2016 15:00 - 21.10.2016 16:00","2309","2335"
"21.10.2016 16:00 - 21.10.2016 17:00","2334","2331"
"21.10.2016 17:00 - 21.10.2016 18:00","2475","2424"
"21.10.2016 18:00 - 21.10.2016 19:00","2511","2478"
"21.10.2016 19:00 - 21.10.2016 20:00","2331","2277"
"21.10.2016 20:00 - 21.10.2016 21:00","2129","2100"
"21.10.2016 21:00 - 21.10.2016 22:00","1941","1976"
"21.10.2016 22:00 - 21.10.2016 23:00","1791","1831"
"21.10.2016 23:00 - 22.10.2016 00:00","1653","1683"
"22.10.2016 00:00 - 22.10.2016 01:00","1559","1552"
"22.10.2016 01:00 - 22.10.2016 02:00","1487","1485"
"22.10.2016 02:00 - 22.10.2016 03:00","1470","1449"
"22.10.2016 03:00 - 22.10.2016 04:00","1441","1450"
"22.10.2016 04:00 - 22.10.2016 05:00","1453","1475"
"22.10.2016 05:00 - 22.10.2016 06:00","1526","1511"
"22.10.2016 06:00 - 22.10.2016 07:00","1640","1618"
"22.10.2016 07:00 - 22.10.2016 08:00","1814","1815"
"22.10.2016 08:00 - 22.10.2016 09:00","1964","1960"
"22.10.2016 09:00 - 22.10.2016 10:00","2068","2067"
"22.10.2016 10:00 - 22.10.2016 11:00","2112","2113"
"22.10.2016 11:00 - 22.10.2016 12:00","2100","2096"
"22.10.2016 12:00 - 22.10.2016 13:00","2039","2042"
"22.10.2016 13:00 - 22.10.2016 14:00","2013","2023"
"22.10.2016 14:00 - 22.10.2016 15:00","1998","1995"
"22.10.2016 15:00 - 22.10.2016 16:00","1957","2014"
"22.10.2016 16:00 - 22.10.2016 17:00","2060","2067"
"22.10.2016 17:00 - 22.10.2016 18:00","2269","2278"
"22.10.2016 18:00 - 22.10.2016 19:00","2359","2330"
"22.10.2016 19:00 - 22.10.2016 20:00","2179","2152"
"22.10.2016 20:00 - 22.10.2016 21:00","2003","1976"
"22.10.2016 21:00 - 22.10.2016 22:00","1844","1830"
"22.10.2016 22:00 - 22.10.2016 23:00","1705","1693"
"22.10.2016 23:00 - 23.10.2016 00:00","1611","1586"
"23.10.2016 00:00 - 23.10.2016 01:00","1507","1480"
"23.10.2016 01:00 - 23.10.2016 02:00","1426","1427"
"23.10.2016 02:00 - 23.10.2016 03:00","1383","1392"
"23.10.2016 03:00 - 23.10.2016 04:00","1400","1377"
"23.10.2016 04:00 - 23.10.2016 05:00","1374","1412"
"23.10.2016 05:00 - 23.10.2016 06:00","1441","1460"
"23.10.2016 06:00 - 23.10.2016 07:00","1595","1560"
"23.10.2016 07:00 - 23.10.2016 08:00","1744","1748"
"23.10.2016 08:00 - 23.10.2016 09:00","1901","1920"
"23.10.2016 09:00 - 23.10.2016 10:00","2032","2064"
"23.10.2016 10:00 - 23.10.2016 11:00","2112","2136"
"23.10.2016 11:00 - 23.10.2016 12:00","2157","2160"
"23.10.2016 12:00 - 23.10.2016 13:00","2134","2159"
"23.10.2016 13:00 - 23.10.2016 14:00","2126","2136"
"23.10.2016 14:00 - 23.10.2016 15:00","2120","2112"
"23.10.2016 15:00 - 23.10.2016 16:00","2085","2095"
"23.10.2016 16:00 - 23.10.2016 17:00","2144","2187"
"23.10.2016 17:00 - 23.10.2016 18:00","2442","2413"
"23.10.2016 18:00 - 23.10.2016 19:00","2459","2498"
"23.10.2016 19:00 - 23.10.2016 20:00","2352","2352"
"23.10.2016 20:00 - 23.10.2016 21:00","2188","2185"
"23.10.2016 21:00 - 23.10.2016 22:00","2047","2049"
"23.10.2016 22:00 - 23.10.2016 23:00","1886","1885"
"23.10.2016 23:00 - 24.10.2016 00:00","1766","1735"
"24.10.2016 00:00 - 24.10.2016 01:00","1665","1658"
"24.10.2016 01:00 - 24.10.2016 02:00","1623","1576"
"24.10.2016 02:00 - 24.10.2016 03:00","1577","1570"
"24.10.2016 03:00 - 24.10.2016 04:00","1606","1575"
"24.10.2016 04:00 - 24.10.2016 05:00","1653","1609"
"24.10.2016 05:00 - 24.10.2016 06:00","1807","1800"
"24.10.2016 06:00 - 24.10.2016 07:00","2273","2231"
"24.10.2016 07:00 - 24.10.2016 08:00","2701","2709"
"24.10.2016 08:00 - 24.10.2016 09:00","2813","2810"
"24.10.2016 09:00 - 24.10.2016 10:00","2803","2787"
"24.10.2016 10:00 - 24.10.2016 11:00","2832","2827"
"24.10.2016 11:00 - 24.10.2016 12:00","2847","2862"
"24.10.2016 12:00 - 24.10.2016 13:00","2760","2740"
"24.10.2016 13:00 - 24.10.2016 14:00","2732","2720"
"24.10.2016 14:00 - 24.10.2016 15:00","2662","2657"
"24.10.2016 15:00 - 24.10.2016 16:00","2559","2577"
"24.10.2016 16:00 - 24.10.2016 17:00","2616","2595"
"24.10.2016 17:00 - 24.10.2016 18:00","2853","2782"
"24.10.2016 18:00 - 24.10.2016 19:00","2787","2836"
"24.10.2016 19:00 - 24.10.2016 20:00","2676","2676"
"24.10.2016 20:00 - 24.10.2016 21:00","2446","2498"
"24.10.2016 21:00 - 24.10.2016 22:00","2240","2334"
"24.10.2016 22:00 - 24.10.2016 23:00","2025","2135"
"24.10.2016 23:00 - 25.10.2016 00:00","1819","1912"
"25.10.2016 00:00 - 25.10.2016 01:00","1808","1795"
"25.10.2016 01:00 - 25.10.2016 02:00","1739","1742"
"25.10.2016 02:00 - 25.10.2016 03:00","1719","1726"
"25.10.2016 03:00 - 25.10.2016 04:00","1739","1734"
"25.10.2016 04:00 - 25.10.2016 05:00","1788","1781"
"25.10.2016 05:00 - 25.10.2016 06:00","1953","1939"
"25.10.2016 06:00 - 25.10.2016 07:00","2351","2352"
"25.10.2016 07:00 - 25.10.2016 08:00","2776","2775"
"25.10.2016 08:00 - 25.10.2016 09:00","2851","2867"
"25.10.2016 09:00 - 25.10.2016 10:00","2849","2841"
"25.10.2016 10:00 - 25.10.2016 11:00","2874","2887"
"25.10.2016 11:00 - 25.10.2016 12:00","2880","2892"
"25.10.2016 12:00 - 25.10.2016 13:00","2811","2803"
"25.10.2016 13:00 - 25.10.2016 14:00","2812","2796"
"25.10.2016 14:00 - 25.10.2016 15:00","2732","2753"
"25.10.2016 15:00 - 25.10.2016 16:00","2648","2671"
"25.10.2016 16:00 - 25.10.2016 17:00","2672","2653"
"25.10.2016 17:00 - 25.10.2016 18:00","2908","2825"
"25.10.2016 18:00 - 25.10.2016 19:00","2873","2900"
"25.10.2016 19:00 - 25.10.2016 20:00","2705","2778"
"25.10.2016 20:00 - 25.10.2016 21:00","2570","2577"
"25.10.2016 21:00 - 25.10.2016 22:00","2412","2417"
"25.10.2016 22:00 - 25.10.2016 23:00","2209","2215"
"25.10.2016 23:00 - 26.10.2016 00:00","1987","2002"
"26.10.2016 00:00 - 26.10.2016 01:00","1838","1864"
"26.10.2016 01:00 - 26.10.2016 02:00","1794","1783"
"26.10.2016 02:00 - 26.10.2016 03:00","1762","1767"
"26.10.2016 03:00 - 26.10.2016 04:00","1779","1784"
"26.10.2016 04:00 - 26.10.2016 05:00","1825","1835"
"26.10.2016 05:00 - 26.10.2016 06:00","1993","1970"
"26.10.2016 06:00 - 26.10.2016 07:00","2382","2385"
"26.10.2016 07:00 - 26.10.2016 08:00","2788","2822"
"26.10.2016 08:00 - 26.10.2016 09:00","2894","2903"
"26.10.2016 09:00 - 26.10.2016 10:00","2884","2867"
"26.10.2016 10:00 - 26.10.2016 11:00","2903","2905"
"26.10.2016 11:00 - 26.10.2016 12:00","2872","2907"
"26.10.2016 12:00 - 26.10.2016 13:00","2825","2829"
"26.10.2016 13:00 - 26.10.2016 14:00","2808","2770"
"26.10.2016 14:00 - 26.10.2016 15:00","2686","2699"
"26.10.2016 15:00 - 26.10.2016 16:00","2576","2569"
"26.10.2016 16:00 - 26.10.2016 17:00","2578","2536"
"26.10.2016 17:00 - 26.10.2016 18:00","2809","2703"
"26.10.2016 18:00 - 26.10.2016 19:00","2701","2701"
"26.10.2016 19:00 - 26.10.2016 20:00","2552","2514"
"26.10.2016 20:00 - 26.10.2016 21:00","2363","2318"
"26.10.2016 21:00 - 26.10.2016 22:00","2167","2208"
"26.10.2016 22:00 - 26.10.2016 23:00","2018","2028"
"26.10.2016 23:00 - 27.10.2016 00:00","1892","1848"
"27.10.2016 00:00 - 27.10.2016 01:00","1735","1749"
"27.10.2016 01:00 - 27.10.2016 02:00","1715","1700"
"27.10.2016 02:00 - 27.10.2016 03:00","1725","1761"
"27.10.2016 03:00 - 27.10.2016 04:00","1788","1805"
"27.10.2016 04:00 - 27.10.2016 05:00","1796","1750"
"27.10.2016 05:00 - 27.10.2016 06:00","1868","1838"
"27.10.2016 06:00 - 27.10.2016 07:00","2291","2281"
"27.10.2016 07:00 - 27.10.2016 08:00","2727","2737"
"27.10.2016 08:00 - 27.10.2016 09:00","2828","2832"
"27.10.2016 09:00 - 27.10.2016 10:00","2799","2800"
"27.10.2016 10:00 - 27.10.2016 11:00","2821","2809"
"27.10.2016 11:00 - 27.10.2016 12:00","2783","2767"
"27.10.2016 12:00 - 27.10.2016 13:00","2659","2647"
"27.10.2016 13:00 - 27.10.2016 14:00","2632","2623"
"27.10.2016 14:00 - 27.10.2016 15:00","2576","2582"
"27.10.2016 15:00 - 27.10.2016 16:00","2452","2440"
"27.10.2016 16:00 - 27.10.2016 17:00","2505","2504"
"27.10.2016 17:00 - 27.10.2016 18:00","2795","2682"
"27.10.2016 18:00 - 27.10.2016 19:00","2691","2729"
"27.10.2016 19:00 - 27.10.2016 20:00","2590","2542"
"27.10.2016 20:00 - 27.10.2016 21:00","2383","2341"
"27.10.2016 21:00 - 27.10.2016 22:00","2205","2165"
"27.10.2016 22:00 - 27.10.2016 23:00","2048","1924"
"27.10.2016 23:00 - 28.10.2016 00:00","1894","1739"
"28.10.2016 00:00 - 28.10.2016 01:00","1651","1620"
"28.10.2016 01:00 - 28.10.2016 02:00","1581","1565"
"28.10.2016 02:00 - 28.10.2016 03:00","1550","1538"
"28.10.2016 03:00 - 28.10.2016 04:00","1526","1509"
"28.10.2016 04:00 - 28.10.2016 05:00","1582","1568"
"28.10.2016 05:00 - 28.10.2016 06:00","1707","1707"
"28.10.2016 06:00 - 28.10.2016 07:00","2085","2087"
"28.10.2016 07:00 - 28.10.2016 08:00","2518","2557"
"28.10.2016 08:00 - 28.10.2016 09:00","2703","2679"
"28.10.2016 09:00 - 28.10.2016 10:00","2654","2616"
"28.10.2016 10:00 - 28.10.2016 11:00","2640","2604"
"28.10.2016 11:00 - 28.10.2016 12:00","2552","2536"
"28.10.2016 12:00 - 28.10.2016 13:00","2410","2398"
"28.10.2016 13:00 - 28.10.2016 14:00","2277","2249"
"28.10.2016 14:00 - 28.10.2016 15:00","2172","2173"
"28.10.2016 15:00 - 28.10.2016 16:00","2092","2071"
"28.10.2016 16:00 - 28.10.2016 17:00","2147","2085"
"28.10.2016 17:00 - 28.10.2016 18:00","2299","2272"
"28.10.2016 18:00 - 28.10.2016 19:00","2309","2385"
"28.10.2016 19:00 - 28.10.2016 20:00","2200","2203"
"28.10.2016 20:00 - 28.10.2016 21:00","2009","2020"
"28.10.2016 21:00 - 28.10.2016 22:00","1861","1897"
"28.10.2016 22:00 - 28.10.2016 23:00","1721","1749"
"28.10.2016 23:00 - 29.10.2016 00:00","1585","1628"
"29.10.2016 00:00 - 29.10.2016 01:00","1541","1539"
"29.10.2016 01:00 - 29.10.2016 02:00","1473","1441"
"29.10.2016 02:00 - 29.10.2016 03:00","1411","1401"
"29.10.2016 03:00 - 29.10.2016 04:00","1402","1373"
"29.10.2016 04:00 - 29.10.2016 05:00","1411","1390"
"29.10.2016 05:00 - 29.10.2016 06:00","1442","1404"
"29.10.2016 06:00 - 29.10.2016 07:00","1559","1535"
"29.10.2016 07:00 - 29.10.2016 08:00","1736","1708"
"29.10.2016 08:00 - 29.10.2016 09:00","1879","1864"
"29.10.2016 09:00 - 29.10.2016 10:00","1977","1941"
"29.10.2016 10:00 - 29.10.2016 11:00","2009","1978"
"29.10.2016 11:00 - 29.10.2016 12:00","1936","1897"
"29.10.2016 12:00 - 29.10.2016 13:00","1884","1860"
"29.10.2016 13:00 - 29.10.2016 14:00","1835","1862"
"29.10.2016 14:00 - 29.10.2016 15:00","1807","1824"
"29.10.2016 15:00 - 29.10.2016 16:00","1809","1819"
"29.10.2016 16:00 - 29.10.2016 17:00","1923","1858"
"29.10.2016 17:00 - 29.10.2016 18:00","2110","2087"
"29.10.2016 18:00 - 29.10.2016 19:00","2192","2274"
"29.10.2016 19:00 - 29.10.2016 20:00","2108","2114"
"29.10.2016 20:00 - 29.10.2016 21:00","1973","1952"
"29.10.2016 21:00 - 29.10.2016 22:00","1855","1843"
"29.10.2016 22:00 - 29.10.2016 23:00","1724","1727"
"29.10.2016 23:00 - 30.10.2016 00:00","1617","1628"
"30.10.2016 00:00 - 30.10.2016 01:00","1529","1538"
"30.10.2016 01:00 - 30.10.2016 02:00","1441","1524"
"30.10.2016 02:00 - 30.10.2016 03:00","1460","1513"
"30.10.2016 02:00 - 30.10.2016 03:00","1442","N/A"
"30.10.2016 03:00 - 30.10.2016 04:00","1472","1486"
"30.10.2016 04:00 - 30.10.2016 05:00","1488","1505"
"30.10.2016 05:00 - 30.10.2016 06:00","1533","1543"
"30.10.2016 06:00 - 30.10.2016 07:00","1668","1705"
"30.10.2016 07:00 - 30.10.2016 08:00","1857","1887"
"30.10.2016 08:00 - 30.10.2016 09:00","2010","2009"
"30.10.2016 09:00 - 30.10.2016 10:00","2067","1995"
"30.10.2016 10:00 - 30.10.2016 11:00","2054","2094"
"30.10.2016 11:00 - 30.10.2016 12:00","2046","2120"
"30.10.2016 12:00 - 30.10.2016 13:00","2043","2083"
"30.10.2016 13:00 - 30.10.2016 14:00","2045","2035"
"30.10.2016 14:00 - 30.10.2016 15:00","2031","2018"
"30.10.2016 15:00 - 30.10.2016 16:00","2036","2064"
"30.10.2016 16:00 - 30.10.2016 17:00","2188","2222"
"30.10.2016 17:00 - 30.10.2016 18:00","2599","2620"
"30.10.2016 18:00 - 30.10.2016 19:00","2525","2513"
"30.10.2016 19:00 - 30.10.2016 20:00","2329","2324"
"30.10.2016 20:00 - 30.10.2016 21:00","2177","2146"
"30.10.2016 21:00 - 30.10.2016 22:00","2045","2012"
"30.10.2016 22:00 - 30.10.2016 23:00","1869","1855"
"30.10.2016 23:00 - 31.10.2016 00:00","1751","1724"
"31.10.2016 00:00 - 31.10.2016 01:00","1616","1614"
"31.10.2016 01:00 - 31.10.2016 02:00","1579","1557"
"31.10.2016 02:00 - 31.10.2016 03:00","1566","1539"
"31.10.2016 03:00 - 31.10.2016 04:00","1570","1543"
"31.10.2016 04:00 - 31.10.2016 05:00","1615","1628"
"31.10.2016 05:00 - 31.10.2016 06:00","1823","1815"
"31.10.2016 06:00 - 31.10.2016 07:00","2272","2270"
"31.10.2016 07:00 - 31.10.2016 08:00","2701","2664"
"31.10.2016 08:00 - 31.10.2016 09:00","2773","2761"
"31.10.2016 09:00 - 31.10.2016 10:00","2768","2770"
"31.10.2016 10:00 - 31.10.2016 11:00","2839","2824"
"31.10.2016 11:00 - 31.10.2016 12:00","2822","2792"
"31.10.2016 12:00 - 31.10.2016 13:00","2731","2720"
"31.10.2016 13:00 - 31.10.2016 14:00","2724","2732"
"31.10.2016 14:00 - 31.10.2016 15:00","2681","2680"
"31.10.2016 15:00 - 31.10.2016 16:00","2586","2603"
"31.10.2016 16:00 - 31.10.2016 17:00","2695","2689"
"31.10.2016 17:00 - 31.10.2016 18:00","3020","2993"
"31.10.2016 18:00 - 31.10.2016 19:00","2825","2832"
"31.10.2016 19:00 - 31.10.2016 20:00","2614","2606"
"31.10.2016 20:00 - 31.10.2016 21:00","2418","2413"
"31.10.2016 21:00 - 31.10.2016 22:00","2219","2208"
"31.10.2016 22:00 - 31.10.2016 23:00","1993","1987"
"31.10.2016 23:00 - 01.11.2016 00:00","1827","1770"
"01.11.2016 00:00 - 01.11.2016 01:00","1728","1699"
"01.11.2016 01:00 - 01.11.2016 02:00","1660","1630"
"01.11.2016 02:00 - 01.11.2016 03:00","1608","1584"
"01.11.2016 03:00 - 01.11.2016 04:00","1585","1563"
"01.11.2016 04:00 - 01.11.2016 05:00","1626","1615"
"01.11.2016 05:00 - 01.11.2016 06:00","1791","1788"
"01.11.2016 06:00 - 01.11.2016 07:00","2228","2195"
"01.11.2016 07:00 - 01.11.2016 08:00","2617","2570"
"01.11.2016 08:00 - 01.11.2016 09:00","2692","2640"
"01.11.2016 09:00 - 01.11.2016 10:00","2646","2575"
"01.11.2016 10:00 - 01.11.2016 11:00","2637","2592"
"01.11.2016 11:00 - 01.11.2016 12:00","2589","2538"
"01.11.2016 12:00 - 01.11.2016 13:00","2460","2475"
"01.11.2016 13:00 - 01.11.2016 14:00","2499","2474"
"01.11.2016 14:00 - 01.11.2016 15:00","2449","2443"
"01.11.2016 15:00 - 01.11.2016 16:00","2374","2372"
"01.11.2016 16:00 - 01.11.2016 17:00","2465","2451"
"01.11.2016 17:00 - 01.11.2016 18:00","2771","2791"
"01.11.2016 18:00 - 01.11.2016 19:00","2649","2653"
"01.11.2016 19:00 - 01.11.2016 20:00","2433","2424"
"01.11.2016 20:00 - 01.11.2016 21:00","2253","2277"
"01.11.2016 21:00 - 01.11.2016 22:00","2102","2117"
"01.11.2016 22:00 - 01.11.2016 23:00","1903","1915"
"01.11.2016 23:00 - 02.11.2016 00:00","1707","1762"
"02.11.2016 00:00 - 02.11.2016 01:00","1671","1667"
"02.11.2016 01:00 - 02.11.2016 02:00","1625","1592"
"02.11.2016 02:00 - 02.11.2016 03:00","1598","1610"
"02.11.2016 03:00 - 02.11.2016 04:00","1609","1585"
"02.11.2016 04:00 - 02.11.2016 05:00","1664","1666"
"02.11.2016 05:00 - 02.11.2016 06:00","1848","1842"
"02.11.2016 06:00 - 02.11.2016 07:00","2300","2314"
"02.11.2016 07:00 - 02.11.2016 08:00","2715","2715"
"02.11.2016 08:00 - 02.11.2016 09:00","2797","2777"
"02.11.2016 09:00 - 02.11.2016 10:00","2749","2714"
"02.11.2016 10:00 - 02.11.2016 11:00","2745","2749"
"02.11.2016 11:00 - 02.11.2016 12:00","2720","2694"
"02.11.2016 12:00 - 02.11.2016 13:00","2645","2640"
"02.11.2016 13:00 - 02.11.2016 14:00","2664","2648"
"02.11.2016 14:00 - 02.11.2016 15:00","2593","2598"
"02.11.2016 15:00 - 02.11.2016 16:00","2526","2536"
"02.11.2016 16:00 - 02.11.2016 17:00","2630","2650"
"02.11.2016 17:00 - 02.11.2016 18:00","2964","2967"
"02.11.2016 18:00 - 02.11.2016 19:00","2827","2835"
"02.11.2016 19:00 - 02.11.2016 20:00","2653","2657"
"02.11.2016 20:00 - 02.11.2016 21:00","2478","2456"
"02.11.2016 21:00 - 02.11.2016 22:00","2289","2301"
"02.11.2016 22:00 - 02.11.2016 23:00","2094","2121"
"02.11.2016 23:00 - 03.11.2016 00:00","1895","1947"
"03.11.2016 00:00 - 03.11.2016 01:00","1838","1865"
"03.11.2016 01:00 - 03.11.2016 02:00","1805","1818"
"03.11.2016 02:00 - 03.11.2016 03:00","1793","1803"
"03.11.2016 03:00 - 03.11.2016 04:00","1808","1824"
"03.11.2016 04:00 - 03.11.2016 05:00","1877","1898"
"03.11.2016 05:00 - 03.11.2016 06:00","2046","2068"
"03.11.2016 06:00 - 03.11.2016 07:00","2450","2470"
"03.11.2016 07:00 - 03.11.2016 08:00","2846","2862"
"03.11.2016 08:00 - 03.11.2016 09:00","2914","2930"
"03.11.2016 09:00 - 03.11.2016 10:00","2900","2920"
"03.11.2016 10:00 - 03.11.2016 11:00","2933","2930"
"03.11.2016 11:00 - 03.11.2016 12:00","2910","2896"
"03.11.2016 12:00 - 03.11.2016 13:00","2823","2837"
"03.11.2016 13:00 - 03.11.2016 14:00","2876","2875"
"03.11.2016 14:00 - 03.11.2016 15:00","2819","2814"
"03.11.2016 15:00 - 03.11.2016 16:00","2717","2701"
"03.11.2016 16:00 - 03.11.2016 17:00","2788","2787"
"03.11.2016 17:00 - 03.11.2016 18:00","3076","3062"
"03.11.2016 18:00 - 03.11.2016 19:00","2898","2927"
"03.11.2016 19:00 - 03.11.2016 20:00","2725","2727"
"03.11.2016 20:00 - 03.11.2016 21:00","2568","2547"
"03.11.2016 21:00 - 03.11.2016 22:00","2381","2354"
"03.11.2016 22:00 - 03.11.2016 23:00","2194","2158"
"03.11.2016 23:00 - 04.11.2016 00:00","1995","1972"
"04.11.2016 00:00 - 04.11.2016 01:00","1841","1849"
"04.11.2016 01:00 - 04.11.2016 02:00","1793","1805"
"04.11.2016 02:00 - 04.11.2016 03:00","1773","1775"
"04.11.2016 03:00 - 04.11.2016 04:00","1779","1772"
"04.11.2016 04:00 - 04.11.2016 05:00","1838","1837"
"04.11.2016 05:00 - 04.11.2016 06:00","2008","1995"
"04.11.2016 06:00 - 04.11.2016 07:00","2417","2433"
"04.11.2016 07:00 - 04.11.2016 08:00","2820","2821"
"04.11.2016 08:00 - 04.11.2016 09:00","2913","2938"
"04.11.2016 09:00 - 04.11.2016 10:00","2943","2958"
"04.11.2016 10:00 - 04.11.2016 11:00","2999","2987"
"04.11.2016 11:00 - 04.11.2016 12:00","2918","2922"
"04.11.2016 12:00 - 04.11.2016 13:00","2775","2769"
"04.11.2016 13:00 - 04.11.2016 14:00","2684","2689"
"04.11.2016 14:00 - 04.11.2016 15:00","2564","2553"
"04.11.2016 15:00 - 04.11.2016 16:00","2483","2479"
"04.11.2016 16:00 - 04.11.2016 17:00","2599","2592"
"04.11.2016 17:00 - 04.11.2016 18:00","2872","2865"
"04.11.2016 18:00 - 04.11.2016 19:00","2733","2711"
"04.11.2016 19:00 - 04.11.2016 20:00","2481","2456"
"04.11.2016 20:00 - 04.11.2016 21:00","2275","2262"
"04.11.2016 21:00 - 04.11.2016 22:00","2152","2159"
"04.11.2016 22:00 - 04.11.2016 23:00","2023","1999"
"04.11.2016 23:00 - 05.11.2016 00:00","1844","1845"
"05.11.2016 00:00 - 05.11.2016 01:00","1730","1756"
"05.11.2016 01:00 - 05.11.2016 02:00","1677","1695"
"05.11.2016 02:00 - 05.11.2016 03:00","1645","1668"
"05.11.2016 03:00 - 05.11.2016 04:00","1626","1652"
"05.11.2016 04:00 - 05.11.2016 05:00","1655","1671"
"05.11.2016 05:00 - 05.11.2016 06:00","1718","1729"
"05.11.2016 06:00 - 05.11.2016 07:00","1860","1875"
"05.11.2016 07:00 - 05.11.2016 08:00","2071","2098"
"05.11.2016 08:00 - 05.11.2016 09:00","2232","2237"
"05.11.2016 09:00 - 05.11.2016 10:00","2317","2324"
"05.11.2016 10:00 - 05.11.2016 11:00","2402","2409"
"05.11.2016 11:00 - 05.11.2016 12:00","2388","2389"
"05.11.2016 12:00 - 05.11.2016 13:00","2344","2344"
"05.11.2016 13:00 - 05.11.2016 14:00","2286","2274"
"05.11.2016 14:00 - 05.11.2016 15:00","2286","2276"
"05.11.2016 15:00 - 05.11.2016 16:00","2299","2295"
"05.11.2016 16:00 - 05.11.2016 17:00","2413","2396"
"05.11.2016 17:00 - 05.11.2016 18:00","2599","2608"
"05.11.2016 18:00 - 05.11.2016 19:00","2486","2471"
"05.11.2016 19:00 - 05.11.2016 20:00","2250","2242"
"05.11.2016 20:00 - 05.11.2016 21:00","2095","2135"
"05.11.2016 21:00 - 05.11.2016 22:00","1998","2014"
"05.11.2016 22:00 - 05.11.2016 23:00","1876","1853"
"05.11.2016 23:00 - 06.11.2016 00:00","1761","1741"
"06.11.2016 00:00 - 06.11.2016 01:00","1637","1640"
"06.11.2016 01:00 - 06.11.2016 02:00","1581","1584"
"06.11.2016 02:00 - 06.11.2016 03:00","1559","1546"
"06.11.2016 03:00 - 06.11.2016 04:00","1539","1514"
"06.11.2016 04:00 - 06.11.2016 05:00","1521","1507"
"06.11.2016 05:00 - 06.11.2016 06:00","1540","1538"
"06.11.2016 06:00 - 06.11.2016 07:00","1640","1625"
"06.11.2016 07:00 - 06.11.2016 08:00","1807","1818"
"06.11.2016 08:00 - 06.11.2016 09:00","1977","1974"
"06.11.2016 09:00 - 06.11.2016 10:00","2083","2093"
"06.11.2016 10:00 - 06.11.2016 11:00","2135","2148"
"06.11.2016 11:00 - 06.11.2016 12:00","2169","2157"
"06.11.2016 12:00 - 06.11.2016 13:00","2129","2117"
"06.11.2016 13:00 - 06.11.2016 14:00","2100","2094"
"06.11.2016 14:00 - 06.11.2016 15:00","2092","2085"
"06.11.2016 15:00 - 06.11.2016 16:00","2117","2100"
"06.11.2016 16:00 - 06.11.2016 17:00","2265","2265"
"06.11.2016 17:00 - 06.11.2016 18:00","2580","2569"
"06.11.2016 18:00 - 06.11.2016 19:00","2479","2494"
"06.11.2016 19:00 - 06.11.2016 20:00","2327","2318"
"06.11.2016 20:00 - 06.11.2016 21:00","2204","2196"
"06.11.2016 21:00 - 06.11.2016 22:00","2066","2069"
"06.11.2016 22:00 - 06.11.2016 23:00","1880","1941"
"06.11.2016 23:00 - 07.11.2016 00:00","1762","1825"
"07.11.2016 00:00 - 07.11.2016 01:00","1726","1726"
"07.11.2016 01:00 - 07.11.2016 02:00","1680","1690"
"07.11.2016 02:00 - 07.11.2016 03:00","1676","1691"
"07.11.2016 03:00 - 07.11.2016 04:00","1693","1715"
"07.11.2016 04:00 - 07.11.2016 05:00","1768","1778"
"07.11.2016 05:00 - 07.11.2016 06:00","1961","1946"
"07.11.2016 06:00 - 07.11.2016 07:00","2399","2356"
"07.11.2016 07:00 - 07.11.2016 08:00","2840","2828"
"07.11.2016 08:00 - 07.11.2016 09:00","2965","2990"
"07.11.2016 09:00 - 07.11.2016 10:00","2991","2985"
"07.11.2016 10:00 - 07.11.2016 11:00","3024","2996"
"07.11.2016 11:00 - 07.11.2016 12:00","2966","2901"
"07.11.2016 12:00 - 07.11.2016 13:00","2753","2722"
"07.11.2016 13:00 - 07.11.2016 14:00","2807","2801"
"07.11.2016 14:00 - 07.11.2016 15:00","2777","2773"
"07.11.2016 15:00 - 07.11.2016 16:00","2735","2722"
"07.11.2016 16:00 - 07.11.2016 17:00","2842","2844"
"07.11.2016 17:00 - 07.11.2016 18:00","3146","3140"
"07.11.2016 18:00 - 07.11.2016 19:00","2974","2983"
"07.11.2016 19:00 - 07.11.2016 20:00","2771","2791"
"07.11.2016 20:00 - 07.11.2016 21:00","2586","2626"
"07.11.2016 21:00 - 07.11.2016 22:00","2433","2450"
"07.11.2016 22:00 - 07.11.2016 23:00","2224","2281"
"07.11.2016 23:00 - 08.11.2016 00:00","2020","2089"
"08.11.2016 00:00 - 08.11.2016 01:00","1934","1937"
"08.11.2016 01:00 - 08.11.2016 02:00","1861","1907"
"08.11.2016 02:00 - 08.11.2016 03:00","1904","1918"
"08.11.2016 03:00 - 08.11.2016 04:00","1926","1941"
"08.11.2016 04:00 - 08.11.2016 05:00","1997","2016"
"08.11.2016 05:00 - 08.11.2016 06:00","2198","2195"
"08.11.2016 06:00 - 08.11.2016 07:00","2620","2623"
"08.11.2016 07:00 - 08.11.2016 08:00","2986","2953"
"08.11.2016 08:00 - 08.11.2016 09:00","3027","3051"
"08.11.2016 09:00 - 08.11.2016 10:00","3046","3040"
"08.11.2016 10:00 - 08.11.2016 11:00","3088","3089"
"08.11.2016 11:00 - 08.11.2016 12:00","3053","3057"
"08.11.2016 12:00 - 08.11.2016 13:00","2945","2935"
"08.11.2016 13:00 - 08.11.2016 14:00","2928","2955"
"08.11.2016 14:00 - 08.11.2016 15:00","2900","2911"
"08.11.2016 15:00 - 08.11.2016 16:00","2831","2842"
"08.11.2016 16:00 - 08.11.2016 17:00","2944","2953"
"08.11.2016 17:00 - 08.11.2016 18:00","3240","3247"
"08.11.2016 18:00 - 08.11.2016 19:00","3064","3091"
"08.11.2016 19:00 - 08.11.2016 20:00","2906","2892"
"08.11.2016 20:00 - 08.11.2016 21:00","2764","2691"
"08.11.2016 21:00 - 08.11.2016 22:00","2551","2519"
"08.11.2016 22:00 - 08.11.2016 23:00","2356","2323"
"08.11.2016 23:00 - 09.11.2016 00:00","2138","2106"
"09.11.2016 00:00 - 09.11.2016 01:00","1961","1961"
"09.11.2016 01:00 - 09.11.2016 02:00","1890","1894"
"09.11.2016 02:00 - 09.11.2016 03:00","1885","1885"
"09.11.2016 03:00 - 09.11.2016 04:00","1920","1903"
"09.11.2016 04:00 - 09.11.2016 05:00","1950","1929"
"09.11.2016 05:00 - 09.11.2016 06:00","2115","2098"
"09.11.2016 06:00 - 09.11.2016 07:00","2559","2499"
"09.11.2016 07:00 - 09.11.2016 08:00","2908","2900"
"09.11.2016 08:00 - 09.11.2016 09:00","2982","2981"
"09.11.2016 09:00 - 09.11.2016 10:00","2994","2996"
"09.11.2016 10:00 - 09.11.2016 11:00","3112","3142"
"09.11.2016 11:00 - 09.11.2016 12:00","3118","3143"
"09.11.2016 12:00 - 09.11.2016 13:00","3007","3009"
"09.11.2016 13:00 - 09.11.2016 14:00","3027","3072"
"09.11.2016 14:00 - 09.11.2016 15:00","3003","2999"
"09.11.2016 15:00 - 09.11.2016 16:00","2864","2864"
"09.11.2016 16:00 - 09.11.2016 17:00","2938","2931"
"09.11.2016 17:00 - 09.11.2016 18:00","3205","3190"
"09.11.2016 18:00 - 09.11.2016 19:00","3031","3050"
"09.11.2016 19:00 - 09.11.2016 20:00","2862","2869"
"09.11.2016 20:00 - 09.11.2016 21:00","2740","2760"
"09.11.2016 21:00 - 09.11.2016 22:00","2567","2588"
"09.11.2016 22:00 - 09.11.2016 23:00","2348","2392"
"09.11.2016 23:00 - 10.11.2016 00:00","2118","2208"
"10.11.2016 00:00 - 10.11.2016 01:00","2061","2079"
"10.11.2016 01:00 - 10.11.2016 02:00","1999","2030"
"10.11.2016 02:00 - 10.11.2016 03:00","1992","2007"
"10.11.2016 03:00 - 10.11.2016 04:00","2006","2016"
"10.11.2016 04:00 - 10.11.2016 05:00","2060","2063"
"10.11.2016 05:00 - 10.11.2016 06:00","2223","2231"
"10.11.2016 06:00 - 10.11.2016 07:00","2638","2639"
"10.11.2016 07:00 - 10.11.2016 08:00","3030","2968"
"10.11.2016 08:00 - 10.11.2016 09:00","3065","3046"
"10.11.2016 09:00 - 10.11.2016 10:00","3018","3036"
"10.11.2016 10:00 - 10.11.2016 11:00","3100","3075"
"10.11.2016 11:00 - 10.11.2016 12:00","3051","3056"
"10.11.2016 12:00 - 10.11.2016 13:00","2920","2977"
"10.11.2016 13:00 - 10.11.2016 14:00","2999","2968"
"10.11.2016 14:00 - 10.11.2016 15:00","2919","2932"
"10.11.2016 15:00 - 10.11.2016 16:00","2854","2911"
"10.11.2016 16:00 - 10.11.2016 17:00","2997","3005"
"10.11.2016 17:00 - 10.11.2016 18:00","3258","3232"
"10.11.2016 18:00 - 10.11.2016 19:00","3045","3045"
"10.11.2016 19:00 - 10.11.2016 20:00","2853","2838"
"10.11.2016 20:00 - 10.11.2016 21:00","2698","2660"
"10.11.2016 21:00 - 10.11.2016 22:00","2482","2495"
"10.11.2016 22:00 - 10.11.2016 23:00","2287","2282"
"10.11.2016 23:00 - 11.11.2016 00:00","2097","2090"
"11.11.2016 00:00 - 11.11.2016 01:00","1979","1969"
"11.11.2016 01:00 - 11.11.2016 02:00","1912","1899"
"11.11.2016 02:00 - 11.11.2016 03:00","1885","1890"
"11.11.2016 03:00 - 11.11.2016 04:00","1893","1887"
"11.11.2016 04:00 - 11.11.2016 05:00","1938","1914"
"11.11.2016 05:00 - 11.11.2016 06:00","2099","2092"
"11.11.2016 06:00 - 11.11.2016 07:00","2577","2548"
"11.11.2016 07:00 - 11.11.2016 08:00","3000","2981"
"11.11.2016 08:00 - 11.11.2016 09:00","3052","3069"
"11.11.2016 09:00 - 11.11.2016 10:00","3025","3002"
"11.11.2016 10:00 - 11.11.2016 11:00","3051","3029"
"11.11.2016 11:00 - 11.11.2016 12:00","2992","2978"
"11.11.2016 12:00 - 11.11.2016 13:00","2846","2830"
"11.11.2016 13:00 - 11.11.2016 14:00","2754","2745"
"11.11.2016 14:00 - 11.11.2016 15:00","2640","2621"
"11.11.2016 15:00 - 11.11.2016 16:00","2575","2587"
"11.11.2016 16:00 - 11.11.2016 17:00","2751","2773"
"11.11.2016 17:00 - 11.11.2016 18:00","3080","3070"
"11.11.2016 18:00 - 11.11.2016 19:00","2953","2929"
"11.11.2016 19:00 - 11.11.2016 20:00","2697","2688"
"11.11.2016 20:00 - 11.11.2016 21:00","2493","2485"
"11.11.2016 21:00 - 11.11.2016 22:00","2335","2324"
"11.11.2016 22:00 - 11.11.2016 23:00","2141","2180"
"11.11.2016 23:00 - 12.11.2016 00:00","1950","2035"
"12.11.2016 00:00 - 12.11.2016 01:00","1901","1916"
"12.11.2016 01:00 - 12.11.2016 02:00","1817","1840"
"12.11.2016 02:00 - 12.11.2016 03:00","1766","1796"
"12.11.2016 03:00 - 12.11.2016 04:00","1758","1779"
"12.11.2016 04:00 - 12.11.2016 05:00","1794","1793"
"12.11.2016 05:00 - 12.11.2016 06:00","1865","1851"
"12.11.2016 06:00 - 12.11.2016 07:00","1981","1976"
"12.11.2016 07:00 - 12.11.2016 08:00","2188","2179"
"12.11.2016 08:00 - 12.11.2016 09:00","2347","2316"
"12.11.2016 09:00 - 12.11.2016 10:00","2433","2413"
"12.11.2016 10:00 - 12.11.2016 11:00","2438","2411"
"12.11.2016 11:00 - 12.11.2016 12:00","2370","2337"
"12.11.2016 12:00 - 12.11.2016 13:00","2268","2263"
"12.11.2016 13:00 - 12.11.2016 14:00","2230","2206"
"12.11.2016 14:00 - 12.11.2016 15:00","2230","2195"
"12.11.2016 15:00 - 12.11.2016 16:00","2235","2244"
"12.11.2016 16:00 - 12.11.2016 17:00","2468","2432"
"12.11.2016 17:00 - 12.11.2016 18:00","2731","2703"
"12.11.2016 18:00 - 12.11.2016 19:00","2580","2577"
"12.11.2016 19:00 - 12.11.2016 20:00","2364","2341"
"12.11.2016 20:00 - 12.11.2016 21:00","2194","2183"
"12.11.2016 21:00 - 12.11.2016 22:00","2055","2076"
"12.11.2016 22:00 - 12.11.2016 23:00","1932","1951"
"12.11.2016 23:00 - 13.11.2016 00:00","1795","1850"
"13.11.2016 00:00 - 13.11.2016 01:00","1730","1745"
"13.11.2016 01:00 - 13.11.2016 02:00","1663","1685"
"13.11.2016 02:00 - 13.11.2016 03:00","1656","1666"
"13.11.2016 03:00 - 13.11.2016 04:00","1649","1643"
"13.11.2016 04:00 - 13.11.2016 05:00","1646","1644"
"13.11.2016 05:00 - 13.11.2016 06:00","1690","1698"
"13.11.2016 06:00 - 13.11.2016 07:00","1829","1829"
"13.11.2016 07:00 - 13.11.2016 08:00","1991","1983"
"13.11.2016 08:00 - 13.11.2016 09:00","2143","2143"
"13.11.2016 09:00 - 13.11.2016 10:00","2250","2242"
"13.11.2016 10:00 - 13.11.2016 11:00","2298","2277"
"13.11.2016 11:00 - 13.11.2016 12:00","2303","2298"
"13.11.2016 12:00 - 13.11.2016 13:00","2262","2238"
"13.11.2016 13:00 - 13.11.2016 14:00","2216","2206"
"13.11.2016 14:00 - 13.11.2016 15:00","2204","2209"
"13.11.2016 15:00 - 13.11.2016 16:00","2254","2263"
"13.11.2016 16:00 - 13.11.2016 17:00","2483","2461"
"13.11.2016 17:00 - 13.11.2016 18:00","2797","2795"
"13.11.2016 18:00 - 13.11.2016 19:00","2686","2711"
"13.11.2016 19:00 - 13.11.2016 20:00","2509","2507"
"13.11.2016 20:00 - 13.11.2016 21:00","2335","2302"
"13.11.2016 21:00 - 13.11.2016 22:00","2167","2150"
"13.11.2016 22:00 - 13.11.2016 23:00","2006","2003"
"13.11.2016 23:00 - 14.11.2016 00:00","1895","1876"
"14.11.2016 00:00 - 14.11.2016 01:00","1792","1808"
"14.11.2016 01:00 - 14.11.2016 02:00","1781","1791"
"14.11.2016 02:00 - 14.11.2016 03:00","1779","1773"
"14.11.2016 03:00 - 14.11.2016 04:00","1822","1776"
"14.11.2016 04:00 - 14.11.2016 05:00","1836","1815"
"14.11.2016 05:00 - 14.11.2016 06:00","2007","1972"
"14.11.2016 06:00 - 14.11.2016 07:00","2438","2406"
"14.11.2016 07:00 - 14.11.2016 08:00","2859","2842"
"14.11.2016 08:00 - 14.11.2016 09:00","3020","3013"
"14.11.2016 09:00 - 14.11.2016 10:00","2971","2977"
"14.11.2016 10:00 - 14.11.2016 11:00","2991","3001"
"14.11.2016 11:00 - 14.11.2016 12:00","2888","2907"
"14.11.2016 12:00 - 14.11.2016 13:00","2835","2825"
"14.11.2016 13:00 - 14.11.2016 14:00","2860","2857"
"14.11.2016 14:00 - 14.11.2016 15:00","2830","2832"
"14.11.2016 15:00 - 14.11.2016 16:00","2768","2735"
"14.11.2016 16:00 - 14.11.2016 17:00","2876","2876"
"14.11.2016 17:00 - 14.11.2016 18:00","3118","3066"
"14.11.2016 18:00 - 14.11.2016 19:00","2856","2797"
"14.11.2016 19:00 - 14.11.2016 20:00","2628","2584"
"14.11.2016 20:00 - 14.11.2016 21:00","2419","2389"
"14.11.2016 21:00 - 14.11.2016 22:00","2234","2246"
"14.11.2016 22:00 - 14.11.2016 23:00","2042","2119"
"14.11.2016 23:00 - 15.11.2016 00:00","1885","1995"
"15.11.2016 00:00 - 15.11.2016 01:00","1943","1903"
"15.11.2016 01:00 - 15.11.2016 02:00","1951","1891"
"15.11.2016 02:00 - 15.11.2016 03:00","1873","1860"
"15.11.2016 03:00 - 15.11.2016 04:00","1876","1884"
"15.11.2016 04:00 - 15.11.2016 05:00","1927","1905"
"15.11.2016 05:00 - 15.11.2016 06:00","2084","2054"
"15.11.2016 06:00 - 15.11.2016 07:00","2442","2440"
"15.11.2016 07:00 - 15.11.2016 08:00","2863","2874"
"15.11.2016 08:00 - 15.11.2016 09:00","2933","2918"
"15.11.2016 09:00 - 15.11.2016 10:00","2882","2891"
"15.11.2016 10:00 - 15.11.2016 11:00","2941","2930"
"15.11.2016 11:00 - 15.11.2016 12:00","2907","2885"
"15.11.2016 12:00 - 15.11.2016 13:00","2785","2767"
"15.11.2016 13:00 - 15.11.2016 14:00","2789","2760"
"15.11.2016 14:00 - 15.11.2016 15:00","2695","2670"
"15.11.2016 15:00 - 15.11.2016 16:00","2601","2571"
"15.11.2016 16:00 - 15.11.2016 17:00","2705","2698"
"15.11.2016 17:00 - 15.11.2016 18:00","2978","2970"
"15.11.2016 18:00 - 15.11.2016 19:00","2800","2786"
"15.11.2016 19:00 - 15.11.2016 20:00","2610","2587"
"15.11.2016 20:00 - 15.11.2016 21:00","2432","2401"
"15.11.2016 21:00 - 15.11.2016 22:00","2269","2255"
"15.11.2016 22:00 - 15.11.2016 23:00","2110","2079"
"15.11.2016 23:00 - 16.11.2016 00:00","1933","1896"
"16.11.2016 00:00 - 16.11.2016 01:00","1802","1820"
"16.11.2016 01:00 - 16.11.2016 02:00","1768","1786"
"16.11.2016 02:00 - 16.11.2016 03:00","1781","1787"
"16.11.2016 03:00 - 16.11.2016 04:00","1803","1803"
"16.11.2016 04:00 - 16.11.2016 05:00","1888","1863"
"16.11.2016 05:00 - 16.11.2016 06:00","2043","1993"
"16.11.2016 06:00 - 16.11.2016 07:00","2384","2366"
"16.11.2016 07:00 - 16.11.2016 08:00","2804","2825"
"16.11.2016 08:00 - 16.11.2016 09:00","2902","2908"
"16.11.2016 09:00 - 16.11.2016 10:00","2898","2893"
"16.11.2016 10:00 - 16.11.2016 11:00","2926","2916"
"16.11.2016 11:00 - 16.11.2016 12:00","2883","2846"
"16.11.2016 12:00 - 16.11.2016 13:00","2770","2759"
"16.11.2016 13:00 - 16.11.2016 14:00","2821","2819"
"16.11.2016 14:00 - 16.11.2016 15:00","2778","2770"
"16.11.2016 15:00 - 16.11.2016 16:00","2704","2689"
"16.11.2016 16:00 - 16.11.2016 17:00","2815","2790"
"16.11.2016 17:00 - 16.11.2016 18:00","3003","2979"
"16.11.2016 18:00 - 16.11.2016 19:00","2825","2813"
"16.11.2016 19:00 - 16.11.2016 20:00","2612","2613"
"16.11.2016 20:00 - 16.11.2016 21:00","2453","2452"
"16.11.2016 21:00 - 16.11.2016 22:00","2294","2289"
"16.11.2016 22:00 - 16.11.2016 23:00","2124","2084"
"16.11.2016 23:00 - 17.11.2016 00:00","1941","1945"
"17.11.2016 00:00 - 17.11.2016 01:00","1837","1821"
"17.11.2016 01:00 - 17.11.2016 02:00","1780","1758"
"17.11.2016 02:00 - 17.11.2016 03:00","1746","1725"
"17.11.2016 03:00 - 17.11.2016 04:00","1770","1774"
"17.11.2016 04:00 - 17.11.2016 05:00","1789","1800"
"17.11.2016 05:00 - 17.11.2016 06:00","1978","1970"
"17.11.2016 06:00 - 17.11.2016 07:00","2386","2367"
"17.11.2016 07:00 - 17.11.2016 08:00","2812","2784"
"17.11.2016 08:00 - 17.11.2016 09:00","2878","2873"
"17.11.2016 09:00 - 17.11.2016 10:00","2869","2857"
"17.11.2016 10:00 - 17.11.2016 11:00","2898","2870"
"17.11.2016 11:00 - 17.11.2016 12:00","2882","2912"
"17.11.2016 12:00 - 17.11.2016 13:00","2830","2834"
"17.11.2016 13:00 - 17.11.2016 14:00","2834","2836"
"17.11.2016 14:00 - 17.11.2016 15:00","2786","2793"
"17.11.2016 15:00 - 17.11.2016 16:00","2716","2724"
"17.11.2016 16:00 - 17.11.2016 17:00","2905","2916"
"17.11.2016 17:00 - 17.11.2016 18:00","3115","3078"
"17.11.2016 18:00 - 17.11.2016 19:00","2881","2879"
"17.11.2016 19:00 - 17.11.2016 20:00","2684","2684"
"17.11.2016 20:00 - 17.11.2016 21:00","2489","2462"
"17.11.2016 21:00 - 17.11.2016 22:00","2319","2319"
"17.11.2016 22:00 - 17.11.2016 23:00","2162","2110"
"17.11.2016 23:00 - 18.11.2016 00:00","1968","1887"
"18.11.2016 00:00 - 18.11.2016 01:00","1819","1809"
"18.11.2016 01:00 - 18.11.2016 02:00","1751","1728"
"18.11.2016 02:00 - 18.11.2016 03:00","1698","1684"
"18.11.2016 03:00 - 18.11.2016 04:00","1727","1730"
"18.11.2016 04:00 - 18.11.2016 05:00","1801","1803"
"18.11.2016 05:00 - 18.11.2016 06:00","2013","2024"
"18.11.2016 06:00 - 18.11.2016 07:00","2430","2420"
"18.11.2016 07:00 - 18.11.2016 08:00","2824","2821"
"18.11.2016 08:00 - 18.11.2016 09:00","2882","2871"
"18.11.2016 09:00 - 18.11.2016 10:00","2852","2851"
"18.11.2016 10:00 - 18.11.2016 11:00","2920","2933"
"18.11.2016 11:00 - 18.11.2016 12:00","2880","2905"
"18.11.2016 12:00 - 18.11.2016 13:00","2772","2777"
"18.11.2016 13:00 - 18.11.2016 14:00","2688","2683"
"18.11.2016 14:00 - 18.11.2016 15:00","2553","2557"
"18.11.2016 15:00 - 18.11.2016 16:00","2487","2491"
"18.11.2016 16:00 - 18.11.2016 17:00","2634","2620"
"18.11.2016 17:00 - 18.11.2016 18:00","2809","2809"
"18.11.2016 18:00 - 18.11.2016 19:00","2692","2698"
"18.11.2016 19:00 - 18.11.2016 20:00","2467","2436"
"18.11.2016 20:00 - 18.11.2016 21:00","2260","2269"
"18.11.2016 21:00 - 18.11.2016 22:00","2127","2149"
"18.11.2016 22:00 - 18.11.2016 23:00","1988","1993"
"18.11.2016 23:00 - 19.11.2016 00:00","1834","1869"
"19.11.2016 00:00 - 19.11.2016 01:00","1723","1807"
"19.11.2016 01:00 - 19.11.2016 02:00","1677","1688"
"19.11.2016 02:00 - 19.11.2016 03:00","1644","1672"
"19.11.2016 03:00 - 19.11.2016 04:00","1630","1651"
"19.11.2016 04:00 - 19.11.2016 05:00","1646","1650"
"19.11.2016 05:00 - 19.11.2016 06:00","1702","1795"
"19.11.2016 06:00 - 19.11.2016 07:00","1882","1916"
"19.11.2016 07:00 - 19.11.2016 08:00","2046","2019"
"19.11.2016 08:00 - 19.11.2016 09:00","2116","2089"
"19.11.2016 09:00 - 19.11.2016 10:00","2207","2215"
"19.11.2016 10:00 - 19.11.2016 11:00","2281","2272"
"19.11.2016 11:00 - 19.11.2016 12:00","2240","2250"
"19.11.2016 12:00 - 19.11.2016 13:00","2199","2187"
"19.11.2016 13:00 - 19.11.2016 14:00","2173","2161"
"19.11.2016 14:00 - 19.11.2016 15:00","2153","2131"
"19.11.2016 15:00 - 19.11.2016 16:00","2150","2115"
"19.11.2016 16:00 - 19.11.2016 17:00","2342","2351"
"19.11.2016 17:00 - 19.11.2016 18:00","2571","2575"
"19.11.2016 18:00 - 19.11.2016 19:00","2446","2429"
"19.11.2016 19:00 - 19.11.2016 20:00","2237","2249"
"19.11.2016 20:00 - 19.11.2016 21:00","2106","2121"
"19.11.2016 21:00 - 19.11.2016 22:00","2027","2061"
"19.11.2016 22:00 - 19.11.2016 23:00","1904","1918"
"19.11.2016 23:00 - 20.11.2016 00:00","1760","1755"
"20.11.2016 00:00 - 20.11.2016 01:00","1650","1736"
"20.11.2016 01:00 - 20.11.2016 02:00","1567","1718"
"20.11.2016 02:00 - 20.11.2016 03:00","1589","1685"
"20.11.2016 03:00 - 20.11.2016 04:00","1644","1654"
"20.11.2016 04:00 - 20.11.2016 05:00","1646","1677"
"20.11.2016 05:00 - 20.11.2016 06:00","1702","1693"
"20.11.2016 06:00 - 20.11.2016 07:00","1776","1748"
"20.11.2016 07:00 - 20.11.2016 08:00","1909","1900"
"20.11.2016 08:00 - 20.11.2016 09:00","2055","2032"
"20.11.2016 09:00 - 20.11.2016 10:00","2125","2136"
"20.11.2016 10:00 - 20.11.2016 11:00","2169","2165"
"20.11.2016 11:00 - 20.11.2016 12:00","2177","2136"
"20.11.2016 12:00 - 20.11.2016 13:00","2156","2163"
"20.11.2016 13:00 - 20.11.2016 14:00","2181","2196"
"20.11.2016 14:00 - 20.11.2016 15:00","2208","2217"
"20.11.2016 15:00 - 20.11.2016 16:00","2255","2264"
"20.11.2016 16:00 - 20.11.2016 17:00","2443","2436"
"20.11.2016 17:00 - 20.11.2016 18:00","2656","2638"
"20.11.2016 18:00 - 20.11.2016 19:00","2620","2562"
"20.11.2016 19:00 - 20.11.2016 20:00","2341","2282"
"20.11.2016 20:00 - 20.11.2016 21:00","2122","2116"
"20.11.2016 21:00 - 20.11.2016 22:00","2057","2057"
"20.11.2016 22:00 - 20.11.2016 23:00","1940","1928"
"20.11.2016 23:00 - 21.11.2016 00:00","1807","1795"
"21.11.2016 00:00 - 21.11.2016 01:00","1743","1640"
"21.11.2016 01:00 - 21.11.2016 02:00","1598","1568"
"21.11.2016 02:00 - 21.11.2016 03:00","1596","1596"
"21.11.2016 03:00 - 21.11.2016 04:00","1650","1669"
"21.11.2016 04:00 - 21.11.2016 05:00","1738","1782"
"21.11.2016 05:00 - 21.11.2016 06:00","1962","1984"
"21.11.2016 06:00 - 21.11.2016 07:00","2430","2389"
"21.11.2016 07:00 - 21.11.2016 08:00","2844","2794"
"21.11.2016 08:00 - 21.11.2016 09:00","2902","2900"
"21.11.2016 09:00 - 21.11.2016 10:00","2882","2913"
"21.11.2016 10:00 - 21.11.2016 11:00","2949","2988"
"21.11.2016 11:00 - 21.11.2016 12:00","2973","2986"
"21.11.2016 12:00 - 21.11.2016 13:00","2894","2907"
"21.11.2016 13:00 - 21.11.2016 14:00","2926","2920"
"21.11.2016 14:00 - 21.11.2016 15:00","2885","2861"
"21.11.2016 15:00 - 21.11.2016 16:00","2795","2790"
"21.11.2016 16:00 - 21.11.2016 17:00","2924","2914"
"21.11.2016 17:00 - 21.11.2016 18:00","3117","3079"
"21.11.2016 18:00 - 21.11.2016 19:00","2909","2891"
"21.11.2016 19:00 - 21.11.2016 20:00","2690","2670"
"21.11.2016 20:00 - 21.11.2016 21:00","2495","2480"
"21.11.2016 21:00 - 21.11.2016 22:00","2320","2307"
"21.11.2016 22:00 - 21.11.2016 23:00","2117","2106"
"21.11.2016 23:00 - 22.11.2016 00:00","1945","1947"
"22.11.2016 00:00 - 22.11.2016 01:00","1847","1826"
"22.11.2016 01:00 - 22.11.2016 02:00","1773","1753"
"22.11.2016 02:00 - 22.11.2016 03:00","1745","1744"
"22.11.2016 03:00 - 22.11.2016 04:00","1758","1763"
"22.11.2016 04:00 - 22.11.2016 05:00","1821","1834"
"22.11.2016 05:00 - 22.11.2016 06:00","2008","1993"
"22.11.2016 06:00 - 22.11.2016 07:00","2395","2387"
"22.11.2016 07:00 - 22.11.2016 08:00","2813","2815"
"22.11.2016 08:00 - 22.11.2016 09:00","2917","2936"
"22.11.2016 09:00 - 22.11.2016 10:00","2883","2876"
"22.11.2016 10:00 - 22.11.2016 11:00","2909","2893"
"22.11.2016 11:00 - 22.11.2016 12:00","2847","2848"
"22.11.2016 12:00 - 22.11.2016 13:00","2813","2315"
"22.11.2016 13:00 - 22.11.2016 14:00","2863","2318"
"22.11.2016 14:00 - 22.11.2016 15:00","2778","2621"
"22.11.2016 15:00 - 22.11.2016 16:00","2683","2683"
"22.11.2016 16:00 - 22.11.2016 17:00","2831","2839"
"22.11.2016 17:00 - 22.11.2016 18:00","3059","3064"
"22.11.2016 18:00 - 22.11.2016 19:00","2892","2878"
"22.11.2016 19:00 - 22.11.2016 20:00","2689","2666"
"22.11.2016 20:00 - 22.11.2016 21:00","2502","2491"
"22.11.2016 21:00 - 22.11.2016 22:00","2329","2325"
"22.11.2016 22:00 - 22.11.2016 23:00","2139","2109"
"22.11.2016 23:00 - 23.11.2016 00:00","1939","1928"
"23.11.2016 00:00 - 23.11.2016 01:00","1819","1799"
"23.11.2016 01:00 - 23.11.2016 02:00","1749","1739"
"23.11.2016 02:00 - 23.11.2016 03:00","1718","1707"
"23.11.2016 03:00 - 23.11.2016 04:00","1703","1695"
"23.11.2016 04:00 - 23.11.2016 05:00","1761","1765"
"23.11.2016 05:00 - 23.11.2016 06:00","1931","1928"
"23.11.2016 06:00 - 23.11.2016 07:00","2344","2337"
"23.11.2016 07:00 - 23.11.2016 08:00","2764","2766"
"23.11.2016 08:00 - 23.11.2016 09:00","2861","2857"
"23.11.2016 09:00 - 23.11.2016 10:00","2818","2835"
"23.11.2016 10:00 - 23.11.2016 11:00","2853","2825"
"23.11.2016 11:00 - 23.11.2016 12:00","2822","2808"
"23.11.2016 12:00 - 23.11.2016 13:00","2741","2721"
"23.11.2016 13:00 - 23.11.2016 14:00","2755","2784"
"23.11.2016 14:00 - 23.11.2016 15:00","2753","2750"
"23.11.2016 15:00 - 23.11.2016 16:00","2686","2685"
"23.11.2016 16:00 - 23.11.2016 17:00","2802","2808"
"23.11.2016 17:00 - 23.11.2016 18:00","2989","3003"
"23.11.2016 18:00 - 23.11.2016 19:00","2844","2843"
"23.11.2016 19:00 - 23.11.2016 20:00","2637","2623"
"23.11.2016 20:00 - 23.11.2016 21:00","2434","2416"
"23.11.2016 21:00 - 23.11.2016 22:00","2243","2222"
"23.11.2016 22:00 - 23.11.2016 23:00","2046","2011"
"23.11.2016 23:00 - 24.11.2016 00:00","1871","1819"
"24.11.2016 00:00 - 24.11.2016 01:00","1748","1766"
"24.11.2016 01:00 - 24.11.2016 02:00","1726","1729"
"24.11.2016 02:00 - 24.11.2016 03:00","1722","1733"
"24.11.2016 03:00 - 24.11.2016 04:00","1753","1744"
"24.11.2016 04:00 - 24.11.2016 05:00","1790","1802"
"24.11.2016 05:00 - 24.11.2016 06:00","2007","1999"
"24.11.2016 06:00 - 24.11.2016 07:00","2432","2425"
"24.11.2016 07:00 - 24.11.2016 08:00","2884","2896"
"24.11.2016 08:00 - 24.11.2016 09:00","2983","2979"
"24.11.2016 09:00 - 24.11.2016 10:00","2902","2870"
"24.11.2016 10:00 - 24.11.2016 11:00","2897","2850"
"24.11.2016 11:00 - 24.11.2016 12:00","2825","2798"
"24.11.2016 12:00 - 24.11.2016 13:00","2764","2695"
"24.11.2016 13:00 - 24.11.2016 14:00","2747","2702"
"24.11.2016 14:00 - 24.11.2016 15:00","2703","2663"
"24.11.2016 15:00 - 24.11.2016 16:00","2629","2619"
"24.11.2016 16:00 - 24.11.2016 17:00","2790","2790"
"24.11.2016 17:00 - 24.11.2016 18:00","2988","2992"
"24.11.2016 18:00 - 24.11.2016 19:00","2825","2828"
"24.11.2016 19:00 - 24.11.2016 20:00","2643","2647"
"24.11.2016 20:00 - 24.11.2016 21:00","2478","2481"
"24.11.2016 21:00 - 24.11.2016 22:00","2310","2310"
"24.11.2016 22:00 - 24.11.2016 23:00","2120","2118"
"24.11.2016 23:00 - 25.11.2016 00:00","1932","1951"
"25.11.2016 00:00 - 25.11.2016 01:00","1840","1819"
"25.11.2016 01:00 - 25.11.2016 02:00","1753","1736"
"25.11.2016 02:00 - 25.11.2016 03:00","1728","1719"
"25.11.2016 03:00 - 25.11.2016 04:00","1734","1723"
"25.11.2016 04:00 - 25.11.2016 05:00","1794","1789"
"25.11.2016 05:00 - 25.11.2016 06:00","1965","1956"
"25.11.2016 06:00 - 25.11.2016 07:00","2372","2374"
"25.11.2016 07:00 - 25.11.2016 08:00","2809","2814"
"25.11.2016 08:00 - 25.11.2016 09:00","2894","2913"
"25.11.2016 09:00 - 25.11.2016 10:00","2883","2883"
"25.11.2016 10:00 - 25.11.2016 11:00","2896","2834"
"25.11.2016 11:00 - 25.11.2016 12:00","2803","2737"
"25.11.2016 12:00 - 25.11.2016 13:00","2597","2572"
"25.11.2016 13:00 - 25.11.2016 14:00","2492","2474"
"25.11.2016 14:00 - 25.11.2016 15:00","2388","2347"
"25.11.2016 15:00 - 25.11.2016 16:00","2323","2275"
"25.11.2016 16:00 - 25.11.2016 17:00","2456","2465"
"25.11.2016 17:00 - 25.11.2016 18:00","2621","2618"
"25.11.2016 18:00 - 25.11.2016 19:00","2520","2471"
"25.11.2016 19:00 - 25.11.2016 20:00","2294","2312"
"25.11.2016 20:00 - 25.11.2016 21:00","2146","2131"
"25.11.2016 21:00 - 25.11.2016 22:00","2014","2005"
"25.11.2016 22:00 - 25.11.2016 23:00","1860","1859"
"25.11.2016 23:00 - 26.11.2016 00:00","1740","1710"
"26.11.2016 00:00 - 26.11.2016 01:00","1602","1609"
"26.11.2016 01:00 - 26.11.2016 02:00","1546","1532"
"26.11.2016 02:00 - 26.11.2016 03:00","1505","1508"
"26.11.2016 03:00 - 26.11.2016 04:00","1518","1480"
"26.11.2016 04:00 - 26.11.2016 05:00","1518","1504"
"26.11.2016 05:00 - 26.11.2016 06:00","1558","1536"
"26.11.2016 06:00 - 26.11.2016 07:00","1677","1663"
"26.11.2016 07:00 - 26.11.2016 08:00","1846","1828"
"26.11.2016 08:00 - 26.11.2016 09:00","2013","2007"
"26.11.2016 09:00 - 26.11.2016 10:00","2101","2075"
"26.11.2016 10:00 - 26.11.2016 11:00","2114","2107"
"26.11.2016 11:00 - 26.11.2016 12:00","2081","2061"
"26.11.2016 12:00 - 26.11.2016 13:00","2009","2012"
"26.11.2016 13:00 - 26.11.2016 14:00","1957","1957"
"26.11.2016 14:00 - 26.11.2016 15:00","1937","1920"
"26.11.2016 15:00 - 26.11.2016 16:00","1955","1944"
"26.11.2016 16:00 - 26.11.2016 17:00","2157","2166"
"26.11.2016 17:00 - 26.11.2016 18:00","2366","2375"
"26.11.2016 18:00 - 26.11.2016 19:00","2233","2244"
"26.11.2016 19:00 - 26.11.2016 20:00","2053","2100"
"26.11.2016 20:00 - 26.11.2016 21:00","1946","1941"
"26.11.2016 21:00 - 26.11.2016 22:00","1828","1830"
"26.11.2016 22:00 - 26.11.2016 23:00","1713","1723"
"26.11.2016 23:00 - 27.11.2016 00:00","1613","1606"
"27.11.2016 00:00 - 27.11.2016 01:00","1522","1524"
"27.11.2016 01:00 - 27.11.2016 02:00","1469","1477"
"27.11.2016 02:00 - 27.11.2016 03:00","1473","1492"
"27.11.2016 03:00 - 27.11.2016 04:00","1489","1515"
"27.11.2016 04:00 - 27.11.2016 05:00","1536","1535"
"27.11.2016 05:00 - 27.11.2016 06:00","1602","1605"
"27.11.2016 06:00 - 27.11.2016 07:00","1720","1722"
"27.11.2016 07:00 - 27.11.2016 08:00","1854","1893"
"27.11.2016 08:00 - 27.11.2016 09:00","2018","2002"
"27.11.2016 09:00 - 27.11.2016 10:00","2066","2019"
"27.11.2016 10:00 - 27.11.2016 11:00","2055","2014"
"27.11.2016 11:00 - 27.11.2016 12:00","2010","2001"
"27.11.2016 12:00 - 27.11.2016 13:00","1978","1949"
"27.11.2016 13:00 - 27.11.2016 14:00","1965","1969"
"27.11.2016 14:00 - 27.11.2016 15:00","1985","1980"
"27.11.2016 15:00 - 27.11.2016 16:00","2010","1996"
"27.11.2016 16:00 - 27.11.2016 17:00","2208","2204"
"27.11.2016 17:00 - 27.11.2016 18:00","2451","2455"
"27.11.2016 18:00 - 27.11.2016 19:00","2381","2349"
"27.11.2016 19:00 - 27.11.2016 20:00","2209","2209"
"27.11.2016 20:00 - 27.11.2016 21:00","2048","2049"
"27.11.2016 21:00 - 27.11.2016 22:00","1953","1970"
"27.11.2016 22:00 - 27.11.2016 23:00","1840","1841"
"27.11.2016 23:00 - 28.11.2016 00:00","1741","1763"
"28.11.2016 00:00 - 28.11.2016 01:00","1734","1707"
"28.11.2016 01:00 - 28.11.2016 02:00","1656","1661"
"28.11.2016 02:00 - 28.11.2016 03:00","1668","1665"
"28.11.2016 03:00 - 28.11.2016 04:00","1689","1691"
"28.11.2016 04:00 - 28.11.2016 05:00","1756","1756"
"28.11.2016 05:00 - 28.11.2016 06:00","1947","1938"
"28.11.2016 06:00 - 28.11.2016 07:00","2398","2381"
"28.11.2016 07:00 - 28.11.2016 08:00","2873","2859"
"28.11.2016 08:00 - 28.11.2016 09:00","3046","3064"
"28.11.2016 09:00 - 28.11.2016 10:00","3027","3017"
"28.11.2016 10:00 - 28.11.2016 11:00","2969","2948"
"28.11.2016 11:00 - 28.11.2016 12:00","2912","2889"
"28.11.2016 12:00 - 28.11.2016 13:00","2828","2817"
"28.11.2016 13:00 - 28.11.2016 14:00","2837","2846"
"28.11.2016 14:00 - 28.11.2016 15:00","2821","2803"
"28.11.2016 15:00 - 28.11.2016 16:00","2763","2730"
"28.11.2016 16:00 - 28.11.2016 17:00","2918","2901"
"28.11.2016 17:00 - 28.11.2016 18:00","3119","3136"
"28.11.2016 18:00 - 28.11.2016 19:00","2987","2962"
"28.11.2016 19:00 - 28.11.2016 20:00","2779","2739"
"28.11.2016 20:00 - 28.11.2016 21:00","2546","2511"
"28.11.2016 21:00 - 28.11.2016 22:00","2362","2330"
"28.11.2016 22:00 - 28.11.2016 23:00","2153","2119"
"28.11.2016 23:00 - 29.11.2016 00:00","1935","1896"
"29.11.2016 00:00 - 29.11.2016 01:00","1783","1797"
"29.11.2016 01:00 - 29.11.2016 02:00","1746","1740"
"29.11.2016 02:00 - 29.11.2016 03:00","1747","1717"
"29.11.2016 03:00 - 29.11.2016 04:00","1741","1724"
"29.11.2016 04:00 - 29.11.2016 05:00","1794","1881"
"29.11.2016 05:00 - 29.11.2016 06:00","2033","2035"
"29.11.2016 06:00 - 29.11.2016 07:00","2446","2429"
"29.11.2016 07:00 - 29.11.2016 08:00","2902","2897"
"29.11.2016 08:00 - 29.11.2016 09:00","3002","3000"
"29.11.2016 09:00 - 29.11.2016 10:00","2938","2882"
"29.11.2016 10:00 - 29.11.2016 11:00","2902","2886"
"29.11.2016 11:00 - 29.11.2016 12:00","2842","2811"
"29.11.2016 12:00 - 29.11.2016 13:00","2715","2722"
"29.11.2016 13:00 - 29.11.2016 14:00","2765","2764"
"29.11.2016 14:00 - 29.11.2016 15:00","2730","2711"
"29.11.2016 15:00 - 29.11.2016 16:00","2637","2644"
"29.11.2016 16:00 - 29.11.2016 17:00","2824","2875"
"29.11.2016 17:00 - 29.11.2016 18:00","3043","3033"
"29.11.2016 18:00 - 29.11.2016 19:00","2869","2846"
"29.11.2016 19:00 - 29.11.2016 20:00","2657","2633"
"29.11.2016 20:00 - 29.11.2016 21:00","2458","2464"
"29.11.2016 21:00 - 29.11.2016 22:00","2274","2265"
"29.11.2016 22:00 - 29.11.2016 23:00","2056","2082"
"29.11.2016 23:00 - 30.11.2016 00:00","1907","2071"
"30.11.2016 00:00 - 30.11.2016 01:00","1915","1837"
"30.11.2016 01:00 - 30.11.2016 02:00","1742","1752"
"30.11.2016 02:00 - 30.11.2016 03:00","1734","1727"
"30.11.2016 03:00 - 30.11.2016 04:00","1742","1720"
"30.11.2016 04:00 - 30.11.2016 05:00","1798","1780"
"30.11.2016 05:00 - 30.11.2016 06:00","1939","1905"
"30.11.2016 06:00 - 30.11.2016 07:00","2368","2286"
"30.11.2016 07:00 - 30.11.2016 08:00","2741","2715"
"30.11.2016 08:00 - 30.11.2016 09:00","2843","2837"
"30.11.2016 09:00 - 30.11.2016 10:00","2775","2776"
"30.11.2016 10:00 - 30.11.2016 11:00","2876","2895"
"30.11.2016 11:00 - 30.11.2016 12:00","2913","2922"
"30.11.2016 12:00 - 30.11.2016 13:00","2829","2825"
"30.11.2016 13:00 - 30.11.2016 14:00","2829","2816"
"30.11.2016 14:00 - 30.11.2016 15:00","2765","2754"
"30.11.2016 15:00 - 30.11.2016 16:00","2718","2747"
"30.11.2016 16:00 - 30.11.2016 17:00","2869","2897"
"30.11.2016 17:00 - 30.11.2016 18:00","3037","2995"
"30.11.2016 18:00 - 30.11.2016 19:00","2836","2822"
"30.11.2016 19:00 - 30.11.2016 20:00","2617","2590"
"30.11.2016 20:00 - 30.11.2016 21:00","2420","2426"
"30.11.2016 21:00 - 30.11.2016 22:00","2238","2261"
"30.11.2016 22:00 - 30.11.2016 23:00","2045","2074"
"30.11.2016 23:00 - 01.12.2016 00:00","1896","1924"
"01.12.2016 00:00 - 01.12.2016 01:00","1790","1792"
"01.12.2016 01:00 - 01.12.2016 02:00","1732","1755"
"01.12.2016 02:00 - 01.12.2016 03:00","1720","1732"
"01.12.2016 03:00 - 01.12.2016 04:00","1736","1731"
"01.12.2016 04:00 - 01.12.2016 05:00","1794","1797"
"01.12.2016 05:00 - 01.12.2016 06:00","1962","1969"
"01.12.2016 06:00 - 01.12.2016 07:00","2311","2291"
"01.12.2016 07:00 - 01.12.2016 08:00","2796","2785"
"01.12.2016 08:00 - 01.12.2016 09:00","2885","2892"
"01.12.2016 09:00 - 01.12.2016 10:00","2866","2842"
"01.12.2016 10:00 - 01.12.2016 11:00","2888","2885"
"01.12.2016 11:00 - 01.12.2016 12:00","2861","2852"
"01.12.2016 12:00 - 01.12.2016 13:00","2785","2749"
"01.12.2016 13:00 - 01.12.2016 14:00","2784","2770"
"01.12.2016 14:00 - 01.12.2016 15:00","2696","2656"
"01.12.2016 15:00 - 01.12.2016 16:00","2631","2616"
"01.12.2016 16:00 - 01.12.2016 17:00","2751","2762"
"01.12.2016 17:00 - 01.12.2016 18:00","2917","2915"
"01.12.2016 18:00 - 01.12.2016 19:00","2761","2744"
"01.12.2016 19:00 - 01.12.2016 20:00","2605","2605"
"01.12.2016 20:00 - 01.12.2016 21:00","2413","2402"
"01.12.2016 21:00 - 01.12.2016 22:00","2279","2276"
"01.12.2016 22:00 - 01.12.2016 23:00","2102","2070"
"01.12.2016 23:00 - 02.12.2016 00:00","1951","1847"
"02.12.2016 00:00 - 02.12.2016 01:00","1788","1835"
"02.12.2016 01:00 - 02.12.2016 02:00","1771","1746"
"02.12.2016 02:00 - 02.12.2016 03:00","1756","1759"
"02.12.2016 03:00 - 02.12.2016 04:00","1812","1815"
"02.12.2016 04:00 - 02.12.2016 05:00","1885","1862"
"02.12.2016 05:00 - 02.12.2016 06:00","2034","2010"
"02.12.2016 06:00 - 02.12.2016 07:00","2385","2364"
"02.12.2016 07:00 - 02.12.2016 08:00","2800","2801"
"02.12.2016 08:00 - 02.12.2016 09:00","2930","2884"
"02.12.2016 09:00 - 02.12.2016 10:00","2866","2815"
"02.12.2016 10:00 - 02.12.2016 11:00","2828","2802"
"02.12.2016 11:00 - 02.12.2016 12:00","2784","2765"
"02.12.2016 12:00 - 02.12.2016 13:00","2687","2636"
"02.12.2016 13:00 - 02.12.2016 14:00","2599","2557"
"02.12.2016 14:00 - 02.12.2016 15:00","2491","2464"
"02.12.2016 15:00 - 02.12.2016 16:00","2440","2444"
"02.12.2016 16:00 - 02.12.2016 17:00","2618","2657"
"02.12.2016 17:00 - 02.12.2016 18:00","2822","2836"
"02.12.2016 18:00 - 02.12.2016 19:00","2720","2718"
"02.12.2016 19:00 - 02.12.2016 20:00","2522","2508"
"02.12.2016 20:00 - 02.12.2016 21:00","2352","2332"
"02.12.2016 21:00 - 02.12.2016 22:00","2209","2195"
"02.12.2016 22:00 - 02.12.2016 23:00","2062","2064"
"02.12.2016 23:00 - 03.12.2016 00:00","1909","1938"
"03.12.2016 00:00 - 03.12.2016 01:00","1814","1812"
"03.12.2016 01:00 - 03.12.2016 02:00","1733","1757"
"03.12.2016 02:00 - 03.12.2016 03:00","1707","1721"
"03.12.2016 03:00 - 03.12.2016 04:00","1689","1697"
"03.12.2016 04:00 - 03.12.2016 05:00","1701","1708"
"03.12.2016 05:00 - 03.12.2016 06:00","1746","1758"
"03.12.2016 06:00 - 03.12.2016 07:00","1886","1898"
"03.12.2016 07:00 - 03.12.2016 08:00","2082","2065"
"03.12.2016 08:00 - 03.12.2016 09:00","2235","2205"
"03.12.2016 09:00 - 03.12.2016 10:00","2296","2254"
"03.12.2016 10:00 - 03.12.2016 11:00","2300","2281"
"03.12.2016 11:00 - 03.12.2016 12:00","2255","2230"
"03.12.2016 12:00 - 03.12.2016 13:00","2167","2156"
"03.12.2016 13:00 - 03.12.2016 14:00","2133","2131"
"03.12.2016 14:00 - 03.12.2016 15:00","2128","2109"
"03.12.2016 15:00 - 03.12.2016 16:00","2176","2134"
"03.12.2016 16:00 - 03.12.2016 17:00","2338","2326"
"03.12.2016 17:00 - 03.12.2016 18:00","2508","2516"
"03.12.2016 18:00 - 03.12.2016 19:00","2422","2436"
"03.12.2016 19:00 - 03.12.2016 20:00","2259","2240"
"03.12.2016 20:00 - 03.12.2016 21:00","2132","2101"
"03.12.2016 21:00 - 03.12.2016 22:00","1977","1973"
"03.12.2016 22:00 - 03.12.2016 23:00","1840","1854"
"03.12.2016 23:00 - 04.12.2016 00:00","1731","1716"
"04.12.2016 00:00 - 04.12.2016 01:00","1625","1605"
"04.12.2016 01:00 - 04.12.2016 02:00","1527","1525"
"04.12.2016 02:00 - 04.12.2016 03:00","1494","1492"
"04.12.2016 03:00 - 04.12.2016 04:00","1500","1482"
"04.12.2016 04:00 - 04.12.2016 05:00","1515","1484"
"04.12.2016 05:00 - 04.12.2016 06:00","1542","1521"
"04.12.2016 06:00 - 04.12.2016 07:00","1622","1643"
"04.12.2016 07:00 - 04.12.2016 08:00","1857","1836"
"04.12.2016 08:00 - 04.12.2016 09:00","2034","1992"
"04.12.2016 09:00 - 04.12.2016 10:00","2098","2091"
"04.12.2016 10:00 - 04.12.2016 11:00","2167","2150"
"04.12.2016 11:00 - 04.12.2016 12:00","2164","2137"
"04.12.2016 12:00 - 04.12.2016 13:00","2098","2090"
"04.12.2016 13:00 - 04.12.2016 14:00","2063","2043"
"04.12.2016 14:00 - 04.12.2016 15:00","2045","2045"
"04.12.2016 15:00 - 04.12.2016 16:00","2088","2079"
"04.12.2016 16:00 - 04.12.2016 17:00","2298","2313"
"04.12.2016 17:00 - 04.12.2016 18:00","2542","2570"
"04.12.2016 18:00 - 04.12.2016 19:00","2505","2511"
"04.12.2016 19:00 - 04.12.2016 20:00","2362","2347"
"04.12.2016 20:00 - 04.12.2016 21:00","2197","2152"
"04.12.2016 21:00 - 04.12.2016 22:00","2012","2008"
"04.12.2016 22:00 - 04.12.2016 23:00","1864","1874"
"04.12.2016 23:00 - 05.12.2016 00:00","1726","1725"
"05.12.2016 00:00 - 05.12.2016 01:00","1657","1626"
"05.12.2016 01:00 - 05.12.2016 02:00","1599","1580"
"05.12.2016 02:00 - 05.12.2016 03:00","1579","1562"
"05.12.2016 03:00 - 05.12.2016 04:00","1607","1589"
"05.12.2016 04:00 - 05.12.2016 05:00","1628","1590"
"05.12.2016 05:00 - 05.12.2016 06:00","1787","1750"
"05.12.2016 06:00 - 05.12.2016 07:00","2254","2233"
"05.12.2016 07:00 - 05.12.2016 08:00","2709","2662"
"05.12.2016 08:00 - 05.12.2016 09:00","2799","2796"
"05.12.2016 09:00 - 05.12.2016 10:00","2756","2752"
"05.12.2016 10:00 - 05.12.2016 11:00","2807","2780"
"05.12.2016 11:00 - 05.12.2016 12:00","2746","2730"
"05.12.2016 12:00 - 05.12.2016 13:00","2644","2645"
"05.12.2016 13:00 - 05.12.2016 14:00","2682","2719"
"05.12.2016 14:00 - 05.12.2016 15:00","2708","2712"
"05.12.2016 15:00 - 05.12.2016 16:00","2659","2672"
"05.12.2016 16:00 - 05.12.2016 17:00","2805","2799"
"05.12.2016 17:00 - 05.12.2016 18:00","2991","2963"
"05.12.2016 18:00 - 05.12.2016 19:00","2792","2787"
"05.12.2016 19:00 - 05.12.2016 20:00","2603","2608"
"05.12.2016 20:00 - 05.12.2016 21:00","2424","2416"
"05.12.2016 21:00 - 05.12.2016 22:00","2254","2245"
"05.12.2016 22:00 - 05.12.2016 23:00","2047","2050"
"05.12.2016 23:00 - 06.12.2016 00:00","1843","1877"
"06.12.2016 00:00 - 06.12.2016 01:00","1779","1803"
"06.12.2016 01:00 - 06.12.2016 02:00","1760","1788"
"06.12.2016 02:00 - 06.12.2016 03:00","1777","1774"
"06.12.2016 03:00 - 06.12.2016 04:00","1788","1787"
"06.12.2016 04:00 - 06.12.2016 05:00","1841","1841"
"06.12.2016 05:00 - 06.12.2016 06:00","2022","1999"
"06.12.2016 06:00 - 06.12.2016 07:00","2442","2399"
"06.12.2016 07:00 - 06.12.2016 08:00","2862","2834"
"06.12.2016 08:00 - 06.12.2016 09:00","2961","2933"
"06.12.2016 09:00 - 06.12.2016 10:00","2892","2899"
"06.12.2016 10:00 - 06.12.2016 11:00","2938","2936"
"06.12.2016 11:00 - 06.12.2016 12:00","2929","2933"
"06.12.2016 12:00 - 06.12.2016 13:00","2865","2854"
"06.12.2016 13:00 - 06.12.2016 14:00","2887","2854"
"06.12.2016 14:00 - 06.12.2016 15:00","2816","2803"
"06.12.2016 15:00 - 06.12.2016 16:00","2756","2776"
"06.12.2016 16:00 - 06.12.2016 17:00","2914","2911"
"06.12.2016 17:00 - 06.12.2016 18:00","3056","3056"
"06.12.2016 18:00 - 06.12.2016 19:00","2879","2867"
"06.12.2016 19:00 - 06.12.2016 20:00","2697","2694"
"06.12.2016 20:00 - 06.12.2016 21:00","2532","2513"
"06.12.2016 21:00 - 06.12.2016 22:00","2347","2319"
"06.12.2016 22:00 - 06.12.2016 23:00","2133","2138"
"06.12.2016 23:00 - 07.12.2016 00:00","1948","1979"
"07.12.2016 00:00 - 07.12.2016 01:00","1866","1841"
"07.12.2016 01:00 - 07.12.2016 02:00","1805","1769"
"07.12.2016 02:00 - 07.12.2016 03:00","1742","1729"
"07.12.2016 03:00 - 07.12.2016 04:00","1748","1742"
"07.12.2016 04:00 - 07.12.2016 05:00","1828","1793"
"07.12.2016 05:00 - 07.12.2016 06:00","1958","1933"
"07.12.2016 06:00 - 07.12.2016 07:00","2337","2334"
"07.12.2016 07:00 - 07.12.2016 08:00","2803","2781"
"07.12.2016 08:00 - 07.12.2016 09:00","2931","2909"
"07.12.2016 09:00 - 07.12.2016 10:00","2846","2859"
"07.12.2016 10:00 - 07.12.2016 11:00","2872","2880"
"07.12.2016 11:00 - 07.12.2016 12:00","2850","2837"
"07.12.2016 12:00 - 07.12.2016 13:00","2790","2765"
"07.12.2016 13:00 - 07.12.2016 14:00","2834","2782"
"07.12.2016 14:00 - 07.12.2016 15:00","2773","2731"
"07.12.2016 15:00 - 07.12.2016 16:00","2686","2727"
"07.12.2016 16:00 - 07.12.2016 17:00","2864","2841"
"07.12.2016 17:00 - 07.12.2016 18:00","3023","3027"
"07.12.2016 18:00 - 07.12.2016 19:00","2850","2859"
"07.12.2016 19:00 - 07.12.2016 20:00","2663","2645"
"07.12.2016 20:00 - 07.12.2016 21:00","2456","2434"
"07.12.2016 21:00 - 07.12.2016 22:00","2310","2329"
"07.12.2016 22:00 - 07.12.2016 23:00","2120","2005"
"07.12.2016 23:00 - 08.12.2016 00:00","1963","1851"
"08.12.2016 00:00 - 08.12.2016 01:00","1739","1771"
"08.12.2016 01:00 - 08.12.2016 02:00","1713","1717"
"08.12.2016 02:00 - 08.12.2016 03:00","1696","1681"
"08.12.2016 03:00 - 08.12.2016 04:00","1673","1675"
"08.12.2016 04:00 - 08.12.2016 05:00","1734","1726"
"08.12.2016 05:00 - 08.12.2016 06:00","1890","1844"
"08.12.2016 06:00 - 08.12.2016 07:00","2221","2176"
"08.12.2016 07:00 - 08.12.2016 08:00","2678","2675"
"08.12.2016 08:00 - 08.12.2016 09:00","2857","2862"
"08.12.2016 09:00 - 08.12.2016 10:00","2806","2820"
"08.12.2016 10:00 - 08.12.2016 11:00","2779","2774"
"08.12.2016 11:00 - 08.12.2016 12:00","2628","2634"
"08.12.2016 12:00 - 08.12.2016 13:00","2588","2599"
"08.12.2016 13:00 - 08.12.2016 14:00","2692","2704"
"08.12.2016 14:00 - 08.12.2016 15:00","2683","2706"
"08.12.2016 15:00 - 08.12.2016 16:00","2715","2731"
"08.12.2016 16:00 - 08.12.2016 17:00","2926","2896"
"08.12.2016 17:00 - 08.12.2016 18:00","3006","2984"
"08.12.2016 18:00 - 08.12.2016 19:00","2804","2849"
"08.12.2016 19:00 - 08.12.2016 20:00","2665","2657"
"08.12.2016 20:00 - 08.12.2016 21:00","2462","2467"
"08.12.2016 21:00 - 08.12.2016 22:00","2284","2279"
"08.12.2016 22:00 - 08.12.2016 23:00","2083","2079"
"08.12.2016 23:00 - 09.12.2016 00:00","1916","1917"
"09.12.2016 00:00 - 09.12.2016 01:00","1817","1788"
"09.12.2016 01:00 - 09.12.2016 02:00","1740","1749"
"09.12.2016 02:00 - 09.12.2016 03:00","1727","1735"
"09.12.2016 03:00 - 09.12.2016 04:00","1734","1730"
"09.12.2016 04:00 - 09.12.2016 05:00","1732","1707"
"09.12.2016 05:00 - 09.12.2016 06:00","1849","1828"
"09.12.2016 06:00 - 09.12.2016 07:00","2231","2252"
"09.12.2016 07:00 - 09.12.2016 08:00","2676","2657"
"09.12.2016 08:00 - 09.12.2016 09:00","2780","2781"
"09.12.2016 09:00 - 09.12.2016 10:00","2756","2740"
"09.12.2016 10:00 - 09.12.2016 11:00","2763","2744"
"09.12.2016 11:00 - 09.12.2016 12:00","2694","2673"
"09.12.2016 12:00 - 09.12.2016 13:00","2569","2598"
"09.12.2016 13:00 - 09.12.2016 14:00","2548","2538"
"09.12.2016 14:00 - 09.12.2016 15:00","2470","2466"
"09.12.2016 15:00 - 09.12.2016 16:00","2477","2486"
"09.12.2016 16:00 - 09.12.2016 17:00","2623","2623"
"09.12.2016 17:00 - 09.12.2016 18:00","2695","2709"
"09.12.2016 18:00 - 09.12.2016 19:00","2568","2575"
"09.12.2016 19:00 - 09.12.2016 20:00","2431","2466"
"09.12.2016 20:00 - 09.12.2016 21:00","2320","2312"
"09.12.2016 21:00 - 09.12.2016 22:00","2149","2145"
"09.12.2016 22:00 - 09.12.2016 23:00","1979","1933"
"09.12.2016 23:00 - 10.12.2016 00:00","1794","1787"
"10.12.2016 00:00 - 10.12.2016 01:00","1658","1635"
"10.12.2016 01:00 - 10.12.2016 02:00","1551","1534"
"10.12.2016 02:00 - 10.12.2016 03:00","1485","1481"
"10.12.2016 03:00 - 10.12.2016 04:00","1461","1465"
"10.12.2016 04:00 - 10.12.2016 05:00","1492","1497"
"10.12.2016 05:00 - 10.12.2016 06:00","1563","1577"
"10.12.2016 06:00 - 10.12.2016 07:00","1711","1688"
"10.12.2016 07:00 - 10.12.2016 08:00","1876","1863"
"10.12.2016 08:00 - 10.12.2016 09:00","2028","2036"
"10.12.2016 09:00 - 10.12.2016 10:00","2104","2110"
"10.12.2016 10:00 - 10.12.2016 11:00","2133","2144"
"10.12.2016 11:00 - 10.12.2016 12:00","2111","2131"
"10.12.2016 12:00 - 10.12.2016 13:00","2074","2066"
"10.12.2016 13:00 - 10.12.2016 14:00","2041","2025"
"10.12.2016 14:00 - 10.12.2016 15:00","2036","2035"
"10.12.2016 15:00 - 10.12.2016 16:00","2090","2102"
"10.12.2016 16:00 - 10.12.2016 17:00","2314","2322"
"10.12.2016 17:00 - 10.12.2016 18:00","2486","2483"
"10.12.2016 18:00 - 10.12.2016 19:00","2388","2394"
"10.12.2016 19:00 - 10.12.2016 20:00","2213","2222"
"10.12.2016 20:00 - 10.12.2016 21:00","2078","2086"
"10.12.2016 21:00 - 10.12.2016 22:00","1985","1977"
"10.12.2016 22:00 - 10.12.2016 23:00","1842","1854"
"10.12.2016 23:00 - 11.12.2016 00:00","1735","1730"
"11.12.2016 00:00 - 11.12.2016 01:00","1600","1611"
"11.12.2016 01:00 - 11.12.2016 02:00","1531","1553"
"11.12.2016 02:00 - 11.12.2016 03:00","1501","1488"
"11.12.2016 03:00 - 11.12.2016 04:00","1471","1488"
"11.12.2016 04:00 - 11.12.2016 05:00","1497","1511"
"11.12.2016 05:00 - 11.12.2016 06:00","1556","1558"
"11.12.2016 06:00 - 11.12.2016 07:00","1671","1679"
"11.12.2016 07:00 - 11.12.2016 08:00","1839","1832"
"11.12.2016 08:00 - 11.12.2016 09:00","2005","1995"
"11.12.2016 09:00 - 11.12.2016 10:00","2104","2086"
"11.12.2016 10:00 - 11.12.2016 11:00","2138","2096"
"11.12.2016 11:00 - 11.12.2016 12:00","2124","2089"
"11.12.2016 12:00 - 11.12.2016 13:00","2072","2098"
"11.12.2016 13:00 - 11.12.2016 14:00","2084","2084"
"11.12.2016 14:00 - 11.12.2016 15:00","2097","2231"
"11.12.2016 15:00 - 11.12.2016 16:00","2151","2404"
"11.12.2016 16:00 - 11.12.2016 17:00","2344","2355"
"11.12.2016 17:00 - 11.12.2016 18:00","2554","2551"
"11.12.2016 18:00 - 11.12.2016 19:00","2479","2456"
"11.12.2016 19:00 - 11.12.2016 20:00","2299","2287"
"11.12.2016 20:00 - 11.12.2016 21:00","2151","2143"
"11.12.2016 21:00 - 11.12.2016 22:00","2052","2069"
"11.12.2016 22:00 - 11.12.2016 23:00","1950","1922"
"11.12.2016 23:00 - 12.12.2016 00:00","1820","1755"
"12.12.2016 00:00 - 12.12.2016 01:00","1671","1642"
"12.12.2016 01:00 - 12.12.2016 02:00","1612","1612"
"12.12.2016 02:00 - 12.12.2016 03:00","1598","1591"
"12.12.2016 03:00 - 12.12.2016 04:00","1622","1625"
"12.12.2016 04:00 - 12.12.2016 05:00","1702","1718"
"12.12.2016 05:00 - 12.12.2016 06:00","1903","1920"
"12.12.2016 06:00 - 12.12.2016 07:00","2372","2371"
"12.12.2016 07:00 - 12.12.2016 08:00","2837","2847"
"12.12.2016 08:00 - 12.12.2016 09:00","2995","2993"
"12.12.2016 09:00 - 12.12.2016 10:00","2958","2999"
"12.12.2016 10:00 - 12.12.2016 11:00","2993","2982"
"12.12.2016 11:00 - 12.12.2016 12:00","3046","3073"
"12.12.2016 12:00 - 12.12.2016 13:00","2927","2925"
"12.12.2016 13:00 - 12.12.2016 14:00","2932","2946"
"12.12.2016 14:00 - 12.12.2016 15:00","2897","2907"
"12.12.2016 15:00 - 12.12.2016 16:00","2875","2853"
"12.12.2016 16:00 - 12.12.2016 17:00","2982","2976"
"12.12.2016 17:00 - 12.12.2016 18:00","3142","3127"
"12.12.2016 18:00 - 12.12.2016 19:00","2957","2947"
"12.12.2016 19:00 - 12.12.2016 20:00","2766","2776"
"12.12.2016 20:00 - 12.12.2016 21:00","2574","2601"
"12.12.2016 21:00 - 12.12.2016 22:00","2401","2425"
"12.12.2016 22:00 - 12.12.2016 23:00","2201","2214"
"12.12.2016 23:00 - 13.12.2016 00:00","1999","2015"
"13.12.2016 00:00 - 13.12.2016 01:00","1881","1884"
"13.12.2016 01:00 - 13.12.2016 02:00","1811","1816"
"13.12.2016 02:00 - 13.12.2016 03:00","1800","1799"
"13.12.2016 03:00 - 13.12.2016 04:00","1813","1796"
"13.12.2016 04:00 - 13.12.2016 05:00","1863","1849"
"13.12.2016 05:00 - 13.12.2016 06:00","2010","2008"
"13.12.2016 06:00 - 13.12.2016 07:00","2440","2439"
"13.12.2016 07:00 - 13.12.2016 08:00","2878","2889"
"13.12.2016 08:00 - 13.12.2016 09:00","3023","3016"
"13.12.2016 09:00 - 13.12.2016 10:00","2976","2973"
"13.12.2016 10:00 - 13.12.2016 11:00","3004","3004"
"13.12.2016 11:00 - 13.12.2016 12:00","2987","2972"
"13.12.2016 12:00 - 13.12.2016 13:00","2908","2894"
"13.12.2016 13:00 - 13.12.2016 14:00","2916","2921"
"13.12.2016 14:00 - 13.12.2016 15:00","2883","2891"
"13.12.2016 15:00 - 13.12.2016 16:00","2817","2830"
"13.12.2016 16:00 - 13.12.2016 17:00","2971","2963"
"13.12.2016 17:00 - 13.12.2016 18:00","3106","3104"
"13.12.2016 18:00 - 13.12.2016 19:00","2942","2945"
"13.12.2016 19:00 - 13.12.2016 20:00","2760","2755"
"13.12.2016 20:00 - 13.12.2016 21:00","2598","2589"
"13.12.2016 21:00 - 13.12.2016 22:00","2428","2418"
"13.12.2016 22:00 - 13.12.2016 23:00","2226","2240"
"13.12.2016 23:00 - 14.12.2016 00:00","2013","2056"
"14.12.2016 00:00 - 14.12.2016 01:00","1915","1919"
"14.12.2016 01:00 - 14.12.2016 02:00","1840","1861"
"14.12.2016 02:00 - 14.12.2016 03:00","1826","1828"
"14.12.2016 03:00 - 14.12.2016 04:00","1829","1837"
"14.12.2016 04:00 - 14.12.2016 05:00","1898","1895"
"14.12.2016 05:00 - 14.12.2016 06:00","2071","2058"
"14.12.2016 06:00 - 14.12.2016 07:00","2469","2456"
"14.12.2016 07:00 - 14.12.2016 08:00","2927","2933"
"14.12.2016 08:00 - 14.12.2016 09:00","3081","3087"
"14.12.2016 09:00 - 14.12.2016 10:00","3038","3038"
"14.12.2016 10:00 - 14.12.2016 11:00","3063","3056"
"14.12.2016 11:00 - 14.12.2016 12:00","3020","2994"
"14.12.2016 12:00 - 14.12.2016 13:00","2891","2889"
"14.12.2016 13:00 - 14.12.2016 14:00","2898","2915"
"14.12.2016 14:00 - 14.12.2016 15:00","2859","2872"
"14.12.2016 15:00 - 14.12.2016 16:00","2823","2820"
"14.12.2016 16:00 - 14.12.2016 17:00","2982","2988"
"14.12.2016 17:00 - 14.12.2016 18:00","3148","3147"
"14.12.2016 18:00 - 14.12.2016 19:00","2996","2986"
"14.12.2016 19:00 - 14.12.2016 20:00","2815","2809"
"14.12.2016 20:00 - 14.12.2016 21:00","2642","2627"
"14.12.2016 21:00 - 14.12.2016 22:00","2472","2473"
"14.12.2016 22:00 - 14.12.2016 23:00","2267","2285"
"14.12.2016 23:00 - 15.12.2016 00:00","2054","2080"
"15.12.2016 00:00 - 15.12.2016 01:00","1925","1934"
"15.12.2016 01:00 - 15.12.2016 02:00","1867","1876"
"15.12.2016 02:00 - 15.12.2016 03:00","1845","1837"
"15.12.2016 03:00 - 15.12.2016 04:00","1846","1837"
"15.12.2016 04:00 - 15.12.2016 05:00","1895","1897"
"15.12.2016 05:00 - 15.12.2016 06:00","2083","2088"
"15.12.2016 06:00 - 15.12.2016 07:00","2534","2532"
"15.12.2016 07:00 - 15.12.2016 08:00","2966","2954"
"15.12.2016 08:00 - 15.12.2016 09:00","3089","3088"
"15.12.2016 09:00 - 15.12.2016 10:00","3035","3062"
"15.12.2016 10:00 - 15.12.2016 11:00","3086","3076"
"15.12.2016 11:00 - 15.12.2016 12:00","3062","3029"
"15.12.2016 12:00 - 15.12.2016 13:00","2953","2974"
"15.12.2016 13:00 - 15.12.2016 14:00","2994","2971"
"15.12.2016 14:00 - 15.12.2016 15:00","2909","2915"
"15.12.2016 15:00 - 15.12.2016 16:00","2860","2848"
"15.12.2016 16:00 - 15.12.2016 17:00","3014","2981"
"15.12.2016 17:00 - 15.12.2016 18:00","3150","3105"
"15.12.2016 18:00 - 15.12.2016 19:00","2975","2964"
"15.12.2016 19:00 - 15.12.2016 20:00","2797","2786"
"15.12.2016 20:00 - 15.12.2016 21:00","2611","2597"
"15.12.2016 21:00 - 15.12.2016 22:00","2440","2435"
"15.12.2016 22:00 - 15.12.2016 23:00","2251","2214"
"15.12.2016 23:00 - 16.12.2016 00:00","2057","2019"
"16.12.2016 00:00 - 16.12.2016 01:00","1895","1907"
"16.12.2016 01:00 - 16.12.2016 02:00","1846","1836"
"16.12.2016 02:00 - 16.12.2016 03:00","1803","1825"
"16.12.2016 03:00 - 16.12.2016 04:00","1831","1851"
"16.12.2016 04:00 - 16.12.2016 05:00","1897","1909"
"16.12.2016 05:00 - 16.12.2016 06:00","2074","2080"
"16.12.2016 06:00 - 16.12.2016 07:00","2511","2502"
"16.12.2016 07:00 - 16.12.2016 08:00","2970","2957"
"16.12.2016 08:00 - 16.12.2016 09:00","3125","3132"
"16.12.2016 09:00 - 16.12.2016 10:00","3089","3096"
"16.12.2016 10:00 - 16.12.2016 11:00","3102","3122"
"16.12.2016 11:00 - 16.12.2016 12:00","3055","3064"
"16.12.2016 12:00 - 16.12.2016 13:00","2929","2920"
"16.12.2016 13:00 - 16.12.2016 14:00","2836","2847"
"16.12.2016 14:00 - 16.12.2016 15:00","2773","2780"
"16.12.2016 15:00 - 16.12.2016 16:00","2746","2761"
"16.12.2016 16:00 - 16.12.2016 17:00","2905","2916"
"16.12.2016 17:00 - 16.12.2016 18:00","3042","3043"
"16.12.2016 18:00 - 16.12.2016 19:00","2907","2909"
"16.12.2016 19:00 - 16.12.2016 20:00","2641","2636"
"16.12.2016 20:00 - 16.12.2016 21:00","2457","2469"
"16.12.2016 21:00 - 16.12.2016 22:00","2314","2337"
"16.12.2016 22:00 - 16.12.2016 23:00","2157","2175"
"16.12.2016 23:00 - 17.12.2016 00:00","1989","2018"
"17.12.2016 00:00 - 17.12.2016 01:00","1852","1887"
"17.12.2016 01:00 - 17.12.2016 02:00","1780","1813"
"17.12.2016 02:00 - 17.12.2016 03:00","1742","1764"
"17.12.2016 03:00 - 17.12.2016 04:00","1723","1749"
"17.12.2016 04:00 - 17.12.2016 05:00","1755","1765"
"17.12.2016 05:00 - 17.12.2016 06:00","1805","1814"
"17.12.2016 06:00 - 17.12.2016 07:00","1941","1933"
"17.12.2016 07:00 - 17.12.2016 08:00","2121","2132"
"17.12.2016 08:00 - 17.12.2016 09:00","2308","2326"
"17.12.2016 09:00 - 17.12.2016 10:00","2403","2415"
"17.12.2016 10:00 - 17.12.2016 11:00","2453","2435"
"17.12.2016 11:00 - 17.12.2016 12:00","2430","2401"
"17.12.2016 12:00 - 17.12.2016 13:00","2356","2325"
"17.12.2016 13:00 - 17.12.2016 14:00","2297","2279"
"17.12.2016 14:00 - 17.12.2016 15:00","2257","2253"
"17.12.2016 15:00 - 17.12.2016 16:00","2289","2309"
"17.12.2016 16:00 - 17.12.2016 17:00","2466","2457"
"17.12.2016 17:00 - 17.12.2016 18:00","2613","2587"
"17.12.2016 18:00 - 17.12.2016 19:00","2505","2490"
"17.12.2016 19:00 - 17.12.2016 20:00","2306","2271"
"17.12.2016 20:00 - 17.12.2016 21:00","2144","2139"
"17.12.2016 21:00 - 17.12.2016 22:00","2052","2075"
"17.12.2016 22:00 - 17.12.2016 23:00","1950","1916"
"17.12.2016 23:00 - 18.12.2016 00:00","1845","1751"
"18.12.2016 00:00 - 18.12.2016 01:00","1659","1616"
"18.12.2016 01:00 - 18.12.2016 02:00","1541","1535"
"18.12.2016 02:00 - 18.12.2016 03:00","1523","1528"
"18.12.2016 03:00 - 18.12.2016 04:00","1531","1528"
"18.12.2016 04:00 - 18.12.2016 05:00","1550","1556"
"18.12.2016 05:00 - 18.12.2016 06:00","1608","1613"
"18.12.2016 06:00 - 18.12.2016 07:00","1725","1731"
"18.12.2016 07:00 - 18.12.2016 08:00","1910","1923"
"18.12.2016 08:00 - 18.12.2016 09:00","2093","2100"
"18.12.2016 09:00 - 18.12.2016 10:00","2205","2193"
"18.12.2016 10:00 - 18.12.2016 11:00","2278","2273"
"18.12.2016 11:00 - 18.12.2016 12:00","2263","2276"
"18.12.2016 12:00 - 18.12.2016 13:00","2233","2242"
"18.12.2016 13:00 - 18.12.2016 14:00","2218","2230"
"18.12.2016 14:00 - 18.12.2016 15:00","2249","2250"
"18.12.2016 15:00 - 18.12.2016 16:00","2311","2299"
"18.12.2016 16:00 - 18.12.2016 17:00","2470","2466"
"18.12.2016 17:00 - 18.12.2016 18:00","2675","2705"
"18.12.2016 18:00 - 18.12.2016 19:00","2617","2622"
"18.12.2016 19:00 - 18.12.2016 20:00","2461","2465"
"18.12.2016 20:00 - 18.12.2016 21:00","2320","2319"
"18.12.2016 21:00 - 18.12.2016 22:00","2186","2166"
"18.12.2016 22:00 - 18.12.2016 23:00","2037","2009"
"18.12.2016 23:00 - 19.12.2016 00:00","1897","1861"
"19.12.2016 00:00 - 19.12.2016 01:00","1784","1763"
"19.12.2016 01:00 - 19.12.2016 02:00","1695","1698"
"19.12.2016 02:00 - 19.12.2016 03:00","1693","1678"
"19.12.2016 03:00 - 19.12.2016 04:00","1689","1682"
"19.12.2016 04:00 - 19.12.2016 05:00","1724","1732"
"19.12.2016 05:00 - 19.12.2016 06:00","1878","1918"
"19.12.2016 06:00 - 19.12.2016 07:00","2364","2332"
"19.12.2016 07:00 - 19.12.2016 08:00","2831","2809"
"19.12.2016 08:00 - 19.12.2016 09:00","3012","2992"
"19.12.2016 09:00 - 19.12.2016 10:00","2961","2947"
"19.12.2016 10:00 - 19.12.2016 11:00","2963","2974"
"19.12.2016 11:00 - 19.12.2016 12:00","2955","2954"
"19.12.2016 12:00 - 19.12.2016 13:00","2856","2865"
"19.12.2016 13:00 - 19.12.2016 14:00","2898","2878"
"19.12.2016 14:00 - 19.12.2016 15:00","2869","2903"
"19.12.2016 15:00 - 19.12.2016 16:00","2874","2849"
"19.12.2016 16:00 - 19.12.2016 17:00","2973","2946"
"19.12.2016 17:00 - 19.12.2016 18:00","3076","3044"
"19.12.2016 18:00 - 19.12.2016 19:00","2921","2880"
"19.12.2016 19:00 - 19.12.2016 20:00","2674","2687"
"19.12.2016 20:00 - 19.12.2016 21:00","2481","2490"
"19.12.2016 21:00 - 19.12.2016 22:00","2313","2334"
"19.12.2016 22:00 - 19.12.2016 23:00","2125","2133"
"19.12.2016 23:00 - 20.12.2016 00:00","1946","1923"
"20.12.2016 00:00 - 20.12.2016 01:00","1828","1825"
"20.12.2016 01:00 - 20.12.2016 02:00","1780","1769"
"20.12.2016 02:00 - 20.12.2016 03:00","1769","1738"
"20.12.2016 03:00 - 20.12.2016 04:00","1770","1743"
"20.12.2016 04:00 - 20.12.2016 05:00","1814","1803"
"20.12.2016 05:00 - 20.12.2016 06:00","1989","1977"
"20.12.2016 06:00 - 20.12.2016 07:00","2410","2390"
"20.12.2016 07:00 - 20.12.2016 08:00","2885","2845"
"20.12.2016 08:00 - 20.12.2016 09:00","3034","3015"
"20.12.2016 09:00 - 20.12.2016 10:00","2998","2992"
"20.12.2016 10:00 - 20.12.2016 11:00","3018","3014"
"20.12.2016 11:00 - 20.12.2016 12:00","2994","2989"
"20.12.2016 12:00 - 20.12.2016 13:00","2910","2895"
"20.12.2016 13:00 - 20.12.2016 14:00","2917","2925"
"20.12.2016 14:00 - 20.12.2016 15:00","2881","2885"
"20.12.2016 15:00 - 20.12.2016 16:00","2814","2794"
"20.12.2016 16:00 - 20.12.2016 17:00","2883","2882"
"20.12.2016 17:00 - 20.12.2016 18:00","3047","3026"
"20.12.2016 18:00 - 20.12.2016 19:00","2919","2868"
"20.12.2016 19:00 - 20.12.2016 20:00","2724","2667"
"20.12.2016 20:00 - 20.12.2016 21:00","2580","2486"
"20.12.2016 21:00 - 20.12.2016 22:00","2406","2335"
"20.12.2016 22:00 - 20.12.2016 23:00","2218","2111"
"20.12.2016 23:00 - 21.12.2016 00:00","1985","1894"
"21.12.2016 00:00 - 21.12.2016 01:00","1830","1779"
"21.12.2016 01:00 - 21.12.2016 02:00","1745","1725"
"21.12.2016 02:00 - 21.12.2016 03:00","1736","1738"
"21.12.2016 03:00 - 21.12.2016 04:00","1767","1767"
"21.12.2016 04:00 - 21.12.2016 05:00","1827","1807"
"21.12.2016 05:00 - 21.12.2016 06:00","1974","1953"
"21.12.2016 06:00 - 21.12.2016 07:00","2379","2356"
"21.12.2016 07:00 - 21.12.2016 08:00","2766","2738"
"21.12.2016 08:00 - 21.12.2016 09:00","2897","2872"
"21.12.2016 09:00 - 21.12.2016 10:00","2848","2854"
"21.12.2016 10:00 - 21.12.2016 11:00","2876","2864"
"21.12.2016 11:00 - 21.12.2016 12:00","2825","2803"
"21.12.2016 12:00 - 21.12.2016 13:00","2733","2697"
"21.12.2016 13:00 - 21.12.2016 14:00","2692","2678"
"21.12.2016 14:00 - 21.12.2016 15:00","2672","2659"
"21.12.2016 15:00 - 21.12.2016 16:00","2636","2672"
"21.12.2016 16:00 - 21.12.2016 17:00","2724","2744"
"21.12.2016 17:00 - 21.12.2016 18:00","2898","2882"
"21.12.2016 18:00 - 21.12.2016 19:00","2769","2753"
"21.12.2016 19:00 - 21.12.2016 20:00","2575","2588"
"21.12.2016 20:00 - 21.12.2016 21:00","2425","2382"
"21.12.2016 21:00 - 21.12.2016 22:00","2247","2214"
"21.12.2016 22:00 - 21.12.2016 23:00","2089","2056"
"21.12.2016 23:00 - 22.12.2016 00:00","1890","1914"
"22.12.2016 00:00 - 22.12.2016 01:00","1933","1911"
"22.12.2016 01:00 - 22.12.2016 02:00","1890","1908"
"22.12.2016 02:00 - 22.12.2016 03:00","1895","1915"
"22.12.2016 03:00 - 22.12.2016 04:00","1911","1916"
"22.12.2016 04:00 - 22.12.2016 05:00","1949","1936"
"22.12.2016 05:00 - 22.12.2016 06:00","2097","2085"
"22.12.2016 06:00 - 22.12.2016 07:00","2430","2424"
"22.12.2016 07:00 - 22.12.2016 08:00","2725","2701"
"22.12.2016 08:00 - 22.12.2016 09:00","2874","2860"
"22.12.2016 09:00 - 22.12.2016 10:00","2818","2785"
"22.12.2016 10:00 - 22.12.2016 11:00","2818","2811"
"22.12.2016 11:00 - 22.12.2016 12:00","2781","2727"
"22.12.2016 12:00 - 22.12.2016 13:00","2630","2587"
"22.12.2016 13:00 - 22.12.2016 14:00","2541","3554"
"22.12.2016 14:00 - 22.12.2016 15:00","2494","2467"
"22.12.2016 15:00 - 22.12.2016 16:00","2449","2504"
"22.12.2016 16:00 - 22.12.2016 17:00","2614","2639"
"22.12.2016 17:00 - 22.12.2016 18:00","2769","2698"
"22.12.2016 18:00 - 22.12.2016 19:00","2612","2577"
"22.12.2016 19:00 - 22.12.2016 20:00","2433","2406"
"22.12.2016 20:00 - 22.12.2016 21:00","2333","2297"
"22.12.2016 21:00 - 22.12.2016 22:00","2231","2259"
"22.12.2016 22:00 - 22.12.2016 23:00","2143","2088"
"22.12.2016 23:00 - 23.12.2016 00:00","1924","1956"
"23.12.2016 00:00 - 23.12.2016 01:00","1752","1684"
"23.12.2016 01:00 - 23.12.2016 02:00","1664","1670"
"23.12.2016 02:00 - 23.12.2016 03:00","1678","1689"
"23.12.2016 03:00 - 23.12.2016 04:00","1679","1643"
"23.12.2016 04:00 - 23.12.2016 05:00","1726","1710"
"23.12.2016 05:00 - 23.12.2016 06:00","1864","1775"
"23.12.2016 06:00 - 23.12.2016 07:00","2099","2035"
"23.12.2016 07:00 - 23.12.2016 08:00","2438","2398"
"23.12.2016 08:00 - 23.12.2016 09:00","2628","2624"
"23.12.2016 09:00 - 23.12.2016 10:00","2675","2649"
"23.12.2016 10:00 - 23.12.2016 11:00","2630","2622"
"23.12.2016 11:00 - 23.12.2016 12:00","2579","2579"
"23.12.2016 12:00 - 23.12.2016 13:00","2468","2449"
"23.12.2016 13:00 - 23.12.2016 14:00","2372","2355"
"23.12.2016 14:00 - 23.12.2016 15:00","2390","2442"
"23.12.2016 15:00 - 23.12.2016 16:00","2357","2346"
"23.12.2016 16:00 - 23.12.2016 17:00","2486","2465"
"23.12.2016 17:00 - 23.12.2016 18:00","2618","2557"
"23.12.2016 18:00 - 23.12.2016 19:00","2500","2504"
"23.12.2016 19:00 - 23.12.2016 20:00","2329","2349"
"23.12.2016 20:00 - 23.12.2016 21:00","2165","2179"
"23.12.2016 21:00 - 23.12.2016 22:00","2034","2054"
"23.12.2016 22:00 - 23.12.2016 23:00","1878","1902"
"23.12.2016 23:00 - 24.12.2016 00:00","1736","1724"
"24.12.2016 00:00 - 24.12.2016 01:00","1625","1604"
"24.12.2016 01:00 - 24.12.2016 02:00","1510","1506"
"24.12.2016 02:00 - 24.12.2016 03:00","1477","1451"
"24.12.2016 03:00 - 24.12.2016 04:00","1468","1446"
"24.12.2016 04:00 - 24.12.2016 05:00","1479","1449"
"24.12.2016 05:00 - 24.12.2016 06:00","1469","1421"
"24.12.2016 06:00 - 24.12.2016 07:00","1511","1464"
"24.12.2016 07:00 - 24.12.2016 08:00","1718","1736"
"24.12.2016 08:00 - 24.12.2016 09:00","1961","1918"
"24.12.2016 09:00 - 24.12.2016 10:00","2013","1972"
"24.12.2016 10:00 - 24.12.2016 11:00","2015","1996"
"24.12.2016 11:00 - 24.12.2016 12:00","1980","1948"
"24.12.2016 12:00 - 24.12.2016 13:00","1955","1981"
"24.12.2016 13:00 - 24.12.2016 14:00","2005","1971"
"24.12.2016 14:00 - 24.12.2016 15:00","2004","1964"
"24.12.2016 15:00 - 24.12.2016 16:00","2084","2084"
"24.12.2016 16:00 - 24.12.2016 17:00","2304","2311"
"24.12.2016 17:00 - 24.12.2016 18:00","2508","2517"
"24.12.2016 18:00 - 24.12.2016 19:00","2042","2047"
"24.12.2016 19:00 - 24.12.2016 20:00","1869","1898"
"24.12.2016 20:00 - 24.12.2016 21:00","1853","1849"
"24.12.2016 21:00 - 24.12.2016 22:00","1763","1762"
"24.12.2016 22:00 - 24.12.2016 23:00","1663","1680"
"24.12.2016 23:00 - 25.12.2016 00:00","1634","1721"
"25.12.2016 00:00 - 25.12.2016 01:00","1728","1765"
"25.12.2016 01:00 - 25.12.2016 02:00","1663","1715"
"25.12.2016 02:00 - 25.12.2016 03:00","1616","1610"
"25.12.2016 03:00 - 25.12.2016 04:00","1585","1626"
"25.12.2016 04:00 - 25.12.2016 05:00","1625","1627"
"25.12.2016 05:00 - 25.12.2016 06:00","1663","1647"
"25.12.2016 06:00 - 25.12.2016 07:00","1717","1711"
"25.12.2016 07:00 - 25.12.2016 08:00","1786","1759"
"25.12.2016 08:00 - 25.12.2016 09:00","1895","1899"
"25.12.2016 09:00 - 25.12.2016 10:00","2024","1994"
"25.12.2016 10:00 - 25.12.2016 11:00","2054","2022"
"25.12.2016 11:00 - 25.12.2016 12:00","2053","2009"
"25.12.2016 12:00 - 25.12.2016 13:00","1965","1939"
"25.12.2016 13:00 - 25.12.2016 14:00","1883","1868"
"25.12.2016 14:00 - 25.12.2016 15:00","1897","1910"
"25.12.2016 15:00 - 25.12.2016 16:00","1960","1939"
"25.12.2016 16:00 - 25.12.2016 17:00","2048","2012"
"25.12.2016 17:00 - 25.12.2016 18:00","2204","2248"
"25.12.2016 18:00 - 25.12.2016 19:00","2208","2197"
"25.12.2016 19:00 - 25.12.2016 20:00","2087","2090"
"25.12.2016 20:00 - 25.12.2016 21:00","1990","1981"
"25.12.2016 21:00 - 25.12.2016 22:00","1892","1876"
"25.12.2016 22:00 - 25.12.2016 23:00","1769","1769"
"25.12.2016 23:00 - 26.12.2016 00:00","1673","1659"
"26.12.2016 00:00 - 26.12.2016 01:00","1577","1559"
"26.12.2016 01:00 - 26.12.2016 02:00","1474","1451"
"26.12.2016 02:00 - 26.12.2016 03:00","1430","1432"
"26.12.2016 03:00 - 26.12.2016 04:00","1431","1439"
"26.12.2016 04:00 - 26.12.2016 05:00","1471","1491"
"26.12.2016 05:00 - 26.12.2016 06:00","1576","1631"
"26.12.2016 06:00 - 26.12.2016 07:00","1695","1668"
"26.12.2016 07:00 - 26.12.2016 08:00","1778","1766"
"26.12.2016 08:00 - 26.12.2016 09:00","1921","1896"
"26.12.2016 09:00 - 26.12.2016 10:00","1936","1840"
"26.12.2016 10:00 - 26.12.2016 11:00","1901","1864"
"26.12.2016 11:00 - 26.12.2016 12:00","1884","1871"
"26.12.2016 12:00 - 26.12.2016 13:00","1848","1850"
"26.12.2016 13:00 - 26.12.2016 14:00","1833","1895"
"26.12.2016 14:00 - 26.12.2016 15:00","1938","1955"
"26.12.2016 15:00 - 26.12.2016 16:00","1984","1959"
"26.12.2016 16:00 - 26.12.2016 17:00","1998","1964"
"26.12.2016 17:00 - 26.12.2016 18:00","2069","2048"
"26.12.2016 18:00 - 26.12.2016 19:00","2006","2001"
"26.12.2016 19:00 - 26.12.2016 20:00","1963","1970"
"26.12.2016 20:00 - 26.12.2016 21:00","1933","1946"
"26.12.2016 21:00 - 26.12.2016 22:00","1887","1905"
"26.12.2016 22:00 - 26.12.2016 23:00","1815","1736"
"26.12.2016 23:00 - 27.12.2016 00:00","1681","1689"
"27.12.2016 00:00 - 27.12.2016 01:00","1619","1632"
"27.12.2016 01:00 - 27.12.2016 02:00","1569","1564"
"27.12.2016 02:00 - 27.12.2016 03:00","1556","1568"
"27.12.2016 03:00 - 27.12.2016 04:00","1535","1514"
"27.12.2016 04:00 - 27.12.2016 05:00","1525","1529"
"27.12.2016 05:00 - 27.12.2016 06:00","1546","1544"
"27.12.2016 06:00 - 27.12.2016 07:00","1745","1747"
"27.12.2016 07:00 - 27.12.2016 08:00","1980","1935"
"27.12.2016 08:00 - 27.12.2016 09:00","2152","2133"
"27.12.2016 09:00 - 27.12.2016 10:00","2229","2217"
"27.12.2016 10:00 - 27.12.2016 11:00","2290","2266"
"27.12.2016 11:00 - 27.12.2016 12:00","2263","2243"
"27.12.2016 12:00 - 27.12.2016 13:00","2203","2202"
"27.12.2016 13:00 - 27.12.2016 14:00","2203","2175"
"27.12.2016 14:00 - 27.12.2016 15:00","2172","2207"
"27.12.2016 15:00 - 27.12.2016 16:00","2265","2268"
"27.12.2016 16:00 - 27.12.2016 17:00","2347","2337"
"27.12.2016 17:00 - 27.12.2016 18:00","2460","2450"
"27.12.2016 18:00 - 27.12.2016 19:00","2351","2379"
"27.12.2016 19:00 - 27.12.2016 20:00","2214","2207"
"27.12.2016 20:00 - 27.12.2016 21:00","2049","2059"
"27.12.2016 21:00 - 27.12.2016 22:00","1975","2003"
"27.12.2016 22:00 - 27.12.2016 23:00","1824","1833"
"27.12.2016 23:00 - 28.12.2016 00:00","1673","1654"
"28.12.2016 00:00 - 28.12.2016 01:00","1578","1562"
"28.12.2016 01:00 - 28.12.2016 02:00","1494","1471"
"28.12.2016 02:00 - 28.12.2016 03:00","1475","1485"
"28.12.2016 03:00 - 28.12.2016 04:00","1518","1533"
"28.12.2016 04:00 - 28.12.2016 05:00","1576","1557"
"28.12.2016 05:00 - 28.12.2016 06:00","1640","1611"
"28.12.2016 06:00 - 28.12.2016 07:00","1863","1807"
"28.12.2016 07:00 - 28.12.2016 08:00","2098","2014"
"28.12.2016 08:00 - 28.12.2016 09:00","2220","2219"
"28.12.2016 09:00 - 28.12.2016 10:00","2364","2344"
"28.12.2016 10:00 - 28.12.2016 11:00","2405","2378"
"28.12.2016 11:00 - 28.12.2016 12:00","2399","2381"
"28.12.2016 12:00 - 28.12.2016 13:00","2331","2302"
"28.12.2016 13:00 - 28.12.2016 14:00","2288","2273"
"28.12.2016 14:00 - 28.12.2016 15:00","2259","2261"
"28.12.2016 15:00 - 28.12.2016 16:00","2284","2301"
"28.12.2016 16:00 - 28.12.2016 17:00","2434","2460"
"28.12.2016 17:00 - 28.12.2016 18:00","2628","2627"
"28.12.2016 18:00 - 28.12.2016 19:00","2519","2550"
"28.12.2016 19:00 - 28.12.2016 20:00","2357","2370"
"28.12.2016 20:00 - 28.12.2016 21:00","2138","2187"
"28.12.2016 21:00 - 28.12.2016 22:00","2020","2036"
"28.12.2016 22:00 - 28.12.2016 23:00","1830","1881"
"28.12.2016 23:00 - 29.12.2016 00:00","1672","1713"
"29.12.2016 00:00 - 29.12.2016 01:00","1663","1567"
"29.12.2016 01:00 - 29.12.2016 02:00","1528","1513"
"29.12.2016 02:00 - 29.12.2016 03:00","1492","1477"
"29.12.2016 03:00 - 29.12.2016 04:00","1490","1463"
"29.12.2016 04:00 - 29.12.2016 05:00","1516","1481"
"29.12.2016 05:00 - 29.12.2016 06:00","1601","1594"
"29.12.2016 06:00 - 29.12.2016 07:00","1839","1795"
"29.12.2016 07:00 - 29.12.2016 08:00","2089","2060"
"29.12.2016 08:00 - 29.12.2016 09:00","2296","2273"
"29.12.2016 09:00 - 29.12.2016 10:00","2346","2332"
"29.12.2016 10:00 - 29.12.2016 11:00","2406","2372"
"29.12.2016 11:00 - 29.12.2016 12:00","2322","2322"
"29.12.2016 12:00 - 29.12.2016 13:00","2264","2250"
"29.12.2016 13:00 - 29.12.2016 14:00","2206","2215"
"29.12.2016 14:00 - 29.12.2016 15:00","2203","2191"
"29.12.2016 15:00 - 29.12.2016 16:00","2205","2199"
"29.12.2016 16:00 - 29.12.2016 17:00","2355","2354"
"29.12.2016 17:00 - 29.12.2016 18:00","2549","2540"
"29.12.2016 18:00 - 29.12.2016 19:00","2448","2454"
"29.12.2016 19:00 - 29.12.2016 20:00","2276","2295"
"29.12.2016 20:00 - 29.12.2016 21:00","2098","2105"
"29.12.2016 21:00 - 29.12.2016 22:00","1932","1950"
"29.12.2016 22:00 - 29.12.2016 23:00","1733","1846"
"29.12.2016 23:00 - 30.12.2016 00:00","1589","1724"
"30.12.2016 00:00 - 30.12.2016 01:00","1660","1617"
"30.12.2016 01:00 - 30.12.2016 02:00","1566","1561"
"30.12.2016 02:00 - 30.12.2016 03:00","1551","1522"
"30.12.2016 03:00 - 30.12.2016 04:00","1541","1510"
"30.12.2016 04:00 - 30.12.2016 05:00","1576","1578"
"30.12.2016 05:00 - 30.12.2016 06:00","1661","1636"
"30.12.2016 06:00 - 30.12.2016 07:00","1833","1801"
"30.12.2016 07:00 - 30.12.2016 08:00","2038","2013"
"30.12.2016 08:00 - 30.12.2016 09:00","2250","2230"
"30.12.2016 09:00 - 30.12.2016 10:00","2317","2299"
"30.12.2016 10:00 - 30.12.2016 11:00","2305","2300"
"30.12.2016 11:00 - 30.12.2016 12:00","2302","2296"
"30.12.2016 12:00 - 30.12.2016 13:00","2218","2201"
"30.12.2016 13:00 - 30.12.2016 14:00","2185","2168"
"30.12.2016 14:00 - 30.12.2016 15:00","2127","2126"
"30.12.2016 15:00 - 30.12.2016 16:00","2159","2135"
"30.12.2016 16:00 - 30.12.2016 17:00","2271","2262"
"30.12.2016 17:00 - 30.12.2016 18:00","2401","2425"
"30.12.2016 18:00 - 30.12.2016 19:00","2336","2343"
"30.12.2016 19:00 - 30.12.2016 20:00","2176","2167"
"30.12.2016 20:00 - 30.12.2016 21:00","2022","1983"
"30.12.2016 21:00 - 30.12.2016 22:00","1856","1843"
"30.12.2016 22:00 - 30.12.2016 23:00","1714","1732"
"30.12.2016 23:00 - 31.12.2016 00:00","1599","1584"
"31.12.2016 00:00 - 31.12.2016 01:00","1504","1544"
"31.12.2016 01:00 - 31.12.2016 02:00","1518","1569"
"31.12.2016 02:00 - 31.12.2016 03:00","1522","1539"
"31.12.2016 03:00 - 31.12.2016 04:00","1484","1447"
"31.12.2016 04:00 - 31.12.2016 05:00","1468","1456"
"31.12.2016 05:00 - 31.12.2016 06:00","1485","1446"
"31.12.2016 06:00 - 31.12.2016 07:00","1553","1524"
"31.12.2016 07:00 - 31.12.2016 08:00","1693","1652"
"31.12.2016 08:00 - 31.12.2016 09:00","1859","1827"
"31.12.2016 09:00 - 31.12.2016 10:00","1961","1954"
"31.12.2016 10:00 - 31.12.2016 11:00","2035","2003"
"31.12.2016 11:00 - 31.12.2016 12:00","2024","1992"
"31.12.2016 12:00 - 31.12.2016 13:00","1996","1948"
"31.12.2016 13:00 - 31.12.2016 14:00","1962","1947"
"31.12.2016 14:00 - 31.12.2016 15:00","1943","1922"
"31.12.2016 15:00 - 31.12.2016 16:00","1979","1958"
"31.12.2016 16:00 - 31.12.2016 17:00","2184","2168"
"31.12.2016 17:00 - 31.12.2016 18:00","2315","2299"
"31.12.2016 18:00 - 31.12.2016 19:00","2168","2204"
"31.12.2016 19:00 - 31.12.2016 20:00","1959","1970"
"31.12.2016 20:00 - 31.12.2016 21:00","1816","1786"
"31.12.2016 21:00 - 31.12.2016 22:00","1711","1697"
"31.12.2016 22:00 - 31.12.2016 23:00","1626","1631"
"31.12.2016 23:00 - 01.01.2017 00:00","1582","1587"
