"Time (CET/CEST)","Day-ahead Total Load Forecast [MW] - BZN|DK1","Actual Total Load [MW] - BZN|DK1"
"01.01.2018 00:00 - 01.01.2018 01:00","1831","1814"
"01.01.2018 01:00 - 01.01.2018 02:00","1748","1742"
"01.01.2018 02:00 - 01.01.2018 03:00","1659","1658"
"01.01.2018 03:00 - 01.01.2018 04:00","1600","1594"
"01.01.2018 04:00 - 01.01.2018 05:00","1561","1536"
"01.01.2018 05:00 - 01.01.2018 06:00","1534","1505"
"01.01.2018 06:00 - 01.01.2018 07:00","1577","1578"
"01.01.2018 07:00 - 01.01.2018 08:00","1670","1640"
"01.01.2018 08:00 - 01.01.2018 09:00","1666","1696"
"01.01.2018 09:00 - 01.01.2018 10:00","1856","1886"
"01.01.2018 10:00 - 01.01.2018 11:00","1987","1987"
"01.01.2018 11:00 - 01.01.2018 12:00","2039","2050"
"01.01.2018 12:00 - 01.01.2018 13:00","2081","2095"
"01.01.2018 13:00 - 01.01.2018 14:00","2058","2039"
"01.01.2018 14:00 - 01.01.2018 15:00","2070","2133"
"01.01.2018 15:00 - 01.01.2018 16:00","2169","2118"
"01.01.2018 16:00 - 01.01.2018 17:00","2256","2234"
"01.01.2018 17:00 - 01.01.2018 18:00","2453","2445"
"01.01.2018 18:00 - 01.01.2018 19:00","2392","2397"
"01.01.2018 19:00 - 01.01.2018 20:00","2243","2243"
"01.01.2018 20:00 - 01.01.2018 21:00","2114","2098"
"01.01.2018 21:00 - 01.01.2018 22:00","2009","1969"
"01.01.2018 22:00 - 01.01.2018 23:00","1903","1854"
"01.01.2018 23:00 - 02.01.2018 00:00","1848","1729"
"02.01.2018 00:00 - 02.01.2018 01:00","1672","1644"
"02.01.2018 01:00 - 02.01.2018 02:00","1629","1623"
"02.01.2018 02:00 - 02.01.2018 03:00","1631","1602"
"02.01.2018 03:00 - 02.01.2018 04:00","1649","1614"
"02.01.2018 04:00 - 02.01.2018 05:00","1687","1661"
"02.01.2018 05:00 - 02.01.2018 06:00","1783","1756"
"02.01.2018 06:00 - 02.01.2018 07:00","2164","2094"
"02.01.2018 07:00 - 02.01.2018 08:00","2570","2484"
"02.01.2018 08:00 - 02.01.2018 09:00","2737","2731"
"02.01.2018 09:00 - 02.01.2018 10:00","2760","2787"
"02.01.2018 10:00 - 02.01.2018 11:00","2825","2828"
"02.01.2018 11:00 - 02.01.2018 12:00","2831","2788"
"02.01.2018 12:00 - 02.01.2018 13:00","2756","2710"
"02.01.2018 13:00 - 02.01.2018 14:00","2663","2722"
"02.01.2018 14:00 - 02.01.2018 15:00","2670","2724"
"02.01.2018 15:00 - 02.01.2018 16:00","2677","2706"
"02.01.2018 16:00 - 02.01.2018 17:00","2848","2861"
"02.01.2018 17:00 - 02.01.2018 18:00","3069","3099"
"02.01.2018 18:00 - 02.01.2018 19:00","2965","2933"
"02.01.2018 19:00 - 02.01.2018 20:00","2692","2710"
"02.01.2018 20:00 - 02.01.2018 21:00","2444","2503"
"02.01.2018 21:00 - 02.01.2018 22:00","2271","2328"
"02.01.2018 22:00 - 02.01.2018 23:00","2100","2160"
"02.01.2018 23:00 - 03.01.2018 00:00","1927","1998"
"03.01.2018 00:00 - 03.01.2018 01:00","1864","1917"
"03.01.2018 01:00 - 03.01.2018 02:00","1839","1886"
"03.01.2018 02:00 - 03.01.2018 03:00","1840","1841"
"03.01.2018 03:00 - 03.01.2018 04:00","1833","1847"
"03.01.2018 04:00 - 03.01.2018 05:00","1893","1916"
"03.01.2018 05:00 - 03.01.2018 06:00","2069","2060"
"03.01.2018 06:00 - 03.01.2018 07:00","2423","2368"
"03.01.2018 07:00 - 03.01.2018 08:00","2791","2779"
"03.01.2018 08:00 - 03.01.2018 09:00","2994","3034"
"03.01.2018 09:00 - 03.01.2018 10:00","3041","3060"
"03.01.2018 10:00 - 03.01.2018 11:00","3117","3141"
"03.01.2018 11:00 - 03.01.2018 12:00","3118","3088"
"03.01.2018 12:00 - 03.01.2018 13:00","2978","2990"
"03.01.2018 13:00 - 03.01.2018 14:00","2957","2985"
"03.01.2018 14:00 - 03.01.2018 15:00","2960","2954"
"03.01.2018 15:00 - 03.01.2018 16:00","2891","2895"
"03.01.2018 16:00 - 03.01.2018 17:00","3006","2999"
"03.01.2018 17:00 - 03.01.2018 18:00","3179","3184"
"03.01.2018 18:00 - 03.01.2018 19:00","3034","3037"
"03.01.2018 19:00 - 03.01.2018 20:00","2850","2837"
"03.01.2018 20:00 - 03.01.2018 21:00","2641","2653"
"03.01.2018 21:00 - 03.01.2018 22:00","2470","2482"
"03.01.2018 22:00 - 03.01.2018 23:00","2273","2305"
"03.01.2018 23:00 - 04.01.2018 00:00","2083","2099"
"04.01.2018 00:00 - 04.01.2018 01:00","1954","1980"
"04.01.2018 01:00 - 04.01.2018 02:00","1899","1923"
"04.01.2018 02:00 - 04.01.2018 03:00","1901","1905"
"04.01.2018 03:00 - 04.01.2018 04:00","1894","1904"
"04.01.2018 04:00 - 04.01.2018 05:00","1941","1934"
"04.01.2018 05:00 - 04.01.2018 06:00","2083","2075"
"04.01.2018 06:00 - 04.01.2018 07:00","2515","2481"
"04.01.2018 07:00 - 04.01.2018 08:00","2946","2934"
"04.01.2018 08:00 - 04.01.2018 09:00","3106","3103"
"04.01.2018 09:00 - 04.01.2018 10:00","3043","3040"
"04.01.2018 10:00 - 04.01.2018 11:00","3058","3043"
"04.01.2018 11:00 - 04.01.2018 12:00","3026","2986"
"04.01.2018 12:00 - 04.01.2018 13:00","2916","2914"
"04.01.2018 13:00 - 04.01.2018 14:00","2944","2980"
"04.01.2018 14:00 - 04.01.2018 15:00","2951","2958"
"04.01.2018 15:00 - 04.01.2018 16:00","2893","2918"
"04.01.2018 16:00 - 04.01.2018 17:00","3048","3042"
"04.01.2018 17:00 - 04.01.2018 18:00","3255","3255"
"04.01.2018 18:00 - 04.01.2018 19:00","3096","3094"
"04.01.2018 19:00 - 04.01.2018 20:00","2895","2879"
"04.01.2018 20:00 - 04.01.2018 21:00","2692","2675"
"04.01.2018 21:00 - 04.01.2018 22:00","2507","2515"
"04.01.2018 22:00 - 04.01.2018 23:00","2326","2325"
"04.01.2018 23:00 - 05.01.2018 00:00","2158","2123"
"05.01.2018 00:00 - 05.01.2018 01:00","1996","1997"
"05.01.2018 01:00 - 05.01.2018 02:00","1929","1947"
"05.01.2018 02:00 - 05.01.2018 03:00","1927","1912"
"05.01.2018 03:00 - 05.01.2018 04:00","1917","1912"
"05.01.2018 04:00 - 05.01.2018 05:00","1966","1972"
"05.01.2018 05:00 - 05.01.2018 06:00","2126","2121"
"05.01.2018 06:00 - 05.01.2018 07:00","2549","2538"
"05.01.2018 07:00 - 05.01.2018 08:00","2967","2932"
"05.01.2018 08:00 - 05.01.2018 09:00","3083","3088"
"05.01.2018 09:00 - 05.01.2018 10:00","3037","3060"
"05.01.2018 10:00 - 05.01.2018 11:00","3085","3092"
"05.01.2018 11:00 - 05.01.2018 12:00","3061","3067"
"05.01.2018 12:00 - 05.01.2018 13:00","2926","2945"
"05.01.2018 13:00 - 05.01.2018 14:00","2861","2872"
"05.01.2018 14:00 - 05.01.2018 15:00","2779","2755"
"05.01.2018 15:00 - 05.01.2018 16:00","2688","2682"
"05.01.2018 16:00 - 05.01.2018 17:00","2805","2817"
"05.01.2018 17:00 - 05.01.2018 18:00","3021","3026"
"05.01.2018 18:00 - 05.01.2018 19:00","2902","2896"
"05.01.2018 19:00 - 05.01.2018 20:00","2653","2673"
"05.01.2018 20:00 - 05.01.2018 21:00","2490","2491"
"05.01.2018 21:00 - 05.01.2018 22:00","2338","2337"
"05.01.2018 22:00 - 05.01.2018 23:00","2196","2187"
"05.01.2018 23:00 - 06.01.2018 00:00","2088","2050"
"06.01.2018 00:00 - 06.01.2018 01:00","1943","1915"
"06.01.2018 01:00 - 06.01.2018 02:00","1830","1831"
"06.01.2018 02:00 - 06.01.2018 03:00","1769","1787"
"06.01.2018 03:00 - 06.01.2018 04:00","1783","1800"
"06.01.2018 04:00 - 06.01.2018 05:00","1822","1830"
"06.01.2018 05:00 - 06.01.2018 06:00","1880","1877"
"06.01.2018 06:00 - 06.01.2018 07:00","2000","1995"
"06.01.2018 07:00 - 06.01.2018 08:00","2154","2151"
"06.01.2018 08:00 - 06.01.2018 09:00","2340","2346"
"06.01.2018 09:00 - 06.01.2018 10:00","2437","2458"
"06.01.2018 10:00 - 06.01.2018 11:00","2507","2501"
"06.01.2018 11:00 - 06.01.2018 12:00","2467","2468"
"06.01.2018 12:00 - 06.01.2018 13:00","2409","2412"
"06.01.2018 13:00 - 06.01.2018 14:00","2372","2384"
"06.01.2018 14:00 - 06.01.2018 15:00","2358","2377"
"06.01.2018 15:00 - 06.01.2018 16:00","2390","2390"
"06.01.2018 16:00 - 06.01.2018 17:00","2546","2546"
"06.01.2018 17:00 - 06.01.2018 18:00","2805","2814"
"06.01.2018 18:00 - 06.01.2018 19:00","2724","2764"
"06.01.2018 19:00 - 06.01.2018 20:00","2551","2572"
"06.01.2018 20:00 - 06.01.2018 21:00","2384","2417"
"06.01.2018 21:00 - 06.01.2018 22:00","2264","2280"
"06.01.2018 22:00 - 06.01.2018 23:00","2131","2161"
"06.01.2018 23:00 - 07.01.2018 00:00","1996","2032"
"07.01.2018 00:00 - 07.01.2018 01:00","1916","1914"
"07.01.2018 01:00 - 07.01.2018 02:00","1834","1853"
"07.01.2018 02:00 - 07.01.2018 03:00","1809","1828"
"07.01.2018 03:00 - 07.01.2018 04:00","1829","1853"
"07.01.2018 04:00 - 07.01.2018 05:00","1863","1886"
"07.01.2018 05:00 - 07.01.2018 06:00","1898","1913"
"07.01.2018 06:00 - 07.01.2018 07:00","1992","2002"
"07.01.2018 07:00 - 07.01.2018 08:00","2151","2159"
"07.01.2018 08:00 - 07.01.2018 09:00","2331","2342"
"07.01.2018 09:00 - 07.01.2018 10:00","2447","2429"
"07.01.2018 10:00 - 07.01.2018 11:00","2480","2447"
"07.01.2018 11:00 - 07.01.2018 12:00","2454","2423"
"07.01.2018 12:00 - 07.01.2018 13:00","2378","2345"
"07.01.2018 13:00 - 07.01.2018 14:00","2300","2294"
"07.01.2018 14:00 - 07.01.2018 15:00","2289","2294"
"07.01.2018 15:00 - 07.01.2018 16:00","2323","2355"
"07.01.2018 16:00 - 07.01.2018 17:00","2545","2566"
"07.01.2018 17:00 - 07.01.2018 18:00","2875","2876"
"07.01.2018 18:00 - 07.01.2018 19:00","2796","2804"
"07.01.2018 19:00 - 07.01.2018 20:00","2628","2646"
"07.01.2018 20:00 - 07.01.2018 21:00","2462","2475"
"07.01.2018 21:00 - 07.01.2018 22:00","2342","2296"
"07.01.2018 22:00 - 07.01.2018 23:00","2210","2138"
"07.01.2018 23:00 - 08.01.2018 00:00","2106","2004"
"08.01.2018 00:00 - 08.01.2018 01:00","1944","1945"
"08.01.2018 01:00 - 08.01.2018 02:00","1905","1923"
"08.01.2018 02:00 - 08.01.2018 03:00","1905","1943"
"08.01.2018 03:00 - 08.01.2018 04:00","1964","1952"
"08.01.2018 04:00 - 08.01.2018 05:00","2006","1985"
"08.01.2018 05:00 - 08.01.2018 06:00","2160","2150"
"08.01.2018 06:00 - 08.01.2018 07:00","2584","2557"
"08.01.2018 07:00 - 08.01.2018 08:00","3023","3000"
"08.01.2018 08:00 - 08.01.2018 09:00","3183","3178"
"08.01.2018 09:00 - 08.01.2018 10:00","3150","3146"
"08.01.2018 10:00 - 08.01.2018 11:00","3183","3138"
"08.01.2018 11:00 - 08.01.2018 12:00","3123","3072"
"08.01.2018 12:00 - 08.01.2018 13:00","3006","2992"
"08.01.2018 13:00 - 08.01.2018 14:00","3013","2998"
"08.01.2018 14:00 - 08.01.2018 15:00","2978","2987"
"08.01.2018 15:00 - 08.01.2018 16:00","2929","2930"
"08.01.2018 16:00 - 08.01.2018 17:00","3076","3110"
"08.01.2018 17:00 - 08.01.2018 18:00","3324","3324"
"08.01.2018 18:00 - 08.01.2018 19:00","3157","3157"
"08.01.2018 19:00 - 08.01.2018 20:00","2927","2948"
"08.01.2018 20:00 - 08.01.2018 21:00","2751","2770"
"08.01.2018 21:00 - 08.01.2018 22:00","2576","2575"
"08.01.2018 22:00 - 08.01.2018 23:00","2389","2396"
"08.01.2018 23:00 - 09.01.2018 00:00","2239","2206"
"09.01.2018 00:00 - 09.01.2018 01:00","2097","2100"
"09.01.2018 01:00 - 09.01.2018 02:00","2012","2050"
"09.01.2018 02:00 - 09.01.2018 03:00","1991","2045"
"09.01.2018 03:00 - 09.01.2018 04:00","2043","2054"
"09.01.2018 04:00 - 09.01.2018 05:00","2090","2067"
"09.01.2018 05:00 - 09.01.2018 06:00","2219","2218"
"09.01.2018 06:00 - 09.01.2018 07:00","2582","2579"
"09.01.2018 07:00 - 09.01.2018 08:00","2999","3000"
"09.01.2018 08:00 - 09.01.2018 09:00","3160","3168"
"09.01.2018 09:00 - 09.01.2018 10:00","3084","3076"
"09.01.2018 10:00 - 09.01.2018 11:00","3099","3100"
"09.01.2018 11:00 - 09.01.2018 12:00","3055","3014"
"09.01.2018 12:00 - 09.01.2018 13:00","2927","2937"
"09.01.2018 13:00 - 09.01.2018 14:00","2943","2956"
"09.01.2018 14:00 - 09.01.2018 15:00","2894","2885"
"09.01.2018 15:00 - 09.01.2018 16:00","2815","2826"
"09.01.2018 16:00 - 09.01.2018 17:00","2933","2918"
"09.01.2018 17:00 - 09.01.2018 18:00","3133","3147"
"09.01.2018 18:00 - 09.01.2018 19:00","3002","3002"
"09.01.2018 19:00 - 09.01.2018 20:00","2839","2821"
"09.01.2018 20:00 - 09.01.2018 21:00","2643","2621"
"09.01.2018 21:00 - 09.01.2018 22:00","2462","2428"
"09.01.2018 22:00 - 09.01.2018 23:00","2297","2263"
"09.01.2018 23:00 - 10.01.2018 00:00","2164","2077"
"10.01.2018 00:00 - 10.01.2018 01:00","1959","1945"
"10.01.2018 01:00 - 10.01.2018 02:00","1862","1891"
"10.01.2018 02:00 - 10.01.2018 03:00","1848","1869"
"10.01.2018 03:00 - 10.01.2018 04:00","1904","1885"
"10.01.2018 04:00 - 10.01.2018 05:00","1951","1942"
"10.01.2018 05:00 - 10.01.2018 06:00","2108","2112"
"10.01.2018 06:00 - 10.01.2018 07:00","2533","2503"
"10.01.2018 07:00 - 10.01.2018 08:00","2952","2936"
"10.01.2018 08:00 - 10.01.2018 09:00","3075","3061"
"10.01.2018 09:00 - 10.01.2018 10:00","3016","3063"
"10.01.2018 10:00 - 10.01.2018 11:00","3080","3129"
"10.01.2018 11:00 - 10.01.2018 12:00","3105","3129"
"10.01.2018 12:00 - 10.01.2018 13:00","3034","3046"
"10.01.2018 13:00 - 10.01.2018 14:00","3053","3066"
"10.01.2018 14:00 - 10.01.2018 15:00","3005","2992"
"10.01.2018 15:00 - 10.01.2018 16:00","2929","2937"
"10.01.2018 16:00 - 10.01.2018 17:00","3028","2998"
"10.01.2018 17:00 - 10.01.2018 18:00","3225","3191"
"10.01.2018 18:00 - 10.01.2018 19:00","3044","3032"
"10.01.2018 19:00 - 10.01.2018 20:00","2815","2844"
"10.01.2018 20:00 - 10.01.2018 21:00","2618","2680"
"10.01.2018 21:00 - 10.01.2018 22:00","2488","2508"
"10.01.2018 22:00 - 10.01.2018 23:00","2317","2316"
"10.01.2018 23:00 - 11.01.2018 00:00","2148","2145"
"11.01.2018 00:00 - 11.01.2018 01:00","2008","2025"
"11.01.2018 01:00 - 11.01.2018 02:00","1943","1971"
"11.01.2018 02:00 - 11.01.2018 03:00","1925","1945"
"11.01.2018 03:00 - 11.01.2018 04:00","1964","1951"
"11.01.2018 04:00 - 11.01.2018 05:00","2006","1988"
"11.01.2018 05:00 - 11.01.2018 06:00","2137","2127"
"11.01.2018 06:00 - 11.01.2018 07:00","2548","2545"
"11.01.2018 07:00 - 11.01.2018 08:00","2986","2978"
"11.01.2018 08:00 - 11.01.2018 09:00","3126","3120"
"11.01.2018 09:00 - 11.01.2018 10:00","3090","3093"
"11.01.2018 10:00 - 11.01.2018 11:00","3140","3159"
"11.01.2018 11:00 - 11.01.2018 12:00","3135","3130"
"11.01.2018 12:00 - 11.01.2018 13:00","3054","3062"
"11.01.2018 13:00 - 11.01.2018 14:00","3049","3063"
"11.01.2018 14:00 - 11.01.2018 15:00","3007","3038"
"11.01.2018 15:00 - 11.01.2018 16:00","2964","2972"
"11.01.2018 16:00 - 11.01.2018 17:00","3067","3058"
"11.01.2018 17:00 - 11.01.2018 18:00","3297","3252"
"11.01.2018 18:00 - 11.01.2018 19:00","3120","3057"
"11.01.2018 19:00 - 11.01.2018 20:00","2912","2885"
"11.01.2018 20:00 - 11.01.2018 21:00","2719","2697"
"11.01.2018 21:00 - 11.01.2018 22:00","2553","2491"
"11.01.2018 22:00 - 11.01.2018 23:00","2320","2296"
"11.01.2018 23:00 - 12.01.2018 00:00","2167","2116"
"12.01.2018 00:00 - 12.01.2018 01:00","1998","1989"
"12.01.2018 01:00 - 12.01.2018 02:00","1920","1946"
"12.01.2018 02:00 - 12.01.2018 03:00","1908","1914"
"12.01.2018 03:00 - 12.01.2018 04:00","1910","1922"
"12.01.2018 04:00 - 12.01.2018 05:00","1960","1966"
"12.01.2018 05:00 - 12.01.2018 06:00","2119","2118"
"12.01.2018 06:00 - 12.01.2018 07:00","2531","2516"
"12.01.2018 07:00 - 12.01.2018 08:00","2954","2950"
"12.01.2018 08:00 - 12.01.2018 09:00","3082","3085"
"12.01.2018 09:00 - 12.01.2018 10:00","3030","3042"
"12.01.2018 10:00 - 12.01.2018 11:00","3079","3082"
"12.01.2018 11:00 - 12.01.2018 12:00","3039","3055"
"12.01.2018 12:00 - 12.01.2018 13:00","2904","2925"
"12.01.2018 13:00 - 12.01.2018 14:00","2866","2877"
"12.01.2018 14:00 - 12.01.2018 15:00","2771","2786"
"12.01.2018 15:00 - 12.01.2018 16:00","2730","2728"
"12.01.2018 16:00 - 12.01.2018 17:00","2838","2830"
"12.01.2018 17:00 - 12.01.2018 18:00","3054","3036"
"12.01.2018 18:00 - 12.01.2018 19:00","2934","2928"
"12.01.2018 19:00 - 12.01.2018 20:00","2702","2686"
"12.01.2018 20:00 - 12.01.2018 21:00","2493","2492"
"12.01.2018 21:00 - 12.01.2018 22:00","2322","2335"
"12.01.2018 22:00 - 12.01.2018 23:00","2179","2188"
"12.01.2018 23:00 - 13.01.2018 00:00","2028","2008"
"13.01.2018 00:00 - 13.01.2018 01:00","1882","1898"
"13.01.2018 01:00 - 13.01.2018 02:00","1793","1827"
"13.01.2018 02:00 - 13.01.2018 03:00","1776","1784"
"13.01.2018 03:00 - 13.01.2018 04:00","1767","1782"
"13.01.2018 04:00 - 13.01.2018 05:00","1797","1800"
"13.01.2018 05:00 - 13.01.2018 06:00","1855","1864"
"13.01.2018 06:00 - 13.01.2018 07:00","1981","1988"
"13.01.2018 07:00 - 13.01.2018 08:00","2192","2185"
"13.01.2018 08:00 - 13.01.2018 09:00","2402","2390"
"13.01.2018 09:00 - 13.01.2018 10:00","2489","2506"
"13.01.2018 10:00 - 13.01.2018 11:00","2562","2576"
"13.01.2018 11:00 - 13.01.2018 12:00","2559","2559"
"13.01.2018 12:00 - 13.01.2018 13:00","2501","2503"
"13.01.2018 13:00 - 13.01.2018 14:00","2443","2465"
"13.01.2018 14:00 - 13.01.2018 15:00","2433","2444"
"13.01.2018 15:00 - 13.01.2018 16:00","2456","2456"
"13.01.2018 16:00 - 13.01.2018 17:00","2586","2551"
"13.01.2018 17:00 - 13.01.2018 18:00","2803","2783"
"13.01.2018 18:00 - 13.01.2018 19:00","2712","2688"
"13.01.2018 19:00 - 13.01.2018 20:00","2517","2444"
"13.01.2018 20:00 - 13.01.2018 21:00","2372","2294"
"13.01.2018 21:00 - 13.01.2018 22:00","2146","2150"
"13.01.2018 22:00 - 13.01.2018 23:00","2025","2038"
"13.01.2018 23:00 - 14.01.2018 00:00","1922","1891"
"14.01.2018 00:00 - 14.01.2018 01:00","1806","1823"
"14.01.2018 01:00 - 14.01.2018 02:00","1763","1821"
"14.01.2018 02:00 - 14.01.2018 03:00","1763","1803"
"14.01.2018 03:00 - 14.01.2018 04:00","1768","1798"
"14.01.2018 04:00 - 14.01.2018 05:00","1806","1803"
"14.01.2018 05:00 - 14.01.2018 06:00","1836","1830"
"14.01.2018 06:00 - 14.01.2018 07:00","1923","1923"
"14.01.2018 07:00 - 14.01.2018 08:00","2075","2061"
"14.01.2018 08:00 - 14.01.2018 09:00","2217","2225"
"14.01.2018 09:00 - 14.01.2018 10:00","2322","2330"
"14.01.2018 10:00 - 14.01.2018 11:00","2384","2421"
"14.01.2018 11:00 - 14.01.2018 12:00","2433","2435"
"14.01.2018 12:00 - 14.01.2018 13:00","2383","2377"
"14.01.2018 13:00 - 14.01.2018 14:00","2357","2357"
"14.01.2018 14:00 - 14.01.2018 15:00","2338","2347"
"14.01.2018 15:00 - 14.01.2018 16:00","2349","2350"
"14.01.2018 16:00 - 14.01.2018 17:00","2502","2500"
"14.01.2018 17:00 - 14.01.2018 18:00","2814","2789"
"14.01.2018 18:00 - 14.01.2018 19:00","2691","2671"
"14.01.2018 19:00 - 14.01.2018 20:00","2503","2519"
"14.01.2018 20:00 - 14.01.2018 21:00","2358","2347"
"14.01.2018 21:00 - 14.01.2018 22:00","2234","2224"
"14.01.2018 22:00 - 14.01.2018 23:00","2081","2085"
"14.01.2018 23:00 - 15.01.2018 00:00","1994","1965"
"15.01.2018 00:00 - 15.01.2018 01:00","1895","1858"
"15.01.2018 01:00 - 15.01.2018 02:00","1825","1778"
"15.01.2018 02:00 - 15.01.2018 03:00","1772","1767"
"15.01.2018 03:00 - 15.01.2018 04:00","1802","1784"
"15.01.2018 04:00 - 15.01.2018 05:00","1885","1889"
"15.01.2018 05:00 - 15.01.2018 06:00","2013","1972"
"15.01.2018 06:00 - 15.01.2018 07:00","2457","2453"
"15.01.2018 07:00 - 15.01.2018 08:00","2946","2923"
"15.01.2018 08:00 - 15.01.2018 09:00","3070","3049"
"15.01.2018 09:00 - 15.01.2018 10:00","3001","3012"
"15.01.2018 10:00 - 15.01.2018 11:00","3043","3067"
"15.01.2018 11:00 - 15.01.2018 12:00","3070","3090"
"15.01.2018 12:00 - 15.01.2018 13:00","2976","2948"
"15.01.2018 13:00 - 15.01.2018 14:00","2951","3013"
"15.01.2018 14:00 - 15.01.2018 15:00","2991","3002"
"15.01.2018 15:00 - 15.01.2018 16:00","2941","2977"
"15.01.2018 16:00 - 15.01.2018 17:00","3052","3060"
"15.01.2018 17:00 - 15.01.2018 18:00","3276","3259"
"15.01.2018 18:00 - 15.01.2018 19:00","3089","3106"
"15.01.2018 19:00 - 15.01.2018 20:00","2890","2920"
"15.01.2018 20:00 - 15.01.2018 21:00","2719","2754"
"15.01.2018 21:00 - 15.01.2018 22:00","2583","2616"
"15.01.2018 22:00 - 15.01.2018 23:00","2424","2420"
"15.01.2018 23:00 - 16.01.2018 00:00","2236","2234"
"16.01.2018 00:00 - 16.01.2018 01:00","2094","2088"
"16.01.2018 01:00 - 16.01.2018 02:00","2022","2056"
"16.01.2018 02:00 - 16.01.2018 03:00","1990","1971"
"16.01.2018 03:00 - 16.01.2018 04:00","1983","1968"
"16.01.2018 04:00 - 16.01.2018 05:00","2033","2058"
"16.01.2018 05:00 - 16.01.2018 06:00","2254","2276"
"16.01.2018 06:00 - 16.01.2018 07:00","2653","2648"
"16.01.2018 07:00 - 16.01.2018 08:00","3066","3028"
"16.01.2018 08:00 - 16.01.2018 09:00","3145","3109"
"16.01.2018 09:00 - 16.01.2018 10:00","3088","3102"
"16.01.2018 10:00 - 16.01.2018 11:00","3163","3152"
"16.01.2018 11:00 - 16.01.2018 12:00","3163","3181"
"16.01.2018 12:00 - 16.01.2018 13:00","3118","3093"
"16.01.2018 13:00 - 16.01.2018 14:00","3074","3072"
"16.01.2018 14:00 - 16.01.2018 15:00","3030","3059"
"16.01.2018 15:00 - 16.01.2018 16:00","2976","2992"
"16.01.2018 16:00 - 16.01.2018 17:00","3066","3065"
"16.01.2018 17:00 - 16.01.2018 18:00","3254","3254"
"16.01.2018 18:00 - 16.01.2018 19:00","3099","3116"
"16.01.2018 19:00 - 16.01.2018 20:00","2919","2925"
"16.01.2018 20:00 - 16.01.2018 21:00","2734","2726"
"16.01.2018 21:00 - 16.01.2018 22:00","2538","2538"
"16.01.2018 22:00 - 16.01.2018 23:00","2352","2339"
"16.01.2018 23:00 - 17.01.2018 00:00","2185","2182"
"17.01.2018 00:00 - 17.01.2018 01:00","2072","2095"
"17.01.2018 01:00 - 17.01.2018 02:00","2023","2056"
"17.01.2018 02:00 - 17.01.2018 03:00","2031","2031"
"17.01.2018 03:00 - 17.01.2018 04:00","2026","2031"
"17.01.2018 04:00 - 17.01.2018 05:00","2065","2073"
"17.01.2018 05:00 - 17.01.2018 06:00","2233","2233"
"17.01.2018 06:00 - 17.01.2018 07:00","2631","2615"
"17.01.2018 07:00 - 17.01.2018 08:00","3053","3020"
"17.01.2018 08:00 - 17.01.2018 09:00","3155","3153"
"17.01.2018 09:00 - 17.01.2018 10:00","3100","5374"
"17.01.2018 10:00 - 17.01.2018 11:00","3167","3193"
"17.01.2018 11:00 - 17.01.2018 12:00","3173","3155"
"17.01.2018 12:00 - 17.01.2018 13:00","3084","3074"
"17.01.2018 13:00 - 17.01.2018 14:00","3049","3079"
"17.01.2018 14:00 - 17.01.2018 15:00","3016","3029"
"17.01.2018 15:00 - 17.01.2018 16:00","2925","2940"
"17.01.2018 16:00 - 17.01.2018 17:00","3015","3032"
"17.01.2018 17:00 - 17.01.2018 18:00","3252","3247"
"17.01.2018 18:00 - 17.01.2018 19:00","3092","3119"
"17.01.2018 19:00 - 17.01.2018 20:00","2930","2933"
"17.01.2018 20:00 - 17.01.2018 21:00","2777","2791"
"17.01.2018 21:00 - 17.01.2018 22:00","2575","2564"
"17.01.2018 22:00 - 17.01.2018 23:00","2392","2376"
"17.01.2018 23:00 - 18.01.2018 00:00","2269","2214"
"18.01.2018 00:00 - 18.01.2018 01:00","2088","2071"
"18.01.2018 01:00 - 18.01.2018 02:00","2011","2029"
"18.01.2018 02:00 - 18.01.2018 03:00","2002","2004"
"18.01.2018 03:00 - 18.01.2018 04:00","2034","2009"
"18.01.2018 04:00 - 18.01.2018 05:00","2053","2039"
"18.01.2018 05:00 - 18.01.2018 06:00","2200","2186"
"18.01.2018 06:00 - 18.01.2018 07:00","2587","2582"
"18.01.2018 07:00 - 18.01.2018 08:00","3016","2981"
"18.01.2018 08:00 - 18.01.2018 09:00","3123","3148"
"18.01.2018 09:00 - 18.01.2018 10:00","3094","3115"
"18.01.2018 10:00 - 18.01.2018 11:00","3159","3186"
"18.01.2018 11:00 - 18.01.2018 12:00","3132","3190"
"18.01.2018 12:00 - 18.01.2018 13:00","3077","3113"
"18.01.2018 13:00 - 18.01.2018 14:00","3097","3117"
"18.01.2018 14:00 - 18.01.2018 15:00","3049","3070"
"18.01.2018 15:00 - 18.01.2018 16:00","2979","2999"
"18.01.2018 16:00 - 18.01.2018 17:00","3052","3045"
"18.01.2018 17:00 - 18.01.2018 18:00","3271","3274"
"18.01.2018 18:00 - 18.01.2018 19:00","3111","3124"
"18.01.2018 19:00 - 18.01.2018 20:00","2917","2930"
"18.01.2018 20:00 - 18.01.2018 21:00","2742","2749"
"18.01.2018 21:00 - 18.01.2018 22:00","2566","2568"
"18.01.2018 22:00 - 18.01.2018 23:00","2381","2369"
"18.01.2018 23:00 - 19.01.2018 00:00","2219","2178"
"19.01.2018 00:00 - 19.01.2018 01:00","2060","2085"
"19.01.2018 01:00 - 19.01.2018 02:00","2012","2034"
"19.01.2018 02:00 - 19.01.2018 03:00","2014","2000"
"19.01.2018 03:00 - 19.01.2018 04:00","2012","2008"
"19.01.2018 04:00 - 19.01.2018 05:00","2068","2060"
"19.01.2018 05:00 - 19.01.2018 06:00","2231","2216"
"19.01.2018 06:00 - 19.01.2018 07:00","2607","2599"
"19.01.2018 07:00 - 19.01.2018 08:00","3033","3015"
"19.01.2018 08:00 - 19.01.2018 09:00","3155","3137"
"19.01.2018 09:00 - 19.01.2018 10:00","3099","3091"
"19.01.2018 10:00 - 19.01.2018 11:00","3107","3108"
"19.01.2018 11:00 - 19.01.2018 12:00","3045","3042"
"19.01.2018 12:00 - 19.01.2018 13:00","2906","2908"
"19.01.2018 13:00 - 19.01.2018 14:00","2804","2825"
"19.01.2018 14:00 - 19.01.2018 15:00","2694","2732"
"19.01.2018 15:00 - 19.01.2018 16:00","2665","2679"
"19.01.2018 16:00 - 19.01.2018 17:00","2777","2774"
"19.01.2018 17:00 - 19.01.2018 18:00","3044","3011"
"19.01.2018 18:00 - 19.01.2018 19:00","2904","2898"
"19.01.2018 19:00 - 19.01.2018 20:00","2665","2655"
"19.01.2018 20:00 - 19.01.2018 21:00","2472","2480"
"19.01.2018 21:00 - 19.01.2018 22:00","2337","2327"
"19.01.2018 22:00 - 19.01.2018 23:00","2182","2180"
"19.01.2018 23:00 - 20.01.2018 00:00","2060","2049"
"20.01.2018 00:00 - 20.01.2018 01:00","1930","1916"
"20.01.2018 01:00 - 20.01.2018 02:00","1819","1821"
"20.01.2018 02:00 - 20.01.2018 03:00","1761","1782"
"20.01.2018 03:00 - 20.01.2018 04:00","1767","1785"
"20.01.2018 04:00 - 20.01.2018 05:00","1791","1803"
"20.01.2018 05:00 - 20.01.2018 06:00","1860","1859"
"20.01.2018 06:00 - 20.01.2018 07:00","1996","1987"
"20.01.2018 07:00 - 20.01.2018 08:00","2187","2167"
"20.01.2018 08:00 - 20.01.2018 09:00","2364","2359"
"20.01.2018 09:00 - 20.01.2018 10:00","2468","2459"
"20.01.2018 10:00 - 20.01.2018 11:00","2505","2514"
"20.01.2018 11:00 - 20.01.2018 12:00","2494","2506"
"20.01.2018 12:00 - 20.01.2018 13:00","2430","2445"
"20.01.2018 13:00 - 20.01.2018 14:00","2391","2395"
"20.01.2018 14:00 - 20.01.2018 15:00","2350","2377"
"20.01.2018 15:00 - 20.01.2018 16:00","2373","2385"
"20.01.2018 16:00 - 20.01.2018 17:00","2509","2497"
"20.01.2018 17:00 - 20.01.2018 18:00","2787","2739"
"20.01.2018 18:00 - 20.01.2018 19:00","2663","2655"
"20.01.2018 19:00 - 20.01.2018 20:00","2444","2456"
"20.01.2018 20:00 - 20.01.2018 21:00","2287","2299"
"20.01.2018 21:00 - 20.01.2018 22:00","2158","2165"
"20.01.2018 22:00 - 20.01.2018 23:00","2021","2050"
"20.01.2018 23:00 - 21.01.2018 00:00","1902","1934"
"21.01.2018 00:00 - 21.01.2018 01:00","1827","1830"
"21.01.2018 01:00 - 21.01.2018 02:00","1737","1751"
"21.01.2018 02:00 - 21.01.2018 03:00","1693","1724"
"21.01.2018 03:00 - 21.01.2018 04:00","1702","1723"
"21.01.2018 04:00 - 21.01.2018 05:00","1721","1745"
"21.01.2018 05:00 - 21.01.2018 06:00","1779","1788"
"21.01.2018 06:00 - 21.01.2018 07:00","1905","1908"
"21.01.2018 07:00 - 21.01.2018 08:00","2083","2086"
"21.01.2018 08:00 - 21.01.2018 09:00","2254","2244"
"21.01.2018 09:00 - 21.01.2018 10:00","2353","2348"
"21.01.2018 10:00 - 21.01.2018 11:00","2416","2404"
"21.01.2018 11:00 - 21.01.2018 12:00","2424","2388"
"21.01.2018 12:00 - 21.01.2018 13:00","2372","2342"
"21.01.2018 13:00 - 21.01.2018 14:00","2326","2313"
"21.01.2018 14:00 - 21.01.2018 15:00","2317","2299"
"21.01.2018 15:00 - 21.01.2018 16:00","2337","2318"
"21.01.2018 16:00 - 21.01.2018 17:00","2463","2474"
"21.01.2018 17:00 - 21.01.2018 18:00","2798","2814"
"21.01.2018 18:00 - 21.01.2018 19:00","2739","2704"
"21.01.2018 19:00 - 21.01.2018 20:00","2539","2512"
"21.01.2018 20:00 - 21.01.2018 21:00","2344","2391"
"21.01.2018 21:00 - 21.01.2018 22:00","2260","2273"
"21.01.2018 22:00 - 21.01.2018 23:00","2139","2119"
"21.01.2018 23:00 - 22.01.2018 00:00","2021","1985"
"22.01.2018 00:00 - 22.01.2018 01:00","1888","1908"
"22.01.2018 01:00 - 22.01.2018 02:00","1851","1866"
"22.01.2018 02:00 - 22.01.2018 03:00","1846","1841"
"22.01.2018 03:00 - 22.01.2018 04:00","1852","1854"
"22.01.2018 04:00 - 22.01.2018 05:00","1912","1914"
"22.01.2018 05:00 - 22.01.2018 06:00","2082","2089"
"22.01.2018 06:00 - 22.01.2018 07:00","2525","2488"
"22.01.2018 07:00 - 22.01.2018 08:00","2933","2887"
"22.01.2018 08:00 - 22.01.2018 09:00","3062","3062"
"22.01.2018 09:00 - 22.01.2018 10:00","3047","3039"
"22.01.2018 10:00 - 22.01.2018 11:00","3100","3110"
"22.01.2018 11:00 - 22.01.2018 12:00","3116","3117"
"22.01.2018 12:00 - 22.01.2018 13:00","3035","3044"
"22.01.2018 13:00 - 22.01.2018 14:00","3054","3070"
"22.01.2018 14:00 - 22.01.2018 15:00","3020","3019"
"22.01.2018 15:00 - 22.01.2018 16:00","2915","2910"
"22.01.2018 16:00 - 22.01.2018 17:00","2957","2944"
"22.01.2018 17:00 - 22.01.2018 18:00","3241","3196"
"22.01.2018 18:00 - 22.01.2018 19:00","3064","3054"
"22.01.2018 19:00 - 22.01.2018 20:00","2857","2849"
"22.01.2018 20:00 - 22.01.2018 21:00","2660","2654"
"22.01.2018 21:00 - 22.01.2018 22:00","2495","2476"
"22.01.2018 22:00 - 22.01.2018 23:00","2249","2315"
"22.01.2018 23:00 - 23.01.2018 00:00","2093","2153"
"23.01.2018 00:00 - 23.01.2018 01:00","2024","2022"
"23.01.2018 01:00 - 23.01.2018 02:00","1957","1966"
"23.01.2018 02:00 - 23.01.2018 03:00","1933","1940"
"23.01.2018 03:00 - 23.01.2018 04:00","1944","1947"
"23.01.2018 04:00 - 23.01.2018 05:00","2007","1999"
"23.01.2018 05:00 - 23.01.2018 06:00","2161","2144"
"23.01.2018 06:00 - 23.01.2018 07:00","2568","2538"
"23.01.2018 07:00 - 23.01.2018 08:00","2984","2956"
"23.01.2018 08:00 - 23.01.2018 09:00","3081","3058"
"23.01.2018 09:00 - 23.01.2018 10:00","3020","3015"
"23.01.2018 10:00 - 23.01.2018 11:00","3052","3059"
"23.01.2018 11:00 - 23.01.2018 12:00","3045","3038"
"23.01.2018 12:00 - 23.01.2018 13:00","2979","3016"
"23.01.2018 13:00 - 23.01.2018 14:00","3042","3068"
"23.01.2018 14:00 - 23.01.2018 15:00","3015","3023"
"23.01.2018 15:00 - 23.01.2018 16:00","2941","2954"
"23.01.2018 16:00 - 23.01.2018 17:00","2984","2960"
"23.01.2018 17:00 - 23.01.2018 18:00","3221","3163"
"23.01.2018 18:00 - 23.01.2018 19:00","3024","3037"
"23.01.2018 19:00 - 23.01.2018 20:00","2813","2828"
"23.01.2018 20:00 - 23.01.2018 21:00","2628","2657"
"23.01.2018 21:00 - 23.01.2018 22:00","2485","2504"
"23.01.2018 22:00 - 23.01.2018 23:00","2316","2295"
"23.01.2018 23:00 - 24.01.2018 00:00","2161","2171"
"24.01.2018 00:00 - 24.01.2018 01:00","2049","2052"
"24.01.2018 01:00 - 24.01.2018 02:00","1973","1990"
"24.01.2018 02:00 - 24.01.2018 03:00","1938","1934"
"24.01.2018 03:00 - 24.01.2018 04:00","1923","1914"
"24.01.2018 04:00 - 24.01.2018 05:00","1963","1962"
"24.01.2018 05:00 - 24.01.2018 06:00","2062","2030"
"24.01.2018 06:00 - 24.01.2018 07:00","2471","2454"
"24.01.2018 07:00 - 24.01.2018 08:00","2882","2856"
"24.01.2018 08:00 - 24.01.2018 09:00","3014","3041"
"24.01.2018 09:00 - 24.01.2018 10:00","3008","3000"
"24.01.2018 10:00 - 24.01.2018 11:00","3011","3010"
"24.01.2018 11:00 - 24.01.2018 12:00","2999","3003"
"24.01.2018 12:00 - 24.01.2018 13:00","2922","2895"
"24.01.2018 13:00 - 24.01.2018 14:00","2899","2887"
"24.01.2018 14:00 - 24.01.2018 15:00","2857","2839"
"24.01.2018 15:00 - 24.01.2018 16:00","2781","2780"
"24.01.2018 16:00 - 24.01.2018 17:00","2849","2831"
"24.01.2018 17:00 - 24.01.2018 18:00","3080","3074"
"24.01.2018 18:00 - 24.01.2018 19:00","2941","2940"
"24.01.2018 19:00 - 24.01.2018 20:00","2743","2784"
"24.01.2018 20:00 - 24.01.2018 21:00","2609","2630"
"24.01.2018 21:00 - 24.01.2018 22:00","2438","2448"
"24.01.2018 22:00 - 24.01.2018 23:00","2286","2271"
"24.01.2018 23:00 - 25.01.2018 00:00","2137","2078"
"25.01.2018 00:00 - 25.01.2018 01:00","1931","1934"
"25.01.2018 01:00 - 25.01.2018 02:00","1845","1879"
"25.01.2018 02:00 - 25.01.2018 03:00","1830","1848"
"25.01.2018 03:00 - 25.01.2018 04:00","1852","1847"
"25.01.2018 04:00 - 25.01.2018 05:00","1897","1912"
"25.01.2018 05:00 - 25.01.2018 06:00","2050","2019"
"25.01.2018 06:00 - 25.01.2018 07:00","2417","2378"
"25.01.2018 07:00 - 25.01.2018 08:00","2819","2800"
"25.01.2018 08:00 - 25.01.2018 09:00","2956","2959"
"25.01.2018 09:00 - 25.01.2018 10:00","2943","2966"
"25.01.2018 10:00 - 25.01.2018 11:00","3000","3009"
"25.01.2018 11:00 - 25.01.2018 12:00","2970","2963"
"25.01.2018 12:00 - 25.01.2018 13:00","2881","2865"
"25.01.2018 13:00 - 25.01.2018 14:00","2879","2861"
"25.01.2018 14:00 - 25.01.2018 15:00","2840","2868"
"25.01.2018 15:00 - 25.01.2018 16:00","2800","2790"
"25.01.2018 16:00 - 25.01.2018 17:00","2871","2891"
"25.01.2018 17:00 - 25.01.2018 18:00","3130","3121"
"25.01.2018 18:00 - 25.01.2018 19:00","3012","3002"
"25.01.2018 19:00 - 25.01.2018 20:00","2799","2808"
"25.01.2018 20:00 - 25.01.2018 21:00","2595","2589"
"25.01.2018 21:00 - 25.01.2018 22:00","2404","2422"
"25.01.2018 22:00 - 25.01.2018 23:00","2247","2222"
"25.01.2018 23:00 - 26.01.2018 00:00","2104","2063"
"26.01.2018 00:00 - 26.01.2018 01:00","1931","1940"
"26.01.2018 01:00 - 26.01.2018 02:00","1859","1884"
"26.01.2018 02:00 - 26.01.2018 03:00","1833","1858"
"26.01.2018 03:00 - 26.01.2018 04:00","1839","1859"
"26.01.2018 04:00 - 26.01.2018 05:00","1906","1922"
"26.01.2018 05:00 - 26.01.2018 06:00","2086","2082"
"26.01.2018 06:00 - 26.01.2018 07:00","2503","2480"
"26.01.2018 07:00 - 26.01.2018 08:00","2956","2963"
"26.01.2018 08:00 - 26.01.2018 09:00","3054","3058"
"26.01.2018 09:00 - 26.01.2018 10:00","2995","3022"
"26.01.2018 10:00 - 26.01.2018 11:00","3059","3051"
"26.01.2018 11:00 - 26.01.2018 12:00","2994","2987"
"26.01.2018 12:00 - 26.01.2018 13:00","2848","2848"
"26.01.2018 13:00 - 26.01.2018 14:00","2745","2770"
"26.01.2018 14:00 - 26.01.2018 15:00","2622","2673"
"26.01.2018 15:00 - 26.01.2018 16:00","2593","2619"
"26.01.2018 16:00 - 26.01.2018 17:00","2711","2703"
"26.01.2018 17:00 - 26.01.2018 18:00","2980","2960"
"26.01.2018 18:00 - 26.01.2018 19:00","2856","2837"
"26.01.2018 19:00 - 26.01.2018 20:00","2609","2601"
"26.01.2018 20:00 - 26.01.2018 21:00","2398","2404"
"26.01.2018 21:00 - 26.01.2018 22:00","2263","2246"
"26.01.2018 22:00 - 26.01.2018 23:00","2126","2117"
"26.01.2018 23:00 - 27.01.2018 00:00","1992","1978"
"27.01.2018 00:00 - 27.01.2018 01:00","1874","1864"
"27.01.2018 01:00 - 27.01.2018 02:00","1790","1791"
"27.01.2018 02:00 - 27.01.2018 03:00","1749","1759"
"27.01.2018 03:00 - 27.01.2018 04:00","1760","1755"
"27.01.2018 04:00 - 27.01.2018 05:00","1778","1784"
"27.01.2018 05:00 - 27.01.2018 06:00","1839","1853"
"27.01.2018 06:00 - 27.01.2018 07:00","1986","1985"
"27.01.2018 07:00 - 27.01.2018 08:00","2168","2175"
"27.01.2018 08:00 - 27.01.2018 09:00","2343","2342"
"27.01.2018 09:00 - 27.01.2018 10:00","2444","2451"
"27.01.2018 10:00 - 27.01.2018 11:00","2478","2475"
"27.01.2018 11:00 - 27.01.2018 12:00","2466","2512"
"27.01.2018 12:00 - 27.01.2018 13:00","2416","2411"
"27.01.2018 13:00 - 27.01.2018 14:00","2379","2389"
"27.01.2018 14:00 - 27.01.2018 15:00","2333","2337"
"27.01.2018 15:00 - 27.01.2018 16:00","2344","2354"
"27.01.2018 16:00 - 27.01.2018 17:00","2450","2442"
"27.01.2018 17:00 - 27.01.2018 18:00","2701","2668"
"27.01.2018 18:00 - 27.01.2018 19:00","2596","2566"
"27.01.2018 19:00 - 27.01.2018 20:00","2377","2379"
"27.01.2018 20:00 - 27.01.2018 21:00","2220","2226"
"27.01.2018 21:00 - 27.01.2018 22:00","2130","2153"
"27.01.2018 22:00 - 27.01.2018 23:00","2012","2058"
"27.01.2018 23:00 - 28.01.2018 00:00","1887","1948"
"28.01.2018 00:00 - 28.01.2018 01:00","1823","1831"
"28.01.2018 01:00 - 28.01.2018 02:00","1761","1766"
"28.01.2018 02:00 - 28.01.2018 03:00","1703","1689"
"28.01.2018 03:00 - 28.01.2018 04:00","1677","1660"
"28.01.2018 04:00 - 28.01.2018 05:00","1669","1672"
"28.01.2018 05:00 - 28.01.2018 06:00","1717","1725"
"28.01.2018 06:00 - 28.01.2018 07:00","1817","1835"
"28.01.2018 07:00 - 28.01.2018 08:00","2005","1997"
"28.01.2018 08:00 - 28.01.2018 09:00","2117","2105"
"28.01.2018 09:00 - 28.01.2018 10:00","2121","2048"
"28.01.2018 10:00 - 28.01.2018 11:00","2080","2056"
"28.01.2018 11:00 - 28.01.2018 12:00","2097","2063"
"28.01.2018 12:00 - 28.01.2018 13:00","2068","2050"
"28.01.2018 13:00 - 28.01.2018 14:00","2025","2008"
"28.01.2018 14:00 - 28.01.2018 15:00","2018","2002"
"28.01.2018 15:00 - 28.01.2018 16:00","2035","2033"
"28.01.2018 16:00 - 28.01.2018 17:00","2140","2121"
"28.01.2018 17:00 - 28.01.2018 18:00","2502","2502"
"28.01.2018 18:00 - 28.01.2018 19:00","2448","2435"
"28.01.2018 19:00 - 28.01.2018 20:00","2284","2278"
"28.01.2018 20:00 - 28.01.2018 21:00","2162","2177"
"28.01.2018 21:00 - 28.01.2018 22:00","2060","2061"
"28.01.2018 22:00 - 28.01.2018 23:00","1946","1964"
"28.01.2018 23:00 - 29.01.2018 00:00","1843","1862"
"29.01.2018 00:00 - 29.01.2018 01:00","1786","1773"
"29.01.2018 01:00 - 29.01.2018 02:00","1703","1658"
"29.01.2018 02:00 - 29.01.2018 03:00","1571","1580"
"29.01.2018 03:00 - 29.01.2018 04:00","1619","1610"
"29.01.2018 04:00 - 29.01.2018 05:00","1679","1658"
"29.01.2018 05:00 - 29.01.2018 06:00","1843","1838"
"29.01.2018 06:00 - 29.01.2018 07:00","2239","2215"
"29.01.2018 07:00 - 29.01.2018 08:00","2658","2608"
"29.01.2018 08:00 - 29.01.2018 09:00","2821","2854"
"29.01.2018 09:00 - 29.01.2018 10:00","2831","2853"
"29.01.2018 10:00 - 29.01.2018 11:00","2920","2955"
"29.01.2018 11:00 - 29.01.2018 12:00","2946","2891"
"29.01.2018 12:00 - 29.01.2018 13:00","2806","2810"
"29.01.2018 13:00 - 29.01.2018 14:00","2818","2862"
"29.01.2018 14:00 - 29.01.2018 15:00","2857","2926"
"29.01.2018 15:00 - 29.01.2018 16:00","2844","2868"
"29.01.2018 16:00 - 29.01.2018 17:00","2859","2806"
"29.01.2018 17:00 - 29.01.2018 18:00","3035","3045"
"29.01.2018 18:00 - 29.01.2018 19:00","3021","3027"
"29.01.2018 19:00 - 29.01.2018 20:00","2746","2701"
"29.01.2018 20:00 - 29.01.2018 21:00","2520","2532"
"29.01.2018 21:00 - 29.01.2018 22:00","2473","2645"
"29.01.2018 22:00 - 29.01.2018 23:00","2563","2270"
"29.01.2018 23:00 - 30.01.2018 00:00","2406","2302"
"30.01.2018 00:00 - 30.01.2018 01:00","2121","2199"
"30.01.2018 01:00 - 30.01.2018 02:00","2075","2242"
"30.01.2018 02:00 - 30.01.2018 03:00","2130","2229"
"30.01.2018 03:00 - 30.01.2018 04:00","2218","2337"
"30.01.2018 04:00 - 30.01.2018 05:00","2335","2453"
"30.01.2018 05:00 - 30.01.2018 06:00","2600","2662"
"30.01.2018 06:00 - 30.01.2018 07:00","2859","2818"
"30.01.2018 07:00 - 30.01.2018 08:00","3216","3332"
"30.01.2018 08:00 - 30.01.2018 09:00","3400","3454"
"30.01.2018 09:00 - 30.01.2018 10:00","3431","3514"
"30.01.2018 10:00 - 30.01.2018 11:00","3463","3517"
"30.01.2018 11:00 - 30.01.2018 12:00","3439","3422"
"30.01.2018 12:00 - 30.01.2018 13:00","3201","3205"
"30.01.2018 13:00 - 30.01.2018 14:00","3235","3284"
"30.01.2018 14:00 - 30.01.2018 15:00","3204","3135"
"30.01.2018 15:00 - 30.01.2018 16:00","2974","2967"
"30.01.2018 16:00 - 30.01.2018 17:00","3032","3065"
"30.01.2018 17:00 - 30.01.2018 18:00","3342","3339"
"30.01.2018 18:00 - 30.01.2018 19:00","3237","3230"
"30.01.2018 19:00 - 30.01.2018 20:00","3074","3010"
"30.01.2018 20:00 - 30.01.2018 21:00","2866","2833"
"30.01.2018 21:00 - 30.01.2018 22:00","2709","2698"
"30.01.2018 22:00 - 30.01.2018 23:00","2547","2547"
"30.01.2018 23:00 - 31.01.2018 00:00","2359","2334"
"31.01.2018 00:00 - 31.01.2018 01:00","2146","2184"
"31.01.2018 01:00 - 31.01.2018 02:00","2023","2073"
"31.01.2018 02:00 - 31.01.2018 03:00","1995","2038"
"31.01.2018 03:00 - 31.01.2018 04:00","1966","2038"
"31.01.2018 04:00 - 31.01.2018 05:00","2039","2100"
"31.01.2018 05:00 - 31.01.2018 06:00","2247","2276"
"31.01.2018 06:00 - 31.01.2018 07:00","2581","2605"
"31.01.2018 07:00 - 31.01.2018 08:00","2998","3027"
"31.01.2018 08:00 - 31.01.2018 09:00","3109","3097"
"31.01.2018 09:00 - 31.01.2018 10:00","3054","3035"
"31.01.2018 10:00 - 31.01.2018 11:00","3086","3096"
"31.01.2018 11:00 - 31.01.2018 12:00","3066","3062"
"31.01.2018 12:00 - 31.01.2018 13:00","2973","2967"
"31.01.2018 13:00 - 31.01.2018 14:00","2970","3004"
"31.01.2018 14:00 - 31.01.2018 15:00","2944","2937"
"31.01.2018 15:00 - 31.01.2018 16:00","2853","2876"
"31.01.2018 16:00 - 31.01.2018 17:00","2861","2853"
"31.01.2018 17:00 - 31.01.2018 18:00","3103","3074"
"31.01.2018 18:00 - 31.01.2018 19:00","2970","2964"
"31.01.2018 19:00 - 31.01.2018 20:00","2787","2767"
"31.01.2018 20:00 - 31.01.2018 21:00","2629","2599"
"31.01.2018 21:00 - 31.01.2018 22:00","2468","2448"
"31.01.2018 22:00 - 31.01.2018 23:00","2286","2302"
"31.01.2018 23:00 - 01.02.2018 00:00","2153","2106"
"01.02.2018 00:00 - 01.02.2018 01:00","1983","1973"
"01.02.2018 01:00 - 01.02.2018 02:00","1891","1905"
"01.02.2018 02:00 - 01.02.2018 03:00","1890","1893"
"01.02.2018 03:00 - 01.02.2018 04:00","1921","1945"
"01.02.2018 04:00 - 01.02.2018 05:00","1998","1998"
"01.02.2018 05:00 - 01.02.2018 06:00","2159","2134"
"01.02.2018 06:00 - 01.02.2018 07:00","2502","2482"
"01.02.2018 07:00 - 01.02.2018 08:00","2975","2976"
"01.02.2018 08:00 - 01.02.2018 09:00","3063","3027"
"01.02.2018 09:00 - 01.02.2018 10:00","3048","3040"
"01.02.2018 10:00 - 01.02.2018 11:00","3077","3068"
"01.02.2018 11:00 - 01.02.2018 12:00","3006","2965"
"01.02.2018 12:00 - 01.02.2018 13:00","2890","2883"
"01.02.2018 13:00 - 01.02.2018 14:00","2881","2924"
"01.02.2018 14:00 - 01.02.2018 15:00","2874","2892"
"01.02.2018 15:00 - 01.02.2018 16:00","2784","2773"
"01.02.2018 16:00 - 01.02.2018 17:00","2798","2799"
"01.02.2018 17:00 - 01.02.2018 18:00","3067","3040"
"01.02.2018 18:00 - 01.02.2018 19:00","2944","2947"
"01.02.2018 19:00 - 01.02.2018 20:00","2759","2751"
"01.02.2018 20:00 - 01.02.2018 21:00","2571","2562"
"01.02.2018 21:00 - 01.02.2018 22:00","2406","2426"
"01.02.2018 22:00 - 01.02.2018 23:00","2227","2232"
"01.02.2018 23:00 - 02.02.2018 00:00","2050","2039"
"02.02.2018 00:00 - 02.02.2018 01:00","1955","1989"
"02.02.2018 01:00 - 02.02.2018 02:00","1922","1939"
"02.02.2018 02:00 - 02.02.2018 03:00","1941","1946"
"02.02.2018 03:00 - 02.02.2018 04:00","1952","1977"
"02.02.2018 04:00 - 02.02.2018 05:00","2012","1984"
"02.02.2018 05:00 - 02.02.2018 06:00","2141","2137"
"02.02.2018 06:00 - 02.02.2018 07:00","2524","2547"
"02.02.2018 07:00 - 02.02.2018 08:00","2979","2991"
"02.02.2018 08:00 - 02.02.2018 09:00","3110","3133"
"02.02.2018 09:00 - 02.02.2018 10:00","3100","3089"
"02.02.2018 10:00 - 02.02.2018 11:00","3120","3116"
"02.02.2018 11:00 - 02.02.2018 12:00","3068","3077"
"02.02.2018 12:00 - 02.02.2018 13:00","2935","2939"
"02.02.2018 13:00 - 02.02.2018 14:00","2860","2879"
"02.02.2018 14:00 - 02.02.2018 15:00","2756","2750"
"02.02.2018 15:00 - 02.02.2018 16:00","2669","2670"
"02.02.2018 16:00 - 02.02.2018 17:00","2738","2731"
"02.02.2018 17:00 - 02.02.2018 18:00","2987","2982"
"02.02.2018 18:00 - 02.02.2018 19:00","2902","2890"
"02.02.2018 19:00 - 02.02.2018 20:00","2677","2670"
"02.02.2018 20:00 - 02.02.2018 21:00","2504","2494"
"02.02.2018 21:00 - 02.02.2018 22:00","2378","2363"
"02.02.2018 22:00 - 02.02.2018 23:00","2233","2219"
"02.02.2018 23:00 - 03.02.2018 00:00","2096","2071"
"03.02.2018 00:00 - 03.02.2018 01:00","1951","1973"
"03.02.2018 01:00 - 03.02.2018 02:00","1879","1910"
"03.02.2018 02:00 - 03.02.2018 03:00","1842","1877"
"03.02.2018 03:00 - 03.02.2018 04:00","1844","1879"
"03.02.2018 04:00 - 03.02.2018 05:00","1874","1897"
"03.02.2018 05:00 - 03.02.2018 06:00","1937","1947"
"03.02.2018 06:00 - 03.02.2018 07:00","2068","2056"
"03.02.2018 07:00 - 03.02.2018 08:00","2284","2251"
"03.02.2018 08:00 - 03.02.2018 09:00","2468","2467"
"03.02.2018 09:00 - 03.02.2018 10:00","2595","2600"
"03.02.2018 10:00 - 03.02.2018 11:00","2617","2661"
"03.02.2018 11:00 - 03.02.2018 12:00","2610","2643"
"03.02.2018 12:00 - 03.02.2018 13:00","2579","2605"
"03.02.2018 13:00 - 03.02.2018 14:00","2539","2561"
"03.02.2018 14:00 - 03.02.2018 15:00","2516","2534"
"03.02.2018 15:00 - 03.02.2018 16:00","2518","2509"
"03.02.2018 16:00 - 03.02.2018 17:00","2605","2583"
"03.02.2018 17:00 - 03.02.2018 18:00","2860","2847"
"03.02.2018 18:00 - 03.02.2018 19:00","2781","2777"
"03.02.2018 19:00 - 03.02.2018 20:00","2550","2549"
"03.02.2018 20:00 - 03.02.2018 21:00","2391","2397"
"03.02.2018 21:00 - 03.02.2018 22:00","2265","2257"
"03.02.2018 22:00 - 03.02.2018 23:00","2145","2127"
"03.02.2018 23:00 - 04.02.2018 00:00","2015","1983"
"04.02.2018 00:00 - 04.02.2018 01:00","1859","1843"
"04.02.2018 01:00 - 04.02.2018 02:00","1756","1751"
"04.02.2018 02:00 - 04.02.2018 03:00","1720","1744"
"04.02.2018 03:00 - 04.02.2018 04:00","1759","1760"
"04.02.2018 04:00 - 04.02.2018 05:00","1784","1797"
"04.02.2018 05:00 - 04.02.2018 06:00","1840","1846"
"04.02.2018 06:00 - 04.02.2018 07:00","1938","1909"
"04.02.2018 07:00 - 04.02.2018 08:00","2065","2061"
"04.02.2018 08:00 - 04.02.2018 09:00","2229","2226"
"04.02.2018 09:00 - 04.02.2018 10:00","2346","2351"
"04.02.2018 10:00 - 04.02.2018 11:00","2411","2390"
"04.02.2018 11:00 - 04.02.2018 12:00","2416","2364"
"04.02.2018 12:00 - 04.02.2018 13:00","2367","2335"
"04.02.2018 13:00 - 04.02.2018 14:00","2318","2332"
"04.02.2018 14:00 - 04.02.2018 15:00","2331","2380"
"04.02.2018 15:00 - 04.02.2018 16:00","2367","2387"
"04.02.2018 16:00 - 04.02.2018 17:00","2471","2463"
"04.02.2018 17:00 - 04.02.2018 18:00","2811","2800"
"04.02.2018 18:00 - 04.02.2018 19:00","2834","2800"
"04.02.2018 19:00 - 04.02.2018 20:00","2606","2609"
"04.02.2018 20:00 - 04.02.2018 21:00","2435","2455"
"04.02.2018 21:00 - 04.02.2018 22:00","2289","2328"
"04.02.2018 22:00 - 04.02.2018 23:00","2199","2210"
"04.02.2018 23:00 - 05.02.2018 00:00","2079","2106"
"05.02.2018 00:00 - 05.02.2018 01:00","1996","2006"
"05.02.2018 01:00 - 05.02.2018 02:00","1960","2000"
"05.02.2018 02:00 - 05.02.2018 03:00","1970","1982"
"05.02.2018 03:00 - 05.02.2018 04:00","1985","1979"
"05.02.2018 04:00 - 05.02.2018 05:00","2026","2040"
"05.02.2018 05:00 - 05.02.2018 06:00","2219","2200"
"05.02.2018 06:00 - 05.02.2018 07:00","2681","2615"
"05.02.2018 07:00 - 05.02.2018 08:00","3081","3036"
"05.02.2018 08:00 - 05.02.2018 09:00","3166","3180"
"05.02.2018 09:00 - 05.02.2018 10:00","3174","3162"
"05.02.2018 10:00 - 05.02.2018 11:00","3128","3120"
"05.02.2018 11:00 - 05.02.2018 12:00","3092","3086"
"05.02.2018 12:00 - 05.02.2018 13:00","3028","3004"
"05.02.2018 13:00 - 05.02.2018 14:00","3047","3038"
"05.02.2018 14:00 - 05.02.2018 15:00","3019","3003"
"05.02.2018 15:00 - 05.02.2018 16:00","2888","2911"
"05.02.2018 16:00 - 05.02.2018 17:00","2922","2944"
"05.02.2018 17:00 - 05.02.2018 18:00","3253","3261"
"05.02.2018 18:00 - 05.02.2018 19:00","3193","3215"
"05.02.2018 19:00 - 05.02.2018 20:00","3002","3021"
"05.02.2018 20:00 - 05.02.2018 21:00","2795","2825"
"05.02.2018 21:00 - 05.02.2018 22:00","2614","2641"
"05.02.2018 22:00 - 05.02.2018 23:00","2431","2483"
"05.02.2018 23:00 - 06.02.2018 00:00","2256","2303"
"06.02.2018 00:00 - 06.02.2018 01:00","2169","2191"
"06.02.2018 01:00 - 06.02.2018 02:00","2101","2148"
"06.02.2018 02:00 - 06.02.2018 03:00","2090","2131"
"06.02.2018 03:00 - 06.02.2018 04:00","2131","2140"
"06.02.2018 04:00 - 06.02.2018 05:00","2205","2183"
"06.02.2018 05:00 - 06.02.2018 06:00","2358","2334"
"06.02.2018 06:00 - 06.02.2018 07:00","2768","2721"
"06.02.2018 07:00 - 06.02.2018 08:00","3138","3148"
"06.02.2018 08:00 - 06.02.2018 09:00","3222","3217"
"06.02.2018 09:00 - 06.02.2018 10:00","3201","3186"
"06.02.2018 10:00 - 06.02.2018 11:00","3212","3192"
"06.02.2018 11:00 - 06.02.2018 12:00","3151","3131"
"06.02.2018 12:00 - 06.02.2018 13:00","3063","3023"
"06.02.2018 13:00 - 06.02.2018 14:00","3024","3355"
"06.02.2018 14:00 - 06.02.2018 15:00","2979","3062"
"06.02.2018 15:00 - 06.02.2018 16:00","2907","2952"
"06.02.2018 16:00 - 06.02.2018 17:00","2955","2957"
"06.02.2018 17:00 - 06.02.2018 18:00","3241","3240"
"06.02.2018 18:00 - 06.02.2018 19:00","3196","3182"
"06.02.2018 19:00 - 06.02.2018 20:00","2993","2973"
"06.02.2018 20:00 - 06.02.2018 21:00","2829","2814"
"06.02.2018 21:00 - 06.02.2018 22:00","2673","2645"
"06.02.2018 22:00 - 06.02.2018 23:00","2492","2455"
"06.02.2018 23:00 - 07.02.2018 00:00","2324","2268"
"07.02.2018 00:00 - 07.02.2018 01:00","2114","2138"
"07.02.2018 01:00 - 07.02.2018 02:00","2044","2092"
"07.02.2018 02:00 - 07.02.2018 03:00","2036","2065"
"07.02.2018 03:00 - 07.02.2018 04:00","2067","2080"
"07.02.2018 04:00 - 07.02.2018 05:00","2131","2125"
"07.02.2018 05:00 - 07.02.2018 06:00","2307","2263"
"07.02.2018 06:00 - 07.02.2018 07:00","2698","2656"
"07.02.2018 07:00 - 07.02.2018 08:00","3094","3081"
"07.02.2018 08:00 - 07.02.2018 09:00","3172","3153"
"07.02.2018 09:00 - 07.02.2018 10:00","3131","3116"
"07.02.2018 10:00 - 07.02.2018 11:00","3151","3144"
"07.02.2018 11:00 - 07.02.2018 12:00","3134","3120"
"07.02.2018 12:00 - 07.02.2018 13:00","3031","3036"
"07.02.2018 13:00 - 07.02.2018 14:00","3044","3047"
"07.02.2018 14:00 - 07.02.2018 15:00","2985","2964"
"07.02.2018 15:00 - 07.02.2018 16:00","2849","2867"
"07.02.2018 16:00 - 07.02.2018 17:00","2887","2879"
"07.02.2018 17:00 - 07.02.2018 18:00","3168","3160"
"07.02.2018 18:00 - 07.02.2018 19:00","3130","3129"
"07.02.2018 19:00 - 07.02.2018 20:00","2915","2902"
"07.02.2018 20:00 - 07.02.2018 21:00","2746","2756"
"07.02.2018 21:00 - 07.02.2018 22:00","2593","2596"
"07.02.2018 22:00 - 07.02.2018 23:00","2412","2403"
"07.02.2018 23:00 - 08.02.2018 00:00","2255","2239"
"08.02.2018 00:00 - 08.02.2018 01:00","2119","2140"
"08.02.2018 01:00 - 08.02.2018 02:00","2073","2098"
"08.02.2018 02:00 - 08.02.2018 03:00","2055","2062"
"08.02.2018 03:00 - 08.02.2018 04:00","2062","2080"
"08.02.2018 04:00 - 08.02.2018 05:00","2140","2136"
"08.02.2018 05:00 - 08.02.2018 06:00","2305","2287"
"08.02.2018 06:00 - 08.02.2018 07:00","2710","2703"
"08.02.2018 07:00 - 08.02.2018 08:00","3161","3090"
"08.02.2018 08:00 - 08.02.2018 09:00","3176","3161"
"08.02.2018 09:00 - 08.02.2018 10:00","3135","3120"
"08.02.2018 10:00 - 08.02.2018 11:00","3144","3135"
"08.02.2018 11:00 - 08.02.2018 12:00","3096","3104"
"08.02.2018 12:00 - 08.02.2018 13:00","2988","2998"
"08.02.2018 13:00 - 08.02.2018 14:00","3010","3003"
"08.02.2018 14:00 - 08.02.2018 15:00","2937","2924"
"08.02.2018 15:00 - 08.02.2018 16:00","2828","2831"
"08.02.2018 16:00 - 08.02.2018 17:00","2879","2892"
"08.02.2018 17:00 - 08.02.2018 18:00","3204","3204"
"08.02.2018 18:00 - 08.02.2018 19:00","3160","3154"
"08.02.2018 19:00 - 08.02.2018 20:00","2939","2963"
"08.02.2018 20:00 - 08.02.2018 21:00","2771","2808"
"08.02.2018 21:00 - 08.02.2018 22:00","2621","2634"
"08.02.2018 22:00 - 08.02.2018 23:00","2445","2436"
"08.02.2018 23:00 - 09.02.2018 00:00","2284","2270"
"09.02.2018 00:00 - 09.02.2018 01:00","2156","2154"
"09.02.2018 01:00 - 09.02.2018 02:00","2085","2087"
"09.02.2018 02:00 - 09.02.2018 03:00","2068","2064"
"09.02.2018 03:00 - 09.02.2018 04:00","2074","2074"
"09.02.2018 04:00 - 09.02.2018 05:00","2111","2135"
"09.02.2018 05:00 - 09.02.2018 06:00","2300","2300"
"09.02.2018 06:00 - 09.02.2018 07:00","2699","2670"
"09.02.2018 07:00 - 09.02.2018 08:00","3092","3088"
"09.02.2018 08:00 - 09.02.2018 09:00","3190","3179"
"09.02.2018 09:00 - 09.02.2018 10:00","3130","3127"
"09.02.2018 10:00 - 09.02.2018 11:00","3129","3114"
"09.02.2018 11:00 - 09.02.2018 12:00","3057","3035"
"09.02.2018 12:00 - 09.02.2018 13:00","2906","2911"
"09.02.2018 13:00 - 09.02.2018 14:00","2832","2832"
"09.02.2018 14:00 - 09.02.2018 15:00","2709","2698"
"09.02.2018 15:00 - 09.02.2018 16:00","2626","2643"
"09.02.2018 16:00 - 09.02.2018 17:00","2726","2758"
"09.02.2018 17:00 - 09.02.2018 18:00","2999","3017"
"09.02.2018 18:00 - 09.02.2018 19:00","3046","3013"
"09.02.2018 19:00 - 09.02.2018 20:00","2789","2790"
"09.02.2018 20:00 - 09.02.2018 21:00","2597","2603"
"09.02.2018 21:00 - 09.02.2018 22:00","2454","2461"
"09.02.2018 22:00 - 09.02.2018 23:00","2290","2307"
"09.02.2018 23:00 - 10.02.2018 00:00","2140","2163"
"10.02.2018 00:00 - 10.02.2018 01:00","2038","2065"
"10.02.2018 01:00 - 10.02.2018 02:00","1974","1992"
"10.02.2018 02:00 - 10.02.2018 03:00","1949","1965"
"10.02.2018 03:00 - 10.02.2018 04:00","1937","1960"
"10.02.2018 04:00 - 10.02.2018 05:00","1976","1978"
"10.02.2018 05:00 - 10.02.2018 06:00","2051","2046"
"10.02.2018 06:00 - 10.02.2018 07:00","2168","2153"
"10.02.2018 07:00 - 10.02.2018 08:00","2329","2334"
"10.02.2018 08:00 - 10.02.2018 09:00","2477","2489"
"10.02.2018 09:00 - 10.02.2018 10:00","2594","2596"
"10.02.2018 10:00 - 10.02.2018 11:00","2635","2636"
"10.02.2018 11:00 - 10.02.2018 12:00","2603","2588"
"10.02.2018 12:00 - 10.02.2018 13:00","2530","2535"
"10.02.2018 13:00 - 10.02.2018 14:00","2476","2485"
"10.02.2018 14:00 - 10.02.2018 15:00","2447","2464"
"10.02.2018 15:00 - 10.02.2018 16:00","2442","2471"
"10.02.2018 16:00 - 10.02.2018 17:00","2534","2556"
"10.02.2018 17:00 - 10.02.2018 18:00","2837","2826"
"10.02.2018 18:00 - 10.02.2018 19:00","2813","2748"
"10.02.2018 19:00 - 10.02.2018 20:00","2521","2491"
"10.02.2018 20:00 - 10.02.2018 21:00","2338","2305"
"10.02.2018 21:00 - 10.02.2018 22:00","2180","2180"
"10.02.2018 22:00 - 10.02.2018 23:00","2105","2062"
"10.02.2018 23:00 - 11.02.2018 00:00","2038","1944"
"11.02.2018 00:00 - 11.02.2018 01:00","1841","1865"
"11.02.2018 01:00 - 11.02.2018 02:00","1815","1820"
"11.02.2018 02:00 - 11.02.2018 03:00","1811","1807"
"11.02.2018 03:00 - 11.02.2018 04:00","1773","1750"
"11.02.2018 04:00 - 11.02.2018 05:00","1753","1760"
"11.02.2018 05:00 - 11.02.2018 06:00","1803","1821"
"11.02.2018 06:00 - 11.02.2018 07:00","1945","1976"
"11.02.2018 07:00 - 11.02.2018 08:00","2111","2118"
"11.02.2018 08:00 - 11.02.2018 09:00","2300","2309"
"11.02.2018 09:00 - 11.02.2018 10:00","2420","2451"
"11.02.2018 10:00 - 11.02.2018 11:00","2485","2504"
"11.02.2018 11:00 - 11.02.2018 12:00","2519","2542"
"11.02.2018 12:00 - 11.02.2018 13:00","2488","2533"
"11.02.2018 13:00 - 11.02.2018 14:00","2415","2441"
"11.02.2018 14:00 - 11.02.2018 15:00","2429","2480"
"11.02.2018 15:00 - 11.02.2018 16:00","2492","2490"
"11.02.2018 16:00 - 11.02.2018 17:00","2576","2534"
"11.02.2018 17:00 - 11.02.2018 18:00","2830","2776"
"11.02.2018 18:00 - 11.02.2018 19:00","2776","2726"
"11.02.2018 19:00 - 11.02.2018 20:00","2550","2518"
"11.02.2018 20:00 - 11.02.2018 21:00","2395","2368"
"11.02.2018 21:00 - 11.02.2018 22:00","2250","2243"
"11.02.2018 22:00 - 11.02.2018 23:00","2113","2232"
"11.02.2018 23:00 - 12.02.2018 00:00","2022","2097"
"12.02.2018 00:00 - 12.02.2018 01:00","2003","1989"
"12.02.2018 01:00 - 12.02.2018 02:00","1951","1971"
"12.02.2018 02:00 - 12.02.2018 03:00","1960","1976"
"12.02.2018 03:00 - 12.02.2018 04:00","1969","1959"
"12.02.2018 04:00 - 12.02.2018 05:00","2012","1992"
"12.02.2018 05:00 - 12.02.2018 06:00","2083","2051"
"12.02.2018 06:00 - 12.02.2018 07:00","2438","2429"
"12.02.2018 07:00 - 12.02.2018 08:00","2842","2866"
"12.02.2018 08:00 - 12.02.2018 09:00","3066","3111"
"12.02.2018 09:00 - 12.02.2018 10:00","3143","3167"
"12.02.2018 10:00 - 12.02.2018 11:00","3189","3210"
"12.02.2018 11:00 - 12.02.2018 12:00","3194","3121"
"12.02.2018 12:00 - 12.02.2018 13:00","3041","3017"
"12.02.2018 13:00 - 12.02.2018 14:00","2992","2984"
"12.02.2018 14:00 - 12.02.2018 15:00","2947","2985"
"12.02.2018 15:00 - 12.02.2018 16:00","2841","2863"
"12.02.2018 16:00 - 12.02.2018 17:00","2782","2806"
"12.02.2018 17:00 - 12.02.2018 18:00","3083","3095"
"12.02.2018 18:00 - 12.02.2018 19:00","3121","3104"
"12.02.2018 19:00 - 12.02.2018 20:00","2906","2879"
"12.02.2018 20:00 - 12.02.2018 21:00","2669","2670"
"12.02.2018 21:00 - 12.02.2018 22:00","2539","2546"
"12.02.2018 22:00 - 12.02.2018 23:00","2388","2370"
"12.02.2018 23:00 - 13.02.2018 00:00","2255","2156"
"13.02.2018 00:00 - 13.02.2018 01:00","2093","2081"
"13.02.2018 01:00 - 13.02.2018 02:00","2017","2047"
"13.02.2018 02:00 - 13.02.2018 03:00","2019","2005"
"13.02.2018 03:00 - 13.02.2018 04:00","2026","1997"
"13.02.2018 04:00 - 13.02.2018 05:00","2078","2080"
"13.02.2018 05:00 - 13.02.2018 06:00","2232","2215"
"13.02.2018 06:00 - 13.02.2018 07:00","2539","2541"
"13.02.2018 07:00 - 13.02.2018 08:00","2938","2966"
"13.02.2018 08:00 - 13.02.2018 09:00","3061","3067"
"13.02.2018 09:00 - 13.02.2018 10:00","3083","3090"
"13.02.2018 10:00 - 13.02.2018 11:00","3138","3127"
"13.02.2018 11:00 - 13.02.2018 12:00","3088","3069"
"13.02.2018 12:00 - 13.02.2018 13:00","2995","2986"
"13.02.2018 13:00 - 13.02.2018 14:00","2982","2996"
"13.02.2018 14:00 - 13.02.2018 15:00","2931","2921"
"13.02.2018 15:00 - 13.02.2018 16:00","2803","2819"
"13.02.2018 16:00 - 13.02.2018 17:00","2798","2794"
"13.02.2018 17:00 - 13.02.2018 18:00","3040","3062"
"13.02.2018 18:00 - 13.02.2018 19:00","3054","3054"
"13.02.2018 19:00 - 13.02.2018 20:00","2888","2882"
"13.02.2018 20:00 - 13.02.2018 21:00","2730","2723"
"13.02.2018 21:00 - 13.02.2018 22:00","2552","2534"
"13.02.2018 22:00 - 13.02.2018 23:00","2380","2360"
"13.02.2018 23:00 - 14.02.2018 00:00","2224","2195"
"14.02.2018 00:00 - 14.02.2018 01:00","2066","2092"
"14.02.2018 01:00 - 14.02.2018 02:00","2008","2049"
"14.02.2018 02:00 - 14.02.2018 03:00","2011","2025"
"14.02.2018 03:00 - 14.02.2018 04:00","2030","2030"
"14.02.2018 04:00 - 14.02.2018 05:00","2078","2098"
"14.02.2018 05:00 - 14.02.2018 06:00","2234","2239"
"14.02.2018 06:00 - 14.02.2018 07:00","2569","2579"
"14.02.2018 07:00 - 14.02.2018 08:00","2954","2938"
"14.02.2018 08:00 - 14.02.2018 09:00","3067","3033"
"14.02.2018 09:00 - 14.02.2018 10:00","3027","3019"
"14.02.2018 10:00 - 14.02.2018 11:00","3058","3038"
"14.02.2018 11:00 - 14.02.2018 12:00","2991","2977"
"14.02.2018 12:00 - 14.02.2018 13:00","2891","2882"
"14.02.2018 13:00 - 14.02.2018 14:00","2903","2916"
"14.02.2018 14:00 - 14.02.2018 15:00","2852","2856"
"14.02.2018 15:00 - 14.02.2018 16:00","2717","2732"
"14.02.2018 16:00 - 14.02.2018 17:00","2740","2743"
"14.02.2018 17:00 - 14.02.2018 18:00","2978","2991"
"14.02.2018 18:00 - 14.02.2018 19:00","3021","3009"
"14.02.2018 19:00 - 14.02.2018 20:00","2835","2822"
"14.02.2018 20:00 - 14.02.2018 21:00","2662","2638"
"14.02.2018 21:00 - 14.02.2018 22:00","2503","2535"
"14.02.2018 22:00 - 14.02.2018 23:00","2366","2383"
"14.02.2018 23:00 - 15.02.2018 00:00","2203","2240"
"15.02.2018 00:00 - 15.02.2018 01:00","2117","2162"
"15.02.2018 01:00 - 15.02.2018 02:00","2085","2137"
"15.02.2018 02:00 - 15.02.2018 03:00","2114","2122"
"15.02.2018 03:00 - 15.02.2018 04:00","2116","2141"
"15.02.2018 04:00 - 15.02.2018 05:00","2163","2166"
"15.02.2018 05:00 - 15.02.2018 06:00","2330","2283"
"15.02.2018 06:00 - 15.02.2018 07:00","2599","2618"
"15.02.2018 07:00 - 15.02.2018 08:00","2981","2985"
"15.02.2018 08:00 - 15.02.2018 09:00","3095","3104"
"15.02.2018 09:00 - 15.02.2018 10:00","3106","3110"
"15.02.2018 10:00 - 15.02.2018 11:00","3107","3110"
"15.02.2018 11:00 - 15.02.2018 12:00","3114","3132"
"15.02.2018 12:00 - 15.02.2018 13:00","3027","3012"
"15.02.2018 13:00 - 15.02.2018 14:00","3016","3028"
"15.02.2018 14:00 - 15.02.2018 15:00","2957","3014"
"15.02.2018 15:00 - 15.02.2018 16:00","2910","2951"
"15.02.2018 16:00 - 15.02.2018 17:00","2915","2940"
"15.02.2018 17:00 - 15.02.2018 18:00","3146","3132"
"15.02.2018 18:00 - 15.02.2018 19:00","3083","3054"
"15.02.2018 19:00 - 15.02.2018 20:00","2872","2845"
"15.02.2018 20:00 - 15.02.2018 21:00","2713","2705"
"15.02.2018 21:00 - 15.02.2018 22:00","2569","2540"
"15.02.2018 22:00 - 15.02.2018 23:00","2406","2361"
"15.02.2018 23:00 - 16.02.2018 00:00","2260","2183"
"16.02.2018 00:00 - 16.02.2018 01:00","2055","2068"
"16.02.2018 01:00 - 16.02.2018 02:00","1989","2022"
"16.02.2018 02:00 - 16.02.2018 03:00","1975","2008"
"16.02.2018 03:00 - 16.02.2018 04:00","1968","1973"
"16.02.2018 04:00 - 16.02.2018 05:00","2019","2010"
"16.02.2018 05:00 - 16.02.2018 06:00","2156","2195"
"16.02.2018 06:00 - 16.02.2018 07:00","2494","2495"
"16.02.2018 07:00 - 16.02.2018 08:00","2837","2839"
"16.02.2018 08:00 - 16.02.2018 09:00","2984","2962"
"16.02.2018 09:00 - 16.02.2018 10:00","2973","2959"
"16.02.2018 10:00 - 16.02.2018 11:00","2994","2974"
"16.02.2018 11:00 - 16.02.2018 12:00","2919","2901"
"16.02.2018 12:00 - 16.02.2018 13:00","2785","2796"
"16.02.2018 13:00 - 16.02.2018 14:00","2693","2694"
"16.02.2018 14:00 - 16.02.2018 15:00","2606","2610"
"16.02.2018 15:00 - 16.02.2018 16:00","2536","2534"
"16.02.2018 16:00 - 16.02.2018 17:00","2574","2603"
"16.02.2018 17:00 - 16.02.2018 18:00","2821","2784"
"16.02.2018 18:00 - 16.02.2018 19:00","2821","2771"
"16.02.2018 19:00 - 16.02.2018 20:00","2607","2595"
"16.02.2018 20:00 - 16.02.2018 21:00","2428","2450"
"16.02.2018 21:00 - 16.02.2018 22:00","2330","2302"
"16.02.2018 22:00 - 16.02.2018 23:00","2253","2155"
"16.02.2018 23:00 - 17.02.2018 00:00","2146","2044"
"17.02.2018 00:00 - 17.02.2018 01:00","1919","1956"
"17.02.2018 01:00 - 17.02.2018 02:00","1810","1850"
"17.02.2018 02:00 - 17.02.2018 03:00","1791","1822"
"17.02.2018 03:00 - 17.02.2018 04:00","1787","1808"
"17.02.2018 04:00 - 17.02.2018 05:00","1842","1831"
"17.02.2018 05:00 - 17.02.2018 06:00","1913","1892"
"17.02.2018 06:00 - 17.02.2018 07:00","2018","1993"
"17.02.2018 07:00 - 17.02.2018 08:00","2157","2166"
"17.02.2018 08:00 - 17.02.2018 09:00","2322","2327"
"17.02.2018 09:00 - 17.02.2018 10:00","2444","2423"
"17.02.2018 10:00 - 17.02.2018 11:00","2478","2435"
"17.02.2018 11:00 - 17.02.2018 12:00","2432","2428"
"17.02.2018 12:00 - 17.02.2018 13:00","2364","2369"
"17.02.2018 13:00 - 17.02.2018 14:00","2318","2305"
"17.02.2018 14:00 - 17.02.2018 15:00","2273","2262"
"17.02.2018 15:00 - 17.02.2018 16:00","2258","2254"
"17.02.2018 16:00 - 17.02.2018 17:00","2329","2326"
"17.02.2018 17:00 - 17.02.2018 18:00","2591","2580"
"17.02.2018 18:00 - 17.02.2018 19:00","2647","2658"
"17.02.2018 19:00 - 17.02.2018 20:00","2434","2458"
"17.02.2018 20:00 - 17.02.2018 21:00","2289","2312"
"17.02.2018 21:00 - 17.02.2018 22:00","2182","2178"
"17.02.2018 22:00 - 17.02.2018 23:00","2069","2036"
"17.02.2018 23:00 - 18.02.2018 00:00","1964","1924"
"18.02.2018 00:00 - 18.02.2018 01:00","1833","1842"
"18.02.2018 01:00 - 18.02.2018 02:00","1771","1787"
"18.02.2018 02:00 - 18.02.2018 03:00","1738","1750"
"18.02.2018 03:00 - 18.02.2018 04:00","1742","1746"
"18.02.2018 04:00 - 18.02.2018 05:00","1754","1758"
"18.02.2018 05:00 - 18.02.2018 06:00","1789","1798"
"18.02.2018 06:00 - 18.02.2018 07:00","1902","1893"
"18.02.2018 07:00 - 18.02.2018 08:00","2044","2032"
"18.02.2018 08:00 - 18.02.2018 09:00","2180","2182"
"18.02.2018 09:00 - 18.02.2018 10:00","2299","2305"
"18.02.2018 10:00 - 18.02.2018 11:00","2357","2342"
"18.02.2018 11:00 - 18.02.2018 12:00","2366","2330"
"18.02.2018 12:00 - 18.02.2018 13:00","2321","2279"
"18.02.2018 13:00 - 18.02.2018 14:00","2265","2253"
"18.02.2018 14:00 - 18.02.2018 15:00","2237","2248"
"18.02.2018 15:00 - 18.02.2018 16:00","2265","2291"
"18.02.2018 16:00 - 18.02.2018 17:00","2361","2346"
"18.02.2018 17:00 - 18.02.2018 18:00","2651","2639"
"18.02.2018 18:00 - 18.02.2018 19:00","2713","2717"
"18.02.2018 19:00 - 18.02.2018 20:00","2532","2544"
"18.02.2018 20:00 - 18.02.2018 21:00","2359","2382"
"18.02.2018 21:00 - 18.02.2018 22:00","2236","2242"
"18.02.2018 22:00 - 18.02.2018 23:00","2092","2078"
"18.02.2018 23:00 - 19.02.2018 00:00","1983","1960"
"19.02.2018 00:00 - 19.02.2018 01:00","1902","1900"
"19.02.2018 01:00 - 19.02.2018 02:00","1856","1853"
"19.02.2018 02:00 - 19.02.2018 03:00","1837","1847"
"19.02.2018 03:00 - 19.02.2018 04:00","1869","1874"
"19.02.2018 04:00 - 19.02.2018 05:00","1938","1908"
"19.02.2018 05:00 - 19.02.2018 06:00","2094","2086"
"19.02.2018 06:00 - 19.02.2018 07:00","2504","2491"
"19.02.2018 07:00 - 19.02.2018 08:00","2887","2897"
"19.02.2018 08:00 - 19.02.2018 09:00","3021","3024"
"19.02.2018 09:00 - 19.02.2018 10:00","3037","3031"
"19.02.2018 10:00 - 19.02.2018 11:00","3081","3072"
"19.02.2018 11:00 - 19.02.2018 12:00","3074","3069"
"19.02.2018 12:00 - 19.02.2018 13:00","3008","3003"
"19.02.2018 13:00 - 19.02.2018 14:00","3040","3034"
"19.02.2018 14:00 - 19.02.2018 15:00","2975","2991"
"19.02.2018 15:00 - 19.02.2018 16:00","2879","2897"
"19.02.2018 16:00 - 19.02.2018 17:00","2866","2892"
"19.02.2018 17:00 - 19.02.2018 18:00","3097","3099"
"19.02.2018 18:00 - 19.02.2018 19:00","3053","3032"
"19.02.2018 19:00 - 19.02.2018 20:00","2829","2819"
"19.02.2018 20:00 - 19.02.2018 21:00","2667","2663"
"19.02.2018 21:00 - 19.02.2018 22:00","2488","2488"
"19.02.2018 22:00 - 19.02.2018 23:00","2310","2300"
"19.02.2018 23:00 - 20.02.2018 00:00","2142","2117"
"20.02.2018 00:00 - 20.02.2018 01:00","1998","2013"
"20.02.2018 01:00 - 20.02.2018 02:00","1936","1953"
"20.02.2018 02:00 - 20.02.2018 03:00","1954","1949"
"20.02.2018 03:00 - 20.02.2018 04:00","1932","1950"
"20.02.2018 04:00 - 20.02.2018 05:00","2003","2002"
"20.02.2018 05:00 - 20.02.2018 06:00","2188","2144"
"20.02.2018 06:00 - 20.02.2018 07:00","2553","2525"
"20.02.2018 07:00 - 20.02.2018 08:00","2926","2897"
"20.02.2018 08:00 - 20.02.2018 09:00","2994","2976"
"20.02.2018 09:00 - 20.02.2018 10:00","3014","2980"
"20.02.2018 10:00 - 20.02.2018 11:00","3028","3012"
"20.02.2018 11:00 - 20.02.2018 12:00","2987","2956"
"20.02.2018 12:00 - 20.02.2018 13:00","2895","2902"
"20.02.2018 13:00 - 20.02.2018 14:00","2921","2919"
"20.02.2018 14:00 - 20.02.2018 15:00","2864","2861"
"20.02.2018 15:00 - 20.02.2018 16:00","2761","2770"
"20.02.2018 16:00 - 20.02.2018 17:00","2777","2778"
"20.02.2018 17:00 - 20.02.2018 18:00","2980","3014"
"20.02.2018 18:00 - 20.02.2018 19:00","3033","3043"
"20.02.2018 19:00 - 20.02.2018 20:00","2864","2857"
"20.02.2018 20:00 - 20.02.2018 21:00","2664","2703"
"20.02.2018 21:00 - 20.02.2018 22:00","2535","2535"
"20.02.2018 22:00 - 20.02.2018 23:00","2385","2358"
"20.02.2018 23:00 - 21.02.2018 00:00","2246","2182"
"21.02.2018 00:00 - 21.02.2018 01:00","2055","2073"
"21.02.2018 01:00 - 21.02.2018 02:00","1995","2016"
"21.02.2018 02:00 - 21.02.2018 03:00","1993","1998"
"21.02.2018 03:00 - 21.02.2018 04:00","1998","2007"
"21.02.2018 04:00 - 21.02.2018 05:00","2046","2061"
"21.02.2018 05:00 - 21.02.2018 06:00","2228","2208"
"21.02.2018 06:00 - 21.02.2018 07:00","2602","2585"
"21.02.2018 07:00 - 21.02.2018 08:00","2976","2958"
"21.02.2018 08:00 - 21.02.2018 09:00","3063","3067"
"21.02.2018 09:00 - 21.02.2018 10:00","3049","3020"
"21.02.2018 10:00 - 21.02.2018 11:00","2974","2960"
"21.02.2018 11:00 - 21.02.2018 12:00","3000","3000"
"21.02.2018 12:00 - 21.02.2018 13:00","2916","2909"
"21.02.2018 13:00 - 21.02.2018 14:00","2930","2927"
"21.02.2018 14:00 - 21.02.2018 15:00","2884","2901"
"21.02.2018 15:00 - 21.02.2018 16:00","2799","2998"
"21.02.2018 16:00 - 21.02.2018 17:00","2795","2824"
"21.02.2018 17:00 - 21.02.2018 18:00","3002","3040"
"21.02.2018 18:00 - 21.02.2018 19:00","3028","3055"
"21.02.2018 19:00 - 21.02.2018 20:00","2883","2857"
"21.02.2018 20:00 - 21.02.2018 21:00","2681","2706"
"21.02.2018 21:00 - 21.02.2018 22:00","2560","2509"
"21.02.2018 22:00 - 21.02.2018 23:00","2411","2294"
"21.02.2018 23:00 - 22.02.2018 00:00","2247","2128"
"22.02.2018 00:00 - 22.02.2018 01:00","1991","2023"
"22.02.2018 01:00 - 22.02.2018 02:00","1924","1975"
"22.02.2018 02:00 - 22.02.2018 03:00","1953","1948"
"22.02.2018 03:00 - 22.02.2018 04:00","1979","1951"
"22.02.2018 04:00 - 22.02.2018 05:00","1996","2009"
"22.02.2018 05:00 - 22.02.2018 06:00","2196","2164"
"22.02.2018 06:00 - 22.02.2018 07:00","2639","2555"
"22.02.2018 07:00 - 22.02.2018 08:00","2939","2944"
"22.02.2018 08:00 - 22.02.2018 09:00","3046","3049"
"22.02.2018 09:00 - 22.02.2018 10:00","3041","3035"
"22.02.2018 10:00 - 22.02.2018 11:00","3095","3094"
"22.02.2018 11:00 - 22.02.2018 12:00","3078","3084"
"22.02.2018 12:00 - 22.02.2018 13:00","2996","2982"
"22.02.2018 13:00 - 22.02.2018 14:00","2986","2962"
"22.02.2018 14:00 - 22.02.2018 15:00","2888","2887"
"22.02.2018 15:00 - 22.02.2018 16:00","2783","2777"
"22.02.2018 16:00 - 22.02.2018 17:00","2749","2759"
"22.02.2018 17:00 - 22.02.2018 18:00","2955","2971"
"22.02.2018 18:00 - 22.02.2018 19:00","3049","3071"
"22.02.2018 19:00 - 22.02.2018 20:00","2905","2902"
"22.02.2018 20:00 - 22.02.2018 21:00","2704","2720"
"22.02.2018 21:00 - 22.02.2018 22:00","2538","2557"
"22.02.2018 22:00 - 22.02.2018 23:00","2358","2389"
"22.02.2018 23:00 - 23.02.2018 00:00","2206","2204"
"23.02.2018 00:00 - 23.02.2018 01:00","2087","2103"
"23.02.2018 01:00 - 23.02.2018 02:00","2033","2048"
"23.02.2018 02:00 - 23.02.2018 03:00","2031","2035"
"23.02.2018 03:00 - 23.02.2018 04:00","2045","2054"
"23.02.2018 04:00 - 23.02.2018 05:00","2088","2114"
"23.02.2018 05:00 - 23.02.2018 06:00","2261","2267"
"23.02.2018 06:00 - 23.02.2018 07:00","2682","2671"
"23.02.2018 07:00 - 23.02.2018 08:00","3061","3007"
"23.02.2018 08:00 - 23.02.2018 09:00","3122","3084"
"23.02.2018 09:00 - 23.02.2018 10:00","3056","3045"
"23.02.2018 10:00 - 23.02.2018 11:00","3084","3044"
"23.02.2018 11:00 - 23.02.2018 12:00","3032","2954"
"23.02.2018 12:00 - 23.02.2018 13:00","2924","2835"
"23.02.2018 13:00 - 23.02.2018 14:00","2845","2728"
"23.02.2018 14:00 - 23.02.2018 15:00","2727","2581"
"23.02.2018 15:00 - 23.02.2018 16:00","2494","2491"
"23.02.2018 16:00 - 23.02.2018 17:00","2531","2542"
"23.02.2018 17:00 - 23.02.2018 18:00","2760","2759"
"23.02.2018 18:00 - 23.02.2018 19:00","2863","2880"
"23.02.2018 19:00 - 23.02.2018 20:00","2680","2685"
"23.02.2018 20:00 - 23.02.2018 21:00","2482","2479"
"23.02.2018 21:00 - 23.02.2018 22:00","2300","2286"
"23.02.2018 22:00 - 23.02.2018 23:00","2137","2150"
"23.02.2018 23:00 - 24.02.2018 00:00","1996","2031"
"24.02.2018 00:00 - 24.02.2018 01:00","1906","1937"
"24.02.2018 01:00 - 24.02.2018 02:00","1847","1883"
"24.02.2018 02:00 - 24.02.2018 03:00","1838","1844"
"24.02.2018 03:00 - 24.02.2018 04:00","1842","1833"
"24.02.2018 04:00 - 24.02.2018 05:00","1848","1853"
"24.02.2018 05:00 - 24.02.2018 06:00","1906","1907"
"24.02.2018 06:00 - 24.02.2018 07:00","2042","2013"
"24.02.2018 07:00 - 24.02.2018 08:00","2192","2187"
"24.02.2018 08:00 - 24.02.2018 09:00","2367","2365"
"24.02.2018 09:00 - 24.02.2018 10:00","2414","2344"
"24.02.2018 10:00 - 24.02.2018 11:00","2381","2397"
"24.02.2018 11:00 - 24.02.2018 12:00","2422","2227"
"24.02.2018 12:00 - 24.02.2018 13:00","2242","2188"
"24.02.2018 13:00 - 24.02.2018 14:00","2161","2232"
"24.02.2018 14:00 - 24.02.2018 15:00","2255","2242"
"24.02.2018 15:00 - 24.02.2018 16:00","2245","2218"
"24.02.2018 16:00 - 24.02.2018 17:00","2290","2281"
"24.02.2018 17:00 - 24.02.2018 18:00","2556","2573"
"24.02.2018 18:00 - 24.02.2018 19:00","2683","2699"
"24.02.2018 19:00 - 24.02.2018 20:00","2504","2526"
"24.02.2018 20:00 - 24.02.2018 21:00","2364","2369"
"24.02.2018 21:00 - 24.02.2018 22:00","2235","2255"
"24.02.2018 22:00 - 24.02.2018 23:00","2096","2126"
"24.02.2018 23:00 - 25.02.2018 00:00","1981","2013"
"25.02.2018 00:00 - 25.02.2018 01:00","1921","1933"
"25.02.2018 01:00 - 25.02.2018 02:00","1858","1868"
"25.02.2018 02:00 - 25.02.2018 03:00","1840","1845"
"25.02.2018 03:00 - 25.02.2018 04:00","1840","1837"
"25.02.2018 04:00 - 25.02.2018 05:00","1873","1861"
"25.02.2018 05:00 - 25.02.2018 06:00","1893","1902"
"25.02.2018 06:00 - 25.02.2018 07:00","2008","2013"
"25.02.2018 07:00 - 25.02.2018 08:00","2148","2128"
"25.02.2018 08:00 - 25.02.2018 09:00","2293","2280"
"25.02.2018 09:00 - 25.02.2018 10:00","2383","2385"
"25.02.2018 10:00 - 25.02.2018 11:00","2419","2416"
"25.02.2018 11:00 - 25.02.2018 12:00","2421","2412"
"25.02.2018 12:00 - 25.02.2018 13:00","2384","2407"
"25.02.2018 13:00 - 25.02.2018 14:00","2372","2362"
"25.02.2018 14:00 - 25.02.2018 15:00","2330","2332"
"25.02.2018 15:00 - 25.02.2018 16:00","2306","2290"
"25.02.2018 16:00 - 25.02.2018 17:00","2366","2370"
"25.02.2018 17:00 - 25.02.2018 18:00","2677","2679"
"25.02.2018 18:00 - 25.02.2018 19:00","2845","2821"
"25.02.2018 19:00 - 25.02.2018 20:00","2663","2674"
"25.02.2018 20:00 - 25.02.2018 21:00","2483","2498"
"25.02.2018 21:00 - 25.02.2018 22:00","2358","2358"
"25.02.2018 22:00 - 25.02.2018 23:00","2211","2206"
"25.02.2018 23:00 - 26.02.2018 00:00","2102","2137"
"26.02.2018 00:00 - 26.02.2018 01:00","2073","2083"
"26.02.2018 01:00 - 26.02.2018 02:00","2032","2056"
"26.02.2018 02:00 - 26.02.2018 03:00","2034","2037"
"26.02.2018 03:00 - 26.02.2018 04:00","2040","2048"
"26.02.2018 04:00 - 26.02.2018 05:00","2111","2118"
"26.02.2018 05:00 - 26.02.2018 06:00","2270","2261"
"26.02.2018 06:00 - 26.02.2018 07:00","2708","2669"
"26.02.2018 07:00 - 26.02.2018 08:00","3084","2991"
"26.02.2018 08:00 - 26.02.2018 09:00","3124","3069"
"26.02.2018 09:00 - 26.02.2018 10:00","3103","3041"
"26.02.2018 10:00 - 26.02.2018 11:00","3091","3031"
"26.02.2018 11:00 - 26.02.2018 12:00","3021","2981"
"26.02.2018 12:00 - 26.02.2018 13:00","2923","2897"
"26.02.2018 13:00 - 26.02.2018 14:00","2930","2914"
"26.02.2018 14:00 - 26.02.2018 15:00","2854","2854"
"26.02.2018 15:00 - 26.02.2018 16:00","2736","2772"
"26.02.2018 16:00 - 26.02.2018 17:00","2799","2815"
"26.02.2018 17:00 - 26.02.2018 18:00","3057","3054"
"26.02.2018 18:00 - 26.02.2018 19:00","3130","3142"
"26.02.2018 19:00 - 26.02.2018 20:00","2961","2990"
"26.02.2018 20:00 - 26.02.2018 21:00","2793","2824"
"26.02.2018 21:00 - 26.02.2018 22:00","2648","2663"
"26.02.2018 22:00 - 26.02.2018 23:00","2480","2469"
"26.02.2018 23:00 - 27.02.2018 00:00","2318","2284"
"27.02.2018 00:00 - 27.02.2018 01:00","2171","2194"
"27.02.2018 01:00 - 27.02.2018 02:00","2087","2134"
"27.02.2018 02:00 - 27.02.2018 03:00","2064","2098"
"27.02.2018 03:00 - 27.02.2018 04:00","2108","2121"
"27.02.2018 04:00 - 27.02.2018 05:00","2196","2188"
"27.02.2018 05:00 - 27.02.2018 06:00","2361","2339"
"27.02.2018 06:00 - 27.02.2018 07:00","2778","2745"
"27.02.2018 07:00 - 27.02.2018 08:00","3138","3103"
"27.02.2018 08:00 - 27.02.2018 09:00","3232","3214"
"27.02.2018 09:00 - 27.02.2018 10:00","3198","3213"
"27.02.2018 10:00 - 27.02.2018 11:00","3270","3252"
"27.02.2018 11:00 - 27.02.2018 12:00","3254","3263"
"27.02.2018 12:00 - 27.02.2018 13:00","3200","3184"
"27.02.2018 13:00 - 27.02.2018 14:00","3205","3224"
"27.02.2018 14:00 - 27.02.2018 15:00","3161","3198"
"27.02.2018 15:00 - 27.02.2018 16:00","3059","3058"
"27.02.2018 16:00 - 27.02.2018 17:00","3062","3064"
"27.02.2018 17:00 - 27.02.2018 18:00","3272","3284"
"27.02.2018 18:00 - 27.02.2018 19:00","3337","3347"
"27.02.2018 19:00 - 27.02.2018 20:00","3165","3158"
"27.02.2018 20:00 - 27.02.2018 21:00","2999","3031"
"27.02.2018 21:00 - 27.02.2018 22:00","2824","2825"
"27.02.2018 22:00 - 27.02.2018 23:00","2627","2695"
"27.02.2018 23:00 - 28.02.2018 00:00","2468","2496"
"28.02.2018 00:00 - 28.02.2018 01:00","2372","2417"
"28.02.2018 01:00 - 28.02.2018 02:00","2281","2329"
"28.02.2018 02:00 - 28.02.2018 03:00","2287","2342"
"28.02.2018 03:00 - 28.02.2018 04:00","2305","2285"
"28.02.2018 04:00 - 28.02.2018 05:00","2341","2337"
"28.02.2018 05:00 - 28.02.2018 06:00","2517","2483"
"28.02.2018 06:00 - 28.02.2018 07:00","2863","2807"
"28.02.2018 07:00 - 28.02.2018 08:00","3175","3127"
"28.02.2018 08:00 - 28.02.2018 09:00","3240","3227"
"28.02.2018 09:00 - 28.02.2018 10:00","3227","3253"
"28.02.2018 10:00 - 28.02.2018 11:00","3379","3402"
"28.02.2018 11:00 - 28.02.2018 12:00","3393","3381"
"28.02.2018 12:00 - 28.02.2018 13:00","3302","3282"
"28.02.2018 13:00 - 28.02.2018 14:00","3272","3286"
"28.02.2018 14:00 - 28.02.2018 15:00","3224","3264"
"28.02.2018 15:00 - 28.02.2018 16:00","3180","3155"
"28.02.2018 16:00 - 28.02.2018 17:00","3157","3156"
"28.02.2018 17:00 - 28.02.2018 18:00","3345","3323"
"28.02.2018 18:00 - 28.02.2018 19:00","3394","3401"
"28.02.2018 19:00 - 28.02.2018 20:00","3274","3258"
"28.02.2018 20:00 - 28.02.2018 21:00","3120","3092"
"28.02.2018 21:00 - 28.02.2018 22:00","2933","2889"
"28.02.2018 22:00 - 28.02.2018 23:00","2766","2680"
"28.02.2018 23:00 - 01.03.2018 00:00","2595","2504"
"01.03.2018 00:00 - 01.03.2018 01:00","2389","2444"
"01.03.2018 01:00 - 01.03.2018 02:00","2334","2376"
"01.03.2018 02:00 - 01.03.2018 03:00","2357","2376"
"01.03.2018 03:00 - 01.03.2018 04:00","2357","2399"
"01.03.2018 04:00 - 01.03.2018 05:00","2420","2438"
"01.03.2018 05:00 - 01.03.2018 06:00","2567","2558"
"01.03.2018 06:00 - 01.03.2018 07:00","2928","2951"
"01.03.2018 07:00 - 01.03.2018 08:00","3330","3346"
"01.03.2018 08:00 - 01.03.2018 09:00","3412","3417"
"01.03.2018 09:00 - 01.03.2018 10:00","3392","3391"
"01.03.2018 10:00 - 01.03.2018 11:00","3453","3477"
"01.03.2018 11:00 - 01.03.2018 12:00","3455","3442"
"01.03.2018 12:00 - 01.03.2018 13:00","3318","3282"
"01.03.2018 13:00 - 01.03.2018 14:00","3271","3237"
"01.03.2018 14:00 - 01.03.2018 15:00","3186","3180"
"01.03.2018 15:00 - 01.03.2018 16:00","3092","3101"
"01.03.2018 16:00 - 01.03.2018 17:00","3076","3093"
"01.03.2018 17:00 - 01.03.2018 18:00","3310","3280"
"01.03.2018 18:00 - 01.03.2018 19:00","3349","3338"
"01.03.2018 19:00 - 01.03.2018 20:00","3231","3180"
"01.03.2018 20:00 - 01.03.2018 21:00","3055","3014"
"01.03.2018 21:00 - 01.03.2018 22:00","2905","2862"
"01.03.2018 22:00 - 01.03.2018 23:00","2749","2625"
"01.03.2018 23:00 - 02.03.2018 00:00","2577","2373"
"02.03.2018 00:00 - 02.03.2018 01:00","2228","2277"
"02.03.2018 01:00 - 02.03.2018 02:00","2164","2188"
"02.03.2018 02:00 - 02.03.2018 03:00","2135","2190"
"02.03.2018 03:00 - 02.03.2018 04:00","2191","2232"
"02.03.2018 04:00 - 02.03.2018 05:00","2289","2308"
"02.03.2018 05:00 - 02.03.2018 06:00","2452","2449"
"02.03.2018 06:00 - 02.03.2018 07:00","2822","2848"
"02.03.2018 07:00 - 02.03.2018 08:00","3203","3202"
"02.03.2018 08:00 - 02.03.2018 09:00","3306","3308"
"02.03.2018 09:00 - 02.03.2018 10:00","3265","3249"
"02.03.2018 10:00 - 02.03.2018 11:00","3300","3324"
"02.03.2018 11:00 - 02.03.2018 12:00","3271","3298"
"02.03.2018 12:00 - 02.03.2018 13:00","3168","3167"
"02.03.2018 13:00 - 02.03.2018 14:00","3102","3173"
"02.03.2018 14:00 - 02.03.2018 15:00","3021","3068"
"02.03.2018 15:00 - 02.03.2018 16:00","2970","2981"
"02.03.2018 16:00 - 02.03.2018 17:00","2942","2924"
"02.03.2018 17:00 - 02.03.2018 18:00","3094","3081"
"02.03.2018 18:00 - 02.03.2018 19:00","3157","3125"
"02.03.2018 19:00 - 02.03.2018 20:00","2920","2900"
"02.03.2018 20:00 - 02.03.2018 21:00","2763","2742"
"02.03.2018 21:00 - 02.03.2018 22:00","2620","2575"
"02.03.2018 22:00 - 02.03.2018 23:00","2500","2443"
"02.03.2018 23:00 - 03.03.2018 00:00","2312","2336"
"03.03.2018 00:00 - 03.03.2018 01:00","2202","2218"
"03.03.2018 01:00 - 03.03.2018 02:00","2148","2163"
"03.03.2018 02:00 - 03.03.2018 03:00","2120","2138"
"03.03.2018 03:00 - 03.03.2018 04:00","2101","2114"
"03.03.2018 04:00 - 03.03.2018 05:00","2115","2116"
"03.03.2018 05:00 - 03.03.2018 06:00","2160","2155"
"03.03.2018 06:00 - 03.03.2018 07:00","2289","2269"
"03.03.2018 07:00 - 03.03.2018 08:00","2446","2442"
"03.03.2018 08:00 - 03.03.2018 09:00","2631","2618"
"03.03.2018 09:00 - 03.03.2018 10:00","2725","2694"
"03.03.2018 10:00 - 03.03.2018 11:00","2721","2682"
"03.03.2018 11:00 - 03.03.2018 12:00","2654","2654"
"03.03.2018 12:00 - 03.03.2018 13:00","2590","2631"
"03.03.2018 13:00 - 03.03.2018 14:00","2562","2587"
"03.03.2018 14:00 - 03.03.2018 15:00","2563","2579"
"03.03.2018 15:00 - 03.03.2018 16:00","2541","2532"
"03.03.2018 16:00 - 03.03.2018 17:00","2596","2593"
"03.03.2018 17:00 - 03.03.2018 18:00","2819","2781"
"03.03.2018 18:00 - 03.03.2018 19:00","2876","2885"
"03.03.2018 19:00 - 03.03.2018 20:00","2684","2698"
"03.03.2018 20:00 - 03.03.2018 21:00","2536","2545"
"03.03.2018 21:00 - 03.03.2018 22:00","2399","2396"
"03.03.2018 22:00 - 03.03.2018 23:00","2263","2247"
"03.03.2018 23:00 - 04.03.2018 00:00","2130","2125"
"04.03.2018 00:00 - 04.03.2018 01:00","2035","2055"
"04.03.2018 01:00 - 04.03.2018 02:00","2012","2017"
"04.03.2018 02:00 - 04.03.2018 03:00","1995","1991"
"04.03.2018 03:00 - 04.03.2018 04:00","1993","1995"
"04.03.2018 04:00 - 04.03.2018 05:00","2009","1998"
"04.03.2018 05:00 - 04.03.2018 06:00","2014","2017"
"04.03.2018 06:00 - 04.03.2018 07:00","2132","2131"
"04.03.2018 07:00 - 04.03.2018 08:00","2253","2276"
"04.03.2018 08:00 - 04.03.2018 09:00","2456","2418"
"04.03.2018 09:00 - 04.03.2018 10:00","2518","2500"
"04.03.2018 10:00 - 04.03.2018 11:00","2527","2521"
"04.03.2018 11:00 - 04.03.2018 12:00","2495","2487"
"04.03.2018 12:00 - 04.03.2018 13:00","2445","2452"
"04.03.2018 13:00 - 04.03.2018 14:00","2408","2413"
"04.03.2018 14:00 - 04.03.2018 15:00","2399","2395"
"04.03.2018 15:00 - 04.03.2018 16:00","2397","2408"
"04.03.2018 16:00 - 04.03.2018 17:00","2442","2489"
"04.03.2018 17:00 - 04.03.2018 18:00","2732","2729"
"04.03.2018 18:00 - 04.03.2018 19:00","2831","2848"
"04.03.2018 19:00 - 04.03.2018 20:00","2683","2690"
"04.03.2018 20:00 - 04.03.2018 21:00","2516","2520"
"04.03.2018 21:00 - 04.03.2018 22:00","2379","2370"
"04.03.2018 22:00 - 04.03.2018 23:00","2265","2214"
"04.03.2018 23:00 - 05.03.2018 00:00","2177","2091"
"05.03.2018 00:00 - 05.03.2018 01:00","2023","2020"
"05.03.2018 01:00 - 05.03.2018 02:00","1975","2013"
"05.03.2018 02:00 - 05.03.2018 03:00","2001","2008"
"05.03.2018 03:00 - 05.03.2018 04:00","2046","2016"
"05.03.2018 04:00 - 05.03.2018 05:00","2090","2092"
"05.03.2018 05:00 - 05.03.2018 06:00","2262","2270"
"05.03.2018 06:00 - 05.03.2018 07:00","2678","2653"
"05.03.2018 07:00 - 05.03.2018 08:00","3048","3048"
"05.03.2018 08:00 - 05.03.2018 09:00","3184","3218"
"05.03.2018 09:00 - 05.03.2018 10:00","3224","2853"
"05.03.2018 10:00 - 05.03.2018 11:00","3297","3076"
"05.03.2018 11:00 - 05.03.2018 12:00","3242","3234"
"05.03.2018 12:00 - 05.03.2018 13:00","3170","3169"
"05.03.2018 13:00 - 05.03.2018 14:00","3154","3144"
"05.03.2018 14:00 - 05.03.2018 15:00","3086","3108"
"05.03.2018 15:00 - 05.03.2018 16:00","3055","3012"
"05.03.2018 16:00 - 05.03.2018 17:00","2985","2983"
"05.03.2018 17:00 - 05.03.2018 18:00","3171","3186"
"05.03.2018 18:00 - 05.03.2018 19:00","3186","3170"
"05.03.2018 19:00 - 05.03.2018 20:00","3032","3014"
"05.03.2018 20:00 - 05.03.2018 21:00","2823","2814"
"05.03.2018 21:00 - 05.03.2018 22:00","2655","2650"
"05.03.2018 22:00 - 05.03.2018 23:00","2492","2439"
"05.03.2018 23:00 - 06.03.2018 00:00","2337","2266"
"06.03.2018 00:00 - 06.03.2018 01:00","2125","2127"
"06.03.2018 01:00 - 06.03.2018 02:00","2038","2086"
"06.03.2018 02:00 - 06.03.2018 03:00","2032","2060"
"06.03.2018 03:00 - 06.03.2018 04:00","2058","2073"
"06.03.2018 04:00 - 06.03.2018 05:00","2124","2133"
"06.03.2018 05:00 - 06.03.2018 06:00","2299","2288"
"06.03.2018 06:00 - 06.03.2018 07:00","2674","2671"
"06.03.2018 07:00 - 06.03.2018 08:00","3003","2975"
"06.03.2018 08:00 - 06.03.2018 09:00","3095","3089"
"06.03.2018 09:00 - 06.03.2018 10:00","3077","3078"
"06.03.2018 10:00 - 06.03.2018 11:00","3119","3108"
"06.03.2018 11:00 - 06.03.2018 12:00","3084","3067"
"06.03.2018 12:00 - 06.03.2018 13:00","3013","2977"
"06.03.2018 13:00 - 06.03.2018 14:00","2976","2973"
"06.03.2018 14:00 - 06.03.2018 15:00","2912","2902"
"06.03.2018 15:00 - 06.03.2018 16:00","2808","2808"
"06.03.2018 16:00 - 06.03.2018 17:00","2809","2819"
"06.03.2018 17:00 - 06.03.2018 18:00","3008","3053"
"06.03.2018 18:00 - 06.03.2018 19:00","3049","3075"
"06.03.2018 19:00 - 06.03.2018 20:00","2949","2944"
"06.03.2018 20:00 - 06.03.2018 21:00","2773","2747"
"06.03.2018 21:00 - 06.03.2018 22:00","2589","2580"
"06.03.2018 22:00 - 06.03.2018 23:00","2412","2390"
"06.03.2018 23:00 - 07.03.2018 00:00","2257","2209"
"07.03.2018 00:00 - 07.03.2018 01:00","2088","2119"
"07.03.2018 01:00 - 07.03.2018 02:00","2035","2049"
"07.03.2018 02:00 - 07.03.2018 03:00","2016","2027"
"07.03.2018 03:00 - 07.03.2018 04:00","2047","2053"
"07.03.2018 04:00 - 07.03.2018 05:00","2111","2116"
"07.03.2018 05:00 - 07.03.2018 06:00","2279","2278"
"07.03.2018 06:00 - 07.03.2018 07:00","2639","2637"
"07.03.2018 07:00 - 07.03.2018 08:00","2955","2962"
"07.03.2018 08:00 - 07.03.2018 09:00","3090","3089"
"07.03.2018 09:00 - 07.03.2018 10:00","3062","2982"
"07.03.2018 10:00 - 07.03.2018 11:00","3096","3082"
"07.03.2018 11:00 - 07.03.2018 12:00","3059","3064"
"07.03.2018 12:00 - 07.03.2018 13:00","2994","2993"
"07.03.2018 13:00 - 07.03.2018 14:00","2995","2991"
"07.03.2018 14:00 - 07.03.2018 15:00","2938","2945"
"07.03.2018 15:00 - 07.03.2018 16:00","2852","2870"
"07.03.2018 16:00 - 07.03.2018 17:00","2878","2890"
"07.03.2018 17:00 - 07.03.2018 18:00","3058","3071"
"07.03.2018 18:00 - 07.03.2018 19:00","3088","3093"
"07.03.2018 19:00 - 07.03.2018 20:00","2984","2960"
"07.03.2018 20:00 - 07.03.2018 21:00","2821","2779"
"07.03.2018 21:00 - 07.03.2018 22:00","2654","2575"
"07.03.2018 22:00 - 07.03.2018 23:00","2474","2383"
"07.03.2018 23:00 - 08.03.2018 00:00","2309","2205"
"08.03.2018 00:00 - 08.03.2018 01:00","2113","2100"
"08.03.2018 01:00 - 08.03.2018 02:00","2056","2051"
"08.03.2018 02:00 - 08.03.2018 03:00","2047","2057"
"08.03.2018 03:00 - 08.03.2018 04:00","2095","2051"
"08.03.2018 04:00 - 08.03.2018 05:00","2117","2097"
"08.03.2018 05:00 - 08.03.2018 06:00","2272","2257"
"08.03.2018 06:00 - 08.03.2018 07:00","2596","2630"
"08.03.2018 07:00 - 08.03.2018 08:00","2979","2966"
"08.03.2018 08:00 - 08.03.2018 09:00","3122","3108"
"08.03.2018 09:00 - 08.03.2018 10:00","3088","3086"
"08.03.2018 10:00 - 08.03.2018 11:00","3125","3119"
"08.03.2018 11:00 - 08.03.2018 12:00","3092","3094"
"08.03.2018 12:00 - 08.03.2018 13:00","3010","3019"
"08.03.2018 13:00 - 08.03.2018 14:00","3047","2999"
"08.03.2018 14:00 - 08.03.2018 15:00","2976","2975"
"08.03.2018 15:00 - 08.03.2018 16:00","2888","2893"
"08.03.2018 16:00 - 08.03.2018 17:00","2878","2883"
"08.03.2018 17:00 - 08.03.2018 18:00","3068","3048"
"08.03.2018 18:00 - 08.03.2018 19:00","3079","3065"
"08.03.2018 19:00 - 08.03.2018 20:00","2921","2925"
"08.03.2018 20:00 - 08.03.2018 21:00","2735","2757"
"08.03.2018 21:00 - 08.03.2018 22:00","2593","2604"
"08.03.2018 22:00 - 08.03.2018 23:00","2427","2409"
"08.03.2018 23:00 - 09.03.2018 00:00","2282","2227"
"09.03.2018 00:00 - 09.03.2018 01:00","2122","2124"
"09.03.2018 01:00 - 09.03.2018 02:00","2050","2077"
"09.03.2018 02:00 - 09.03.2018 03:00","2032","2062"
"09.03.2018 03:00 - 09.03.2018 04:00","2067","2055"
"09.03.2018 04:00 - 09.03.2018 05:00","2111","2100"
"09.03.2018 05:00 - 09.03.2018 06:00","2263","2242"
"09.03.2018 06:00 - 09.03.2018 07:00","2606","2611"
"09.03.2018 07:00 - 09.03.2018 08:00","2945","2956"
"09.03.2018 08:00 - 09.03.2018 09:00","3097","3090"
"09.03.2018 09:00 - 09.03.2018 10:00","3061","3076"
"09.03.2018 10:00 - 09.03.2018 11:00","3109","3116"
"09.03.2018 11:00 - 09.03.2018 12:00","3075","3074"
"09.03.2018 12:00 - 09.03.2018 13:00","2937","2946"
"09.03.2018 13:00 - 09.03.2018 14:00","2837","2860"
"09.03.2018 14:00 - 09.03.2018 15:00","2727","2743"
"09.03.2018 15:00 - 09.03.2018 16:00","2634","2663"
"09.03.2018 16:00 - 09.03.2018 17:00","2690","2729"
"09.03.2018 17:00 - 09.03.2018 18:00","2881","2880"
"09.03.2018 18:00 - 09.03.2018 19:00","2933","2925"
"09.03.2018 19:00 - 09.03.2018 20:00","2783","2764"
"09.03.2018 20:00 - 09.03.2018 21:00","2593","2586"
"09.03.2018 21:00 - 09.03.2018 22:00","2435","2420"
"09.03.2018 22:00 - 09.03.2018 23:00","2278","2262"
"09.03.2018 23:00 - 10.03.2018 00:00","2130","2124"
"10.03.2018 00:00 - 10.03.2018 01:00","2003","2006"
"10.03.2018 01:00 - 10.03.2018 02:00","1925","1942"
"10.03.2018 02:00 - 10.03.2018 03:00","1893","1922"
"10.03.2018 03:00 - 10.03.2018 04:00","1879","1916"
"10.03.2018 04:00 - 10.03.2018 05:00","1924","1941"
"10.03.2018 05:00 - 10.03.2018 06:00","1997","2005"
"10.03.2018 06:00 - 10.03.2018 07:00","2120","2127"
"10.03.2018 07:00 - 10.03.2018 08:00","2286","2276"
"10.03.2018 08:00 - 10.03.2018 09:00","2446","2412"
"10.03.2018 09:00 - 10.03.2018 10:00","2515","2486"
"10.03.2018 10:00 - 10.03.2018 11:00","2518","2508"
"10.03.2018 11:00 - 10.03.2018 12:00","2487","2470"
"10.03.2018 12:00 - 10.03.2018 13:00","2422","2393"
"10.03.2018 13:00 - 10.03.2018 14:00","2355","2353"
"10.03.2018 14:00 - 10.03.2018 15:00","2289","2317"
"10.03.2018 15:00 - 10.03.2018 16:00","2288","2344"
"10.03.2018 16:00 - 10.03.2018 17:00","2391","2419"
"10.03.2018 17:00 - 10.03.2018 18:00","2613","2610"
"10.03.2018 18:00 - 10.03.2018 19:00","2722","2686"
"10.03.2018 19:00 - 10.03.2018 20:00","2573","2536"
"10.03.2018 20:00 - 10.03.2018 21:00","2367","2371"
"10.03.2018 21:00 - 10.03.2018 22:00","2231","2243"
"10.03.2018 22:00 - 10.03.2018 23:00","2102","2135"
"10.03.2018 23:00 - 11.03.2018 00:00","1977","2033"
"11.03.2018 00:00 - 11.03.2018 01:00","1932","1947"
"11.03.2018 01:00 - 11.03.2018 02:00","1871","1897"
"11.03.2018 02:00 - 11.03.2018 03:00","1847","1867"
"11.03.2018 03:00 - 11.03.2018 04:00","1852","1863"
"11.03.2018 04:00 - 11.03.2018 05:00","1881","1887"
"11.03.2018 05:00 - 11.03.2018 06:00","1925","1919"
"11.03.2018 06:00 - 11.03.2018 07:00","2018","2030"
"11.03.2018 07:00 - 11.03.2018 08:00","2156","2171"
"11.03.2018 08:00 - 11.03.2018 09:00","2343","2349"
"11.03.2018 09:00 - 11.03.2018 10:00","2464","2481"
"11.03.2018 10:00 - 11.03.2018 11:00","2512","2520"
"11.03.2018 11:00 - 11.03.2018 12:00","2509","2520"
"11.03.2018 12:00 - 11.03.2018 13:00","2483","2471"
"11.03.2018 13:00 - 11.03.2018 14:00","2423","2420"
"11.03.2018 14:00 - 11.03.2018 15:00","2374","2395"
"11.03.2018 15:00 - 11.03.2018 16:00","2366","2360"
"11.03.2018 16:00 - 11.03.2018 17:00","2434","2415"
"11.03.2018 17:00 - 11.03.2018 18:00","2663","2632"
"11.03.2018 18:00 - 11.03.2018 19:00","2739","2699"
"11.03.2018 19:00 - 11.03.2018 20:00","2563","2548"
"11.03.2018 20:00 - 11.03.2018 21:00","2380","2407"
"11.03.2018 21:00 - 11.03.2018 22:00","2265","2294"
"11.03.2018 22:00 - 11.03.2018 23:00","2151","2124"
"11.03.2018 23:00 - 12.03.2018 00:00","2051","2008"
"12.03.2018 00:00 - 12.03.2018 01:00","1935","1940"
"12.03.2018 01:00 - 12.03.2018 02:00","1907","1930"
"12.03.2018 02:00 - 12.03.2018 03:00","1919","1920"
"12.03.2018 03:00 - 12.03.2018 04:00","1934","1926"
"12.03.2018 04:00 - 12.03.2018 05:00","1984","1984"
"12.03.2018 05:00 - 12.03.2018 06:00","2155","2139"
"12.03.2018 06:00 - 12.03.2018 07:00","2561","2527"
"12.03.2018 07:00 - 12.03.2018 08:00","2924","2891"
"12.03.2018 08:00 - 12.03.2018 09:00","3047","3035"
"12.03.2018 09:00 - 12.03.2018 10:00","3047","3031"
"12.03.2018 10:00 - 12.03.2018 11:00","3077","3066"
"12.03.2018 11:00 - 12.03.2018 12:00","3044","3048"
"12.03.2018 12:00 - 12.03.2018 13:00","2966","2974"
"12.03.2018 13:00 - 12.03.2018 14:00","2962","2993"
"12.03.2018 14:00 - 12.03.2018 15:00","2913","2938"
"12.03.2018 15:00 - 12.03.2018 16:00","2809","2841"
"12.03.2018 16:00 - 12.03.2018 17:00","2810","2844"
"12.03.2018 17:00 - 12.03.2018 18:00","3012","3036"
"12.03.2018 18:00 - 12.03.2018 19:00","3051","3032"
"12.03.2018 19:00 - 12.03.2018 20:00","2920","2853"
"12.03.2018 20:00 - 12.03.2018 21:00","2665","2675"
"12.03.2018 21:00 - 12.03.2018 22:00","2487","2505"
"12.03.2018 22:00 - 12.03.2018 23:00","2316","2321"
"12.03.2018 23:00 - 13.03.2018 00:00","2160","2189"
"13.03.2018 00:00 - 13.03.2018 01:00","2043","2067"
"13.03.2018 01:00 - 13.03.2018 02:00","2005","2020"
"13.03.2018 02:00 - 13.03.2018 03:00","2006","2003"
"13.03.2018 03:00 - 13.03.2018 04:00","2009","2008"
"13.03.2018 04:00 - 13.03.2018 05:00","2074","2065"
"13.03.2018 05:00 - 13.03.2018 06:00","2228","2203"
"13.03.2018 06:00 - 13.03.2018 07:00","2564","2559"
"13.03.2018 07:00 - 13.03.2018 08:00","2905","2878"
"13.03.2018 08:00 - 13.03.2018 09:00","3014","3032"
"13.03.2018 09:00 - 13.03.2018 10:00","3005","3033"
"13.03.2018 10:00 - 13.03.2018 11:00","3210","3252"
"13.03.2018 11:00 - 13.03.2018 12:00","3087","3063"
"13.03.2018 12:00 - 13.03.2018 13:00","2987","2980"
"13.03.2018 13:00 - 13.03.2018 14:00","2994","3001"
"13.03.2018 14:00 - 13.03.2018 15:00","2942","2956"
"13.03.2018 15:00 - 13.03.2018 16:00","2844","2874"
"13.03.2018 16:00 - 13.03.2018 17:00","2841","2847"
"13.03.2018 17:00 - 13.03.2018 18:00","3004","3014"
"13.03.2018 18:00 - 13.03.2018 19:00","3018","3007"
"13.03.2018 19:00 - 13.03.2018 20:00","2959","2908"
"13.03.2018 20:00 - 13.03.2018 21:00","2737","2721"
"13.03.2018 21:00 - 13.03.2018 22:00","2567","2563"
"13.03.2018 22:00 - 13.03.2018 23:00","2419","2356"
"13.03.2018 23:00 - 14.03.2018 00:00","2275","2170"
"14.03.2018 00:00 - 14.03.2018 01:00","2072","2106"
"14.03.2018 01:00 - 14.03.2018 02:00","2026","2061"
"14.03.2018 02:00 - 14.03.2018 03:00","2035","2055"
"14.03.2018 03:00 - 14.03.2018 04:00","2073","2076"
"14.03.2018 04:00 - 14.03.2018 05:00","2124","2112"
"14.03.2018 05:00 - 14.03.2018 06:00","2267","2261"
"14.03.2018 06:00 - 14.03.2018 07:00","2618","2627"
"14.03.2018 07:00 - 14.03.2018 08:00","2968","2941"
"14.03.2018 08:00 - 14.03.2018 09:00","3050","3063"
"14.03.2018 09:00 - 14.03.2018 10:00","3026","3044"
"14.03.2018 10:00 - 14.03.2018 11:00","3071","3074"
"14.03.2018 11:00 - 14.03.2018 12:00","3050","3044"
"14.03.2018 12:00 - 14.03.2018 13:00","2969","2960"
"14.03.2018 13:00 - 14.03.2018 14:00","2985","2985"
"14.03.2018 14:00 - 14.03.2018 15:00","2921","2945"
"14.03.2018 15:00 - 14.03.2018 16:00","2848","2865"
"14.03.2018 16:00 - 14.03.2018 17:00","2826","2850"
"14.03.2018 17:00 - 14.03.2018 18:00","2993","3015"
"14.03.2018 18:00 - 14.03.2018 19:00","3021","3010"
"14.03.2018 19:00 - 14.03.2018 20:00","2968","2907"
"14.03.2018 20:00 - 14.03.2018 21:00","2774","2724"
"14.03.2018 21:00 - 14.03.2018 22:00","2575","2538"
"14.03.2018 22:00 - 14.03.2018 23:00","2417","2362"
"14.03.2018 23:00 - 15.03.2018 00:00","2286","2206"
"15.03.2018 00:00 - 15.03.2018 01:00","2077","2082"
"15.03.2018 01:00 - 15.03.2018 02:00","2015","2047"
"15.03.2018 02:00 - 15.03.2018 03:00","2024","2018"
"15.03.2018 03:00 - 15.03.2018 04:00","2009","2004"
"15.03.2018 04:00 - 15.03.2018 05:00","2057","2056"
"15.03.2018 05:00 - 15.03.2018 06:00","2253","2262"
"15.03.2018 06:00 - 15.03.2018 07:00","2618","2650"
"15.03.2018 07:00 - 15.03.2018 08:00","3011","2990"
"15.03.2018 08:00 - 15.03.2018 09:00","3086","3129"
"15.03.2018 09:00 - 15.03.2018 10:00","3068","3088"
"15.03.2018 10:00 - 15.03.2018 11:00","3144","3155"
"15.03.2018 11:00 - 15.03.2018 12:00","3132","3147"
"15.03.2018 12:00 - 15.03.2018 13:00","3095","3127"
"15.03.2018 13:00 - 15.03.2018 14:00","3136","3140"
"15.03.2018 14:00 - 15.03.2018 15:00","3060","3091"
"15.03.2018 15:00 - 15.03.2018 16:00","2940","2952"
"15.03.2018 16:00 - 15.03.2018 17:00","2957","2969"
"15.03.2018 17:00 - 15.03.2018 18:00","3107","3125"
"15.03.2018 18:00 - 15.03.2018 19:00","3110","3125"
"15.03.2018 19:00 - 15.03.2018 20:00","3034","3030"
"15.03.2018 20:00 - 15.03.2018 21:00","2848","2853"
"15.03.2018 21:00 - 15.03.2018 22:00","2686","2684"
"15.03.2018 22:00 - 15.03.2018 23:00","2506","2493"
"15.03.2018 23:00 - 16.03.2018 00:00","2343","2293"
"16.03.2018 00:00 - 16.03.2018 01:00","2176","2197"
"16.03.2018 01:00 - 16.03.2018 02:00","2142","2163"
"16.03.2018 02:00 - 16.03.2018 03:00","2153","2138"
"16.03.2018 03:00 - 16.03.2018 04:00","2166","2159"
"16.03.2018 04:00 - 16.03.2018 05:00","2206","2192"
"16.03.2018 05:00 - 16.03.2018 06:00","2367","2343"
"16.03.2018 06:00 - 16.03.2018 07:00","2698","2712"
"16.03.2018 07:00 - 16.03.2018 08:00","2976","3019"
"16.03.2018 08:00 - 16.03.2018 09:00","3158","3184"
"16.03.2018 09:00 - 16.03.2018 10:00","3162","3173"
"16.03.2018 10:00 - 16.03.2018 11:00","3195","3195"
"16.03.2018 11:00 - 16.03.2018 12:00","3108","3099"
"16.03.2018 12:00 - 16.03.2018 13:00","2964","2981"
"16.03.2018 13:00 - 16.03.2018 14:00","2894","2901"
"16.03.2018 14:00 - 16.03.2018 15:00","2758","2812"
"16.03.2018 15:00 - 16.03.2018 16:00","2714","2740"
"16.03.2018 16:00 - 16.03.2018 17:00","2737","2762"
"16.03.2018 17:00 - 16.03.2018 18:00","2902","2928"
"16.03.2018 18:00 - 16.03.2018 19:00","2962","2966"
"16.03.2018 19:00 - 16.03.2018 20:00","2920","2850"
"16.03.2018 20:00 - 16.03.2018 21:00","2718","2710"
"16.03.2018 21:00 - 16.03.2018 22:00","2566","2542"
"16.03.2018 22:00 - 16.03.2018 23:00","2400","2388"
"16.03.2018 23:00 - 17.03.2018 00:00","2237","2261"
"17.03.2018 00:00 - 17.03.2018 01:00","2157","2209"
"17.03.2018 01:00 - 17.03.2018 02:00","2072","2117"
"17.03.2018 02:00 - 17.03.2018 03:00","2066","2095"
"17.03.2018 03:00 - 17.03.2018 04:00","2068","2090"
"17.03.2018 04:00 - 17.03.2018 05:00","2103","2124"
"17.03.2018 05:00 - 17.03.2018 06:00","2173","2163"
"17.03.2018 06:00 - 17.03.2018 07:00","2281","2265"
"17.03.2018 07:00 - 17.03.2018 08:00","2443","2423"
"17.03.2018 08:00 - 17.03.2018 09:00","2554","2565"
"17.03.2018 09:00 - 17.03.2018 10:00","2646","2628"
"17.03.2018 10:00 - 17.03.2018 11:00","2685","2683"
"17.03.2018 11:00 - 17.03.2018 12:00","2659","2626"
"17.03.2018 12:00 - 17.03.2018 13:00","2552","2554"
"17.03.2018 13:00 - 17.03.2018 14:00","2468","2486"
"17.03.2018 14:00 - 17.03.2018 15:00","2410","2464"
"17.03.2018 15:00 - 17.03.2018 16:00","2428","2440"
"17.03.2018 16:00 - 17.03.2018 17:00","2484","2500"
"17.03.2018 17:00 - 17.03.2018 18:00","2700","2692"
"17.03.2018 18:00 - 17.03.2018 19:00","2761","2769"
"17.03.2018 19:00 - 17.03.2018 20:00","2690","2664"
"17.03.2018 20:00 - 17.03.2018 21:00","2496","2531"
"17.03.2018 21:00 - 17.03.2018 22:00","2396","2419"
"17.03.2018 22:00 - 17.03.2018 23:00","2283","2294"
"17.03.2018 23:00 - 18.03.2018 00:00","2150","2174"
"18.03.2018 00:00 - 18.03.2018 01:00","2063","2114"
"18.03.2018 01:00 - 18.03.2018 02:00","2038","2079"
"18.03.2018 02:00 - 18.03.2018 03:00","2053","2043"
"18.03.2018 03:00 - 18.03.2018 04:00","2034","2019"
"18.03.2018 04:00 - 18.03.2018 05:00","2029","2027"
"18.03.2018 05:00 - 18.03.2018 06:00","2071","2073"
"18.03.2018 06:00 - 18.03.2018 07:00","2165","2173"
"18.03.2018 07:00 - 18.03.2018 08:00","2323","2298"
"18.03.2018 08:00 - 18.03.2018 09:00","2438","2431"
"18.03.2018 09:00 - 18.03.2018 10:00","2507","2465"
"18.03.2018 10:00 - 18.03.2018 11:00","2483","2459"
"18.03.2018 11:00 - 18.03.2018 12:00","2437","2407"
"18.03.2018 12:00 - 18.03.2018 13:00","2400","2393"
"18.03.2018 13:00 - 18.03.2018 14:00","2336","2314"
"18.03.2018 14:00 - 18.03.2018 15:00","2268","2276"
"18.03.2018 15:00 - 18.03.2018 16:00","2258","2249"
"18.03.2018 16:00 - 18.03.2018 17:00","2309","2269"
"18.03.2018 17:00 - 18.03.2018 18:00","2492","2534"
"18.03.2018 18:00 - 18.03.2018 19:00","2644","2679"
"18.03.2018 19:00 - 18.03.2018 20:00","2615","2669"
"18.03.2018 20:00 - 18.03.2018 21:00","2504","2519"
"18.03.2018 21:00 - 18.03.2018 22:00","2388","2407"
"18.03.2018 22:00 - 18.03.2018 23:00","2302","2229"
"18.03.2018 23:00 - 19.03.2018 00:00","2232","2147"
"19.03.2018 00:00 - 19.03.2018 01:00","2091","2099"
"19.03.2018 01:00 - 19.03.2018 02:00","2064","2072"
"19.03.2018 02:00 - 19.03.2018 03:00","2076","2071"
"19.03.2018 03:00 - 19.03.2018 04:00","2118","2098"
"19.03.2018 04:00 - 19.03.2018 05:00","2173","2176"
"19.03.2018 05:00 - 19.03.2018 06:00","2344","2332"
"19.03.2018 06:00 - 19.03.2018 07:00","2733","2680"
"19.03.2018 07:00 - 19.03.2018 08:00","3022","2960"
"19.03.2018 08:00 - 19.03.2018 09:00","3069","3039"
"19.03.2018 09:00 - 19.03.2018 10:00","3000","2998"
"19.03.2018 10:00 - 19.03.2018 11:00","3022","3036"
"19.03.2018 11:00 - 19.03.2018 12:00","3002","2990"
"19.03.2018 12:00 - 19.03.2018 13:00","2887","2875"
"19.03.2018 13:00 - 19.03.2018 14:00","2883","2877"
"19.03.2018 14:00 - 19.03.2018 15:00","2815","2791"
"19.03.2018 15:00 - 19.03.2018 16:00","2699","2690"
"19.03.2018 16:00 - 19.03.2018 17:00","2695","2693"
"19.03.2018 17:00 - 19.03.2018 18:00","2884","2877"
"19.03.2018 18:00 - 19.03.2018 19:00","2895","2895"
"19.03.2018 19:00 - 19.03.2018 20:00","2842","2858"
"19.03.2018 20:00 - 19.03.2018 21:00","2673","2673"
"19.03.2018 21:00 - 19.03.2018 22:00","2490","2498"
"19.03.2018 22:00 - 19.03.2018 23:00","2397","2281"
"19.03.2018 23:00 - 20.03.2018 00:00","2278","2151"
"20.03.2018 00:00 - 20.03.2018 01:00","1988","2009"
"20.03.2018 01:00 - 20.03.2018 02:00","1989","2039"
"20.03.2018 02:00 - 20.03.2018 03:00","2000","2008"
"20.03.2018 03:00 - 20.03.2018 04:00","2030","2054"
"20.03.2018 04:00 - 20.03.2018 05:00","2102","2103"
"20.03.2018 05:00 - 20.03.2018 06:00","2247","2261"
"20.03.2018 06:00 - 20.03.2018 07:00","2583","2590"
"20.03.2018 07:00 - 20.03.2018 08:00","2883","2841"
"20.03.2018 08:00 - 20.03.2018 09:00","2962","2909"
"20.03.2018 09:00 - 20.03.2018 10:00","2893","2851"
"20.03.2018 10:00 - 20.03.2018 11:00","2934","2930"
"20.03.2018 11:00 - 20.03.2018 12:00","2941","2921"
"20.03.2018 12:00 - 20.03.2018 13:00","2846","2829"
"20.03.2018 13:00 - 20.03.2018 14:00","2850","2856"
"20.03.2018 14:00 - 20.03.2018 15:00","2812","2820"
"20.03.2018 15:00 - 20.03.2018 16:00","2704","2685"
"20.03.2018 16:00 - 20.03.2018 17:00","2662","2651"
"20.03.2018 17:00 - 20.03.2018 18:00","2818","2829"
"20.03.2018 18:00 - 20.03.2018 19:00","2833","2849"
"20.03.2018 19:00 - 20.03.2018 20:00","2842","2836"
"20.03.2018 20:00 - 20.03.2018 21:00","2711","2693"
"20.03.2018 21:00 - 20.03.2018 22:00","2541","2522"
"20.03.2018 22:00 - 20.03.2018 23:00","2372","2359"
"20.03.2018 23:00 - 21.03.2018 00:00","2211","2174"
"21.03.2018 00:00 - 21.03.2018 01:00","2035","2072"
"21.03.2018 01:00 - 21.03.2018 02:00","1985","2040"
"21.03.2018 02:00 - 21.03.2018 03:00","2021","2020"
"21.03.2018 03:00 - 21.03.2018 04:00","2036","2024"
"21.03.2018 04:00 - 21.03.2018 05:00","2071","2063"
"21.03.2018 05:00 - 21.03.2018 06:00","2222","2235"
"21.03.2018 06:00 - 21.03.2018 07:00","2582","2591"
"21.03.2018 07:00 - 21.03.2018 08:00","2944","2948"
"21.03.2018 08:00 - 21.03.2018 09:00","3046","3017"
"21.03.2018 09:00 - 21.03.2018 10:00","3016","2972"
"21.03.2018 10:00 - 21.03.2018 11:00","3036","3010"
"21.03.2018 11:00 - 21.03.2018 12:00","3009","2998"
"21.03.2018 12:00 - 21.03.2018 13:00","2932","2912"
"21.03.2018 13:00 - 21.03.2018 14:00","2938","2889"
"21.03.2018 14:00 - 21.03.2018 15:00","2846","2822"
"21.03.2018 15:00 - 21.03.2018 16:00","2735","2778"
"21.03.2018 16:00 - 21.03.2018 17:00","2780","2820"
"21.03.2018 17:00 - 21.03.2018 18:00","2972","2984"
"21.03.2018 18:00 - 21.03.2018 19:00","2985","2991"
"21.03.2018 19:00 - 21.03.2018 20:00","2945","2920"
"21.03.2018 20:00 - 21.03.2018 21:00","2774","2764"
"21.03.2018 21:00 - 21.03.2018 22:00","2615","2615"
"21.03.2018 22:00 - 21.03.2018 23:00","2461","2436"
"21.03.2018 23:00 - 22.03.2018 00:00","2302","2302"
"22.03.2018 00:00 - 22.03.2018 01:00","2185","2208"
"22.03.2018 01:00 - 22.03.2018 02:00","2139","2188"
"22.03.2018 02:00 - 22.03.2018 03:00","2150","2146"
"22.03.2018 03:00 - 22.03.2018 04:00","2127","2135"
"22.03.2018 04:00 - 22.03.2018 05:00","2175","2162"
"22.03.2018 05:00 - 22.03.2018 06:00","2289","2243"
"22.03.2018 06:00 - 22.03.2018 07:00","2565","2575"
"22.03.2018 07:00 - 22.03.2018 08:00","2871","2899"
"22.03.2018 08:00 - 22.03.2018 09:00","3015","3023"
"22.03.2018 09:00 - 22.03.2018 10:00","3034","5404"
"22.03.2018 10:00 - 22.03.2018 11:00","3108","3071"
"22.03.2018 11:00 - 22.03.2018 12:00","3054","3061"
"22.03.2018 12:00 - 22.03.2018 13:00","2984","2979"
"22.03.2018 13:00 - 22.03.2018 14:00","2993","2979"
"22.03.2018 14:00 - 22.03.2018 15:00","2912","2905"
"22.03.2018 15:00 - 22.03.2018 16:00","2799","2818"
"22.03.2018 16:00 - 22.03.2018 17:00","2782","2793"
"22.03.2018 17:00 - 22.03.2018 18:00","2927","2916"
"22.03.2018 18:00 - 22.03.2018 19:00","2918","2909"
"22.03.2018 19:00 - 22.03.2018 20:00","2935","2859"
"22.03.2018 20:00 - 22.03.2018 21:00","2793","2708"
"22.03.2018 21:00 - 22.03.2018 22:00","2611","2537"
"22.03.2018 22:00 - 22.03.2018 23:00","2476","2361"
"22.03.2018 23:00 - 23.03.2018 00:00","2349","2173"
"23.03.2018 00:00 - 23.03.2018 01:00","2063","2066"
"23.03.2018 01:00 - 23.03.2018 02:00","1990","2019"
"23.03.2018 02:00 - 23.03.2018 03:00","1992","1995"
"23.03.2018 03:00 - 23.03.2018 04:00","2005","1982"
"23.03.2018 04:00 - 23.03.2018 05:00","2037","2031"
"23.03.2018 05:00 - 23.03.2018 06:00","2186","2210"
"23.03.2018 06:00 - 23.03.2018 07:00","2535","2559"
"23.03.2018 07:00 - 23.03.2018 08:00","2907","2900"
"23.03.2018 08:00 - 23.03.2018 09:00","3013","3005"
"23.03.2018 09:00 - 23.03.2018 10:00","3002","3000"
"23.03.2018 10:00 - 23.03.2018 11:00","3061","3044"
"23.03.2018 11:00 - 23.03.2018 12:00","3000","2993"
"23.03.2018 12:00 - 23.03.2018 13:00","2850","2861"
"23.03.2018 13:00 - 23.03.2018 14:00","2772","2782"
"23.03.2018 14:00 - 23.03.2018 15:00","2639","2665"
"23.03.2018 15:00 - 23.03.2018 16:00","2560","2574"
"23.03.2018 16:00 - 23.03.2018 17:00","2588","2611"
"23.03.2018 17:00 - 23.03.2018 18:00","2762","2790"
"23.03.2018 18:00 - 23.03.2018 19:00","2804","2792"
"23.03.2018 19:00 - 23.03.2018 20:00","2712","2693"
"23.03.2018 20:00 - 23.03.2018 21:00","2520","2508"
"23.03.2018 21:00 - 23.03.2018 22:00","2349","2345"
"23.03.2018 22:00 - 23.03.2018 23:00","2180","2193"
"23.03.2018 23:00 - 24.03.2018 00:00","2027","2028"
"24.03.2018 00:00 - 24.03.2018 01:00","1914","1928"
"24.03.2018 01:00 - 24.03.2018 02:00","1839","1866"
"24.03.2018 02:00 - 24.03.2018 03:00","1814","1863"
"24.03.2018 03:00 - 24.03.2018 04:00","1846","1869"
"24.03.2018 04:00 - 24.03.2018 05:00","1883","1905"
"24.03.2018 05:00 - 24.03.2018 06:00","1945","1947"
"24.03.2018 06:00 - 24.03.2018 07:00","2043","2023"
"24.03.2018 07:00 - 24.03.2018 08:00","2193","2175"
"24.03.2018 08:00 - 24.03.2018 09:00","2362","2345"
"24.03.2018 09:00 - 24.03.2018 10:00","2449","2426"
"24.03.2018 10:00 - 24.03.2018 11:00","2447","2466"
"24.03.2018 11:00 - 24.03.2018 12:00","2440","2450"
"24.03.2018 12:00 - 24.03.2018 13:00","2400","2406"
"24.03.2018 13:00 - 24.03.2018 14:00","2345","2360"
"24.03.2018 14:00 - 24.03.2018 15:00","2296","2306"
"24.03.2018 15:00 - 24.03.2018 16:00","2263","2278"
"24.03.2018 16:00 - 24.03.2018 17:00","2329","2343"
"24.03.2018 17:00 - 24.03.2018 18:00","2553","2537"
"24.03.2018 18:00 - 24.03.2018 19:00","2577","2573"
"24.03.2018 19:00 - 24.03.2018 20:00","2522","2485"
"24.03.2018 20:00 - 24.03.2018 21:00","2333","2314"
"24.03.2018 21:00 - 24.03.2018 22:00","2159","2178"
"24.03.2018 22:00 - 24.03.2018 23:00","2046","2034"
"24.03.2018 23:00 - 25.03.2018 00:00","1943","1946"
"25.03.2018 00:00 - 25.03.2018 01:00","1870","1888"
"25.03.2018 01:00 - 25.03.2018 02:00","1822","1833"
"25.03.2018 02:00 - 25.03.2018 03:00","",""
"25.03.2018 03:00 - 25.03.2018 04:00","1803","1810"
"25.03.2018 04:00 - 25.03.2018 05:00","1813","1812"
"25.03.2018 05:00 - 25.03.2018 06:00","1857","1848"
"25.03.2018 06:00 - 25.03.2018 07:00","1943","1955"
"25.03.2018 07:00 - 25.03.2018 08:00","2064","2025"
"25.03.2018 08:00 - 25.03.2018 09:00","2182","2167"
"25.03.2018 09:00 - 25.03.2018 10:00","2291","2300"
"25.03.2018 10:00 - 25.03.2018 11:00","2359","2360"
"25.03.2018 11:00 - 25.03.2018 12:00","2354","2356"
"25.03.2018 12:00 - 25.03.2018 13:00","2315","2307"
"25.03.2018 13:00 - 25.03.2018 14:00","2270","2273"
"25.03.2018 14:00 - 25.03.2018 15:00","2243","2258"
"25.03.2018 15:00 - 25.03.2018 16:00","2227","2240"
"25.03.2018 16:00 - 25.03.2018 17:00","2283","2262"
"25.03.2018 17:00 - 25.03.2018 18:00","2465","2438"
"25.03.2018 18:00 - 25.03.2018 19:00","2507","2469"
"25.03.2018 19:00 - 25.03.2018 20:00","2422","2388"
"25.03.2018 20:00 - 25.03.2018 21:00","2328","2363"
"25.03.2018 21:00 - 25.03.2018 22:00","2201","2249"
"25.03.2018 22:00 - 25.03.2018 23:00","2047","2130"
"25.03.2018 23:00 - 26.03.2018 00:00","1923","2000"
"26.03.2018 00:00 - 26.03.2018 01:00","1889","1916"
"26.03.2018 01:00 - 26.03.2018 02:00","1839","1865"
"26.03.2018 02:00 - 26.03.2018 03:00","1845","1865"
"26.03.2018 03:00 - 26.03.2018 04:00","1858","1891"
"26.03.2018 04:00 - 26.03.2018 05:00","1929","1931"
"26.03.2018 05:00 - 26.03.2018 06:00","2097","2062"
"26.03.2018 06:00 - 26.03.2018 07:00","2399","2383"
"26.03.2018 07:00 - 26.03.2018 08:00","2742","2704"
"26.03.2018 08:00 - 26.03.2018 09:00","2881","2895"
"26.03.2018 09:00 - 26.03.2018 10:00","2905","2906"
"26.03.2018 10:00 - 26.03.2018 11:00","2937","2932"
"26.03.2018 11:00 - 26.03.2018 12:00","2881","2871"
"26.03.2018 12:00 - 26.03.2018 13:00","2818","2804"
"26.03.2018 13:00 - 26.03.2018 14:00","2808","2821"
"26.03.2018 14:00 - 26.03.2018 15:00","2758","2754"
"26.03.2018 15:00 - 26.03.2018 16:00","2631","2622"
"26.03.2018 16:00 - 26.03.2018 17:00","2568","2566"
"26.03.2018 17:00 - 26.03.2018 18:00","2721","2739"
"26.03.2018 18:00 - 26.03.2018 19:00","2716","2735"
"26.03.2018 19:00 - 26.03.2018 20:00","2697","2656"
"26.03.2018 20:00 - 26.03.2018 21:00","2597","2623"
"26.03.2018 21:00 - 26.03.2018 22:00","2481","2495"
"26.03.2018 22:00 - 26.03.2018 23:00","2319","2331"
"26.03.2018 23:00 - 27.03.2018 00:00","2155","2144"
"27.03.2018 00:00 - 27.03.2018 01:00","2010","2020"
"27.03.2018 01:00 - 27.03.2018 02:00","1929","1966"
"27.03.2018 02:00 - 27.03.2018 03:00","1953","1943"
"27.03.2018 03:00 - 27.03.2018 04:00","1952","1973"
"27.03.2018 04:00 - 27.03.2018 05:00","2028","2014"
"27.03.2018 05:00 - 27.03.2018 06:00","2158","2138"
"27.03.2018 06:00 - 27.03.2018 07:00","2443","2410"
"27.03.2018 07:00 - 27.03.2018 08:00","2768","2690"
"27.03.2018 08:00 - 27.03.2018 09:00","2857","2855"
"27.03.2018 09:00 - 27.03.2018 10:00","2898","2924"
"27.03.2018 10:00 - 27.03.2018 11:00","2949","2951"
"27.03.2018 11:00 - 27.03.2018 12:00","2942","2962"
"27.03.2018 12:00 - 27.03.2018 13:00","2879","2884"
"27.03.2018 13:00 - 27.03.2018 14:00","2885","2908"
"27.03.2018 14:00 - 27.03.2018 15:00","2843","2876"
"27.03.2018 15:00 - 27.03.2018 16:00","2748","2773"
"27.03.2018 16:00 - 27.03.2018 17:00","2730","2750"
"27.03.2018 17:00 - 27.03.2018 18:00","2846","2848"
"27.03.2018 18:00 - 27.03.2018 19:00","2802","2809"
"27.03.2018 19:00 - 27.03.2018 20:00","2736","2717"
"27.03.2018 20:00 - 27.03.2018 21:00","2698","2663"
"27.03.2018 21:00 - 27.03.2018 22:00","2573","2549"
"27.03.2018 22:00 - 27.03.2018 23:00","2412","2409"
"27.03.2018 23:00 - 28.03.2018 00:00","2258","2246"
"28.03.2018 00:00 - 28.03.2018 01:00","2136","2138"
"28.03.2018 01:00 - 28.03.2018 02:00","2037","2053"
"28.03.2018 02:00 - 28.03.2018 03:00","2028","2063"
"28.03.2018 03:00 - 28.03.2018 04:00","2056","2088"
"28.03.2018 04:00 - 28.03.2018 05:00","2119","2109"
"28.03.2018 05:00 - 28.03.2018 06:00","2271","2244"
"28.03.2018 06:00 - 28.03.2018 07:00","2519","2507"
"28.03.2018 07:00 - 28.03.2018 08:00","2847","2814"
"28.03.2018 08:00 - 28.03.2018 09:00","2971","2983"
"28.03.2018 09:00 - 28.03.2018 10:00","3028","3063"
"28.03.2018 10:00 - 28.03.2018 11:00","3094","3105"
"28.03.2018 11:00 - 28.03.2018 12:00","3062","3082"
"28.03.2018 12:00 - 28.03.2018 13:00","2978","3013"
"28.03.2018 13:00 - 28.03.2018 14:00","2949","2997"
"28.03.2018 14:00 - 28.03.2018 15:00","2853","2923"
"28.03.2018 15:00 - 28.03.2018 16:00","2782","2820"
"28.03.2018 16:00 - 28.03.2018 17:00","2782","2789"
"28.03.2018 17:00 - 28.03.2018 18:00","2861","2871"
"28.03.2018 18:00 - 28.03.2018 19:00","2839","2860"
"28.03.2018 19:00 - 28.03.2018 20:00","2776","2788"
"28.03.2018 20:00 - 28.03.2018 21:00","2735","2735"
"28.03.2018 21:00 - 28.03.2018 22:00","2616","2628"
"28.03.2018 22:00 - 28.03.2018 23:00","2449","2454"
"28.03.2018 23:00 - 29.03.2018 00:00","2266","2318"
"29.03.2018 00:00 - 29.03.2018 01:00","2160","2162"
"29.03.2018 01:00 - 29.03.2018 02:00","2064","2081"
"29.03.2018 02:00 - 29.03.2018 03:00","2012","2015"
"29.03.2018 03:00 - 29.03.2018 04:00","2016","2030"
"29.03.2018 04:00 - 29.03.2018 05:00","2025","2013"
"29.03.2018 05:00 - 29.03.2018 06:00","2063","2061"
"29.03.2018 06:00 - 29.03.2018 07:00","2127","2139"
"29.03.2018 07:00 - 29.03.2018 08:00","2284","2237"
"29.03.2018 08:00 - 29.03.2018 09:00","2381","2378"
"29.03.2018 09:00 - 29.03.2018 10:00","2484","2485"
"29.03.2018 10:00 - 29.03.2018 11:00","2533","2552"
"29.03.2018 11:00 - 29.03.2018 12:00","2555","2538"
"29.03.2018 12:00 - 29.03.2018 13:00","2482","2465"
"29.03.2018 13:00 - 29.03.2018 14:00","2388","2394"
"29.03.2018 14:00 - 29.03.2018 15:00","2351","2354"
"29.03.2018 15:00 - 29.03.2018 16:00","2305","2322"
"29.03.2018 16:00 - 29.03.2018 17:00","2337","2324"
"29.03.2018 17:00 - 29.03.2018 18:00","2470","2474"
"29.03.2018 18:00 - 29.03.2018 19:00","2487","2492"
"29.03.2018 19:00 - 29.03.2018 20:00","2408","2414"
"29.03.2018 20:00 - 29.03.2018 21:00","2371","2405"
"29.03.2018 21:00 - 29.03.2018 22:00","2304","2292"
"29.03.2018 22:00 - 29.03.2018 23:00","2147","2179"
"29.03.2018 23:00 - 30.03.2018 00:00","1996","2032"
"30.03.2018 00:00 - 30.03.2018 01:00","1908","1947"
"30.03.2018 01:00 - 30.03.2018 02:00","1856","1902"
"30.03.2018 02:00 - 30.03.2018 03:00","1851","1900"
"30.03.2018 03:00 - 30.03.2018 04:00","1845","1913"
"30.03.2018 04:00 - 30.03.2018 05:00","1918","1943"
"30.03.2018 05:00 - 30.03.2018 06:00","1963","1989"
"30.03.2018 06:00 - 30.03.2018 07:00","2046","2075"
"30.03.2018 07:00 - 30.03.2018 08:00","2214","2158"
"30.03.2018 08:00 - 30.03.2018 09:00","2307","2269"
"30.03.2018 09:00 - 30.03.2018 10:00","2348","2320"
"30.03.2018 10:00 - 30.03.2018 11:00","2350","2340"
"30.03.2018 11:00 - 30.03.2018 12:00","2304","2295"
"30.03.2018 12:00 - 30.03.2018 13:00","2222","2224"
"30.03.2018 13:00 - 30.03.2018 14:00","2152","2153"
"30.03.2018 14:00 - 30.03.2018 15:00","2116","2110"
"30.03.2018 15:00 - 30.03.2018 16:00","2066","2039"
"30.03.2018 16:00 - 30.03.2018 17:00","2079","2080"
"30.03.2018 17:00 - 30.03.2018 18:00","2229","2236"
"30.03.2018 18:00 - 30.03.2018 19:00","2254","2287"
"30.03.2018 19:00 - 30.03.2018 20:00","2215","2242"
"30.03.2018 20:00 - 30.03.2018 21:00","2220","2261"
"30.03.2018 21:00 - 30.03.2018 22:00","2160","2187"
"30.03.2018 22:00 - 30.03.2018 23:00","2006","2054"
"30.03.2018 23:00 - 31.03.2018 00:00","1852","1949"
"31.03.2018 00:00 - 31.03.2018 01:00","1836","1874"
"31.03.2018 01:00 - 31.03.2018 02:00","1792","1818"
"31.03.2018 02:00 - 31.03.2018 03:00","1773","1791"
"31.03.2018 03:00 - 31.03.2018 04:00","1764","1782"
"31.03.2018 04:00 - 31.03.2018 05:00","1780","1810"
"31.03.2018 05:00 - 31.03.2018 06:00","1863","1869"
"31.03.2018 06:00 - 31.03.2018 07:00","1936","1956"
"31.03.2018 07:00 - 31.03.2018 08:00","2101","2119"
"31.03.2018 08:00 - 31.03.2018 09:00","2281","2290"
"31.03.2018 09:00 - 31.03.2018 10:00","2379","2361"
"31.03.2018 10:00 - 31.03.2018 11:00","2346","2301"
"31.03.2018 11:00 - 31.03.2018 12:00","2257","2253"
"31.03.2018 12:00 - 31.03.2018 13:00","2214","2207"
"31.03.2018 13:00 - 31.03.2018 14:00","2173","2161"
"31.03.2018 14:00 - 31.03.2018 15:00","2133","2133"
"31.03.2018 15:00 - 31.03.2018 16:00","2104","2118"
"31.03.2018 16:00 - 31.03.2018 17:00","2139","2163"
"31.03.2018 17:00 - 31.03.2018 18:00","2321","2335"
"31.03.2018 18:00 - 31.03.2018 19:00","2354","2353"
"31.03.2018 19:00 - 31.03.2018 20:00","2271","2260"
"31.03.2018 20:00 - 31.03.2018 21:00","2235","2255"
"31.03.2018 21:00 - 31.03.2018 22:00","2186","2177"
"31.03.2018 22:00 - 31.03.2018 23:00","2028","2090"
"31.03.2018 23:00 - 01.04.2018 00:00","1878","1986"
"01.04.2018 00:00 - 01.04.2018 01:00","1869","1882"
"01.04.2018 01:00 - 01.04.2018 02:00","1799","1828"
"01.04.2018 02:00 - 01.04.2018 03:00","1783","1802"
"01.04.2018 03:00 - 01.04.2018 04:00","1795","1823"
"01.04.2018 04:00 - 01.04.2018 05:00","1820","1834"
"01.04.2018 05:00 - 01.04.2018 06:00","1859","1868"
"01.04.2018 06:00 - 01.04.2018 07:00","1917","1917"
"01.04.2018 07:00 - 01.04.2018 08:00","2008","2008"
"01.04.2018 08:00 - 01.04.2018 09:00","2164","2159"
"01.04.2018 09:00 - 01.04.2018 10:00","2246","2203"
"01.04.2018 10:00 - 01.04.2018 11:00","2229","2194"
"01.04.2018 11:00 - 01.04.2018 12:00","2189","2184"
"01.04.2018 12:00 - 01.04.2018 13:00","2130","2129"
"01.04.2018 13:00 - 01.04.2018 14:00","2069","2055"
"01.04.2018 14:00 - 01.04.2018 15:00","2032","2011"
"01.04.2018 15:00 - 01.04.2018 16:00","2014","2021"
"01.04.2018 16:00 - 01.04.2018 17:00","2031","2017"
"01.04.2018 17:00 - 01.04.2018 18:00","2146","2166"
"01.04.2018 18:00 - 01.04.2018 19:00","2178","2206"
"01.04.2018 19:00 - 01.04.2018 20:00","2140","2133"
"01.04.2018 20:00 - 01.04.2018 21:00","2150","2162"
"01.04.2018 21:00 - 01.04.2018 22:00","2127","2112"
"01.04.2018 22:00 - 01.04.2018 23:00","2005","2019"
"01.04.2018 23:00 - 02.04.2018 00:00","1882","1902"
"02.04.2018 00:00 - 02.04.2018 01:00","1797","1789"
"02.04.2018 01:00 - 02.04.2018 02:00","1736","1740"
"02.04.2018 02:00 - 02.04.2018 03:00","1719","1730"
"02.04.2018 03:00 - 02.04.2018 04:00","1727","1757"
"02.04.2018 04:00 - 02.04.2018 05:00","1780","1790"
"02.04.2018 05:00 - 02.04.2018 06:00","1840","1861"
"02.04.2018 06:00 - 02.04.2018 07:00","1933","1919"
"02.04.2018 07:00 - 02.04.2018 08:00","2040","2027"
"02.04.2018 08:00 - 02.04.2018 09:00","2204","2177"
"02.04.2018 09:00 - 02.04.2018 10:00","2283","2243"
"02.04.2018 10:00 - 02.04.2018 11:00","2214","2172"
"02.04.2018 11:00 - 02.04.2018 12:00","2191","2179"
"02.04.2018 12:00 - 02.04.2018 13:00","2122","2111"
"02.04.2018 13:00 - 02.04.2018 14:00","2075","2056"
"02.04.2018 14:00 - 02.04.2018 15:00","2037","2029"
"02.04.2018 15:00 - 02.04.2018 16:00","2019","2026"
"02.04.2018 16:00 - 02.04.2018 17:00","2076","2095"
"02.04.2018 17:00 - 02.04.2018 18:00","2275","2291"
"02.04.2018 18:00 - 02.04.2018 19:00","2282","2309"
"02.04.2018 19:00 - 02.04.2018 20:00","2227","2309"
"02.04.2018 20:00 - 02.04.2018 21:00","2301","2306"
"02.04.2018 21:00 - 02.04.2018 22:00","2275","2137"
"02.04.2018 22:00 - 02.04.2018 23:00","2143","1969"
"02.04.2018 23:00 - 03.04.2018 00:00","2015","1884"
"03.04.2018 00:00 - 03.04.2018 01:00","1831","1820"
"03.04.2018 01:00 - 03.04.2018 02:00","1798","1797"
"03.04.2018 02:00 - 03.04.2018 03:00","1800","1780"
"03.04.2018 03:00 - 03.04.2018 04:00","1813","1816"
"03.04.2018 04:00 - 03.04.2018 05:00","1876","1864"
"03.04.2018 05:00 - 03.04.2018 06:00","2022","2024"
"03.04.2018 06:00 - 03.04.2018 07:00","2397","2370"
"03.04.2018 07:00 - 03.04.2018 08:00","2781","2759"
"03.04.2018 08:00 - 03.04.2018 09:00","2930","2919"
"03.04.2018 09:00 - 03.04.2018 10:00","2950","2953"
"03.04.2018 10:00 - 03.04.2018 11:00","3022","3037"
"03.04.2018 11:00 - 03.04.2018 12:00","3028","3011"
"03.04.2018 12:00 - 03.04.2018 13:00","2915","2907"
"03.04.2018 13:00 - 03.04.2018 14:00","2914","2911"
"03.04.2018 14:00 - 03.04.2018 15:00","2851","2869"
"03.04.2018 15:00 - 03.04.2018 16:00","2746","2769"
"03.04.2018 16:00 - 03.04.2018 17:00","2723","2726"
"03.04.2018 17:00 - 03.04.2018 18:00","2867","2866"
"03.04.2018 18:00 - 03.04.2018 19:00","2755","2774"
"03.04.2018 19:00 - 03.04.2018 20:00","2633","2639"
"03.04.2018 20:00 - 03.04.2018 21:00","2557","2534"
"03.04.2018 21:00 - 03.04.2018 22:00","2406","2402"
"03.04.2018 22:00 - 03.04.2018 23:00","2205","2242"
"03.04.2018 23:00 - 04.04.2018 00:00","2031","2076"
"04.04.2018 00:00 - 04.04.2018 01:00","1952","1965"
"04.04.2018 01:00 - 04.04.2018 02:00","1860","1884"
"04.04.2018 02:00 - 04.04.2018 03:00","1860","1899"
"04.04.2018 03:00 - 04.04.2018 04:00","1906","1923"
"04.04.2018 04:00 - 04.04.2018 05:00","1964","1973"
"04.04.2018 05:00 - 04.04.2018 06:00","2110","2096"
"04.04.2018 06:00 - 04.04.2018 07:00","2443","2412"
"04.04.2018 07:00 - 04.04.2018 08:00","2744","2707"
"04.04.2018 08:00 - 04.04.2018 09:00","2857","2837"
"04.04.2018 09:00 - 04.04.2018 10:00","2827","2771"
"04.04.2018 10:00 - 04.04.2018 11:00","2857","2734"
"04.04.2018 11:00 - 04.04.2018 12:00","2753","2695"
"04.04.2018 12:00 - 04.04.2018 13:00","2661","2661"
"04.04.2018 13:00 - 04.04.2018 14:00","2701","2699"
"04.04.2018 14:00 - 04.04.2018 15:00","2654","2656"
"04.04.2018 15:00 - 04.04.2018 16:00","2547","2545"
"04.04.2018 16:00 - 04.04.2018 17:00","2538","2540"
"04.04.2018 17:00 - 04.04.2018 18:00","2685","2697"
"04.04.2018 18:00 - 04.04.2018 19:00","2633","2623"
"04.04.2018 19:00 - 04.04.2018 20:00","2515","2506"
"04.04.2018 20:00 - 04.04.2018 21:00","2505","2454"
"04.04.2018 21:00 - 04.04.2018 22:00","2357","2342"
"04.04.2018 22:00 - 04.04.2018 23:00","2198","2171"
"04.04.2018 23:00 - 05.04.2018 00:00","2034","2051"
"05.04.2018 00:00 - 05.04.2018 01:00","1930","1953"
"05.04.2018 01:00 - 05.04.2018 02:00","1871","1916"
"05.04.2018 02:00 - 05.04.2018 03:00","1877","1891"
"05.04.2018 03:00 - 05.04.2018 04:00","1884","1872"
"05.04.2018 04:00 - 05.04.2018 05:00","1904","1914"
"05.04.2018 05:00 - 05.04.2018 06:00","2055","2038"
"05.04.2018 06:00 - 05.04.2018 07:00","2348","2363"
"05.04.2018 07:00 - 05.04.2018 08:00","2707","2692"
"05.04.2018 08:00 - 05.04.2018 09:00","2800","2790"
"05.04.2018 09:00 - 05.04.2018 10:00","2808","2814"
"05.04.2018 10:00 - 05.04.2018 11:00","2871","2848"
"05.04.2018 11:00 - 05.04.2018 12:00","2844","2832"
"05.04.2018 12:00 - 05.04.2018 13:00","2779","2779"
"05.04.2018 13:00 - 05.04.2018 14:00","2800","2816"
"05.04.2018 14:00 - 05.04.2018 15:00","2801","2831"
"05.04.2018 15:00 - 05.04.2018 16:00","2758","2810"
"05.04.2018 16:00 - 05.04.2018 17:00","2760","2769"
"05.04.2018 17:00 - 05.04.2018 18:00","2842","2792"
"05.04.2018 18:00 - 05.04.2018 19:00","2679","2702"
"05.04.2018 19:00 - 05.04.2018 20:00","2575","2554"
"05.04.2018 20:00 - 05.04.2018 21:00","2527","2516"
"05.04.2018 21:00 - 05.04.2018 22:00","2496","2463"
"05.04.2018 22:00 - 05.04.2018 23:00","2326","2294"
"05.04.2018 23:00 - 06.04.2018 00:00","2159","2116"
"06.04.2018 00:00 - 06.04.2018 01:00","1983","2030"
"06.04.2018 01:00 - 06.04.2018 02:00","1937","1997"
"06.04.2018 02:00 - 06.04.2018 03:00","1949","1957"
"06.04.2018 03:00 - 06.04.2018 04:00","1939","1963"
"06.04.2018 04:00 - 06.04.2018 05:00","2000","2006"
"06.04.2018 05:00 - 06.04.2018 06:00","2163","2171"
"06.04.2018 06:00 - 06.04.2018 07:00","2494","2468"
"06.04.2018 07:00 - 06.04.2018 08:00","2782","2771"
"06.04.2018 08:00 - 06.04.2018 09:00","2848","2831"
"06.04.2018 09:00 - 06.04.2018 10:00","2826","2800"
"06.04.2018 10:00 - 06.04.2018 11:00","2842","2800"
"06.04.2018 11:00 - 06.04.2018 12:00","2782","2779"
"06.04.2018 12:00 - 06.04.2018 13:00","2683","2702"
"06.04.2018 13:00 - 06.04.2018 14:00","2598","2583"
"06.04.2018 14:00 - 06.04.2018 15:00","2452","2439"
"06.04.2018 15:00 - 06.04.2018 16:00","2351","2334"
"06.04.2018 16:00 - 06.04.2018 17:00","2312","2321"
"06.04.2018 17:00 - 06.04.2018 18:00","2436","2465"
"06.04.2018 18:00 - 06.04.2018 19:00","2420","2454"
"06.04.2018 19:00 - 06.04.2018 20:00","2313","2310"
"06.04.2018 20:00 - 06.04.2018 21:00","2287","2253"
"06.04.2018 21:00 - 06.04.2018 22:00","2235","2178"
"06.04.2018 22:00 - 06.04.2018 23:00","2084","2069"
"06.04.2018 23:00 - 07.04.2018 00:00","1933","1948"
"07.04.2018 00:00 - 07.04.2018 01:00","1816","1815"
"07.04.2018 01:00 - 07.04.2018 02:00","1733","1747"
"07.04.2018 02:00 - 07.04.2018 03:00","1716","1724"
"07.04.2018 03:00 - 07.04.2018 04:00","1703","1706"
"07.04.2018 04:00 - 07.04.2018 05:00","1728","1750"
"07.04.2018 05:00 - 07.04.2018 06:00","1795","1809"
"07.04.2018 06:00 - 07.04.2018 07:00","1910","1948"
"07.04.2018 07:00 - 07.04.2018 08:00","2089","2047"
"07.04.2018 08:00 - 07.04.2018 09:00","2232","2250"
"07.04.2018 09:00 - 07.04.2018 10:00","2339","2317"
"07.04.2018 10:00 - 07.04.2018 11:00","2335","2320"
"07.04.2018 11:00 - 07.04.2018 12:00","2282","2273"
"07.04.2018 12:00 - 07.04.2018 13:00","2227","2242"
"07.04.2018 13:00 - 07.04.2018 14:00","2151","2136"
"07.04.2018 14:00 - 07.04.2018 15:00","2092","2096"
"07.04.2018 15:00 - 07.04.2018 16:00","2070","2071"
"07.04.2018 16:00 - 07.04.2018 17:00","2118","2124"
"07.04.2018 17:00 - 07.04.2018 18:00","2289","2265"
"07.04.2018 18:00 - 07.04.2018 19:00","2291","2263"
"07.04.2018 19:00 - 07.04.2018 20:00","2129","2106"
"07.04.2018 20:00 - 07.04.2018 21:00","2098","2075"
"07.04.2018 21:00 - 07.04.2018 22:00","2071","2040"
"07.04.2018 22:00 - 07.04.2018 23:00","1944","1921"
"07.04.2018 23:00 - 08.04.2018 00:00","1814","1821"
"08.04.2018 00:00 - 08.04.2018 01:00","1721","1749"
"08.04.2018 01:00 - 08.04.2018 02:00","1668","1700"
"08.04.2018 02:00 - 08.04.2018 03:00","1623","1652"
"08.04.2018 03:00 - 08.04.2018 04:00","1609","1642"
"08.04.2018 04:00 - 08.04.2018 05:00","1617","1659"
"08.04.2018 05:00 - 08.04.2018 06:00","1689","1705"
"08.04.2018 06:00 - 08.04.2018 07:00","1754","1770"
"08.04.2018 07:00 - 08.04.2018 08:00","1895","1891"
"08.04.2018 08:00 - 08.04.2018 09:00","2037","2017"
"08.04.2018 09:00 - 08.04.2018 10:00","2104","2085"
"08.04.2018 10:00 - 08.04.2018 11:00","2136","2118"
"08.04.2018 11:00 - 08.04.2018 12:00","2149","2089"
"08.04.2018 12:00 - 08.04.2018 13:00","2065","2034"
"08.04.2018 13:00 - 08.04.2018 14:00","2013","2001"
"08.04.2018 14:00 - 08.04.2018 15:00","1997","1976"
"08.04.2018 15:00 - 08.04.2018 16:00","1956","1971"
"08.04.2018 16:00 - 08.04.2018 17:00","1992","2011"
"08.04.2018 17:00 - 08.04.2018 18:00","2191","2187"
"08.04.2018 18:00 - 08.04.2018 19:00","2200","2219"
"08.04.2018 19:00 - 08.04.2018 20:00","2130","2155"
"08.04.2018 20:00 - 08.04.2018 21:00","2145","2163"
"08.04.2018 21:00 - 08.04.2018 22:00","2090","2079"
"08.04.2018 22:00 - 08.04.2018 23:00","1965","1926"
"08.04.2018 23:00 - 09.04.2018 00:00","1851","1810"
"09.04.2018 00:00 - 09.04.2018 01:00","1737","1760"
"09.04.2018 01:00 - 09.04.2018 02:00","1714","1733"
"09.04.2018 02:00 - 09.04.2018 03:00","1714","1701"
"09.04.2018 03:00 - 09.04.2018 04:00","1711","1712"
"09.04.2018 04:00 - 09.04.2018 05:00","1780","1747"
"09.04.2018 05:00 - 09.04.2018 06:00","1910","1907"
"09.04.2018 06:00 - 09.04.2018 07:00","2277","2269"
"09.04.2018 07:00 - 09.04.2018 08:00","2654","2646"
"09.04.2018 08:00 - 09.04.2018 09:00","2794","2758"
"09.04.2018 09:00 - 09.04.2018 10:00","2843","2763"
"09.04.2018 10:00 - 09.04.2018 11:00","2850","2794"
"09.04.2018 11:00 - 09.04.2018 12:00","2781","2771"
"09.04.2018 12:00 - 09.04.2018 13:00","2699","2683"
"09.04.2018 13:00 - 09.04.2018 14:00","2679","2687"
"09.04.2018 14:00 - 09.04.2018 15:00","2631","2608"
"09.04.2018 15:00 - 09.04.2018 16:00","2471","2484"
"09.04.2018 16:00 - 09.04.2018 17:00","2438","2462"
"09.04.2018 17:00 - 09.04.2018 18:00","2636","2644"
"09.04.2018 18:00 - 09.04.2018 19:00","2568","2593"
"09.04.2018 19:00 - 09.04.2018 20:00","2433","2471"
"09.04.2018 20:00 - 09.04.2018 21:00","2412","2405"
"09.04.2018 21:00 - 09.04.2018 22:00","2361","2275"
"09.04.2018 22:00 - 09.04.2018 23:00","2144","2114"
"09.04.2018 23:00 - 10.04.2018 00:00","2005","1936"
"10.04.2018 00:00 - 10.04.2018 01:00","1802","1836"
"10.04.2018 01:00 - 10.04.2018 02:00","1781","1854"
"10.04.2018 02:00 - 10.04.2018 03:00","1806","1804"
"10.04.2018 03:00 - 10.04.2018 04:00","1832","1830"
"10.04.2018 04:00 - 10.04.2018 05:00","1885","1871"
"10.04.2018 05:00 - 10.04.2018 06:00","2025","2009"
"10.04.2018 06:00 - 10.04.2018 07:00","2391","2395"
"10.04.2018 07:00 - 10.04.2018 08:00","2720","2737"
"10.04.2018 08:00 - 10.04.2018 09:00","2849","2520"
"10.04.2018 09:00 - 10.04.2018 10:00","2881","1476"
"10.04.2018 10:00 - 10.04.2018 11:00","2885","1525"
"10.04.2018 11:00 - 10.04.2018 12:00","2843","1494"
"10.04.2018 12:00 - 10.04.2018 13:00","2775","2010"
"10.04.2018 13:00 - 10.04.2018 14:00","2778","2321"
"10.04.2018 14:00 - 10.04.2018 15:00","2711","2263"
"10.04.2018 15:00 - 10.04.2018 16:00","2594","2168"
"10.04.2018 16:00 - 10.04.2018 17:00","2589","2397"
"10.04.2018 17:00 - 10.04.2018 18:00","2757","2764"
"10.04.2018 18:00 - 10.04.2018 19:00","2701","2692"
"10.04.2018 19:00 - 10.04.2018 20:00","2552","2522"
"10.04.2018 20:00 - 10.04.2018 21:00","2481","2507"
"10.04.2018 21:00 - 10.04.2018 22:00","2406","2483"
"10.04.2018 22:00 - 10.04.2018 23:00","2246","2257"
"10.04.2018 23:00 - 11.04.2018 00:00","2073","2045"
"11.04.2018 00:00 - 11.04.2018 01:00","1905","1928"
"11.04.2018 01:00 - 11.04.2018 02:00","1877","1902"
"11.04.2018 02:00 - 11.04.2018 03:00","1881","1918"
"11.04.2018 03:00 - 11.04.2018 04:00","1913","1917"
"11.04.2018 04:00 - 11.04.2018 05:00","1960","1932"
"11.04.2018 05:00 - 11.04.2018 06:00","2072","2060"
"11.04.2018 06:00 - 11.04.2018 07:00","2385","2408"
"11.04.2018 07:00 - 11.04.2018 08:00","2706","2727"
"11.04.2018 08:00 - 11.04.2018 09:00","2828","2813"
"11.04.2018 09:00 - 11.04.2018 10:00","2815","2813"
"11.04.2018 10:00 - 11.04.2018 11:00","2832","2821"
"11.04.2018 11:00 - 11.04.2018 12:00","2788","2796"
"11.04.2018 12:00 - 11.04.2018 13:00","2726","2722"
"11.04.2018 13:00 - 11.04.2018 14:00","2748","2778"
"11.04.2018 14:00 - 11.04.2018 15:00","2711","2728"
"11.04.2018 15:00 - 11.04.2018 16:00","2597","2614"
"11.04.2018 16:00 - 11.04.2018 17:00","2586","2567"
"11.04.2018 17:00 - 11.04.2018 18:00","2684","2639"
"11.04.2018 18:00 - 11.04.2018 19:00","2597","2569"
"11.04.2018 19:00 - 11.04.2018 20:00","2474","2426"
"11.04.2018 20:00 - 11.04.2018 21:00","2408","2357"
"11.04.2018 21:00 - 11.04.2018 22:00","2304","2302"
"11.04.2018 22:00 - 11.04.2018 23:00","2182","2153"
"11.04.2018 23:00 - 12.04.2018 00:00","2064","1970"
"12.04.2018 00:00 - 12.04.2018 01:00","1849","1875"
"12.04.2018 01:00 - 12.04.2018 02:00","1795","1845"
"12.04.2018 02:00 - 12.04.2018 03:00","1829","1822"
"12.04.2018 03:00 - 12.04.2018 04:00","1833","1837"
"12.04.2018 04:00 - 12.04.2018 05:00","1891","1898"
"12.04.2018 05:00 - 12.04.2018 06:00","2073","2060"
"12.04.2018 06:00 - 12.04.2018 07:00","2386","2377"
"12.04.2018 07:00 - 12.04.2018 08:00","2731","2747"
"12.04.2018 08:00 - 12.04.2018 09:00","2853","2815"
"12.04.2018 09:00 - 12.04.2018 10:00","2829","2787"
"12.04.2018 10:00 - 12.04.2018 11:00","2840","2826"
"12.04.2018 11:00 - 12.04.2018 12:00","2815","2817"
"12.04.2018 12:00 - 12.04.2018 13:00","2751","2743"
"12.04.2018 13:00 - 12.04.2018 14:00","2765","2777"
"12.04.2018 14:00 - 12.04.2018 15:00","2689","2668"
"12.04.2018 15:00 - 12.04.2018 16:00","2514","2512"
"12.04.2018 16:00 - 12.04.2018 17:00","2479","2470"
"12.04.2018 17:00 - 12.04.2018 18:00","2607","2592"
"12.04.2018 18:00 - 12.04.2018 19:00","2531","2569"
"12.04.2018 19:00 - 12.04.2018 20:00","2463","2458"
"12.04.2018 20:00 - 12.04.2018 21:00","2420","2444"
"12.04.2018 21:00 - 12.04.2018 22:00","2392","2328"
"12.04.2018 22:00 - 12.04.2018 23:00","2230","2153"
"12.04.2018 23:00 - 13.04.2018 00:00","2064","2016"
"13.04.2018 00:00 - 13.04.2018 01:00","1904","1920"
"13.04.2018 01:00 - 13.04.2018 02:00","1860","1886"
"13.04.2018 02:00 - 13.04.2018 03:00","1841","1837"
"13.04.2018 03:00 - 13.04.2018 04:00","1825","1813"
"13.04.2018 04:00 - 13.04.2018 05:00","1855","1866"
"13.04.2018 05:00 - 13.04.2018 06:00","2014","2021"
"13.04.2018 06:00 - 13.04.2018 07:00","2356","2321"
"13.04.2018 07:00 - 13.04.2018 08:00","2651","2647"
"13.04.2018 08:00 - 13.04.2018 09:00","2764","2749"
"13.04.2018 09:00 - 13.04.2018 10:00","2735","2734"
"13.04.2018 10:00 - 13.04.2018 11:00","2783","2741"
"13.04.2018 11:00 - 13.04.2018 12:00","2726","2722"
"13.04.2018 12:00 - 13.04.2018 13:00","2588","2581"
"13.04.2018 13:00 - 13.04.2018 14:00","2503","2517"
"13.04.2018 14:00 - 13.04.2018 15:00","2389","2382"
"13.04.2018 15:00 - 13.04.2018 16:00","2310","2300"
"13.04.2018 16:00 - 13.04.2018 17:00","2302","2292"
"13.04.2018 17:00 - 13.04.2018 18:00","2404","2413"
"13.04.2018 18:00 - 13.04.2018 19:00","2386","2394"
"13.04.2018 19:00 - 13.04.2018 20:00","2241","2243"
"13.04.2018 20:00 - 13.04.2018 21:00","2191","2189"
"13.04.2018 21:00 - 13.04.2018 22:00","2119","2127"
"13.04.2018 22:00 - 13.04.2018 23:00","1959","1988"
"13.04.2018 23:00 - 14.04.2018 00:00","1809","1870"
"14.04.2018 00:00 - 14.04.2018 01:00","1750","1762"
"14.04.2018 01:00 - 14.04.2018 02:00","1672","1685"
"14.04.2018 02:00 - 14.04.2018 03:00","1665","1688"
"14.04.2018 03:00 - 14.04.2018 04:00","1670","1681"
"14.04.2018 04:00 - 14.04.2018 05:00","1667","1687"
"14.04.2018 05:00 - 14.04.2018 06:00","1728","1730"
"14.04.2018 06:00 - 14.04.2018 07:00","1805","1800"
"14.04.2018 07:00 - 14.04.2018 08:00","1975","1984"
"14.04.2018 08:00 - 14.04.2018 09:00","2137","2106"
"14.04.2018 09:00 - 14.04.2018 10:00","2183","2179"
"14.04.2018 10:00 - 14.04.2018 11:00","2216","2215"
"14.04.2018 11:00 - 14.04.2018 12:00","2193","2182"
"14.04.2018 12:00 - 14.04.2018 13:00","2106","2125"
"14.04.2018 13:00 - 14.04.2018 14:00","2081","2119"
"14.04.2018 14:00 - 14.04.2018 15:00","2080","2118"
"14.04.2018 15:00 - 14.04.2018 16:00","2090","2083"
"14.04.2018 16:00 - 14.04.2018 17:00","2121","2114"
"14.04.2018 17:00 - 14.04.2018 18:00","2279","2292"
"14.04.2018 18:00 - 14.04.2018 19:00","2290","2276"
"14.04.2018 19:00 - 14.04.2018 20:00","2154","2143"
"14.04.2018 20:00 - 14.04.2018 21:00","2075","2061"
"14.04.2018 21:00 - 14.04.2018 22:00","2030","1997"
"14.04.2018 22:00 - 14.04.2018 23:00","1900","1875"
"14.04.2018 23:00 - 15.04.2018 00:00","1778","1745"
"15.04.2018 00:00 - 15.04.2018 01:00","1640","1642"
"15.04.2018 01:00 - 15.04.2018 02:00","1562","1588"
"15.04.2018 02:00 - 15.04.2018 03:00","1538","1576"
"15.04.2018 03:00 - 15.04.2018 04:00","1547","1575"
"15.04.2018 04:00 - 15.04.2018 05:00","1563","1589"
"15.04.2018 05:00 - 15.04.2018 06:00","1621","1641"
"15.04.2018 06:00 - 15.04.2018 07:00","1699","1726"
"15.04.2018 07:00 - 15.04.2018 08:00","1853","1874"
"15.04.2018 08:00 - 15.04.2018 09:00","2029","2031"
"15.04.2018 09:00 - 15.04.2018 10:00","2133","2125"
"15.04.2018 10:00 - 15.04.2018 11:00","2164","2138"
"15.04.2018 11:00 - 15.04.2018 12:00","2175","2127"
"15.04.2018 12:00 - 15.04.2018 13:00","2087","2100"
"15.04.2018 13:00 - 15.04.2018 14:00","2077","2102"
"15.04.2018 14:00 - 15.04.2018 15:00","2093","2088"
"15.04.2018 15:00 - 15.04.2018 16:00","2073","2092"
"15.04.2018 16:00 - 15.04.2018 17:00","2109","2136"
"15.04.2018 17:00 - 15.04.2018 18:00","2312","2332"
"15.04.2018 18:00 - 15.04.2018 19:00","2316","2328"
"15.04.2018 19:00 - 15.04.2018 20:00","2207","2214"
"15.04.2018 20:00 - 15.04.2018 21:00","2108","2154"
"15.04.2018 21:00 - 15.04.2018 22:00","2058","2065"
"15.04.2018 22:00 - 15.04.2018 23:00","1935","1922"
"15.04.2018 23:00 - 16.04.2018 00:00","1834","1807"
"16.04.2018 00:00 - 16.04.2018 01:00","1744","1764"
"16.04.2018 01:00 - 16.04.2018 02:00","1732","1738"
"16.04.2018 02:00 - 16.04.2018 03:00","1725","1723"
"16.04.2018 03:00 - 16.04.2018 04:00","1743","1736"
"16.04.2018 04:00 - 16.04.2018 05:00","1813","1781"
"16.04.2018 05:00 - 16.04.2018 06:00","1924","1941"
"16.04.2018 06:00 - 16.04.2018 07:00","2287","2284"
"16.04.2018 07:00 - 16.04.2018 08:00","2639","2641"
"16.04.2018 08:00 - 16.04.2018 09:00","2807","2800"
"16.04.2018 09:00 - 16.04.2018 10:00","2832","2791"
"16.04.2018 10:00 - 16.04.2018 11:00","2819","2799"
"16.04.2018 11:00 - 16.04.2018 12:00","2758","2781"
"16.04.2018 12:00 - 16.04.2018 13:00","2706","2699"
"16.04.2018 13:00 - 16.04.2018 14:00","2730","2731"
"16.04.2018 14:00 - 16.04.2018 15:00","2687","2667"
"16.04.2018 15:00 - 16.04.2018 16:00","2558","2569"
"16.04.2018 16:00 - 16.04.2018 17:00","2518","2533"
"16.04.2018 17:00 - 16.04.2018 18:00","2691","2709"
"16.04.2018 18:00 - 16.04.2018 19:00","2615","2622"
"16.04.2018 19:00 - 16.04.2018 20:00","2437","2494"
"16.04.2018 20:00 - 16.04.2018 21:00","2396","2413"
"16.04.2018 21:00 - 16.04.2018 22:00","2326","2322"
"16.04.2018 22:00 - 16.04.2018 23:00","2145","2132"
"16.04.2018 23:00 - 17.04.2018 00:00","1960","1944"
"17.04.2018 00:00 - 17.04.2018 01:00","1834","1827"
"17.04.2018 01:00 - 17.04.2018 02:00","1755","1753"
"17.04.2018 02:00 - 17.04.2018 03:00","1746","1758"
"17.04.2018 03:00 - 17.04.2018 04:00","1775","1785"
"17.04.2018 04:00 - 17.04.2018 05:00","1850","1850"
"17.04.2018 05:00 - 17.04.2018 06:00","2027","2000"
"17.04.2018 06:00 - 17.04.2018 07:00","2328","2317"
"17.04.2018 07:00 - 17.04.2018 08:00","2635","2668"
"17.04.2018 08:00 - 17.04.2018 09:00","2776","2794"
"17.04.2018 09:00 - 17.04.2018 10:00","2768","2729"
"17.04.2018 10:00 - 17.04.2018 11:00","2812","2741"
"17.04.2018 11:00 - 17.04.2018 12:00","2749","2703"
"17.04.2018 12:00 - 17.04.2018 13:00","2634","2643"
"17.04.2018 13:00 - 17.04.2018 14:00","2663","2661"
"17.04.2018 14:00 - 17.04.2018 15:00","2605","2608"
"17.04.2018 15:00 - 17.04.2018 16:00","2497","2527"
"17.04.2018 16:00 - 17.04.2018 17:00","2492","2499"
"17.04.2018 17:00 - 17.04.2018 18:00","2626","2640"
"17.04.2018 18:00 - 17.04.2018 19:00","2557","2562"
"17.04.2018 19:00 - 17.04.2018 20:00","2438","2435"
"17.04.2018 20:00 - 17.04.2018 21:00","2381","2386"
"17.04.2018 21:00 - 17.04.2018 22:00","2331","2306"
"17.04.2018 22:00 - 17.04.2018 23:00","2202","2100"
"17.04.2018 23:00 - 18.04.2018 00:00","2055","1926"
"18.04.2018 00:00 - 18.04.2018 01:00","1802","1802"
"18.04.2018 01:00 - 18.04.2018 02:00","1743","1757"
"18.04.2018 02:00 - 18.04.2018 03:00","1723","1728"
"18.04.2018 03:00 - 18.04.2018 04:00","1721","1735"
"18.04.2018 04:00 - 18.04.2018 05:00","1793","1804"
"18.04.2018 05:00 - 18.04.2018 06:00","1976","1948"
"18.04.2018 06:00 - 18.04.2018 07:00","2269","2262"
"18.04.2018 07:00 - 18.04.2018 08:00","2561","2539"
"18.04.2018 08:00 - 18.04.2018 09:00","2655","2684"
"18.04.2018 09:00 - 18.04.2018 10:00","2669","2677"
"18.04.2018 10:00 - 18.04.2018 11:00","2722","2731"
"18.04.2018 11:00 - 18.04.2018 12:00","2722","2716"
"18.04.2018 12:00 - 18.04.2018 13:00","2619","2640"
"18.04.2018 13:00 - 18.04.2018 14:00","2646","2636"
"18.04.2018 14:00 - 18.04.2018 15:00","2566","2572"
"18.04.2018 15:00 - 18.04.2018 16:00","2441","2448"
"18.04.2018 16:00 - 18.04.2018 17:00","2403","2407"
"18.04.2018 17:00 - 18.04.2018 18:00","2528","2538"
"18.04.2018 18:00 - 18.04.2018 19:00","2472","2492"
"18.04.2018 19:00 - 18.04.2018 20:00","2369","2384"
"18.04.2018 20:00 - 18.04.2018 21:00","2322","2294"
"18.04.2018 21:00 - 18.04.2018 22:00","2263","2280"
"18.04.2018 22:00 - 18.04.2018 23:00","2132","2116"
"18.04.2018 23:00 - 19.04.2018 00:00","1989","1916"
"19.04.2018 00:00 - 19.04.2018 01:00","1802","1796"
"19.04.2018 01:00 - 19.04.2018 02:00","1739","1765"
"19.04.2018 02:00 - 19.04.2018 03:00","1751","1756"
"19.04.2018 03:00 - 19.04.2018 04:00","1739","1756"
"19.04.2018 04:00 - 19.04.2018 05:00","1806","1824"
"19.04.2018 05:00 - 19.04.2018 06:00","1978","1970"
"19.04.2018 06:00 - 19.04.2018 07:00","2238","2264"
"19.04.2018 07:00 - 19.04.2018 08:00","2548","2577"
"19.04.2018 08:00 - 19.04.2018 09:00","2658","2687"
"19.04.2018 09:00 - 19.04.2018 10:00","2694","2699"
"19.04.2018 10:00 - 19.04.2018 11:00","2731","2744"
"19.04.2018 11:00 - 19.04.2018 12:00","2711","2709"
"19.04.2018 12:00 - 19.04.2018 13:00","2610","2627"
"19.04.2018 13:00 - 19.04.2018 14:00","2619","2646"
"19.04.2018 14:00 - 19.04.2018 15:00","2593","2596"
"19.04.2018 15:00 - 19.04.2018 16:00","2497","2466"
"19.04.2018 16:00 - 19.04.2018 17:00","2396","2418"
"19.04.2018 17:00 - 19.04.2018 18:00","2512","2489"
"19.04.2018 18:00 - 19.04.2018 19:00","2448","2438"
"19.04.2018 19:00 - 19.04.2018 20:00","2368","2354"
"19.04.2018 20:00 - 19.04.2018 21:00","2315","2278"
"19.04.2018 21:00 - 19.04.2018 22:00","2291","2227"
"19.04.2018 22:00 - 19.04.2018 23:00","2176","2049"
"19.04.2018 23:00 - 20.04.2018 00:00","2031","1872"
"20.04.2018 00:00 - 20.04.2018 01:00","1765","1749"
"20.04.2018 01:00 - 20.04.2018 02:00","1684","1694"
"20.04.2018 02:00 - 20.04.2018 03:00","1672","1675"
"20.04.2018 03:00 - 20.04.2018 04:00","1689","1682"
"20.04.2018 04:00 - 20.04.2018 05:00","1739","1715"
"20.04.2018 05:00 - 20.04.2018 06:00","1857","1852"
"20.04.2018 06:00 - 20.04.2018 07:00","2105","2159"
"20.04.2018 07:00 - 20.04.2018 08:00","2431","2483"
"20.04.2018 08:00 - 20.04.2018 09:00","2600","2621"
"20.04.2018 09:00 - 20.04.2018 10:00","2608","2596"
"20.04.2018 10:00 - 20.04.2018 11:00","2622","2628"
"20.04.2018 11:00 - 20.04.2018 12:00","2578","2600"
"20.04.2018 12:00 - 20.04.2018 13:00","2468","2511"
"20.04.2018 13:00 - 20.04.2018 14:00","2449","2449"
"20.04.2018 14:00 - 20.04.2018 15:00","2316","2325"
"20.04.2018 15:00 - 20.04.2018 16:00","2214","2195"
"20.04.2018 16:00 - 20.04.2018 17:00","2178","2148"
"20.04.2018 17:00 - 20.04.2018 18:00","2276","2242"
"20.04.2018 18:00 - 20.04.2018 19:00","2191","2178"
"20.04.2018 19:00 - 20.04.2018 20:00","2084","2066"
"20.04.2018 20:00 - 20.04.2018 21:00","2035","2030"
"20.04.2018 21:00 - 20.04.2018 22:00","2030","2021"
"20.04.2018 22:00 - 20.04.2018 23:00","1924","1873"
"20.04.2018 23:00 - 21.04.2018 00:00","1799","1736"
"21.04.2018 00:00 - 21.04.2018 01:00","1623","1613"
"21.04.2018 01:00 - 21.04.2018 02:00","1527","1555"
"21.04.2018 02:00 - 21.04.2018 03:00","1522","1550"
"21.04.2018 03:00 - 21.04.2018 04:00","1521","1540"
"21.04.2018 04:00 - 21.04.2018 05:00","1544","1566"
"21.04.2018 05:00 - 21.04.2018 06:00","1599","1614"
"21.04.2018 06:00 - 21.04.2018 07:00","1672","1686"
"21.04.2018 07:00 - 21.04.2018 08:00","1829","1832"
"21.04.2018 08:00 - 21.04.2018 09:00","1979","1979"
"21.04.2018 09:00 - 21.04.2018 10:00","2075","2074"
"21.04.2018 10:00 - 21.04.2018 11:00","2114","2089"
"21.04.2018 11:00 - 21.04.2018 12:00","2059","2066"
"21.04.2018 12:00 - 21.04.2018 13:00","1998","2010"
"21.04.2018 13:00 - 21.04.2018 14:00","1959","1960"
"21.04.2018 14:00 - 21.04.2018 15:00","1921","1919"
"21.04.2018 15:00 - 21.04.2018 16:00","1898","1893"
"21.04.2018 16:00 - 21.04.2018 17:00","1935","1929"
"21.04.2018 17:00 - 21.04.2018 18:00","2045","2055"
"21.04.2018 18:00 - 21.04.2018 19:00","2025","2061"
"21.04.2018 19:00 - 21.04.2018 20:00","1929","1968"
"21.04.2018 20:00 - 21.04.2018 21:00","1866","1894"
"21.04.2018 21:00 - 21.04.2018 22:00","1872","1924"
"21.04.2018 22:00 - 21.04.2018 23:00","1755","1810"
"21.04.2018 23:00 - 22.04.2018 00:00","1642","1675"
"22.04.2018 00:00 - 22.04.2018 01:00","1580","1578"
"22.04.2018 01:00 - 22.04.2018 02:00","1522","1534"
"22.04.2018 02:00 - 22.04.2018 03:00","1487","1535"
"22.04.2018 03:00 - 22.04.2018 04:00","1513","1520"
"22.04.2018 04:00 - 22.04.2018 05:00","1532","1529"
"22.04.2018 05:00 - 22.04.2018 06:00","1559","1562"
"22.04.2018 06:00 - 22.04.2018 07:00","1608","1623"
"22.04.2018 07:00 - 22.04.2018 08:00","1762","1771"
"22.04.2018 08:00 - 22.04.2018 09:00","1931","1930"
"22.04.2018 09:00 - 22.04.2018 10:00","2040","2007"
"22.04.2018 10:00 - 22.04.2018 11:00","2056","2019"
"22.04.2018 11:00 - 22.04.2018 12:00","2011","2004"
"22.04.2018 12:00 - 22.04.2018 13:00","1966","1966"
"22.04.2018 13:00 - 22.04.2018 14:00","1937","1927"
"22.04.2018 14:00 - 22.04.2018 15:00","1896","1902"
"22.04.2018 15:00 - 22.04.2018 16:00","1894","1895"
"22.04.2018 16:00 - 22.04.2018 17:00","1933","1945"
"22.04.2018 17:00 - 22.04.2018 18:00","2105","2142"
"22.04.2018 18:00 - 22.04.2018 19:00","2123","2147"
"22.04.2018 19:00 - 22.04.2018 20:00","2047","2047"
"22.04.2018 20:00 - 22.04.2018 21:00","1973","1978"
"22.04.2018 21:00 - 22.04.2018 22:00","1960","1970"
"22.04.2018 22:00 - 22.04.2018 23:00","1845","1856"
"22.04.2018 23:00 - 23.04.2018 00:00","1734","1744"
"23.04.2018 00:00 - 23.04.2018 01:00","1678","1688"
"23.04.2018 01:00 - 23.04.2018 02:00","1656","1657"
"23.04.2018 02:00 - 23.04.2018 03:00","1661","1655"
"23.04.2018 03:00 - 23.04.2018 04:00","1676","1674"
"23.04.2018 04:00 - 23.04.2018 05:00","1720","1718"
"23.04.2018 05:00 - 23.04.2018 06:00","1852","1856"
"23.04.2018 06:00 - 23.04.2018 07:00","2200","2166"
"23.04.2018 07:00 - 23.04.2018 08:00","2564","2507"
"23.04.2018 08:00 - 23.04.2018 09:00","2635","2614"
"23.04.2018 09:00 - 23.04.2018 10:00","2608","2595"
"23.04.2018 10:00 - 23.04.2018 11:00","2634","2600"
"23.04.2018 11:00 - 23.04.2018 12:00","2623","2604"
"23.04.2018 12:00 - 23.04.2018 13:00","2559","2547"
"23.04.2018 13:00 - 23.04.2018 14:00","2584","2587"
"23.04.2018 14:00 - 23.04.2018 15:00","2550","2533"
"23.04.2018 15:00 - 23.04.2018 16:00","2430","2453"
"23.04.2018 16:00 - 23.04.2018 17:00","2441","2440"
"23.04.2018 17:00 - 23.04.2018 18:00","2553","2576"
"23.04.2018 18:00 - 23.04.2018 19:00","2474","2492"
"23.04.2018 19:00 - 23.04.2018 20:00","2339","2352"
"23.04.2018 20:00 - 23.04.2018 21:00","2261","2297"
"23.04.2018 21:00 - 23.04.2018 22:00","2231","2265"
"23.04.2018 22:00 - 23.04.2018 23:00","2071","2098"
"23.04.2018 23:00 - 24.04.2018 00:00","1892","1895"
"24.04.2018 00:00 - 24.04.2018 01:00","1771","1772"
"24.04.2018 01:00 - 24.04.2018 02:00","1716","1738"
"24.04.2018 02:00 - 24.04.2018 03:00","1704","1734"
"24.04.2018 03:00 - 24.04.2018 04:00","1757","1767"
"24.04.2018 04:00 - 24.04.2018 05:00","1812","1789"
"24.04.2018 05:00 - 24.04.2018 06:00","1934","1957"
"24.04.2018 06:00 - 24.04.2018 07:00","2238","2245"
"24.04.2018 07:00 - 24.04.2018 08:00","2592","2600"
"24.04.2018 08:00 - 24.04.2018 09:00","2740","2749"
"24.04.2018 09:00 - 24.04.2018 10:00","2749","2739"
"24.04.2018 10:00 - 24.04.2018 11:00","2762","2792"
"24.04.2018 11:00 - 24.04.2018 12:00","2747","2749"
"24.04.2018 12:00 - 24.04.2018 13:00","2634","2604"
"24.04.2018 13:00 - 24.04.2018 14:00","2612","2587"
"24.04.2018 14:00 - 24.04.2018 15:00","2547","2525"
"24.04.2018 15:00 - 24.04.2018 16:00","2391","2378"
"24.04.2018 16:00 - 24.04.2018 17:00","2333","2335"
"24.04.2018 17:00 - 24.04.2018 18:00","2455","2452"
"24.04.2018 18:00 - 24.04.2018 19:00","2384","2396"
"24.04.2018 19:00 - 24.04.2018 20:00","2303","2302"
"24.04.2018 20:00 - 24.04.2018 21:00","2249","2259"
"24.04.2018 21:00 - 24.04.2018 22:00","2237","2275"
"24.04.2018 22:00 - 24.04.2018 23:00","2107","2121"
"24.04.2018 23:00 - 25.04.2018 00:00","1967","1935"
"25.04.2018 00:00 - 25.04.2018 01:00","1794","1792"
"25.04.2018 01:00 - 25.04.2018 02:00","1754","1765"
"25.04.2018 02:00 - 25.04.2018 03:00","1743","1775"
"25.04.2018 03:00 - 25.04.2018 04:00","1799","1796"
"25.04.2018 04:00 - 25.04.2018 05:00","1845","1849"
"25.04.2018 05:00 - 25.04.2018 06:00","1986","1993"
"25.04.2018 06:00 - 25.04.2018 07:00","2285","2317"
"25.04.2018 07:00 - 25.04.2018 08:00","2661","2679"
"25.04.2018 08:00 - 25.04.2018 09:00","2803","2812"
"25.04.2018 09:00 - 25.04.2018 10:00","2807","2799"
"25.04.2018 10:00 - 25.04.2018 11:00","2766","2769"
"25.04.2018 11:00 - 25.04.2018 12:00","2741","2725"
"25.04.2018 12:00 - 25.04.2018 13:00","2670","2631"
"25.04.2018 13:00 - 25.04.2018 14:00","2650","2634"
"25.04.2018 14:00 - 25.04.2018 15:00","2587","2553"
"25.04.2018 15:00 - 25.04.2018 16:00","2439","2441"
"25.04.2018 16:00 - 25.04.2018 17:00","2428","2449"
"25.04.2018 17:00 - 25.04.2018 18:00","2561","2580"
"25.04.2018 18:00 - 25.04.2018 19:00","2462","2493"
"25.04.2018 19:00 - 25.04.2018 20:00","2361","2350"
"25.04.2018 20:00 - 25.04.2018 21:00","2291","2307"
"25.04.2018 21:00 - 25.04.2018 22:00","2279","2279"
"25.04.2018 22:00 - 25.04.2018 23:00","2142","2102"
"25.04.2018 23:00 - 26.04.2018 00:00","1982","1943"
"26.04.2018 00:00 - 26.04.2018 01:00","1808","1799"
"26.04.2018 01:00 - 26.04.2018 02:00","1739","1757"
"26.04.2018 02:00 - 26.04.2018 03:00","1732","1751"
"26.04.2018 03:00 - 26.04.2018 04:00","1752","1779"
"26.04.2018 04:00 - 26.04.2018 05:00","1825","1834"
"26.04.2018 05:00 - 26.04.2018 06:00","1964","1952"
"26.04.2018 06:00 - 26.04.2018 07:00","2252","2234"
"26.04.2018 07:00 - 26.04.2018 08:00","2578","2560"
"26.04.2018 08:00 - 26.04.2018 09:00","2685","2650"
"26.04.2018 09:00 - 26.04.2018 10:00","2691","2650"
"26.04.2018 10:00 - 26.04.2018 11:00","2725","2650"
"26.04.2018 11:00 - 26.04.2018 12:00","2613","2604"
"26.04.2018 12:00 - 26.04.2018 13:00","2548","2519"
"26.04.2018 13:00 - 26.04.2018 14:00","2522","2484"
"26.04.2018 14:00 - 26.04.2018 15:00","2447","2407"
"26.04.2018 15:00 - 26.04.2018 16:00","2297","2287"
"26.04.2018 16:00 - 26.04.2018 17:00","2276","2303"
"26.04.2018 17:00 - 26.04.2018 18:00","2398","2376"
"26.04.2018 18:00 - 26.04.2018 19:00","2296","2386"
"26.04.2018 19:00 - 26.04.2018 20:00","2222","2249"
"26.04.2018 20:00 - 26.04.2018 21:00","2170","2173"
"26.04.2018 21:00 - 26.04.2018 22:00","2139","2167"
"26.04.2018 22:00 - 26.04.2018 23:00","1996","1994"
"26.04.2018 23:00 - 27.04.2018 00:00","1829","1786"
"27.04.2018 00:00 - 27.04.2018 01:00","1641","1622"
"27.04.2018 01:00 - 27.04.2018 02:00","1521","1568"
"27.04.2018 02:00 - 27.04.2018 03:00","1512","1600"
"27.04.2018 03:00 - 27.04.2018 04:00","1535","1542"
"27.04.2018 04:00 - 27.04.2018 05:00","1551","1547"
"27.04.2018 05:00 - 27.04.2018 06:00","1591","1578"
"27.04.2018 06:00 - 27.04.2018 07:00","1655","1685"
"27.04.2018 07:00 - 27.04.2018 08:00","1859","1863"
"27.04.2018 08:00 - 27.04.2018 09:00","2010","1998"
"27.04.2018 09:00 - 27.04.2018 10:00","2075","2048"
"27.04.2018 10:00 - 27.04.2018 11:00","2067","2021"
"27.04.2018 11:00 - 27.04.2018 12:00","2019","1987"
"27.04.2018 12:00 - 27.04.2018 13:00","1946","1936"
"27.04.2018 13:00 - 27.04.2018 14:00","1876","1891"
"27.04.2018 14:00 - 27.04.2018 15:00","1857","1879"
"27.04.2018 15:00 - 27.04.2018 16:00","1856","1858"
"27.04.2018 16:00 - 27.04.2018 17:00","1889","1909"
"27.04.2018 17:00 - 27.04.2018 18:00","2051","2093"
"27.04.2018 18:00 - 27.04.2018 19:00","2092","2155"
"27.04.2018 19:00 - 27.04.2018 20:00","2038","2065"
"27.04.2018 20:00 - 27.04.2018 21:00","1969","2002"
"27.04.2018 21:00 - 27.04.2018 22:00","1971","2008"
"27.04.2018 22:00 - 27.04.2018 23:00","1880","1901"
"27.04.2018 23:00 - 28.04.2018 00:00","1718","1758"
"28.04.2018 00:00 - 28.04.2018 01:00","1644","1651"
"28.04.2018 01:00 - 28.04.2018 02:00","1569","1583"
"28.04.2018 02:00 - 28.04.2018 03:00","1552","1571"
"28.04.2018 03:00 - 28.04.2018 04:00","1565","1562"
"28.04.2018 04:00 - 28.04.2018 05:00","1575","1576"
"28.04.2018 05:00 - 28.04.2018 06:00","1594","1603"
"28.04.2018 06:00 - 28.04.2018 07:00","1676","1664"
"28.04.2018 07:00 - 28.04.2018 08:00","1816","1803"
"28.04.2018 08:00 - 28.04.2018 09:00","1999","1984"
"28.04.2018 09:00 - 28.04.2018 10:00","2093","2086"
"28.04.2018 10:00 - 28.04.2018 11:00","2113","2099"
"28.04.2018 11:00 - 28.04.2018 12:00","2076","2074"
"28.04.2018 12:00 - 28.04.2018 13:00","2024","2017"
"28.04.2018 13:00 - 28.04.2018 14:00","1984","1991"
"28.04.2018 14:00 - 28.04.2018 15:00","1972","1984"
"28.04.2018 15:00 - 28.04.2018 16:00","1967","1996"
"28.04.2018 16:00 - 28.04.2018 17:00","2015","2044"
"28.04.2018 17:00 - 28.04.2018 18:00","2174","2210"
"28.04.2018 18:00 - 28.04.2018 19:00","2181","2199"
"28.04.2018 19:00 - 28.04.2018 20:00","2063","2085"
"28.04.2018 20:00 - 28.04.2018 21:00","1984","2004"
"28.04.2018 21:00 - 28.04.2018 22:00","1944","1983"
"28.04.2018 22:00 - 28.04.2018 23:00","1858","1860"
"28.04.2018 23:00 - 29.04.2018 00:00","1740","1736"
"29.04.2018 00:00 - 29.04.2018 01:00","1622","1623"
"29.04.2018 01:00 - 29.04.2018 02:00","1538","1549"
"29.04.2018 02:00 - 29.04.2018 03:00","1512","1538"
"29.04.2018 03:00 - 29.04.2018 04:00","1539","1546"
"29.04.2018 04:00 - 29.04.2018 05:00","1567","1566"
"29.04.2018 05:00 - 29.04.2018 06:00","1579","1584"
"29.04.2018 06:00 - 29.04.2018 07:00","1645","1649"
"29.04.2018 07:00 - 29.04.2018 08:00","1801","1809"
"29.04.2018 08:00 - 29.04.2018 09:00","1982","1968"
"29.04.2018 09:00 - 29.04.2018 10:00","2064","2037"
"29.04.2018 10:00 - 29.04.2018 11:00","2074","2050"
"29.04.2018 11:00 - 29.04.2018 12:00","2031","2021"
"29.04.2018 12:00 - 29.04.2018 13:00","1991","1994"
"29.04.2018 13:00 - 29.04.2018 14:00","1958","1951"
"29.04.2018 14:00 - 29.04.2018 15:00","1931","1919"
"29.04.2018 15:00 - 29.04.2018 16:00","1912","1899"
"29.04.2018 16:00 - 29.04.2018 17:00","1964","1988"
"29.04.2018 17:00 - 29.04.2018 18:00","2156","2210"
"29.04.2018 18:00 - 29.04.2018 19:00","2195","2207"
"29.04.2018 19:00 - 29.04.2018 20:00","2079","2111"
"29.04.2018 20:00 - 29.04.2018 21:00","2028","2021"
"29.04.2018 21:00 - 29.04.2018 22:00","1997","1979"
"29.04.2018 22:00 - 29.04.2018 23:00","1910","1820"
"29.04.2018 23:00 - 30.04.2018 00:00","1793","1675"
"30.04.2018 00:00 - 30.04.2018 01:00","1613","1615"
"30.04.2018 01:00 - 30.04.2018 02:00","1550","1567"
"30.04.2018 02:00 - 30.04.2018 03:00","1533","1574"
"30.04.2018 03:00 - 30.04.2018 04:00","1577","1571"
"30.04.2018 04:00 - 30.04.2018 05:00","1622","1602"
"30.04.2018 05:00 - 30.04.2018 06:00","1734","1702"
"30.04.2018 06:00 - 30.04.2018 07:00","2076","2069"
"30.04.2018 07:00 - 30.04.2018 08:00","2429","2327"
"30.04.2018 08:00 - 30.04.2018 09:00","2506","2498"
"30.04.2018 09:00 - 30.04.2018 10:00","2563","2504"
"30.04.2018 10:00 - 30.04.2018 11:00","2599","2602"
"30.04.2018 11:00 - 30.04.2018 12:00","2644","2643"
"30.04.2018 12:00 - 30.04.2018 13:00","2643","2641"
"30.04.2018 13:00 - 30.04.2018 14:00","2653","2684"
"30.04.2018 14:00 - 30.04.2018 15:00","2602","2626"
"30.04.2018 15:00 - 30.04.2018 16:00","2465","2537"
"30.04.2018 16:00 - 30.04.2018 17:00","2523","2572"
"30.04.2018 17:00 - 30.04.2018 18:00","2674","2731"
"30.04.2018 18:00 - 30.04.2018 19:00","2623","2651"
"30.04.2018 19:00 - 30.04.2018 20:00","2483","2504"
"30.04.2018 20:00 - 30.04.2018 21:00","2337","2351"
"30.04.2018 21:00 - 30.04.2018 22:00","2263","2246"
"30.04.2018 22:00 - 30.04.2018 23:00","2081","2043"
"30.04.2018 23:00 - 01.05.2018 00:00","1849","1837"
"01.05.2018 00:00 - 01.05.2018 01:00","1703","1749"
"01.05.2018 01:00 - 01.05.2018 02:00","1674","1708"
"01.05.2018 02:00 - 01.05.2018 03:00","1669","1689"
"01.05.2018 03:00 - 01.05.2018 04:00","1677","1682"
"01.05.2018 04:00 - 01.05.2018 05:00","1725","1721"
"01.05.2018 05:00 - 01.05.2018 06:00","1822","1791"
"01.05.2018 06:00 - 01.05.2018 07:00","2048","2068"
"01.05.2018 07:00 - 01.05.2018 08:00","2332","2369"
"01.05.2018 08:00 - 01.05.2018 09:00","2489","2522"
"01.05.2018 09:00 - 01.05.2018 10:00","2530","2528"
"01.05.2018 10:00 - 01.05.2018 11:00","2551","2502"
"01.05.2018 11:00 - 01.05.2018 12:00","2527","2490"
"01.05.2018 12:00 - 01.05.2018 13:00","2450","2438"
"01.05.2018 13:00 - 01.05.2018 14:00","2432","2433"
"01.05.2018 14:00 - 01.05.2018 15:00","2380","2393"
"01.05.2018 15:00 - 01.05.2018 16:00","2300","2313"
"01.05.2018 16:00 - 01.05.2018 17:00","2272","2312"
"01.05.2018 17:00 - 01.05.2018 18:00","2407","2489"
"01.05.2018 18:00 - 01.05.2018 19:00","2387","2398"
"01.05.2018 19:00 - 01.05.2018 20:00","2274","2273"
"01.05.2018 20:00 - 01.05.2018 21:00","2199","2166"
"01.05.2018 21:00 - 01.05.2018 22:00","2207","2109"
"01.05.2018 22:00 - 01.05.2018 23:00","2158","1940"
"01.05.2018 23:00 - 02.05.2018 00:00","2019","1813"
"02.05.2018 00:00 - 02.05.2018 01:00","1699","1686"
"02.05.2018 01:00 - 02.05.2018 02:00","1638","1664"
"02.05.2018 02:00 - 02.05.2018 03:00","1667","1695"
"02.05.2018 03:00 - 02.05.2018 04:00","1731","1705"
"02.05.2018 04:00 - 02.05.2018 05:00","1791","1731"
"02.05.2018 05:00 - 02.05.2018 06:00","1878","1864"
"02.05.2018 06:00 - 02.05.2018 07:00","2191","2192"
"02.05.2018 07:00 - 02.05.2018 08:00","2541","2531"
"02.05.2018 08:00 - 02.05.2018 09:00","2645","2648"
"02.05.2018 09:00 - 02.05.2018 10:00","2671","2616"
"02.05.2018 10:00 - 02.05.2018 11:00","2737","2748"
"02.05.2018 11:00 - 02.05.2018 12:00","2779","3020"
"02.05.2018 12:00 - 02.05.2018 13:00","2719","2959"
"02.05.2018 13:00 - 02.05.2018 14:00","2747","2941"
"02.05.2018 14:00 - 02.05.2018 15:00","2829","2836"
"02.05.2018 15:00 - 02.05.2018 16:00","2704","2744"
"02.05.2018 16:00 - 02.05.2018 17:00","2707","2769"
"02.05.2018 17:00 - 02.05.2018 18:00","2872","2918"
"02.05.2018 18:00 - 02.05.2018 19:00","2799","2778"
"02.05.2018 19:00 - 02.05.2018 20:00","2587","2566"
"02.05.2018 20:00 - 02.05.2018 21:00","2440","2417"
"02.05.2018 21:00 - 02.05.2018 22:00","2399","2355"
"02.05.2018 22:00 - 02.05.2018 23:00","2273","2240"
"02.05.2018 23:00 - 03.05.2018 00:00","2099","2127"
"03.05.2018 00:00 - 03.05.2018 01:00","2002","2029"
"03.05.2018 01:00 - 03.05.2018 02:00","1914","1900"
"03.05.2018 02:00 - 03.05.2018 03:00","1876","1843"
"03.05.2018 03:00 - 03.05.2018 04:00","1825","1778"
"03.05.2018 04:00 - 03.05.2018 05:00","1794","1766"
"03.05.2018 05:00 - 03.05.2018 06:00","1887","1925"
"03.05.2018 06:00 - 03.05.2018 07:00","2414","2589"
"03.05.2018 07:00 - 03.05.2018 08:00","2896","3023"
"03.05.2018 08:00 - 03.05.2018 09:00","3038","3050"
"03.05.2018 09:00 - 03.05.2018 10:00","3058","2760"
"03.05.2018 10:00 - 03.05.2018 11:00","2858","2678"
"03.05.2018 11:00 - 03.05.2018 12:00","2687","2668"
"03.05.2018 12:00 - 03.05.2018 13:00","2605","2648"
"03.05.2018 13:00 - 03.05.2018 14:00","2621","3050"
"03.05.2018 14:00 - 03.05.2018 15:00","2695","2984"
"03.05.2018 15:00 - 03.05.2018 16:00","2871","2898"
"03.05.2018 16:00 - 03.05.2018 17:00","2791","2699"
"03.05.2018 17:00 - 03.05.2018 18:00","2643","2648"
"03.05.2018 18:00 - 03.05.2018 19:00","2536","2577"
"03.05.2018 19:00 - 03.05.2018 20:00","2460","2436"
"03.05.2018 20:00 - 03.05.2018 21:00","2358","2305"
"03.05.2018 21:00 - 03.05.2018 22:00","2335","2248"
"03.05.2018 22:00 - 03.05.2018 23:00","2270","2124"
"03.05.2018 23:00 - 04.05.2018 00:00","2108","1940"
"04.05.2018 00:00 - 04.05.2018 01:00","1810","1801"
"04.05.2018 01:00 - 04.05.2018 02:00","1721","1747"
"04.05.2018 02:00 - 04.05.2018 03:00","1737","1747"
"04.05.2018 03:00 - 04.05.2018 04:00","1755","1774"
"04.05.2018 04:00 - 04.05.2018 05:00","1826","1827"
"04.05.2018 05:00 - 04.05.2018 06:00","1952","1933"
"04.05.2018 06:00 - 04.05.2018 07:00","2241","2226"
"04.05.2018 07:00 - 04.05.2018 08:00","2525","2491"
"04.05.2018 08:00 - 04.05.2018 09:00","2697","2719"
"04.05.2018 09:00 - 04.05.2018 10:00","2731","2732"
"04.05.2018 10:00 - 04.05.2018 11:00","2772","2745"
"04.05.2018 11:00 - 04.05.2018 12:00","2692","2668"
"04.05.2018 12:00 - 04.05.2018 13:00","2548","2540"
"04.05.2018 13:00 - 04.05.2018 14:00","2454","2454"
"04.05.2018 14:00 - 04.05.2018 15:00","2340","2339"
"04.05.2018 15:00 - 04.05.2018 16:00","2254","2242"
"04.05.2018 16:00 - 04.05.2018 17:00","2243","2261"
"04.05.2018 17:00 - 04.05.2018 18:00","2363","2362"
"04.05.2018 18:00 - 04.05.2018 19:00","2314","2322"
"04.05.2018 19:00 - 04.05.2018 20:00","2160","2174"
"04.05.2018 20:00 - 04.05.2018 21:00","2041","2059"
"04.05.2018 21:00 - 04.05.2018 22:00","2002","2042"
"04.05.2018 22:00 - 04.05.2018 23:00","1918","1969"
"04.05.2018 23:00 - 05.05.2018 00:00","1783","1801"
"05.05.2018 00:00 - 05.05.2018 01:00","1655","1673"
"05.05.2018 01:00 - 05.05.2018 02:00","1557","1591"
"05.05.2018 02:00 - 05.05.2018 03:00","1534","1574"
"05.05.2018 03:00 - 05.05.2018 04:00","1547","1565"
"05.05.2018 04:00 - 05.05.2018 05:00","1570","1588"
"05.05.2018 05:00 - 05.05.2018 06:00","1590","1612"
"05.05.2018 06:00 - 05.05.2018 07:00","1709","1704"
"05.05.2018 07:00 - 05.05.2018 08:00","1895","1892"
"05.05.2018 08:00 - 05.05.2018 09:00","2064","2058"
"05.05.2018 09:00 - 05.05.2018 10:00","2162","2129"
"05.05.2018 10:00 - 05.05.2018 11:00","2169","2129"
"05.05.2018 11:00 - 05.05.2018 12:00","2116","2083"
"05.05.2018 12:00 - 05.05.2018 13:00","2041","2021"
"05.05.2018 13:00 - 05.05.2018 14:00","1992","1969"
"05.05.2018 14:00 - 05.05.2018 15:00","1934","1904"
"05.05.2018 15:00 - 05.05.2018 16:00","1882","1875"
"05.05.2018 16:00 - 05.05.2018 17:00","1904","1919"
"05.05.2018 17:00 - 05.05.2018 18:00","2057","2075"
"05.05.2018 18:00 - 05.05.2018 19:00","2081","2091"
"05.05.2018 19:00 - 05.05.2018 20:00","2000","1997"
"05.05.2018 20:00 - 05.05.2018 21:00","1861","1901"
"05.05.2018 21:00 - 05.05.2018 22:00","1848","1887"
"05.05.2018 22:00 - 05.05.2018 23:00","1796","1838"
"05.05.2018 23:00 - 06.05.2018 00:00","1667","1742"
"06.05.2018 00:00 - 06.05.2018 01:00","1609","1629"
"06.05.2018 01:00 - 06.05.2018 02:00","1530","1556"
"06.05.2018 02:00 - 06.05.2018 03:00","1513","1547"
"06.05.2018 03:00 - 06.05.2018 04:00","1523","1570"
"06.05.2018 04:00 - 06.05.2018 05:00","1586","1585"
"06.05.2018 05:00 - 06.05.2018 06:00","1549","1527"
"06.05.2018 06:00 - 06.05.2018 07:00","1603","1599"
"06.05.2018 07:00 - 06.05.2018 08:00","1704","1711"
"06.05.2018 08:00 - 06.05.2018 09:00","1898","1895"
"06.05.2018 09:00 - 06.05.2018 10:00","2003","1981"
"06.05.2018 10:00 - 06.05.2018 11:00","2023","1991"
"06.05.2018 11:00 - 06.05.2018 12:00","1992","1970"
"06.05.2018 12:00 - 06.05.2018 13:00","1945","1944"
"06.05.2018 13:00 - 06.05.2018 14:00","1919","1910"
"06.05.2018 14:00 - 06.05.2018 15:00","1896","1894"
"06.05.2018 15:00 - 06.05.2018 16:00","1880","1904"
"06.05.2018 16:00 - 06.05.2018 17:00","1944","1977"
"06.05.2018 17:00 - 06.05.2018 18:00","2111","2140"
"06.05.2018 18:00 - 06.05.2018 19:00","2126","2153"
"06.05.2018 19:00 - 06.05.2018 20:00","2017","2060"
"06.05.2018 20:00 - 06.05.2018 21:00","1975","2001"
"06.05.2018 21:00 - 06.05.2018 22:00","1976","1965"
"06.05.2018 22:00 - 06.05.2018 23:00","1915","1916"
"06.05.2018 23:00 - 07.05.2018 00:00","1794","1840"
"07.05.2018 00:00 - 07.05.2018 01:00","1748","1757"
"07.05.2018 01:00 - 07.05.2018 02:00","1693","1676"
"07.05.2018 02:00 - 07.05.2018 03:00","1665","1644"
"07.05.2018 03:00 - 07.05.2018 04:00","1671","1681"
"07.05.2018 04:00 - 07.05.2018 05:00","1709","1713"
"07.05.2018 05:00 - 07.05.2018 06:00","1836","1839"
"07.05.2018 06:00 - 07.05.2018 07:00","2168","2155"
"07.05.2018 07:00 - 07.05.2018 08:00","2504","2469"
"07.05.2018 08:00 - 07.05.2018 09:00","2628","2618"
"07.05.2018 09:00 - 07.05.2018 10:00","2631","2618"
"07.05.2018 10:00 - 07.05.2018 11:00","2702","2676"
"07.05.2018 11:00 - 07.05.2018 12:00","2690","2665"
"07.05.2018 12:00 - 07.05.2018 13:00","2602","2629"
"07.05.2018 13:00 - 07.05.2018 14:00","2656","2646"
"07.05.2018 14:00 - 07.05.2018 15:00","2595","2605"
"07.05.2018 15:00 - 07.05.2018 16:00","2494","2513"
"07.05.2018 16:00 - 07.05.2018 17:00","2462","2459"
"07.05.2018 17:00 - 07.05.2018 18:00","2554","2571"
"07.05.2018 18:00 - 07.05.2018 19:00","2509","2531"
"07.05.2018 19:00 - 07.05.2018 20:00","2378","2384"
"07.05.2018 20:00 - 07.05.2018 21:00","2271","2283"
"07.05.2018 21:00 - 07.05.2018 22:00","2234","2248"
"07.05.2018 22:00 - 07.05.2018 23:00","2160","2117"
"07.05.2018 23:00 - 08.05.2018 00:00","1998","1919"
"08.05.2018 00:00 - 08.05.2018 01:00","1791","1806"
"08.05.2018 01:00 - 08.05.2018 02:00","1723","1753"
"08.05.2018 02:00 - 08.05.2018 03:00","1707","1724"
"08.05.2018 03:00 - 08.05.2018 04:00","1721","1740"
"08.05.2018 04:00 - 08.05.2018 05:00","1774","1765"
"08.05.2018 05:00 - 08.05.2018 06:00","1832","1854"
"08.05.2018 06:00 - 08.05.2018 07:00","2137","2144"
"08.05.2018 07:00 - 08.05.2018 08:00","2466","2457"
"08.05.2018 08:00 - 08.05.2018 09:00","2589","2608"
"08.05.2018 09:00 - 08.05.2018 10:00","2620","2636"
"08.05.2018 10:00 - 08.05.2018 11:00","2700","2688"
"08.05.2018 11:00 - 08.05.2018 12:00","2678","2700"
"08.05.2018 12:00 - 08.05.2018 13:00","2631","2627"
"08.05.2018 13:00 - 08.05.2018 14:00","2628","2648"
"08.05.2018 14:00 - 08.05.2018 15:00","2644","2731"
"08.05.2018 15:00 - 08.05.2018 16:00","2622","2647"
"08.05.2018 16:00 - 08.05.2018 17:00","2575","2607"
"08.05.2018 17:00 - 08.05.2018 18:00","2666","2675"
"08.05.2018 18:00 - 08.05.2018 19:00","2593","2643"
"08.05.2018 19:00 - 08.05.2018 20:00","2508","2488"
"08.05.2018 20:00 - 08.05.2018 21:00","2365","2342"
"08.05.2018 21:00 - 08.05.2018 22:00","2292","2287"
"08.05.2018 22:00 - 08.05.2018 23:00","2244","2201"
"08.05.2018 23:00 - 09.05.2018 00:00","2127","2042"
"09.05.2018 00:00 - 09.05.2018 01:00","1925","1917"
"09.05.2018 01:00 - 09.05.2018 02:00","1844","1857"
"09.05.2018 02:00 - 09.05.2018 03:00","1817","1815"
"09.05.2018 03:00 - 09.05.2018 04:00","1797","1789"
"09.05.2018 04:00 - 09.05.2018 05:00","1828","1853"
"09.05.2018 05:00 - 09.05.2018 06:00","1951","1974"
"09.05.2018 06:00 - 09.05.2018 07:00","2250","2266"
"09.05.2018 07:00 - 09.05.2018 08:00","2557","2588"
"09.05.2018 08:00 - 09.05.2018 09:00","2724","2740"
"09.05.2018 09:00 - 09.05.2018 10:00","2720","2708"
"09.05.2018 10:00 - 09.05.2018 11:00","2751","2723"
"09.05.2018 11:00 - 09.05.2018 12:00","2717","2712"
"09.05.2018 12:00 - 09.05.2018 13:00","2643","2683"
"09.05.2018 13:00 - 09.05.2018 14:00","2708","2720"
"09.05.2018 14:00 - 09.05.2018 15:00","2668","2714"
"09.05.2018 15:00 - 09.05.2018 16:00","2613","2646"
"09.05.2018 16:00 - 09.05.2018 17:00","2580","2582"
"09.05.2018 17:00 - 09.05.2018 18:00","2623","2593"
"09.05.2018 18:00 - 09.05.2018 19:00","2480","2532"
"09.05.2018 19:00 - 09.05.2018 20:00","2439","2446"
"09.05.2018 20:00 - 09.05.2018 21:00","2330","2311"
"09.05.2018 21:00 - 09.05.2018 22:00","2309","2285"
"09.05.2018 22:00 - 09.05.2018 23:00","2252","2111"
"09.05.2018 23:00 - 10.05.2018 00:00","2102","1947"
"10.05.2018 00:00 - 10.05.2018 01:00","1824","1875"
"10.05.2018 01:00 - 10.05.2018 02:00","1734","1756"
"10.05.2018 02:00 - 10.05.2018 03:00","1692","1709"
"10.05.2018 03:00 - 10.05.2018 04:00","1686","1707"
"10.05.2018 04:00 - 10.05.2018 05:00","1710","1702"
"10.05.2018 05:00 - 10.05.2018 06:00","1658","1629"
"10.05.2018 06:00 - 10.05.2018 07:00","1712","1690"
"10.05.2018 07:00 - 10.05.2018 08:00","1866","1846"
"10.05.2018 08:00 - 10.05.2018 09:00","2056","2051"
"10.05.2018 09:00 - 10.05.2018 10:00","2132","2160"
"10.05.2018 10:00 - 10.05.2018 11:00","2192","2184"
"10.05.2018 11:00 - 10.05.2018 12:00","2179","2149"
"10.05.2018 12:00 - 10.05.2018 13:00","2058","2056"
"10.05.2018 13:00 - 10.05.2018 14:00","2055","2119"
"10.05.2018 14:00 - 10.05.2018 15:00","2087","2099"
"10.05.2018 15:00 - 10.05.2018 16:00","2081","2126"
"10.05.2018 16:00 - 10.05.2018 17:00","2108","2123"
"10.05.2018 17:00 - 10.05.2018 18:00","2297","2318"
"10.05.2018 18:00 - 10.05.2018 19:00","2353","2439"
"10.05.2018 19:00 - 10.05.2018 20:00","2344","2356"
"10.05.2018 20:00 - 10.05.2018 21:00","2178","2090"
"10.05.2018 21:00 - 10.05.2018 22:00","2022","2086"
"10.05.2018 22:00 - 10.05.2018 23:00","1984","2016"
"10.05.2018 23:00 - 11.05.2018 00:00","1879","1832"
"11.05.2018 00:00 - 11.05.2018 01:00","1723","1694"
"11.05.2018 01:00 - 11.05.2018 02:00","1630","1562"
"11.05.2018 02:00 - 11.05.2018 03:00","1523","1540"
"11.05.2018 03:00 - 11.05.2018 04:00","1520","1536"
"11.05.2018 04:00 - 11.05.2018 05:00","1550","1577"
"11.05.2018 05:00 - 11.05.2018 06:00","1591","1598"
"11.05.2018 06:00 - 11.05.2018 07:00","1737","1703"
"11.05.2018 07:00 - 11.05.2018 08:00","1963","1969"
"11.05.2018 08:00 - 11.05.2018 09:00","2146","2142"
"11.05.2018 09:00 - 11.05.2018 10:00","2241","2245"
"11.05.2018 10:00 - 11.05.2018 11:00","2289","2272"
"11.05.2018 11:00 - 11.05.2018 12:00","2254","2234"
"11.05.2018 12:00 - 11.05.2018 13:00","2191","2184"
"11.05.2018 13:00 - 11.05.2018 14:00","2155","2141"
"11.05.2018 14:00 - 11.05.2018 15:00","2091","2089"
"11.05.2018 15:00 - 11.05.2018 16:00","2044","2039"
"11.05.2018 16:00 - 11.05.2018 17:00","2057","2055"
"11.05.2018 17:00 - 11.05.2018 18:00","2137","2162"
"11.05.2018 18:00 - 11.05.2018 19:00","2140","2164"
"11.05.2018 19:00 - 11.05.2018 20:00","2028","2081"
"11.05.2018 20:00 - 11.05.2018 21:00","1957","1992"
"11.05.2018 21:00 - 11.05.2018 22:00","1915","1949"
"11.05.2018 22:00 - 11.05.2018 23:00","1832","1874"
"11.05.2018 23:00 - 12.05.2018 00:00","1695","1742"
"12.05.2018 00:00 - 12.05.2018 01:00","1621","1601"
"12.05.2018 01:00 - 12.05.2018 02:00","1530","1535"
"12.05.2018 02:00 - 12.05.2018 03:00","1481","1515"
"12.05.2018 03:00 - 12.05.2018 04:00","1501","1516"
"12.05.2018 04:00 - 12.05.2018 05:00","1504","1523"
"12.05.2018 05:00 - 12.05.2018 06:00","1503","1506"
"12.05.2018 06:00 - 12.05.2018 07:00","1593","1583"
"12.05.2018 07:00 - 12.05.2018 08:00","1751","1742"
"12.05.2018 08:00 - 12.05.2018 09:00","1925","1914"
"12.05.2018 09:00 - 12.05.2018 10:00","2014","1992"
"12.05.2018 10:00 - 12.05.2018 11:00","2031","1997"
"12.05.2018 11:00 - 12.05.2018 12:00","2004","1988"
"12.05.2018 12:00 - 12.05.2018 13:00","1946","1968"
"12.05.2018 13:00 - 12.05.2018 14:00","1927","1956"
"12.05.2018 14:00 - 12.05.2018 15:00","1913","1919"
"12.05.2018 15:00 - 12.05.2018 16:00","1868","1869"
"12.05.2018 16:00 - 12.05.2018 17:00","1902","1923"
"12.05.2018 17:00 - 12.05.2018 18:00","2039","2039"
"12.05.2018 18:00 - 12.05.2018 19:00","2033","2048"
"12.05.2018 19:00 - 12.05.2018 20:00","1918","1932"
"12.05.2018 20:00 - 12.05.2018 21:00","1864","1896"
"12.05.2018 21:00 - 12.05.2018 22:00","1836","1875"
"12.05.2018 22:00 - 12.05.2018 23:00","1734","1787"
"12.05.2018 23:00 - 13.05.2018 00:00","1590","1672"
"13.05.2018 00:00 - 13.05.2018 01:00","1540","1587"
"13.05.2018 01:00 - 13.05.2018 02:00","1500","1506"
"13.05.2018 02:00 - 13.05.2018 03:00","1481","1490"
"13.05.2018 03:00 - 13.05.2018 04:00","1475","1466"
"13.05.2018 04:00 - 13.05.2018 05:00","1463","1441"
"13.05.2018 05:00 - 13.05.2018 06:00","1469","1464"
"13.05.2018 06:00 - 13.05.2018 07:00","1535","1499"
"13.05.2018 07:00 - 13.05.2018 08:00","1638","1687"
"13.05.2018 08:00 - 13.05.2018 09:00","1855","1888"
"13.05.2018 09:00 - 13.05.2018 10:00","1974","1943"
"13.05.2018 10:00 - 13.05.2018 11:00","1993","1989"
"13.05.2018 11:00 - 13.05.2018 12:00","2000","2006"
"13.05.2018 12:00 - 13.05.2018 13:00","1986","2031"
"13.05.2018 13:00 - 13.05.2018 14:00","1990","2029"
"13.05.2018 14:00 - 13.05.2018 15:00","2003","2022"
"13.05.2018 15:00 - 13.05.2018 16:00","1987","2018"
"13.05.2018 16:00 - 13.05.2018 17:00","2036","2089"
"13.05.2018 17:00 - 13.05.2018 18:00","2277","2352"
"13.05.2018 18:00 - 13.05.2018 19:00","2313","2302"
"13.05.2018 19:00 - 13.05.2018 20:00","2179","2160"
"13.05.2018 20:00 - 13.05.2018 21:00","2071","2072"
"13.05.2018 21:00 - 13.05.2018 22:00","2045","1976"
"13.05.2018 22:00 - 13.05.2018 23:00","1978","1931"
"13.05.2018 23:00 - 14.05.2018 00:00","1857","1796"
"14.05.2018 00:00 - 14.05.2018 01:00","1710","1723"
"14.05.2018 01:00 - 14.05.2018 02:00","1663","1685"
"14.05.2018 02:00 - 14.05.2018 03:00","1654","1652"
"14.05.2018 03:00 - 14.05.2018 04:00","1663","1660"
"14.05.2018 04:00 - 14.05.2018 05:00","1695","1681"
"14.05.2018 05:00 - 14.05.2018 06:00","1808","1788"
"14.05.2018 06:00 - 14.05.2018 07:00","2166","2161"
"14.05.2018 07:00 - 14.05.2018 08:00","2526","2497"
"14.05.2018 08:00 - 14.05.2018 09:00","2638","2615"
"14.05.2018 09:00 - 14.05.2018 10:00","2589","2551"
"14.05.2018 10:00 - 14.05.2018 11:00","2632","2613"
"14.05.2018 11:00 - 14.05.2018 12:00","2651","2672"
"14.05.2018 12:00 - 14.05.2018 13:00","2630","2675"
"14.05.2018 13:00 - 14.05.2018 14:00","2648","2755"
"14.05.2018 14:00 - 14.05.2018 15:00","2694","2760"
"14.05.2018 15:00 - 14.05.2018 16:00","2671","2709"
"14.05.2018 16:00 - 14.05.2018 17:00","2616","2607"
"14.05.2018 17:00 - 14.05.2018 18:00","2655","2614"
"14.05.2018 18:00 - 14.05.2018 19:00","2549","2541"
"14.05.2018 19:00 - 14.05.2018 20:00","2396","2390"
"14.05.2018 20:00 - 14.05.2018 21:00","2288","2347"
"14.05.2018 21:00 - 14.05.2018 22:00","2225","2301"
"14.05.2018 22:00 - 14.05.2018 23:00","2128","2222"
"14.05.2018 23:00 - 15.05.2018 00:00","1952","1988"
"15.05.2018 00:00 - 15.05.2018 01:00","1907","1904"
"15.05.2018 01:00 - 15.05.2018 02:00","1815","1802"
"15.05.2018 02:00 - 15.05.2018 03:00","1743","1726"
"15.05.2018 03:00 - 15.05.2018 04:00","1735","1738"
"15.05.2018 04:00 - 15.05.2018 05:00","1793","1779"
"15.05.2018 05:00 - 15.05.2018 06:00","1887","1873"
"15.05.2018 06:00 - 15.05.2018 07:00","2191","2190"
"15.05.2018 07:00 - 15.05.2018 08:00","2509","2540"
"15.05.2018 08:00 - 15.05.2018 09:00","2697","2687"
"15.05.2018 09:00 - 15.05.2018 10:00","2691","2694"
"15.05.2018 10:00 - 15.05.2018 11:00","2770","2758"
"15.05.2018 11:00 - 15.05.2018 12:00","2757","2769"
"15.05.2018 12:00 - 15.05.2018 13:00","2676","2698"
"15.05.2018 13:00 - 15.05.2018 14:00","2705","2723"
"15.05.2018 14:00 - 15.05.2018 15:00","2676","2685"
"15.05.2018 15:00 - 15.05.2018 16:00","2580","2580"
"15.05.2018 16:00 - 15.05.2018 17:00","2534","2525"
"15.05.2018 17:00 - 15.05.2018 18:00","2589","2608"
"15.05.2018 18:00 - 15.05.2018 19:00","2546","2552"
"15.05.2018 19:00 - 15.05.2018 20:00","2441","2448"
"15.05.2018 20:00 - 15.05.2018 21:00","2373","2337"
"15.05.2018 21:00 - 15.05.2018 22:00","2320","2274"
"15.05.2018 22:00 - 15.05.2018 23:00","2296","2200"
"15.05.2018 23:00 - 16.05.2018 00:00","2179","2019"
"16.05.2018 00:00 - 16.05.2018 01:00","1865","1882"
"16.05.2018 01:00 - 16.05.2018 02:00","1778","1836"
"16.05.2018 02:00 - 16.05.2018 03:00","1786","1796"
"16.05.2018 03:00 - 16.05.2018 04:00","1797","1780"
"16.05.2018 04:00 - 16.05.2018 05:00","1824","1841"
"16.05.2018 05:00 - 16.05.2018 06:00","1971","1954"
"16.05.2018 06:00 - 16.05.2018 07:00","2241","2239"
"16.05.2018 07:00 - 16.05.2018 08:00","2583","2597"
"16.05.2018 08:00 - 16.05.2018 09:00","2694","2681"
"16.05.2018 09:00 - 16.05.2018 10:00","2669","2682"
"16.05.2018 10:00 - 16.05.2018 11:00","2761","2765"
"16.05.2018 11:00 - 16.05.2018 12:00","2756","2793"
"16.05.2018 12:00 - 16.05.2018 13:00","2730","2761"
"16.05.2018 13:00 - 16.05.2018 14:00","2772","2762"
"16.05.2018 14:00 - 16.05.2018 15:00","2715","2725"
"16.05.2018 15:00 - 16.05.2018 16:00","2654","2752"
"16.05.2018 16:00 - 16.05.2018 17:00","2844","2889"
"16.05.2018 17:00 - 16.05.2018 18:00","2954","2992"
"16.05.2018 18:00 - 16.05.2018 19:00","2869","2903"
"16.05.2018 19:00 - 16.05.2018 20:00","2746","2718"
"16.05.2018 20:00 - 16.05.2018 21:00","2631","2580"
"16.05.2018 21:00 - 16.05.2018 22:00","2579","2507"
"16.05.2018 22:00 - 16.05.2018 23:00","2545","2372"
"16.05.2018 23:00 - 17.05.2018 00:00","2399","2151"
"17.05.2018 00:00 - 17.05.2018 01:00","1995","1974"
"17.05.2018 01:00 - 17.05.2018 02:00","1820","1821"
"17.05.2018 02:00 - 17.05.2018 03:00","1756","1800"
"17.05.2018 03:00 - 17.05.2018 04:00","1829","1882"
"17.05.2018 04:00 - 17.05.2018 05:00","1902","1906"
"17.05.2018 05:00 - 17.05.2018 06:00","1993","1993"
"17.05.2018 06:00 - 17.05.2018 07:00","2284","2285"
"17.05.2018 07:00 - 17.05.2018 08:00","2591","2598"
"17.05.2018 08:00 - 17.05.2018 09:00","2728","2718"
"17.05.2018 09:00 - 17.05.2018 10:00","2712","2732"
"17.05.2018 10:00 - 17.05.2018 11:00","2815","2817"
"17.05.2018 11:00 - 17.05.2018 12:00","2796","2834"
"17.05.2018 12:00 - 17.05.2018 13:00","2746","2736"
"17.05.2018 13:00 - 17.05.2018 14:00","2766","2767"
"17.05.2018 14:00 - 17.05.2018 15:00","2702","2710"
"17.05.2018 15:00 - 17.05.2018 16:00","2589","2581"
"17.05.2018 16:00 - 17.05.2018 17:00","2527","2515"
"17.05.2018 17:00 - 17.05.2018 18:00","2645","2641"
"17.05.2018 18:00 - 17.05.2018 19:00","2658","2692"
"17.05.2018 19:00 - 17.05.2018 20:00","2635","2648"
"17.05.2018 20:00 - 17.05.2018 21:00","2562","2502"
"17.05.2018 21:00 - 17.05.2018 22:00","2501","2386"
"17.05.2018 22:00 - 17.05.2018 23:00","2515","2235"
"17.05.2018 23:00 - 18.05.2018 00:00","2387","2061"
"18.05.2018 00:00 - 18.05.2018 01:00","1934","1975"
"18.05.2018 01:00 - 18.05.2018 02:00","1843","1892"
"18.05.2018 02:00 - 18.05.2018 03:00","1781","1822"
"18.05.2018 03:00 - 18.05.2018 04:00","1758","1801"
"18.05.2018 04:00 - 18.05.2018 05:00","1817","1830"
"18.05.2018 05:00 - 18.05.2018 06:00","1910","1917"
"18.05.2018 06:00 - 18.05.2018 07:00","2198","2239"
"18.05.2018 07:00 - 18.05.2018 08:00","2542","2566"
"18.05.2018 08:00 - 18.05.2018 09:00","2697","2712"
"18.05.2018 09:00 - 18.05.2018 10:00","2710","2719"
"18.05.2018 10:00 - 18.05.2018 11:00","2752","2777"
"18.05.2018 11:00 - 18.05.2018 12:00","2743","2742"
"18.05.2018 12:00 - 18.05.2018 13:00","2626","2645"
"18.05.2018 13:00 - 18.05.2018 14:00","2612","2581"
"18.05.2018 14:00 - 18.05.2018 15:00","2422","2431"
"18.05.2018 15:00 - 18.05.2018 16:00","2333","2345"
"18.05.2018 16:00 - 18.05.2018 17:00","2340","2347"
"18.05.2018 17:00 - 18.05.2018 18:00","2426","2444"
"18.05.2018 18:00 - 18.05.2018 19:00","2392","2404"
"18.05.2018 19:00 - 18.05.2018 20:00","2294","2270"
"18.05.2018 20:00 - 18.05.2018 21:00","2167","2094"
"18.05.2018 21:00 - 18.05.2018 22:00","2093","2037"
"18.05.2018 22:00 - 18.05.2018 23:00","2086","1974"
"18.05.2018 23:00 - 19.05.2018 00:00","1984","1861"
"19.05.2018 00:00 - 19.05.2018 01:00","1728","1764"
"19.05.2018 01:00 - 19.05.2018 02:00","1642","1686"
"19.05.2018 02:00 - 19.05.2018 03:00","1600","1647"
"19.05.2018 03:00 - 19.05.2018 04:00","1572","1633"
"19.05.2018 04:00 - 19.05.2018 05:00","1610","1631"
"19.05.2018 05:00 - 19.05.2018 06:00","1615","1629"
"19.05.2018 06:00 - 19.05.2018 07:00","1691","1717"
"19.05.2018 07:00 - 19.05.2018 08:00","1878","1874"
"19.05.2018 08:00 - 19.05.2018 09:00","2051","2040"
"19.05.2018 09:00 - 19.05.2018 10:00","2125","2127"
"19.05.2018 10:00 - 19.05.2018 11:00","2150","2152"
"19.05.2018 11:00 - 19.05.2018 12:00","2150","2138"
"19.05.2018 12:00 - 19.05.2018 13:00","2083","2049"
"19.05.2018 13:00 - 19.05.2018 14:00","2012","2026"
"19.05.2018 14:00 - 19.05.2018 15:00","2001","2014"
"19.05.2018 15:00 - 19.05.2018 16:00","1980","1971"
"19.05.2018 16:00 - 19.05.2018 17:00","1995","1991"
"19.05.2018 17:00 - 19.05.2018 18:00","2124","2127"
"19.05.2018 18:00 - 19.05.2018 19:00","2126","2158"
"19.05.2018 19:00 - 19.05.2018 20:00","2028","2066"
"19.05.2018 20:00 - 19.05.2018 21:00","1961","1994"
"19.05.2018 21:00 - 19.05.2018 22:00","1929","1942"
"19.05.2018 22:00 - 19.05.2018 23:00","1907","1911"
"19.05.2018 23:00 - 20.05.2018 00:00","1796","1767"
"20.05.2018 00:00 - 20.05.2018 01:00","1660","1684"
"20.05.2018 01:00 - 20.05.2018 02:00","1587","1613"
"20.05.2018 02:00 - 20.05.2018 03:00","1573","1578"
"20.05.2018 03:00 - 20.05.2018 04:00","1571","1567"
"20.05.2018 04:00 - 20.05.2018 05:00","1552","1543"
"20.05.2018 05:00 - 20.05.2018 06:00","1518","1514"
"20.05.2018 06:00 - 20.05.2018 07:00","1583","1583"
"20.05.2018 07:00 - 20.05.2018 08:00","1717","1721"
"20.05.2018 08:00 - 20.05.2018 09:00","1898","1900"
"20.05.2018 09:00 - 20.05.2018 10:00","2013","1989"
"20.05.2018 10:00 - 20.05.2018 11:00","2040","2022"
"20.05.2018 11:00 - 20.05.2018 12:00","2040","2036"
"20.05.2018 12:00 - 20.05.2018 13:00","2029","2040"
"20.05.2018 13:00 - 20.05.2018 14:00","2000","2032"
"20.05.2018 14:00 - 20.05.2018 15:00","2006","2028"
"20.05.2018 15:00 - 20.05.2018 16:00","2009","1979"
"20.05.2018 16:00 - 20.05.2018 17:00","2033","2048"
"20.05.2018 17:00 - 20.05.2018 18:00","2180","2190"
"20.05.2018 18:00 - 20.05.2018 19:00","2185","2220"
"20.05.2018 19:00 - 20.05.2018 20:00","2115","2105"
"20.05.2018 20:00 - 20.05.2018 21:00","2019","1982"
"20.05.2018 21:00 - 20.05.2018 22:00","1909","1924"
"20.05.2018 22:00 - 20.05.2018 23:00","1871","1889"
"20.05.2018 23:00 - 21.05.2018 00:00","1793","1773"
"21.05.2018 00:00 - 21.05.2018 01:00","1686","1704"
"21.05.2018 01:00 - 21.05.2018 02:00","1656","1693"
"21.05.2018 02:00 - 21.05.2018 03:00","1651","1631"
"21.05.2018 03:00 - 21.05.2018 04:00","1616","1590"
"21.05.2018 04:00 - 21.05.2018 05:00","1583","1579"
"21.05.2018 05:00 - 21.05.2018 06:00","1589","1605"
"21.05.2018 06:00 - 21.05.2018 07:00","1708","1726"
"21.05.2018 07:00 - 21.05.2018 08:00","1879","1864"
"21.05.2018 08:00 - 21.05.2018 09:00","2057","2043"
"21.05.2018 09:00 - 21.05.2018 10:00","2124","2101"
"21.05.2018 10:00 - 21.05.2018 11:00","2141","2135"
"21.05.2018 11:00 - 21.05.2018 12:00","2142","2136"
"21.05.2018 12:00 - 21.05.2018 13:00","2126","2158"
"21.05.2018 13:00 - 21.05.2018 14:00","2177","2214"
"21.05.2018 14:00 - 21.05.2018 15:00","2192","2229"
"21.05.2018 15:00 - 21.05.2018 16:00","2239","2255"
"21.05.2018 16:00 - 21.05.2018 17:00","2279","2299"
"21.05.2018 17:00 - 21.05.2018 18:00","2454","2542"
"21.05.2018 18:00 - 21.05.2018 19:00","2540","2568"
"21.05.2018 19:00 - 21.05.2018 20:00","2411","2390"
"21.05.2018 20:00 - 21.05.2018 21:00","2256","2210"
"21.05.2018 21:00 - 21.05.2018 22:00","2180","2099"
"21.05.2018 22:00 - 21.05.2018 23:00","2127","2033"
"21.05.2018 23:00 - 22.05.2018 00:00","2023","1931"
"22.05.2018 00:00 - 22.05.2018 01:00","1850","1836"
"22.05.2018 01:00 - 22.05.2018 02:00","1793","1794"
"22.05.2018 02:00 - 22.05.2018 03:00","1782","1784"
"22.05.2018 03:00 - 22.05.2018 04:00","1794","1792"
"22.05.2018 04:00 - 22.05.2018 05:00","1833","1867"
"22.05.2018 05:00 - 22.05.2018 06:00","1922","1922"
"22.05.2018 06:00 - 22.05.2018 07:00","2153","2172"
"22.05.2018 07:00 - 22.05.2018 08:00","2508","2541"
"22.05.2018 08:00 - 22.05.2018 09:00","2690","2715"
"22.05.2018 09:00 - 22.05.2018 10:00","2720","2741"
"22.05.2018 10:00 - 22.05.2018 11:00","2795","2809"
"22.05.2018 11:00 - 22.05.2018 12:00","2813","2851"
"22.05.2018 12:00 - 22.05.2018 13:00","2770","2787"
"22.05.2018 13:00 - 22.05.2018 14:00","2796","2810"
"22.05.2018 14:00 - 22.05.2018 15:00","2757","2766"
"22.05.2018 15:00 - 22.05.2018 16:00","2680","2664"
"22.05.2018 16:00 - 22.05.2018 17:00","2624","2622"
"22.05.2018 17:00 - 22.05.2018 18:00","2707","2716"
"22.05.2018 18:00 - 22.05.2018 19:00","2643","2656"
"22.05.2018 19:00 - 22.05.2018 20:00","2558","2554"
"22.05.2018 20:00 - 22.05.2018 21:00","2493","2466"
"22.05.2018 21:00 - 22.05.2018 22:00","2460","2377"
"22.05.2018 22:00 - 22.05.2018 23:00","2456","2294"
"22.05.2018 23:00 - 23.05.2018 00:00","2340","2127"
"23.05.2018 00:00 - 23.05.2018 01:00","1967","1989"
"23.05.2018 01:00 - 23.05.2018 02:00","1883","1922"
"23.05.2018 02:00 - 23.05.2018 03:00","1869","1888"
"23.05.2018 03:00 - 23.05.2018 04:00","1895","1898"
"23.05.2018 04:00 - 23.05.2018 05:00","1934","1921"
"23.05.2018 05:00 - 23.05.2018 06:00","1996","2007"
"23.05.2018 06:00 - 23.05.2018 07:00","2224","2285"
"23.05.2018 07:00 - 23.05.2018 08:00","2587","2617"
"23.05.2018 08:00 - 23.05.2018 09:00","2744","2767"
"23.05.2018 09:00 - 23.05.2018 10:00","2781","2803"
"23.05.2018 10:00 - 23.05.2018 11:00","2840","2860"
"23.05.2018 11:00 - 23.05.2018 12:00","2831","2849"
"23.05.2018 12:00 - 23.05.2018 13:00","2773","2785"
"23.05.2018 13:00 - 23.05.2018 14:00","2800","2801"
"23.05.2018 14:00 - 23.05.2018 15:00","2737","2742"
"23.05.2018 15:00 - 23.05.2018 16:00","2634","2633"
"23.05.2018 16:00 - 23.05.2018 17:00","2578","2580"
"23.05.2018 17:00 - 23.05.2018 18:00","2671","2696"
"23.05.2018 18:00 - 23.05.2018 19:00","2627","2646"
"23.05.2018 19:00 - 23.05.2018 20:00","2571","2527"
"23.05.2018 20:00 - 23.05.2018 21:00","2485","2421"
"23.05.2018 21:00 - 23.05.2018 22:00","2458","2325"
"23.05.2018 22:00 - 23.05.2018 23:00","2471","2256"
"23.05.2018 23:00 - 24.05.2018 00:00","2355","2134"
"24.05.2018 00:00 - 24.05.2018 01:00","1967","1998"
"24.05.2018 01:00 - 24.05.2018 02:00","1819","1935"
"24.05.2018 02:00 - 24.05.2018 03:00","1855","1891"
"24.05.2018 03:00 - 24.05.2018 04:00","1893","1909"
"24.05.2018 04:00 - 24.05.2018 05:00","1938","1922"
"24.05.2018 05:00 - 24.05.2018 06:00","2040","2015"
"24.05.2018 06:00 - 24.05.2018 07:00","2255","2334"
"24.05.2018 07:00 - 24.05.2018 08:00","2568","2612"
"24.05.2018 08:00 - 24.05.2018 09:00","2733","2777"
"24.05.2018 09:00 - 24.05.2018 10:00","2802","2852"
"24.05.2018 10:00 - 24.05.2018 11:00","2890","2942"
"24.05.2018 11:00 - 24.05.2018 12:00","2920","2972"
"24.05.2018 12:00 - 24.05.2018 13:00","2903","2946"
"24.05.2018 13:00 - 24.05.2018 14:00","2955","3086"
"24.05.2018 14:00 - 24.05.2018 15:00","3009","3135"
"24.05.2018 15:00 - 24.05.2018 16:00","2994","3042"
"24.05.2018 16:00 - 24.05.2018 17:00","2955","2994"
"24.05.2018 17:00 - 24.05.2018 18:00","3062","3073"
"24.05.2018 18:00 - 24.05.2018 19:00","2944","2947"
"24.05.2018 19:00 - 24.05.2018 20:00","2808","2769"
"24.05.2018 20:00 - 24.05.2018 21:00","2660","2620"
"24.05.2018 21:00 - 24.05.2018 22:00","2568","2465"
"24.05.2018 22:00 - 24.05.2018 23:00","2590","2389"
"24.05.2018 23:00 - 25.05.2018 00:00","2488","2234"
"25.05.2018 00:00 - 25.05.2018 01:00","2067","2056"
"25.05.2018 01:00 - 25.05.2018 02:00","1918","2004"
"25.05.2018 02:00 - 25.05.2018 03:00","1856","1984"
"25.05.2018 03:00 - 25.05.2018 04:00","1939","1988"
"25.05.2018 04:00 - 25.05.2018 05:00","2008","1981"
"25.05.2018 05:00 - 25.05.2018 06:00","2070","2042"
"25.05.2018 06:00 - 25.05.2018 07:00","2236","2247"
"25.05.2018 07:00 - 25.05.2018 08:00","2506","2571"
"25.05.2018 08:00 - 25.05.2018 09:00","2731","2784"
"25.05.2018 09:00 - 25.05.2018 10:00","2787","2832"
"25.05.2018 10:00 - 25.05.2018 11:00","2817","2848"
"25.05.2018 11:00 - 25.05.2018 12:00","2792","2850"
"25.05.2018 12:00 - 25.05.2018 13:00","2740","2785"
"25.05.2018 13:00 - 25.05.2018 14:00","2716","2690"
"25.05.2018 14:00 - 25.05.2018 15:00","2540","2534"
"25.05.2018 15:00 - 25.05.2018 16:00","2412","2423"
"25.05.2018 16:00 - 25.05.2018 17:00","2377","2387"
"25.05.2018 17:00 - 25.05.2018 18:00","2449","2439"
"25.05.2018 18:00 - 25.05.2018 19:00","2407","2418"
"25.05.2018 19:00 - 25.05.2018 20:00","2339","2318"
"25.05.2018 20:00 - 25.05.2018 21:00","2261","2218"
"25.05.2018 21:00 - 25.05.2018 22:00","2225","2124"
"25.05.2018 22:00 - 25.05.2018 23:00","2229","2058"
"25.05.2018 23:00 - 26.05.2018 00:00","2118","1938"
"26.05.2018 00:00 - 26.05.2018 01:00","1793","1824"
"26.05.2018 01:00 - 26.05.2018 02:00","1669","1704"
"26.05.2018 02:00 - 26.05.2018 03:00","1625","1649"
"26.05.2018 03:00 - 26.05.2018 04:00","1604","1635"
"26.05.2018 04:00 - 26.05.2018 05:00","1605","1612"
"26.05.2018 05:00 - 26.05.2018 06:00","1607","1606"
"26.05.2018 06:00 - 26.05.2018 07:00","1701","1718"
"26.05.2018 07:00 - 26.05.2018 08:00","1904","1926"
"26.05.2018 08:00 - 26.05.2018 09:00","2101","2090"
"26.05.2018 09:00 - 26.05.2018 10:00","2185","2174"
"26.05.2018 10:00 - 26.05.2018 11:00","2216","2252"
"26.05.2018 11:00 - 26.05.2018 12:00","2235","2235"
"26.05.2018 12:00 - 26.05.2018 13:00","2194","2234"
"26.05.2018 13:00 - 26.05.2018 14:00","2194","2234"
"26.05.2018 14:00 - 26.05.2018 15:00","2172","2176"
"26.05.2018 15:00 - 26.05.2018 16:00","2113","2093"
"26.05.2018 16:00 - 26.05.2018 17:00","2099","2101"
"26.05.2018 17:00 - 26.05.2018 18:00","2211","2219"
"26.05.2018 18:00 - 26.05.2018 19:00","2200","2192"
"26.05.2018 19:00 - 26.05.2018 20:00","2088","2095"
"26.05.2018 20:00 - 26.05.2018 21:00","2045","2082"
"26.05.2018 21:00 - 26.05.2018 22:00","1992","2029"
"26.05.2018 22:00 - 26.05.2018 23:00","1948","1974"
"26.05.2018 23:00 - 27.05.2018 00:00","1862","1852"
"27.05.2018 00:00 - 27.05.2018 01:00","1725","1741"
"27.05.2018 01:00 - 27.05.2018 02:00","1643","1670"
"27.05.2018 02:00 - 27.05.2018 03:00","1628","1630"
"27.05.2018 03:00 - 27.05.2018 04:00","1613","1602"
"27.05.2018 04:00 - 27.05.2018 05:00","1580","1566"
"27.05.2018 05:00 - 27.05.2018 06:00","1557","1543"
"27.05.2018 06:00 - 27.05.2018 07:00","1609","1621"
"27.05.2018 07:00 - 27.05.2018 08:00","1766","1771"
"27.05.2018 08:00 - 27.05.2018 09:00","1956","1947"
"27.05.2018 09:00 - 27.05.2018 10:00","2057","2058"
"27.05.2018 10:00 - 27.05.2018 11:00","2109","2125"
"27.05.2018 11:00 - 27.05.2018 12:00","2149","2159"
"27.05.2018 12:00 - 27.05.2018 13:00","2147","2160"
"27.05.2018 13:00 - 27.05.2018 14:00","2131","2135"
"27.05.2018 14:00 - 27.05.2018 15:00","2113","2122"
"27.05.2018 15:00 - 27.05.2018 16:00","2106","2095"
"27.05.2018 16:00 - 27.05.2018 17:00","2131","2142"
"27.05.2018 17:00 - 27.05.2018 18:00","2333","2366"
"27.05.2018 18:00 - 27.05.2018 19:00","2395","2389"
"27.05.2018 19:00 - 27.05.2018 20:00","2235","2197"
"27.05.2018 20:00 - 27.05.2018 21:00","2122","2119"
"27.05.2018 21:00 - 27.05.2018 22:00","2074","2041"
"27.05.2018 22:00 - 27.05.2018 23:00","2048","2015"
"27.05.2018 23:00 - 28.05.2018 00:00","1998","1927"
"28.05.2018 00:00 - 28.05.2018 01:00","1836","1857"
"28.05.2018 01:00 - 28.05.2018 02:00","1789","1805"
"28.05.2018 02:00 - 28.05.2018 03:00","1811","1803"
"28.05.2018 03:00 - 28.05.2018 04:00","1828","1801"
"28.05.2018 04:00 - 28.05.2018 05:00","1840","1802"
"28.05.2018 05:00 - 28.05.2018 06:00","1886","1879"
"28.05.2018 06:00 - 28.05.2018 07:00","2258","2239"
"28.05.2018 07:00 - 28.05.2018 08:00","2660","2626"
"28.05.2018 08:00 - 28.05.2018 09:00","2741","2707"
"28.05.2018 09:00 - 28.05.2018 10:00","2708","2699"
"28.05.2018 10:00 - 28.05.2018 11:00","2809","2820"
"28.05.2018 11:00 - 28.05.2018 12:00","2826","2803"
"28.05.2018 12:00 - 28.05.2018 13:00","2739","2759"
"28.05.2018 13:00 - 28.05.2018 14:00","2793","2806"
"28.05.2018 14:00 - 28.05.2018 15:00","2759","2771"
"28.05.2018 15:00 - 28.05.2018 16:00","2655","2651"
"28.05.2018 16:00 - 28.05.2018 17:00","2617","2619"
"28.05.2018 17:00 - 28.05.2018 18:00","2710","2712"
"28.05.2018 18:00 - 28.05.2018 19:00","2629","2633"
"28.05.2018 19:00 - 28.05.2018 20:00","2471","2500"
"28.05.2018 20:00 - 28.05.2018 21:00","2364","2395"
"28.05.2018 21:00 - 28.05.2018 22:00","2244","2331"
"28.05.2018 22:00 - 28.05.2018 23:00","2137","2272"
"28.05.2018 23:00 - 29.05.2018 00:00","2001","2101"
"29.05.2018 00:00 - 29.05.2018 01:00","1983","1965"
"29.05.2018 01:00 - 29.05.2018 02:00","1878","1912"
"29.05.2018 02:00 - 29.05.2018 03:00","1865","1879"
"29.05.2018 03:00 - 29.05.2018 04:00","1882","1861"
"29.05.2018 04:00 - 29.05.2018 05:00","1875","1849"
"29.05.2018 05:00 - 29.05.2018 06:00","1928","1962"
"29.05.2018 06:00 - 29.05.2018 07:00","2241","2311"
"29.05.2018 07:00 - 29.05.2018 08:00","2622","2653"
"29.05.2018 08:00 - 29.05.2018 09:00","2789","2789"
"29.05.2018 09:00 - 29.05.2018 10:00","2811","2838"
"29.05.2018 10:00 - 29.05.2018 11:00","2917","2927"
"29.05.2018 11:00 - 29.05.2018 12:00","2896","2884"
"29.05.2018 12:00 - 29.05.2018 13:00","2807","2812"
"29.05.2018 13:00 - 29.05.2018 14:00","2850","2865"
"29.05.2018 14:00 - 29.05.2018 15:00","2796","2796"
"29.05.2018 15:00 - 29.05.2018 16:00","2677","2684"
"29.05.2018 16:00 - 29.05.2018 17:00","2653","2679"
"29.05.2018 17:00 - 29.05.2018 18:00","2785","2837"
"29.05.2018 18:00 - 29.05.2018 19:00","2725","2731"
"29.05.2018 19:00 - 29.05.2018 20:00","2614","2620"
"29.05.2018 20:00 - 29.05.2018 21:00","2533","2491"
"29.05.2018 21:00 - 29.05.2018 22:00","2475","2410"
"29.05.2018 22:00 - 29.05.2018 23:00","2486","2328"
"29.05.2018 23:00 - 30.05.2018 00:00","2398","2139"
"30.05.2018 00:00 - 30.05.2018 01:00","1993","1961"
"30.05.2018 01:00 - 30.05.2018 02:00","1857","1923"
"30.05.2018 02:00 - 30.05.2018 03:00","1847","1889"
"30.05.2018 03:00 - 30.05.2018 04:00","1884","1887"
"30.05.2018 04:00 - 30.05.2018 05:00","1910","1871"
"30.05.2018 05:00 - 30.05.2018 06:00","1971","1981"
"30.05.2018 06:00 - 30.05.2018 07:00","2211","2298"
"30.05.2018 07:00 - 30.05.2018 08:00","2596","2632"
"30.05.2018 08:00 - 30.05.2018 09:00","2760","2770"
"30.05.2018 09:00 - 30.05.2018 10:00","2766","2788"
"30.05.2018 10:00 - 30.05.2018 11:00","2857","2891"
"30.05.2018 11:00 - 30.05.2018 12:00","2900","2910"
"30.05.2018 12:00 - 30.05.2018 13:00","2828","2879"
"30.05.2018 13:00 - 30.05.2018 14:00","2871","2904"
"30.05.2018 14:00 - 30.05.2018 15:00","2859","2861"
"30.05.2018 15:00 - 30.05.2018 16:00","2725","2724"
"30.05.2018 16:00 - 30.05.2018 17:00","2660","2662"
"30.05.2018 17:00 - 30.05.2018 18:00","2727","2726"
"30.05.2018 18:00 - 30.05.2018 19:00","2636","2676"
"30.05.2018 19:00 - 30.05.2018 20:00","2581","2540"
"30.05.2018 20:00 - 30.05.2018 21:00","2499","2431"
"30.05.2018 21:00 - 30.05.2018 22:00","2446","2287"
"30.05.2018 22:00 - 30.05.2018 23:00","2460","2235"
"30.05.2018 23:00 - 31.05.2018 00:00","2377","2153"
"31.05.2018 00:00 - 31.05.2018 01:00","2004","1996"
"31.05.2018 01:00 - 31.05.2018 02:00","1894","1915"
"31.05.2018 02:00 - 31.05.2018 03:00","1868","1851"
"31.05.2018 03:00 - 31.05.2018 04:00","1850","1856"
"31.05.2018 04:00 - 31.05.2018 05:00","1881","1881"
"31.05.2018 05:00 - 31.05.2018 06:00","1991","1998"
"31.05.2018 06:00 - 31.05.2018 07:00","2270","2311"
"31.05.2018 07:00 - 31.05.2018 08:00","2590","2636"
"31.05.2018 08:00 - 31.05.2018 09:00","2740","2765"
"31.05.2018 09:00 - 31.05.2018 10:00","2785","2785"
"31.05.2018 10:00 - 31.05.2018 11:00","2849","2869"
"31.05.2018 11:00 - 31.05.2018 12:00","2883","2905"
"31.05.2018 12:00 - 31.05.2018 13:00","2805","2820"
"31.05.2018 13:00 - 31.05.2018 14:00","2816","2812"
"31.05.2018 14:00 - 31.05.2018 15:00","2779","2768"
"31.05.2018 15:00 - 31.05.2018 16:00","2661","2661"
"31.05.2018 16:00 - 31.05.2018 17:00","2619","2664"
"31.05.2018 17:00 - 31.05.2018 18:00","2736","2734"
"31.05.2018 18:00 - 31.05.2018 19:00","2662","2677"
"31.05.2018 19:00 - 31.05.2018 20:00","2591","2583"
"31.05.2018 20:00 - 31.05.2018 21:00","2527","2471"
"31.05.2018 21:00 - 31.05.2018 22:00","2483","2345"
"31.05.2018 22:00 - 31.05.2018 23:00","2478","2293"
"31.05.2018 23:00 - 01.06.2018 00:00","2389","2145"
"01.06.2018 00:00 - 01.06.2018 01:00","2014","2041"
"01.06.2018 01:00 - 01.06.2018 02:00","1916","1939"
"01.06.2018 02:00 - 01.06.2018 03:00","1896","1887"
"01.06.2018 03:00 - 01.06.2018 04:00","1880","1878"
"01.06.2018 04:00 - 01.06.2018 05:00","1882","1890"
"01.06.2018 05:00 - 01.06.2018 06:00","1965","1975"
"01.06.2018 06:00 - 01.06.2018 07:00","2250","2306"
"01.06.2018 07:00 - 01.06.2018 08:00","2597","2629"
"01.06.2018 08:00 - 01.06.2018 09:00","2806","2819"
"01.06.2018 09:00 - 01.06.2018 10:00","2800","2800"
"01.06.2018 10:00 - 01.06.2018 11:00","2828","2835"
"01.06.2018 11:00 - 01.06.2018 12:00","2802","2819"
"01.06.2018 12:00 - 01.06.2018 13:00","2714","2727"
"01.06.2018 13:00 - 01.06.2018 14:00","2684","2709"
"01.06.2018 14:00 - 01.06.2018 15:00","2566","2569"
"01.06.2018 15:00 - 01.06.2018 16:00","2478","2489"
"01.06.2018 16:00 - 01.06.2018 17:00","2449","2436"
"01.06.2018 17:00 - 01.06.2018 18:00","2484","2481"
"01.06.2018 18:00 - 01.06.2018 19:00","2433","2437"
"01.06.2018 19:00 - 01.06.2018 20:00","2352","2334"
"01.06.2018 20:00 - 01.06.2018 21:00","2260","2239"
"01.06.2018 21:00 - 01.06.2018 22:00","2202","2163"
"01.06.2018 22:00 - 01.06.2018 23:00","2174","2111"
"01.06.2018 23:00 - 02.06.2018 00:00","2076","1990"
"02.06.2018 00:00 - 02.06.2018 01:00","1850","1873"
"02.06.2018 01:00 - 02.06.2018 02:00","1742","1773"
"02.06.2018 02:00 - 02.06.2018 03:00","1677","1720"
"02.06.2018 03:00 - 02.06.2018 04:00","1665","1690"
"02.06.2018 04:00 - 02.06.2018 05:00","1670","1676"
"02.06.2018 05:00 - 02.06.2018 06:00","1672","1686"
"02.06.2018 06:00 - 02.06.2018 07:00","1781","1793"
"02.06.2018 07:00 - 02.06.2018 08:00","1945","1966"
"02.06.2018 08:00 - 02.06.2018 09:00","2117","2144"
"02.06.2018 09:00 - 02.06.2018 10:00","2244","2239"
"02.06.2018 10:00 - 02.06.2018 11:00","2300","2272"
"02.06.2018 11:00 - 02.06.2018 12:00","2272","2267"
"02.06.2018 12:00 - 02.06.2018 13:00","2215","2221"
"02.06.2018 13:00 - 02.06.2018 14:00","2177","2173"
"02.06.2018 14:00 - 02.06.2018 15:00","2128","2121"
"02.06.2018 15:00 - 02.06.2018 16:00","2082","2089"
"02.06.2018 16:00 - 02.06.2018 17:00","2103","2107"
"02.06.2018 17:00 - 02.06.2018 18:00","2203","2196"
"02.06.2018 18:00 - 02.06.2018 19:00","2193","2211"
"02.06.2018 19:00 - 02.06.2018 20:00","2118","2143"
"02.06.2018 20:00 - 02.06.2018 21:00","2069","2093"
"02.06.2018 21:00 - 02.06.2018 22:00","2011","2035"
"02.06.2018 22:00 - 02.06.2018 23:00","1943","1994"
"02.06.2018 23:00 - 03.06.2018 00:00","1853","1904"
"03.06.2018 00:00 - 03.06.2018 01:00","1795","1799"
"03.06.2018 01:00 - 03.06.2018 02:00","1716","1715"
"03.06.2018 02:00 - 03.06.2018 03:00","1654","1650"
"03.06.2018 03:00 - 03.06.2018 04:00","1633","1630"
"03.06.2018 04:00 - 03.06.2018 05:00","1601","1607"
"03.06.2018 05:00 - 03.06.2018 06:00","1600","1601"
"03.06.2018 06:00 - 03.06.2018 07:00","1659","1656"
"03.06.2018 07:00 - 03.06.2018 08:00","1802","1802"
"03.06.2018 08:00 - 03.06.2018 09:00","1979","1965"
"03.06.2018 09:00 - 03.06.2018 10:00","2073","2071"
"03.06.2018 10:00 - 03.06.2018 11:00","2139","2133"
"03.06.2018 11:00 - 03.06.2018 12:00","2185","2166"
"03.06.2018 12:00 - 03.06.2018 13:00","2169","2158"
"03.06.2018 13:00 - 03.06.2018 14:00","2153","2132"
"03.06.2018 14:00 - 03.06.2018 15:00","2114","2114"
"03.06.2018 15:00 - 03.06.2018 16:00","2103","2106"
"03.06.2018 16:00 - 03.06.2018 17:00","2138","2134"
"03.06.2018 17:00 - 03.06.2018 18:00","2265","2245"
"03.06.2018 18:00 - 03.06.2018 19:00","2258","2241"
"03.06.2018 19:00 - 03.06.2018 20:00","2174","2195"
"03.06.2018 20:00 - 03.06.2018 21:00","2117","2124"
"03.06.2018 21:00 - 03.06.2018 22:00","2075","2059"
"03.06.2018 22:00 - 03.06.2018 23:00","2044","1993"
"03.06.2018 23:00 - 04.06.2018 00:00","1995","1873"
"04.06.2018 00:00 - 04.06.2018 01:00","1811","1782"
"04.06.2018 01:00 - 04.06.2018 02:00","1737","1734"
"04.06.2018 02:00 - 04.06.2018 03:00","1728","1716"
"04.06.2018 03:00 - 04.06.2018 04:00","1761","1725"
"04.06.2018 04:00 - 04.06.2018 05:00","1755","1727"
"04.06.2018 05:00 - 04.06.2018 06:00","1816","1814"
"04.06.2018 06:00 - 04.06.2018 07:00","2166","2133"
"04.06.2018 07:00 - 04.06.2018 08:00","2505","2468"
"04.06.2018 08:00 - 04.06.2018 09:00","2637","2643"
"04.06.2018 09:00 - 04.06.2018 10:00","2719","2710"
"04.06.2018 10:00 - 04.06.2018 11:00","2788","2775"
"04.06.2018 11:00 - 04.06.2018 12:00","2800","2796"
"04.06.2018 12:00 - 04.06.2018 13:00","2753","2750"
"04.06.2018 13:00 - 04.06.2018 14:00","2742","2744"
"04.06.2018 14:00 - 04.06.2018 15:00","2692","2688"
"04.06.2018 15:00 - 04.06.2018 16:00","2574","2575"
"04.06.2018 16:00 - 04.06.2018 17:00","2557","2562"
"04.06.2018 17:00 - 04.06.2018 18:00","2635","2602"
"04.06.2018 18:00 - 04.06.2018 19:00","2532","2512"
"04.06.2018 19:00 - 04.06.2018 20:00","2378","2404"
"04.06.2018 20:00 - 04.06.2018 21:00","2287","2336"
"04.06.2018 21:00 - 04.06.2018 22:00","2206","2193"
"04.06.2018 22:00 - 04.06.2018 23:00","2099","2154"
"04.06.2018 23:00 - 05.06.2018 00:00","1947","2060"
"05.06.2018 00:00 - 05.06.2018 01:00","1843","1923"
"05.06.2018 01:00 - 05.06.2018 02:00","1736","1831"
"05.06.2018 02:00 - 05.06.2018 03:00","1721","1779"
"05.06.2018 03:00 - 05.06.2018 04:00","1770","1767"
"05.06.2018 04:00 - 05.06.2018 05:00","1726","1754"
"05.06.2018 05:00 - 05.06.2018 06:00","1812","1776"
"05.06.2018 06:00 - 05.06.2018 07:00","2119","1911"
"05.06.2018 07:00 - 05.06.2018 08:00","2134","2083"
"05.06.2018 08:00 - 05.06.2018 09:00","2319","2284"
"05.06.2018 09:00 - 05.06.2018 10:00","2430","2475"
"05.06.2018 10:00 - 05.06.2018 11:00","2486","2452"
"05.06.2018 11:00 - 05.06.2018 12:00","2429","2416"
"05.06.2018 12:00 - 05.06.2018 13:00","2406","2387"
"05.06.2018 13:00 - 05.06.2018 14:00","2373","2364"
"05.06.2018 14:00 - 05.06.2018 15:00","2314","2292"
"05.06.2018 15:00 - 05.06.2018 16:00","2248","2251"
"05.06.2018 16:00 - 05.06.2018 17:00","2290","2327"
"05.06.2018 17:00 - 05.06.2018 18:00","2417","2402"
"05.06.2018 18:00 - 05.06.2018 19:00","2395","2392"
"05.06.2018 19:00 - 05.06.2018 20:00","2267","2275"
"05.06.2018 20:00 - 05.06.2018 21:00","2207","2233"
"05.06.2018 21:00 - 05.06.2018 22:00","2183","2132"
"05.06.2018 22:00 - 05.06.2018 23:00","2168","2081"
"05.06.2018 23:00 - 06.06.2018 00:00","2131","2021"
"06.06.2018 00:00 - 06.06.2018 01:00","1951","1916"
"06.06.2018 01:00 - 06.06.2018 02:00","1874","1846"
"06.06.2018 02:00 - 06.06.2018 03:00","1842","1817"
"06.06.2018 03:00 - 06.06.2018 04:00","1858","1829"
"06.06.2018 04:00 - 06.06.2018 05:00","1861","1825"
"06.06.2018 05:00 - 06.06.2018 06:00","1944","1915"
"06.06.2018 06:00 - 06.06.2018 07:00","2202","2237"
"06.06.2018 07:00 - 06.06.2018 08:00","2563","2598"
"06.06.2018 08:00 - 06.06.2018 09:00","2744","2747"
"06.06.2018 09:00 - 06.06.2018 10:00","2781","2794"
"06.06.2018 10:00 - 06.06.2018 11:00","2862","2863"
"06.06.2018 11:00 - 06.06.2018 12:00","2869","2893"
"06.06.2018 12:00 - 06.06.2018 13:00","2799","2818"
"06.06.2018 13:00 - 06.06.2018 14:00","2875","2875"
"06.06.2018 14:00 - 06.06.2018 15:00","2796","2820"
"06.06.2018 15:00 - 06.06.2018 16:00","2708","2752"
"06.06.2018 16:00 - 06.06.2018 17:00","2683","2710"
"06.06.2018 17:00 - 06.06.2018 18:00","2764","2746"
"06.06.2018 18:00 - 06.06.2018 19:00","2668","2685"
"06.06.2018 19:00 - 06.06.2018 20:00","2581","2559"
"06.06.2018 20:00 - 06.06.2018 21:00","2463","2382"
"06.06.2018 21:00 - 06.06.2018 22:00","2388","2300"
"06.06.2018 22:00 - 06.06.2018 23:00","2382","2270"
"06.06.2018 23:00 - 07.06.2018 00:00","2293","2151"
"07.06.2018 00:00 - 07.06.2018 01:00","2007","2011"
"07.06.2018 01:00 - 07.06.2018 02:00","1910","1922"
"07.06.2018 02:00 - 07.06.2018 03:00","1890","1890"
"07.06.2018 03:00 - 07.06.2018 04:00","1900","1889"
"07.06.2018 04:00 - 07.06.2018 05:00","1885","1875"
"07.06.2018 05:00 - 07.06.2018 06:00","1978","1969"
"07.06.2018 06:00 - 07.06.2018 07:00","2243","2292"
"07.06.2018 07:00 - 07.06.2018 08:00","2565","2625"
"07.06.2018 08:00 - 07.06.2018 09:00","2761","2788"
"07.06.2018 09:00 - 07.06.2018 10:00","2833","2842"
"07.06.2018 10:00 - 07.06.2018 11:00","2893","2919"
"07.06.2018 11:00 - 07.06.2018 12:00","2914","2941"
"07.06.2018 12:00 - 07.06.2018 13:00","2846","2872"
"07.06.2018 13:00 - 07.06.2018 14:00","2858","2902"
"07.06.2018 14:00 - 07.06.2018 15:00","2822","2827"
"07.06.2018 15:00 - 07.06.2018 16:00","2709","2690"
"07.06.2018 16:00 - 07.06.2018 17:00","2629","2632"
"07.06.2018 17:00 - 07.06.2018 18:00","2716","2708"
"07.06.2018 18:00 - 07.06.2018 19:00","2621","2628"
"07.06.2018 19:00 - 07.06.2018 20:00","2546","2518"
"07.06.2018 20:00 - 07.06.2018 21:00","2467","2429"
"07.06.2018 21:00 - 07.06.2018 22:00","2393","2351"
"07.06.2018 22:00 - 07.06.2018 23:00","2393","2268"
"07.06.2018 23:00 - 08.06.2018 00:00","2308","2132"
"08.06.2018 00:00 - 08.06.2018 01:00","2000","1999"
"08.06.2018 01:00 - 08.06.2018 02:00","1910","1938"
"08.06.2018 02:00 - 08.06.2018 03:00","1889","1896"
"08.06.2018 03:00 - 08.06.2018 04:00","1880","1880"
"08.06.2018 04:00 - 08.06.2018 05:00","1884","1880"
"08.06.2018 05:00 - 08.06.2018 06:00","1975","1974"
"08.06.2018 06:00 - 08.06.2018 07:00","2244","2290"
"08.06.2018 07:00 - 08.06.2018 08:00","2600","2645"
"08.06.2018 08:00 - 08.06.2018 09:00","2785","2773"
"08.06.2018 09:00 - 08.06.2018 10:00","2804","2806"
"08.06.2018 10:00 - 08.06.2018 11:00","2869","2865"
"08.06.2018 11:00 - 08.06.2018 12:00","2832","2855"
"08.06.2018 12:00 - 08.06.2018 13:00","2737","2758"
"08.06.2018 13:00 - 08.06.2018 14:00","2687","2716"
"08.06.2018 14:00 - 08.06.2018 15:00","2584","2607"
"08.06.2018 15:00 - 08.06.2018 16:00","2491","2502"
"08.06.2018 16:00 - 08.06.2018 17:00","2470","2467"
"08.06.2018 17:00 - 08.06.2018 18:00","2529","2520"
"08.06.2018 18:00 - 08.06.2018 19:00","2469","2496"
"08.06.2018 19:00 - 08.06.2018 20:00","2377","2367"
"08.06.2018 20:00 - 08.06.2018 21:00","2287","2252"
"08.06.2018 21:00 - 08.06.2018 22:00","2212","2156"
"08.06.2018 22:00 - 08.06.2018 23:00","2158","2090"
"08.06.2018 23:00 - 09.06.2018 00:00","2046","1991"
"09.06.2018 00:00 - 09.06.2018 01:00","1850","1880"
"09.06.2018 01:00 - 09.06.2018 02:00","1749","1789"
"09.06.2018 02:00 - 09.06.2018 03:00","1718","1739"
"09.06.2018 03:00 - 09.06.2018 04:00","1700","1729"
"09.06.2018 04:00 - 09.06.2018 05:00","1696","1708"
"09.06.2018 05:00 - 09.06.2018 06:00","1717","1730"
"09.06.2018 06:00 - 09.06.2018 07:00","1807","1808"
"09.06.2018 07:00 - 09.06.2018 08:00","1976","1972"
"09.06.2018 08:00 - 09.06.2018 09:00","2144","2137"
"09.06.2018 09:00 - 09.06.2018 10:00","2227","2218"
"09.06.2018 10:00 - 09.06.2018 11:00","2255","2269"
"09.06.2018 11:00 - 09.06.2018 12:00","2255","2271"
"09.06.2018 12:00 - 09.06.2018 13:00","2238","2224"
"09.06.2018 13:00 - 09.06.2018 14:00","2193","2197"
"09.06.2018 14:00 - 09.06.2018 15:00","2154","2162"
"09.06.2018 15:00 - 09.06.2018 16:00","2146","2138"
"09.06.2018 16:00 - 09.06.2018 17:00","2155","2147"
"09.06.2018 17:00 - 09.06.2018 18:00","2252","2236"
"09.06.2018 18:00 - 09.06.2018 19:00","2237","2253"
"09.06.2018 19:00 - 09.06.2018 20:00","2141","2156"
"09.06.2018 20:00 - 09.06.2018 21:00","2055","2080"
"09.06.2018 21:00 - 09.06.2018 22:00","1989","2001"
"09.06.2018 22:00 - 09.06.2018 23:00","1922","1950"
"09.06.2018 23:00 - 10.06.2018 00:00","1840","1878"
"10.06.2018 00:00 - 10.06.2018 01:00","1788","1783"
"10.06.2018 01:00 - 10.06.2018 02:00","1709","1708"
"10.06.2018 02:00 - 10.06.2018 03:00","1667","1658"
"10.06.2018 03:00 - 10.06.2018 04:00","1643","1632"
"10.06.2018 04:00 - 10.06.2018 05:00","1600","1599"
"10.06.2018 05:00 - 10.06.2018 06:00","1603","1598"
"10.06.2018 06:00 - 10.06.2018 07:00","1679","1675"
"10.06.2018 07:00 - 10.06.2018 08:00","1816","1819"
"10.06.2018 08:00 - 10.06.2018 09:00","1995","1982"
"10.06.2018 09:00 - 10.06.2018 10:00","2103","2111"
"10.06.2018 10:00 - 10.06.2018 11:00","2192","2201"
"10.06.2018 11:00 - 10.06.2018 12:00","2225","2232"
"10.06.2018 12:00 - 10.06.2018 13:00","2210","2204"
"10.06.2018 13:00 - 10.06.2018 14:00","2185","2199"
"10.06.2018 14:00 - 10.06.2018 15:00","2171","2179"
"10.06.2018 15:00 - 10.06.2018 16:00","2165","2177"
"10.06.2018 16:00 - 10.06.2018 17:00","2222","2192"
"10.06.2018 17:00 - 10.06.2018 18:00","2373","2376"
"10.06.2018 18:00 - 10.06.2018 19:00","2371","2395"
"10.06.2018 19:00 - 10.06.2018 20:00","2270","2268"
"10.06.2018 20:00 - 10.06.2018 21:00","2179","2149"
"10.06.2018 21:00 - 10.06.2018 22:00","2124","2060"
"10.06.2018 22:00 - 10.06.2018 23:00","2091","1995"
"10.06.2018 23:00 - 11.06.2018 00:00","2048","1875"
"11.06.2018 00:00 - 11.06.2018 01:00","1825","1786"
"11.06.2018 01:00 - 11.06.2018 02:00","1733","1738"
"11.06.2018 02:00 - 11.06.2018 03:00","1735","1742"
"11.06.2018 03:00 - 11.06.2018 04:00","1781","1764"
"11.06.2018 04:00 - 11.06.2018 05:00","1777","1766"
"11.06.2018 05:00 - 11.06.2018 06:00","1878","1863"
"11.06.2018 06:00 - 11.06.2018 07:00","2214","2208"
"11.06.2018 07:00 - 11.06.2018 08:00","2581","2605"
"11.06.2018 08:00 - 11.06.2018 09:00","2808","2824"
"11.06.2018 09:00 - 11.06.2018 10:00","2849","2826"
"11.06.2018 10:00 - 11.06.2018 11:00","2846","2862"
"11.06.2018 11:00 - 11.06.2018 12:00","2904","2912"
"11.06.2018 12:00 - 11.06.2018 13:00","2847","2867"
"11.06.2018 13:00 - 11.06.2018 14:00","2878","2887"
"11.06.2018 14:00 - 11.06.2018 15:00","2841","2849"
"11.06.2018 15:00 - 11.06.2018 16:00","2755","2773"
"11.06.2018 16:00 - 11.06.2018 17:00","2721","2709"
"11.06.2018 17:00 - 11.06.2018 18:00","2814","2848"
"11.06.2018 18:00 - 11.06.2018 19:00","2742","2746"
"11.06.2018 19:00 - 11.06.2018 20:00","2572","2534"
"11.06.2018 20:00 - 11.06.2018 21:00","2415","2443"
"11.06.2018 21:00 - 11.06.2018 22:00","2306","2313"
"11.06.2018 22:00 - 11.06.2018 23:00","2214","2224"
"11.06.2018 23:00 - 12.06.2018 00:00","2104","2056"
"12.06.2018 00:00 - 12.06.2018 01:00","1932","1958"
"12.06.2018 01:00 - 12.06.2018 02:00","1870","1913"
"12.06.2018 02:00 - 12.06.2018 03:00","1871","1901"
"12.06.2018 03:00 - 12.06.2018 04:00","1883","1904"
"12.06.2018 04:00 - 12.06.2018 05:00","1932","1935"
"12.06.2018 05:00 - 12.06.2018 06:00","2009","1986"
"12.06.2018 06:00 - 12.06.2018 07:00","2232","2271"
"12.06.2018 07:00 - 12.06.2018 08:00","2583","2598"
"12.06.2018 08:00 - 12.06.2018 09:00","2737","2735"
"12.06.2018 09:00 - 12.06.2018 10:00","2766","2776"
"12.06.2018 10:00 - 12.06.2018 11:00","2840","2846"
"12.06.2018 11:00 - 12.06.2018 12:00","2859","2868"
"12.06.2018 12:00 - 12.06.2018 13:00","2786","2792"
"12.06.2018 13:00 - 12.06.2018 14:00","2812","2827"
"12.06.2018 14:00 - 12.06.2018 15:00","2754","2776"
"12.06.2018 15:00 - 12.06.2018 16:00","2664","2659"
"12.06.2018 16:00 - 12.06.2018 17:00","2619","2646"
"12.06.2018 17:00 - 12.06.2018 18:00","2778","2786"
"12.06.2018 18:00 - 12.06.2018 19:00","2682","2679"
"12.06.2018 19:00 - 12.06.2018 20:00","2567","2521"
"12.06.2018 20:00 - 12.06.2018 21:00","2438","2410"
"12.06.2018 21:00 - 12.06.2018 22:00","2397","2318"
"12.06.2018 22:00 - 12.06.2018 23:00","2340","2220"
"12.06.2018 23:00 - 13.06.2018 00:00","2232","2098"
"13.06.2018 00:00 - 13.06.2018 01:00","1994","1994"
"13.06.2018 01:00 - 13.06.2018 02:00","1896","1915"
"13.06.2018 02:00 - 13.06.2018 03:00","1893","1906"
"13.06.2018 03:00 - 13.06.2018 04:00","1899","1873"
"13.06.2018 04:00 - 13.06.2018 05:00","1883","1851"
"13.06.2018 05:00 - 13.06.2018 06:00","1932","1954"
"13.06.2018 06:00 - 13.06.2018 07:00","2221","2279"
"13.06.2018 07:00 - 13.06.2018 08:00","2581","2613"
"13.06.2018 08:00 - 13.06.2018 09:00","2803","2811"
"13.06.2018 09:00 - 13.06.2018 10:00","2824","2862"
"13.06.2018 10:00 - 13.06.2018 11:00","2916","2898"
"13.06.2018 11:00 - 13.06.2018 12:00","2893","2914"
"13.06.2018 12:00 - 13.06.2018 13:00","2853","2879"
"13.06.2018 13:00 - 13.06.2018 14:00","2876","2871"
"13.06.2018 14:00 - 13.06.2018 15:00","2773","2814"
"13.06.2018 15:00 - 13.06.2018 16:00","2690","2679"
"13.06.2018 16:00 - 13.06.2018 17:00","2608","2586"
"13.06.2018 17:00 - 13.06.2018 18:00","2673","2715"
"13.06.2018 18:00 - 13.06.2018 19:00","2642","2660"
"13.06.2018 19:00 - 13.06.2018 20:00","2578","2538"
"13.06.2018 20:00 - 13.06.2018 21:00","2487","2448"
"13.06.2018 21:00 - 13.06.2018 22:00","2430","2301"
"13.06.2018 22:00 - 13.06.2018 23:00","2371","2189"
"13.06.2018 23:00 - 14.06.2018 00:00","2258","2073"
"14.06.2018 00:00 - 14.06.2018 01:00","1969","1970"
"14.06.2018 01:00 - 14.06.2018 02:00","1885","1903"
"14.06.2018 02:00 - 14.06.2018 03:00","1851","1872"
"14.06.2018 03:00 - 14.06.2018 04:00","1879","1884"
"14.06.2018 04:00 - 14.06.2018 05:00","1892","1916"
"14.06.2018 05:00 - 14.06.2018 06:00","2011","1995"
"14.06.2018 06:00 - 14.06.2018 07:00","2268","2317"
"14.06.2018 07:00 - 14.06.2018 08:00","2611","2671"
"14.06.2018 08:00 - 14.06.2018 09:00","2811","2822"
"14.06.2018 09:00 - 14.06.2018 10:00","2813","2810"
"14.06.2018 10:00 - 14.06.2018 11:00","2888","2907"
"14.06.2018 11:00 - 14.06.2018 12:00","2895","2960"
"14.06.2018 12:00 - 14.06.2018 13:00","2863","2813"
"14.06.2018 13:00 - 14.06.2018 14:00","2898","2960"
"14.06.2018 14:00 - 14.06.2018 15:00","2882","2945"
"14.06.2018 15:00 - 14.06.2018 16:00","2832","2852"
"14.06.2018 16:00 - 14.06.2018 17:00","2789","2790"
"14.06.2018 17:00 - 14.06.2018 18:00","2806","2773"
"14.06.2018 18:00 - 14.06.2018 19:00","2723","2729"
"14.06.2018 19:00 - 14.06.2018 20:00","2641","2653"
"14.06.2018 20:00 - 14.06.2018 21:00","2572","2526"
"14.06.2018 21:00 - 14.06.2018 22:00","2457","2325"
"14.06.2018 22:00 - 14.06.2018 23:00","2427","2193"
"14.06.2018 23:00 - 15.06.2018 00:00","2342","2051"
"15.06.2018 00:00 - 15.06.2018 01:00","1940","1928"
"15.06.2018 01:00 - 15.06.2018 02:00","1844","1859"
"15.06.2018 02:00 - 15.06.2018 03:00","1813","1828"
"15.06.2018 03:00 - 15.06.2018 04:00","1829","1833"
"15.06.2018 04:00 - 15.06.2018 05:00","1846","1831"
"15.06.2018 05:00 - 15.06.2018 06:00","1950","1919"
"15.06.2018 06:00 - 15.06.2018 07:00","2192","2211"
"15.06.2018 07:00 - 15.06.2018 08:00","2428","2452"
"15.06.2018 08:00 - 15.06.2018 09:00","2638","2645"
"15.06.2018 09:00 - 15.06.2018 10:00","2677","2690"
"15.06.2018 10:00 - 15.06.2018 11:00","2750","2746"
"15.06.2018 11:00 - 15.06.2018 12:00","2736","2747"
"15.06.2018 12:00 - 15.06.2018 13:00","2653","2652"
"15.06.2018 13:00 - 15.06.2018 14:00","2578","2578"
"15.06.2018 14:00 - 15.06.2018 15:00","2468","2500"
"15.06.2018 15:00 - 15.06.2018 16:00","2449","2465"
"15.06.2018 16:00 - 15.06.2018 17:00","2428","2459"
"15.06.2018 17:00 - 15.06.2018 18:00","2475","2485"
"15.06.2018 18:00 - 15.06.2018 19:00","2415","2419"
"15.06.2018 19:00 - 15.06.2018 20:00","2263","2258"
"15.06.2018 20:00 - 15.06.2018 21:00","2154","2141"
"15.06.2018 21:00 - 15.06.2018 22:00","2073","2042"
"15.06.2018 22:00 - 15.06.2018 23:00","2028","1995"
"15.06.2018 23:00 - 16.06.2018 00:00","1934","1892"
"16.06.2018 00:00 - 16.06.2018 01:00","1757","1777"
"16.06.2018 01:00 - 16.06.2018 02:00","1668","1705"
"16.06.2018 02:00 - 16.06.2018 03:00","1630","1649"
"16.06.2018 03:00 - 16.06.2018 04:00","1607","1632"
"16.06.2018 04:00 - 16.06.2018 05:00","1574","1607"
"16.06.2018 05:00 - 16.06.2018 06:00","1614","1626"
"16.06.2018 06:00 - 16.06.2018 07:00","1714","1722"
"16.06.2018 07:00 - 16.06.2018 08:00","1882","1883"
"16.06.2018 08:00 - 16.06.2018 09:00","2059","2048"
"16.06.2018 09:00 - 16.06.2018 10:00","2151","2131"
"16.06.2018 10:00 - 16.06.2018 11:00","2190","2201"
"16.06.2018 11:00 - 16.06.2018 12:00","2183","2200"
"16.06.2018 12:00 - 16.06.2018 13:00","2162","2162"
"16.06.2018 13:00 - 16.06.2018 14:00","2139","2149"
"16.06.2018 14:00 - 16.06.2018 15:00","2124","2122"
"16.06.2018 15:00 - 16.06.2018 16:00","2096","2089"
"16.06.2018 16:00 - 16.06.2018 17:00","2090","2127"
"16.06.2018 17:00 - 16.06.2018 18:00","2239","2265"
"16.06.2018 18:00 - 16.06.2018 19:00","2232","2210"
"16.06.2018 19:00 - 16.06.2018 20:00","2063","2050"
"16.06.2018 20:00 - 16.06.2018 21:00","1959","1966"
"16.06.2018 21:00 - 16.06.2018 22:00","1895","1885"
"16.06.2018 22:00 - 16.06.2018 23:00","1843","1825"
"16.06.2018 23:00 - 17.06.2018 00:00","1770","1732"
"17.06.2018 00:00 - 17.06.2018 01:00","1627","1630"
"17.06.2018 01:00 - 17.06.2018 02:00","1564","1576"
"17.06.2018 02:00 - 17.06.2018 03:00","1551","1542"
"17.06.2018 03:00 - 17.06.2018 04:00","1519","1511"
"17.06.2018 04:00 - 17.06.2018 05:00","1494","1488"
"17.06.2018 05:00 - 17.06.2018 06:00","1492","1499"
"17.06.2018 06:00 - 17.06.2018 07:00","1567","1558"
"17.06.2018 07:00 - 17.06.2018 08:00","1698","1700"
"17.06.2018 08:00 - 17.06.2018 09:00","1906","1919"
"17.06.2018 09:00 - 17.06.2018 10:00","2036","2040"
"17.06.2018 10:00 - 17.06.2018 11:00","2101","2094"
"17.06.2018 11:00 - 17.06.2018 12:00","2052","2056"
"17.06.2018 12:00 - 17.06.2018 13:00","2123","2158"
"17.06.2018 13:00 - 17.06.2018 14:00","2112","2130"
"17.06.2018 14:00 - 17.06.2018 15:00","2145","2161"
"17.06.2018 15:00 - 17.06.2018 16:00","2118","2095"
"17.06.2018 16:00 - 17.06.2018 17:00","2112","2121"
"17.06.2018 17:00 - 17.06.2018 18:00","2259","2284"
"17.06.2018 18:00 - 17.06.2018 19:00","2244","2246"
"17.06.2018 19:00 - 17.06.2018 20:00","2135","2125"
"17.06.2018 20:00 - 17.06.2018 21:00","2031","2012"
"17.06.2018 21:00 - 17.06.2018 22:00","1960","1901"
"17.06.2018 22:00 - 17.06.2018 23:00","1936","1854"
"17.06.2018 23:00 - 18.06.2018 00:00","1902","1772"
"18.06.2018 00:00 - 18.06.2018 01:00","1691","1684"
"18.06.2018 01:00 - 18.06.2018 02:00","1648","1634"
"18.06.2018 02:00 - 18.06.2018 03:00","1642","1625"
"18.06.2018 03:00 - 18.06.2018 04:00","1667","1658"
"18.06.2018 04:00 - 18.06.2018 05:00","1666","1653"
"18.06.2018 05:00 - 18.06.2018 06:00","1761","1772"
"18.06.2018 06:00 - 18.06.2018 07:00","2128","2112"
"18.06.2018 07:00 - 18.06.2018 08:00","2427","2389"
"18.06.2018 08:00 - 18.06.2018 09:00","2586","2601"
"18.06.2018 09:00 - 18.06.2018 10:00","2661","2647"
"18.06.2018 10:00 - 18.06.2018 11:00","2725","2738"
"18.06.2018 11:00 - 18.06.2018 12:00","2761","2766"
"18.06.2018 12:00 - 18.06.2018 13:00","2730","2750"
"18.06.2018 13:00 - 18.06.2018 14:00","2743","2728"
"18.06.2018 14:00 - 18.06.2018 15:00","2699","2714"
"18.06.2018 15:00 - 18.06.2018 16:00","2629","2655"
"18.06.2018 16:00 - 18.06.2018 17:00","2625","2655"
"18.06.2018 17:00 - 18.06.2018 18:00","2749","2755"
"18.06.2018 18:00 - 18.06.2018 19:00","2615","2612"
"18.06.2018 19:00 - 18.06.2018 20:00","2455","2466"
"18.06.2018 20:00 - 18.06.2018 21:00","2322","2321"
"18.06.2018 21:00 - 18.06.2018 22:00","2198","2173"
"18.06.2018 22:00 - 18.06.2018 23:00","2087","2080"
"18.06.2018 23:00 - 19.06.2018 00:00","1955","1968"
"19.06.2018 00:00 - 19.06.2018 01:00","1844","1845"
"19.06.2018 01:00 - 19.06.2018 02:00","1761","1768"
"19.06.2018 02:00 - 19.06.2018 03:00","1731","1740"
"19.06.2018 03:00 - 19.06.2018 04:00","1747","1763"
"19.06.2018 04:00 - 19.06.2018 05:00","1792","1789"
"19.06.2018 05:00 - 19.06.2018 06:00","1883","1869"
"19.06.2018 06:00 - 19.06.2018 07:00","2174","2177"
"19.06.2018 07:00 - 19.06.2018 08:00","2519","2526"
"19.06.2018 08:00 - 19.06.2018 09:00","2697","2713"
"19.06.2018 09:00 - 19.06.2018 10:00","2791","2789"
"19.06.2018 10:00 - 19.06.2018 11:00","2834","2833"
"19.06.2018 11:00 - 19.06.2018 12:00","2845","2853"
"19.06.2018 12:00 - 19.06.2018 13:00","2794","2786"
"19.06.2018 13:00 - 19.06.2018 14:00","2772","2763"
"19.06.2018 14:00 - 19.06.2018 15:00","2697","2697"
"19.06.2018 15:00 - 19.06.2018 16:00","2587","2594"
"19.06.2018 16:00 - 19.06.2018 17:00","2548","2550"
"19.06.2018 17:00 - 19.06.2018 18:00","2639","2657"
"19.06.2018 18:00 - 19.06.2018 19:00","2533","2552"
"19.06.2018 19:00 - 19.06.2018 20:00","2425","2435"
"19.06.2018 20:00 - 19.06.2018 21:00","2336","2290"
"19.06.2018 21:00 - 19.06.2018 22:00","2236","2159"
"19.06.2018 22:00 - 19.06.2018 23:00","2154","2077"
"19.06.2018 23:00 - 20.06.2018 00:00","2052","1946"
"20.06.2018 00:00 - 20.06.2018 01:00","1856","1823"
"20.06.2018 01:00 - 20.06.2018 02:00","1768","1752"
"20.06.2018 02:00 - 20.06.2018 03:00","1727","1712"
"20.06.2018 03:00 - 20.06.2018 04:00","1732","1734"
"20.06.2018 04:00 - 20.06.2018 05:00","1755","1750"
"20.06.2018 05:00 - 20.06.2018 06:00","1872","1868"
"20.06.2018 06:00 - 20.06.2018 07:00","2157","2146"
"20.06.2018 07:00 - 20.06.2018 08:00","2531","2530"
"20.06.2018 08:00 - 20.06.2018 09:00","2692","2703"
"20.06.2018 09:00 - 20.06.2018 10:00","2762","2795"
"20.06.2018 10:00 - 20.06.2018 11:00","2860","2878"
"20.06.2018 11:00 - 20.06.2018 12:00","2930","2951"
"20.06.2018 12:00 - 20.06.2018 13:00","2872","2871"
"20.06.2018 13:00 - 20.06.2018 14:00","2885","2895"
"20.06.2018 14:00 - 20.06.2018 15:00","2808","2841"
"20.06.2018 15:00 - 20.06.2018 16:00","2747","2771"
"20.06.2018 16:00 - 20.06.2018 17:00","2706","2721"
"20.06.2018 17:00 - 20.06.2018 18:00","2840","2880"
"20.06.2018 18:00 - 20.06.2018 19:00","2759","2779"
"20.06.2018 19:00 - 20.06.2018 20:00","2623","2623"
"20.06.2018 20:00 - 20.06.2018 21:00","2433","2434"
"20.06.2018 21:00 - 20.06.2018 22:00","2300","2346"
"20.06.2018 22:00 - 20.06.2018 23:00","2220","2240"
"20.06.2018 23:00 - 21.06.2018 00:00","2121","2090"
"21.06.2018 00:00 - 21.06.2018 01:00","1981","1973"
"21.06.2018 01:00 - 21.06.2018 02:00","1896","1833"
"21.06.2018 02:00 - 21.06.2018 03:00","1785","1728"
"21.06.2018 03:00 - 21.06.2018 04:00","1750","1742"
"21.06.2018 04:00 - 21.06.2018 05:00","1769","1766"
"21.06.2018 05:00 - 21.06.2018 06:00","1871","1853"
"21.06.2018 06:00 - 21.06.2018 07:00","2162","2163"
"21.06.2018 07:00 - 21.06.2018 08:00","2508","2515"
"21.06.2018 08:00 - 21.06.2018 09:00","2648","2636"
"21.06.2018 09:00 - 21.06.2018 10:00","2641","2633"
"21.06.2018 10:00 - 21.06.2018 11:00","2716","2709"
"21.06.2018 11:00 - 21.06.2018 12:00","2739","2719"
"21.06.2018 12:00 - 21.06.2018 13:00","2688","2667"
"21.06.2018 13:00 - 21.06.2018 14:00","2703","2696"
"21.06.2018 14:00 - 21.06.2018 15:00","2679","2692"
"21.06.2018 15:00 - 21.06.2018 16:00","2687","2648"
"21.06.2018 16:00 - 21.06.2018 17:00","2625","2626"
"21.06.2018 17:00 - 21.06.2018 18:00","2687","2702"
"21.06.2018 18:00 - 21.06.2018 19:00","2660","2655"
"21.06.2018 19:00 - 21.06.2018 20:00","2439","2495"
"21.06.2018 20:00 - 21.06.2018 21:00","2413","2390"
"21.06.2018 21:00 - 21.06.2018 22:00","2289","2209"
"21.06.2018 22:00 - 21.06.2018 23:00","2225","2078"
"21.06.2018 23:00 - 22.06.2018 00:00","2101","1977"
"22.06.2018 00:00 - 22.06.2018 01:00","1872","1882"
"22.06.2018 01:00 - 22.06.2018 02:00","1804","1819"
"22.06.2018 02:00 - 22.06.2018 03:00","1781","1786"
"22.06.2018 03:00 - 22.06.2018 04:00","1794","1815"
"22.06.2018 04:00 - 22.06.2018 05:00","1826","1819"
"22.06.2018 05:00 - 22.06.2018 06:00","1901","1877"
"22.06.2018 06:00 - 22.06.2018 07:00","2186","2208"
"22.06.2018 07:00 - 22.06.2018 08:00","2529","2545"
"22.06.2018 08:00 - 22.06.2018 09:00","2699","2756"
"22.06.2018 09:00 - 22.06.2018 10:00","2771","2765"
"22.06.2018 10:00 - 22.06.2018 11:00","2837","2833"
"22.06.2018 11:00 - 22.06.2018 12:00","2810","2830"
"22.06.2018 12:00 - 22.06.2018 13:00","2741","2714"
"22.06.2018 13:00 - 22.06.2018 14:00","2604","2625"
"22.06.2018 14:00 - 22.06.2018 15:00","2489","2522"
"22.06.2018 15:00 - 22.06.2018 16:00","2448","2478"
"22.06.2018 16:00 - 22.06.2018 17:00","2492","2528"
"22.06.2018 17:00 - 22.06.2018 18:00","2565","2569"
"22.06.2018 18:00 - 22.06.2018 19:00","2486","2546"
"22.06.2018 19:00 - 22.06.2018 20:00","2365","2417"
"22.06.2018 20:00 - 22.06.2018 21:00","2245","2274"
"22.06.2018 21:00 - 22.06.2018 22:00","2111","2147"
"22.06.2018 22:00 - 22.06.2018 23:00","1973","2113"
"22.06.2018 23:00 - 23.06.2018 00:00","1850","2026"
"23.06.2018 00:00 - 23.06.2018 01:00","1880","1892"
"23.06.2018 01:00 - 23.06.2018 02:00","1795","1801"
"23.06.2018 02:00 - 23.06.2018 03:00","1731","1740"
"23.06.2018 03:00 - 23.06.2018 04:00","1703","1724"
"23.06.2018 04:00 - 23.06.2018 05:00","1695","1711"
"23.06.2018 05:00 - 23.06.2018 06:00","1717","1701"
"23.06.2018 06:00 - 23.06.2018 07:00","1788","1762"
"23.06.2018 07:00 - 23.06.2018 08:00","1928","1947"
"23.06.2018 08:00 - 23.06.2018 09:00","2140","2150"
"23.06.2018 09:00 - 23.06.2018 10:00","2258","2244"
"23.06.2018 10:00 - 23.06.2018 11:00","2311","2315"
"23.06.2018 11:00 - 23.06.2018 12:00","2289","2283"
"23.06.2018 12:00 - 23.06.2018 13:00","2257","2290"
"23.06.2018 13:00 - 23.06.2018 14:00","2242","2223"
"23.06.2018 14:00 - 23.06.2018 15:00","2154","2186"
"23.06.2018 15:00 - 23.06.2018 16:00","2172","2190"
"23.06.2018 16:00 - 23.06.2018 17:00","2204","2218"
"23.06.2018 17:00 - 23.06.2018 18:00","2334","2325"
"23.06.2018 18:00 - 23.06.2018 19:00","2237","2219"
"23.06.2018 19:00 - 23.06.2018 20:00","2082","2100"
"23.06.2018 20:00 - 23.06.2018 21:00","2022","2015"
"23.06.2018 21:00 - 23.06.2018 22:00","1943","1954"
"23.06.2018 22:00 - 23.06.2018 23:00","1881","1942"
"23.06.2018 23:00 - 24.06.2018 00:00","1791","1854"
"24.06.2018 00:00 - 24.06.2018 01:00","1762","1761"
"24.06.2018 01:00 - 24.06.2018 02:00","1688","1704"
"24.06.2018 02:00 - 24.06.2018 03:00","1653","1653"
"24.06.2018 03:00 - 24.06.2018 04:00","1606","1603"
"24.06.2018 04:00 - 24.06.2018 05:00","1576","1582"
"24.06.2018 05:00 - 24.06.2018 06:00","1570","1558"
"24.06.2018 06:00 - 24.06.2018 07:00","1613","1599"
"24.06.2018 07:00 - 24.06.2018 08:00","1715","1706"
"24.06.2018 08:00 - 24.06.2018 09:00","1874","1868"
"24.06.2018 09:00 - 24.06.2018 10:00","2001","2005"
"24.06.2018 10:00 - 24.06.2018 11:00","2089","2082"
"24.06.2018 11:00 - 24.06.2018 12:00","2121","2105"
"24.06.2018 12:00 - 24.06.2018 13:00","2092","2060"
"24.06.2018 13:00 - 24.06.2018 14:00","2054","2045"
"24.06.2018 14:00 - 24.06.2018 15:00","1998","2029"
"24.06.2018 15:00 - 24.06.2018 16:00","2001","2038"
"24.06.2018 16:00 - 24.06.2018 17:00","2063","2077"
"24.06.2018 17:00 - 24.06.2018 18:00","2224","2231"
"24.06.2018 18:00 - 24.06.2018 19:00","2243","2274"
"24.06.2018 19:00 - 24.06.2018 20:00","2151","2166"
"24.06.2018 20:00 - 24.06.2018 21:00","2083","2094"
"24.06.2018 21:00 - 24.06.2018 22:00","2022","1983"
"24.06.2018 22:00 - 24.06.2018 23:00","1952","1914"
"24.06.2018 23:00 - 25.06.2018 00:00","1884","1824"
"25.06.2018 00:00 - 25.06.2018 01:00","1797","1765"
"25.06.2018 01:00 - 25.06.2018 02:00","1738","1742"
"25.06.2018 02:00 - 25.06.2018 03:00","1734","1725"
"25.06.2018 03:00 - 25.06.2018 04:00","1769","1749"
"25.06.2018 04:00 - 25.06.2018 05:00","1755","1733"
"25.06.2018 05:00 - 25.06.2018 06:00","1848","1842"
"25.06.2018 06:00 - 25.06.2018 07:00","2176","2154"
"25.06.2018 07:00 - 25.06.2018 08:00","2544","2535"
"25.06.2018 08:00 - 25.06.2018 09:00","2695","2691"
"25.06.2018 09:00 - 25.06.2018 10:00","2771","2771"
"25.06.2018 10:00 - 25.06.2018 11:00","2832","2813"
"25.06.2018 11:00 - 25.06.2018 12:00","2833","2812"
"25.06.2018 12:00 - 25.06.2018 13:00","2720","2749"
"25.06.2018 13:00 - 25.06.2018 14:00","2802","2811"
"25.06.2018 14:00 - 25.06.2018 15:00","2750","2757"
"25.06.2018 15:00 - 25.06.2018 16:00","2642","2655"
"25.06.2018 16:00 - 25.06.2018 17:00","2603","2617"
"25.06.2018 17:00 - 25.06.2018 18:00","2723","2721"
"25.06.2018 18:00 - 25.06.2018 19:00","2644","2648"
"25.06.2018 19:00 - 25.06.2018 20:00","2490","2536"
"25.06.2018 20:00 - 25.06.2018 21:00","2377","2398"
"25.06.2018 21:00 - 25.06.2018 22:00","2248","2271"
"25.06.2018 22:00 - 25.06.2018 23:00","2115","2223"
"25.06.2018 23:00 - 26.06.2018 00:00","1966","2075"
"26.06.2018 00:00 - 26.06.2018 01:00","1948","1935"
"26.06.2018 01:00 - 26.06.2018 02:00","1846","1851"
"26.06.2018 02:00 - 26.06.2018 03:00","1819","1820"
"26.06.2018 03:00 - 26.06.2018 04:00","1808","1792"
"26.06.2018 04:00 - 26.06.2018 05:00","1804","1815"
"26.06.2018 05:00 - 26.06.2018 06:00","1926","1931"
"26.06.2018 06:00 - 26.06.2018 07:00","2230","2241"
"26.06.2018 07:00 - 26.06.2018 08:00","2529","2505"
"26.06.2018 08:00 - 26.06.2018 09:00","2660","2649"
"26.06.2018 09:00 - 26.06.2018 10:00","2683","2675"
"26.06.2018 10:00 - 26.06.2018 11:00","2756","2753"
"26.06.2018 11:00 - 26.06.2018 12:00","2779","2789"
"26.06.2018 12:00 - 26.06.2018 13:00","2761","2787"
"26.06.2018 13:00 - 26.06.2018 14:00","2796","2802"
"26.06.2018 14:00 - 26.06.2018 15:00","2732","2753"
"26.06.2018 15:00 - 26.06.2018 16:00","2630","2666"
"26.06.2018 16:00 - 26.06.2018 17:00","2610","2643"
"26.06.2018 17:00 - 26.06.2018 18:00","2699","2690"
"26.06.2018 18:00 - 26.06.2018 19:00","2648","2667"
"26.06.2018 19:00 - 26.06.2018 20:00","2560","2540"
"26.06.2018 20:00 - 26.06.2018 21:00","2435","2445"
"26.06.2018 21:00 - 26.06.2018 22:00","2357","2343"
"26.06.2018 22:00 - 26.06.2018 23:00","2281","2258"
"26.06.2018 23:00 - 27.06.2018 00:00","2157","2123"
"27.06.2018 00:00 - 27.06.2018 01:00","1997","2006"
"27.06.2018 01:00 - 27.06.2018 02:00","1910","1936"
"27.06.2018 02:00 - 27.06.2018 03:00","1898","1895"
"27.06.2018 03:00 - 27.06.2018 04:00","1898","1891"
"27.06.2018 04:00 - 27.06.2018 05:00","1887","1878"
"27.06.2018 05:00 - 27.06.2018 06:00","1985","1963"
"27.06.2018 06:00 - 27.06.2018 07:00","2237","2255"
"27.06.2018 07:00 - 27.06.2018 08:00","2574","2601"
"27.06.2018 08:00 - 27.06.2018 09:00","2749","2742"
"27.06.2018 09:00 - 27.06.2018 10:00","2787","2790"
"27.06.2018 10:00 - 27.06.2018 11:00","2859","2861"
"27.06.2018 11:00 - 27.06.2018 12:00","2859","2867"
"27.06.2018 12:00 - 27.06.2018 13:00","2815","2813"
"27.06.2018 13:00 - 27.06.2018 14:00","2820","2821"
"27.06.2018 14:00 - 27.06.2018 15:00","2750","2762"
"27.06.2018 15:00 - 27.06.2018 16:00","2647","2681"
"27.06.2018 16:00 - 27.06.2018 17:00","2624","2646"
"27.06.2018 17:00 - 27.06.2018 18:00","2722","2714"
"27.06.2018 18:00 - 27.06.2018 19:00","2627","2635"
"27.06.2018 19:00 - 27.06.2018 20:00","2513","2528"
"27.06.2018 20:00 - 27.06.2018 21:00","2462","2441"
"27.06.2018 21:00 - 27.06.2018 22:00","2371","2326"
"27.06.2018 22:00 - 27.06.2018 23:00","2264","2240"
"27.06.2018 23:00 - 28.06.2018 00:00","2150","2141"
"28.06.2018 00:00 - 28.06.2018 01:00","1988","1999"
"28.06.2018 01:00 - 28.06.2018 02:00","1905","1925"
"28.06.2018 02:00 - 28.06.2018 03:00","1876","1868"
"28.06.2018 03:00 - 28.06.2018 04:00","1872","1873"
"28.06.2018 04:00 - 28.06.2018 05:00","1877","1865"
"28.06.2018 05:00 - 28.06.2018 06:00","1981","1973"
"28.06.2018 06:00 - 28.06.2018 07:00","2246","2270"
"28.06.2018 07:00 - 28.06.2018 08:00","2594","2639"
"28.06.2018 08:00 - 28.06.2018 09:00","2798","2799"
"28.06.2018 09:00 - 28.06.2018 10:00","2818","2822"
"28.06.2018 10:00 - 28.06.2018 11:00","2888","2891"
"28.06.2018 11:00 - 28.06.2018 12:00","2885","2885"
"28.06.2018 12:00 - 28.06.2018 13:00","2805","2770"
"28.06.2018 13:00 - 28.06.2018 14:00","2790","2741"
"28.06.2018 14:00 - 28.06.2018 15:00","2653","2659"
"28.06.2018 15:00 - 28.06.2018 16:00","2575","2628"
"28.06.2018 16:00 - 28.06.2018 17:00","2571","2624"
"28.06.2018 17:00 - 28.06.2018 18:00","2688","2700"
"28.06.2018 18:00 - 28.06.2018 19:00","2619","2656"
"28.06.2018 19:00 - 28.06.2018 20:00","2562","2558"
"28.06.2018 20:00 - 28.06.2018 21:00","2466","2438"
"28.06.2018 21:00 - 28.06.2018 22:00","2396","2314"
"28.06.2018 22:00 - 28.06.2018 23:00","2355","2209"
"28.06.2018 23:00 - 29.06.2018 00:00","2252","2115"
"29.06.2018 00:00 - 29.06.2018 01:00","1980","1985"
"29.06.2018 01:00 - 29.06.2018 02:00","1891","1920"
"29.06.2018 02:00 - 29.06.2018 03:00","1879","1871"
"29.06.2018 03:00 - 29.06.2018 04:00","1870","1885"
"29.06.2018 04:00 - 29.06.2018 05:00","1843","1865"
"29.06.2018 05:00 - 29.06.2018 06:00","1965","1962"
"29.06.2018 06:00 - 29.06.2018 07:00","2236","2248"
"29.06.2018 07:00 - 29.06.2018 08:00","2526","2551"
"29.06.2018 08:00 - 29.06.2018 09:00","2703","2698"
"29.06.2018 09:00 - 29.06.2018 10:00","2733","2744"
"29.06.2018 10:00 - 29.06.2018 11:00","2820","2799"
"29.06.2018 11:00 - 29.06.2018 12:00","2756","2741"
"29.06.2018 12:00 - 29.06.2018 13:00","2617","2626"
"29.06.2018 13:00 - 29.06.2018 14:00","2557","2558"
"29.06.2018 14:00 - 29.06.2018 15:00","2439","2440"
"29.06.2018 15:00 - 29.06.2018 16:00","2339","2356"
"29.06.2018 16:00 - 29.06.2018 17:00","2351","2370"
"29.06.2018 17:00 - 29.06.2018 18:00","2449","2447"
"29.06.2018 18:00 - 29.06.2018 19:00","2395","2400"
"29.06.2018 19:00 - 29.06.2018 20:00","2286","2288"
"29.06.2018 20:00 - 29.06.2018 21:00","2200","2200"
"29.06.2018 21:00 - 29.06.2018 22:00","2113","2095"
"29.06.2018 22:00 - 29.06.2018 23:00","2047","2007"
"29.06.2018 23:00 - 30.06.2018 00:00","1928","1907"
"30.06.2018 00:00 - 30.06.2018 01:00","1774","1793"
"30.06.2018 01:00 - 30.06.2018 02:00","1689","1729"
"30.06.2018 02:00 - 30.06.2018 03:00","1663","1717"
"30.06.2018 03:00 - 30.06.2018 04:00","1647","1707"
"30.06.2018 04:00 - 30.06.2018 05:00","1656","1675"
"30.06.2018 05:00 - 30.06.2018 06:00","1660","1633"
"30.06.2018 06:00 - 30.06.2018 07:00","1725","1718"
"30.06.2018 07:00 - 30.06.2018 08:00","1885","1884"
"30.06.2018 08:00 - 30.06.2018 09:00","2060","2049"
"30.06.2018 09:00 - 30.06.2018 10:00","2171","2180"
"30.06.2018 10:00 - 30.06.2018 11:00","2265","2274"
"30.06.2018 11:00 - 30.06.2018 12:00","2240","2224"
"30.06.2018 12:00 - 30.06.2018 13:00","2165","2162"
"30.06.2018 13:00 - 30.06.2018 14:00","2128","2136"
"30.06.2018 14:00 - 30.06.2018 15:00","2104","2125"
"30.06.2018 15:00 - 30.06.2018 16:00","2105","2120"
"30.06.2018 16:00 - 30.06.2018 17:00","2139","2159"
"30.06.2018 17:00 - 30.06.2018 18:00","2207","2228"
"30.06.2018 18:00 - 30.06.2018 19:00","2189","2234"
"30.06.2018 19:00 - 30.06.2018 20:00","2112","2129"
"30.06.2018 20:00 - 30.06.2018 21:00","2029","2087"
"30.06.2018 21:00 - 30.06.2018 22:00","1993","1986"
"30.06.2018 22:00 - 30.06.2018 23:00","1899","1929"
"30.06.2018 23:00 - 01.07.2018 00:00","1774","1882"
"01.07.2018 00:00 - 01.07.2018 01:00","1774","1769"
"01.07.2018 01:00 - 01.07.2018 02:00","1691","1689"
"01.07.2018 02:00 - 01.07.2018 03:00","1649","1650"
"01.07.2018 03:00 - 01.07.2018 04:00","1632","1630"
"01.07.2018 04:00 - 01.07.2018 05:00","1595","1579"
"01.07.2018 05:00 - 01.07.2018 06:00","1576","1565"
"01.07.2018 06:00 - 01.07.2018 07:00","1628","1617"
"01.07.2018 07:00 - 01.07.2018 08:00","1759","1759"
"01.07.2018 08:00 - 01.07.2018 09:00","1935","1920"
"01.07.2018 09:00 - 01.07.2018 10:00","2043","2032"
"01.07.2018 10:00 - 01.07.2018 11:00","2120","2095"
"01.07.2018 11:00 - 01.07.2018 12:00","2111","2095"
"01.07.2018 12:00 - 01.07.2018 13:00","2080","2094"
"01.07.2018 13:00 - 01.07.2018 14:00","2070","2088"
"01.07.2018 14:00 - 01.07.2018 15:00","2052","2064"
"01.07.2018 15:00 - 01.07.2018 16:00","2043","2050"
"01.07.2018 16:00 - 01.07.2018 17:00","2081","2090"
"01.07.2018 17:00 - 01.07.2018 18:00","2234","2230"
"01.07.2018 18:00 - 01.07.2018 19:00","2230","2245"
"01.07.2018 19:00 - 01.07.2018 20:00","2169","2208"
"01.07.2018 20:00 - 01.07.2018 21:00","2069","2096"
"01.07.2018 21:00 - 01.07.2018 22:00","1998","2021"
"01.07.2018 22:00 - 01.07.2018 23:00","1942","2001"
"01.07.2018 23:00 - 02.07.2018 00:00","1883","1999"
"02.07.2018 00:00 - 02.07.2018 01:00","1892","1873"
"02.07.2018 01:00 - 02.07.2018 02:00","1804","1788"
"02.07.2018 02:00 - 02.07.2018 03:00","1784","1750"
"02.07.2018 03:00 - 02.07.2018 04:00","1784","1742"
"02.07.2018 04:00 - 02.07.2018 05:00","1765","1739"
"02.07.2018 05:00 - 02.07.2018 06:00","1849","1837"
"02.07.2018 06:00 - 02.07.2018 07:00","2165","2136"
"02.07.2018 07:00 - 02.07.2018 08:00","2523","2487"
"02.07.2018 08:00 - 02.07.2018 09:00","2704","2683"
"02.07.2018 09:00 - 02.07.2018 10:00","2746","2723"
"02.07.2018 10:00 - 02.07.2018 11:00","2803","2821"
"02.07.2018 11:00 - 02.07.2018 12:00","2837","2825"
"02.07.2018 12:00 - 02.07.2018 13:00","2777","2780"
"02.07.2018 13:00 - 02.07.2018 14:00","2788","2779"
"02.07.2018 14:00 - 02.07.2018 15:00","2715","2709"
"02.07.2018 15:00 - 02.07.2018 16:00","2603","2616"
"02.07.2018 16:00 - 02.07.2018 17:00","2574","2623"
"02.07.2018 17:00 - 02.07.2018 18:00","2720","2744"
"02.07.2018 18:00 - 02.07.2018 19:00","2666","2684"
"02.07.2018 19:00 - 02.07.2018 20:00","2513","2583"
"02.07.2018 20:00 - 02.07.2018 21:00","2444","2486"
"02.07.2018 21:00 - 02.07.2018 22:00","2328","2293"
"02.07.2018 22:00 - 02.07.2018 23:00","2193","2223"
"02.07.2018 23:00 - 03.07.2018 00:00","2026","2115"
"03.07.2018 00:00 - 03.07.2018 01:00","1985","1977"
"03.07.2018 01:00 - 03.07.2018 02:00","1887","1895"
"03.07.2018 02:00 - 03.07.2018 03:00","1835","1854"
"03.07.2018 03:00 - 03.07.2018 04:00","1853","1846"
"03.07.2018 04:00 - 03.07.2018 05:00","1844","1839"
"03.07.2018 05:00 - 03.07.2018 06:00","1932","1934"
"03.07.2018 06:00 - 03.07.2018 07:00","2179","2214"
"03.07.2018 07:00 - 03.07.2018 08:00","2480","2544"
"03.07.2018 08:00 - 03.07.2018 09:00","2723","2698"
"03.07.2018 09:00 - 03.07.2018 10:00","2753","2752"
"03.07.2018 10:00 - 03.07.2018 11:00","2846","2833"
"03.07.2018 11:00 - 03.07.2018 12:00","2840","2839"
"03.07.2018 12:00 - 03.07.2018 13:00","2762","2778"
"03.07.2018 13:00 - 03.07.2018 14:00","2769","2819"
"03.07.2018 14:00 - 03.07.2018 15:00","2767","2778"
"03.07.2018 15:00 - 03.07.2018 16:00","2671","2689"
"03.07.2018 16:00 - 03.07.2018 17:00","2629","2653"
"03.07.2018 17:00 - 03.07.2018 18:00","2718","2725"
"03.07.2018 18:00 - 03.07.2018 19:00","2634","2644"
"03.07.2018 19:00 - 03.07.2018 20:00","2524","2537"
"03.07.2018 20:00 - 03.07.2018 21:00","2422","2412"
"03.07.2018 21:00 - 03.07.2018 22:00","2333","2245"
"03.07.2018 22:00 - 03.07.2018 23:00","2264","2170"
"03.07.2018 23:00 - 04.07.2018 00:00","2167","2087"
"04.07.2018 00:00 - 04.07.2018 01:00","1959","1942"
"04.07.2018 01:00 - 04.07.2018 02:00","1859","1865"
"04.07.2018 02:00 - 04.07.2018 03:00","1833","1847"
"04.07.2018 03:00 - 04.07.2018 04:00","1847","1838"
"04.07.2018 04:00 - 04.07.2018 05:00","1832","1830"
"04.07.2018 05:00 - 04.07.2018 06:00","1917","1906"
"04.07.2018 06:00 - 04.07.2018 07:00","2166","2195"
"04.07.2018 07:00 - 04.07.2018 08:00","2499","2523"
"04.07.2018 08:00 - 04.07.2018 09:00","2682","2673"
"04.07.2018 09:00 - 04.07.2018 10:00","2744","2727"
"04.07.2018 10:00 - 04.07.2018 11:00","2821","2811"
"04.07.2018 11:00 - 04.07.2018 12:00","2810","2823"
"04.07.2018 12:00 - 04.07.2018 13:00","2761","2771"
"04.07.2018 13:00 - 04.07.2018 14:00","2732","2790"
"04.07.2018 14:00 - 04.07.2018 15:00","2708","2736"
"04.07.2018 15:00 - 04.07.2018 16:00","2597","2627"
"04.07.2018 16:00 - 04.07.2018 17:00","2565","2585"
"04.07.2018 17:00 - 04.07.2018 18:00","2670","2683"
"04.07.2018 18:00 - 04.07.2018 19:00","2581","2579"
"04.07.2018 19:00 - 04.07.2018 20:00","2487","2500"
"04.07.2018 20:00 - 04.07.2018 21:00","2403","2399"
"04.07.2018 21:00 - 04.07.2018 22:00","2334","2282"
"04.07.2018 22:00 - 04.07.2018 23:00","2266","2230"
"04.07.2018 23:00 - 05.07.2018 00:00","2142","2081"
"05.07.2018 00:00 - 05.07.2018 01:00","1957","1937"
"05.07.2018 01:00 - 05.07.2018 02:00","1853","1862"
"05.07.2018 02:00 - 05.07.2018 03:00","1811","1829"
"05.07.2018 03:00 - 05.07.2018 04:00","1820","1834"
"05.07.2018 04:00 - 05.07.2018 05:00","1853","1848"
"05.07.2018 05:00 - 05.07.2018 06:00","1950","1934"
"05.07.2018 06:00 - 05.07.2018 07:00","2201","2209"
"05.07.2018 07:00 - 05.07.2018 08:00","2499","2511"
"05.07.2018 08:00 - 05.07.2018 09:00","2689","2677"
"05.07.2018 09:00 - 05.07.2018 10:00","2735","2740"
"05.07.2018 10:00 - 05.07.2018 11:00","2844","2848"
"05.07.2018 11:00 - 05.07.2018 12:00","2841","2855"
"05.07.2018 12:00 - 05.07.2018 13:00","2803","2803"
"05.07.2018 13:00 - 05.07.2018 14:00","2822","2824"
"05.07.2018 14:00 - 05.07.2018 15:00","2751","2749"
"05.07.2018 15:00 - 05.07.2018 16:00","2657","2670"
"05.07.2018 16:00 - 05.07.2018 17:00","2590","2578"
"05.07.2018 17:00 - 05.07.2018 18:00","2671","2694"
"05.07.2018 18:00 - 05.07.2018 19:00","2601","2630"
"05.07.2018 19:00 - 05.07.2018 20:00","2493","2492"
"05.07.2018 20:00 - 05.07.2018 21:00","2394","2367"
"05.07.2018 21:00 - 05.07.2018 22:00","2302","2261"
"05.07.2018 22:00 - 05.07.2018 23:00","2247","2189"
"05.07.2018 23:00 - 06.07.2018 00:00","2139","2039"
"06.07.2018 00:00 - 06.07.2018 01:00","1937","1948"
"06.07.2018 01:00 - 06.07.2018 02:00","1870","1919"
"06.07.2018 02:00 - 06.07.2018 03:00","1883","1945"
"06.07.2018 03:00 - 06.07.2018 04:00","1939","1949"
"06.07.2018 04:00 - 06.07.2018 05:00","1941","1971"
"06.07.2018 05:00 - 06.07.2018 06:00","2017","1978"
"06.07.2018 06:00 - 06.07.2018 07:00","2231","2194"
"06.07.2018 07:00 - 06.07.2018 08:00","2490","2542"
"06.07.2018 08:00 - 06.07.2018 09:00","2745","2744"
"06.07.2018 09:00 - 06.07.2018 10:00","2766","2756"
"06.07.2018 10:00 - 06.07.2018 11:00","2828","2828"
"06.07.2018 11:00 - 06.07.2018 12:00","2804","2813"
"06.07.2018 12:00 - 06.07.2018 13:00","2701","2701"
"06.07.2018 13:00 - 06.07.2018 14:00","2613","2608"
"06.07.2018 14:00 - 06.07.2018 15:00","2490","2503"
"06.07.2018 15:00 - 06.07.2018 16:00","2407","2439"
"06.07.2018 16:00 - 06.07.2018 17:00","2422","2429"
"06.07.2018 17:00 - 06.07.2018 18:00","2499","2489"
"06.07.2018 18:00 - 06.07.2018 19:00","2411","2429"
"06.07.2018 19:00 - 06.07.2018 20:00","2288","2254"
"06.07.2018 20:00 - 06.07.2018 21:00","2136","2085"
"06.07.2018 21:00 - 06.07.2018 22:00","2048","2039"
"06.07.2018 22:00 - 06.07.2018 23:00","2006","1962"
"06.07.2018 23:00 - 07.07.2018 00:00","1922","1908"
"07.07.2018 00:00 - 07.07.2018 01:00","1772","1797"
"07.07.2018 01:00 - 07.07.2018 02:00","1667","1710"
"07.07.2018 02:00 - 07.07.2018 03:00","1625","1689"
"07.07.2018 03:00 - 07.07.2018 04:00","1634","1708"
"07.07.2018 04:00 - 07.07.2018 05:00","1643","1643"
"07.07.2018 05:00 - 07.07.2018 06:00","1633","1626"
"07.07.2018 06:00 - 07.07.2018 07:00","1714","1724"
"07.07.2018 07:00 - 07.07.2018 08:00","1899","1934"
"07.07.2018 08:00 - 07.07.2018 09:00","2098","2097"
"07.07.2018 09:00 - 07.07.2018 10:00","2189","2163"
"07.07.2018 10:00 - 07.07.2018 11:00","2231","2216"
"07.07.2018 11:00 - 07.07.2018 12:00","2215","2204"
"07.07.2018 12:00 - 07.07.2018 13:00","2164","2180"
"07.07.2018 13:00 - 07.07.2018 14:00","2158","2159"
"07.07.2018 14:00 - 07.07.2018 15:00","2112","2117"
"07.07.2018 15:00 - 07.07.2018 16:00","2073","2096"
"07.07.2018 16:00 - 07.07.2018 17:00","2093","2104"
"07.07.2018 17:00 - 07.07.2018 18:00","2169","2171"
"07.07.2018 18:00 - 07.07.2018 19:00","2130","2138"
"07.07.2018 19:00 - 07.07.2018 20:00","2036","2041"
"07.07.2018 20:00 - 07.07.2018 21:00","1947","1974"
"07.07.2018 21:00 - 07.07.2018 22:00","1867","1929"
"07.07.2018 22:00 - 07.07.2018 23:00","1816","1885"
"07.07.2018 23:00 - 08.07.2018 00:00","1745","1832"
"08.07.2018 00:00 - 08.07.2018 01:00","1722","1720"
"08.07.2018 01:00 - 08.07.2018 02:00","1638","1640"
"08.07.2018 02:00 - 08.07.2018 03:00","1605","1613"
"08.07.2018 03:00 - 08.07.2018 04:00","1592","1600"
"08.07.2018 04:00 - 08.07.2018 05:00","1579","1562"
"08.07.2018 05:00 - 08.07.2018 06:00","1572","1519"
"08.07.2018 06:00 - 08.07.2018 07:00","1598","1576"
"08.07.2018 07:00 - 08.07.2018 08:00","1715","1711"
"08.07.2018 08:00 - 08.07.2018 09:00","1890","1878"
"08.07.2018 09:00 - 08.07.2018 10:00","2005","1976"
"08.07.2018 10:00 - 08.07.2018 11:00","2041","2020"
"08.07.2018 11:00 - 08.07.2018 12:00","2050","2046"
"08.07.2018 12:00 - 08.07.2018 13:00","2032","2036"
"08.07.2018 13:00 - 08.07.2018 14:00","2020","2041"
"08.07.2018 14:00 - 08.07.2018 15:00","2015","2047"
"08.07.2018 15:00 - 08.07.2018 16:00","2033","2050"
"08.07.2018 16:00 - 08.07.2018 17:00","2076","2079"
"08.07.2018 17:00 - 08.07.2018 18:00","2199","2198"
"08.07.2018 18:00 - 08.07.2018 19:00","2231","2234"
"08.07.2018 19:00 - 08.07.2018 20:00","2111","2120"
"08.07.2018 20:00 - 08.07.2018 21:00","2053","2045"
"08.07.2018 21:00 - 08.07.2018 22:00","1959","1973"
"08.07.2018 22:00 - 08.07.2018 23:00","1914","1923"
"08.07.2018 23:00 - 09.07.2018 00:00","1835","1859"
"09.07.2018 00:00 - 09.07.2018 01:00","1769","1821"
"09.07.2018 01:00 - 09.07.2018 02:00","1737","1789"
"09.07.2018 02:00 - 09.07.2018 03:00","1742","1771"
"09.07.2018 03:00 - 09.07.2018 04:00","1737","1739"
"09.07.2018 04:00 - 09.07.2018 05:00","1777","1802"
"09.07.2018 05:00 - 09.07.2018 06:00","1887","1868"
"09.07.2018 06:00 - 09.07.2018 07:00","2098","2118"
"09.07.2018 07:00 - 09.07.2018 08:00","2381","2455"
"09.07.2018 08:00 - 09.07.2018 09:00","2579","2566"
"09.07.2018 09:00 - 09.07.2018 10:00","2651","2645"
"09.07.2018 10:00 - 09.07.2018 11:00","2723","2726"
"09.07.2018 11:00 - 09.07.2018 12:00","2725","2728"
"09.07.2018 12:00 - 09.07.2018 13:00","2687","2698"
"09.07.2018 13:00 - 09.07.2018 14:00","2737","2754"
"09.07.2018 14:00 - 09.07.2018 15:00","2702","2701"
"09.07.2018 15:00 - 09.07.2018 16:00","2576","2620"
"09.07.2018 16:00 - 09.07.2018 17:00","2533","2599"
"09.07.2018 17:00 - 09.07.2018 18:00","2678","2675"
"09.07.2018 18:00 - 09.07.2018 19:00","2616","2598"
"09.07.2018 19:00 - 09.07.2018 20:00","2502","2488"
"09.07.2018 20:00 - 09.07.2018 21:00","2400","2333"
"09.07.2018 21:00 - 09.07.2018 22:00","2328","2226"
"09.07.2018 22:00 - 09.07.2018 23:00","2325","2107"
"09.07.2018 23:00 - 10.07.2018 00:00","2240","1989"
"10.07.2018 00:00 - 10.07.2018 01:00","1871","1865"
"10.07.2018 01:00 - 10.07.2018 02:00","1772","1815"
"10.07.2018 02:00 - 10.07.2018 03:00","1749","1799"
"10.07.2018 03:00 - 10.07.2018 04:00","1796","1796"
"10.07.2018 04:00 - 10.07.2018 05:00","1833","1827"
"10.07.2018 05:00 - 10.07.2018 06:00","1901","1890"
"10.07.2018 06:00 - 10.07.2018 07:00","2124","2135"
"10.07.2018 07:00 - 10.07.2018 08:00","2399","2436"
"10.07.2018 08:00 - 10.07.2018 09:00","2606","2585"
"10.07.2018 09:00 - 10.07.2018 10:00","2678","2644"
"10.07.2018 10:00 - 10.07.2018 11:00","2718","2715"
"10.07.2018 11:00 - 10.07.2018 12:00","2709","2749"
"10.07.2018 12:00 - 10.07.2018 13:00","2701","2713"
"10.07.2018 13:00 - 10.07.2018 14:00","2730","2727"
"10.07.2018 14:00 - 10.07.2018 15:00","2670","2672"
"10.07.2018 15:00 - 10.07.2018 16:00","2558","2566"
"10.07.2018 16:00 - 10.07.2018 17:00","2503","2546"
"10.07.2018 17:00 - 10.07.2018 18:00","2639","2628"
"10.07.2018 18:00 - 10.07.2018 19:00","2563","2581"
"10.07.2018 19:00 - 10.07.2018 20:00","2467","2477"
"10.07.2018 20:00 - 10.07.2018 21:00","2371","2350"
"10.07.2018 21:00 - 10.07.2018 22:00","2299","2246"
"10.07.2018 22:00 - 10.07.2018 23:00","2257","2185"
"10.07.2018 23:00 - 11.07.2018 00:00","2163","2054"
"11.07.2018 00:00 - 11.07.2018 01:00","1947","1931"
"11.07.2018 01:00 - 11.07.2018 02:00","1842","1865"
"11.07.2018 02:00 - 11.07.2018 03:00","1819","1840"
"11.07.2018 03:00 - 11.07.2018 04:00","1853","1826"
"11.07.2018 04:00 - 11.07.2018 05:00","1874","1832"
"11.07.2018 05:00 - 11.07.2018 06:00","1928","1890"
"11.07.2018 06:00 - 11.07.2018 07:00","2113","2154"
"11.07.2018 07:00 - 11.07.2018 08:00","2410","2460"
"11.07.2018 08:00 - 11.07.2018 09:00","2602","2634"
"11.07.2018 09:00 - 11.07.2018 10:00","2687","2729"
"11.07.2018 10:00 - 11.07.2018 11:00","2807","2846"
"11.07.2018 11:00 - 11.07.2018 12:00","2829","2872"
"11.07.2018 12:00 - 11.07.2018 13:00","2787","2818"
"11.07.2018 13:00 - 11.07.2018 14:00","2787","2800"
"11.07.2018 14:00 - 11.07.2018 15:00","2744","2746"
"11.07.2018 15:00 - 11.07.2018 16:00","2606","2626"
"11.07.2018 16:00 - 11.07.2018 17:00","2553","2573"
"11.07.2018 17:00 - 11.07.2018 18:00","2648","2636"
"11.07.2018 18:00 - 11.07.2018 19:00","2574","2579"
"11.07.2018 19:00 - 11.07.2018 20:00","2470","2446"
"11.07.2018 20:00 - 11.07.2018 21:00","2375","2355"
"11.07.2018 21:00 - 11.07.2018 22:00","2320","2228"
"11.07.2018 22:00 - 11.07.2018 23:00","2295","2174"
"11.07.2018 23:00 - 12.07.2018 00:00","2215","2103"
"12.07.2018 00:00 - 12.07.2018 01:00","1993","1971"
"12.07.2018 01:00 - 12.07.2018 02:00","1889","1897"
"12.07.2018 02:00 - 12.07.2018 03:00","1840","1846"
"12.07.2018 03:00 - 12.07.2018 04:00","1840","1833"
"12.07.2018 04:00 - 12.07.2018 05:00","1847","1841"
"12.07.2018 05:00 - 12.07.2018 06:00","1903","1902"
"12.07.2018 06:00 - 12.07.2018 07:00","2132","2161"
"12.07.2018 07:00 - 12.07.2018 08:00","2406","2461"
"12.07.2018 08:00 - 12.07.2018 09:00","2612","2634"
"12.07.2018 09:00 - 12.07.2018 10:00","2704","2719"
"12.07.2018 10:00 - 12.07.2018 11:00","2786","2789"
"12.07.2018 11:00 - 12.07.2018 12:00","2774","2790"
"12.07.2018 12:00 - 12.07.2018 13:00","2713","2720"
"12.07.2018 13:00 - 12.07.2018 14:00","2732","2771"
"12.07.2018 14:00 - 12.07.2018 15:00","2702","2710"
"12.07.2018 15:00 - 12.07.2018 16:00","2633","2640"
"12.07.2018 16:00 - 12.07.2018 17:00","2551","2559"
"12.07.2018 17:00 - 12.07.2018 18:00","2631","2623"
"12.07.2018 18:00 - 12.07.2018 19:00","2574","2568"
"12.07.2018 19:00 - 12.07.2018 20:00","2463","2442"
"12.07.2018 20:00 - 12.07.2018 21:00","2374","2336"
"12.07.2018 21:00 - 12.07.2018 22:00","2296","2233"
"12.07.2018 22:00 - 12.07.2018 23:00","2298","2170"
"12.07.2018 23:00 - 13.07.2018 00:00","2228","2038"
"13.07.2018 00:00 - 13.07.2018 01:00","1928","1915"
"13.07.2018 01:00 - 13.07.2018 02:00","1813","1838"
"13.07.2018 02:00 - 13.07.2018 03:00","1774","1798"
"13.07.2018 03:00 - 13.07.2018 04:00","1767","1785"
"13.07.2018 04:00 - 13.07.2018 05:00","1788","1784"
"13.07.2018 05:00 - 13.07.2018 06:00","1863","1868"
"13.07.2018 06:00 - 13.07.2018 07:00","2067","2104"
"13.07.2018 07:00 - 13.07.2018 08:00","2306","2374"
"13.07.2018 08:00 - 13.07.2018 09:00","2534","2524"
"13.07.2018 09:00 - 13.07.2018 10:00","2592","2575"
"13.07.2018 10:00 - 13.07.2018 11:00","2636","2649"
"13.07.2018 11:00 - 13.07.2018 12:00","2622","2646"
"13.07.2018 12:00 - 13.07.2018 13:00","2536","2540"
"13.07.2018 13:00 - 13.07.2018 14:00","2465","2485"
"13.07.2018 14:00 - 13.07.2018 15:00","2386","2423"
"13.07.2018 15:00 - 13.07.2018 16:00","2332","2343"
"13.07.2018 16:00 - 13.07.2018 17:00","2309","2345"
"13.07.2018 17:00 - 13.07.2018 18:00","2403","2403"
"13.07.2018 18:00 - 13.07.2018 19:00","2330","2328"
"13.07.2018 19:00 - 13.07.2018 20:00","2199","2204"
"13.07.2018 20:00 - 13.07.2018 21:00","2119","2107"
"13.07.2018 21:00 - 13.07.2018 22:00","2037","1988"
"13.07.2018 22:00 - 13.07.2018 23:00","1956","1922"
"13.07.2018 23:00 - 14.07.2018 00:00","1823","1809"
"14.07.2018 00:00 - 14.07.2018 01:00","1688","1670"
"14.07.2018 01:00 - 14.07.2018 02:00","1571","1607"
"14.07.2018 02:00 - 14.07.2018 03:00","1541","1562"
"14.07.2018 03:00 - 14.07.2018 04:00","1532","1557"
"14.07.2018 04:00 - 14.07.2018 05:00","1528","1555"
"14.07.2018 05:00 - 14.07.2018 06:00","1531","1506"
"14.07.2018 06:00 - 14.07.2018 07:00","1592","1572"
"14.07.2018 07:00 - 14.07.2018 08:00","1726","1735"
"14.07.2018 08:00 - 14.07.2018 09:00","1912","1870"
"14.07.2018 09:00 - 14.07.2018 10:00","2009","2005"
"14.07.2018 10:00 - 14.07.2018 11:00","2044","2036"
"14.07.2018 11:00 - 14.07.2018 12:00","2016","2031"
"14.07.2018 12:00 - 14.07.2018 13:00","2003","1984"
"14.07.2018 13:00 - 14.07.2018 14:00","1967","1993"
"14.07.2018 14:00 - 14.07.2018 15:00","1958","1955"
"14.07.2018 15:00 - 14.07.2018 16:00","1945","1959"
"14.07.2018 16:00 - 14.07.2018 17:00","1998","2003"
"14.07.2018 17:00 - 14.07.2018 18:00","2106","2114"
"14.07.2018 18:00 - 14.07.2018 19:00","2113","2137"
"14.07.2018 19:00 - 14.07.2018 20:00","2030","2017"
"14.07.2018 20:00 - 14.07.2018 21:00","1897","1881"
"14.07.2018 21:00 - 14.07.2018 22:00","1789","1803"
"14.07.2018 22:00 - 14.07.2018 23:00","1752","1777"
"14.07.2018 23:00 - 15.07.2018 00:00","1683","1715"
"15.07.2018 00:00 - 15.07.2018 01:00","1629","1609"
"15.07.2018 01:00 - 15.07.2018 02:00","1523","1538"
"15.07.2018 02:00 - 15.07.2018 03:00","1491","1534"
"15.07.2018 03:00 - 15.07.2018 04:00","1523","1514"
"15.07.2018 04:00 - 15.07.2018 05:00","1513","1479"
"15.07.2018 05:00 - 15.07.2018 06:00","1466","1454"
"15.07.2018 06:00 - 15.07.2018 07:00","1520","1519"
"15.07.2018 07:00 - 15.07.2018 08:00","1636","1625"
"15.07.2018 08:00 - 15.07.2018 09:00","1787","1788"
"15.07.2018 09:00 - 15.07.2018 10:00","1900","1887"
"15.07.2018 10:00 - 15.07.2018 11:00","1964","1959"
"15.07.2018 11:00 - 15.07.2018 12:00","1979","1974"
"15.07.2018 12:00 - 15.07.2018 13:00","1972","1980"
"15.07.2018 13:00 - 15.07.2018 14:00","1954","1955"
"15.07.2018 14:00 - 15.07.2018 15:00","1939","1949"
"15.07.2018 15:00 - 15.07.2018 16:00","1938","1945"
"15.07.2018 16:00 - 15.07.2018 17:00","1976","1990"
"15.07.2018 17:00 - 15.07.2018 18:00","2124","2120"
"15.07.2018 18:00 - 15.07.2018 19:00","2143","2159"
"15.07.2018 19:00 - 15.07.2018 20:00","2054","2076"
"15.07.2018 20:00 - 15.07.2018 21:00","1986","1989"
"15.07.2018 21:00 - 15.07.2018 22:00","1923","1908"
"15.07.2018 22:00 - 15.07.2018 23:00","1872","1877"
"15.07.2018 23:00 - 16.07.2018 00:00","1785","1804"
"16.07.2018 00:00 - 16.07.2018 01:00","1725","1701"
"16.07.2018 01:00 - 16.07.2018 02:00","1636","1644"
"16.07.2018 02:00 - 16.07.2018 03:00","1621","1615"
"16.07.2018 03:00 - 16.07.2018 04:00","1627","1598"
"16.07.2018 04:00 - 16.07.2018 05:00","1638","1609"
"16.07.2018 05:00 - 16.07.2018 06:00","1697","1657"
"16.07.2018 06:00 - 16.07.2018 07:00","1853","1869"
"16.07.2018 07:00 - 16.07.2018 08:00","2095","2119"
"16.07.2018 08:00 - 16.07.2018 09:00","2333","2326"
"16.07.2018 09:00 - 16.07.2018 10:00","2407","2402"
"16.07.2018 10:00 - 16.07.2018 11:00","2462","2471"
"16.07.2018 11:00 - 16.07.2018 12:00","2464","2475"
"16.07.2018 12:00 - 16.07.2018 13:00","2425","2435"
"16.07.2018 13:00 - 16.07.2018 14:00","2439","2440"
"16.07.2018 14:00 - 16.07.2018 15:00","2389","2395"
"16.07.2018 15:00 - 16.07.2018 16:00","2316","2325"
"16.07.2018 16:00 - 16.07.2018 17:00","2285","2299"
"16.07.2018 17:00 - 16.07.2018 18:00","2389","2391"
"16.07.2018 18:00 - 16.07.2018 19:00","2355","2373"
"16.07.2018 19:00 - 16.07.2018 20:00","2277","2267"
"16.07.2018 20:00 - 16.07.2018 21:00","2219","2167"
"16.07.2018 21:00 - 16.07.2018 22:00","2111","2079"
"16.07.2018 22:00 - 16.07.2018 23:00","2109","2034"
"16.07.2018 23:00 - 17.07.2018 00:00","2027","1908"
"17.07.2018 00:00 - 17.07.2018 01:00","1794","1788"
"17.07.2018 01:00 - 17.07.2018 02:00","1688","1714"
"17.07.2018 02:00 - 17.07.2018 03:00","1674","1679"
"17.07.2018 03:00 - 17.07.2018 04:00","1667","1667"
"17.07.2018 04:00 - 17.07.2018 05:00","1675","1671"
"17.07.2018 05:00 - 17.07.2018 06:00","1718","1707"
"17.07.2018 06:00 - 17.07.2018 07:00","1888","1915"
"17.07.2018 07:00 - 17.07.2018 08:00","2129","2164"
"17.07.2018 08:00 - 17.07.2018 09:00","2367","2362"
"17.07.2018 09:00 - 17.07.2018 10:00","2451","2460"
"17.07.2018 10:00 - 17.07.2018 11:00","2521","2530"
"17.07.2018 11:00 - 17.07.2018 12:00","2538","2540"
"17.07.2018 12:00 - 17.07.2018 13:00","2517","2513"
"17.07.2018 13:00 - 17.07.2018 14:00","2485","2525"
"17.07.2018 14:00 - 17.07.2018 15:00","2474","2464"
"17.07.2018 15:00 - 17.07.2018 16:00","2390","2403"
"17.07.2018 16:00 - 17.07.2018 17:00","2348","2387"
"17.07.2018 17:00 - 17.07.2018 18:00","2454","2459"
"17.07.2018 18:00 - 17.07.2018 19:00","2407","2429"
"17.07.2018 19:00 - 17.07.2018 20:00","2337","2313"
"17.07.2018 20:00 - 17.07.2018 21:00","2287","2202"
"17.07.2018 21:00 - 17.07.2018 22:00","2246","2124"
"17.07.2018 22:00 - 17.07.2018 23:00","2235","2104"
"17.07.2018 23:00 - 18.07.2018 00:00","2149","1953"
"18.07.2018 00:00 - 18.07.2018 01:00","1809","1797"
"18.07.2018 01:00 - 18.07.2018 02:00","1701","1748"
"18.07.2018 02:00 - 18.07.2018 03:00","1716","1725"
"18.07.2018 03:00 - 18.07.2018 04:00","1717","1719"
"18.07.2018 04:00 - 18.07.2018 05:00","1730","1734"
"18.07.2018 05:00 - 18.07.2018 06:00","1779","1740"
"18.07.2018 06:00 - 18.07.2018 07:00","1944","1935"
"18.07.2018 07:00 - 18.07.2018 08:00","2125","2167"
"18.07.2018 08:00 - 18.07.2018 09:00","2335","2359"
"18.07.2018 09:00 - 18.07.2018 10:00","2429","2433"
"18.07.2018 10:00 - 18.07.2018 11:00","2509","2535"
"18.07.2018 11:00 - 18.07.2018 12:00","2528","2533"
"18.07.2018 12:00 - 18.07.2018 13:00","2497","2505"
"18.07.2018 13:00 - 18.07.2018 14:00","2500","2508"
"18.07.2018 14:00 - 18.07.2018 15:00","2470","2472"
"18.07.2018 15:00 - 18.07.2018 16:00","2384","2389"
"18.07.2018 16:00 - 18.07.2018 17:00","2330","2339"
"18.07.2018 17:00 - 18.07.2018 18:00","2408","2405"
"18.07.2018 18:00 - 18.07.2018 19:00","2370","2368"
"18.07.2018 19:00 - 18.07.2018 20:00","2277","2253"
"18.07.2018 20:00 - 18.07.2018 21:00","2196","2155"
"18.07.2018 21:00 - 18.07.2018 22:00","2168","2046"
"18.07.2018 22:00 - 18.07.2018 23:00","2173","1982"
"18.07.2018 23:00 - 19.07.2018 00:00","2090","1871"
"19.07.2018 00:00 - 19.07.2018 01:00","1763","1721"
"19.07.2018 01:00 - 19.07.2018 02:00","1662","1664"
"19.07.2018 02:00 - 19.07.2018 03:00","1631","1660"
"19.07.2018 03:00 - 19.07.2018 04:00","1652","1673"
"19.07.2018 04:00 - 19.07.2018 05:00","1675","1666"
"19.07.2018 05:00 - 19.07.2018 06:00","1716","1672"
"19.07.2018 06:00 - 19.07.2018 07:00","1860","1858"
"19.07.2018 07:00 - 19.07.2018 08:00","2045","2079"
"19.07.2018 08:00 - 19.07.2018 09:00","2261","2245"
"19.07.2018 09:00 - 19.07.2018 10:00","2327","2324"
"19.07.2018 10:00 - 19.07.2018 11:00","2394","2409"
"19.07.2018 11:00 - 19.07.2018 12:00","2403","2414"
"19.07.2018 12:00 - 19.07.2018 13:00","2374","2396"
"19.07.2018 13:00 - 19.07.2018 14:00","2382","2397"
"19.07.2018 14:00 - 19.07.2018 15:00","2349","2367"
"19.07.2018 15:00 - 19.07.2018 16:00","2283","2330"
"19.07.2018 16:00 - 19.07.2018 17:00","2286","2317"
"19.07.2018 17:00 - 19.07.2018 18:00","2360","2375"
"19.07.2018 18:00 - 19.07.2018 19:00","2311","2360"
"19.07.2018 19:00 - 19.07.2018 20:00","2238","2232"
"19.07.2018 20:00 - 19.07.2018 21:00","2168","2114"
"19.07.2018 21:00 - 19.07.2018 22:00","2122","2029"
"19.07.2018 22:00 - 19.07.2018 23:00","2118","1973"
"19.07.2018 23:00 - 20.07.2018 00:00","2030","1847"
"20.07.2018 00:00 - 20.07.2018 01:00","1738","1732"
"20.07.2018 01:00 - 20.07.2018 02:00","1649","1676"
"20.07.2018 02:00 - 20.07.2018 03:00","1643","1639"
"20.07.2018 03:00 - 20.07.2018 04:00","1628","1633"
"20.07.2018 04:00 - 20.07.2018 05:00","1651","1644"
"20.07.2018 05:00 - 20.07.2018 06:00","1682","1672"
"20.07.2018 06:00 - 20.07.2018 07:00","1823","1849"
"20.07.2018 07:00 - 20.07.2018 08:00","2049","2066"
"20.07.2018 08:00 - 20.07.2018 09:00","2232","2227"
"20.07.2018 09:00 - 20.07.2018 10:00","2311","2304"
"20.07.2018 10:00 - 20.07.2018 11:00","2362","2359"
"20.07.2018 11:00 - 20.07.2018 12:00","2338","2331"
"20.07.2018 12:00 - 20.07.2018 13:00","2279","2281"
"20.07.2018 13:00 - 20.07.2018 14:00","2239","2244"
"20.07.2018 14:00 - 20.07.2018 15:00","2180","2195"
"20.07.2018 15:00 - 20.07.2018 16:00","2131","2133"
"20.07.2018 16:00 - 20.07.2018 17:00","2130","2134"
"20.07.2018 17:00 - 20.07.2018 18:00","2216","2222"
"20.07.2018 18:00 - 20.07.2018 19:00","2193","2214"
"20.07.2018 19:00 - 20.07.2018 20:00","2112","2111"
"20.07.2018 20:00 - 20.07.2018 21:00","2019","2008"
"20.07.2018 21:00 - 20.07.2018 22:00","1954","1915"
"20.07.2018 22:00 - 20.07.2018 23:00","1920","1892"
"20.07.2018 23:00 - 21.07.2018 00:00","1836","1784"
"21.07.2018 00:00 - 21.07.2018 01:00","1639","1667"
"21.07.2018 01:00 - 21.07.2018 02:00","1551","1595"
"21.07.2018 02:00 - 21.07.2018 03:00","1526","1551"
"21.07.2018 03:00 - 21.07.2018 04:00","1516","1541"
"21.07.2018 04:00 - 21.07.2018 05:00","1520","1536"
"21.07.2018 05:00 - 21.07.2018 06:00","1511","1521"
"21.07.2018 06:00 - 21.07.2018 07:00","1577","1569"
"21.07.2018 07:00 - 21.07.2018 08:00","1700","1684"
"21.07.2018 08:00 - 21.07.2018 09:00","1859","1854"
"21.07.2018 09:00 - 21.07.2018 10:00","1967","1945"
"21.07.2018 10:00 - 21.07.2018 11:00","2004","1974"
"21.07.2018 11:00 - 21.07.2018 12:00","1974","1958"
"21.07.2018 12:00 - 21.07.2018 13:00","1961","1945"
"21.07.2018 13:00 - 21.07.2018 14:00","1913","1916"
"21.07.2018 14:00 - 21.07.2018 15:00","1890","1904"
"21.07.2018 15:00 - 21.07.2018 16:00","1872","1895"
"21.07.2018 16:00 - 21.07.2018 17:00","1918","1932"
"21.07.2018 17:00 - 21.07.2018 18:00","2041","2038"
"21.07.2018 18:00 - 21.07.2018 19:00","2039","2068"
"21.07.2018 19:00 - 21.07.2018 20:00","1962","1990"
"21.07.2018 20:00 - 21.07.2018 21:00","1876","1894"
"21.07.2018 21:00 - 21.07.2018 22:00","1803","1831"
"21.07.2018 22:00 - 21.07.2018 23:00","1758","1798"
"21.07.2018 23:00 - 22.07.2018 00:00","1657","1703"
"22.07.2018 00:00 - 22.07.2018 01:00","1599","1597"
"22.07.2018 01:00 - 22.07.2018 02:00","1505","1536"
"22.07.2018 02:00 - 22.07.2018 03:00","1481","1508"
"22.07.2018 03:00 - 22.07.2018 04:00","1478","1482"
"22.07.2018 04:00 - 22.07.2018 05:00","1465","1466"
"22.07.2018 05:00 - 22.07.2018 06:00","1438","1436"
"22.07.2018 06:00 - 22.07.2018 07:00","1491","1486"
"22.07.2018 07:00 - 22.07.2018 08:00","1617","1589"
"22.07.2018 08:00 - 22.07.2018 09:00","1761","1730"
"22.07.2018 09:00 - 22.07.2018 10:00","1857","1840"
"22.07.2018 10:00 - 22.07.2018 11:00","1903","1887"
"22.07.2018 11:00 - 22.07.2018 12:00","1913","1915"
"22.07.2018 12:00 - 22.07.2018 13:00","1912","1931"
"22.07.2018 13:00 - 22.07.2018 14:00","1918","1924"
"22.07.2018 14:00 - 22.07.2018 15:00","1922","1925"
"22.07.2018 15:00 - 22.07.2018 16:00","1897","1899"
"22.07.2018 16:00 - 22.07.2018 17:00","1924","1916"
"22.07.2018 17:00 - 22.07.2018 18:00","2055","2044"
"22.07.2018 18:00 - 22.07.2018 19:00","2058","2086"
"22.07.2018 19:00 - 22.07.2018 20:00","2010","2022"
"22.07.2018 20:00 - 22.07.2018 21:00","1931","1914"
"22.07.2018 21:00 - 22.07.2018 22:00","1889","1843"
"22.07.2018 22:00 - 22.07.2018 23:00","1860","1805"
"22.07.2018 23:00 - 23.07.2018 00:00","1780","1706"
"23.07.2018 00:00 - 23.07.2018 01:00","1613","1614"
"23.07.2018 01:00 - 23.07.2018 02:00","1547","1557"
"23.07.2018 02:00 - 23.07.2018 03:00","1545","1524"
"23.07.2018 03:00 - 23.07.2018 04:00","1536","1523"
"23.07.2018 04:00 - 23.07.2018 05:00","1552","1556"
"23.07.2018 05:00 - 23.07.2018 06:00","1595","1582"
"23.07.2018 06:00 - 23.07.2018 07:00","1781","1782"
"23.07.2018 07:00 - 23.07.2018 08:00","2010","2001"
"23.07.2018 08:00 - 23.07.2018 09:00","2225","2199"
"23.07.2018 09:00 - 23.07.2018 10:00","2317","2308"
"23.07.2018 10:00 - 23.07.2018 11:00","2370","2342"
"23.07.2018 11:00 - 23.07.2018 12:00","2360","2362"
"23.07.2018 12:00 - 23.07.2018 13:00","2333","2359"
"23.07.2018 13:00 - 23.07.2018 14:00","2339","2353"
"23.07.2018 14:00 - 23.07.2018 15:00","2311","2322"
"23.07.2018 15:00 - 23.07.2018 16:00","2271","2295"
"23.07.2018 16:00 - 23.07.2018 17:00","2261","2294"
"23.07.2018 17:00 - 23.07.2018 18:00","2387","2380"
"23.07.2018 18:00 - 23.07.2018 19:00","2334","2339"
"23.07.2018 19:00 - 23.07.2018 20:00","2213","2131"
"23.07.2018 20:00 - 23.07.2018 21:00","2034","1991"
"23.07.2018 21:00 - 23.07.2018 22:00","1952","1895"
"23.07.2018 22:00 - 23.07.2018 23:00","1950","1910"
"23.07.2018 23:00 - 24.07.2018 00:00","1867","1835"
"24.07.2018 00:00 - 24.07.2018 01:00","1708","1728"
"24.07.2018 01:00 - 24.07.2018 02:00","1623","1659"
"24.07.2018 02:00 - 24.07.2018 03:00","1613","1628"
"24.07.2018 03:00 - 24.07.2018 04:00","1619","1624"
"24.07.2018 04:00 - 24.07.2018 05:00","1650","1649"
"24.07.2018 05:00 - 24.07.2018 06:00","1691","1677"
"24.07.2018 06:00 - 24.07.2018 07:00","1866","1853"
"24.07.2018 07:00 - 24.07.2018 08:00","2074","2098"
"24.07.2018 08:00 - 24.07.2018 09:00","2285","2302"
"24.07.2018 09:00 - 24.07.2018 10:00","2390","2386"
"24.07.2018 10:00 - 24.07.2018 11:00","2449","2440"
"24.07.2018 11:00 - 24.07.2018 12:00","2448","2450"
"24.07.2018 12:00 - 24.07.2018 13:00","2407","2433"
"24.07.2018 13:00 - 24.07.2018 14:00","2401","2434"
"24.07.2018 14:00 - 24.07.2018 15:00","2376","2414"
"24.07.2018 15:00 - 24.07.2018 16:00","2335","2353"
"24.07.2018 16:00 - 24.07.2018 17:00","2311","2339"
"24.07.2018 17:00 - 24.07.2018 18:00","2401","2397"
"24.07.2018 18:00 - 24.07.2018 19:00","2349","2350"
"24.07.2018 19:00 - 24.07.2018 20:00","2236","2251"
"24.07.2018 20:00 - 24.07.2018 21:00","2164","2159"
"24.07.2018 21:00 - 24.07.2018 22:00","2125","2049"
"24.07.2018 22:00 - 24.07.2018 23:00","2121","2028"
"24.07.2018 23:00 - 25.07.2018 00:00","2029","1897"
"25.07.2018 00:00 - 25.07.2018 01:00","1791","1786"
"25.07.2018 01:00 - 25.07.2018 02:00","1683","1722"
"25.07.2018 02:00 - 25.07.2018 03:00","1681","1680"
"25.07.2018 03:00 - 25.07.2018 04:00","1663","1658"
"25.07.2018 04:00 - 25.07.2018 05:00","1680","1665"
"25.07.2018 05:00 - 25.07.2018 06:00","1716","1685"
"25.07.2018 06:00 - 25.07.2018 07:00","1878","1875"
"25.07.2018 07:00 - 25.07.2018 08:00","2083","2142"
"25.07.2018 08:00 - 25.07.2018 09:00","2306","2340"
"25.07.2018 09:00 - 25.07.2018 10:00","2433","2424"
"25.07.2018 10:00 - 25.07.2018 11:00","2479","2485"
"25.07.2018 11:00 - 25.07.2018 12:00","2486","2479"
"25.07.2018 12:00 - 25.07.2018 13:00","2439","2459"
"25.07.2018 13:00 - 25.07.2018 14:00","2419","2439"
"25.07.2018 14:00 - 25.07.2018 15:00","2393","2416"
"25.07.2018 15:00 - 25.07.2018 16:00","2349","2386"
"25.07.2018 16:00 - 25.07.2018 17:00","2354","2363"
"25.07.2018 17:00 - 25.07.2018 18:00","2420","2402"
"25.07.2018 18:00 - 25.07.2018 19:00","2364","2381"
"25.07.2018 19:00 - 25.07.2018 20:00","2291","2275"
"25.07.2018 20:00 - 25.07.2018 21:00","2210","2177"
"25.07.2018 21:00 - 25.07.2018 22:00","2181","2095"
"25.07.2018 22:00 - 25.07.2018 23:00","2193","2044"
"25.07.2018 23:00 - 26.07.2018 00:00","2101","1901"
"26.07.2018 00:00 - 26.07.2018 01:00","1774","1771"
"26.07.2018 01:00 - 26.07.2018 02:00","1672","1689"
"26.07.2018 02:00 - 26.07.2018 03:00","1647","1649"
"26.07.2018 03:00 - 26.07.2018 04:00","1648","1652"
"26.07.2018 04:00 - 26.07.2018 05:00","1679","1654"
"26.07.2018 05:00 - 26.07.2018 06:00","1703","1685"
"26.07.2018 06:00 - 26.07.2018 07:00","1844","1886"
"26.07.2018 07:00 - 26.07.2018 08:00","2105","2127"
"26.07.2018 08:00 - 26.07.2018 09:00","2348","2357"
"26.07.2018 09:00 - 26.07.2018 10:00","2449","2464"
"26.07.2018 10:00 - 26.07.2018 11:00","2533","2543"
"26.07.2018 11:00 - 26.07.2018 12:00","2545","2551"
"26.07.2018 12:00 - 26.07.2018 13:00","2518","2541"
"26.07.2018 13:00 - 26.07.2018 14:00","2536","2553"
"26.07.2018 14:00 - 26.07.2018 15:00","2505","2500"
"26.07.2018 15:00 - 26.07.2018 16:00","2397","2367"
"26.07.2018 16:00 - 26.07.2018 17:00","2330","2324"
"26.07.2018 17:00 - 26.07.2018 18:00","2397","2394"
"26.07.2018 18:00 - 26.07.2018 19:00","2358","2381"
"26.07.2018 19:00 - 26.07.2018 20:00","2291","2286"
"26.07.2018 20:00 - 26.07.2018 21:00","2201","2177"
"26.07.2018 21:00 - 26.07.2018 22:00","2156","2106"
"26.07.2018 22:00 - 26.07.2018 23:00","2178","2063"
"26.07.2018 23:00 - 27.07.2018 00:00","2086","1912"
"27.07.2018 00:00 - 27.07.2018 01:00","1782","1792"
"27.07.2018 01:00 - 27.07.2018 02:00","1728","1739"
"27.07.2018 02:00 - 27.07.2018 03:00","1693","1690"
"27.07.2018 03:00 - 27.07.2018 04:00","1684","1681"
"27.07.2018 04:00 - 27.07.2018 05:00","1701","1689"
"27.07.2018 05:00 - 27.07.2018 06:00","1732","1715"
"27.07.2018 06:00 - 27.07.2018 07:00","1890","1902"
"27.07.2018 07:00 - 27.07.2018 08:00","2092","2147"
"27.07.2018 08:00 - 27.07.2018 09:00","2300","2300"
"27.07.2018 09:00 - 27.07.2018 10:00","2363","2350"
"27.07.2018 10:00 - 27.07.2018 11:00","2400","2400"
"27.07.2018 11:00 - 27.07.2018 12:00","2394","2387"
"27.07.2018 12:00 - 27.07.2018 13:00","2354","2395"
"27.07.2018 13:00 - 27.07.2018 14:00","2383","2387"
"27.07.2018 14:00 - 27.07.2018 15:00","2324","2324"
"27.07.2018 15:00 - 27.07.2018 16:00","2266","2283"
"27.07.2018 16:00 - 27.07.2018 17:00","2274","2266"
"27.07.2018 17:00 - 27.07.2018 18:00","2333","2340"
"27.07.2018 18:00 - 27.07.2018 19:00","2345","2367"
"27.07.2018 19:00 - 27.07.2018 20:00","2237","2230"
"27.07.2018 20:00 - 27.07.2018 21:00","2134","2116"
"27.07.2018 21:00 - 27.07.2018 22:00","2091","2042"
"27.07.2018 22:00 - 27.07.2018 23:00","2097","2015"
"27.07.2018 23:00 - 28.07.2018 00:00","1993","1912"
"28.07.2018 00:00 - 28.07.2018 01:00","1765","1778"
"28.07.2018 01:00 - 28.07.2018 02:00","1658","1684"
"28.07.2018 02:00 - 28.07.2018 03:00","1629","1659"
"28.07.2018 03:00 - 28.07.2018 04:00","1628","1642"
"28.07.2018 04:00 - 28.07.2018 05:00","1624","1630"
"28.07.2018 05:00 - 28.07.2018 06:00","1599","1592"
"28.07.2018 06:00 - 28.07.2018 07:00","1667","1669"
"28.07.2018 07:00 - 28.07.2018 08:00","1804","1797"
"28.07.2018 08:00 - 28.07.2018 09:00","1965","1946"
"28.07.2018 09:00 - 28.07.2018 10:00","2090","2066"
"28.07.2018 10:00 - 28.07.2018 11:00","2147","2139"
"28.07.2018 11:00 - 28.07.2018 12:00","2161","2153"
"28.07.2018 12:00 - 28.07.2018 13:00","2142","2150"
"28.07.2018 13:00 - 28.07.2018 14:00","2116","2115"
"28.07.2018 14:00 - 28.07.2018 15:00","2075","2047"
"28.07.2018 15:00 - 28.07.2018 16:00","2065","2033"
"28.07.2018 16:00 - 28.07.2018 17:00","2048","2042"
"28.07.2018 17:00 - 28.07.2018 18:00","2156","2140"
"28.07.2018 18:00 - 28.07.2018 19:00","2137","2109"
"28.07.2018 19:00 - 28.07.2018 20:00","2000","2049"
"28.07.2018 20:00 - 28.07.2018 21:00","1937","1950"
"28.07.2018 21:00 - 28.07.2018 22:00","1878","1894"
"28.07.2018 22:00 - 28.07.2018 23:00","1849","1844"
"28.07.2018 23:00 - 29.07.2018 00:00","1750","1700"
"29.07.2018 00:00 - 29.07.2018 01:00","1585","1609"
"29.07.2018 01:00 - 29.07.2018 02:00","1515","1551"
"29.07.2018 02:00 - 29.07.2018 03:00","1523","1516"
"29.07.2018 03:00 - 29.07.2018 04:00","1472","1483"
"29.07.2018 04:00 - 29.07.2018 05:00","1483","1461"
"29.07.2018 05:00 - 29.07.2018 06:00","1448","1432"
"29.07.2018 06:00 - 29.07.2018 07:00","1468","1470"
"29.07.2018 07:00 - 29.07.2018 08:00","1598","1598"
"29.07.2018 08:00 - 29.07.2018 09:00","1769","1747"
"29.07.2018 09:00 - 29.07.2018 10:00","1863","1862"
"29.07.2018 10:00 - 29.07.2018 11:00","1934","1924"
"29.07.2018 11:00 - 29.07.2018 12:00","1952","1935"
"29.07.2018 12:00 - 29.07.2018 13:00","1928","1923"
"29.07.2018 13:00 - 29.07.2018 14:00","1906","1894"
"29.07.2018 14:00 - 29.07.2018 15:00","1884","1887"
"29.07.2018 15:00 - 29.07.2018 16:00","1885","1870"
"29.07.2018 16:00 - 29.07.2018 17:00","1914","1923"
"29.07.2018 17:00 - 29.07.2018 18:00","2068","2093"
"29.07.2018 18:00 - 29.07.2018 19:00","2098","2120"
"29.07.2018 19:00 - 29.07.2018 20:00","1990","2030"
"29.07.2018 20:00 - 29.07.2018 21:00","1932","1957"
"29.07.2018 21:00 - 29.07.2018 22:00","1866","1910"
"29.07.2018 22:00 - 29.07.2018 23:00","1828","1865"
"29.07.2018 23:00 - 30.07.2018 00:00","1736","1719"
"30.07.2018 00:00 - 30.07.2018 01:00","1630","1592"
"30.07.2018 01:00 - 30.07.2018 02:00","1528","1543"
"30.07.2018 02:00 - 30.07.2018 03:00","1538","1531"
"30.07.2018 03:00 - 30.07.2018 04:00","1564","1545"
"30.07.2018 04:00 - 30.07.2018 05:00","1588","1566"
"30.07.2018 05:00 - 30.07.2018 06:00","1639","1635"
"30.07.2018 06:00 - 30.07.2018 07:00","1823","1872"
"30.07.2018 07:00 - 30.07.2018 08:00","2143","2164"
"30.07.2018 08:00 - 30.07.2018 09:00","2327","2298"
"30.07.2018 09:00 - 30.07.2018 10:00","2439","2461"
"30.07.2018 10:00 - 30.07.2018 11:00","2532","2545"
"30.07.2018 11:00 - 30.07.2018 12:00","2557","2562"
"30.07.2018 12:00 - 30.07.2018 13:00","2518","2522"
"30.07.2018 13:00 - 30.07.2018 14:00","2544","2519"
"30.07.2018 14:00 - 30.07.2018 15:00","2462","2486"
"30.07.2018 15:00 - 30.07.2018 16:00","2404","2432"
"30.07.2018 16:00 - 30.07.2018 17:00","2365","2384"
"30.07.2018 17:00 - 30.07.2018 18:00","2473","2445"
"30.07.2018 18:00 - 30.07.2018 19:00","2392","2430"
"30.07.2018 19:00 - 30.07.2018 20:00","2313","2314"
"30.07.2018 20:00 - 30.07.2018 21:00","2224","2202"
"30.07.2018 21:00 - 30.07.2018 22:00","2187","2117"
"30.07.2018 22:00 - 30.07.2018 23:00","2181","2051"
"30.07.2018 23:00 - 31.07.2018 00:00","2080","1898"
"31.07.2018 00:00 - 31.07.2018 01:00","1785","1797"
"31.07.2018 01:00 - 31.07.2018 02:00","1709","1738"
"31.07.2018 02:00 - 31.07.2018 03:00","1687","1696"
"31.07.2018 03:00 - 31.07.2018 04:00","1722","1678"
"31.07.2018 04:00 - 31.07.2018 05:00","1694","1717"
"31.07.2018 05:00 - 31.07.2018 06:00","1773","1768"
"31.07.2018 06:00 - 31.07.2018 07:00","1997","1999"
"31.07.2018 07:00 - 31.07.2018 08:00","2240","2271"
"31.07.2018 08:00 - 31.07.2018 09:00","2424","2459"
"31.07.2018 09:00 - 31.07.2018 10:00","2522","2540"
"31.07.2018 10:00 - 31.07.2018 11:00","2585","2571"
"31.07.2018 11:00 - 31.07.2018 12:00","2574","2554"
"31.07.2018 12:00 - 31.07.2018 13:00","2496","2486"
"31.07.2018 13:00 - 31.07.2018 14:00","2476","2488"
"31.07.2018 14:00 - 31.07.2018 15:00","2438","2436"
"31.07.2018 15:00 - 31.07.2018 16:00","2341","2369"
"31.07.2018 16:00 - 31.07.2018 17:00","2332","2357"
"31.07.2018 17:00 - 31.07.2018 18:00","2491","2553"
"31.07.2018 18:00 - 31.07.2018 19:00","2421","2379"
"31.07.2018 19:00 - 31.07.2018 20:00","2288","2288"
"31.07.2018 20:00 - 31.07.2018 21:00","2221","2202"
"31.07.2018 21:00 - 31.07.2018 22:00","2188","2143"
"31.07.2018 22:00 - 31.07.2018 23:00","2175","2083"
"31.07.2018 23:00 - 01.08.2018 00:00","2072","1916"
"01.08.2018 00:00 - 01.08.2018 01:00","1812","1812"
"01.08.2018 01:00 - 01.08.2018 02:00","1721","1745"
"01.08.2018 02:00 - 01.08.2018 03:00","1685","1690"
"01.08.2018 03:00 - 01.08.2018 04:00","1720","1676"
"01.08.2018 04:00 - 01.08.2018 05:00","1723","1707"
"01.08.2018 05:00 - 01.08.2018 06:00","1772","1760"
"01.08.2018 06:00 - 01.08.2018 07:00","1988","1990"
"01.08.2018 07:00 - 01.08.2018 08:00","2216","2268"
"01.08.2018 08:00 - 01.08.2018 09:00","2402","2449"
"01.08.2018 09:00 - 01.08.2018 10:00","2489","2490"
"01.08.2018 10:00 - 01.08.2018 11:00","2581","2588"
"01.08.2018 11:00 - 01.08.2018 12:00","2589","2585"
"01.08.2018 12:00 - 01.08.2018 13:00","2510","2491"
"01.08.2018 13:00 - 01.08.2018 14:00","2470","2467"
"01.08.2018 14:00 - 01.08.2018 15:00","2419","2413"
"01.08.2018 15:00 - 01.08.2018 16:00","2317","2327"
"01.08.2018 16:00 - 01.08.2018 17:00","2288","2311"
"01.08.2018 17:00 - 01.08.2018 18:00","2414","2421"
"01.08.2018 18:00 - 01.08.2018 19:00","2393","2422"
"01.08.2018 19:00 - 01.08.2018 20:00","2323","2308"
"01.08.2018 20:00 - 01.08.2018 21:00","2235","2209"
"01.08.2018 21:00 - 01.08.2018 22:00","2205","2119"
"01.08.2018 22:00 - 01.08.2018 23:00","2182","2075"
"01.08.2018 23:00 - 02.08.2018 00:00","2074","1930"
"02.08.2018 00:00 - 02.08.2018 01:00","1822","1830"
"02.08.2018 01:00 - 02.08.2018 02:00","1717","1761"
"02.08.2018 02:00 - 02.08.2018 03:00","1683","1703"
"02.08.2018 03:00 - 02.08.2018 04:00","1701","1697"
"02.08.2018 04:00 - 02.08.2018 05:00","1726","1721"
"02.08.2018 05:00 - 02.08.2018 06:00","1794","1785"
"02.08.2018 06:00 - 02.08.2018 07:00","1983","1993"
"02.08.2018 07:00 - 02.08.2018 08:00","2237","2248"
"02.08.2018 08:00 - 02.08.2018 09:00","2427","2467"
"02.08.2018 09:00 - 02.08.2018 10:00","2541","2562"
"02.08.2018 10:00 - 02.08.2018 11:00","2627","2632"
"02.08.2018 11:00 - 02.08.2018 12:00","2624","2617"
"02.08.2018 12:00 - 02.08.2018 13:00","2567","2577"
"02.08.2018 13:00 - 02.08.2018 14:00","2574","2587"
"02.08.2018 14:00 - 02.08.2018 15:00","2514","2536"
"02.08.2018 15:00 - 02.08.2018 16:00","2448","2478"
"02.08.2018 16:00 - 02.08.2018 17:00","2425","2444"
"02.08.2018 17:00 - 02.08.2018 18:00","2514","2496"
"02.08.2018 18:00 - 02.08.2018 19:00","2437","2456"
"02.08.2018 19:00 - 02.08.2018 20:00","2352","2339"
"02.08.2018 20:00 - 02.08.2018 21:00","2257","2206"
"02.08.2018 21:00 - 02.08.2018 22:00","2196","2154"
"02.08.2018 22:00 - 02.08.2018 23:00","2184","2125"
"02.08.2018 23:00 - 03.08.2018 00:00","2068","1953"
"03.08.2018 00:00 - 03.08.2018 01:00","1820","1815"
"03.08.2018 01:00 - 03.08.2018 02:00","1701","1749"
"03.08.2018 02:00 - 03.08.2018 03:00","1684","1705"
"03.08.2018 03:00 - 03.08.2018 04:00","1694","1697"
"03.08.2018 04:00 - 03.08.2018 05:00","1726","1726"
"03.08.2018 05:00 - 03.08.2018 06:00","1797","1770"
"03.08.2018 06:00 - 03.08.2018 07:00","1982","1945"
"03.08.2018 07:00 - 03.08.2018 08:00","2196","2261"
"03.08.2018 08:00 - 03.08.2018 09:00","2364","2465"
"03.08.2018 09:00 - 03.08.2018 10:00","2507","2546"
"03.08.2018 10:00 - 03.08.2018 11:00","2590","2603"
"03.08.2018 11:00 - 03.08.2018 12:00","2580","2592"
"03.08.2018 12:00 - 03.08.2018 13:00","2500","2506"
"03.08.2018 13:00 - 03.08.2018 14:00","2442","2466"
"03.08.2018 14:00 - 03.08.2018 15:00","2392","2391"
"03.08.2018 15:00 - 03.08.2018 16:00","2310","2325"
"03.08.2018 16:00 - 03.08.2018 17:00","2294","2338"
"03.08.2018 17:00 - 03.08.2018 18:00","2414","2426"
"03.08.2018 18:00 - 03.08.2018 19:00","2392","2405"
"03.08.2018 19:00 - 03.08.2018 20:00","2264","2267"
"03.08.2018 20:00 - 03.08.2018 21:00","2172","2146"
"03.08.2018 21:00 - 03.08.2018 22:00","2133","2071"
"03.08.2018 22:00 - 03.08.2018 23:00","2090","1993"
"03.08.2018 23:00 - 04.08.2018 00:00","1968","1843"
"04.08.2018 00:00 - 04.08.2018 01:00","1707","1732"
"04.08.2018 01:00 - 04.08.2018 02:00","1621","1644"
"04.08.2018 02:00 - 04.08.2018 03:00","1579","1611"
"04.08.2018 03:00 - 04.08.2018 04:00","1563","1608"
"04.08.2018 04:00 - 04.08.2018 05:00","1586","1605"
"04.08.2018 05:00 - 04.08.2018 06:00","1574","1596"
"04.08.2018 06:00 - 04.08.2018 07:00","1649","1653"
"04.08.2018 07:00 - 04.08.2018 08:00","1792","1801"
"04.08.2018 08:00 - 04.08.2018 09:00","1965","1953"
"04.08.2018 09:00 - 04.08.2018 10:00","2068","2043"
"04.08.2018 10:00 - 04.08.2018 11:00","2107","2090"
"04.08.2018 11:00 - 04.08.2018 12:00","2092","2095"
"04.08.2018 12:00 - 04.08.2018 13:00","2080","2080"
"04.08.2018 13:00 - 04.08.2018 14:00","2040","2064"
"04.08.2018 14:00 - 04.08.2018 15:00","2062","2101"
"04.08.2018 15:00 - 04.08.2018 16:00","2088","2121"
"04.08.2018 16:00 - 04.08.2018 17:00","2120","2082"
"04.08.2018 17:00 - 04.08.2018 18:00","2174","2137"
"04.08.2018 18:00 - 04.08.2018 19:00","2139","2147"
"04.08.2018 19:00 - 04.08.2018 20:00","2055","2061"
"04.08.2018 20:00 - 04.08.2018 21:00","1927","1933"
"04.08.2018 21:00 - 04.08.2018 22:00","1870","1934"
"04.08.2018 22:00 - 04.08.2018 23:00","1852","1842"
"04.08.2018 23:00 - 05.08.2018 00:00","1763","1762"
"05.08.2018 00:00 - 05.08.2018 01:00","1646","1650"
"05.08.2018 01:00 - 05.08.2018 02:00","1556","1581"
"05.08.2018 02:00 - 05.08.2018 03:00","1527","1534"
"05.08.2018 03:00 - 05.08.2018 04:00","1523","1535"
"05.08.2018 04:00 - 05.08.2018 05:00","1538","1544"
"05.08.2018 05:00 - 05.08.2018 06:00","1511","1505"
"05.08.2018 06:00 - 05.08.2018 07:00","1545","1548"
"05.08.2018 07:00 - 05.08.2018 08:00","1668","1649"
"05.08.2018 08:00 - 05.08.2018 09:00","1819","1808"
"05.08.2018 09:00 - 05.08.2018 10:00","1957","1946"
"05.08.2018 10:00 - 05.08.2018 11:00","2028","2025"
"05.08.2018 11:00 - 05.08.2018 12:00","2075","2079"
"05.08.2018 12:00 - 05.08.2018 13:00","2091","2026"
"05.08.2018 13:00 - 05.08.2018 14:00","2015","2034"
"05.08.2018 14:00 - 05.08.2018 15:00","2027","2060"
"05.08.2018 15:00 - 05.08.2018 16:00","2051","2053"
"05.08.2018 16:00 - 05.08.2018 17:00","2096","2099"
"05.08.2018 17:00 - 05.08.2018 18:00","2227","2212"
"05.08.2018 18:00 - 05.08.2018 19:00","2200","2214"
"05.08.2018 19:00 - 05.08.2018 20:00","2107","2110"
"05.08.2018 20:00 - 05.08.2018 21:00","2004","2018"
"05.08.2018 21:00 - 05.08.2018 22:00","1989","1975"
"05.08.2018 22:00 - 05.08.2018 23:00","1983","1899"
"05.08.2018 23:00 - 06.08.2018 00:00","1905","1754"
"06.08.2018 00:00 - 06.08.2018 01:00","1679","1664"
"06.08.2018 01:00 - 06.08.2018 02:00","1600","1622"
"06.08.2018 02:00 - 06.08.2018 03:00","1599","1606"
"06.08.2018 03:00 - 06.08.2018 04:00","1624","1601"
"06.08.2018 04:00 - 06.08.2018 05:00","1662","1628"
"06.08.2018 05:00 - 06.08.2018 06:00","1761","1735"
"06.08.2018 06:00 - 06.08.2018 07:00","1999","2014"
"06.08.2018 07:00 - 06.08.2018 08:00","2367","2363"
"06.08.2018 08:00 - 06.08.2018 09:00","2563","2543"
"06.08.2018 09:00 - 06.08.2018 10:00","2630","2629"
"06.08.2018 10:00 - 06.08.2018 11:00","2743","2752"
"06.08.2018 11:00 - 06.08.2018 12:00","2776","2810"
"06.08.2018 12:00 - 06.08.2018 13:00","2755","2781"
"06.08.2018 13:00 - 06.08.2018 14:00","2815","2853"
"06.08.2018 14:00 - 06.08.2018 15:00","2787","2804"
"06.08.2018 15:00 - 06.08.2018 16:00","2683","2700"
"06.08.2018 16:00 - 06.08.2018 17:00","2605","2614"
"06.08.2018 17:00 - 06.08.2018 18:00","2683","2688"
"06.08.2018 18:00 - 06.08.2018 19:00","2604","2606"
"06.08.2018 19:00 - 06.08.2018 20:00","2451","2460"
"06.08.2018 20:00 - 06.08.2018 21:00","2353","2331"
"06.08.2018 21:00 - 06.08.2018 22:00","2339","2239"
"06.08.2018 22:00 - 06.08.2018 23:00","2316","2183"
"06.08.2018 23:00 - 07.08.2018 00:00","2192","2028"
"07.08.2018 00:00 - 07.08.2018 01:00","1890","1895"
"07.08.2018 01:00 - 07.08.2018 02:00","1804","1831"
"07.08.2018 02:00 - 07.08.2018 03:00","1789","1804"
"07.08.2018 03:00 - 07.08.2018 04:00","1804","1797"
"07.08.2018 04:00 - 07.08.2018 05:00","1838","1815"
"07.08.2018 05:00 - 07.08.2018 06:00","1919","1903"
"07.08.2018 06:00 - 07.08.2018 07:00","2130","2169"
"07.08.2018 07:00 - 07.08.2018 08:00","2480","2491"
"07.08.2018 08:00 - 07.08.2018 09:00","2659","2693"
"07.08.2018 09:00 - 07.08.2018 10:00","2744","2767"
"07.08.2018 10:00 - 07.08.2018 11:00","2860","2845"
"07.08.2018 11:00 - 07.08.2018 12:00","2839","2833"
"07.08.2018 12:00 - 07.08.2018 13:00","2772","2807"
"07.08.2018 13:00 - 07.08.2018 14:00","2798","2821"
"07.08.2018 14:00 - 07.08.2018 15:00","2746","2743"
"07.08.2018 15:00 - 07.08.2018 16:00","2605","2627"
"07.08.2018 16:00 - 07.08.2018 17:00","2561","2594"
"07.08.2018 17:00 - 07.08.2018 18:00","2665","2650"
"07.08.2018 18:00 - 07.08.2018 19:00","2595","2615"
"07.08.2018 19:00 - 07.08.2018 20:00","2522","2515"
"07.08.2018 20:00 - 07.08.2018 21:00","2429","2390"
"07.08.2018 21:00 - 07.08.2018 22:00","2409","2323"
"07.08.2018 22:00 - 07.08.2018 23:00","2380","2254"
"07.08.2018 23:00 - 08.08.2018 00:00","2256","2080"
"08.08.2018 00:00 - 08.08.2018 01:00","1924","1907"
"08.08.2018 01:00 - 08.08.2018 02:00","1814","1849"
"08.08.2018 02:00 - 08.08.2018 03:00","1797","1821"
"08.08.2018 03:00 - 08.08.2018 04:00","1825","1854"
"08.08.2018 04:00 - 08.08.2018 05:00","1882","1878"
"08.08.2018 05:00 - 08.08.2018 06:00","1970","1948"
"08.08.2018 06:00 - 08.08.2018 07:00","2188","2238"
"08.08.2018 07:00 - 08.08.2018 08:00","2555","2577"
"08.08.2018 08:00 - 08.08.2018 09:00","2723","2711"
"08.08.2018 09:00 - 08.08.2018 10:00","2729","2700"
"08.08.2018 10:00 - 08.08.2018 11:00","2760","2745"
"08.08.2018 11:00 - 08.08.2018 12:00","2812","2863"
"08.08.2018 12:00 - 08.08.2018 13:00","2806","2831"
"08.08.2018 13:00 - 08.08.2018 14:00","2850","2863"
"08.08.2018 14:00 - 08.08.2018 15:00","2781","2794"
"08.08.2018 15:00 - 08.08.2018 16:00","2665","2699"
"08.08.2018 16:00 - 08.08.2018 17:00","2666","2713"
"08.08.2018 17:00 - 08.08.2018 18:00","2831","2846"
"08.08.2018 18:00 - 08.08.2018 19:00","2746","2751"
"08.08.2018 19:00 - 08.08.2018 20:00","2645","2627"
"08.08.2018 20:00 - 08.08.2018 21:00","2537","2478"
"08.08.2018 21:00 - 08.08.2018 22:00","2513","2333"
"08.08.2018 22:00 - 08.08.2018 23:00","2497","2203"
"08.08.2018 23:00 - 09.08.2018 00:00","2370","2035"
"09.08.2018 00:00 - 09.08.2018 01:00","1895","1898"
"09.08.2018 01:00 - 09.08.2018 02:00","1790","1800"
"09.08.2018 02:00 - 09.08.2018 03:00","1742","1752"
"09.08.2018 03:00 - 09.08.2018 04:00","1752","1748"
"09.08.2018 04:00 - 09.08.2018 05:00","1797","1791"
"09.08.2018 05:00 - 09.08.2018 06:00","1912","1879"
"09.08.2018 06:00 - 09.08.2018 07:00","2102","2155"
"09.08.2018 07:00 - 09.08.2018 08:00","2429","2470"
"09.08.2018 08:00 - 09.08.2018 09:00","2608","2651"
"09.08.2018 09:00 - 09.08.2018 10:00","2657","2697"
"09.08.2018 10:00 - 09.08.2018 11:00","2783","2808"
"09.08.2018 11:00 - 09.08.2018 12:00","2816","2814"
"09.08.2018 12:00 - 09.08.2018 13:00","2787","2762"
"09.08.2018 13:00 - 09.08.2018 14:00","2789","2785"
"09.08.2018 14:00 - 09.08.2018 15:00","2726","2738"
"09.08.2018 15:00 - 09.08.2018 16:00","2620","2630"
"09.08.2018 16:00 - 09.08.2018 17:00","2580","2605"
"09.08.2018 17:00 - 09.08.2018 18:00","2693","2691"
"09.08.2018 18:00 - 09.08.2018 19:00","2596","2579"
"09.08.2018 19:00 - 09.08.2018 20:00","2474","2506"
"09.08.2018 20:00 - 09.08.2018 21:00","2441","2462"
"09.08.2018 21:00 - 09.08.2018 22:00","2438","2388"
"09.08.2018 22:00 - 09.08.2018 23:00","2377","2207"
"09.08.2018 23:00 - 10.08.2018 00:00","2209","2054"
"10.08.2018 00:00 - 10.08.2018 01:00","1921","1972"
"10.08.2018 01:00 - 10.08.2018 02:00","1887","1923"
"10.08.2018 02:00 - 10.08.2018 03:00","1901","1929"
"10.08.2018 03:00 - 10.08.2018 04:00","1910","1887"
"10.08.2018 04:00 - 10.08.2018 05:00","1948","1922"
"10.08.2018 05:00 - 10.08.2018 06:00","2046","2052"
"10.08.2018 06:00 - 10.08.2018 07:00","2235","2309"
"10.08.2018 07:00 - 10.08.2018 08:00","2524","2514"
"10.08.2018 08:00 - 10.08.2018 09:00","2639","2673"
"10.08.2018 09:00 - 10.08.2018 10:00","2743","2805"
"10.08.2018 10:00 - 10.08.2018 11:00","2842","2850"
"10.08.2018 11:00 - 10.08.2018 12:00","2802","2812"
"10.08.2018 12:00 - 10.08.2018 13:00","2699","2719"
"10.08.2018 13:00 - 10.08.2018 14:00","2642","2643"
"10.08.2018 14:00 - 10.08.2018 15:00","2501","2490"
"10.08.2018 15:00 - 10.08.2018 16:00","2397","2385"
"10.08.2018 16:00 - 10.08.2018 17:00","2386","2371"
"10.08.2018 17:00 - 10.08.2018 18:00","2459","2439"
"10.08.2018 18:00 - 10.08.2018 19:00","2394","2400"
"10.08.2018 19:00 - 10.08.2018 20:00","2261","2193"
"10.08.2018 20:00 - 10.08.2018 21:00","2046","2004"
"10.08.2018 21:00 - 10.08.2018 22:00","2056","1957"
"10.08.2018 22:00 - 10.08.2018 23:00","2025","1908"
"10.08.2018 23:00 - 11.08.2018 00:00","1887","1754"
"11.08.2018 00:00 - 11.08.2018 01:00","1652","1625"
"11.08.2018 01:00 - 11.08.2018 02:00","1565","1574"
"11.08.2018 02:00 - 11.08.2018 03:00","1516","1524"
"11.08.2018 03:00 - 11.08.2018 04:00","1474","1507"
"11.08.2018 04:00 - 11.08.2018 05:00","1464","1512"
"11.08.2018 05:00 - 11.08.2018 06:00","1480","1514"
"11.08.2018 06:00 - 11.08.2018 07:00","1539","1578"
"11.08.2018 07:00 - 11.08.2018 08:00","1801","1763"
"11.08.2018 08:00 - 11.08.2018 09:00","1931","1927"
"11.08.2018 09:00 - 11.08.2018 10:00","2023","2032"
"11.08.2018 10:00 - 11.08.2018 11:00","2089","2082"
"11.08.2018 11:00 - 11.08.2018 12:00","2024","2027"
"11.08.2018 12:00 - 11.08.2018 13:00","1991","2108"
"11.08.2018 13:00 - 11.08.2018 14:00","1992","2012"
"11.08.2018 14:00 - 11.08.2018 15:00","2010","2151"
"11.08.2018 15:00 - 11.08.2018 16:00","2175","2205"
"11.08.2018 16:00 - 11.08.2018 17:00","2179","2190"
"11.08.2018 17:00 - 11.08.2018 18:00","2150","2146"
"11.08.2018 18:00 - 11.08.2018 19:00","2188","2217"
"11.08.2018 19:00 - 11.08.2018 20:00","2074","2013"
"11.08.2018 20:00 - 11.08.2018 21:00","1884","1877"
"11.08.2018 21:00 - 11.08.2018 22:00","1842","1819"
"11.08.2018 22:00 - 11.08.2018 23:00","1780","1735"
"11.08.2018 23:00 - 12.08.2018 00:00","1662","1626"
"12.08.2018 00:00 - 12.08.2018 01:00","1508","1498"
"12.08.2018 01:00 - 12.08.2018 02:00","1421","1424"
"12.08.2018 02:00 - 12.08.2018 03:00","1394","1389"
"12.08.2018 03:00 - 12.08.2018 04:00","1377","1370"
"12.08.2018 04:00 - 12.08.2018 05:00","1377","1375"
"12.08.2018 05:00 - 12.08.2018 06:00","1385","1386"
"12.08.2018 06:00 - 12.08.2018 07:00","1420","1423"
"12.08.2018 07:00 - 12.08.2018 08:00","1582","1572"
"12.08.2018 08:00 - 12.08.2018 09:00","1763","1729"
"12.08.2018 09:00 - 12.08.2018 10:00","1864","1838"
"12.08.2018 10:00 - 12.08.2018 11:00","1927","1931"
"12.08.2018 11:00 - 12.08.2018 12:00","1968","1955"
"12.08.2018 12:00 - 12.08.2018 13:00","1926","1933"
"12.08.2018 13:00 - 12.08.2018 14:00","1953","2002"
"12.08.2018 14:00 - 12.08.2018 15:00","1947","1957"
"12.08.2018 15:00 - 12.08.2018 16:00","1980","1994"
"12.08.2018 16:00 - 12.08.2018 17:00","2031","2052"
"12.08.2018 17:00 - 12.08.2018 18:00","2209","2253"
"12.08.2018 18:00 - 12.08.2018 19:00","2253","2252"
"12.08.2018 19:00 - 12.08.2018 20:00","2096","2070"
"12.08.2018 20:00 - 12.08.2018 21:00","1972","1985"
"12.08.2018 21:00 - 12.08.2018 22:00","1971","1955"
"12.08.2018 22:00 - 12.08.2018 23:00","1918","1843"
"12.08.2018 23:00 - 13.08.2018 00:00","1804","1747"
"13.08.2018 00:00 - 13.08.2018 01:00","1659","1664"
"13.08.2018 01:00 - 13.08.2018 02:00","1593","1597"
"13.08.2018 02:00 - 13.08.2018 03:00","1577","1589"
"13.08.2018 03:00 - 13.08.2018 04:00","1624","1594"
"13.08.2018 04:00 - 13.08.2018 05:00","1673","1631"
"13.08.2018 05:00 - 13.08.2018 06:00","1786","1783"
"13.08.2018 06:00 - 13.08.2018 07:00","2086","2078"
"13.08.2018 07:00 - 13.08.2018 08:00","2439","2422"
"13.08.2018 08:00 - 13.08.2018 09:00","2598","2590"
"13.08.2018 09:00 - 13.08.2018 10:00","2642","2631"
"13.08.2018 10:00 - 13.08.2018 11:00","2725","2726"
"13.08.2018 11:00 - 13.08.2018 12:00","2749","2758"
"13.08.2018 12:00 - 13.08.2018 13:00","2698","2696"
"13.08.2018 13:00 - 13.08.2018 14:00","2748","2741"
"13.08.2018 14:00 - 13.08.2018 15:00","2678","2678"
"13.08.2018 15:00 - 13.08.2018 16:00","2561","2568"
"13.08.2018 16:00 - 13.08.2018 17:00","2517","2525"
"13.08.2018 17:00 - 13.08.2018 18:00","2624","2655"
"13.08.2018 18:00 - 13.08.2018 19:00","2547","2585"
"13.08.2018 19:00 - 13.08.2018 20:00","2452","2472"
"13.08.2018 20:00 - 13.08.2018 21:00","2349","2364"
"13.08.2018 21:00 - 13.08.2018 22:00","2256","2266"
"13.08.2018 22:00 - 13.08.2018 23:00","2141","2104"
"13.08.2018 23:00 - 14.08.2018 00:00","1984","1904"
"14.08.2018 00:00 - 14.08.2018 01:00","1792","1793"
"14.08.2018 01:00 - 14.08.2018 02:00","1717","1743"
"14.08.2018 02:00 - 14.08.2018 03:00","1667","1715"
"14.08.2018 03:00 - 14.08.2018 04:00","1682","1735"
"14.08.2018 04:00 - 14.08.2018 05:00","1777","1784"
"14.08.2018 05:00 - 14.08.2018 06:00","1912","1911"
"14.08.2018 06:00 - 14.08.2018 07:00","2215","2218"
"14.08.2018 07:00 - 14.08.2018 08:00","2537","2522"
"14.08.2018 08:00 - 14.08.2018 09:00","2702","2666"
"14.08.2018 09:00 - 14.08.2018 10:00","2725","2641"
"14.08.2018 10:00 - 14.08.2018 11:00","2800","2773"
"14.08.2018 11:00 - 14.08.2018 12:00","2809","2682"
"14.08.2018 12:00 - 14.08.2018 13:00","2749","2587"
"14.08.2018 13:00 - 14.08.2018 14:00","2671","2715"
"14.08.2018 14:00 - 14.08.2018 15:00","2668","2678"
"14.08.2018 15:00 - 14.08.2018 16:00","2566","2594"
"14.08.2018 16:00 - 14.08.2018 17:00","2537","2556"
"14.08.2018 17:00 - 14.08.2018 18:00","2672","2695"
"14.08.2018 18:00 - 14.08.2018 19:00","2616","2596"
"14.08.2018 19:00 - 14.08.2018 20:00","2486","2422"
"14.08.2018 20:00 - 14.08.2018 21:00","2332","2291"
"14.08.2018 21:00 - 14.08.2018 22:00","2313","2241"
"14.08.2018 22:00 - 14.08.2018 23:00","2175","2105"
"14.08.2018 23:00 - 15.08.2018 00:00","2003","1904"
"15.08.2018 00:00 - 15.08.2018 01:00","1763","1764"
"15.08.2018 01:00 - 15.08.2018 02:00","1680","1675"
"15.08.2018 02:00 - 15.08.2018 03:00","1646","1658"
"15.08.2018 03:00 - 15.08.2018 04:00","1666","1675"
"15.08.2018 04:00 - 15.08.2018 05:00","1720","1707"
"15.08.2018 05:00 - 15.08.2018 06:00","1837","1826"
"15.08.2018 06:00 - 15.08.2018 07:00","2155","2147"
"15.08.2018 07:00 - 15.08.2018 08:00","2499","2474"
"15.08.2018 08:00 - 15.08.2018 09:00","2630","2618"
"15.08.2018 09:00 - 15.08.2018 10:00","2678","2663"
"15.08.2018 10:00 - 15.08.2018 11:00","2746","2736"
"15.08.2018 11:00 - 15.08.2018 12:00","2754","2755"
"15.08.2018 12:00 - 15.08.2018 13:00","2707","2733"
"15.08.2018 13:00 - 15.08.2018 14:00","2762","2766"
"15.08.2018 14:00 - 15.08.2018 15:00","2706","2700"
"15.08.2018 15:00 - 15.08.2018 16:00","2575","2599"
"15.08.2018 16:00 - 15.08.2018 17:00","2519","2527"
"15.08.2018 17:00 - 15.08.2018 18:00","2610","2603"
"15.08.2018 18:00 - 15.08.2018 19:00","2522","2538"
"15.08.2018 19:00 - 15.08.2018 20:00","2402","2407"
"15.08.2018 20:00 - 15.08.2018 21:00","2282","2289"
"15.08.2018 21:00 - 15.08.2018 22:00","2254","2250"
"15.08.2018 22:00 - 15.08.2018 23:00","2102","2101"
"15.08.2018 23:00 - 16.08.2018 00:00","1924","1934"
"16.08.2018 00:00 - 16.08.2018 01:00","1801","1798"
"16.08.2018 01:00 - 16.08.2018 02:00","1726","1735"
"16.08.2018 02:00 - 16.08.2018 03:00","1714","1713"
"16.08.2018 03:00 - 16.08.2018 04:00","1712","1723"
"16.08.2018 04:00 - 16.08.2018 05:00","1764","1760"
"16.08.2018 05:00 - 16.08.2018 06:00","1894","1898"
"16.08.2018 06:00 - 16.08.2018 07:00","2226","2226"
"16.08.2018 07:00 - 16.08.2018 08:00","2559","2549"
"16.08.2018 08:00 - 16.08.2018 09:00","2716","2726"
"16.08.2018 09:00 - 16.08.2018 10:00","2767","2756"
"16.08.2018 10:00 - 16.08.2018 11:00","2857","2838"
"16.08.2018 11:00 - 16.08.2018 12:00","2820","2827"
"16.08.2018 12:00 - 16.08.2018 13:00","2787","2803"
"16.08.2018 13:00 - 16.08.2018 14:00","2827","2825"
"16.08.2018 14:00 - 16.08.2018 15:00","2771","2769"
"16.08.2018 15:00 - 16.08.2018 16:00","2644","2616"
"16.08.2018 16:00 - 16.08.2018 17:00","2575","2577"
"16.08.2018 17:00 - 16.08.2018 18:00","2695","2685"
"16.08.2018 18:00 - 16.08.2018 19:00","2588","2592"
"16.08.2018 19:00 - 16.08.2018 20:00","2462","2464"
"16.08.2018 20:00 - 16.08.2018 21:00","2344","2319"
"16.08.2018 21:00 - 16.08.2018 22:00","2309","2252"
"16.08.2018 22:00 - 16.08.2018 23:00","2169","2104"
"16.08.2018 23:00 - 17.08.2018 00:00","2005","1939"
"17.08.2018 00:00 - 17.08.2018 01:00","1802","1799"
"17.08.2018 01:00 - 17.08.2018 02:00","1734","1752"
"17.08.2018 02:00 - 17.08.2018 03:00","1718","1723"
"17.08.2018 03:00 - 17.08.2018 04:00","1719","1711"
"17.08.2018 04:00 - 17.08.2018 05:00","1770","1761"
"17.08.2018 05:00 - 17.08.2018 06:00","1879","1869"
"17.08.2018 06:00 - 17.08.2018 07:00","2111","2132"
"17.08.2018 07:00 - 17.08.2018 08:00","2469","2456"
"17.08.2018 08:00 - 17.08.2018 09:00","2639","2609"
"17.08.2018 09:00 - 17.08.2018 10:00","2662","2623"
"17.08.2018 10:00 - 17.08.2018 11:00","2681","2669"
"17.08.2018 11:00 - 17.08.2018 12:00","2675","2681"
"17.08.2018 12:00 - 17.08.2018 13:00","2588","2575"
"17.08.2018 13:00 - 17.08.2018 14:00","2524","2523"
"17.08.2018 14:00 - 17.08.2018 15:00","2406","2406"
"17.08.2018 15:00 - 17.08.2018 16:00","2324","2332"
"17.08.2018 16:00 - 17.08.2018 17:00","2302","2313"
"17.08.2018 17:00 - 17.08.2018 18:00","2375","2415"
"17.08.2018 18:00 - 17.08.2018 19:00","2356","2359"
"17.08.2018 19:00 - 17.08.2018 20:00","2190","2186"
"17.08.2018 20:00 - 17.08.2018 21:00","2048","2035"
"17.08.2018 21:00 - 17.08.2018 22:00","2011","2004"
"17.08.2018 22:00 - 17.08.2018 23:00","1894","1901"
"17.08.2018 23:00 - 18.08.2018 00:00","1752","1761"
"18.08.2018 00:00 - 18.08.2018 01:00","1631","1633"
"18.08.2018 01:00 - 18.08.2018 02:00","1544","1572"
"18.08.2018 02:00 - 18.08.2018 03:00","1512","1536"
"18.08.2018 03:00 - 18.08.2018 04:00","1527","1537"
"18.08.2018 04:00 - 18.08.2018 05:00","1533","1530"
"18.08.2018 05:00 - 18.08.2018 06:00","1558","1548"
"18.08.2018 06:00 - 18.08.2018 07:00","1619","1628"
"18.08.2018 07:00 - 18.08.2018 08:00","1811","1809"
"18.08.2018 08:00 - 18.08.2018 09:00","2001","1973"
"18.08.2018 09:00 - 18.08.2018 10:00","2102","2071"
"18.08.2018 10:00 - 18.08.2018 11:00","2135","2104"
"18.08.2018 11:00 - 18.08.2018 12:00","2127","2144"
"18.08.2018 12:00 - 18.08.2018 13:00","2157","2182"
"18.08.2018 13:00 - 18.08.2018 14:00","2165","2177"
"18.08.2018 14:00 - 18.08.2018 15:00","2132","2141"
"18.08.2018 15:00 - 18.08.2018 16:00","2140","2131"
"18.08.2018 16:00 - 18.08.2018 17:00","2139","2147"
"18.08.2018 17:00 - 18.08.2018 18:00","2218","2274"
"18.08.2018 18:00 - 18.08.2018 19:00","2207","2218"
"18.08.2018 19:00 - 18.08.2018 20:00","2062","2042"
"18.08.2018 20:00 - 18.08.2018 21:00","1949","1915"
"18.08.2018 21:00 - 18.08.2018 22:00","1895","1890"
"18.08.2018 22:00 - 18.08.2018 23:00","1791","1807"
"18.08.2018 23:00 - 19.08.2018 00:00","1681","1674"
"19.08.2018 00:00 - 19.08.2018 01:00","1574","1570"
"19.08.2018 01:00 - 19.08.2018 02:00","1502","1490"
"19.08.2018 02:00 - 19.08.2018 03:00","1456","1463"
"19.08.2018 03:00 - 19.08.2018 04:00","1446","1445"
"19.08.2018 04:00 - 19.08.2018 05:00","1453","1452"
"19.08.2018 05:00 - 19.08.2018 06:00","1477","1488"
"19.08.2018 06:00 - 19.08.2018 07:00","1534","1528"
"19.08.2018 07:00 - 19.08.2018 08:00","1661","1659"
"19.08.2018 08:00 - 19.08.2018 09:00","1812","1802"
"19.08.2018 09:00 - 19.08.2018 10:00","1938","1928"
"19.08.2018 10:00 - 19.08.2018 11:00","2019","2014"
"19.08.2018 11:00 - 19.08.2018 12:00","2035","2020"
"19.08.2018 12:00 - 19.08.2018 13:00","2026","2050"
"19.08.2018 13:00 - 19.08.2018 14:00","2053","2053"
"19.08.2018 14:00 - 19.08.2018 15:00","2029","2005"
"19.08.2018 15:00 - 19.08.2018 16:00","2013","2052"
"19.08.2018 16:00 - 19.08.2018 17:00","2125","2142"
"19.08.2018 17:00 - 19.08.2018 18:00","2326","2330"
"19.08.2018 18:00 - 19.08.2018 19:00","2336","2363"
"19.08.2018 19:00 - 19.08.2018 20:00","2221","2222"
"19.08.2018 20:00 - 19.08.2018 21:00","2103","2127"
"19.08.2018 21:00 - 19.08.2018 22:00","2064","2091"
"19.08.2018 22:00 - 19.08.2018 23:00","1932","1914"
"19.08.2018 23:00 - 20.08.2018 00:00","1803","1761"
"20.08.2018 00:00 - 20.08.2018 01:00","1696","1711"
"20.08.2018 01:00 - 20.08.2018 02:00","1644","1666"
"20.08.2018 02:00 - 20.08.2018 03:00","1666","1659"
"20.08.2018 03:00 - 20.08.2018 04:00","1649","1617"
"20.08.2018 04:00 - 20.08.2018 05:00","1658","1647"
"20.08.2018 05:00 - 20.08.2018 06:00","1773","1767"
"20.08.2018 06:00 - 20.08.2018 07:00","2135","2173"
"20.08.2018 07:00 - 20.08.2018 08:00","2530","2529"
"20.08.2018 08:00 - 20.08.2018 09:00","2622","2600"
"20.08.2018 09:00 - 20.08.2018 10:00","2667","2683"
"20.08.2018 10:00 - 20.08.2018 11:00","2745","2720"
"20.08.2018 11:00 - 20.08.2018 12:00","2740","2728"
"20.08.2018 12:00 - 20.08.2018 13:00","2666","2661"
"20.08.2018 13:00 - 20.08.2018 14:00","2699","2687"
"20.08.2018 14:00 - 20.08.2018 15:00","2643","2650"
"20.08.2018 15:00 - 20.08.2018 16:00","2530","2528"
"20.08.2018 16:00 - 20.08.2018 17:00","2510","2492"
"20.08.2018 17:00 - 20.08.2018 18:00","2631","2606"
"20.08.2018 18:00 - 20.08.2018 19:00","2551","2538"
"20.08.2018 19:00 - 20.08.2018 20:00","2408","2374"
"20.08.2018 20:00 - 20.08.2018 21:00","2272","2250"
"20.08.2018 21:00 - 20.08.2018 22:00","2205","2234"
"20.08.2018 22:00 - 20.08.2018 23:00","2069","2061"
"20.08.2018 23:00 - 21.08.2018 00:00","1921","1885"
"21.08.2018 00:00 - 21.08.2018 01:00","1743","1775"
"21.08.2018 01:00 - 21.08.2018 02:00","1676","1703"
"21.08.2018 02:00 - 21.08.2018 03:00","1668","1672"
"21.08.2018 03:00 - 21.08.2018 04:00","1672","1670"
"21.08.2018 04:00 - 21.08.2018 05:00","1715","1725"
"21.08.2018 05:00 - 21.08.2018 06:00","1868","1858"
"21.08.2018 06:00 - 21.08.2018 07:00","2172","2151"
"21.08.2018 07:00 - 21.08.2018 08:00","2518","2455"
"21.08.2018 08:00 - 21.08.2018 09:00","2607","2568"
"21.08.2018 09:00 - 21.08.2018 10:00","2638","2614"
"21.08.2018 10:00 - 21.08.2018 11:00","2700","2681"
"21.08.2018 11:00 - 21.08.2018 12:00","2719","2686"
"21.08.2018 12:00 - 21.08.2018 13:00","2677","2612"
"21.08.2018 13:00 - 21.08.2018 14:00","2684","2637"
"21.08.2018 14:00 - 21.08.2018 15:00","2603","2587"
"21.08.2018 15:00 - 21.08.2018 16:00","2501","2484"
"21.08.2018 16:00 - 21.08.2018 17:00","2489","2476"
"21.08.2018 17:00 - 21.08.2018 18:00","2574","2590"
"21.08.2018 18:00 - 21.08.2018 19:00","2496","2505"
"21.08.2018 19:00 - 21.08.2018 20:00","2345","2376"
"21.08.2018 20:00 - 21.08.2018 21:00","2265","2288"
"21.08.2018 21:00 - 21.08.2018 22:00","2230","2269"
"21.08.2018 22:00 - 21.08.2018 23:00","2056","2098"
"21.08.2018 23:00 - 22.08.2018 00:00","1881","1902"
"22.08.2018 00:00 - 22.08.2018 01:00","1758","1785"
"22.08.2018 01:00 - 22.08.2018 02:00","1713","1735"
"22.08.2018 02:00 - 22.08.2018 03:00","1696","1717"
"22.08.2018 03:00 - 22.08.2018 04:00","1704","1724"
"22.08.2018 04:00 - 22.08.2018 05:00","1756","1766"
"22.08.2018 05:00 - 22.08.2018 06:00","1903","1898"
"22.08.2018 06:00 - 22.08.2018 07:00","2213","2200"
"22.08.2018 07:00 - 22.08.2018 08:00","2553","2521"
"22.08.2018 08:00 - 22.08.2018 09:00","2691","2668"
"22.08.2018 09:00 - 22.08.2018 10:00","2696","2654"
"22.08.2018 10:00 - 22.08.2018 11:00","2745","2734"
"22.08.2018 11:00 - 22.08.2018 12:00","2753","2743"
"22.08.2018 12:00 - 22.08.2018 13:00","2688","2704"
"22.08.2018 13:00 - 22.08.2018 14:00","2742","2743"
"22.08.2018 14:00 - 22.08.2018 15:00","2729","2723"
"22.08.2018 15:00 - 22.08.2018 16:00","2631","2659"
"22.08.2018 16:00 - 22.08.2018 17:00","2626","2619"
"22.08.2018 17:00 - 22.08.2018 18:00","2758","2739"
"22.08.2018 18:00 - 22.08.2018 19:00","2629","2598"
"22.08.2018 19:00 - 22.08.2018 20:00","2431","2431"
"22.08.2018 20:00 - 22.08.2018 21:00","2308","2332"
"22.08.2018 21:00 - 22.08.2018 22:00","2307","2306"
"22.08.2018 22:00 - 22.08.2018 23:00","2136","2141"
"22.08.2018 23:00 - 23.08.2018 00:00","1953","1946"
"23.08.2018 00:00 - 23.08.2018 01:00","1797","1815"
"23.08.2018 01:00 - 23.08.2018 02:00","1719","1759"
"23.08.2018 02:00 - 23.08.2018 03:00","1711","1736"
"23.08.2018 03:00 - 23.08.2018 04:00","1732","1750"
"23.08.2018 04:00 - 23.08.2018 05:00","1780","1792"
"23.08.2018 05:00 - 23.08.2018 06:00","1931","1926"
"23.08.2018 06:00 - 23.08.2018 07:00","2230","2216"
"23.08.2018 07:00 - 23.08.2018 08:00","2552","2525"
"23.08.2018 08:00 - 23.08.2018 09:00","2670","2673"
"23.08.2018 09:00 - 23.08.2018 10:00","2722","2708"
"23.08.2018 10:00 - 23.08.2018 11:00","2810","2782"
"23.08.2018 11:00 - 23.08.2018 12:00","2794","2795"
"23.08.2018 12:00 - 23.08.2018 13:00","2749","2775"
"23.08.2018 13:00 - 23.08.2018 14:00","2823","2819"
"23.08.2018 14:00 - 23.08.2018 15:00","2772","2771"
"23.08.2018 15:00 - 23.08.2018 16:00","2621","2600"
"23.08.2018 16:00 - 23.08.2018 17:00","2576","2600"
"23.08.2018 17:00 - 23.08.2018 18:00","2682","2701"
"23.08.2018 18:00 - 23.08.2018 19:00","2607","2620"
"23.08.2018 19:00 - 23.08.2018 20:00","2498","2518"
"23.08.2018 20:00 - 23.08.2018 21:00","2425","2416"
"23.08.2018 21:00 - 23.08.2018 22:00","2399","2247"
"23.08.2018 22:00 - 23.08.2018 23:00","2230","2113"
"23.08.2018 23:00 - 24.08.2018 00:00","2060","1944"
"24.08.2018 00:00 - 24.08.2018 01:00","1812","1816"
"24.08.2018 01:00 - 24.08.2018 02:00","1709","1769"
"24.08.2018 02:00 - 24.08.2018 03:00","1708","1712"
"24.08.2018 03:00 - 24.08.2018 04:00","1708","1707"
"24.08.2018 04:00 - 24.08.2018 05:00","1751","1771"
"24.08.2018 05:00 - 24.08.2018 06:00","1894","1921"
"24.08.2018 06:00 - 24.08.2018 07:00","2219","2202"
"24.08.2018 07:00 - 24.08.2018 08:00","2543","2532"
"24.08.2018 08:00 - 24.08.2018 09:00","2671","2628"
"24.08.2018 09:00 - 24.08.2018 10:00","2669","2643"
"24.08.2018 10:00 - 24.08.2018 11:00","2734","2714"
"24.08.2018 11:00 - 24.08.2018 12:00","2652","2624"
"24.08.2018 12:00 - 24.08.2018 13:00","2557","2611"
"24.08.2018 13:00 - 24.08.2018 14:00","2620","2654"
"24.08.2018 14:00 - 24.08.2018 15:00","2509","2503"
"24.08.2018 15:00 - 24.08.2018 16:00","2365","2307"
"24.08.2018 16:00 - 24.08.2018 17:00","2336","2431"
"24.08.2018 17:00 - 24.08.2018 18:00","2485","2452"
"24.08.2018 18:00 - 24.08.2018 19:00","2444","2479"
"24.08.2018 19:00 - 24.08.2018 20:00","2268","2210"
"24.08.2018 20:00 - 24.08.2018 21:00","2090","2050"
"24.08.2018 21:00 - 24.08.2018 22:00","2021","2038"
"24.08.2018 22:00 - 24.08.2018 23:00","1876","1901"
"24.08.2018 23:00 - 25.08.2018 00:00","1731","1766"
"25.08.2018 00:00 - 25.08.2018 01:00","1646","1655"
"25.08.2018 01:00 - 25.08.2018 02:00","1560","1602"
"25.08.2018 02:00 - 25.08.2018 03:00","1535","1574"
"25.08.2018 03:00 - 25.08.2018 04:00","1556","1547"
"25.08.2018 04:00 - 25.08.2018 05:00","1555","1584"
"25.08.2018 05:00 - 25.08.2018 06:00","1602","1625"
"25.08.2018 06:00 - 25.08.2018 07:00","1685","1670"
"25.08.2018 07:00 - 25.08.2018 08:00","1838","1801"
"25.08.2018 08:00 - 25.08.2018 09:00","2035","1972"
"25.08.2018 09:00 - 25.08.2018 10:00","2093","2055"
"25.08.2018 10:00 - 25.08.2018 11:00","2129","2102"
"25.08.2018 11:00 - 25.08.2018 12:00","2106","2095"
"25.08.2018 12:00 - 25.08.2018 13:00","2064","2034"
"25.08.2018 13:00 - 25.08.2018 14:00","1993","1941"
"25.08.2018 14:00 - 25.08.2018 15:00","1939","1958"
"25.08.2018 15:00 - 25.08.2018 16:00","1935","1929"
"25.08.2018 16:00 - 25.08.2018 17:00","1964","1958"
"25.08.2018 17:00 - 25.08.2018 18:00","2074","2092"
"25.08.2018 18:00 - 25.08.2018 19:00","2080","2083"
"25.08.2018 19:00 - 25.08.2018 20:00","1950","1958"
"25.08.2018 20:00 - 25.08.2018 21:00","1904","1908"
"25.08.2018 21:00 - 25.08.2018 22:00","1883","1872"
"25.08.2018 22:00 - 25.08.2018 23:00","1755","1754"
"25.08.2018 23:00 - 26.08.2018 00:00","1631","1650"
"26.08.2018 00:00 - 26.08.2018 01:00","1525","1534"
"26.08.2018 01:00 - 26.08.2018 02:00","1457","1481"
"26.08.2018 02:00 - 26.08.2018 03:00","1435","1459"
"26.08.2018 03:00 - 26.08.2018 04:00","1451","1484"
"26.08.2018 04:00 - 26.08.2018 05:00","1485","1469"
"26.08.2018 05:00 - 26.08.2018 06:00","1499","1505"
"26.08.2018 06:00 - 26.08.2018 07:00","1515","1506"
"26.08.2018 07:00 - 26.08.2018 08:00","1628","1632"
"26.08.2018 08:00 - 26.08.2018 09:00","1823","1791"
"26.08.2018 09:00 - 26.08.2018 10:00","1931","1912"
"26.08.2018 10:00 - 26.08.2018 11:00","1981","1954"
"26.08.2018 11:00 - 26.08.2018 12:00","1971","1982"
"26.08.2018 12:00 - 26.08.2018 13:00","1982","1994"
"26.08.2018 13:00 - 26.08.2018 14:00","1980","1956"
"26.08.2018 14:00 - 26.08.2018 15:00","1903","1936"
"26.08.2018 15:00 - 26.08.2018 16:00","1934","1917"
"26.08.2018 16:00 - 26.08.2018 17:00","1994","1994"
"26.08.2018 17:00 - 26.08.2018 18:00","2178","2166"
"26.08.2018 18:00 - 26.08.2018 19:00","2141","2149"
"26.08.2018 19:00 - 26.08.2018 20:00","2048","2048"
"26.08.2018 20:00 - 26.08.2018 21:00","1985","2007"
"26.08.2018 21:00 - 26.08.2018 22:00","1943","1972"
"26.08.2018 22:00 - 26.08.2018 23:00","1816","1819"
"26.08.2018 23:00 - 27.08.2018 00:00","1708","1713"
"27.08.2018 00:00 - 27.08.2018 01:00","1630","1655"
"27.08.2018 01:00 - 27.08.2018 02:00","1614","1657"
"27.08.2018 02:00 - 27.08.2018 03:00","1625","1623"
"27.08.2018 03:00 - 27.08.2018 04:00","1641","1679"
"27.08.2018 04:00 - 27.08.2018 05:00","1689","1701"
"27.08.2018 05:00 - 27.08.2018 06:00","1837","1814"
"27.08.2018 06:00 - 27.08.2018 07:00","2132","2167"
"27.08.2018 07:00 - 27.08.2018 08:00","2502","2508"
"27.08.2018 08:00 - 27.08.2018 09:00","2691","2739"
"27.08.2018 09:00 - 27.08.2018 10:00","2790","2788"
"27.08.2018 10:00 - 27.08.2018 11:00","2857","2832"
"27.08.2018 11:00 - 27.08.2018 12:00","2861","2846"
"27.08.2018 12:00 - 27.08.2018 13:00","2794","2766"
"27.08.2018 13:00 - 27.08.2018 14:00","2800","2838"
"27.08.2018 14:00 - 27.08.2018 15:00","2809","2786"
"27.08.2018 15:00 - 27.08.2018 16:00","2660","2645"
"27.08.2018 16:00 - 27.08.2018 17:00","2590","2587"
"27.08.2018 17:00 - 27.08.2018 18:00","2655","2630"
"27.08.2018 18:00 - 27.08.2018 19:00","2558","2624"
"27.08.2018 19:00 - 27.08.2018 20:00","2450","2449"
"27.08.2018 20:00 - 27.08.2018 21:00","2329","2313"
"27.08.2018 21:00 - 27.08.2018 22:00","2281","2266"
"27.08.2018 22:00 - 27.08.2018 23:00","2116","2051"
"27.08.2018 23:00 - 28.08.2018 00:00","1957","1879"
"28.08.2018 00:00 - 28.08.2018 01:00","1762","1771"
"28.08.2018 01:00 - 28.08.2018 02:00","1702","1712"
"28.08.2018 02:00 - 28.08.2018 03:00","1678","1687"
"28.08.2018 03:00 - 28.08.2018 04:00","1707","1698"
"28.08.2018 04:00 - 28.08.2018 05:00","1759","1742"
"28.08.2018 05:00 - 28.08.2018 06:00","1906","1895"
"28.08.2018 06:00 - 28.08.2018 07:00","2230","2204"
"28.08.2018 07:00 - 28.08.2018 08:00","2561","2481"
"28.08.2018 08:00 - 28.08.2018 09:00","2636","2606"
"28.08.2018 09:00 - 28.08.2018 10:00","2624","2590"
"28.08.2018 10:00 - 28.08.2018 11:00","2669","2664"
"28.08.2018 11:00 - 28.08.2018 12:00","2683","2667"
"28.08.2018 12:00 - 28.08.2018 13:00","2631","2629"
"28.08.2018 13:00 - 28.08.2018 14:00","2683","2670"
"28.08.2018 14:00 - 28.08.2018 15:00","2628","2634"
"28.08.2018 15:00 - 28.08.2018 16:00","2518","2543"
"28.08.2018 16:00 - 28.08.2018 17:00","2506","2527"
"28.08.2018 17:00 - 28.08.2018 18:00","2616","2642"
"28.08.2018 18:00 - 28.08.2018 19:00","2546","2557"
"28.08.2018 19:00 - 28.08.2018 20:00","2418","2406"
"28.08.2018 20:00 - 28.08.2018 21:00","2351","2325"
"28.08.2018 21:00 - 28.08.2018 22:00","2233","2277"
"28.08.2018 22:00 - 28.08.2018 23:00","2056","2101"
"28.08.2018 23:00 - 29.08.2018 00:00","1886","1928"
"29.08.2018 00:00 - 29.08.2018 01:00","1783","1788"
"29.08.2018 01:00 - 29.08.2018 02:00","1691","1714"
"29.08.2018 02:00 - 29.08.2018 03:00","1668","1676"
"29.08.2018 03:00 - 29.08.2018 04:00","1684","1689"
"29.08.2018 04:00 - 29.08.2018 05:00","1736","1752"
"29.08.2018 05:00 - 29.08.2018 06:00","1901","1891"
"29.08.2018 06:00 - 29.08.2018 07:00","2214","2182"
"29.08.2018 07:00 - 29.08.2018 08:00","2524","2441"
"29.08.2018 08:00 - 29.08.2018 09:00","2614","2567"
"29.08.2018 09:00 - 29.08.2018 10:00","2590","2583"
"29.08.2018 10:00 - 29.08.2018 11:00","2674","2688"
"29.08.2018 11:00 - 29.08.2018 12:00","2694","2667"
"29.08.2018 12:00 - 29.08.2018 13:00","2635","2638"
"29.08.2018 13:00 - 29.08.2018 14:00","2681","2660"
"29.08.2018 14:00 - 29.08.2018 15:00","2643","2651"
"29.08.2018 15:00 - 29.08.2018 16:00","2559","2546"
"29.08.2018 16:00 - 29.08.2018 17:00","2500","2487"
"29.08.2018 17:00 - 29.08.2018 18:00","2578","2595"
"29.08.2018 18:00 - 29.08.2018 19:00","2493","2500"
"29.08.2018 19:00 - 29.08.2018 20:00","2362","2375"
"29.08.2018 20:00 - 29.08.2018 21:00","2316","2313"
"29.08.2018 21:00 - 29.08.2018 22:00","2218","2237"
"29.08.2018 22:00 - 29.08.2018 23:00","2039","2061"
"29.08.2018 23:00 - 30.08.2018 00:00","1873","1863"
"30.08.2018 00:00 - 30.08.2018 01:00","1730","1725"
"30.08.2018 01:00 - 30.08.2018 02:00","1635","1637"
"30.08.2018 02:00 - 30.08.2018 03:00","1593","1644"
"30.08.2018 03:00 - 30.08.2018 04:00","1650","1663"
"30.08.2018 04:00 - 30.08.2018 05:00","1720","1766"
"30.08.2018 05:00 - 30.08.2018 06:00","1909","1899"
"30.08.2018 06:00 - 30.08.2018 07:00","2230","2178"
"30.08.2018 07:00 - 30.08.2018 08:00","2550","2456"
"30.08.2018 08:00 - 30.08.2018 09:00","2610","2570"
"30.08.2018 09:00 - 30.08.2018 10:00","2624","2598"
"30.08.2018 10:00 - 30.08.2018 11:00","2699","2651"
"30.08.2018 11:00 - 30.08.2018 12:00","2670","2653"
"30.08.2018 12:00 - 30.08.2018 13:00","2620","2557"
"30.08.2018 13:00 - 30.08.2018 14:00","2670","2537"
"30.08.2018 14:00 - 30.08.2018 15:00","2695","2467"
"30.08.2018 15:00 - 30.08.2018 16:00","2469","2427"
"30.08.2018 16:00 - 30.08.2018 17:00","2428","2495"
"30.08.2018 17:00 - 30.08.2018 18:00","2624","2710"
"30.08.2018 18:00 - 30.08.2018 19:00","2599","2631"
"30.08.2018 19:00 - 30.08.2018 20:00","2483","2494"
"30.08.2018 20:00 - 30.08.2018 21:00","2402","2419"
"30.08.2018 21:00 - 30.08.2018 22:00","2308","2309"
"30.08.2018 22:00 - 30.08.2018 23:00","2133","2096"
"30.08.2018 23:00 - 31.08.2018 00:00","1973","1911"
"31.08.2018 00:00 - 31.08.2018 01:00","1782","1813"
"31.08.2018 01:00 - 31.08.2018 02:00","1724","1740"
"31.08.2018 02:00 - 31.08.2018 03:00","1701","1712"
"31.08.2018 03:00 - 31.08.2018 04:00","1699","1704"
"31.08.2018 04:00 - 31.08.2018 05:00","1746","1752"
"31.08.2018 05:00 - 31.08.2018 06:00","1910","1915"
"31.08.2018 06:00 - 31.08.2018 07:00","2247","2216"
"31.08.2018 07:00 - 31.08.2018 08:00","2563","2534"
"31.08.2018 08:00 - 31.08.2018 09:00","2694","2666"
"31.08.2018 09:00 - 31.08.2018 10:00","2726","2677"
"31.08.2018 10:00 - 31.08.2018 11:00","2754","2726"
"31.08.2018 11:00 - 31.08.2018 12:00","2718","2658"
"31.08.2018 12:00 - 31.08.2018 13:00","2549","2492"
"31.08.2018 13:00 - 31.08.2018 14:00","2444","2448"
"31.08.2018 14:00 - 31.08.2018 15:00","2375","2365"
"31.08.2018 15:00 - 31.08.2018 16:00","2268","2257"
"31.08.2018 16:00 - 31.08.2018 17:00","2251","2259"
"31.08.2018 17:00 - 31.08.2018 18:00","2355","2349"
"31.08.2018 18:00 - 31.08.2018 19:00","2294","2307"
"31.08.2018 19:00 - 31.08.2018 20:00","2126","2166"
"31.08.2018 20:00 - 31.08.2018 21:00","2083","2098"
"31.08.2018 21:00 - 31.08.2018 22:00","2029","2016"
"31.08.2018 22:00 - 31.08.2018 23:00","1863","1871"
"31.08.2018 23:00 - 01.09.2018 00:00","1717","1731"
"01.09.2018 00:00 - 01.09.2018 01:00","1626","1641"
"01.09.2018 01:00 - 01.09.2018 02:00","1557","1577"
"01.09.2018 02:00 - 01.09.2018 03:00","1528","1539"
"01.09.2018 03:00 - 01.09.2018 04:00","1520","1530"
"01.09.2018 04:00 - 01.09.2018 05:00","1547","1547"
"01.09.2018 05:00 - 01.09.2018 06:00","1591","1583"
"01.09.2018 06:00 - 01.09.2018 07:00","1656","1642"
"01.09.2018 07:00 - 01.09.2018 08:00","1809","1776"
"01.09.2018 08:00 - 01.09.2018 09:00","1993","1984"
"01.09.2018 09:00 - 01.09.2018 10:00","2115","2076"
"01.09.2018 10:00 - 01.09.2018 11:00","2140","2099"
"01.09.2018 11:00 - 01.09.2018 12:00","2106","2088"
"01.09.2018 12:00 - 01.09.2018 13:00","2046","2037"
"01.09.2018 13:00 - 01.09.2018 14:00","1996","2002"
"01.09.2018 14:00 - 01.09.2018 15:00","1962","1949"
"01.09.2018 15:00 - 01.09.2018 16:00","1926","1938"
"01.09.2018 16:00 - 01.09.2018 17:00","1967","1982"
"01.09.2018 17:00 - 01.09.2018 18:00","2104","2113"
"01.09.2018 18:00 - 01.09.2018 19:00","2106","2111"
"01.09.2018 19:00 - 01.09.2018 20:00","1983","2010"
"01.09.2018 20:00 - 01.09.2018 21:00","1954","1975"
"01.09.2018 21:00 - 01.09.2018 22:00","1911","1941"
"01.09.2018 22:00 - 01.09.2018 23:00","1764","1817"
"01.09.2018 23:00 - 02.09.2018 00:00","1628","1703"
"02.09.2018 00:00 - 02.09.2018 01:00","1587","1598"
"02.09.2018 01:00 - 02.09.2018 02:00","1513","1540"
"02.09.2018 02:00 - 02.09.2018 03:00","1491","1512"
"02.09.2018 03:00 - 02.09.2018 04:00","1478","1496"
"02.09.2018 04:00 - 02.09.2018 05:00","1491","1508"
"02.09.2018 05:00 - 02.09.2018 06:00","1532","1539"
"02.09.2018 06:00 - 02.09.2018 07:00","1582","1578"
"02.09.2018 07:00 - 02.09.2018 08:00","1700","1695"
"02.09.2018 08:00 - 02.09.2018 09:00","1897","1862"
"02.09.2018 09:00 - 02.09.2018 10:00","2008","1969"
"02.09.2018 10:00 - 02.09.2018 11:00","2049","2011"
"02.09.2018 11:00 - 02.09.2018 12:00","2041","2015"
"02.09.2018 12:00 - 02.09.2018 13:00","2028","2002"
"02.09.2018 13:00 - 02.09.2018 14:00","2002","1990"
"02.09.2018 14:00 - 02.09.2018 15:00","1983","1968"
"02.09.2018 15:00 - 02.09.2018 16:00","1968","1960"
"02.09.2018 16:00 - 02.09.2018 17:00","2026","2022"
"02.09.2018 17:00 - 02.09.2018 18:00","2233","2226"
"02.09.2018 18:00 - 02.09.2018 19:00","2218","2218"
"02.09.2018 19:00 - 02.09.2018 20:00","2102","2108"
"02.09.2018 20:00 - 02.09.2018 21:00","2067","2069"
"02.09.2018 21:00 - 02.09.2018 22:00","1997","2015"
"02.09.2018 22:00 - 02.09.2018 23:00","1865","1846"
"02.09.2018 23:00 - 03.09.2018 00:00","1746","1696"
"03.09.2018 00:00 - 03.09.2018 01:00","1606","1632"
"03.09.2018 01:00 - 03.09.2018 02:00","1585","1610"
"03.09.2018 02:00 - 03.09.2018 03:00","1593","1608"
"03.09.2018 03:00 - 03.09.2018 04:00","1624","1612"
"03.09.2018 04:00 - 03.09.2018 05:00","1670","1679"
"03.09.2018 05:00 - 03.09.2018 06:00","1826","1841"
"03.09.2018 06:00 - 03.09.2018 07:00","2162","2177"
"03.09.2018 07:00 - 03.09.2018 08:00","2511","2508"
"03.09.2018 08:00 - 03.09.2018 09:00","2672","2644"
"03.09.2018 09:00 - 03.09.2018 10:00","2689","2676"
"03.09.2018 10:00 - 03.09.2018 11:00","2750","2717"
"03.09.2018 11:00 - 03.09.2018 12:00","2729","2710"
"03.09.2018 12:00 - 03.09.2018 13:00","2657","2646"
"03.09.2018 13:00 - 03.09.2018 14:00","2667","2649"
"03.09.2018 14:00 - 03.09.2018 15:00","2587","2579"
"03.09.2018 15:00 - 03.09.2018 16:00","2487","2507"
"03.09.2018 16:00 - 03.09.2018 17:00","2467","2485"
"03.09.2018 17:00 - 03.09.2018 18:00","2605","2603"
"03.09.2018 18:00 - 03.09.2018 19:00","2522","2528"
"03.09.2018 19:00 - 03.09.2018 20:00","2406","2392"
"03.09.2018 20:00 - 03.09.2018 21:00","2359","2371"
"03.09.2018 21:00 - 03.09.2018 22:00","2271","2247"
"03.09.2018 22:00 - 03.09.2018 23:00","2105","2085"
"03.09.2018 23:00 - 04.09.2018 00:00","1957","1912"
"04.09.2018 00:00 - 04.09.2018 01:00","1785","1791"
"04.09.2018 01:00 - 04.09.2018 02:00","1699","1734"
"04.09.2018 02:00 - 04.09.2018 03:00","1669","1717"
"04.09.2018 03:00 - 04.09.2018 04:00","1705","1719"
"04.09.2018 04:00 - 04.09.2018 05:00","1765","1772"
"04.09.2018 05:00 - 04.09.2018 06:00","1920","1908"
"04.09.2018 06:00 - 04.09.2018 07:00","2255","2239"
"04.09.2018 07:00 - 04.09.2018 08:00","2548","2542"
"04.09.2018 08:00 - 04.09.2018 09:00","2683","2662"
"04.09.2018 09:00 - 04.09.2018 10:00","2710","2673"
"04.09.2018 10:00 - 04.09.2018 11:00","2756","2740"
"04.09.2018 11:00 - 04.09.2018 12:00","2776","2758"
"04.09.2018 12:00 - 04.09.2018 13:00","2695","2700"
"04.09.2018 13:00 - 04.09.2018 14:00","2726","2719"
"04.09.2018 14:00 - 04.09.2018 15:00","2677","2642"
"04.09.2018 15:00 - 04.09.2018 16:00","2541","2561"
"04.09.2018 16:00 - 04.09.2018 17:00","2516","2520"
"04.09.2018 17:00 - 04.09.2018 18:00","2597","2616"
"04.09.2018 18:00 - 04.09.2018 19:00","2515","2518"
"04.09.2018 19:00 - 04.09.2018 20:00","2395","2390"
"04.09.2018 20:00 - 04.09.2018 21:00","2355","2362"
"04.09.2018 21:00 - 04.09.2018 22:00","2240","2284"
"04.09.2018 22:00 - 04.09.2018 23:00","2079","2101"
"04.09.2018 23:00 - 05.09.2018 00:00","1926","1905"
"05.09.2018 00:00 - 05.09.2018 01:00","1768","1794"
"05.09.2018 01:00 - 05.09.2018 02:00","1684","1744"
"05.09.2018 02:00 - 05.09.2018 03:00","1688","1725"
"05.09.2018 03:00 - 05.09.2018 04:00","1721","1736"
"05.09.2018 04:00 - 05.09.2018 05:00","1781","1783"
"05.09.2018 05:00 - 05.09.2018 06:00","1934","1922"
"05.09.2018 06:00 - 05.09.2018 07:00","2271","2233"
"05.09.2018 07:00 - 05.09.2018 08:00","2537","2519"
"05.09.2018 08:00 - 05.09.2018 09:00","2658","2647"
"05.09.2018 09:00 - 05.09.2018 10:00","2696","2672"
"05.09.2018 10:00 - 05.09.2018 11:00","2775","2754"
"05.09.2018 11:00 - 05.09.2018 12:00","2772","2754"
"05.09.2018 12:00 - 05.09.2018 13:00","2710","2736"
"05.09.2018 13:00 - 05.09.2018 14:00","2774","2771"
"05.09.2018 14:00 - 05.09.2018 15:00","2727","2688"
"05.09.2018 15:00 - 05.09.2018 16:00","2574","2570"
"05.09.2018 16:00 - 05.09.2018 17:00","2513","2494"
"05.09.2018 17:00 - 05.09.2018 18:00","2576","2584"
"05.09.2018 18:00 - 05.09.2018 19:00","2483","2483"
"05.09.2018 19:00 - 05.09.2018 20:00","2378","2383"
"05.09.2018 20:00 - 05.09.2018 21:00","2313","2291"
"05.09.2018 21:00 - 05.09.2018 22:00","2192","2244"
"05.09.2018 22:00 - 05.09.2018 23:00","2037","2086"
"05.09.2018 23:00 - 06.09.2018 00:00","1884","1894"
"06.09.2018 00:00 - 06.09.2018 01:00","1753","1781"
"06.09.2018 01:00 - 06.09.2018 02:00","1681","1716"
"06.09.2018 02:00 - 06.09.2018 03:00","1683","1705"
"06.09.2018 03:00 - 06.09.2018 04:00","1698","1709"
"06.09.2018 04:00 - 06.09.2018 05:00","1749","1760"
"06.09.2018 05:00 - 06.09.2018 06:00","1889","1886"
"06.09.2018 06:00 - 06.09.2018 07:00","2202","2201"
"06.09.2018 07:00 - 06.09.2018 08:00","2524","2506"
"06.09.2018 08:00 - 06.09.2018 09:00","2647","2637"
"06.09.2018 09:00 - 06.09.2018 10:00","2695","2671"
"06.09.2018 10:00 - 06.09.2018 11:00","2746","2736"
"06.09.2018 11:00 - 06.09.2018 12:00","2734","2723"
"06.09.2018 12:00 - 06.09.2018 13:00","2689","2686"
"06.09.2018 13:00 - 06.09.2018 14:00","2717","2722"
"06.09.2018 14:00 - 06.09.2018 15:00","2679","2667"
"06.09.2018 15:00 - 06.09.2018 16:00","2541","2556"
"06.09.2018 16:00 - 06.09.2018 17:00","2534","2538"
"06.09.2018 17:00 - 06.09.2018 18:00","2629","2589"
"06.09.2018 18:00 - 06.09.2018 19:00","2532","2564"
"06.09.2018 19:00 - 06.09.2018 20:00","2434","2438"
"06.09.2018 20:00 - 06.09.2018 21:00","2421","2441"
"06.09.2018 21:00 - 06.09.2018 22:00","2295","2306"
"06.09.2018 22:00 - 06.09.2018 23:00","2100","2162"
"06.09.2018 23:00 - 07.09.2018 00:00","1937","1971"
"07.09.2018 00:00 - 07.09.2018 01:00","1839","1847"
"07.09.2018 01:00 - 07.09.2018 02:00","1768","1816"
"07.09.2018 02:00 - 07.09.2018 03:00","1775","1808"
"07.09.2018 03:00 - 07.09.2018 04:00","1783","1767"
"07.09.2018 04:00 - 07.09.2018 05:00","1808","1834"
"07.09.2018 05:00 - 07.09.2018 06:00","1942","1977"
"07.09.2018 06:00 - 07.09.2018 07:00","2334","2302"
"07.09.2018 07:00 - 07.09.2018 08:00","2616","2568"
"07.09.2018 08:00 - 07.09.2018 09:00","2703","2713"
"07.09.2018 09:00 - 07.09.2018 10:00","2736","2730"
"07.09.2018 10:00 - 07.09.2018 11:00","2783","2742"
"07.09.2018 11:00 - 07.09.2018 12:00","2744","2738"
"07.09.2018 12:00 - 07.09.2018 13:00","2631","2634"
"07.09.2018 13:00 - 07.09.2018 14:00","2576","2546"
"07.09.2018 14:00 - 07.09.2018 15:00","2436","2442"
"07.09.2018 15:00 - 07.09.2018 16:00","2382","2377"
"07.09.2018 16:00 - 07.09.2018 17:00","2402","2455"
"07.09.2018 17:00 - 07.09.2018 18:00","2565","2536"
"07.09.2018 18:00 - 07.09.2018 19:00","2473","2407"
"07.09.2018 19:00 - 07.09.2018 20:00","2245","2257"
"07.09.2018 20:00 - 07.09.2018 21:00","2221","2189"
"07.09.2018 21:00 - 07.09.2018 22:00","2096","2082"
"07.09.2018 22:00 - 07.09.2018 23:00","1972","1940"
"07.09.2018 23:00 - 08.09.2018 00:00","1839","1792"
"08.09.2018 00:00 - 08.09.2018 01:00","1647","1650"
"08.09.2018 01:00 - 08.09.2018 02:00","1570","1608"
"08.09.2018 02:00 - 08.09.2018 03:00","1550","1545"
"08.09.2018 03:00 - 08.09.2018 04:00","1518","1534"
"08.09.2018 04:00 - 08.09.2018 05:00","1537","1565"
"08.09.2018 05:00 - 08.09.2018 06:00","1612","1629"
"08.09.2018 06:00 - 08.09.2018 07:00","1730","1718"
"08.09.2018 07:00 - 08.09.2018 08:00","1862","1838"
"08.09.2018 08:00 - 08.09.2018 09:00","2015","1981"
"08.09.2018 09:00 - 08.09.2018 10:00","2147","2200"
"08.09.2018 10:00 - 08.09.2018 11:00","2188","2193"
"08.09.2018 11:00 - 08.09.2018 12:00","2210","2203"
"08.09.2018 12:00 - 08.09.2018 13:00","2224","2247"
"08.09.2018 13:00 - 08.09.2018 14:00","2197","2236"
"08.09.2018 14:00 - 08.09.2018 15:00","2216","2202"
"08.09.2018 15:00 - 08.09.2018 16:00","2141","2129"
"08.09.2018 16:00 - 08.09.2018 17:00","2150","2134"
"08.09.2018 17:00 - 08.09.2018 18:00","2244","2197"
"08.09.2018 18:00 - 08.09.2018 19:00","2168","2175"
"08.09.2018 19:00 - 08.09.2018 20:00","2079","2083"
"08.09.2018 20:00 - 08.09.2018 21:00","2028","1999"
"08.09.2018 21:00 - 08.09.2018 22:00","1909","1924"
"08.09.2018 22:00 - 08.09.2018 23:00","1778","1785"
"08.09.2018 23:00 - 09.09.2018 00:00","1674","1636"
"09.09.2018 00:00 - 09.09.2018 01:00","1563","1598"
"09.09.2018 01:00 - 09.09.2018 02:00","1536","1534"
"09.09.2018 02:00 - 09.09.2018 03:00","1494","1511"
"09.09.2018 03:00 - 09.09.2018 04:00","1501","1521"
"09.09.2018 04:00 - 09.09.2018 05:00","1522","1527"
"09.09.2018 05:00 - 09.09.2018 06:00","1558","1554"
"09.09.2018 06:00 - 09.09.2018 07:00","1609","1608"
"09.09.2018 07:00 - 09.09.2018 08:00","1739","1729"
"09.09.2018 08:00 - 09.09.2018 09:00","1880","1895"
"09.09.2018 09:00 - 09.09.2018 10:00","2026","2041"
"09.09.2018 10:00 - 09.09.2018 11:00","2046","2015"
"09.09.2018 11:00 - 09.09.2018 12:00","2046","2053"
"09.09.2018 12:00 - 09.09.2018 13:00","2079","2082"
"09.09.2018 13:00 - 09.09.2018 14:00","2080","2068"
"09.09.2018 14:00 - 09.09.2018 15:00","2043","2059"
"09.09.2018 15:00 - 09.09.2018 16:00","2046","2066"
"09.09.2018 16:00 - 09.09.2018 17:00","2130","2132"
"09.09.2018 17:00 - 09.09.2018 18:00","2304","2302"
"09.09.2018 18:00 - 09.09.2018 19:00","2242","2236"
"09.09.2018 19:00 - 09.09.2018 20:00","2142","2116"
"09.09.2018 20:00 - 09.09.2018 21:00","2101","2111"
"09.09.2018 21:00 - 09.09.2018 22:00","2037","2008"
"09.09.2018 22:00 - 09.09.2018 23:00","1908","1836"
"09.09.2018 23:00 - 10.09.2018 00:00","1789","1721"
"10.09.2018 00:00 - 10.09.2018 01:00","1643","1648"
"10.09.2018 01:00 - 10.09.2018 02:00","1592","1610"
"10.09.2018 02:00 - 10.09.2018 03:00","1606","1615"
"10.09.2018 03:00 - 10.09.2018 04:00","1643","1632"
"10.09.2018 04:00 - 10.09.2018 05:00","1684","1652"
"10.09.2018 05:00 - 10.09.2018 06:00","1796","1780"
"10.09.2018 06:00 - 10.09.2018 07:00","2162","2171"
"10.09.2018 07:00 - 10.09.2018 08:00","2454","2401"
"10.09.2018 08:00 - 10.09.2018 09:00","2565","2577"
"10.09.2018 09:00 - 10.09.2018 10:00","2607","2607"
"10.09.2018 10:00 - 10.09.2018 11:00","2615","2566"
"10.09.2018 11:00 - 10.09.2018 12:00","2693","2735"
"10.09.2018 12:00 - 10.09.2018 13:00","2711","2615"
"10.09.2018 13:00 - 10.09.2018 14:00","2680","2739"
"10.09.2018 14:00 - 10.09.2018 15:00","2697","2694"
"10.09.2018 15:00 - 10.09.2018 16:00","2567","2557"
"10.09.2018 16:00 - 10.09.2018 17:00","2521","2538"
"10.09.2018 17:00 - 10.09.2018 18:00","2646","2617"
"10.09.2018 18:00 - 10.09.2018 19:00","2540","2534"
"10.09.2018 19:00 - 10.09.2018 20:00","2418","2415"
"10.09.2018 20:00 - 10.09.2018 21:00","2381","2365"
"10.09.2018 21:00 - 10.09.2018 22:00","2265","2221"
"10.09.2018 22:00 - 10.09.2018 23:00","2104","2035"
"10.09.2018 23:00 - 11.09.2018 00:00","1954","1872"
"11.09.2018 00:00 - 11.09.2018 01:00","1751","1759"
"11.09.2018 01:00 - 11.09.2018 02:00","1664","1713"
"11.09.2018 02:00 - 11.09.2018 03:00","1667","1668"
"11.09.2018 03:00 - 11.09.2018 04:00","1677","1694"
"11.09.2018 04:00 - 11.09.2018 05:00","1750","1731"
"11.09.2018 05:00 - 11.09.2018 06:00","1877","1892"
"11.09.2018 06:00 - 11.09.2018 07:00","2253","2236"
"11.09.2018 07:00 - 11.09.2018 08:00","2588","2578"
"11.09.2018 08:00 - 11.09.2018 09:00","2722","2728"
"11.09.2018 09:00 - 11.09.2018 10:00","2793","2810"
"11.09.2018 10:00 - 11.09.2018 11:00","2928","2953"
"11.09.2018 11:00 - 11.09.2018 12:00","2851","2872"
"11.09.2018 12:00 - 11.09.2018 13:00","2910","3602"
"11.09.2018 13:00 - 11.09.2018 14:00","2982","3022"
"11.09.2018 14:00 - 11.09.2018 15:00","2934","2952"
"11.09.2018 15:00 - 11.09.2018 16:00","2823","2835"
"11.09.2018 16:00 - 11.09.2018 17:00","2784","2758"
"11.09.2018 17:00 - 11.09.2018 18:00","2831","2758"
"11.09.2018 18:00 - 11.09.2018 19:00","2720","2714"
"11.09.2018 19:00 - 11.09.2018 20:00","2606","2583"
"11.09.2018 20:00 - 11.09.2018 21:00","2530","2490"
"11.09.2018 21:00 - 11.09.2018 22:00","2346","2337"
"11.09.2018 22:00 - 11.09.2018 23:00","2154","2142"
"11.09.2018 23:00 - 12.09.2018 00:00","2000","1967"
"12.09.2018 00:00 - 12.09.2018 01:00","1849","1771"
"12.09.2018 01:00 - 12.09.2018 02:00","1710","1734"
"12.09.2018 02:00 - 12.09.2018 03:00","1687","1717"
"12.09.2018 03:00 - 12.09.2018 04:00","1721","1729"
"12.09.2018 04:00 - 12.09.2018 05:00","1769","1762"
"12.09.2018 05:00 - 12.09.2018 06:00","1916","1914"
"12.09.2018 06:00 - 12.09.2018 07:00","2310","2339"
"12.09.2018 07:00 - 12.09.2018 08:00","2654","2636"
"12.09.2018 08:00 - 12.09.2018 09:00","2723","2720"
"12.09.2018 09:00 - 12.09.2018 10:00","2726","2727"
"12.09.2018 10:00 - 12.09.2018 11:00","2773","2763"
"12.09.2018 11:00 - 12.09.2018 12:00","2761","2749"
"12.09.2018 12:00 - 12.09.2018 13:00","2703","2689"
"12.09.2018 13:00 - 12.09.2018 14:00","2727","2737"
"12.09.2018 14:00 - 12.09.2018 15:00","2702","2711"
"12.09.2018 15:00 - 12.09.2018 16:00","2570","2548"
"12.09.2018 16:00 - 12.09.2018 17:00","2524","2558"
"12.09.2018 17:00 - 12.09.2018 18:00","2667","2701"
"12.09.2018 18:00 - 12.09.2018 19:00","2610","2597"
"12.09.2018 19:00 - 12.09.2018 20:00","2470","2447"
"12.09.2018 20:00 - 12.09.2018 21:00","2455","2457"
"12.09.2018 21:00 - 12.09.2018 22:00","2315","2322"
"12.09.2018 22:00 - 12.09.2018 23:00","2123","2102"
"12.09.2018 23:00 - 13.09.2018 00:00","1959","1909"
"13.09.2018 00:00 - 13.09.2018 01:00","1764","1791"
"13.09.2018 01:00 - 13.09.2018 02:00","1708","1733"
"13.09.2018 02:00 - 13.09.2018 03:00","1686","1708"
"13.09.2018 03:00 - 13.09.2018 04:00","1692","1712"
"13.09.2018 04:00 - 13.09.2018 05:00","1759","1753"
"13.09.2018 05:00 - 13.09.2018 06:00","1911","1904"
"13.09.2018 06:00 - 13.09.2018 07:00","2285","2245"
"13.09.2018 07:00 - 13.09.2018 08:00","2552","2515"
"13.09.2018 08:00 - 13.09.2018 09:00","2641","2649"
"13.09.2018 09:00 - 13.09.2018 10:00","2688","2656"
"13.09.2018 10:00 - 13.09.2018 11:00","2726","2708"
"13.09.2018 11:00 - 13.09.2018 12:00","2757","2736"
"13.09.2018 12:00 - 13.09.2018 13:00","2648","2642"
"13.09.2018 13:00 - 13.09.2018 14:00","2666","2672"
"13.09.2018 14:00 - 13.09.2018 15:00","2633","2672"
"13.09.2018 15:00 - 13.09.2018 16:00","2599","2598"
"13.09.2018 16:00 - 13.09.2018 17:00","2546","2564"
"13.09.2018 17:00 - 13.09.2018 18:00","2672","2656"
"13.09.2018 18:00 - 13.09.2018 19:00","2544","2546"
"13.09.2018 19:00 - 13.09.2018 20:00","2453","2438"
"13.09.2018 20:00 - 13.09.2018 21:00","2410","2411"
"13.09.2018 21:00 - 13.09.2018 22:00","2253","2268"
"13.09.2018 22:00 - 13.09.2018 23:00","2077","2073"
"13.09.2018 23:00 - 14.09.2018 00:00","1918","1908"
"14.09.2018 00:00 - 14.09.2018 01:00","1770","1794"
"14.09.2018 01:00 - 14.09.2018 02:00","1707","1765"
"14.09.2018 02:00 - 14.09.2018 03:00","1706","1729"
"14.09.2018 03:00 - 14.09.2018 04:00","1735","1734"
"14.09.2018 04:00 - 14.09.2018 05:00","1776","1783"
"14.09.2018 05:00 - 14.09.2018 06:00","1930","1926"
"14.09.2018 06:00 - 14.09.2018 07:00","2287","2285"
"14.09.2018 07:00 - 14.09.2018 08:00","2595","2572"
"14.09.2018 08:00 - 14.09.2018 09:00","2693","2684"
"14.09.2018 09:00 - 14.09.2018 10:00","2714","2672"
"14.09.2018 10:00 - 14.09.2018 11:00","2732","2729"
"14.09.2018 11:00 - 14.09.2018 12:00","2723","2702"
"14.09.2018 12:00 - 14.09.2018 13:00","2588","2616"
"14.09.2018 13:00 - 14.09.2018 14:00","2561","2557"
"14.09.2018 14:00 - 14.09.2018 15:00","2440","2444"
"14.09.2018 15:00 - 14.09.2018 16:00","2361","2385"
"14.09.2018 16:00 - 14.09.2018 17:00","2404","2429"
"14.09.2018 17:00 - 14.09.2018 18:00","2510","2493"
"14.09.2018 18:00 - 14.09.2018 19:00","2431","2449"
"14.09.2018 19:00 - 14.09.2018 20:00","2311","2292"
"14.09.2018 20:00 - 14.09.2018 21:00","2235","2232"
"14.09.2018 21:00 - 14.09.2018 22:00","2084","2092"
"14.09.2018 22:00 - 14.09.2018 23:00","1933","1980"
"14.09.2018 23:00 - 15.09.2018 00:00","1788","1753"
"15.09.2018 00:00 - 15.09.2018 01:00","1631","1612"
"15.09.2018 01:00 - 15.09.2018 02:00","1546","1570"
"15.09.2018 02:00 - 15.09.2018 03:00","1530","1549"
"15.09.2018 03:00 - 15.09.2018 04:00","1533","1537"
"15.09.2018 04:00 - 15.09.2018 05:00","1551","1554"
"15.09.2018 05:00 - 15.09.2018 06:00","1601","1597"
"15.09.2018 06:00 - 15.09.2018 07:00","1705","1693"
"15.09.2018 07:00 - 15.09.2018 08:00","1847","1844"
"15.09.2018 08:00 - 15.09.2018 09:00","2033","1999"
"15.09.2018 09:00 - 15.09.2018 10:00","2124","2061"
"15.09.2018 10:00 - 15.09.2018 11:00","2103","2091"
"15.09.2018 11:00 - 15.09.2018 12:00","2099","2091"
"15.09.2018 12:00 - 15.09.2018 13:00","2087","2082"
"15.09.2018 13:00 - 15.09.2018 14:00","2052","2053"
"15.09.2018 14:00 - 15.09.2018 15:00","2022","2024"
"15.09.2018 15:00 - 15.09.2018 16:00","1987","1959"
"15.09.2018 16:00 - 15.09.2018 17:00","2009","1999"
"15.09.2018 17:00 - 15.09.2018 18:00","2141","2127"
"15.09.2018 18:00 - 15.09.2018 19:00","2124","2131"
"15.09.2018 19:00 - 15.09.2018 20:00","2025","2025"
"15.09.2018 20:00 - 15.09.2018 21:00","2004","1991"
"15.09.2018 21:00 - 15.09.2018 22:00","1868","1900"
"15.09.2018 22:00 - 15.09.2018 23:00","1728","1782"
"15.09.2018 23:00 - 16.09.2018 00:00","1601","1663"
"16.09.2018 00:00 - 16.09.2018 01:00","1563","1588"
"16.09.2018 01:00 - 16.09.2018 02:00","1504","1521"
"16.09.2018 02:00 - 16.09.2018 03:00","1465","1466"
"16.09.2018 03:00 - 16.09.2018 04:00","1443","1465"
"16.09.2018 04:00 - 16.09.2018 05:00","1464","1480"
"16.09.2018 05:00 - 16.09.2018 06:00","1516","1525"
"16.09.2018 06:00 - 16.09.2018 07:00","1591","1608"
"16.09.2018 07:00 - 16.09.2018 08:00","1707","1717"
"16.09.2018 08:00 - 16.09.2018 09:00","1892","1882"
"16.09.2018 09:00 - 16.09.2018 10:00","2006","1992"
"16.09.2018 10:00 - 16.09.2018 11:00","2060","2046"
"16.09.2018 11:00 - 16.09.2018 12:00","2063","2061"
"16.09.2018 12:00 - 16.09.2018 13:00","2063","2084"
"16.09.2018 13:00 - 16.09.2018 14:00","2067","2108"
"16.09.2018 14:00 - 16.09.2018 15:00","2080","2101"
"16.09.2018 15:00 - 16.09.2018 16:00","2046","2039"
"16.09.2018 16:00 - 16.09.2018 17:00","2074","2121"
"16.09.2018 17:00 - 16.09.2018 18:00","2298","2320"
"16.09.2018 18:00 - 16.09.2018 19:00","2283","2299"
"16.09.2018 19:00 - 16.09.2018 20:00","2214","2269"
"16.09.2018 20:00 - 16.09.2018 21:00","2203","2178"
"16.09.2018 21:00 - 16.09.2018 22:00","2051","2016"
"16.09.2018 22:00 - 16.09.2018 23:00","1911","1859"
"16.09.2018 23:00 - 17.09.2018 00:00","1798","1781"
"17.09.2018 00:00 - 17.09.2018 01:00","1706","1713"
"17.09.2018 01:00 - 17.09.2018 02:00","1654","1650"
"17.09.2018 02:00 - 17.09.2018 03:00","1621","1627"
"17.09.2018 03:00 - 17.09.2018 04:00","1624","1602"
"17.09.2018 04:00 - 17.09.2018 05:00","1662","1652"
"17.09.2018 05:00 - 17.09.2018 06:00","1820","1832"
"17.09.2018 06:00 - 17.09.2018 07:00","2200","2225"
"17.09.2018 07:00 - 17.09.2018 08:00","2502","2460"
"17.09.2018 08:00 - 17.09.2018 09:00","2601","2593"
"17.09.2018 09:00 - 17.09.2018 10:00","2647","2635"
"17.09.2018 10:00 - 17.09.2018 11:00","2714","2709"
"17.09.2018 11:00 - 17.09.2018 12:00","2718","2705"
"17.09.2018 12:00 - 17.09.2018 13:00","2664","2643"
"17.09.2018 13:00 - 17.09.2018 14:00","2642","2644"
"17.09.2018 14:00 - 17.09.2018 15:00","2590","2617"
"17.09.2018 15:00 - 17.09.2018 16:00","2532","2539"
"17.09.2018 16:00 - 17.09.2018 17:00","2479","2460"
"17.09.2018 17:00 - 17.09.2018 18:00","2598","2636"
"17.09.2018 18:00 - 17.09.2018 19:00","2553","2546"
"17.09.2018 19:00 - 17.09.2018 20:00","2459","2441"
"17.09.2018 20:00 - 17.09.2018 21:00","2417","2393"
"17.09.2018 21:00 - 17.09.2018 22:00","2270","2236"
"17.09.2018 22:00 - 17.09.2018 23:00","2098","2068"
"17.09.2018 23:00 - 18.09.2018 00:00","1939","1905"
"18.09.2018 00:00 - 18.09.2018 01:00","1785","1804"
"18.09.2018 01:00 - 18.09.2018 02:00","1738","1760"
"18.09.2018 02:00 - 18.09.2018 03:00","1723","1732"
"18.09.2018 03:00 - 18.09.2018 04:00","1727","1732"
"18.09.2018 04:00 - 18.09.2018 05:00","1767","1773"
"18.09.2018 05:00 - 18.09.2018 06:00","1927","1908"
"18.09.2018 06:00 - 18.09.2018 07:00","2288","2252"
"18.09.2018 07:00 - 18.09.2018 08:00","2599","2547"
"18.09.2018 08:00 - 18.09.2018 09:00","2675","2672"
"18.09.2018 09:00 - 18.09.2018 10:00","2686","2652"
"18.09.2018 10:00 - 18.09.2018 11:00","2735","2709"
"18.09.2018 11:00 - 18.09.2018 12:00","2711","2696"
"18.09.2018 12:00 - 18.09.2018 13:00","2654","2662"
"18.09.2018 13:00 - 18.09.2018 14:00","2696","2692"
"18.09.2018 14:00 - 18.09.2018 15:00","2618","2628"
"18.09.2018 15:00 - 18.09.2018 16:00","2529","2551"
"18.09.2018 16:00 - 18.09.2018 17:00","2530","2602"
"18.09.2018 17:00 - 18.09.2018 18:00","2720","2761"
"18.09.2018 18:00 - 18.09.2018 19:00","2665","2692"
"18.09.2018 19:00 - 18.09.2018 20:00","2589","2583"
"18.09.2018 20:00 - 18.09.2018 21:00","2540","2544"
"18.09.2018 21:00 - 18.09.2018 22:00","2375","2358"
"18.09.2018 22:00 - 18.09.2018 23:00","2192","2142"
"18.09.2018 23:00 - 19.09.2018 00:00","2012","1945"
"19.09.2018 00:00 - 19.09.2018 01:00","1810","1819"
"19.09.2018 01:00 - 19.09.2018 02:00","1722","1742"
"19.09.2018 02:00 - 19.09.2018 03:00","1695","1705"
"19.09.2018 03:00 - 19.09.2018 04:00","1712","1735"
"19.09.2018 04:00 - 19.09.2018 05:00","1784","1801"
"19.09.2018 05:00 - 19.09.2018 06:00","1959","1939"
"19.09.2018 06:00 - 19.09.2018 07:00","2327","2310"
"19.09.2018 07:00 - 19.09.2018 08:00","2607","2568"
"19.09.2018 08:00 - 19.09.2018 09:00","2676","2632"
"19.09.2018 09:00 - 19.09.2018 10:00","2641","2586"
"19.09.2018 10:00 - 19.09.2018 11:00","2747","2782"
"19.09.2018 11:00 - 19.09.2018 12:00","2775","2750"
"19.09.2018 12:00 - 19.09.2018 13:00","2671","2695"
"19.09.2018 13:00 - 19.09.2018 14:00","2757","2799"
"19.09.2018 14:00 - 19.09.2018 15:00","2747","2730"
"19.09.2018 15:00 - 19.09.2018 16:00","2624","2626"
"19.09.2018 16:00 - 19.09.2018 17:00","2608","2647"
"19.09.2018 17:00 - 19.09.2018 18:00","2795","2811"
"19.09.2018 18:00 - 19.09.2018 19:00","2668","2679"
"19.09.2018 19:00 - 19.09.2018 20:00","2591","2615"
"19.09.2018 20:00 - 19.09.2018 21:00","2577","2905"
"19.09.2018 21:00 - 19.09.2018 22:00","2414","2413"
"19.09.2018 22:00 - 19.09.2018 23:00","2208","2224"
"19.09.2018 23:00 - 20.09.2018 00:00","2013","2024"
"20.09.2018 00:00 - 20.09.2018 01:00","1882","1881"
"20.09.2018 01:00 - 20.09.2018 02:00","1801","1830"
"20.09.2018 02:00 - 20.09.2018 03:00","1783","1780"
"20.09.2018 03:00 - 20.09.2018 04:00","1750","1725"
"20.09.2018 04:00 - 20.09.2018 05:00","1763","1761"
"20.09.2018 05:00 - 20.09.2018 06:00","1955","1982"
"20.09.2018 06:00 - 20.09.2018 07:00","2342","2289"
"20.09.2018 07:00 - 20.09.2018 08:00","2640","2595"
"20.09.2018 08:00 - 20.09.2018 09:00","2750","2744"
"20.09.2018 09:00 - 20.09.2018 10:00","2784","2760"
"20.09.2018 10:00 - 20.09.2018 11:00","2809","2795"
"20.09.2018 11:00 - 20.09.2018 12:00","2830","2853"
"20.09.2018 12:00 - 20.09.2018 13:00","2785","2760"
"20.09.2018 13:00 - 20.09.2018 14:00","2789","2752"
"20.09.2018 14:00 - 20.09.2018 15:00","2720","2706"
"20.09.2018 15:00 - 20.09.2018 16:00","2603","2611"
"20.09.2018 16:00 - 20.09.2018 17:00","2589","2596"
"20.09.2018 17:00 - 20.09.2018 18:00","2641","2554"
"20.09.2018 18:00 - 20.09.2018 19:00","2458","2464"
"20.09.2018 19:00 - 20.09.2018 20:00","2420","2394"
"20.09.2018 20:00 - 20.09.2018 21:00","2336","2312"
"20.09.2018 21:00 - 20.09.2018 22:00","2171","2258"
"20.09.2018 22:00 - 20.09.2018 23:00","2049","2083"
"20.09.2018 23:00 - 21.09.2018 00:00","1932","1913"
"21.09.2018 00:00 - 21.09.2018 01:00","1790","1849"
"21.09.2018 01:00 - 21.09.2018 02:00","1801","1865"
"21.09.2018 02:00 - 21.09.2018 03:00","1812","1850"
"21.09.2018 03:00 - 21.09.2018 04:00","1820","1804"
"21.09.2018 04:00 - 21.09.2018 05:00","1818","1819"
"21.09.2018 05:00 - 21.09.2018 06:00","1964","1962"
"21.09.2018 06:00 - 21.09.2018 07:00","2307","2302"
"21.09.2018 07:00 - 21.09.2018 08:00","2642","2640"
"21.09.2018 08:00 - 21.09.2018 09:00","2735","2718"
"21.09.2018 09:00 - 21.09.2018 10:00","2719","2709"
"21.09.2018 10:00 - 21.09.2018 11:00","2812","2840"
"21.09.2018 11:00 - 21.09.2018 12:00","2833","2858"
"21.09.2018 12:00 - 21.09.2018 13:00","2753","2770"
"21.09.2018 13:00 - 21.09.2018 14:00","2705","2688"
"21.09.2018 14:00 - 21.09.2018 15:00","2532","2486"
"21.09.2018 15:00 - 21.09.2018 16:00","2395","2386"
"21.09.2018 16:00 - 21.09.2018 17:00","2368","2361"
"21.09.2018 17:00 - 21.09.2018 18:00","2453","2447"
"21.09.2018 18:00 - 21.09.2018 19:00","2406","2415"
"21.09.2018 19:00 - 21.09.2018 20:00","2330","2311"
"21.09.2018 20:00 - 21.09.2018 21:00","2240","2195"
"21.09.2018 21:00 - 21.09.2018 22:00","2061","2068"
"21.09.2018 22:00 - 21.09.2018 23:00","1929","1907"
"21.09.2018 23:00 - 22.09.2018 00:00","1812","1795"
"22.09.2018 00:00 - 22.09.2018 01:00","1691","1710"
"22.09.2018 01:00 - 22.09.2018 02:00","1639","1669"
"22.09.2018 02:00 - 22.09.2018 03:00","1613","1619"
"22.09.2018 03:00 - 22.09.2018 04:00","1589","1587"
"22.09.2018 04:00 - 22.09.2018 05:00","1588","1597"
"22.09.2018 05:00 - 22.09.2018 06:00","1641","1654"
"22.09.2018 06:00 - 22.09.2018 07:00","1764","1746"
"22.09.2018 07:00 - 22.09.2018 08:00","1904","1890"
"22.09.2018 08:00 - 22.09.2018 09:00","2063","2059"
"22.09.2018 09:00 - 22.09.2018 10:00","2193","2186"
"22.09.2018 10:00 - 22.09.2018 11:00","2231","2229"
"22.09.2018 11:00 - 22.09.2018 12:00","2212","2199"
"22.09.2018 12:00 - 22.09.2018 13:00","2213","2255"
"22.09.2018 13:00 - 22.09.2018 14:00","2211","2204"
"22.09.2018 14:00 - 22.09.2018 15:00","2156","2151"
"22.09.2018 15:00 - 22.09.2018 16:00","2098","2081"
"22.09.2018 16:00 - 22.09.2018 17:00","2121","2133"
"22.09.2018 17:00 - 22.09.2018 18:00","2213","2200"
"22.09.2018 18:00 - 22.09.2018 19:00","2192","2191"
"22.09.2018 19:00 - 22.09.2018 20:00","2118","2105"
"22.09.2018 20:00 - 22.09.2018 21:00","2045","2030"
"22.09.2018 21:00 - 22.09.2018 22:00","1904","1888"
"22.09.2018 22:00 - 22.09.2018 23:00","1771","1756"
"22.09.2018 23:00 - 23.09.2018 00:00","1637","1618"
"23.09.2018 00:00 - 23.09.2018 01:00","1519","1536"
"23.09.2018 01:00 - 23.09.2018 02:00","1499","1547"
"23.09.2018 02:00 - 23.09.2018 03:00","1488","1497"
"23.09.2018 03:00 - 23.09.2018 04:00","1477","1481"
"23.09.2018 04:00 - 23.09.2018 05:00","1480","1479"
"23.09.2018 05:00 - 23.09.2018 06:00","1506","1504"
"23.09.2018 06:00 - 23.09.2018 07:00","1594","1594"
"23.09.2018 07:00 - 23.09.2018 08:00","1710","1695"
"23.09.2018 08:00 - 23.09.2018 09:00","1894","1866"
"23.09.2018 09:00 - 23.09.2018 10:00","2021","1938"
"23.09.2018 10:00 - 23.09.2018 11:00","2038","2014"
"23.09.2018 11:00 - 23.09.2018 12:00","2035","2020"
"23.09.2018 12:00 - 23.09.2018 13:00","2023","2024"
"23.09.2018 13:00 - 23.09.2018 14:00","2024","2009"
"23.09.2018 14:00 - 23.09.2018 15:00","2026","2004"
"23.09.2018 15:00 - 23.09.2018 16:00","1994","1971"
"23.09.2018 16:00 - 23.09.2018 17:00","2032","2044"
"23.09.2018 17:00 - 23.09.2018 18:00","2251","2267"
"23.09.2018 18:00 - 23.09.2018 19:00","2294","2304"
"23.09.2018 19:00 - 23.09.2018 20:00","2268","2257"
"23.09.2018 20:00 - 23.09.2018 21:00","2197","2184"
"23.09.2018 21:00 - 23.09.2018 22:00","2043","2027"
"23.09.2018 22:00 - 23.09.2018 23:00","1882","1879"
"23.09.2018 23:00 - 24.09.2018 00:00","1757","1744"
"24.09.2018 00:00 - 24.09.2018 01:00","1697","1735"
"24.09.2018 01:00 - 24.09.2018 02:00","1678","1663"
"24.09.2018 02:00 - 24.09.2018 03:00","1647","1648"
"24.09.2018 03:00 - 24.09.2018 04:00","1674","1684"
"24.09.2018 04:00 - 24.09.2018 05:00","1712","1705"
"24.09.2018 05:00 - 24.09.2018 06:00","1885","1875"
"24.09.2018 06:00 - 24.09.2018 07:00","2276","2268"
"24.09.2018 07:00 - 24.09.2018 08:00","2635","2639"
"24.09.2018 08:00 - 24.09.2018 09:00","2749","2703"
"24.09.2018 09:00 - 24.09.2018 10:00","2712","2712"
"24.09.2018 10:00 - 24.09.2018 11:00","2784","2785"
"24.09.2018 11:00 - 24.09.2018 12:00","2785","2825"
"24.09.2018 12:00 - 24.09.2018 13:00","2733","2755"
"24.09.2018 13:00 - 24.09.2018 14:00","2781","2778"
"24.09.2018 14:00 - 24.09.2018 15:00","2744","2733"
"24.09.2018 15:00 - 24.09.2018 16:00","2629","2598"
"24.09.2018 16:00 - 24.09.2018 17:00","2560","2565"
"24.09.2018 17:00 - 24.09.2018 18:00","2703","2715"
"24.09.2018 18:00 - 24.09.2018 19:00","2653","2676"
"24.09.2018 19:00 - 24.09.2018 20:00","2623","2618"
"24.09.2018 20:00 - 24.09.2018 21:00","2534","2534"
"24.09.2018 21:00 - 24.09.2018 22:00","2355","2304"
"24.09.2018 22:00 - 24.09.2018 23:00","2169","2074"
"24.09.2018 23:00 - 25.09.2018 00:00","1996","1882"
"25.09.2018 00:00 - 25.09.2018 01:00","1782","1799"
"25.09.2018 01:00 - 25.09.2018 02:00","1717","1768"
"25.09.2018 02:00 - 25.09.2018 03:00","1727","1744"
"25.09.2018 03:00 - 25.09.2018 04:00","1735","1748"
"25.09.2018 04:00 - 25.09.2018 05:00","1797","1809"
"25.09.2018 05:00 - 25.09.2018 06:00","1973","1970"
"25.09.2018 06:00 - 25.09.2018 07:00","2357","2356"
"25.09.2018 07:00 - 25.09.2018 08:00","2678","2655"
"25.09.2018 08:00 - 25.09.2018 09:00","2754","2707"
"25.09.2018 09:00 - 25.09.2018 10:00","2759","2749"
"25.09.2018 10:00 - 25.09.2018 11:00","2839","2788"
"25.09.2018 11:00 - 25.09.2018 12:00","2807","2767"
"25.09.2018 12:00 - 25.09.2018 13:00","2746","2677"
"25.09.2018 13:00 - 25.09.2018 14:00","2744","2715"
"25.09.2018 14:00 - 25.09.2018 15:00","2688","2663"
"25.09.2018 15:00 - 25.09.2018 16:00","2568","2582"
"25.09.2018 16:00 - 25.09.2018 17:00","2582","2593"
"25.09.2018 17:00 - 25.09.2018 18:00","2720","2712"
"25.09.2018 18:00 - 25.09.2018 19:00","2639","2663"
"25.09.2018 19:00 - 25.09.2018 20:00","2638","2643"
"25.09.2018 20:00 - 25.09.2018 21:00","2545","2536"
"25.09.2018 21:00 - 25.09.2018 22:00","2363","2343"
"25.09.2018 22:00 - 25.09.2018 23:00","2116","2149"
"25.09.2018 23:00 - 26.09.2018 00:00","1923","1999"
"26.09.2018 00:00 - 26.09.2018 01:00","1836","1872"
"26.09.2018 01:00 - 26.09.2018 02:00","1745","1824"
"26.09.2018 02:00 - 26.09.2018 03:00","1760","1793"
"26.09.2018 03:00 - 26.09.2018 04:00","1800","1839"
"26.09.2018 04:00 - 26.09.2018 05:00","1858","1885"
"26.09.2018 05:00 - 26.09.2018 06:00","2021","2005"
"26.09.2018 06:00 - 26.09.2018 07:00","2365","2390"
"26.09.2018 07:00 - 26.09.2018 08:00","2703","2728"
"26.09.2018 08:00 - 26.09.2018 09:00","2815","2811"
"26.09.2018 09:00 - 26.09.2018 10:00","2811","2803"
"26.09.2018 10:00 - 26.09.2018 11:00","2872","2872"
"26.09.2018 11:00 - 26.09.2018 12:00","2875","2886"
"26.09.2018 12:00 - 26.09.2018 13:00","2829","2816"
"26.09.2018 13:00 - 26.09.2018 14:00","2841","2824"
"26.09.2018 14:00 - 26.09.2018 15:00","2775","2770"
"26.09.2018 15:00 - 26.09.2018 16:00","2666","2694"
"26.09.2018 16:00 - 26.09.2018 17:00","2674","2690"
"26.09.2018 17:00 - 26.09.2018 18:00","2820","2821"
"26.09.2018 18:00 - 26.09.2018 19:00","2741","2742"
"26.09.2018 19:00 - 26.09.2018 20:00","2696","2659"
"26.09.2018 20:00 - 26.09.2018 21:00","2551","2537"
"26.09.2018 21:00 - 26.09.2018 22:00","2401","2367"
"26.09.2018 22:00 - 26.09.2018 23:00","2178","2159"
"26.09.2018 23:00 - 27.09.2018 00:00","2014","2007"
"27.09.2018 00:00 - 27.09.2018 01:00","1886","1903"
"27.09.2018 01:00 - 27.09.2018 02:00","1823","1838"
"27.09.2018 02:00 - 27.09.2018 03:00","1803","1820"
"27.09.2018 03:00 - 27.09.2018 04:00","1811","1800"
"27.09.2018 04:00 - 27.09.2018 05:00","1808","1781"
"27.09.2018 05:00 - 27.09.2018 06:00","1947","1955"
"27.09.2018 06:00 - 27.09.2018 07:00","2344","2354"
"27.09.2018 07:00 - 27.09.2018 08:00","2669","2842"
"27.09.2018 08:00 - 27.09.2018 09:00","3068","3222"
"27.09.2018 09:00 - 27.09.2018 10:00","3231","3253"
"27.09.2018 10:00 - 27.09.2018 11:00","3231","3253"
"27.09.2018 11:00 - 27.09.2018 12:00","3047","2897"
"27.09.2018 12:00 - 27.09.2018 13:00","2749","2740"
"27.09.2018 13:00 - 27.09.2018 14:00","2785","2797"
"27.09.2018 14:00 - 27.09.2018 15:00","2734","2746"
"27.09.2018 15:00 - 27.09.2018 16:00","2645","2676"
"27.09.2018 16:00 - 27.09.2018 17:00","2631","2621"
"27.09.2018 17:00 - 27.09.2018 18:00","2763","2787"
"27.09.2018 18:00 - 27.09.2018 19:00","2742","2766"
"27.09.2018 19:00 - 27.09.2018 20:00","2773","2712"
"27.09.2018 20:00 - 27.09.2018 21:00","2605","2587"
"27.09.2018 21:00 - 27.09.2018 22:00","2440","2401"
"27.09.2018 22:00 - 27.09.2018 23:00","2244","2214"
"27.09.2018 23:00 - 28.09.2018 00:00","2057","2004"
"28.09.2018 00:00 - 28.09.2018 01:00","1875","1879"
"28.09.2018 01:00 - 28.09.2018 02:00","1824","1832"
"28.09.2018 02:00 - 28.09.2018 03:00","1799","1794"
"28.09.2018 03:00 - 28.09.2018 04:00","1762","1767"
"28.09.2018 04:00 - 28.09.2018 05:00","1811","1812"
"28.09.2018 05:00 - 28.09.2018 06:00","1975","1973"
"28.09.2018 06:00 - 28.09.2018 07:00","2354","2351"
"28.09.2018 07:00 - 28.09.2018 08:00","2683","2686"
"28.09.2018 08:00 - 28.09.2018 09:00","2779","2756"
"28.09.2018 09:00 - 28.09.2018 10:00","2741","2735"
"28.09.2018 10:00 - 28.09.2018 11:00","2790","2766"
"28.09.2018 11:00 - 28.09.2018 12:00","2759","2744"
"28.09.2018 12:00 - 28.09.2018 13:00","2634","2598"
"28.09.2018 13:00 - 28.09.2018 14:00","2527","2526"
"28.09.2018 14:00 - 28.09.2018 15:00","2424","2432"
"28.09.2018 15:00 - 28.09.2018 16:00","2349","2364"
"28.09.2018 16:00 - 28.09.2018 17:00","2376","2371"
"28.09.2018 17:00 - 28.09.2018 18:00","2487","2480"
"28.09.2018 18:00 - 28.09.2018 19:00","2428","2461"
"28.09.2018 19:00 - 28.09.2018 20:00","2421","2419"
"28.09.2018 20:00 - 28.09.2018 21:00","2324","2305"
"28.09.2018 21:00 - 28.09.2018 22:00","2170","2154"
"28.09.2018 22:00 - 28.09.2018 23:00","2015","2001"
"28.09.2018 23:00 - 29.09.2018 00:00","1863","1830"
"29.09.2018 00:00 - 29.09.2018 01:00","1704","1717"
"29.09.2018 01:00 - 29.09.2018 02:00","1620","1645"
"29.09.2018 02:00 - 29.09.2018 03:00","1592","1616"
"29.09.2018 03:00 - 29.09.2018 04:00","1598","1589"
"29.09.2018 04:00 - 29.09.2018 05:00","1601","1584"
"29.09.2018 05:00 - 29.09.2018 06:00","1634","1636"
"29.09.2018 06:00 - 29.09.2018 07:00","1727","1731"
"29.09.2018 07:00 - 29.09.2018 08:00","1869","1820"
"29.09.2018 08:00 - 29.09.2018 09:00","1964","1831"
"29.09.2018 09:00 - 29.09.2018 10:00","1948","1940"
"29.09.2018 10:00 - 29.09.2018 11:00","2091","2157"
"29.09.2018 11:00 - 29.09.2018 12:00","2159","2186"
"29.09.2018 12:00 - 29.09.2018 13:00","2154","2163"
"29.09.2018 13:00 - 29.09.2018 14:00","2149","2153"
"29.09.2018 14:00 - 29.09.2018 15:00","2119","2117"
"29.09.2018 15:00 - 29.09.2018 16:00","2128","2145"
"29.09.2018 16:00 - 29.09.2018 17:00","2196","2182"
"29.09.2018 17:00 - 29.09.2018 18:00","2338","2322"
"29.09.2018 18:00 - 29.09.2018 19:00","2346","2353"
"29.09.2018 19:00 - 29.09.2018 20:00","2286","2279"
"29.09.2018 20:00 - 29.09.2018 21:00","2164","2157"
"29.09.2018 21:00 - 29.09.2018 22:00","2001","2027"
"29.09.2018 22:00 - 29.09.2018 23:00","1845","1956"
"29.09.2018 23:00 - 30.09.2018 00:00","1714","1827"
"30.09.2018 00:00 - 30.09.2018 01:00","1706","1704"
"30.09.2018 01:00 - 30.09.2018 02:00","1627","1671"
"30.09.2018 02:00 - 30.09.2018 03:00","1607","1603"
"30.09.2018 03:00 - 30.09.2018 04:00","1539","1515"
"30.09.2018 04:00 - 30.09.2018 05:00","1526","1531"
"30.09.2018 05:00 - 30.09.2018 06:00","1580","1592"
"30.09.2018 06:00 - 30.09.2018 07:00","1718","1742"
"30.09.2018 07:00 - 30.09.2018 08:00","1875","1886"
"30.09.2018 08:00 - 30.09.2018 09:00","2055","2045"
"30.09.2018 09:00 - 30.09.2018 10:00","2162","2122"
"30.09.2018 10:00 - 30.09.2018 11:00","2144","2115"
"30.09.2018 11:00 - 30.09.2018 12:00","2131","2137"
"30.09.2018 12:00 - 30.09.2018 13:00","2123","2090"
"30.09.2018 13:00 - 30.09.2018 14:00","2067","2053"
"30.09.2018 14:00 - 30.09.2018 15:00","2039","2056"
"30.09.2018 15:00 - 30.09.2018 16:00","2047","2055"
"30.09.2018 16:00 - 30.09.2018 17:00","2119","2125"
"30.09.2018 17:00 - 30.09.2018 18:00","2341","2321"
"30.09.2018 18:00 - 30.09.2018 19:00","2344","2340"
"30.09.2018 19:00 - 30.09.2018 20:00","2317","2297"
"30.09.2018 20:00 - 30.09.2018 21:00","2193","2187"
"30.09.2018 21:00 - 30.09.2018 22:00","2030","2054"
"30.09.2018 22:00 - 30.09.2018 23:00","1910","1936"
"30.09.2018 23:00 - 01.10.2018 00:00","1814","1822"
"01.10.2018 00:00 - 01.10.2018 01:00","1725","1734"
"01.10.2018 01:00 - 01.10.2018 02:00","1669","1699"
"01.10.2018 02:00 - 01.10.2018 03:00","1671","1675"
"01.10.2018 03:00 - 01.10.2018 04:00","1684","1701"
"01.10.2018 04:00 - 01.10.2018 05:00","1734","1757"
"01.10.2018 05:00 - 01.10.2018 06:00","1914","1899"
"01.10.2018 06:00 - 01.10.2018 07:00","2319","2310"
"01.10.2018 07:00 - 01.10.2018 08:00","2665","2639"
"01.10.2018 08:00 - 01.10.2018 09:00","2760","2741"
"01.10.2018 09:00 - 01.10.2018 10:00","2747","2711"
"01.10.2018 10:00 - 01.10.2018 11:00","2767","2756"
"01.10.2018 11:00 - 01.10.2018 12:00","2744","2715"
"01.10.2018 12:00 - 01.10.2018 13:00","2684","2676"
"01.10.2018 13:00 - 01.10.2018 14:00","2721","2703"
"01.10.2018 14:00 - 01.10.2018 15:00","2686","2700"
"01.10.2018 15:00 - 01.10.2018 16:00","2593","2664"
"01.10.2018 16:00 - 01.10.2018 17:00","2588","2580"
"01.10.2018 17:00 - 01.10.2018 18:00","2732","2779"
"01.10.2018 18:00 - 01.10.2018 19:00","2697","2700"
"01.10.2018 19:00 - 01.10.2018 20:00","2682","2659"
"01.10.2018 20:00 - 01.10.2018 21:00","2496","2524"
"01.10.2018 21:00 - 01.10.2018 22:00","2335","2351"
"01.10.2018 22:00 - 01.10.2018 23:00","2136","2184"
"01.10.2018 23:00 - 02.10.2018 00:00","1964","2038"
"02.10.2018 00:00 - 02.10.2018 01:00","1890","1887"
"02.10.2018 01:00 - 02.10.2018 02:00","1810","1823"
"02.10.2018 02:00 - 02.10.2018 03:00","1794","1789"
"02.10.2018 03:00 - 02.10.2018 04:00","1800","1785"
"02.10.2018 04:00 - 02.10.2018 05:00","1843","1837"
"02.10.2018 05:00 - 02.10.2018 06:00","1978","1991"
"02.10.2018 06:00 - 02.10.2018 07:00","2386","2362"
"02.10.2018 07:00 - 02.10.2018 08:00","2719","2731"
"02.10.2018 08:00 - 02.10.2018 09:00","2824","2831"
"02.10.2018 09:00 - 02.10.2018 10:00","2865","2876"
"02.10.2018 10:00 - 02.10.2018 11:00","2956","2966"
"02.10.2018 11:00 - 02.10.2018 12:00","2968","2983"
"02.10.2018 12:00 - 02.10.2018 13:00","2943","2931"
"02.10.2018 13:00 - 02.10.2018 14:00","2983","2964"
"02.10.2018 14:00 - 02.10.2018 15:00","2858","2838"
"02.10.2018 15:00 - 02.10.2018 16:00","2711","2722"
"02.10.2018 16:00 - 02.10.2018 17:00","2676","2739"
"02.10.2018 17:00 - 02.10.2018 18:00","2823","2868"
"02.10.2018 18:00 - 02.10.2018 19:00","2807","2791"
"02.10.2018 19:00 - 02.10.2018 20:00","2775","2783"
"02.10.2018 20:00 - 02.10.2018 21:00","2616","2637"
"02.10.2018 21:00 - 02.10.2018 22:00","2476","2436"
"02.10.2018 22:00 - 02.10.2018 23:00","2300","2247"
"02.10.2018 23:00 - 03.10.2018 00:00","2120","2077"
"03.10.2018 00:00 - 03.10.2018 01:00","1943","1978"
"03.10.2018 01:00 - 03.10.2018 02:00","1904","1950"
"03.10.2018 02:00 - 03.10.2018 03:00","1904","1904"
"03.10.2018 03:00 - 03.10.2018 04:00","1915","1935"
"03.10.2018 04:00 - 03.10.2018 05:00","1975","1984"
"03.10.2018 05:00 - 03.10.2018 06:00","2114","2112"
"03.10.2018 06:00 - 03.10.2018 07:00","2491","2491"
"03.10.2018 07:00 - 03.10.2018 08:00","2821","2831"
"03.10.2018 08:00 - 03.10.2018 09:00","2891","2887"
"03.10.2018 09:00 - 03.10.2018 10:00","2909","2897"
"03.10.2018 10:00 - 03.10.2018 11:00","2947","2946"
"03.10.2018 11:00 - 03.10.2018 12:00","2968","2994"
"03.10.2018 12:00 - 03.10.2018 13:00","2936","2894"
"03.10.2018 13:00 - 03.10.2018 14:00","2924","2863"
"03.10.2018 14:00 - 03.10.2018 15:00","2822","2851"
"03.10.2018 15:00 - 03.10.2018 16:00","2721","2731"
"03.10.2018 16:00 - 03.10.2018 17:00","2650","2652"
"03.10.2018 17:00 - 03.10.2018 18:00","2792","2818"
"03.10.2018 18:00 - 03.10.2018 19:00","2731","2665"
"03.10.2018 19:00 - 03.10.2018 20:00","2651","2574"
"03.10.2018 20:00 - 03.10.2018 21:00","2472","2432"
"03.10.2018 21:00 - 03.10.2018 22:00","2334","2330"
"03.10.2018 22:00 - 03.10.2018 23:00","2214","2142"
"03.10.2018 23:00 - 04.10.2018 00:00","2104","1957"
"04.10.2018 00:00 - 04.10.2018 01:00","1829","1866"
"04.10.2018 01:00 - 04.10.2018 02:00","1789","1818"
"04.10.2018 02:00 - 04.10.2018 03:00","1775","1783"
"04.10.2018 03:00 - 04.10.2018 04:00","1785","1782"
"04.10.2018 04:00 - 04.10.2018 05:00","1816","1818"
"04.10.2018 05:00 - 04.10.2018 06:00","1969","1945"
"04.10.2018 06:00 - 04.10.2018 07:00","2347","2322"
"04.10.2018 07:00 - 04.10.2018 08:00","2659","2623"
"04.10.2018 08:00 - 04.10.2018 09:00","2738","2737"
"04.10.2018 09:00 - 04.10.2018 10:00","2747","2743"
"04.10.2018 10:00 - 04.10.2018 11:00","2807","2802"
"04.10.2018 11:00 - 04.10.2018 12:00","2796","2783"
"04.10.2018 12:00 - 04.10.2018 13:00","2756","2773"
"04.10.2018 13:00 - 04.10.2018 14:00","2822","2783"
"04.10.2018 14:00 - 04.10.2018 15:00","2732","2714"
"04.10.2018 15:00 - 04.10.2018 16:00","2656","2626"
"04.10.2018 16:00 - 04.10.2018 17:00","2605","2624"
"04.10.2018 17:00 - 04.10.2018 18:00","2733","2750"
"04.10.2018 18:00 - 04.10.2018 19:00","2695","2703"
"04.10.2018 19:00 - 04.10.2018 20:00","2694","2662"
"04.10.2018 20:00 - 04.10.2018 21:00","2542","2512"
"04.10.2018 21:00 - 04.10.2018 22:00","2366","2334"
"04.10.2018 22:00 - 04.10.2018 23:00","2210","2140"
"04.10.2018 23:00 - 05.10.2018 00:00","2053","1999"
"05.10.2018 00:00 - 05.10.2018 01:00","1891","1908"
"05.10.2018 01:00 - 05.10.2018 02:00","1820","1858"
"05.10.2018 02:00 - 05.10.2018 03:00","1830","1839"
"05.10.2018 03:00 - 05.10.2018 04:00","1850","1871"
"05.10.2018 04:00 - 05.10.2018 05:00","1904","1878"
"05.10.2018 05:00 - 05.10.2018 06:00","2026","1997"
"05.10.2018 06:00 - 05.10.2018 07:00","2352","2357"
"05.10.2018 07:00 - 05.10.2018 08:00","2665","2639"
"05.10.2018 08:00 - 05.10.2018 09:00","2748","2740"
"05.10.2018 09:00 - 05.10.2018 10:00","2734","2735"
"05.10.2018 10:00 - 05.10.2018 11:00","2809","2802"
"05.10.2018 11:00 - 05.10.2018 12:00","2799","2787"
"05.10.2018 12:00 - 05.10.2018 13:00","2676","2680"
"05.10.2018 13:00 - 05.10.2018 14:00","2601","2596"
"05.10.2018 14:00 - 05.10.2018 15:00","2468","2454"
"05.10.2018 15:00 - 05.10.2018 16:00","2353","2353"
"05.10.2018 16:00 - 05.10.2018 17:00","2349","2337"
"05.10.2018 17:00 - 05.10.2018 18:00","2449","2470"
"05.10.2018 18:00 - 05.10.2018 19:00","2458","2490"
"05.10.2018 19:00 - 05.10.2018 20:00","2433","2414"
"05.10.2018 20:00 - 05.10.2018 21:00","2268","2276"
"05.10.2018 21:00 - 05.10.2018 22:00","2137","2153"
"05.10.2018 22:00 - 05.10.2018 23:00","1976","1981"
"05.10.2018 23:00 - 06.10.2018 00:00","1815","1829"
"06.10.2018 00:00 - 06.10.2018 01:00","1703","1713"
"06.10.2018 01:00 - 06.10.2018 02:00","1634","1639"
"06.10.2018 02:00 - 06.10.2018 03:00","1589","1603"
"06.10.2018 03:00 - 06.10.2018 04:00","1581","1590"
"06.10.2018 04:00 - 06.10.2018 05:00","1598","1596"
"06.10.2018 05:00 - 06.10.2018 06:00","1648","1655"
"06.10.2018 06:00 - 06.10.2018 07:00","1791","1777"
"06.10.2018 07:00 - 06.10.2018 08:00","1941","1935"
"06.10.2018 08:00 - 06.10.2018 09:00","2099","2091"
"06.10.2018 09:00 - 06.10.2018 10:00","2200","2180"
"06.10.2018 10:00 - 06.10.2018 11:00","2226","2194"
"06.10.2018 11:00 - 06.10.2018 12:00","2203","2231"
"06.10.2018 12:00 - 06.10.2018 13:00","2198","2205"
"06.10.2018 13:00 - 06.10.2018 14:00","2166","2161"
"06.10.2018 14:00 - 06.10.2018 15:00","2127","2138"
"06.10.2018 15:00 - 06.10.2018 16:00","2114","2134"
"06.10.2018 16:00 - 06.10.2018 17:00","2172","2183"
"06.10.2018 17:00 - 06.10.2018 18:00","2348","2356"
"06.10.2018 18:00 - 06.10.2018 19:00","2384","2402"
"06.10.2018 19:00 - 06.10.2018 20:00","2335","2287"
"06.10.2018 20:00 - 06.10.2018 21:00","2160","2139"
"06.10.2018 21:00 - 06.10.2018 22:00","1994","2004"
"06.10.2018 22:00 - 06.10.2018 23:00","1860","1903"
"06.10.2018 23:00 - 07.10.2018 00:00","1755","1801"
"07.10.2018 00:00 - 07.10.2018 01:00","1676","1640"
"07.10.2018 01:00 - 07.10.2018 02:00","1578","1594"
"07.10.2018 02:00 - 07.10.2018 03:00","1551","1556"
"07.10.2018 03:00 - 07.10.2018 04:00","1558","1592"
"07.10.2018 04:00 - 07.10.2018 05:00","1602","1613"
"07.10.2018 05:00 - 07.10.2018 06:00","1655","1691"
"07.10.2018 06:00 - 07.10.2018 07:00","1770","1792"
"07.10.2018 07:00 - 07.10.2018 08:00","1904","1889"
"07.10.2018 08:00 - 07.10.2018 09:00","2027","1999"
"07.10.2018 09:00 - 07.10.2018 10:00","2128","2092"
"07.10.2018 10:00 - 07.10.2018 11:00","2147","2116"
"07.10.2018 11:00 - 07.10.2018 12:00","2129","2099"
"07.10.2018 12:00 - 07.10.2018 13:00","2092","2094"
"07.10.2018 13:00 - 07.10.2018 14:00","2067","2051"
"07.10.2018 14:00 - 07.10.2018 15:00","2043","2041"
"07.10.2018 15:00 - 07.10.2018 16:00","2040","2032"
"07.10.2018 16:00 - 07.10.2018 17:00","2091","2073"
"07.10.2018 17:00 - 07.10.2018 18:00","2285","2291"
"07.10.2018 18:00 - 07.10.2018 19:00","2341","2363"
"07.10.2018 19:00 - 07.10.2018 20:00","2346","2311"
"07.10.2018 20:00 - 07.10.2018 21:00","2157","2184"
"07.10.2018 21:00 - 07.10.2018 22:00","2003","2052"
"07.10.2018 22:00 - 07.10.2018 23:00","1871","1929"
"07.10.2018 23:00 - 08.10.2018 00:00","1766","1833"
"08.10.2018 00:00 - 08.10.2018 01:00","1739","1751"
"08.10.2018 01:00 - 08.10.2018 02:00","1685","1710"
"08.10.2018 02:00 - 08.10.2018 03:00","1685","1702"
"08.10.2018 03:00 - 08.10.2018 04:00","1695","1687"
"08.10.2018 04:00 - 08.10.2018 05:00","1754","1799"
"08.10.2018 05:00 - 08.10.2018 06:00","1942","1965"
"08.10.2018 06:00 - 08.10.2018 07:00","2383","2350"
"08.10.2018 07:00 - 08.10.2018 08:00","2764","2778"
"08.10.2018 08:00 - 08.10.2018 09:00","2872","2892"
"08.10.2018 09:00 - 08.10.2018 10:00","2878","2859"
"08.10.2018 10:00 - 08.10.2018 11:00","2896","2869"
"08.10.2018 11:00 - 08.10.2018 12:00","2870","2886"
"08.10.2018 12:00 - 08.10.2018 13:00","2805","2839"
"08.10.2018 13:00 - 08.10.2018 14:00","2879","2857"
"08.10.2018 14:00 - 08.10.2018 15:00","2790","2780"
"08.10.2018 15:00 - 08.10.2018 16:00","2658","2657"
"08.10.2018 16:00 - 08.10.2018 17:00","2643","2654"
"08.10.2018 17:00 - 08.10.2018 18:00","2804","2820"
"08.10.2018 18:00 - 08.10.2018 19:00","2822","2798"
"08.10.2018 19:00 - 08.10.2018 20:00","2750","2710"
"08.10.2018 20:00 - 08.10.2018 21:00","2544","2510"
"08.10.2018 21:00 - 08.10.2018 22:00","2329","2354"
"08.10.2018 22:00 - 08.10.2018 23:00","2175","2167"
"08.10.2018 23:00 - 09.10.2018 00:00","2017","1966"
"09.10.2018 00:00 - 09.10.2018 01:00","1812","1877"
"09.10.2018 01:00 - 09.10.2018 02:00","1795","1861"
"09.10.2018 02:00 - 09.10.2018 03:00","1813","1824"
"09.10.2018 03:00 - 09.10.2018 04:00","1815","1830"
"09.10.2018 04:00 - 09.10.2018 05:00","1866","1851"
"09.10.2018 05:00 - 09.10.2018 06:00","2011","2001"
"09.10.2018 06:00 - 09.10.2018 07:00","2392","2391"
"09.10.2018 07:00 - 09.10.2018 08:00","2776","2776"
"09.10.2018 08:00 - 09.10.2018 09:00","2884","2885"
"09.10.2018 09:00 - 09.10.2018 10:00","2869","2783"
"09.10.2018 10:00 - 09.10.2018 11:00","2873","2846"
"09.10.2018 11:00 - 09.10.2018 12:00","2849","2850"
"09.10.2018 12:00 - 09.10.2018 13:00","2764","2762"
"09.10.2018 13:00 - 09.10.2018 14:00","2778","2774"
"09.10.2018 14:00 - 09.10.2018 15:00","2717","2706"
"09.10.2018 15:00 - 09.10.2018 16:00","2625","2602"
"09.10.2018 16:00 - 09.10.2018 17:00","2597","2625"
"09.10.2018 17:00 - 09.10.2018 18:00","2762","2986"
"09.10.2018 18:00 - 09.10.2018 19:00","2741","2887"
"09.10.2018 19:00 - 09.10.2018 20:00","2675","2669"
"09.10.2018 20:00 - 09.10.2018 21:00","2523","2485"
"09.10.2018 21:00 - 09.10.2018 22:00","2314","2311"
"09.10.2018 22:00 - 09.10.2018 23:00","2153","2148"
"09.10.2018 23:00 - 10.10.2018 00:00","1996","1919"
"10.10.2018 00:00 - 10.10.2018 01:00","1795","1835"
"10.10.2018 01:00 - 10.10.2018 02:00","1742","1786"
"10.10.2018 02:00 - 10.10.2018 03:00","1757","1761"
"10.10.2018 03:00 - 10.10.2018 04:00","1774","1786"
"10.10.2018 04:00 - 10.10.2018 05:00","1826","1823"
"10.10.2018 05:00 - 10.10.2018 06:00","1986","1974"
"10.10.2018 06:00 - 10.10.2018 07:00","2358","2359"
"10.10.2018 07:00 - 10.10.2018 08:00","2725","2706"
"10.10.2018 08:00 - 10.10.2018 09:00","2802","2777"
"10.10.2018 09:00 - 10.10.2018 10:00","2784","2769"
"10.10.2018 10:00 - 10.10.2018 11:00","2841","2815"
"10.10.2018 11:00 - 10.10.2018 12:00","2828","2804"
"10.10.2018 12:00 - 10.10.2018 13:00","2753","2703"
"10.10.2018 13:00 - 10.10.2018 14:00","2713","2713"
"10.10.2018 14:00 - 10.10.2018 15:00","2664","2651"
"10.10.2018 15:00 - 10.10.2018 16:00","2608","2555"
"10.10.2018 16:00 - 10.10.2018 17:00","2515","2522"
"10.10.2018 17:00 - 10.10.2018 18:00","2652","2662"
"10.10.2018 18:00 - 10.10.2018 19:00","2684","2654"
"10.10.2018 19:00 - 10.10.2018 20:00","2656","2679"
"10.10.2018 20:00 - 10.10.2018 21:00","2532","2522"
"10.10.2018 21:00 - 10.10.2018 22:00","2325","2349"
"10.10.2018 22:00 - 10.10.2018 23:00","2121","2109"
"10.10.2018 23:00 - 11.10.2018 00:00","1941","1934"
"11.10.2018 00:00 - 11.10.2018 01:00","1804","1818"
"11.10.2018 01:00 - 11.10.2018 02:00","1749","1772"
"11.10.2018 02:00 - 11.10.2018 03:00","1766","1779"
"11.10.2018 03:00 - 11.10.2018 04:00","1775","1767"
"11.10.2018 04:00 - 11.10.2018 05:00","1767","1802"
"11.10.2018 05:00 - 11.10.2018 06:00","1934","1945"
"11.10.2018 06:00 - 11.10.2018 07:00","2307","2319"
"11.10.2018 07:00 - 11.10.2018 08:00","2699","2667"
"11.10.2018 08:00 - 11.10.2018 09:00","2773","2759"
"11.10.2018 09:00 - 11.10.2018 10:00","2772","2742"
"11.10.2018 10:00 - 11.10.2018 11:00","2814","2763"
"11.10.2018 11:00 - 11.10.2018 12:00","2764","2730"
"11.10.2018 12:00 - 11.10.2018 13:00","2685","2642"
"11.10.2018 13:00 - 11.10.2018 14:00","2673","2675"
"11.10.2018 14:00 - 11.10.2018 15:00","2653","2639"
"11.10.2018 15:00 - 11.10.2018 16:00","2538","2487"
"11.10.2018 16:00 - 11.10.2018 17:00","2497","2498"
"11.10.2018 17:00 - 11.10.2018 18:00","2664","2591"
"11.10.2018 18:00 - 11.10.2018 19:00","2624","2607"
"11.10.2018 19:00 - 11.10.2018 20:00","2577","2583"
"11.10.2018 20:00 - 11.10.2018 21:00","2453","2456"
"11.10.2018 21:00 - 11.10.2018 22:00","2343","2253"
"11.10.2018 22:00 - 11.10.2018 23:00","2137","2051"
"11.10.2018 23:00 - 12.10.2018 00:00","1977","1866"
"12.10.2018 00:00 - 12.10.2018 01:00","1777","1751"
"12.10.2018 01:00 - 12.10.2018 02:00","1692","1701"
"12.10.2018 02:00 - 12.10.2018 03:00","1670","1681"
"12.10.2018 03:00 - 12.10.2018 04:00","1680","1700"
"12.10.2018 04:00 - 12.10.2018 05:00","1763","1776"
"12.10.2018 05:00 - 12.10.2018 06:00","1952","1932"
"12.10.2018 06:00 - 12.10.2018 07:00","2275","2302"
"12.10.2018 07:00 - 12.10.2018 08:00","2677","2671"
"12.10.2018 08:00 - 12.10.2018 09:00","2765","2744"
"12.10.2018 09:00 - 12.10.2018 10:00","2703","2650"
"12.10.2018 10:00 - 12.10.2018 11:00","2708","2721"
"12.10.2018 11:00 - 12.10.2018 12:00","2692","2697"
"12.10.2018 12:00 - 12.10.2018 13:00","2605","2615"
"12.10.2018 13:00 - 12.10.2018 14:00","2547","2526"
"12.10.2018 14:00 - 12.10.2018 15:00","2415","2441"
"12.10.2018 15:00 - 12.10.2018 16:00","2355","2348"
"12.10.2018 16:00 - 12.10.2018 17:00","2339","2326"
"12.10.2018 17:00 - 12.10.2018 18:00","2480","2470"
"12.10.2018 18:00 - 12.10.2018 19:00","2529","2543"
"12.10.2018 19:00 - 12.10.2018 20:00","2455","2455"
"12.10.2018 20:00 - 12.10.2018 21:00","2293","2263"
"12.10.2018 21:00 - 12.10.2018 22:00","2099","2107"
"12.10.2018 22:00 - 12.10.2018 23:00","1899","1945"
"12.10.2018 23:00 - 13.10.2018 00:00","1740","1787"
"13.10.2018 00:00 - 13.10.2018 01:00","1677","1686"
"13.10.2018 01:00 - 13.10.2018 02:00","1614","1620"
"13.10.2018 02:00 - 13.10.2018 03:00","1563","1569"
"13.10.2018 03:00 - 13.10.2018 04:00","1557","1558"
"13.10.2018 04:00 - 13.10.2018 05:00","1581","1579"
"13.10.2018 05:00 - 13.10.2018 06:00","1619","1616"
"13.10.2018 06:00 - 13.10.2018 07:00","1739","1747"
"13.10.2018 07:00 - 13.10.2018 08:00","1914","1931"
"13.10.2018 08:00 - 13.10.2018 09:00","2061","2063"
"13.10.2018 09:00 - 13.10.2018 10:00","2140","2135"
"13.10.2018 10:00 - 13.10.2018 11:00","2177","2156"
"13.10.2018 11:00 - 13.10.2018 12:00","2148","2122"
"13.10.2018 12:00 - 13.10.2018 13:00","2113","2084"
"13.10.2018 13:00 - 13.10.2018 14:00","2054","2044"
"13.10.2018 14:00 - 13.10.2018 15:00","2019","2004"
"13.10.2018 15:00 - 13.10.2018 16:00","2014","1980"
"13.10.2018 16:00 - 13.10.2018 17:00","2036","2023"
"13.10.2018 17:00 - 13.10.2018 18:00","2213","2237"
"13.10.2018 18:00 - 13.10.2018 19:00","2285","2296"
"13.10.2018 19:00 - 13.10.2018 20:00","2188","2243"
"13.10.2018 20:00 - 13.10.2018 21:00","2069","2095"
"13.10.2018 21:00 - 13.10.2018 22:00","1975","1982"
"13.10.2018 22:00 - 13.10.2018 23:00","1815","1844"
"13.10.2018 23:00 - 14.10.2018 00:00","1675","1699"
"14.10.2018 00:00 - 14.10.2018 01:00","1596","1622"
"14.10.2018 01:00 - 14.10.2018 02:00","1541","1559"
"14.10.2018 02:00 - 14.10.2018 03:00","1488","1529"
"14.10.2018 03:00 - 14.10.2018 04:00","1510","1522"
"14.10.2018 04:00 - 14.10.2018 05:00","1516","1543"
"14.10.2018 05:00 - 14.10.2018 06:00","1541","1589"
"14.10.2018 06:00 - 14.10.2018 07:00","1667","1700"
"14.10.2018 07:00 - 14.10.2018 08:00","1828","1821"
"14.10.2018 08:00 - 14.10.2018 09:00","1977","1960"
"14.10.2018 09:00 - 14.10.2018 10:00","2085","2016"
"14.10.2018 10:00 - 14.10.2018 11:00","2090","2037"
"14.10.2018 11:00 - 14.10.2018 12:00","2044","2006"
"14.10.2018 12:00 - 14.10.2018 13:00","2000","1994"
"14.10.2018 13:00 - 14.10.2018 14:00","1978","1975"
"14.10.2018 14:00 - 14.10.2018 15:00","1960","1962"
"14.10.2018 15:00 - 14.10.2018 16:00","1949","1923"
"14.10.2018 16:00 - 14.10.2018 17:00","1987","1985"
"14.10.2018 17:00 - 14.10.2018 18:00","2179","2181"
"14.10.2018 18:00 - 14.10.2018 19:00","2277","2283"
"14.10.2018 19:00 - 14.10.2018 20:00","2225","2217"
"14.10.2018 20:00 - 14.10.2018 21:00","2104","2072"
"14.10.2018 21:00 - 14.10.2018 22:00","2006","1947"
"14.10.2018 22:00 - 14.10.2018 23:00","1889","1820"
"14.10.2018 23:00 - 15.10.2018 00:00","1767","1692"
"15.10.2018 00:00 - 15.10.2018 01:00","1592","1617"
"15.10.2018 01:00 - 15.10.2018 02:00","1531","1611"
"15.10.2018 02:00 - 15.10.2018 03:00","1546","1593"
"15.10.2018 03:00 - 15.10.2018 04:00","1584","1597"
"15.10.2018 04:00 - 15.10.2018 05:00","1638","1654"
"15.10.2018 05:00 - 15.10.2018 06:00","1799","1798"
"15.10.2018 06:00 - 15.10.2018 07:00","2115","2110"
"15.10.2018 07:00 - 15.10.2018 08:00","2492","2484"
"15.10.2018 08:00 - 15.10.2018 09:00","2607","2617"
"15.10.2018 09:00 - 15.10.2018 10:00","2650","2654"
"15.10.2018 10:00 - 15.10.2018 11:00","2718","2728"
"15.10.2018 11:00 - 15.10.2018 12:00","2719","2724"
"15.10.2018 12:00 - 15.10.2018 13:00","2680","2687"
"15.10.2018 13:00 - 15.10.2018 14:00","2704","2688"
"15.10.2018 14:00 - 15.10.2018 15:00","2642","2621"
"15.10.2018 15:00 - 15.10.2018 16:00","2512","2511"
"15.10.2018 16:00 - 15.10.2018 17:00","2457","2478"
"15.10.2018 17:00 - 15.10.2018 18:00","2617","2620"
"15.10.2018 18:00 - 15.10.2018 19:00","2631","2661"
"15.10.2018 19:00 - 15.10.2018 20:00","2592","2550"
"15.10.2018 20:00 - 15.10.2018 21:00","2438","2391"
"15.10.2018 21:00 - 15.10.2018 22:00","2278","2230"
"15.10.2018 22:00 - 15.10.2018 23:00","2211","2065"
"15.10.2018 23:00 - 16.10.2018 00:00","2101","1898"
"16.10.2018 00:00 - 16.10.2018 01:00","1759","1788"
"16.10.2018 01:00 - 16.10.2018 02:00","1694","1731"
"16.10.2018 02:00 - 16.10.2018 03:00","1694","1714"
"16.10.2018 03:00 - 16.10.2018 04:00","1699","1711"
"16.10.2018 04:00 - 16.10.2018 05:00","1765","1765"
"16.10.2018 05:00 - 16.10.2018 06:00","1900","1896"
"16.10.2018 06:00 - 16.10.2018 07:00","2198","2188"
"16.10.2018 07:00 - 16.10.2018 08:00","2497","2445"
"16.10.2018 08:00 - 16.10.2018 09:00","2593","2607"
"16.10.2018 09:00 - 16.10.2018 10:00","2655","2691"
"16.10.2018 10:00 - 16.10.2018 11:00","2753","2752"
"16.10.2018 11:00 - 16.10.2018 12:00","2739","2747"
"16.10.2018 12:00 - 16.10.2018 13:00","2689","2701"
"16.10.2018 13:00 - 16.10.2018 14:00","2740","2709"
"16.10.2018 14:00 - 16.10.2018 15:00","2678","2638"
"16.10.2018 15:00 - 16.10.2018 16:00","2537","2520"
"16.10.2018 16:00 - 16.10.2018 17:00","2475","2497"
"16.10.2018 17:00 - 16.10.2018 18:00","2617","2638"
"16.10.2018 18:00 - 16.10.2018 19:00","2639","2578"
"16.10.2018 19:00 - 16.10.2018 20:00","2526","2490"
"16.10.2018 20:00 - 16.10.2018 21:00","2396","2375"
"16.10.2018 21:00 - 16.10.2018 22:00","2279","2256"
"16.10.2018 22:00 - 16.10.2018 23:00","2145","2111"
"16.10.2018 23:00 - 17.10.2018 00:00","1986","1940"
"17.10.2018 00:00 - 17.10.2018 01:00","1804","1816"
"17.10.2018 01:00 - 17.10.2018 02:00","1732","1758"
"17.10.2018 02:00 - 17.10.2018 03:00","1731","1720"
"17.10.2018 03:00 - 17.10.2018 04:00","1708","1723"
"17.10.2018 04:00 - 17.10.2018 05:00","1763","1770"
"17.10.2018 05:00 - 17.10.2018 06:00","1900","1898"
"17.10.2018 06:00 - 17.10.2018 07:00","2202","2199"
"17.10.2018 07:00 - 17.10.2018 08:00","2546","2563"
"17.10.2018 08:00 - 17.10.2018 09:00","2665","2671"
"17.10.2018 09:00 - 17.10.2018 10:00","2677","2688"
"17.10.2018 10:00 - 17.10.2018 11:00","2755","2738"
"17.10.2018 11:00 - 17.10.2018 12:00","2735","2713"
"17.10.2018 12:00 - 17.10.2018 13:00","2674","2691"
"17.10.2018 13:00 - 17.10.2018 14:00","2716","2703"
"17.10.2018 14:00 - 17.10.2018 15:00","2637","2622"
"17.10.2018 15:00 - 17.10.2018 16:00","2511","2493"
"17.10.2018 16:00 - 17.10.2018 17:00","2466","2480"
"17.10.2018 17:00 - 17.10.2018 18:00","2608","2594"
"17.10.2018 18:00 - 17.10.2018 19:00","2620","2600"
"17.10.2018 19:00 - 17.10.2018 20:00","2531","2516"
"17.10.2018 20:00 - 17.10.2018 21:00","2400","2406"
"17.10.2018 21:00 - 17.10.2018 22:00","2267","2237"
"17.10.2018 22:00 - 17.10.2018 23:00","2124","2081"
"17.10.2018 23:00 - 18.10.2018 00:00","1972","1909"
"18.10.2018 00:00 - 18.10.2018 01:00","1768","1792"
"18.10.2018 01:00 - 18.10.2018 02:00","1698","1729"
"18.10.2018 02:00 - 18.10.2018 03:00","1681","1701"
"18.10.2018 03:00 - 18.10.2018 04:00","1685","1688"
"18.10.2018 04:00 - 18.10.2018 05:00","1727","1723"
"18.10.2018 05:00 - 18.10.2018 06:00","1865","1849"
"18.10.2018 06:00 - 18.10.2018 07:00","2177","2166"
"18.10.2018 07:00 - 18.10.2018 08:00","2520","2500"
"18.10.2018 08:00 - 18.10.2018 09:00","2585","2534"
"18.10.2018 09:00 - 18.10.2018 10:00","2581","2583"
"18.10.2018 10:00 - 18.10.2018 11:00","2641","2620"
"18.10.2018 11:00 - 18.10.2018 12:00","2622","2619"
"18.10.2018 12:00 - 18.10.2018 13:00","2574","2586"
"18.10.2018 13:00 - 18.10.2018 14:00","2594","2608"
"18.10.2018 14:00 - 18.10.2018 15:00","2558","2552"
"18.10.2018 15:00 - 18.10.2018 16:00","2463","2477"
"18.10.2018 16:00 - 18.10.2018 17:00","2445","2447"
"18.10.2018 17:00 - 18.10.2018 18:00","2583","2554"
"18.10.2018 18:00 - 18.10.2018 19:00","2588","2623"
"18.10.2018 19:00 - 18.10.2018 20:00","2523","2553"
"18.10.2018 20:00 - 18.10.2018 21:00","2398","2417"
"18.10.2018 21:00 - 18.10.2018 22:00","2255","2260"
"18.10.2018 22:00 - 18.10.2018 23:00","2109","2093"
"18.10.2018 23:00 - 19.10.2018 00:00","1961","1939"
"19.10.2018 00:00 - 19.10.2018 01:00","1805","1817"
"19.10.2018 01:00 - 19.10.2018 02:00","1726","1762"
"19.10.2018 02:00 - 19.10.2018 03:00","1718","1729"
"19.10.2018 03:00 - 19.10.2018 04:00","1730","1736"
"19.10.2018 04:00 - 19.10.2018 05:00","1779","1778"
"19.10.2018 05:00 - 19.10.2018 06:00","1921","1897"
"19.10.2018 06:00 - 19.10.2018 07:00","2174","2169"
"19.10.2018 07:00 - 19.10.2018 08:00","2471","2502"
"19.10.2018 08:00 - 19.10.2018 09:00","2637","2644"
"19.10.2018 09:00 - 19.10.2018 10:00","2698","2654"
"19.10.2018 10:00 - 19.10.2018 11:00","2724","2676"
"19.10.2018 11:00 - 19.10.2018 12:00","2655","2642"
"19.10.2018 12:00 - 19.10.2018 13:00","2563","2562"
"19.10.2018 13:00 - 19.10.2018 14:00","2488","2512"
"19.10.2018 14:00 - 19.10.2018 15:00","2436","2399"
"19.10.2018 15:00 - 19.10.2018 16:00","2321","2317"
"19.10.2018 16:00 - 19.10.2018 17:00","2325","2307"
"19.10.2018 17:00 - 19.10.2018 18:00","2433","2355"
"19.10.2018 18:00 - 19.10.2018 19:00","2408","2453"
"19.10.2018 19:00 - 19.10.2018 20:00","2316","2332"
"19.10.2018 20:00 - 19.10.2018 21:00","2194","2181"
"19.10.2018 21:00 - 19.10.2018 22:00","2056","2053"
"19.10.2018 22:00 - 19.10.2018 23:00","1902","1938"
"19.10.2018 23:00 - 20.10.2018 00:00","1748","1830"
"20.10.2018 00:00 - 20.10.2018 01:00","1704","1728"
"20.10.2018 01:00 - 20.10.2018 02:00","1632","1658"
"20.10.2018 02:00 - 20.10.2018 03:00","1589","1612"
"20.10.2018 03:00 - 20.10.2018 04:00","1584","1594"
"20.10.2018 04:00 - 20.10.2018 05:00","1592","1606"
"20.10.2018 05:00 - 20.10.2018 06:00","1631","1633"
"20.10.2018 06:00 - 20.10.2018 07:00","1738","1741"
"20.10.2018 07:00 - 20.10.2018 08:00","1923","1937"
"20.10.2018 08:00 - 20.10.2018 09:00","2076","2067"
"20.10.2018 09:00 - 20.10.2018 10:00","2169","2135"
"20.10.2018 10:00 - 20.10.2018 11:00","2189","2157"
"20.10.2018 11:00 - 20.10.2018 12:00","2150","2126"
"20.10.2018 12:00 - 20.10.2018 13:00","2117","2077"
"20.10.2018 13:00 - 20.10.2018 14:00","2048","2043"
"20.10.2018 14:00 - 20.10.2018 15:00","2015","2024"
"20.10.2018 15:00 - 20.10.2018 16:00","2029","2037"
"20.10.2018 16:00 - 20.10.2018 17:00","2088","2078"
"20.10.2018 17:00 - 20.10.2018 18:00","2258","2236"
"20.10.2018 18:00 - 20.10.2018 19:00","2278","2260"
"20.10.2018 19:00 - 20.10.2018 20:00","2132","2116"
"20.10.2018 20:00 - 20.10.2018 21:00","1994","2032"
"20.10.2018 21:00 - 20.10.2018 22:00","1890","1957"
"20.10.2018 22:00 - 20.10.2018 23:00","1761","1840"
"20.10.2018 23:00 - 21.10.2018 00:00","1644","1734"
"21.10.2018 00:00 - 21.10.2018 01:00","1625","1649"
"21.10.2018 01:00 - 21.10.2018 02:00","1563","1587"
"21.10.2018 02:00 - 21.10.2018 03:00","1531","1548"
"21.10.2018 03:00 - 21.10.2018 04:00","1522","1540"
"21.10.2018 04:00 - 21.10.2018 05:00","1531","1541"
"21.10.2018 05:00 - 21.10.2018 06:00","1566","1586"
"21.10.2018 06:00 - 21.10.2018 07:00","1671","1685"
"21.10.2018 07:00 - 21.10.2018 08:00","1830","1824"
"21.10.2018 08:00 - 21.10.2018 09:00","1981","1996"
"21.10.2018 09:00 - 21.10.2018 10:00","2120","2115"
"21.10.2018 10:00 - 21.10.2018 11:00","2175","2158"
"21.10.2018 11:00 - 21.10.2018 12:00","2175","2178"
"21.10.2018 12:00 - 21.10.2018 13:00","2156","2175"
"21.10.2018 13:00 - 21.10.2018 14:00","2150","2154"
"21.10.2018 14:00 - 21.10.2018 15:00","2148","2155"
"21.10.2018 15:00 - 21.10.2018 16:00","2167","2206"
"21.10.2018 16:00 - 21.10.2018 17:00","2238","2223"
"21.10.2018 17:00 - 21.10.2018 18:00","2449","2479"
"21.10.2018 18:00 - 21.10.2018 19:00","2539","2524"
"21.10.2018 19:00 - 21.10.2018 20:00","2396","2376"
"21.10.2018 20:00 - 21.10.2018 21:00","2209","2213"
"21.10.2018 21:00 - 21.10.2018 22:00","2072","2049"
"21.10.2018 22:00 - 21.10.2018 23:00","1950","1886"
"21.10.2018 23:00 - 22.10.2018 00:00","1844","1747"
"22.10.2018 00:00 - 22.10.2018 01:00","1687","1716"
"22.10.2018 01:00 - 22.10.2018 02:00","1663","1666"
"22.10.2018 02:00 - 22.10.2018 03:00","1677","1680"
"22.10.2018 03:00 - 22.10.2018 04:00","1655","1636"
"22.10.2018 04:00 - 22.10.2018 05:00","1685","1695"
"22.10.2018 05:00 - 22.10.2018 06:00","1884","1898"
"22.10.2018 06:00 - 22.10.2018 07:00","2344","2336"
"22.10.2018 07:00 - 22.10.2018 08:00","2774","2737"
"22.10.2018 08:00 - 22.10.2018 09:00","2815","2819"
"22.10.2018 09:00 - 22.10.2018 10:00","2779","2788"
"22.10.2018 10:00 - 22.10.2018 11:00","2820","2805"
"22.10.2018 11:00 - 22.10.2018 12:00","2781","2796"
"22.10.2018 12:00 - 22.10.2018 13:00","2731","2750"
"22.10.2018 13:00 - 22.10.2018 14:00","2760","2751"
"22.10.2018 14:00 - 22.10.2018 15:00","2695","2697"
"22.10.2018 15:00 - 22.10.2018 16:00","2597","2576"
"22.10.2018 16:00 - 22.10.2018 17:00","2557","2570"
"22.10.2018 17:00 - 22.10.2018 18:00","2757","2775"
"22.10.2018 18:00 - 22.10.2018 19:00","2824","2836"
"22.10.2018 19:00 - 22.10.2018 20:00","2688","2695"
"22.10.2018 20:00 - 22.10.2018 21:00","2498","2514"
"22.10.2018 21:00 - 22.10.2018 22:00","2313","2357"
"22.10.2018 22:00 - 22.10.2018 23:00","2127","2165"
"22.10.2018 23:00 - 23.10.2018 00:00","1964","1967"
"23.10.2018 00:00 - 23.10.2018 01:00","1834","1880"
"23.10.2018 01:00 - 23.10.2018 02:00","1797","1832"
"23.10.2018 02:00 - 23.10.2018 03:00","1791","1811"
"23.10.2018 03:00 - 23.10.2018 04:00","1807","1791"
"23.10.2018 04:00 - 23.10.2018 05:00","1825","1823"
"23.10.2018 05:00 - 23.10.2018 06:00","1987","1960"
"23.10.2018 06:00 - 23.10.2018 07:00","2340","2338"
"23.10.2018 07:00 - 23.10.2018 08:00","2720","2725"
"23.10.2018 08:00 - 23.10.2018 09:00","2840","2871"
"23.10.2018 09:00 - 23.10.2018 10:00","2855","2839"
"23.10.2018 10:00 - 23.10.2018 11:00","2847","2776"
"23.10.2018 11:00 - 23.10.2018 12:00","2794","2823"
"23.10.2018 12:00 - 23.10.2018 13:00","2789","2817"
"23.10.2018 13:00 - 23.10.2018 14:00","2798","2723"
"23.10.2018 14:00 - 23.10.2018 15:00","2702","2664"
"23.10.2018 15:00 - 23.10.2018 16:00","2621","2653"
"23.10.2018 16:00 - 23.10.2018 17:00","2659","2674"
"23.10.2018 17:00 - 23.10.2018 18:00","2787","2755"
"23.10.2018 18:00 - 23.10.2018 19:00","2775","2780"
"23.10.2018 19:00 - 23.10.2018 20:00","2664","2655"
"23.10.2018 20:00 - 23.10.2018 21:00","2504","2477"
"23.10.2018 21:00 - 23.10.2018 22:00","2344","2320"
"23.10.2018 22:00 - 23.10.2018 23:00","2192","2202"
"23.10.2018 23:00 - 24.10.2018 00:00","2043","2054"
"24.10.2018 00:00 - 24.10.2018 01:00","1898","1952"
"24.10.2018 01:00 - 24.10.2018 02:00","1843","1906"
"24.10.2018 02:00 - 24.10.2018 03:00","1856","1846"
"24.10.2018 03:00 - 24.10.2018 04:00","1850","1867"
"24.10.2018 04:00 - 24.10.2018 05:00","1889","1892"
"24.10.2018 05:00 - 24.10.2018 06:00","2052","2062"
"24.10.2018 06:00 - 24.10.2018 07:00","2435","2460"
"24.10.2018 07:00 - 24.10.2018 08:00","2826","2840"
"24.10.2018 08:00 - 24.10.2018 09:00","2913","2906"
"24.10.2018 09:00 - 24.10.2018 10:00","2850","2824"
"24.10.2018 10:00 - 24.10.2018 11:00","2883","2873"
"24.10.2018 11:00 - 24.10.2018 12:00","2870","2894"
"24.10.2018 12:00 - 24.10.2018 13:00","2847","2855"
"24.10.2018 13:00 - 24.10.2018 14:00","2884","2870"
"24.10.2018 14:00 - 24.10.2018 15:00","2836","2804"
"24.10.2018 15:00 - 24.10.2018 16:00","2706","2669"
"24.10.2018 16:00 - 24.10.2018 17:00","2671","2675"
"24.10.2018 17:00 - 24.10.2018 18:00","2833","2873"
"24.10.2018 18:00 - 24.10.2018 19:00","2876","2921"
"24.10.2018 19:00 - 24.10.2018 20:00","2799","2772"
"24.10.2018 20:00 - 24.10.2018 21:00","2633","2603"
"24.10.2018 21:00 - 24.10.2018 22:00","2459","2477"
"24.10.2018 22:00 - 24.10.2018 23:00","2310","2214"
"24.10.2018 23:00 - 25.10.2018 00:00","2148","1996"
"25.10.2018 00:00 - 25.10.2018 01:00","1858","1857"
"25.10.2018 01:00 - 25.10.2018 02:00","1786","1852"
"25.10.2018 02:00 - 25.10.2018 03:00","1830","1852"
"25.10.2018 03:00 - 25.10.2018 04:00","1850","1866"
"25.10.2018 04:00 - 25.10.2018 05:00","1915","1927"
"25.10.2018 05:00 - 25.10.2018 06:00","2096","2074"
"25.10.2018 06:00 - 25.10.2018 07:00","2416","2413"
"25.10.2018 07:00 - 25.10.2018 08:00","2817","2821"
"25.10.2018 08:00 - 25.10.2018 09:00","2902","2899"
"25.10.2018 09:00 - 25.10.2018 10:00","2858","2848"
"25.10.2018 10:00 - 25.10.2018 11:00","2877","2887"
"25.10.2018 11:00 - 25.10.2018 12:00","2857","2875"
"25.10.2018 12:00 - 25.10.2018 13:00","2802","2819"
"25.10.2018 13:00 - 25.10.2018 14:00","2827","2777"
"25.10.2018 14:00 - 25.10.2018 15:00","2693","2688"
"25.10.2018 15:00 - 25.10.2018 16:00","2593","2617"
"25.10.2018 16:00 - 25.10.2018 17:00","2607","2608"
"25.10.2018 17:00 - 25.10.2018 18:00","2827","2774"
"25.10.2018 18:00 - 25.10.2018 19:00","2829","2841"
"25.10.2018 19:00 - 25.10.2018 20:00","2711","2735"
"25.10.2018 20:00 - 25.10.2018 21:00","2568","2554"
"25.10.2018 21:00 - 25.10.2018 22:00","2431","2398"
"25.10.2018 22:00 - 25.10.2018 23:00","2281","2189"
"25.10.2018 23:00 - 26.10.2018 00:00","2118","1990"
"26.10.2018 00:00 - 26.10.2018 01:00","1863","1849"
"26.10.2018 01:00 - 26.10.2018 02:00","1776","1786"
"26.10.2018 02:00 - 26.10.2018 03:00","1753","1758"
"26.10.2018 03:00 - 26.10.2018 04:00","1734","1754"
"26.10.2018 04:00 - 26.10.2018 05:00","1798","1810"
"26.10.2018 05:00 - 26.10.2018 06:00","1960","1970"
"26.10.2018 06:00 - 26.10.2018 07:00","2386","2358"
"26.10.2018 07:00 - 26.10.2018 08:00","2790","2744"
"26.10.2018 08:00 - 26.10.2018 09:00","2843","2854"
"26.10.2018 09:00 - 26.10.2018 10:00","2810","2810"
"26.10.2018 10:00 - 26.10.2018 11:00","2878","2845"
"26.10.2018 11:00 - 26.10.2018 12:00","2968","2912"
"26.10.2018 12:00 - 26.10.2018 13:00","2736","2734"
"26.10.2018 13:00 - 26.10.2018 14:00","2649","2680"
"26.10.2018 14:00 - 26.10.2018 15:00","2537","2541"
"26.10.2018 15:00 - 26.10.2018 16:00","2472","2508"
"26.10.2018 16:00 - 26.10.2018 17:00","2540","2527"
"26.10.2018 17:00 - 26.10.2018 18:00","2687","2613"
"26.10.2018 18:00 - 26.10.2018 19:00","2677","2625"
"26.10.2018 19:00 - 26.10.2018 20:00","2442","2447"
"26.10.2018 20:00 - 26.10.2018 21:00","2296","2388"
"26.10.2018 21:00 - 26.10.2018 22:00","2206","2247"
"26.10.2018 22:00 - 26.10.2018 23:00","2035","2043"
"26.10.2018 23:00 - 27.10.2018 00:00","1892","1959"
"27.10.2018 00:00 - 27.10.2018 01:00","1847","1838"
"27.10.2018 01:00 - 27.10.2018 02:00","1720","1703"
"27.10.2018 02:00 - 27.10.2018 03:00","1681","1686"
"27.10.2018 03:00 - 27.10.2018 04:00","1697","1691"
"27.10.2018 04:00 - 27.10.2018 05:00","1705","1698"
"27.10.2018 05:00 - 27.10.2018 06:00","1737","1777"
"27.10.2018 06:00 - 27.10.2018 07:00","1917","1926"
"27.10.2018 07:00 - 27.10.2018 08:00","2112","2114"
"27.10.2018 08:00 - 27.10.2018 09:00","2280","2263"
"27.10.2018 09:00 - 27.10.2018 10:00","2343","2316"
"27.10.2018 10:00 - 27.10.2018 11:00","2327","2297"
"27.10.2018 11:00 - 27.10.2018 12:00","2272","2308"
"27.10.2018 12:00 - 27.10.2018 13:00","2261","2248"
"27.10.2018 13:00 - 27.10.2018 14:00","2232","2186"
"27.10.2018 14:00 - 27.10.2018 15:00","2198","2166"
"27.10.2018 15:00 - 27.10.2018 16:00","2110","2128"
"27.10.2018 16:00 - 27.10.2018 17:00","2192","2200"
"27.10.2018 17:00 - 27.10.2018 18:00","2409","2394"
"27.10.2018 18:00 - 27.10.2018 19:00","2496","2518"
"27.10.2018 19:00 - 27.10.2018 20:00","2355","2377"
"27.10.2018 20:00 - 27.10.2018 21:00","2237","2223"
"27.10.2018 21:00 - 27.10.2018 22:00","2083","2097"
"27.10.2018 22:00 - 27.10.2018 23:00","1919","2004"
"27.10.2018 23:00 - 28.10.2018 00:00","1794","1876"
"28.10.2018 00:00 - 28.10.2018 01:00","1775","1777"
"28.10.2018 01:00 - 28.10.2018 02:00","1691","1690"
"28.10.2018 02:00 - 28.10.2018 03:00","1635","1659"
"28.10.2018 02:00 - 28.10.2018 03:00","1589","1659"
"28.10.2018 03:00 - 28.10.2018 04:00","1653","1676"
"28.10.2018 04:00 - 28.10.2018 05:00","1673","1693"
"28.10.2018 05:00 - 28.10.2018 06:00","1742","1769"
"28.10.2018 06:00 - 28.10.2018 07:00","1914","1936"
"28.10.2018 07:00 - 28.10.2018 08:00","2082","2085"
"28.10.2018 08:00 - 28.10.2018 09:00","2232","2210"
"28.10.2018 09:00 - 28.10.2018 10:00","2283","2263"
"28.10.2018 10:00 - 28.10.2018 11:00","2307","2281"
"28.10.2018 11:00 - 28.10.2018 12:00","2303","2276"
"28.10.2018 12:00 - 28.10.2018 13:00","2237","2245"
"28.10.2018 13:00 - 28.10.2018 14:00","2221","2227"
"28.10.2018 14:00 - 28.10.2018 15:00","2195","2220"
"28.10.2018 15:00 - 28.10.2018 16:00","2209","2239"
"28.10.2018 16:00 - 28.10.2018 17:00","2326","2355"
"28.10.2018 17:00 - 28.10.2018 18:00","2750","2785"
"28.10.2018 18:00 - 28.10.2018 19:00","2675","2635"
"28.10.2018 19:00 - 28.10.2018 20:00","2453","2438"
"28.10.2018 20:00 - 28.10.2018 21:00","2268","2279"
"28.10.2018 21:00 - 28.10.2018 22:00","2154","2157"
"28.10.2018 22:00 - 28.10.2018 23:00","2038","2015"
"28.10.2018 23:00 - 29.10.2018 00:00","1958","1892"
"29.10.2018 00:00 - 29.10.2018 01:00","1822","1823"
"29.10.2018 01:00 - 29.10.2018 02:00","1802","1806"
"29.10.2018 02:00 - 29.10.2018 03:00","1811","1791"
"29.10.2018 03:00 - 29.10.2018 04:00","1832","1821"
"29.10.2018 04:00 - 29.10.2018 05:00","1937","1965"
"29.10.2018 05:00 - 29.10.2018 06:00","2132","2066"
"29.10.2018 06:00 - 29.10.2018 07:00","2506","2479"
"29.10.2018 07:00 - 29.10.2018 08:00","2844","2800"
"29.10.2018 08:00 - 29.10.2018 09:00","2922","2922"
"29.10.2018 09:00 - 29.10.2018 10:00","2943","2941"
"29.10.2018 10:00 - 29.10.2018 11:00","2977","3002"
"29.10.2018 11:00 - 29.10.2018 12:00","2921","2893"
"29.10.2018 12:00 - 29.10.2018 13:00","2829","2827"
"29.10.2018 13:00 - 29.10.2018 14:00","2855","2883"
"29.10.2018 14:00 - 29.10.2018 15:00","2823","2862"
"29.10.2018 15:00 - 29.10.2018 16:00","2767","2764"
"29.10.2018 16:00 - 29.10.2018 17:00","2834","2816"
"29.10.2018 17:00 - 29.10.2018 18:00","3111","3069"
"29.10.2018 18:00 - 29.10.2018 19:00","2942","2933"
"29.10.2018 19:00 - 29.10.2018 20:00","2709","2876"
"29.10.2018 20:00 - 29.10.2018 21:00","2598","2709"
"29.10.2018 21:00 - 29.10.2018 22:00","2494","2546"
"29.10.2018 22:00 - 29.10.2018 23:00","2320","2358"
"29.10.2018 23:00 - 30.10.2018 00:00","2147","2111"
"30.10.2018 00:00 - 30.10.2018 01:00","2002","2012"
"30.10.2018 01:00 - 30.10.2018 02:00","1923","1975"
"30.10.2018 02:00 - 30.10.2018 03:00","1932","1952"
"30.10.2018 03:00 - 30.10.2018 04:00","1942","1927"
"30.10.2018 04:00 - 30.10.2018 05:00","1977","1964"
"30.10.2018 05:00 - 30.10.2018 06:00","2132","2112"
"30.10.2018 06:00 - 30.10.2018 07:00","2501","2526"
"30.10.2018 07:00 - 30.10.2018 08:00","2852","2868"
"30.10.2018 08:00 - 30.10.2018 09:00","2956","2979"
"30.10.2018 09:00 - 30.10.2018 10:00","2989","3022"
"30.10.2018 10:00 - 30.10.2018 11:00","3075","3092"
"30.10.2018 11:00 - 30.10.2018 12:00","3075","3082"
"30.10.2018 12:00 - 30.10.2018 13:00","2992","2999"
"30.10.2018 13:00 - 30.10.2018 14:00","2998","2997"
"30.10.2018 14:00 - 30.10.2018 15:00","2912","2881"
"30.10.2018 15:00 - 30.10.2018 16:00","2743","2733"
"30.10.2018 16:00 - 30.10.2018 17:00","2791","2772"
"30.10.2018 17:00 - 30.10.2018 18:00","3052","3010"
"30.10.2018 18:00 - 30.10.2018 19:00","2917","2919"
"30.10.2018 19:00 - 30.10.2018 20:00","2777","2754"
"30.10.2018 20:00 - 30.10.2018 21:00","2589","2523"
"30.10.2018 21:00 - 30.10.2018 22:00","2360","2342"
"30.10.2018 22:00 - 30.10.2018 23:00","2203","2202"
"30.10.2018 23:00 - 31.10.2018 00:00","2092","1991"
"31.10.2018 00:00 - 31.10.2018 01:00","1884","1911"
"31.10.2018 01:00 - 31.10.2018 02:00","1828","1883"
"31.10.2018 02:00 - 31.10.2018 03:00","1835","1851"
"31.10.2018 03:00 - 31.10.2018 04:00","1847","1852"
"31.10.2018 04:00 - 31.10.2018 05:00","1906","1932"
"31.10.2018 05:00 - 31.10.2018 06:00","2076","2077"
"31.10.2018 06:00 - 31.10.2018 07:00","2510","2516"
"31.10.2018 07:00 - 31.10.2018 08:00","2825","2815"
"31.10.2018 08:00 - 31.10.2018 09:00","2898","2905"
"31.10.2018 09:00 - 31.10.2018 10:00","2871","2876"
"31.10.2018 10:00 - 31.10.2018 11:00","2907","2926"
"31.10.2018 11:00 - 31.10.2018 12:00","2924","2911"
"31.10.2018 12:00 - 31.10.2018 13:00","2838","2873"
"31.10.2018 13:00 - 31.10.2018 14:00","2888","2890"
"31.10.2018 14:00 - 31.10.2018 15:00","2815","2751"
"31.10.2018 15:00 - 31.10.2018 16:00","2652","2663"
"31.10.2018 16:00 - 31.10.2018 17:00","2729","2703"
"31.10.2018 17:00 - 31.10.2018 18:00","3016","2958"
"31.10.2018 18:00 - 31.10.2018 19:00","2843","2857"
"31.10.2018 19:00 - 31.10.2018 20:00","2692","2678"
"31.10.2018 20:00 - 31.10.2018 21:00","2530","2544"
"31.10.2018 21:00 - 31.10.2018 22:00","2394","2376"
"31.10.2018 22:00 - 31.10.2018 23:00","2205","2160"
"31.10.2018 23:00 - 01.11.2018 00:00","2041","1983"
"01.11.2018 00:00 - 01.11.2018 01:00","1863","1886"
"01.11.2018 01:00 - 01.11.2018 02:00","1790","1815"
"01.11.2018 02:00 - 01.11.2018 03:00","1769","1801"
"01.11.2018 03:00 - 01.11.2018 04:00","1823","1835"
"01.11.2018 04:00 - 01.11.2018 05:00","1891","1894"
"01.11.2018 05:00 - 01.11.2018 06:00","2068","2074"
"01.11.2018 06:00 - 01.11.2018 07:00","2514","2500"
"01.11.2018 07:00 - 01.11.2018 08:00","2836","2803"
"01.11.2018 08:00 - 01.11.2018 09:00","2910","2834"
"01.11.2018 09:00 - 01.11.2018 10:00","2817","2816"
"01.11.2018 10:00 - 01.11.2018 11:00","2877","2873"
"01.11.2018 11:00 - 01.11.2018 12:00","2871","2859"
"01.11.2018 12:00 - 01.11.2018 13:00","2807","2807"
"01.11.2018 13:00 - 01.11.2018 14:00","2806","2800"
"01.11.2018 14:00 - 01.11.2018 15:00","2771","2750"
"01.11.2018 15:00 - 01.11.2018 16:00","2681","2696"
"01.11.2018 16:00 - 01.11.2018 17:00","2760","2765"
"01.11.2018 17:00 - 01.11.2018 18:00","3047","3009"
"01.11.2018 18:00 - 01.11.2018 19:00","2860","2875"
"01.11.2018 19:00 - 01.11.2018 20:00","2686","2690"
"01.11.2018 20:00 - 01.11.2018 21:00","2524","2544"
"01.11.2018 21:00 - 01.11.2018 22:00","2390","2354"
"01.11.2018 22:00 - 01.11.2018 23:00","2223","2136"
"01.11.2018 23:00 - 02.11.2018 00:00","2061","1957"
"02.11.2018 00:00 - 02.11.2018 01:00","1835","1852"
"02.11.2018 01:00 - 02.11.2018 02:00","1756","1793"
"02.11.2018 02:00 - 02.11.2018 03:00","1748","1777"
"02.11.2018 03:00 - 02.11.2018 04:00","1778","1779"
"02.11.2018 04:00 - 02.11.2018 05:00","1835","1819"
"02.11.2018 05:00 - 02.11.2018 06:00","1990","1962"
"02.11.2018 06:00 - 02.11.2018 07:00","2386","2421"
"02.11.2018 07:00 - 02.11.2018 08:00","2788","2763"
"02.11.2018 08:00 - 02.11.2018 09:00","2845","2845"
"02.11.2018 09:00 - 02.11.2018 10:00","2858","2882"
"02.11.2018 10:00 - 02.11.2018 11:00","2917","2931"
"02.11.2018 11:00 - 02.11.2018 12:00","2876","2852"
"02.11.2018 12:00 - 02.11.2018 13:00","2724","2760"
"02.11.2018 13:00 - 02.11.2018 14:00","2684","2712"
"02.11.2018 14:00 - 02.11.2018 15:00","2584","2602"
"02.11.2018 15:00 - 02.11.2018 16:00","2520","2449"
"02.11.2018 16:00 - 02.11.2018 17:00","2563","2568"
"02.11.2018 17:00 - 02.11.2018 18:00","2815","2784"
"02.11.2018 18:00 - 02.11.2018 19:00","2669","2705"
"02.11.2018 19:00 - 02.11.2018 20:00","2485","2473"
"02.11.2018 20:00 - 02.11.2018 21:00","2279","2301"
"02.11.2018 21:00 - 02.11.2018 22:00","2196","2176"
"02.11.2018 22:00 - 02.11.2018 23:00","2061","2049"
"02.11.2018 23:00 - 03.11.2018 00:00","1923","1891"
"03.11.2018 00:00 - 03.11.2018 01:00","1773","1775"
"03.11.2018 01:00 - 03.11.2018 02:00","1676","1713"
"03.11.2018 02:00 - 03.11.2018 03:00","1668","1703"
"03.11.2018 03:00 - 03.11.2018 04:00","1701","1690"
"03.11.2018 04:00 - 03.11.2018 05:00","1677","1721"
"03.11.2018 05:00 - 03.11.2018 06:00","1758","1788"
"03.11.2018 06:00 - 03.11.2018 07:00","1920","1908"
"03.11.2018 07:00 - 03.11.2018 08:00","2073","2050"
"03.11.2018 08:00 - 03.11.2018 09:00","2213","2193"
"03.11.2018 09:00 - 03.11.2018 10:00","2319","2248"
"03.11.2018 10:00 - 03.11.2018 11:00","2344","2269"
"03.11.2018 11:00 - 03.11.2018 12:00","2270","2249"
"03.11.2018 12:00 - 03.11.2018 13:00","2223","2205"
"03.11.2018 13:00 - 03.11.2018 14:00","2168","2166"
"03.11.2018 14:00 - 03.11.2018 15:00","2146","2161"
"03.11.2018 15:00 - 03.11.2018 16:00","2156","2162"
"03.11.2018 16:00 - 03.11.2018 17:00","2294","2291"
"03.11.2018 17:00 - 03.11.2018 18:00","2594","2579"
"03.11.2018 18:00 - 03.11.2018 19:00","2515","2508"
"03.11.2018 19:00 - 03.11.2018 20:00","2292","2315"
"03.11.2018 20:00 - 03.11.2018 21:00","2152","2206"
"03.11.2018 21:00 - 03.11.2018 22:00","2069","2072"
"03.11.2018 22:00 - 03.11.2018 23:00","1906","1943"
"03.11.2018 23:00 - 04.11.2018 00:00","1756","1810"
"04.11.2018 00:00 - 04.11.2018 01:00","1695","1718"
"04.11.2018 01:00 - 04.11.2018 02:00","1635","1663"
"04.11.2018 02:00 - 04.11.2018 03:00","1621","1647"
"04.11.2018 03:00 - 04.11.2018 04:00","1628","1651"
"04.11.2018 04:00 - 04.11.2018 05:00","1643","1646"
"04.11.2018 05:00 - 04.11.2018 06:00","1680","1693"
"04.11.2018 06:00 - 04.11.2018 07:00","1802","1816"
"04.11.2018 07:00 - 04.11.2018 08:00","1959","1948"
"04.11.2018 08:00 - 04.11.2018 09:00","2119","2094"
"04.11.2018 09:00 - 04.11.2018 10:00","2192","2192"
"04.11.2018 10:00 - 04.11.2018 11:00","2231","2221"
"04.11.2018 11:00 - 04.11.2018 12:00","2221","2196"
"04.11.2018 12:00 - 04.11.2018 13:00","2190","2193"
"04.11.2018 13:00 - 04.11.2018 14:00","2169","2183"
"04.11.2018 14:00 - 04.11.2018 15:00","2172","2181"
"04.11.2018 15:00 - 04.11.2018 16:00","2197","2223"
"04.11.2018 16:00 - 04.11.2018 17:00","2351","2358"
"04.11.2018 17:00 - 04.11.2018 18:00","2701","2632"
"04.11.2018 18:00 - 04.11.2018 19:00","2590","2535"
"04.11.2018 19:00 - 04.11.2018 20:00","2354","2369"
"04.11.2018 20:00 - 04.11.2018 21:00","2204","2248"
"04.11.2018 21:00 - 04.11.2018 22:00","2084","2102"
"04.11.2018 22:00 - 04.11.2018 23:00","1959","1974"
"04.11.2018 23:00 - 05.11.2018 00:00","1859","1842"
"05.11.2018 00:00 - 05.11.2018 01:00","1763","1759"
"05.11.2018 01:00 - 05.11.2018 02:00","1714","1721"
"05.11.2018 02:00 - 05.11.2018 03:00","1721","1715"
"05.11.2018 03:00 - 05.11.2018 04:00","1737","1718"
"05.11.2018 04:00 - 05.11.2018 05:00","1774","1769"
"05.11.2018 05:00 - 05.11.2018 06:00","1940","1948"
"05.11.2018 06:00 - 05.11.2018 07:00","2368","2331"
"05.11.2018 07:00 - 05.11.2018 08:00","2728","2695"
"05.11.2018 08:00 - 05.11.2018 09:00","2794","2801"
"05.11.2018 09:00 - 05.11.2018 10:00","2815","2827"
"05.11.2018 10:00 - 05.11.2018 11:00","2906","2916"
"05.11.2018 11:00 - 05.11.2018 12:00","2889","2878"
"05.11.2018 12:00 - 05.11.2018 13:00","2784","2773"
"05.11.2018 13:00 - 05.11.2018 14:00","2791","2782"
"05.11.2018 14:00 - 05.11.2018 15:00","2740","2771"
"05.11.2018 15:00 - 05.11.2018 16:00","2720","2750"
"05.11.2018 16:00 - 05.11.2018 17:00","2829","2837"
"05.11.2018 17:00 - 05.11.2018 18:00","3088","3048"
"05.11.2018 18:00 - 05.11.2018 19:00","2895","2883"
"05.11.2018 19:00 - 05.11.2018 20:00","2693","2695"
"05.11.2018 20:00 - 05.11.2018 21:00","2543","2563"
"05.11.2018 21:00 - 05.11.2018 22:00","2390","2385"
"05.11.2018 22:00 - 05.11.2018 23:00","2216","2185"
"05.11.2018 23:00 - 06.11.2018 00:00","2053","2006"
"06.11.2018 00:00 - 06.11.2018 01:00","1906","1962"
"06.11.2018 01:00 - 06.11.2018 02:00","1853","1857"
"06.11.2018 02:00 - 06.11.2018 03:00","1838","1879"
"06.11.2018 03:00 - 06.11.2018 04:00","1874","1887"
"06.11.2018 04:00 - 06.11.2018 05:00","1952","1937"
"06.11.2018 05:00 - 06.11.2018 06:00","2084","2064"
"06.11.2018 06:00 - 06.11.2018 07:00","2468","2432"
"06.11.2018 07:00 - 06.11.2018 08:00","2774","2771"
"06.11.2018 08:00 - 06.11.2018 09:00","2873","2858"
"06.11.2018 09:00 - 06.11.2018 10:00","2870","2884"
"06.11.2018 10:00 - 06.11.2018 11:00","2941","2930"
"06.11.2018 11:00 - 06.11.2018 12:00","2905","2902"
"06.11.2018 12:00 - 06.11.2018 13:00","2829","2850"
"06.11.2018 13:00 - 06.11.2018 14:00","2869","2872"
"06.11.2018 14:00 - 06.11.2018 15:00","2838","2825"
"06.11.2018 15:00 - 06.11.2018 16:00","2726","2748"
"06.11.2018 16:00 - 06.11.2018 17:00","2812","2818"
"06.11.2018 17:00 - 06.11.2018 18:00","3079","3062"
"06.11.2018 18:00 - 06.11.2018 19:00","2933","2931"
"06.11.2018 19:00 - 06.11.2018 20:00","2762","2754"
"06.11.2018 20:00 - 06.11.2018 21:00","2590","2582"
"06.11.2018 21:00 - 06.11.2018 22:00","2422","2419"
"06.11.2018 22:00 - 06.11.2018 23:00","2250","2240"
"06.11.2018 23:00 - 07.11.2018 00:00","2091","2052"
"07.11.2018 00:00 - 07.11.2018 01:00","1948","1946"
"07.11.2018 01:00 - 07.11.2018 02:00","1861","1879"
"07.11.2018 02:00 - 07.11.2018 03:00","1838","1831"
"07.11.2018 03:00 - 07.11.2018 04:00","1835","1839"
"07.11.2018 04:00 - 07.11.2018 05:00","1903","1904"
"07.11.2018 05:00 - 07.11.2018 06:00","2066","2074"
"07.11.2018 06:00 - 07.11.2018 07:00","2510","2513"
"07.11.2018 07:00 - 07.11.2018 08:00","2842","2837"
"07.11.2018 08:00 - 07.11.2018 09:00","2926","2898"
"07.11.2018 09:00 - 07.11.2018 10:00","2903","2904"
"07.11.2018 10:00 - 07.11.2018 11:00","2953","2949"
"07.11.2018 11:00 - 07.11.2018 12:00","2946","2976"
"07.11.2018 12:00 - 07.11.2018 13:00","2919","2953"
"07.11.2018 13:00 - 07.11.2018 14:00","2942","2903"
"07.11.2018 14:00 - 07.11.2018 15:00","2852","2833"
"07.11.2018 15:00 - 07.11.2018 16:00","2741","2761"
"07.11.2018 16:00 - 07.11.2018 17:00","2836","2856"
"07.11.2018 17:00 - 07.11.2018 18:00","3112","3079"
"07.11.2018 18:00 - 07.11.2018 19:00","2963","2980"
"07.11.2018 19:00 - 07.11.2018 20:00","2793","2795"
"07.11.2018 20:00 - 07.11.2018 21:00","2625","2631"
"07.11.2018 21:00 - 07.11.2018 22:00","2457","2447"
"07.11.2018 22:00 - 07.11.2018 23:00","2279","2230"
"07.11.2018 23:00 - 08.11.2018 00:00","2109","2031"
"08.11.2018 00:00 - 08.11.2018 01:00","1917","1953"
"08.11.2018 01:00 - 08.11.2018 02:00","1846","1874"
"08.11.2018 02:00 - 08.11.2018 03:00","1837","1829"
"08.11.2018 03:00 - 08.11.2018 04:00","1843","1854"
"08.11.2018 04:00 - 08.11.2018 05:00","1905","1903"
"08.11.2018 05:00 - 08.11.2018 06:00","2059","2059"
"08.11.2018 06:00 - 08.11.2018 07:00","2463","2470"
"08.11.2018 07:00 - 08.11.2018 08:00","2860","2820"
"08.11.2018 08:00 - 08.11.2018 09:00","2909","2904"
"08.11.2018 09:00 - 08.11.2018 10:00","2915","2929"
"08.11.2018 10:00 - 08.11.2018 11:00","2985","2964"
"08.11.2018 11:00 - 08.11.2018 12:00","2934","2928"
"08.11.2018 12:00 - 08.11.2018 13:00","2816","2849"
"08.11.2018 13:00 - 08.11.2018 14:00","2851","2853"
"08.11.2018 14:00 - 08.11.2018 15:00","2796","2800"
"08.11.2018 15:00 - 08.11.2018 16:00","2706","2702"
"08.11.2018 16:00 - 08.11.2018 17:00","2790","2777"
"08.11.2018 17:00 - 08.11.2018 18:00","3043","3029"
"08.11.2018 18:00 - 08.11.2018 19:00","2874","2904"
"08.11.2018 19:00 - 08.11.2018 20:00","2707","2705"
"08.11.2018 20:00 - 08.11.2018 21:00","2550","2565"
"08.11.2018 21:00 - 08.11.2018 22:00","2402","2385"
"08.11.2018 22:00 - 08.11.2018 23:00","2215","2213"
"08.11.2018 23:00 - 09.11.2018 00:00","2063","2037"
"09.11.2018 00:00 - 09.11.2018 01:00","1910","1931"
"09.11.2018 01:00 - 09.11.2018 02:00","1859","1943"
"09.11.2018 02:00 - 09.11.2018 03:00","1862","1856"
"09.11.2018 03:00 - 09.11.2018 04:00","1865","1865"
"09.11.2018 04:00 - 09.11.2018 05:00","1920","1923"
"09.11.2018 05:00 - 09.11.2018 06:00","2081","2055"
"09.11.2018 06:00 - 09.11.2018 07:00","2458","2466"
"09.11.2018 07:00 - 09.11.2018 08:00","2829","2819"
"09.11.2018 08:00 - 09.11.2018 09:00","2915","2907"
"09.11.2018 09:00 - 09.11.2018 10:00","2885","2893"
"09.11.2018 10:00 - 09.11.2018 11:00","2935","2926"
"09.11.2018 11:00 - 09.11.2018 12:00","2864","2865"
"09.11.2018 12:00 - 09.11.2018 13:00","2749","2756"
"09.11.2018 13:00 - 09.11.2018 14:00","2684","2709"
"09.11.2018 14:00 - 09.11.2018 15:00","2605","2643"
"09.11.2018 15:00 - 09.11.2018 16:00","2585","2596"
"09.11.2018 16:00 - 09.11.2018 17:00","2736","2679"
"09.11.2018 17:00 - 09.11.2018 18:00","2902","2854"
"09.11.2018 18:00 - 09.11.2018 19:00","2730","2719"
"09.11.2018 19:00 - 09.11.2018 20:00","2519","2489"
"09.11.2018 20:00 - 09.11.2018 21:00","2373","2378"
"09.11.2018 21:00 - 09.11.2018 22:00","2250","2228"
"09.11.2018 22:00 - 09.11.2018 23:00","2096","2034"
"09.11.2018 23:00 - 10.11.2018 00:00","1963","1987"
"10.11.2018 00:00 - 10.11.2018 01:00","1858","1850"
"10.11.2018 01:00 - 10.11.2018 02:00","1741","1746"
"10.11.2018 02:00 - 10.11.2018 03:00","1661","1706"
"10.11.2018 03:00 - 10.11.2018 04:00","1646","1698"
"10.11.2018 04:00 - 10.11.2018 05:00","1667","1682"
"10.11.2018 05:00 - 10.11.2018 06:00","1715","1730"
"10.11.2018 06:00 - 10.11.2018 07:00","1900","1874"
"10.11.2018 07:00 - 10.11.2018 08:00","2049","2062"
"10.11.2018 08:00 - 10.11.2018 09:00","2213","2262"
"10.11.2018 09:00 - 10.11.2018 10:00","2349","2381"
"10.11.2018 10:00 - 10.11.2018 11:00","2397","2402"
"10.11.2018 11:00 - 10.11.2018 12:00","2340","2323"
"10.11.2018 12:00 - 10.11.2018 13:00","2273","2289"
"10.11.2018 13:00 - 10.11.2018 14:00","2265","2266"
"10.11.2018 14:00 - 10.11.2018 15:00","2267","2273"
"10.11.2018 15:00 - 10.11.2018 16:00","2321","2297"
"10.11.2018 16:00 - 10.11.2018 17:00","2463","2459"
"10.11.2018 17:00 - 10.11.2018 18:00","2700","2655"
"10.11.2018 18:00 - 10.11.2018 19:00","2512","2445"
"10.11.2018 19:00 - 10.11.2018 20:00","2269","2279"
"10.11.2018 20:00 - 10.11.2018 21:00","2175","2151"
"10.11.2018 21:00 - 10.11.2018 22:00","2009","2006"
"10.11.2018 22:00 - 10.11.2018 23:00","1884","1970"
"10.11.2018 23:00 - 11.11.2018 00:00","1784","1874"
"11.11.2018 00:00 - 11.11.2018 01:00","1717","1660"
"11.11.2018 01:00 - 11.11.2018 02:00","1576","1580"
"11.11.2018 02:00 - 11.11.2018 03:00","1537","1531"
"11.11.2018 03:00 - 11.11.2018 04:00","1542","1539"
"11.11.2018 04:00 - 11.11.2018 05:00","1556","1562"
"11.11.2018 05:00 - 11.11.2018 06:00","1583","1605"
"11.11.2018 06:00 - 11.11.2018 07:00","1713","1710"
"11.11.2018 07:00 - 11.11.2018 08:00","1861","1874"
"11.11.2018 08:00 - 11.11.2018 09:00","2019","2003"
"11.11.2018 09:00 - 11.11.2018 10:00","2098","2100"
"11.11.2018 10:00 - 11.11.2018 11:00","2209","2290"
"11.11.2018 11:00 - 11.11.2018 12:00","2274","2266"
"11.11.2018 12:00 - 11.11.2018 13:00","2192","2164"
"11.11.2018 13:00 - 11.11.2018 14:00","2127","2158"
"11.11.2018 14:00 - 11.11.2018 15:00","2131","2157"
"11.11.2018 15:00 - 11.11.2018 16:00","2181","2186"
"11.11.2018 16:00 - 11.11.2018 17:00","2370","2341"
"11.11.2018 17:00 - 11.11.2018 18:00","2690","2721"
"11.11.2018 18:00 - 11.11.2018 19:00","2626","2634"
"11.11.2018 19:00 - 11.11.2018 20:00","2462","2462"
"11.11.2018 20:00 - 11.11.2018 21:00","2295","2277"
"11.11.2018 21:00 - 11.11.2018 22:00","2118","2132"
"11.11.2018 22:00 - 11.11.2018 23:00","1959","1953"
"11.11.2018 23:00 - 12.11.2018 00:00","1834","1799"
"12.11.2018 00:00 - 12.11.2018 01:00","1720","1785"
"12.11.2018 01:00 - 12.11.2018 02:00","1701","1683"
"12.11.2018 02:00 - 12.11.2018 03:00","1663","1656"
"12.11.2018 03:00 - 12.11.2018 04:00","1666","1676"
"12.11.2018 04:00 - 12.11.2018 05:00","1725","1744"
"12.11.2018 05:00 - 12.11.2018 06:00","1914","1914"
"12.11.2018 06:00 - 12.11.2018 07:00","2357","2347"
"12.11.2018 07:00 - 12.11.2018 08:00","2769","2725"
"12.11.2018 08:00 - 12.11.2018 09:00","2808","2810"
"12.11.2018 09:00 - 12.11.2018 10:00","2810","2807"
"12.11.2018 10:00 - 12.11.2018 11:00","2869","2856"
"12.11.2018 11:00 - 12.11.2018 12:00","2849","2853"
"12.11.2018 12:00 - 12.11.2018 13:00","2810","2774"
"12.11.2018 13:00 - 12.11.2018 14:00","2796","2786"
"12.11.2018 14:00 - 12.11.2018 15:00","2775","2792"
"12.11.2018 15:00 - 12.11.2018 16:00","2742","2728"
"12.11.2018 16:00 - 12.11.2018 17:00","2848","2847"
"12.11.2018 17:00 - 12.11.2018 18:00","3034","3051"
"12.11.2018 18:00 - 12.11.2018 19:00","2892","2894"
"12.11.2018 19:00 - 12.11.2018 20:00","2694","2700"
"12.11.2018 20:00 - 12.11.2018 21:00","2505","2510"
"12.11.2018 21:00 - 12.11.2018 22:00","2330","2337"
"12.11.2018 22:00 - 12.11.2018 23:00","2127","2194"
"12.11.2018 23:00 - 13.11.2018 00:00","1961","2031"
"13.11.2018 00:00 - 13.11.2018 01:00","1899","1913"
"13.11.2018 01:00 - 13.11.2018 02:00","1849","1893"
"13.11.2018 02:00 - 13.11.2018 03:00","1853","1852"
"13.11.2018 03:00 - 13.11.2018 04:00","1860","1851"
"13.11.2018 04:00 - 13.11.2018 05:00","1928","1875"
"13.11.2018 05:00 - 13.11.2018 06:00","2062","2037"
"13.11.2018 06:00 - 13.11.2018 07:00","2455","2481"
"13.11.2018 07:00 - 13.11.2018 08:00","2862","2859"
"13.11.2018 08:00 - 13.11.2018 09:00","2925","2902"
"13.11.2018 09:00 - 13.11.2018 10:00","2916","2904"
"13.11.2018 10:00 - 13.11.2018 11:00","2963","3000"
"13.11.2018 11:00 - 13.11.2018 12:00","2990","2972"
"13.11.2018 12:00 - 13.11.2018 13:00","2896","2928"
"13.11.2018 13:00 - 13.11.2018 14:00","2933","2919"
"13.11.2018 14:00 - 13.11.2018 15:00","2847","2902"
"13.11.2018 15:00 - 13.11.2018 16:00","2813","2846"
"13.11.2018 16:00 - 13.11.2018 17:00","2941","2945"
"13.11.2018 17:00 - 13.11.2018 18:00","3122","3095"
"13.11.2018 18:00 - 13.11.2018 19:00","2929","2938"
"13.11.2018 19:00 - 13.11.2018 20:00","2755","2743"
"13.11.2018 20:00 - 13.11.2018 21:00","2563","2567"
"13.11.2018 21:00 - 13.11.2018 22:00","2431","2458"
"13.11.2018 22:00 - 13.11.2018 23:00","2275","2235"
"13.11.2018 23:00 - 14.11.2018 00:00","2104","2066"
"14.11.2018 00:00 - 14.11.2018 01:00","1925","1929"
"14.11.2018 01:00 - 14.11.2018 02:00","1837","1849"
"14.11.2018 02:00 - 14.11.2018 03:00","1831","1824"
"14.11.2018 03:00 - 14.11.2018 04:00","1859","1824"
"14.11.2018 04:00 - 14.11.2018 05:00","1948","1917"
"14.11.2018 05:00 - 14.11.2018 06:00","2065","2046"
"14.11.2018 06:00 - 14.11.2018 07:00","2465","2440"
"14.11.2018 07:00 - 14.11.2018 08:00","2850","2842"
"14.11.2018 08:00 - 14.11.2018 09:00","2908","2878"
"14.11.2018 09:00 - 14.11.2018 10:00","2893","2885"
"14.11.2018 10:00 - 14.11.2018 11:00","2933","2948"
"14.11.2018 11:00 - 14.11.2018 12:00","2945","2936"
"14.11.2018 12:00 - 14.11.2018 13:00","2841","2863"
"14.11.2018 13:00 - 14.11.2018 14:00","2870","2896"
"14.11.2018 14:00 - 14.11.2018 15:00","2833","2869"
"14.11.2018 15:00 - 14.11.2018 16:00","2777","2790"
"14.11.2018 16:00 - 14.11.2018 17:00","2884","2877"
"14.11.2018 17:00 - 14.11.2018 18:00","3111","3068"
"14.11.2018 18:00 - 14.11.2018 19:00","2909","2928"
"14.11.2018 19:00 - 14.11.2018 20:00","2715","2753"
"14.11.2018 20:00 - 14.11.2018 21:00","2568","2609"
"14.11.2018 21:00 - 14.11.2018 22:00","2449","2491"
"14.11.2018 22:00 - 14.11.2018 23:00","2291","2311"
"14.11.2018 23:00 - 15.11.2018 00:00","2117","2087"
"15.11.2018 00:00 - 15.11.2018 01:00","1952","1937"
"15.11.2018 01:00 - 15.11.2018 02:00","1856","1870"
"15.11.2018 02:00 - 15.11.2018 03:00","1833","1834"
"15.11.2018 03:00 - 15.11.2018 04:00","1835","1831"
"15.11.2018 04:00 - 15.11.2018 05:00","1896","1887"
"15.11.2018 05:00 - 15.11.2018 06:00","2065","2053"
"15.11.2018 06:00 - 15.11.2018 07:00","2487","2477"
"15.11.2018 07:00 - 15.11.2018 08:00","2849","2826"
"15.11.2018 08:00 - 15.11.2018 09:00","2902","2878"
"15.11.2018 09:00 - 15.11.2018 10:00","2902","2870"
"15.11.2018 10:00 - 15.11.2018 11:00","2924","2887"
"15.11.2018 11:00 - 15.11.2018 12:00","2860","2793"
"15.11.2018 12:00 - 15.11.2018 13:00","2716","2648"
"15.11.2018 13:00 - 15.11.2018 14:00","2691","2672"
"15.11.2018 14:00 - 15.11.2018 15:00","2630","2695"
"15.11.2018 15:00 - 15.11.2018 16:00","2645","2667"
"15.11.2018 16:00 - 15.11.2018 17:00","2790","2805"
"15.11.2018 17:00 - 15.11.2018 18:00","3045","3038"
"15.11.2018 18:00 - 15.11.2018 19:00","2883","2894"
"15.11.2018 19:00 - 15.11.2018 20:00","2706","2695"
"15.11.2018 20:00 - 15.11.2018 21:00","2536","2562"
"15.11.2018 21:00 - 15.11.2018 22:00","2391","2385"
"15.11.2018 22:00 - 15.11.2018 23:00","2209","2184"
"15.11.2018 23:00 - 16.11.2018 00:00","2067","2029"
"16.11.2018 00:00 - 16.11.2018 01:00","1913","1895"
"16.11.2018 01:00 - 16.11.2018 02:00","1833","1883"
"16.11.2018 02:00 - 16.11.2018 03:00","1845","1853"
"16.11.2018 03:00 - 16.11.2018 04:00","1861","1857"
"16.11.2018 04:00 - 16.11.2018 05:00","1918","1891"
"16.11.2018 05:00 - 16.11.2018 06:00","2043","2057"
"16.11.2018 06:00 - 16.11.2018 07:00","2451","2469"
"16.11.2018 07:00 - 16.11.2018 08:00","2866","2870"
"16.11.2018 08:00 - 16.11.2018 09:00","2960","2966"
"16.11.2018 09:00 - 16.11.2018 10:00","2898","2883"
"16.11.2018 10:00 - 16.11.2018 11:00","2918","2889"
"16.11.2018 11:00 - 16.11.2018 12:00","2851","2821"
"16.11.2018 12:00 - 16.11.2018 13:00","2717","2713"
"16.11.2018 13:00 - 16.11.2018 14:00","2642","2629"
"16.11.2018 14:00 - 16.11.2018 15:00","2512","2526"
"16.11.2018 15:00 - 16.11.2018 16:00","2479","2483"
"16.11.2018 16:00 - 16.11.2018 17:00","2628","2657"
"16.11.2018 17:00 - 16.11.2018 18:00","2896","2884"
"16.11.2018 18:00 - 16.11.2018 19:00","2775","2748"
"16.11.2018 19:00 - 16.11.2018 20:00","2528","2527"
"16.11.2018 20:00 - 16.11.2018 21:00","2377","2413"
"16.11.2018 21:00 - 16.11.2018 22:00","2277","2281"
"16.11.2018 22:00 - 16.11.2018 23:00","2135","2141"
"16.11.2018 23:00 - 17.11.2018 00:00","2002","1928"
"17.11.2018 00:00 - 17.11.2018 01:00","1825","1809"
"17.11.2018 01:00 - 17.11.2018 02:00","1725","1735"
"17.11.2018 02:00 - 17.11.2018 03:00","1665","1683"
"17.11.2018 03:00 - 17.11.2018 04:00","1667","1676"
"17.11.2018 04:00 - 17.11.2018 05:00","1685","1689"
"17.11.2018 05:00 - 17.11.2018 06:00","1752","1777"
"17.11.2018 06:00 - 17.11.2018 07:00","1906","1922"
"17.11.2018 07:00 - 17.11.2018 08:00","2128","2186"
"17.11.2018 08:00 - 17.11.2018 09:00","2340","2327"
"17.11.2018 09:00 - 17.11.2018 10:00","2419","2391"
"17.11.2018 10:00 - 17.11.2018 11:00","2405","2402"
"17.11.2018 11:00 - 17.11.2018 12:00","2384","2367"
"17.11.2018 12:00 - 17.11.2018 13:00","2316","2318"
"17.11.2018 13:00 - 17.11.2018 14:00","2268","2269"
"17.11.2018 14:00 - 17.11.2018 15:00","2243","2249"
"17.11.2018 15:00 - 17.11.2018 16:00","2252","2244"
"17.11.2018 16:00 - 17.11.2018 17:00","2415","2404"
"17.11.2018 17:00 - 17.11.2018 18:00","2633","2683"
"17.11.2018 18:00 - 17.11.2018 19:00","2590","2603"
"17.11.2018 19:00 - 17.11.2018 20:00","2398","2410"
"17.11.2018 20:00 - 17.11.2018 21:00","2270","2266"
"17.11.2018 21:00 - 17.11.2018 22:00","2171","2152"
"17.11.2018 22:00 - 17.11.2018 23:00","1999","2031"
"17.11.2018 23:00 - 18.11.2018 00:00","1871","1895"
"18.11.2018 00:00 - 18.11.2018 01:00","1817","1830"
"18.11.2018 01:00 - 18.11.2018 02:00","1754","1722"
"18.11.2018 02:00 - 18.11.2018 03:00","1696","1690"
"18.11.2018 03:00 - 18.11.2018 04:00","1673","1677"
"18.11.2018 04:00 - 18.11.2018 05:00","1688","1682"
"18.11.2018 05:00 - 18.11.2018 06:00","1717","1717"
"18.11.2018 06:00 - 18.11.2018 07:00","1823","1832"
"18.11.2018 07:00 - 18.11.2018 08:00","1969","1985"
"18.11.2018 08:00 - 18.11.2018 09:00","2109","2134"
"18.11.2018 09:00 - 18.11.2018 10:00","2208","2258"
"18.11.2018 10:00 - 18.11.2018 11:00","2302","2294"
"18.11.2018 11:00 - 18.11.2018 12:00","2319","2277"
"18.11.2018 12:00 - 18.11.2018 13:00","2252","2197"
"18.11.2018 13:00 - 18.11.2018 14:00","2188","2164"
"18.11.2018 14:00 - 18.11.2018 15:00","2162","2185"
"18.11.2018 15:00 - 18.11.2018 16:00","2203","2243"
"18.11.2018 16:00 - 18.11.2018 17:00","2439","2454"
"18.11.2018 17:00 - 18.11.2018 18:00","2726","2725"
"18.11.2018 18:00 - 18.11.2018 19:00","2630","2613"
"18.11.2018 19:00 - 18.11.2018 20:00","2441","2428"
"18.11.2018 20:00 - 18.11.2018 21:00","2278","2226"
"18.11.2018 21:00 - 18.11.2018 22:00","2117","2105"
"18.11.2018 22:00 - 18.11.2018 23:00","1969","1957"
"18.11.2018 23:00 - 19.11.2018 00:00","1866","1848"
"19.11.2018 00:00 - 19.11.2018 01:00","1796","1808"
"19.11.2018 01:00 - 19.11.2018 02:00","1766","1774"
"19.11.2018 02:00 - 19.11.2018 03:00","1783","1774"
"19.11.2018 03:00 - 19.11.2018 04:00","1793","1780"
"19.11.2018 04:00 - 19.11.2018 05:00","1839","1840"
"19.11.2018 05:00 - 19.11.2018 06:00","2010","1991"
"19.11.2018 06:00 - 19.11.2018 07:00","2435","2451"
"19.11.2018 07:00 - 19.11.2018 08:00","2932","2973"
"19.11.2018 08:00 - 19.11.2018 09:00","3061","3058"
"19.11.2018 09:00 - 19.11.2018 10:00","3035","3017"
"19.11.2018 10:00 - 19.11.2018 11:00","3073","3075"
"19.11.2018 11:00 - 19.11.2018 12:00","3075","3062"
"19.11.2018 12:00 - 19.11.2018 13:00","3001","3044"
"19.11.2018 13:00 - 19.11.2018 14:00","3067","3058"
"19.11.2018 14:00 - 19.11.2018 15:00","2999","3014"
"19.11.2018 15:00 - 19.11.2018 16:00","2931","2958"
"19.11.2018 16:00 - 19.11.2018 17:00","3049","3061"
"19.11.2018 17:00 - 19.11.2018 18:00","3263","3270"
"19.11.2018 18:00 - 19.11.2018 19:00","3057","3021"
"19.11.2018 19:00 - 19.11.2018 20:00","2820","2830"
"19.11.2018 20:00 - 19.11.2018 21:00","2651","2684"
"19.11.2018 21:00 - 19.11.2018 22:00","2531","2502"
"19.11.2018 22:00 - 19.11.2018 23:00","2288","2324"
"19.11.2018 23:00 - 20.11.2018 00:00","2129","2162"
"20.11.2018 00:00 - 20.11.2018 01:00","2053","2056"
"20.11.2018 01:00 - 20.11.2018 02:00","1972","1981"
"20.11.2018 02:00 - 20.11.2018 03:00","1960","1976"
"20.11.2018 03:00 - 20.11.2018 04:00","1992","2006"
"20.11.2018 04:00 - 20.11.2018 05:00","2057","2021"
"20.11.2018 05:00 - 20.11.2018 06:00","2193","2161"
"20.11.2018 06:00 - 20.11.2018 07:00","2524","2561"
"20.11.2018 07:00 - 20.11.2018 08:00","2978","3000"
"20.11.2018 08:00 - 20.11.2018 09:00","3058","2917"
"20.11.2018 09:00 - 20.11.2018 10:00","2996","3060"
"20.11.2018 10:00 - 20.11.2018 11:00","3096","3097"
"20.11.2018 11:00 - 20.11.2018 12:00","3074","3079"
"20.11.2018 12:00 - 20.11.2018 13:00","2990","2977"
"20.11.2018 13:00 - 20.11.2018 14:00","2992","3007"
"20.11.2018 14:00 - 20.11.2018 15:00","3005","3070"
"20.11.2018 15:00 - 20.11.2018 16:00","2975","2990"
"20.11.2018 16:00 - 20.11.2018 17:00","3078","3102"
"20.11.2018 17:00 - 20.11.2018 18:00","3275","3253"
"20.11.2018 18:00 - 20.11.2018 19:00","3086","3107"
"20.11.2018 19:00 - 20.11.2018 20:00","2936","2922"
"20.11.2018 20:00 - 20.11.2018 21:00","2779","2734"
"20.11.2018 21:00 - 20.11.2018 22:00","2562","2509"
"20.11.2018 22:00 - 20.11.2018 23:00","2412","2354"
"20.11.2018 23:00 - 21.11.2018 00:00","2284","2218"
"21.11.2018 00:00 - 21.11.2018 01:00","2069","2065"
"21.11.2018 01:00 - 21.11.2018 02:00","1972","2015"
"21.11.2018 02:00 - 21.11.2018 03:00","1959","1961"
"21.11.2018 03:00 - 21.11.2018 04:00","1968","1975"
"21.11.2018 04:00 - 21.11.2018 05:00","2053","2069"
"21.11.2018 05:00 - 21.11.2018 06:00","2244","2243"
"21.11.2018 06:00 - 21.11.2018 07:00","2616","2615"
"21.11.2018 07:00 - 21.11.2018 08:00","3003","3035"
"21.11.2018 08:00 - 21.11.2018 09:00","3110","3102"
"21.11.2018 09:00 - 21.11.2018 10:00","3064","3100"
"21.11.2018 10:00 - 21.11.2018 11:00","3132","3136"
"21.11.2018 11:00 - 21.11.2018 12:00","3094","3102"
"21.11.2018 12:00 - 21.11.2018 13:00","3032","3034"
"21.11.2018 13:00 - 21.11.2018 14:00","3036","3011"
"21.11.2018 14:00 - 21.11.2018 15:00","2955","2959"
"21.11.2018 15:00 - 21.11.2018 16:00","2887","2913"
"21.11.2018 16:00 - 21.11.2018 17:00","3004","3041"
"21.11.2018 17:00 - 21.11.2018 18:00","3193","3243"
"21.11.2018 18:00 - 21.11.2018 19:00","3067","3060"
"21.11.2018 19:00 - 21.11.2018 20:00","2843","2835"
"21.11.2018 20:00 - 21.11.2018 21:00","2703","2681"
"21.11.2018 21:00 - 21.11.2018 22:00","2541","2495"
"21.11.2018 22:00 - 21.11.2018 23:00","2378","2335"
"21.11.2018 23:00 - 22.11.2018 00:00","2249","2100"
"22.11.2018 00:00 - 22.11.2018 01:00","2007","2089"
"22.11.2018 01:00 - 22.11.2018 02:00","1983","1995"
"22.11.2018 02:00 - 22.11.2018 03:00","1931","1950"
"22.11.2018 03:00 - 22.11.2018 04:00","1939","1986"
"22.11.2018 04:00 - 22.11.2018 05:00","2032","2005"
"22.11.2018 05:00 - 22.11.2018 06:00","2163","2131"
"22.11.2018 06:00 - 22.11.2018 07:00","2509","2533"
"22.11.2018 07:00 - 22.11.2018 08:00","2910","2934"
"22.11.2018 08:00 - 22.11.2018 09:00","3023","3012"
"22.11.2018 09:00 - 22.11.2018 10:00","2984","2995"
"22.11.2018 10:00 - 22.11.2018 11:00","3054","3074"
"22.11.2018 11:00 - 22.11.2018 12:00","3064","3086"
"22.11.2018 12:00 - 22.11.2018 13:00","2995","3004"
"22.11.2018 13:00 - 22.11.2018 14:00","3013","2997"
"22.11.2018 14:00 - 22.11.2018 15:00","2945","2916"
"22.11.2018 15:00 - 22.11.2018 16:00","2859","2871"
"22.11.2018 16:00 - 22.11.2018 17:00","2970","2939"
"22.11.2018 17:00 - 22.11.2018 18:00","3116","3138"
"22.11.2018 18:00 - 22.11.2018 19:00","2979","3003"
"22.11.2018 19:00 - 22.11.2018 20:00","2843","2847"
"22.11.2018 20:00 - 22.11.2018 21:00","2735","2692"
"22.11.2018 21:00 - 22.11.2018 22:00","2533","2472"
"22.11.2018 22:00 - 22.11.2018 23:00","2331","2302"
"22.11.2018 23:00 - 23.11.2018 00:00","2188","2119"
"23.11.2018 00:00 - 23.11.2018 01:00","2007","2019"
"23.11.2018 01:00 - 23.11.2018 02:00","1933","1961"
"23.11.2018 02:00 - 23.11.2018 03:00","1930","1922"
"23.11.2018 03:00 - 23.11.2018 04:00","1938","1938"
"23.11.2018 04:00 - 23.11.2018 05:00","1995","1998"
"23.11.2018 05:00 - 23.11.2018 06:00","2173","2151"
"23.11.2018 06:00 - 23.11.2018 07:00","2511","2528"
"23.11.2018 07:00 - 23.11.2018 08:00","2901","2884"
"23.11.2018 08:00 - 23.11.2018 09:00","2994","2980"
"23.11.2018 09:00 - 23.11.2018 10:00","2978","3019"
"23.11.2018 10:00 - 23.11.2018 11:00","3022","3054"
"23.11.2018 11:00 - 23.11.2018 12:00","2996","3021"
"23.11.2018 12:00 - 23.11.2018 13:00","2887","2920"
"23.11.2018 13:00 - 23.11.2018 14:00","2824","2836"
"23.11.2018 14:00 - 23.11.2018 15:00","2716","2741"
"23.11.2018 15:00 - 23.11.2018 16:00","2679","2696"
"23.11.2018 16:00 - 23.11.2018 17:00","2833","2787"
"23.11.2018 17:00 - 23.11.2018 18:00","2934","2892"
"23.11.2018 18:00 - 23.11.2018 19:00","2768","2769"
"23.11.2018 19:00 - 23.11.2018 20:00","2605","2585"
"23.11.2018 20:00 - 23.11.2018 21:00","2459","2445"
"23.11.2018 21:00 - 23.11.2018 22:00","2312","2336"
"23.11.2018 22:00 - 23.11.2018 23:00","2168","2186"
"23.11.2018 23:00 - 24.11.2018 00:00","2020","2051"
"24.11.2018 00:00 - 24.11.2018 01:00","1906","1925"
"24.11.2018 01:00 - 24.11.2018 02:00","1809","1835"
"24.11.2018 02:00 - 24.11.2018 03:00","1777","1793"
"24.11.2018 03:00 - 24.11.2018 04:00","1761","1776"
"24.11.2018 04:00 - 24.11.2018 05:00","1767","1805"
"24.11.2018 05:00 - 24.11.2018 06:00","1811","1866"
"24.11.2018 06:00 - 24.11.2018 07:00","1969","1999"
"24.11.2018 07:00 - 24.11.2018 08:00","2192","2173"
"24.11.2018 08:00 - 24.11.2018 09:00","2342","2331"
"24.11.2018 09:00 - 24.11.2018 10:00","2445","2453"
"24.11.2018 10:00 - 24.11.2018 11:00","2494","2511"
"24.11.2018 11:00 - 24.11.2018 12:00","2495","2509"
"24.11.2018 12:00 - 24.11.2018 13:00","2450","2451"
"24.11.2018 13:00 - 24.11.2018 14:00","2404","2416"
"24.11.2018 14:00 - 24.11.2018 15:00","2397","2405"
"24.11.2018 15:00 - 24.11.2018 16:00","2426","2416"
"24.11.2018 16:00 - 24.11.2018 17:00","2600","2534"
"24.11.2018 17:00 - 24.11.2018 18:00","2761","2762"
"24.11.2018 18:00 - 24.11.2018 19:00","2671","2667"
"24.11.2018 19:00 - 24.11.2018 20:00","2487","2481"
"24.11.2018 20:00 - 24.11.2018 21:00","2321","2331"
"24.11.2018 21:00 - 24.11.2018 22:00","2198","2196"
"24.11.2018 22:00 - 24.11.2018 23:00","2127","2054"
"24.11.2018 23:00 - 25.11.2018 00:00","2037","1964"
"25.11.2018 00:00 - 25.11.2018 01:00","1858","1879"
"25.11.2018 01:00 - 25.11.2018 02:00","1781","1805"
"25.11.2018 02:00 - 25.11.2018 03:00","1757","1776"
"25.11.2018 03:00 - 25.11.2018 04:00","1749","1752"
"25.11.2018 04:00 - 25.11.2018 05:00","1748","1764"
"25.11.2018 05:00 - 25.11.2018 06:00","1813","1810"
"25.11.2018 06:00 - 25.11.2018 07:00","1923","1918"
"25.11.2018 07:00 - 25.11.2018 08:00","2080","2100"
"25.11.2018 08:00 - 25.11.2018 09:00","2253","2248"
"25.11.2018 09:00 - 25.11.2018 10:00","2346","2348"
"25.11.2018 10:00 - 25.11.2018 11:00","2405","2401"
"25.11.2018 11:00 - 25.11.2018 12:00","2415","2415"
"25.11.2018 12:00 - 25.11.2018 13:00","2387","2405"
"25.11.2018 13:00 - 25.11.2018 14:00","2371","2380"
"25.11.2018 14:00 - 25.11.2018 15:00","2377","2370"
"25.11.2018 15:00 - 25.11.2018 16:00","2391","2389"
"25.11.2018 16:00 - 25.11.2018 17:00","2596","2594"
"25.11.2018 17:00 - 25.11.2018 18:00","2838","2806"
"25.11.2018 18:00 - 25.11.2018 19:00","2733","2751"
"25.11.2018 19:00 - 25.11.2018 20:00","2579","2579"
"25.11.2018 20:00 - 25.11.2018 21:00","2425","2425"
"25.11.2018 21:00 - 25.11.2018 22:00","2292","2282"
"25.11.2018 22:00 - 25.11.2018 23:00","2157","2158"
"25.11.2018 23:00 - 26.11.2018 00:00","2061","2029"
"26.11.2018 00:00 - 26.11.2018 01:00","1958","1959"
"26.11.2018 01:00 - 26.11.2018 02:00","1914","1916"
"26.11.2018 02:00 - 26.11.2018 03:00","1916","1919"
"26.11.2018 03:00 - 26.11.2018 04:00","1948","1955"
"26.11.2018 04:00 - 26.11.2018 05:00","2019","2025"
"26.11.2018 05:00 - 26.11.2018 06:00","2195","2190"
"26.11.2018 06:00 - 26.11.2018 07:00","2577","2562"
"26.11.2018 07:00 - 26.11.2018 08:00","2943","2941"
"26.11.2018 08:00 - 26.11.2018 09:00","3091","3110"
"26.11.2018 09:00 - 26.11.2018 10:00","3091","3076"
"26.11.2018 10:00 - 26.11.2018 11:00","3098","3089"
"26.11.2018 11:00 - 26.11.2018 12:00","3069","3047"
"26.11.2018 12:00 - 26.11.2018 13:00","2969","2973"
"26.11.2018 13:00 - 26.11.2018 14:00","2968","2974"
"26.11.2018 14:00 - 26.11.2018 15:00","2935","2926"
"26.11.2018 15:00 - 26.11.2018 16:00","2884","2894"
"26.11.2018 16:00 - 26.11.2018 17:00","3023","3041"
"26.11.2018 17:00 - 26.11.2018 18:00","3225","3241"
"26.11.2018 18:00 - 26.11.2018 19:00","3079","3082"
"26.11.2018 19:00 - 26.11.2018 20:00","2888","2892"
"26.11.2018 20:00 - 26.11.2018 21:00","2687","2736"
"26.11.2018 21:00 - 26.11.2018 22:00","2551","2583"
"26.11.2018 22:00 - 26.11.2018 23:00","2380","2406"
"26.11.2018 23:00 - 27.11.2018 00:00","2212","2230"
"27.11.2018 00:00 - 27.11.2018 01:00","2105","2127"
"27.11.2018 01:00 - 27.11.2018 02:00","2048","2073"
"27.11.2018 02:00 - 27.11.2018 03:00","2041","2050"
"27.11.2018 03:00 - 27.11.2018 04:00","2050","2045"
"27.11.2018 04:00 - 27.11.2018 05:00","2112","2108"
"27.11.2018 05:00 - 27.11.2018 06:00","2298","2265"
"27.11.2018 06:00 - 27.11.2018 07:00","2638","2664"
"27.11.2018 07:00 - 27.11.2018 08:00","2995","3006"
"27.11.2018 08:00 - 27.11.2018 09:00","3059","3097"
"27.11.2018 09:00 - 27.11.2018 10:00","3050","3051"
"27.11.2018 10:00 - 27.11.2018 11:00","3101","3124"
"27.11.2018 11:00 - 27.11.2018 12:00","3071","3073"
"27.11.2018 12:00 - 27.11.2018 13:00","2975","2990"
"27.11.2018 13:00 - 27.11.2018 14:00","2977","3019"
"27.11.2018 14:00 - 27.11.2018 15:00","2966","2955"
"27.11.2018 15:00 - 27.11.2018 16:00","2884","2908"
"27.11.2018 16:00 - 27.11.2018 17:00","3042","3062"
"27.11.2018 17:00 - 27.11.2018 18:00","3241","3297"
"27.11.2018 18:00 - 27.11.2018 19:00","3131","3146"
"27.11.2018 19:00 - 27.11.2018 20:00","2982","2968"
"27.11.2018 20:00 - 27.11.2018 21:00","2856","2850"
"27.11.2018 21:00 - 27.11.2018 22:00","2709","2688"
"27.11.2018 22:00 - 27.11.2018 23:00","2546","2484"
"27.11.2018 23:00 - 28.11.2018 00:00","2383","2310"
"28.11.2018 00:00 - 28.11.2018 01:00","2197","2243"
"28.11.2018 01:00 - 28.11.2018 02:00","2119","2135"
"28.11.2018 02:00 - 28.11.2018 03:00","2090","2120"
"28.11.2018 03:00 - 28.11.2018 04:00","2124","2141"
"28.11.2018 04:00 - 28.11.2018 05:00","2201","2181"
"28.11.2018 05:00 - 28.11.2018 06:00","2362","2344"
"28.11.2018 06:00 - 28.11.2018 07:00","2736","2806"
"28.11.2018 07:00 - 28.11.2018 08:00","3166","3238"
"28.11.2018 08:00 - 28.11.2018 09:00","3280","3352"
"28.11.2018 09:00 - 28.11.2018 10:00","3287","3345"
"28.11.2018 10:00 - 28.11.2018 11:00","3332","3323"
"28.11.2018 11:00 - 28.11.2018 12:00","3250","3223"
"28.11.2018 12:00 - 28.11.2018 13:00","3101","3152"
"28.11.2018 13:00 - 28.11.2018 14:00","3136","3169"
"28.11.2018 14:00 - 28.11.2018 15:00","3106","3118"
"28.11.2018 15:00 - 28.11.2018 16:00","3054","3081"
"28.11.2018 16:00 - 28.11.2018 17:00","3230","3220"
"28.11.2018 17:00 - 28.11.2018 18:00","3390","3377"
"28.11.2018 18:00 - 28.11.2018 19:00","3221","3203"
"28.11.2018 19:00 - 28.11.2018 20:00","3055","2996"
"28.11.2018 20:00 - 28.11.2018 21:00","2878","2849"
"28.11.2018 21:00 - 28.11.2018 22:00","2727","2694"
"28.11.2018 22:00 - 28.11.2018 23:00","2568","2488"
"28.11.2018 23:00 - 29.11.2018 00:00","2422","2329"
"29.11.2018 00:00 - 29.11.2018 01:00","2204","2200"
"29.11.2018 01:00 - 29.11.2018 02:00","2108","2135"
"29.11.2018 02:00 - 29.11.2018 03:00","2103","2124"
"29.11.2018 03:00 - 29.11.2018 04:00","2137","2138"
"29.11.2018 04:00 - 29.11.2018 05:00","2205","2191"
"29.11.2018 05:00 - 29.11.2018 06:00","2376","2344"
"29.11.2018 06:00 - 29.11.2018 07:00","2717","2713"
"29.11.2018 07:00 - 29.11.2018 08:00","3077","3132"
"29.11.2018 08:00 - 29.11.2018 09:00","3199","3251"
"29.11.2018 09:00 - 29.11.2018 10:00","3217","3228"
"29.11.2018 10:00 - 29.11.2018 11:00","3257","3285"
"29.11.2018 11:00 - 29.11.2018 12:00","3241","3272"
"29.11.2018 12:00 - 29.11.2018 13:00","3163","3207"
"29.11.2018 13:00 - 29.11.2018 14:00","3210","3211"
"29.11.2018 14:00 - 29.11.2018 15:00","3147","3159"
"29.11.2018 15:00 - 29.11.2018 16:00","3093","3106"
"29.11.2018 16:00 - 29.11.2018 17:00","3208","3204"
"29.11.2018 17:00 - 29.11.2018 18:00","3327","3351"
"29.11.2018 18:00 - 29.11.2018 19:00","3200","3184"
"29.11.2018 19:00 - 29.11.2018 20:00","3045","3000"
"29.11.2018 20:00 - 29.11.2018 21:00","2870","2846"
"29.11.2018 21:00 - 29.11.2018 22:00","2714","2704"
"29.11.2018 22:00 - 29.11.2018 23:00","2563","2463"
"29.11.2018 23:00 - 30.11.2018 00:00","2399","2269"
"30.11.2018 00:00 - 30.11.2018 01:00","2131","2113"
"30.11.2018 01:00 - 30.11.2018 02:00","2026","2048"
"30.11.2018 02:00 - 30.11.2018 03:00","1993","1998"
"30.11.2018 03:00 - 30.11.2018 04:00","2063","2054"
"30.11.2018 04:00 - 30.11.2018 05:00","2109","2108"
"30.11.2018 05:00 - 30.11.2018 06:00","2249","2263"
"30.11.2018 06:00 - 30.11.2018 07:00","2595","2636"
"30.11.2018 07:00 - 30.11.2018 08:00","3036","3043"
"30.11.2018 08:00 - 30.11.2018 09:00","3102","3113"
"30.11.2018 09:00 - 30.11.2018 10:00","3068","3096"
"30.11.2018 10:00 - 30.11.2018 11:00","3079","3082"
"30.11.2018 11:00 - 30.11.2018 12:00","3048","3069"
"30.11.2018 12:00 - 30.11.2018 13:00","2939","2939"
"30.11.2018 13:00 - 30.11.2018 14:00","2869","2899"
"30.11.2018 14:00 - 30.11.2018 15:00","2766","2738"
"30.11.2018 15:00 - 30.11.2018 16:00","2704","2697"
"30.11.2018 16:00 - 30.11.2018 17:00","2851","2838"
"30.11.2018 17:00 - 30.11.2018 18:00","2956","2972"
"30.11.2018 18:00 - 30.11.2018 19:00","2856","2859"
"30.11.2018 19:00 - 30.11.2018 20:00","2678","2639"
"30.11.2018 20:00 - 30.11.2018 21:00","2500","2475"
"30.11.2018 21:00 - 30.11.2018 22:00","2375","2364"
"30.11.2018 22:00 - 30.11.2018 23:00","2237","2216"
"30.11.2018 23:00 - 01.12.2018 00:00","2105","2055"
"01.12.2018 00:00 - 01.12.2018 01:00","1949","1955"
"01.12.2018 01:00 - 01.12.2018 02:00","1859","1884"
"01.12.2018 02:00 - 01.12.2018 03:00","1803","1844"
"01.12.2018 03:00 - 01.12.2018 04:00","1803","1789"
"01.12.2018 04:00 - 01.12.2018 05:00","1807","1830"
"01.12.2018 05:00 - 01.12.2018 06:00","1856","1814"
"01.12.2018 06:00 - 01.12.2018 07:00","1932","1951"
"01.12.2018 07:00 - 01.12.2018 08:00","2155","2163"
"01.12.2018 08:00 - 01.12.2018 09:00","2318","2294"
"01.12.2018 09:00 - 01.12.2018 10:00","2370","2383"
"01.12.2018 10:00 - 01.12.2018 11:00","2417","2443"
"01.12.2018 11:00 - 01.12.2018 12:00","2397","2403"
"01.12.2018 12:00 - 01.12.2018 13:00","2344","2365"
"01.12.2018 13:00 - 01.12.2018 14:00","2315","2332"
"01.12.2018 14:00 - 01.12.2018 15:00","2337","2344"
"01.12.2018 15:00 - 01.12.2018 16:00","2380","2386"
"01.12.2018 16:00 - 01.12.2018 17:00","2572","2549"
"01.12.2018 17:00 - 01.12.2018 18:00","2712","2695"
"01.12.2018 18:00 - 01.12.2018 19:00","2593","2586"
"01.12.2018 19:00 - 01.12.2018 20:00","2413","2417"
"01.12.2018 20:00 - 01.12.2018 21:00","2273","2282"
"01.12.2018 21:00 - 01.12.2018 22:00","2170","2162"
"01.12.2018 22:00 - 01.12.2018 23:00","2042","2034"
"01.12.2018 23:00 - 02.12.2018 00:00","1932","1898"
"02.12.2018 00:00 - 02.12.2018 01:00","1799","1799"
"02.12.2018 01:00 - 02.12.2018 02:00","1732","1745"
"02.12.2018 02:00 - 02.12.2018 03:00","1712","1712"
"02.12.2018 03:00 - 02.12.2018 04:00","1671","1683"
"02.12.2018 04:00 - 02.12.2018 05:00","1720","1781"
"02.12.2018 05:00 - 02.12.2018 06:00","1814","1855"
"02.12.2018 06:00 - 02.12.2018 07:00","1965","1950"
"02.12.2018 07:00 - 02.12.2018 08:00","2108","2119"
"02.12.2018 08:00 - 02.12.2018 09:00","2262","2303"
"02.12.2018 09:00 - 02.12.2018 10:00","2376","2390"
"02.12.2018 10:00 - 02.12.2018 11:00","2452","2445"
"02.12.2018 11:00 - 02.12.2018 12:00","2437","2442"
"02.12.2018 12:00 - 02.12.2018 13:00","2377","2422"
"02.12.2018 13:00 - 02.12.2018 14:00","2383","2389"
"02.12.2018 14:00 - 02.12.2018 15:00","2405","2398"
"02.12.2018 15:00 - 02.12.2018 16:00","2402","2402"
"02.12.2018 16:00 - 02.12.2018 17:00","2614","2533"
"02.12.2018 17:00 - 02.12.2018 18:00","2772","2741"
"02.12.2018 18:00 - 02.12.2018 19:00","2664","2644"
"02.12.2018 19:00 - 02.12.2018 20:00","2468","2465"
"02.12.2018 20:00 - 02.12.2018 21:00","2303","2299"
"02.12.2018 21:00 - 02.12.2018 22:00","2179","2197"
"02.12.2018 22:00 - 02.12.2018 23:00","2112","2065"
"02.12.2018 23:00 - 03.12.2018 00:00","2034","1936"
"03.12.2018 00:00 - 03.12.2018 01:00","1849","1853"
"03.12.2018 01:00 - 03.12.2018 02:00","1787","1818"
"03.12.2018 02:00 - 03.12.2018 03:00","1794","1815"
"03.12.2018 03:00 - 03.12.2018 04:00","1824","1833"
"03.12.2018 04:00 - 03.12.2018 05:00","1892","1913"
"03.12.2018 05:00 - 03.12.2018 06:00","2061","2051"
"03.12.2018 06:00 - 03.12.2018 07:00","2474","2476"
"03.12.2018 07:00 - 03.12.2018 08:00","2938","2927"
"03.12.2018 08:00 - 03.12.2018 09:00","3064","3100"
"03.12.2018 09:00 - 03.12.2018 10:00","3065","3064"
"03.12.2018 10:00 - 03.12.2018 11:00","3063","3100"
"03.12.2018 11:00 - 03.12.2018 12:00","3095","3109"
"03.12.2018 12:00 - 03.12.2018 13:00","3049","3060"
"03.12.2018 13:00 - 03.12.2018 14:00","3068","3065"
"03.12.2018 14:00 - 03.12.2018 15:00","3048","3032"
"03.12.2018 15:00 - 03.12.2018 16:00","2939","2952"
"03.12.2018 16:00 - 03.12.2018 17:00","3078","3060"
"03.12.2018 17:00 - 03.12.2018 18:00","3218","3211"
"03.12.2018 18:00 - 03.12.2018 19:00","3077","3082"
"03.12.2018 19:00 - 03.12.2018 20:00","2882","2877"
"03.12.2018 20:00 - 03.12.2018 21:00","2704","2717"
"03.12.2018 21:00 - 03.12.2018 22:00","2545","2498"
"03.12.2018 22:00 - 03.12.2018 23:00","2357","2331"
"03.12.2018 23:00 - 04.12.2018 00:00","2193","2165"
"04.12.2018 00:00 - 04.12.2018 01:00","2034","2075"
"04.12.2018 01:00 - 04.12.2018 02:00","1989","2037"
"04.12.2018 02:00 - 04.12.2018 03:00","1992","2005"
"04.12.2018 03:00 - 04.12.2018 04:00","2024","2025"
"04.12.2018 04:00 - 04.12.2018 05:00","2054","2095"
"04.12.2018 05:00 - 04.12.2018 06:00","2222","2246"
"04.12.2018 06:00 - 04.12.2018 07:00","2617","2620"
"04.12.2018 07:00 - 04.12.2018 08:00","2987","3026"
"04.12.2018 08:00 - 04.12.2018 09:00","3143","3150"
"04.12.2018 09:00 - 04.12.2018 10:00","3081","3043"
"04.12.2018 10:00 - 04.12.2018 11:00","3111","3140"
"04.12.2018 11:00 - 04.12.2018 12:00","3085","3089"
"04.12.2018 12:00 - 04.12.2018 13:00","3020","2986"
"04.12.2018 13:00 - 04.12.2018 14:00","2993","2995"
"04.12.2018 14:00 - 04.12.2018 15:00","2952","2945"
"04.12.2018 15:00 - 04.12.2018 16:00","2920","2942"
"04.12.2018 16:00 - 04.12.2018 17:00","3067","3087"
"04.12.2018 17:00 - 04.12.2018 18:00","3228","3262"
"04.12.2018 18:00 - 04.12.2018 19:00","3132","3110"
"04.12.2018 19:00 - 04.12.2018 20:00","2978","2962"
"04.12.2018 20:00 - 04.12.2018 21:00","2838","2794"
"04.12.2018 21:00 - 04.12.2018 22:00","2665","2670"
"04.12.2018 22:00 - 04.12.2018 23:00","2561","2459"
"04.12.2018 23:00 - 05.12.2018 00:00","2403","2320"
"05.12.2018 00:00 - 05.12.2018 01:00","2163","2210"
"05.12.2018 01:00 - 05.12.2018 02:00","2089","2109"
"05.12.2018 02:00 - 05.12.2018 03:00","2056","2055"
"05.12.2018 03:00 - 05.12.2018 04:00","2082","2088"
"05.12.2018 04:00 - 05.12.2018 05:00","2113","2118"
"05.12.2018 05:00 - 05.12.2018 06:00","2238","2214"
"05.12.2018 06:00 - 05.12.2018 07:00","2608","2642"
"05.12.2018 07:00 - 05.12.2018 08:00","2999","3050"
"05.12.2018 08:00 - 05.12.2018 09:00","3133","3128"
"05.12.2018 09:00 - 05.12.2018 10:00","3085","3044"
"05.12.2018 10:00 - 05.12.2018 11:00","3060","3051"
"05.12.2018 11:00 - 05.12.2018 12:00","3016","3003"
"05.12.2018 12:00 - 05.12.2018 13:00","2955","2937"
"05.12.2018 13:00 - 05.12.2018 14:00","2955","2992"
"05.12.2018 14:00 - 05.12.2018 15:00","2967","2953"
"05.12.2018 15:00 - 05.12.2018 16:00","2914","2910"
"05.12.2018 16:00 - 05.12.2018 17:00","3028","3045"
"05.12.2018 17:00 - 05.12.2018 18:00","3168","3214"
"05.12.2018 18:00 - 05.12.2018 19:00","3060","3090"
"05.12.2018 19:00 - 05.12.2018 20:00","2922","2867"
"05.12.2018 20:00 - 05.12.2018 21:00","2779","2707"
"05.12.2018 21:00 - 05.12.2018 22:00","2590","2537"
"05.12.2018 22:00 - 05.12.2018 23:00","2478","2366"
"05.12.2018 23:00 - 06.12.2018 00:00","2353","2151"
"06.12.2018 00:00 - 06.12.2018 01:00","2012","2027"
"06.12.2018 01:00 - 06.12.2018 02:00","1965","2003"
"06.12.2018 02:00 - 06.12.2018 03:00","1987","1993"
"06.12.2018 03:00 - 06.12.2018 04:00","1987","2000"
"06.12.2018 04:00 - 06.12.2018 05:00","2065","2040"
"06.12.2018 05:00 - 06.12.2018 06:00","2224","2162"
"06.12.2018 06:00 - 06.12.2018 07:00","2537","2546"
"06.12.2018 07:00 - 06.12.2018 08:00","2950","3018"
"06.12.2018 08:00 - 06.12.2018 09:00","3117","3123"
"06.12.2018 09:00 - 06.12.2018 10:00","3073","3105"
"06.12.2018 10:00 - 06.12.2018 11:00","3120","3118"
"06.12.2018 11:00 - 06.12.2018 12:00","3077","3095"
"06.12.2018 12:00 - 06.12.2018 13:00","3012","3051"
"06.12.2018 13:00 - 06.12.2018 14:00","3073","3089"
"06.12.2018 14:00 - 06.12.2018 15:00","3029","3077"
"06.12.2018 15:00 - 06.12.2018 16:00","3033","3043"
"06.12.2018 16:00 - 06.12.2018 17:00","3158","3147"
"06.12.2018 17:00 - 06.12.2018 18:00","3255","3210"
"06.12.2018 18:00 - 06.12.2018 19:00","3067","3077"
"06.12.2018 19:00 - 06.12.2018 20:00","2902","2922"
"06.12.2018 20:00 - 06.12.2018 21:00","2771","2739"
"06.12.2018 21:00 - 06.12.2018 22:00","2620","2576"
"06.12.2018 22:00 - 06.12.2018 23:00","2416","2426"
"06.12.2018 23:00 - 07.12.2018 00:00","2251","2222"
"07.12.2018 00:00 - 07.12.2018 01:00","2068","2070"
"07.12.2018 01:00 - 07.12.2018 02:00","1963","1980"
"07.12.2018 02:00 - 07.12.2018 03:00","1969","1969"
"07.12.2018 03:00 - 07.12.2018 04:00","1959","1949"
"07.12.2018 04:00 - 07.12.2018 05:00","2008","1980"
"07.12.2018 05:00 - 07.12.2018 06:00","2135","2083"
"07.12.2018 06:00 - 07.12.2018 07:00","2431","2450"
"07.12.2018 07:00 - 07.12.2018 08:00","2876","2951"
"07.12.2018 08:00 - 07.12.2018 09:00","3068","3070"
"07.12.2018 09:00 - 07.12.2018 10:00","3032","3036"
"07.12.2018 10:00 - 07.12.2018 11:00","3047","3075"
"07.12.2018 11:00 - 07.12.2018 12:00","3033","3040"
"07.12.2018 12:00 - 07.12.2018 13:00","2878","2881"
"07.12.2018 13:00 - 07.12.2018 14:00","2798","2858"
"07.12.2018 14:00 - 07.12.2018 15:00","2751","2801"
"07.12.2018 15:00 - 07.12.2018 16:00","2787","2826"
"07.12.2018 16:00 - 07.12.2018 17:00","2935","2928"
"07.12.2018 17:00 - 07.12.2018 18:00","3002","3005"
"07.12.2018 18:00 - 07.12.2018 19:00","2856","2846"
"07.12.2018 19:00 - 07.12.2018 20:00","2681","2661"
"07.12.2018 20:00 - 07.12.2018 21:00","2540","2535"
"07.12.2018 21:00 - 07.12.2018 22:00","2381","2381"
"07.12.2018 22:00 - 07.12.2018 23:00","2183","2177"
"07.12.2018 23:00 - 08.12.2018 00:00","2019","2133"
"08.12.2018 00:00 - 08.12.2018 01:00","2003","1995"
"08.12.2018 01:00 - 08.12.2018 02:00","1973","1994"
"08.12.2018 02:00 - 08.12.2018 03:00","1944","1975"
"08.12.2018 03:00 - 08.12.2018 04:00","1935","1922"
"08.12.2018 04:00 - 08.12.2018 05:00","1931","1939"
"08.12.2018 05:00 - 08.12.2018 06:00","1988","2012"
"08.12.2018 06:00 - 08.12.2018 07:00","2068","2046"
"08.12.2018 07:00 - 08.12.2018 08:00","2222","2285"
"08.12.2018 08:00 - 08.12.2018 09:00","2460","2465"
"08.12.2018 09:00 - 08.12.2018 10:00","2541","2540"
"08.12.2018 10:00 - 08.12.2018 11:00","2581","2580"
"08.12.2018 11:00 - 08.12.2018 12:00","2569","2569"
"08.12.2018 12:00 - 08.12.2018 13:00","2519","2517"
"08.12.2018 13:00 - 08.12.2018 14:00","2485","2470"
"08.12.2018 14:00 - 08.12.2018 15:00","2467","2472"
"08.12.2018 15:00 - 08.12.2018 16:00","2500","2516"
"08.12.2018 16:00 - 08.12.2018 17:00","2646","2660"
"08.12.2018 17:00 - 08.12.2018 18:00","2774","2787"
"08.12.2018 18:00 - 08.12.2018 19:00","2673","2682"
"08.12.2018 19:00 - 08.12.2018 20:00","2487","2481"
"08.12.2018 20:00 - 08.12.2018 21:00","2419","2436"
"08.12.2018 21:00 - 08.12.2018 22:00","2322","2315"
"08.12.2018 22:00 - 08.12.2018 23:00","2189","2168"
"08.12.2018 23:00 - 09.12.2018 00:00","2064","2023"
"09.12.2018 00:00 - 09.12.2018 01:00","1901","1884"
"09.12.2018 01:00 - 09.12.2018 02:00","1810","1823"
"09.12.2018 02:00 - 09.12.2018 03:00","1786","1806"
"09.12.2018 03:00 - 09.12.2018 04:00","1776","1747"
"09.12.2018 04:00 - 09.12.2018 05:00","1735","1745"
"09.12.2018 05:00 - 09.12.2018 06:00","1779","1773"
"09.12.2018 06:00 - 09.12.2018 07:00","1869","1881"
"09.12.2018 07:00 - 09.12.2018 08:00","2084","2058"
"09.12.2018 08:00 - 09.12.2018 09:00","2236","2232"
"09.12.2018 09:00 - 09.12.2018 10:00","2311","2318"
"09.12.2018 10:00 - 09.12.2018 11:00","2373","2363"
"09.12.2018 11:00 - 09.12.2018 12:00","2385","2381"
"09.12.2018 12:00 - 09.12.2018 13:00","2355","2378"
"09.12.2018 13:00 - 09.12.2018 14:00","2364","2377"
"09.12.2018 14:00 - 09.12.2018 15:00","2377","2379"
"09.12.2018 15:00 - 09.12.2018 16:00","2429","2403"
"09.12.2018 16:00 - 09.12.2018 17:00","2567","2569"
"09.12.2018 17:00 - 09.12.2018 18:00","2769","2786"
"09.12.2018 18:00 - 09.12.2018 19:00","2718","2718"
"09.12.2018 19:00 - 09.12.2018 20:00","2560","2575"
"09.12.2018 20:00 - 09.12.2018 21:00","2426","2476"
"09.12.2018 21:00 - 09.12.2018 22:00","2385","2372"
"09.12.2018 22:00 - 09.12.2018 23:00","2261","2261"
"09.12.2018 23:00 - 10.12.2018 00:00","2116","2147"
"10.12.2018 00:00 - 10.12.2018 01:00","2062","2087"
"10.12.2018 01:00 - 10.12.2018 02:00","2020","2033"
"10.12.2018 02:00 - 10.12.2018 03:00","2024","2011"
"10.12.2018 03:00 - 10.12.2018 04:00","2043","2051"
"10.12.2018 04:00 - 10.12.2018 05:00","2110","2128"
"10.12.2018 05:00 - 10.12.2018 06:00","2276","2263"
"10.12.2018 06:00 - 10.12.2018 07:00","2656","2628"
"10.12.2018 07:00 - 10.12.2018 08:00","3070","3000"
"10.12.2018 08:00 - 10.12.2018 09:00","3123","3100"
"10.12.2018 09:00 - 10.12.2018 10:00","3045","3067"
"10.12.2018 10:00 - 10.12.2018 11:00","3100","3088"
"10.12.2018 11:00 - 10.12.2018 12:00","3048","3082"
"10.12.2018 12:00 - 10.12.2018 13:00","2966","3022"
"10.12.2018 13:00 - 10.12.2018 14:00","2997","3035"
"10.12.2018 14:00 - 10.12.2018 15:00","2991","3009"
"10.12.2018 15:00 - 10.12.2018 16:00","2974","2994"
"10.12.2018 16:00 - 10.12.2018 17:00","3145","3168"
"10.12.2018 17:00 - 10.12.2018 18:00","3334","3340"
"10.12.2018 18:00 - 10.12.2018 19:00","3155","3143"
"10.12.2018 19:00 - 10.12.2018 20:00","2972","2966"
"10.12.2018 20:00 - 10.12.2018 21:00","2785","2786"
"10.12.2018 21:00 - 10.12.2018 22:00","2599","2649"
"10.12.2018 22:00 - 10.12.2018 23:00","2389","2457"
"10.12.2018 23:00 - 11.12.2018 00:00","2208","2282"
"11.12.2018 00:00 - 11.12.2018 01:00","2156","2176"
"11.12.2018 01:00 - 11.12.2018 02:00","2103","2124"
"11.12.2018 02:00 - 11.12.2018 03:00","2079","2046"
"11.12.2018 03:00 - 11.12.2018 04:00","2059","2057"
"11.12.2018 04:00 - 11.12.2018 05:00","2108","2100"
"11.12.2018 05:00 - 11.12.2018 06:00","2261","2214"
"11.12.2018 06:00 - 11.12.2018 07:00","2587","2603"
"11.12.2018 07:00 - 11.12.2018 08:00","3004","3049"
"11.12.2018 08:00 - 11.12.2018 09:00","3174","3182"
"11.12.2018 09:00 - 11.12.2018 10:00","3129","3109"
"11.12.2018 10:00 - 11.12.2018 11:00","3153","3140"
"11.12.2018 11:00 - 11.12.2018 12:00","3121","3118"
"11.12.2018 12:00 - 11.12.2018 13:00","3027","3032"
"11.12.2018 13:00 - 11.12.2018 14:00","3016","3081"
"11.12.2018 14:00 - 11.12.2018 15:00","2984","3013"
"11.12.2018 15:00 - 11.12.2018 16:00","2960","2968"
"11.12.2018 16:00 - 11.12.2018 17:00","3097","3113"
"11.12.2018 17:00 - 11.12.2018 18:00","3246","3278"
"11.12.2018 18:00 - 11.12.2018 19:00","3114","3116"
"11.12.2018 19:00 - 11.12.2018 20:00","2968","2932"
"11.12.2018 20:00 - 11.12.2018 21:00","2811","2757"
"11.12.2018 21:00 - 11.12.2018 22:00","2639","2550"
"11.12.2018 22:00 - 11.12.2018 23:00","2368","2354"
"11.12.2018 23:00 - 12.12.2018 00:00","2225","2160"
"12.12.2018 00:00 - 12.12.2018 01:00","2063","2042"
"12.12.2018 01:00 - 12.12.2018 02:00","1989","1979"
"12.12.2018 02:00 - 12.12.2018 03:00","1978","1964"
"12.12.2018 03:00 - 12.12.2018 04:00","1990","1968"
"12.12.2018 04:00 - 12.12.2018 05:00","2022","2003"
"12.12.2018 05:00 - 12.12.2018 06:00","2182","2165"
"12.12.2018 06:00 - 12.12.2018 07:00","2558","2581"
"12.12.2018 07:00 - 12.12.2018 08:00","2952","2982"
"12.12.2018 08:00 - 12.12.2018 09:00","3104","3130"
"12.12.2018 09:00 - 12.12.2018 10:00","3077","3078"
"12.12.2018 10:00 - 12.12.2018 11:00","3087","3074"
"12.12.2018 11:00 - 12.12.2018 12:00","3050","3054"
"12.12.2018 12:00 - 12.12.2018 13:00","2969","2989"
"12.12.2018 13:00 - 12.12.2018 14:00","3007","3025"
"12.12.2018 14:00 - 12.12.2018 15:00","2993","2967"
"12.12.2018 15:00 - 12.12.2018 16:00","2914","2924"
"12.12.2018 16:00 - 12.12.2018 17:00","3039","3036"
"12.12.2018 17:00 - 12.12.2018 18:00","3168","3197"
"12.12.2018 18:00 - 12.12.2018 19:00","3046","3037"
"12.12.2018 19:00 - 12.12.2018 20:00","2869","2857"
"12.12.2018 20:00 - 12.12.2018 21:00","2703","2690"
"12.12.2018 21:00 - 12.12.2018 22:00","2583","2549"
"12.12.2018 22:00 - 12.12.2018 23:00","2347","2329"
"12.12.2018 23:00 - 13.12.2018 00:00","2200","2147"
"13.12.2018 00:00 - 13.12.2018 01:00","2048","2038"
"13.12.2018 01:00 - 13.12.2018 02:00","1973","1985"
"13.12.2018 02:00 - 13.12.2018 03:00","1949","1975"
"13.12.2018 03:00 - 13.12.2018 04:00","1981","1971"
"13.12.2018 04:00 - 13.12.2018 05:00","2027","2026"
"13.12.2018 05:00 - 13.12.2018 06:00","2196","2197"
"13.12.2018 06:00 - 13.12.2018 07:00","2615","2628"
"13.12.2018 07:00 - 13.12.2018 08:00","3026","3033"
"13.12.2018 08:00 - 13.12.2018 09:00","3160","3185"
"13.12.2018 09:00 - 13.12.2018 10:00","3151","3150"
"13.12.2018 10:00 - 13.12.2018 11:00","3181","3198"
"13.12.2018 11:00 - 13.12.2018 12:00","3156","3163"
"13.12.2018 12:00 - 13.12.2018 13:00","3070","3082"
"13.12.2018 13:00 - 13.12.2018 14:00","3096","3082"
"13.12.2018 14:00 - 13.12.2018 15:00","3021","3015"
"13.12.2018 15:00 - 13.12.2018 16:00","2971","2977"
"13.12.2018 16:00 - 13.12.2018 17:00","3073","3075"
"13.12.2018 17:00 - 13.12.2018 18:00","3216","3245"
"13.12.2018 18:00 - 13.12.2018 19:00","3094","3115"
"13.12.2018 19:00 - 13.12.2018 20:00","2924","2927"
"13.12.2018 20:00 - 13.12.2018 21:00","2765","2772"
"13.12.2018 21:00 - 13.12.2018 22:00","2596","2566"
"13.12.2018 22:00 - 13.12.2018 23:00","2411","2386"
"13.12.2018 23:00 - 14.12.2018 00:00","2257","2219"
"14.12.2018 00:00 - 14.12.2018 01:00","2095","2123"
"14.12.2018 01:00 - 14.12.2018 02:00","2045","2081"
"14.12.2018 02:00 - 14.12.2018 03:00","2049","2059"
"14.12.2018 03:00 - 14.12.2018 04:00","2067","2053"
"14.12.2018 04:00 - 14.12.2018 05:00","2111","2100"
"14.12.2018 05:00 - 14.12.2018 06:00","2259","2250"
"14.12.2018 06:00 - 14.12.2018 07:00","2649","2650"
"14.12.2018 07:00 - 14.12.2018 08:00","3033","3045"
"14.12.2018 08:00 - 14.12.2018 09:00","3179","3136"
"14.12.2018 09:00 - 14.12.2018 10:00","3094","3061"
"14.12.2018 10:00 - 14.12.2018 11:00","3081","3090"
"14.12.2018 11:00 - 14.12.2018 12:00","3067","3102"
"14.12.2018 12:00 - 14.12.2018 13:00","2932","2947"
"14.12.2018 13:00 - 14.12.2018 14:00","2896","2894"
"14.12.2018 14:00 - 14.12.2018 15:00","2802","2795"
"14.12.2018 15:00 - 14.12.2018 16:00","2771","2754"
"14.12.2018 16:00 - 14.12.2018 17:00","2871","2851"
"14.12.2018 17:00 - 14.12.2018 18:00","2953","2972"
"14.12.2018 18:00 - 14.12.2018 19:00","2831","2847"
"14.12.2018 19:00 - 14.12.2018 20:00","2675","2686"
"14.12.2018 20:00 - 14.12.2018 21:00","2582","2552"
"14.12.2018 21:00 - 14.12.2018 22:00","2421","2371"
"14.12.2018 22:00 - 14.12.2018 23:00","2256","2208"
"14.12.2018 23:00 - 15.12.2018 00:00","2126","2064"
"15.12.2018 00:00 - 15.12.2018 01:00","1927","1962"
"15.12.2018 01:00 - 15.12.2018 02:00","1832","1876"
"15.12.2018 02:00 - 15.12.2018 03:00","1793","1836"
"15.12.2018 03:00 - 15.12.2018 04:00","1776","1806"
"15.12.2018 04:00 - 15.12.2018 05:00","1808","1831"
"15.12.2018 05:00 - 15.12.2018 06:00","1868","1871"
"15.12.2018 06:00 - 15.12.2018 07:00","2004","2006"
"15.12.2018 07:00 - 15.12.2018 08:00","2205","2206"
"15.12.2018 08:00 - 15.12.2018 09:00","2409","2424"
"15.12.2018 09:00 - 15.12.2018 10:00","2497","2512"
"15.12.2018 10:00 - 15.12.2018 11:00","2548","2574"
"15.12.2018 11:00 - 15.12.2018 12:00","2511","2566"
"15.12.2018 12:00 - 15.12.2018 13:00","2493","2511"
"15.12.2018 13:00 - 15.12.2018 14:00","2459","2465"
"15.12.2018 14:00 - 15.12.2018 15:00","2446","2444"
"15.12.2018 15:00 - 15.12.2018 16:00","2490","2486"
"15.12.2018 16:00 - 15.12.2018 17:00","2648","2634"
"15.12.2018 17:00 - 15.12.2018 18:00","2801","2816"
"15.12.2018 18:00 - 15.12.2018 19:00","2740","2740"
"15.12.2018 19:00 - 15.12.2018 20:00","2560","2578"
"15.12.2018 20:00 - 15.12.2018 21:00","2422","2417"
"15.12.2018 21:00 - 15.12.2018 22:00","2348","2339"
"15.12.2018 22:00 - 15.12.2018 23:00","2186","2238"
"15.12.2018 23:00 - 16.12.2018 00:00","2043","2144"
"16.12.2018 00:00 - 16.12.2018 01:00","2002","2032"
"16.12.2018 01:00 - 16.12.2018 02:00","1942","1960"
"16.12.2018 02:00 - 16.12.2018 03:00","1927","1940"
"16.12.2018 03:00 - 16.12.2018 04:00","1914","1921"
"16.12.2018 04:00 - 16.12.2018 05:00","1931","1963"
"16.12.2018 05:00 - 16.12.2018 06:00","1998","2007"
"16.12.2018 06:00 - 16.12.2018 07:00","2119","2124"
"16.12.2018 07:00 - 16.12.2018 08:00","2282","2241"
"16.12.2018 08:00 - 16.12.2018 09:00","2406","2387"
"16.12.2018 09:00 - 16.12.2018 10:00","2459","2449"
"16.12.2018 10:00 - 16.12.2018 11:00","2486","2494"
"16.12.2018 11:00 - 16.12.2018 12:00","2482","2510"
"16.12.2018 12:00 - 16.12.2018 13:00","2460","2481"
"16.12.2018 13:00 - 16.12.2018 14:00","2463","2495"
"16.12.2018 14:00 - 16.12.2018 15:00","2503","2491"
"16.12.2018 15:00 - 16.12.2018 16:00","2561","2533"
"16.12.2018 16:00 - 16.12.2018 17:00","2746","2668"
"16.12.2018 17:00 - 16.12.2018 18:00","2905","2842"
"16.12.2018 18:00 - 16.12.2018 19:00","2777","2763"
"16.12.2018 19:00 - 16.12.2018 20:00","2607","2605"
"16.12.2018 20:00 - 16.12.2018 21:00","2454","2437"
"16.12.2018 21:00 - 16.12.2018 22:00","2315","2288"
"16.12.2018 22:00 - 16.12.2018 23:00","2164","2149"
"16.12.2018 23:00 - 17.12.2018 00:00","2063","2026"
"17.12.2018 00:00 - 17.12.2018 01:00","1943","1942"
"17.12.2018 01:00 - 17.12.2018 02:00","1894","1904"
"17.12.2018 02:00 - 17.12.2018 03:00","1897","1889"
"17.12.2018 03:00 - 17.12.2018 04:00","1937","1900"
"17.12.2018 04:00 - 17.12.2018 05:00","1990","1957"
"17.12.2018 05:00 - 17.12.2018 06:00","2179","2131"
"17.12.2018 06:00 - 17.12.2018 07:00","2579","2578"
"17.12.2018 07:00 - 17.12.2018 08:00","2999","3000"
"17.12.2018 08:00 - 17.12.2018 09:00","3136","3139"
"17.12.2018 09:00 - 17.12.2018 10:00","3121","3130"
"17.12.2018 10:00 - 17.12.2018 11:00","3163","3169"
"17.12.2018 11:00 - 17.12.2018 12:00","3141","3128"
"17.12.2018 12:00 - 17.12.2018 13:00","3039","3045"
"17.12.2018 13:00 - 17.12.2018 14:00","3065","3091"
"17.12.2018 14:00 - 17.12.2018 15:00","3062","3053"
"17.12.2018 15:00 - 17.12.2018 16:00","2996","3003"
"17.12.2018 16:00 - 17.12.2018 17:00","3101","3074"
"17.12.2018 17:00 - 17.12.2018 18:00","3226","3244"
"17.12.2018 18:00 - 17.12.2018 19:00","3099","3128"
"17.12.2018 19:00 - 17.12.2018 20:00","2908","2942"
"17.12.2018 20:00 - 17.12.2018 21:00","2727","2777"
"17.12.2018 21:00 - 17.12.2018 22:00","2592","2579"
"17.12.2018 22:00 - 17.12.2018 23:00","2423","2378"
"17.12.2018 23:00 - 18.12.2018 00:00","2273","2198"
"18.12.2018 00:00 - 18.12.2018 01:00","2069","2076"
"18.12.2018 01:00 - 18.12.2018 02:00","1978","1997"
"18.12.2018 02:00 - 18.12.2018 03:00","1956","1974"
"18.12.2018 03:00 - 18.12.2018 04:00","1983","1956"
"18.12.2018 04:00 - 18.12.2018 05:00","2016","2000"
"18.12.2018 05:00 - 18.12.2018 06:00","2190","2167"
"18.12.2018 06:00 - 18.12.2018 07:00","2551","2577"
"18.12.2018 07:00 - 18.12.2018 08:00","3010","3014"
"18.12.2018 08:00 - 18.12.2018 09:00","3145","3135"
"18.12.2018 09:00 - 18.12.2018 10:00","3108","3128"
"18.12.2018 10:00 - 18.12.2018 11:00","3157","3168"
"18.12.2018 11:00 - 18.12.2018 12:00","3151","3167"
"18.12.2018 12:00 - 18.12.2018 13:00","3065","3099"
"18.12.2018 13:00 - 18.12.2018 14:00","3099","3105"
"18.12.2018 14:00 - 18.12.2018 15:00","3075","3045"
"18.12.2018 15:00 - 18.12.2018 16:00","3031","2996"
"18.12.2018 16:00 - 18.12.2018 17:00","3085","3059"
"18.12.2018 17:00 - 18.12.2018 18:00","3188","3202"
"18.12.2018 18:00 - 18.12.2018 19:00","3054","3069"
"18.12.2018 19:00 - 18.12.2018 20:00","2858","2844"
"18.12.2018 20:00 - 18.12.2018 21:00","2698","2671"
"18.12.2018 21:00 - 18.12.2018 22:00","2510","2472"
"18.12.2018 22:00 - 18.12.2018 23:00","2349","2281"
"18.12.2018 23:00 - 19.12.2018 00:00","2228","2149"
"19.12.2018 00:00 - 19.12.2018 01:00","2037","2040"
"19.12.2018 01:00 - 19.12.2018 02:00","1964","1998"
"19.12.2018 02:00 - 19.12.2018 03:00","1929","1953"
"19.12.2018 03:00 - 19.12.2018 04:00","2031","2080"
"19.12.2018 04:00 - 19.12.2018 05:00","2130","2138"
"19.12.2018 05:00 - 19.12.2018 06:00","2289","2265"
"19.12.2018 06:00 - 19.12.2018 07:00","2611","2597"
"19.12.2018 07:00 - 19.12.2018 08:00","2987","2983"
"19.12.2018 08:00 - 19.12.2018 09:00","3149","3162"
"19.12.2018 09:00 - 19.12.2018 10:00","3126","3149"
"19.12.2018 10:00 - 19.12.2018 11:00","3182","3203"
"19.12.2018 11:00 - 19.12.2018 12:00","3183","3162"
"19.12.2018 12:00 - 19.12.2018 13:00","3084","3092"
"19.12.2018 13:00 - 19.12.2018 14:00","3079","3084"
"19.12.2018 14:00 - 19.12.2018 15:00","3043","3052"
"19.12.2018 15:00 - 19.12.2018 16:00","3019","3028"
"19.12.2018 16:00 - 19.12.2018 17:00","3129","3128"
"19.12.2018 17:00 - 19.12.2018 18:00","3268","3258"
"19.12.2018 18:00 - 19.12.2018 19:00","3119","3113"
"19.12.2018 19:00 - 19.12.2018 20:00","2916","2901"
"19.12.2018 20:00 - 19.12.2018 21:00","2749","2693"
"19.12.2018 21:00 - 19.12.2018 22:00","2561","2521"
"19.12.2018 22:00 - 19.12.2018 23:00","2406","2310"
"19.12.2018 23:00 - 20.12.2018 00:00","2273","2131"
"20.12.2018 00:00 - 20.12.2018 01:00","2030","2033"
"20.12.2018 01:00 - 20.12.2018 02:00","1936","1984"
"20.12.2018 02:00 - 20.12.2018 03:00","1936","1945"
"20.12.2018 03:00 - 20.12.2018 04:00","1943","1949"
"20.12.2018 04:00 - 20.12.2018 05:00","2006","1977"
"20.12.2018 05:00 - 20.12.2018 06:00","2140","2124"
"20.12.2018 06:00 - 20.12.2018 07:00","2496","2491"
"20.12.2018 07:00 - 20.12.2018 08:00","2928","2937"
"20.12.2018 08:00 - 20.12.2018 09:00","3094","3094"
"20.12.2018 09:00 - 20.12.2018 10:00","3072","3055"
"20.12.2018 10:00 - 20.12.2018 11:00","3081","3073"
"20.12.2018 11:00 - 20.12.2018 12:00","3047","3059"
"20.12.2018 12:00 - 20.12.2018 13:00","2992","2996"
"20.12.2018 13:00 - 20.12.2018 14:00","3010","3003"
"20.12.2018 14:00 - 20.12.2018 15:00","2962","2950"
"20.12.2018 15:00 - 20.12.2018 16:00","2901","2902"
"20.12.2018 16:00 - 20.12.2018 17:00","2974","2960"
"20.12.2018 17:00 - 20.12.2018 18:00","3133","3079"
"20.12.2018 18:00 - 20.12.2018 19:00","2965","2949"
"20.12.2018 19:00 - 20.12.2018 20:00","2771","2746"
"20.12.2018 20:00 - 20.12.2018 21:00","2607","2577"
"20.12.2018 21:00 - 20.12.2018 22:00","2434","2402"
"20.12.2018 22:00 - 20.12.2018 23:00","2292","2219"
"20.12.2018 23:00 - 21.12.2018 00:00","2140","2086"
"21.12.2018 00:00 - 21.12.2018 01:00","1935","1983"
"21.12.2018 01:00 - 21.12.2018 02:00","1884","1912"
"21.12.2018 02:00 - 21.12.2018 03:00","1894","1876"
"21.12.2018 03:00 - 21.12.2018 04:00","1876","1867"
"21.12.2018 04:00 - 21.12.2018 05:00","1895","1894"
"21.12.2018 05:00 - 21.12.2018 06:00","2015","2008"
"21.12.2018 06:00 - 21.12.2018 07:00","2259","2165"
"21.12.2018 07:00 - 21.12.2018 08:00","2566","2483"
"21.12.2018 08:00 - 21.12.2018 09:00","2721","2790"
"21.12.2018 09:00 - 21.12.2018 10:00","2914","2907"
"21.12.2018 10:00 - 21.12.2018 11:00","2924","2920"
"21.12.2018 11:00 - 21.12.2018 12:00","2882","2846"
"21.12.2018 12:00 - 21.12.2018 13:00","2755","2750"
"21.12.2018 13:00 - 21.12.2018 14:00","2694","2676"
"21.12.2018 14:00 - 21.12.2018 15:00","2668","2628"
"21.12.2018 15:00 - 21.12.2018 16:00","2626","2620"
"21.12.2018 16:00 - 21.12.2018 17:00","2764","2709"
"21.12.2018 17:00 - 21.12.2018 18:00","2860","2823"
"21.12.2018 18:00 - 21.12.2018 19:00","2743","2724"
"21.12.2018 19:00 - 21.12.2018 20:00","2549","2535"
"21.12.2018 20:00 - 21.12.2018 21:00","2378","2388"
"21.12.2018 21:00 - 21.12.2018 22:00","2238","2244"
"21.12.2018 22:00 - 21.12.2018 23:00","2093","2127"
"21.12.2018 23:00 - 22.12.2018 00:00","1951","2010"
"22.12.2018 00:00 - 22.12.2018 01:00","1840","1906"
"22.12.2018 01:00 - 22.12.2018 02:00","1792","1843"
"22.12.2018 02:00 - 22.12.2018 03:00","1777","1801"
"22.12.2018 03:00 - 22.12.2018 04:00","1776","1785"
"22.12.2018 04:00 - 22.12.2018 05:00","1781","1795"
"22.12.2018 05:00 - 22.12.2018 06:00","1849","1836"
"22.12.2018 06:00 - 22.12.2018 07:00","1958","1948"
"22.12.2018 07:00 - 22.12.2018 08:00","2140","2137"
"22.12.2018 08:00 - 22.12.2018 09:00","2349","2331"
"22.12.2018 09:00 - 22.12.2018 10:00","2425","2413"
"22.12.2018 10:00 - 22.12.2018 11:00","2467","2466"
"22.12.2018 11:00 - 22.12.2018 12:00","2459","2450"
"22.12.2018 12:00 - 22.12.2018 13:00","2390","2405"
"22.12.2018 13:00 - 22.12.2018 14:00","2379","2372"
"22.12.2018 14:00 - 22.12.2018 15:00","2361","2361"
"22.12.2018 15:00 - 22.12.2018 16:00","2404","2391"
"22.12.2018 16:00 - 22.12.2018 17:00","2538","2531"
"22.12.2018 17:00 - 22.12.2018 18:00","2650","2688"
"22.12.2018 18:00 - 22.12.2018 19:00","2608","2630"
"22.12.2018 19:00 - 22.12.2018 20:00","2457","2458"
"22.12.2018 20:00 - 22.12.2018 21:00","2310","2314"
"22.12.2018 21:00 - 22.12.2018 22:00","2220","2179"
"22.12.2018 22:00 - 22.12.2018 23:00","2097","2046"
"22.12.2018 23:00 - 23.12.2018 00:00","1948","1909"
"23.12.2018 00:00 - 23.12.2018 01:00","1785","1806"
"23.12.2018 01:00 - 23.12.2018 02:00","1718","1727"
"23.12.2018 02:00 - 23.12.2018 03:00","1698","1691"
"23.12.2018 03:00 - 23.12.2018 04:00","1674","1678"
"23.12.2018 04:00 - 23.12.2018 05:00","1696","1700"
"23.12.2018 05:00 - 23.12.2018 06:00","1739","1726"
"23.12.2018 06:00 - 23.12.2018 07:00","1853","1812"
"23.12.2018 07:00 - 23.12.2018 08:00","2038","1983"
"23.12.2018 08:00 - 23.12.2018 09:00","2212","2206"
"23.12.2018 09:00 - 23.12.2018 10:00","2298","2343"
"23.12.2018 10:00 - 23.12.2018 11:00","2399","2415"
"23.12.2018 11:00 - 23.12.2018 12:00","2409","2417"
"23.12.2018 12:00 - 23.12.2018 13:00","2370","2383"
"23.12.2018 13:00 - 23.12.2018 14:00","2347","2368"
"23.12.2018 14:00 - 23.12.2018 15:00","2369","2381"
"23.12.2018 15:00 - 23.12.2018 16:00","2424","2409"
"23.12.2018 16:00 - 23.12.2018 17:00","2610","2518"
"23.12.2018 17:00 - 23.12.2018 18:00","2704","2649"
"23.12.2018 18:00 - 23.12.2018 19:00","2592","2568"
"23.12.2018 19:00 - 23.12.2018 20:00","2432","2412"
"23.12.2018 20:00 - 23.12.2018 21:00","2282","2277"
"23.12.2018 21:00 - 23.12.2018 22:00","2170","2154"
"23.12.2018 22:00 - 23.12.2018 23:00","2038","2001"
"23.12.2018 23:00 - 24.12.2018 00:00","1936","1885"
"24.12.2018 00:00 - 24.12.2018 01:00","1789","1773"
"24.12.2018 01:00 - 24.12.2018 02:00","1694","1674"
"24.12.2018 02:00 - 24.12.2018 03:00","1633","1640"
"24.12.2018 03:00 - 24.12.2018 04:00","1637","1626"
"24.12.2018 04:00 - 24.12.2018 05:00","1653","1648"
"24.12.2018 05:00 - 24.12.2018 06:00","1684","1666"
"24.12.2018 06:00 - 24.12.2018 07:00","1774","1768"
"24.12.2018 07:00 - 24.12.2018 08:00","1977","1964"
"24.12.2018 08:00 - 24.12.2018 09:00","2214","2171"
"24.12.2018 09:00 - 24.12.2018 10:00","2318","2271"
"24.12.2018 10:00 - 24.12.2018 11:00","2305","2304"
"24.12.2018 11:00 - 24.12.2018 12:00","2309","2299"
"24.12.2018 12:00 - 24.12.2018 13:00","2290","2242"
"24.12.2018 13:00 - 24.12.2018 14:00","2260","2247"
"24.12.2018 14:00 - 24.12.2018 15:00","2270","2254"
"24.12.2018 15:00 - 24.12.2018 16:00","2360","2342"
"24.12.2018 16:00 - 24.12.2018 17:00","2527","2546"
"24.12.2018 17:00 - 24.12.2018 18:00","2699","2715"
"24.12.2018 18:00 - 24.12.2018 19:00","2230","2271"
"24.12.2018 19:00 - 24.12.2018 20:00","2055","2041"
"24.12.2018 20:00 - 24.12.2018 21:00","1954","1996"
"24.12.2018 21:00 - 24.12.2018 22:00","1904","1941"
"24.12.2018 22:00 - 24.12.2018 23:00","1833","1875"
"24.12.2018 23:00 - 25.12.2018 00:00","1748","1840"
"25.12.2018 00:00 - 25.12.2018 01:00","1787","1804"
"25.12.2018 01:00 - 25.12.2018 02:00","1727","1690"
"25.12.2018 02:00 - 25.12.2018 03:00","1630","1618"
"25.12.2018 03:00 - 25.12.2018 04:00","1584","1575"
"25.12.2018 04:00 - 25.12.2018 05:00","1618","1649"
"25.12.2018 05:00 - 25.12.2018 06:00","1705","1680"
"25.12.2018 06:00 - 25.12.2018 07:00","1768","1766"
"25.12.2018 07:00 - 25.12.2018 08:00","1892","1932"
"25.12.2018 08:00 - 25.12.2018 09:00","2050","1985"
"25.12.2018 09:00 - 25.12.2018 10:00","2112","2118"
"25.12.2018 10:00 - 25.12.2018 11:00","2204","2145"
"25.12.2018 11:00 - 25.12.2018 12:00","2214","2162"
"25.12.2018 12:00 - 25.12.2018 13:00","2159","2153"
"25.12.2018 13:00 - 25.12.2018 14:00","2126","2184"
"25.12.2018 14:00 - 25.12.2018 15:00","2175","2152"
"25.12.2018 15:00 - 25.12.2018 16:00","2178","2158"
"25.12.2018 16:00 - 25.12.2018 17:00","2281","2255"
"25.12.2018 17:00 - 25.12.2018 18:00","2411","2362"
"25.12.2018 18:00 - 25.12.2018 19:00","2316","2301"
"25.12.2018 19:00 - 25.12.2018 20:00","2175","2196"
"25.12.2018 20:00 - 25.12.2018 21:00","2093","2090"
"25.12.2018 21:00 - 25.12.2018 22:00","1981","1993"
"25.12.2018 22:00 - 25.12.2018 23:00","1835","1874"
"25.12.2018 23:00 - 26.12.2018 00:00","1700","1788"
"26.12.2018 00:00 - 26.12.2018 01:00","1713","1769"
"26.12.2018 01:00 - 26.12.2018 02:00","1692","1680"
"26.12.2018 02:00 - 26.12.2018 03:00","1647","1653"
"26.12.2018 03:00 - 26.12.2018 04:00","1656","1690"
"26.12.2018 04:00 - 26.12.2018 05:00","1711","1726"
"26.12.2018 05:00 - 26.12.2018 06:00","1770","1795"
"26.12.2018 06:00 - 26.12.2018 07:00","1863","1833"
"26.12.2018 07:00 - 26.12.2018 08:00","1994","1976"
"26.12.2018 08:00 - 26.12.2018 09:00","2169","2198"
"26.12.2018 09:00 - 26.12.2018 10:00","2304","2287"
"26.12.2018 10:00 - 26.12.2018 11:00","2348","2307"
"26.12.2018 11:00 - 26.12.2018 12:00","2324","2325"
"26.12.2018 12:00 - 26.12.2018 13:00","2253","2170"
"26.12.2018 13:00 - 26.12.2018 14:00","2146","2121"
"26.12.2018 14:00 - 26.12.2018 15:00","2107","2072"
"26.12.2018 15:00 - 26.12.2018 16:00","2114","2115"
"26.12.2018 16:00 - 26.12.2018 17:00","2257","2215"
"26.12.2018 17:00 - 26.12.2018 18:00","2343","2327"
"26.12.2018 18:00 - 26.12.2018 19:00","2312","2298"
"26.12.2018 19:00 - 26.12.2018 20:00","2213","2230"
"26.12.2018 20:00 - 26.12.2018 21:00","2131","2128"
"26.12.2018 21:00 - 26.12.2018 22:00","2039","2055"
"26.12.2018 22:00 - 26.12.2018 23:00","1965","1982"
"26.12.2018 23:00 - 27.12.2018 00:00","1843","1835"
"27.12.2018 00:00 - 27.12.2018 01:00","1689","1682"
"27.12.2018 01:00 - 27.12.2018 02:00","1631","1689"
"27.12.2018 02:00 - 27.12.2018 03:00","1641","1653"
"27.12.2018 03:00 - 27.12.2018 04:00","1624","1561"
"27.12.2018 04:00 - 27.12.2018 05:00","1602","1599"
"27.12.2018 05:00 - 27.12.2018 06:00","1675","1686"
"27.12.2018 06:00 - 27.12.2018 07:00","1881","1841"
"27.12.2018 07:00 - 27.12.2018 08:00","2149","2128"
"27.12.2018 08:00 - 27.12.2018 09:00","2363","2305"
"27.12.2018 09:00 - 27.12.2018 10:00","2433","2394"
"27.12.2018 10:00 - 27.12.2018 11:00","2473","2447"
"27.12.2018 11:00 - 27.12.2018 12:00","2458","2451"
"27.12.2018 12:00 - 27.12.2018 13:00","2414","2410"
"27.12.2018 13:00 - 27.12.2018 14:00","2399","2395"
"27.12.2018 14:00 - 27.12.2018 15:00","2410","2403"
"27.12.2018 15:00 - 27.12.2018 16:00","2432","2407"
"27.12.2018 16:00 - 27.12.2018 17:00","2524","2472"
"27.12.2018 17:00 - 27.12.2018 18:00","2638","2606"
"27.12.2018 18:00 - 27.12.2018 19:00","2513","2522"
"27.12.2018 19:00 - 27.12.2018 20:00","2343","2388"
"27.12.2018 20:00 - 27.12.2018 21:00","2195","2240"
"27.12.2018 21:00 - 27.12.2018 22:00","2095","2106"
"27.12.2018 22:00 - 27.12.2018 23:00","1929","1967"
"27.12.2018 23:00 - 28.12.2018 00:00","1771","1828"
"28.12.2018 00:00 - 28.12.2018 01:00","1697","1728"
"28.12.2018 01:00 - 28.12.2018 02:00","1640","1658"
"28.12.2018 02:00 - 28.12.2018 03:00","1638","1616"
"28.12.2018 03:00 - 28.12.2018 04:00","1626","1606"
"28.12.2018 04:00 - 28.12.2018 05:00","1642","1645"
"28.12.2018 05:00 - 28.12.2018 06:00","1722","1700"
"28.12.2018 06:00 - 28.12.2018 07:00","1913","1851"
"28.12.2018 07:00 - 28.12.2018 08:00","2163","2080"
"28.12.2018 08:00 - 28.12.2018 09:00","2302","2268"
"28.12.2018 09:00 - 28.12.2018 10:00","2384","2384"
"28.12.2018 10:00 - 28.12.2018 11:00","2461","2430"
"28.12.2018 11:00 - 28.12.2018 12:00","2443","2431"
"28.12.2018 12:00 - 28.12.2018 13:00","2381","2369"
"28.12.2018 13:00 - 28.12.2018 14:00","2373","2343"
"28.12.2018 14:00 - 28.12.2018 15:00","2331","2328"
"28.12.2018 15:00 - 28.12.2018 16:00","2332","2324"
"28.12.2018 16:00 - 28.12.2018 17:00","2460","2453"
"28.12.2018 17:00 - 28.12.2018 18:00","2615","2614"
"28.12.2018 18:00 - 28.12.2018 19:00","2531","2547"
"28.12.2018 19:00 - 28.12.2018 20:00","2360","2368"
"28.12.2018 20:00 - 28.12.2018 21:00","2180","2197"
"28.12.2018 21:00 - 28.12.2018 22:00","2027","2044"
"28.12.2018 22:00 - 28.12.2018 23:00","1841","1916"
"28.12.2018 23:00 - 29.12.2018 00:00","1686","1794"
"29.12.2018 00:00 - 29.12.2018 01:00","1677","1688"
"29.12.2018 01:00 - 29.12.2018 02:00","1583","1614"
"29.12.2018 02:00 - 29.12.2018 03:00","1574","1602"
"29.12.2018 03:00 - 29.12.2018 04:00","1586","1619"
"29.12.2018 04:00 - 29.12.2018 05:00","1613","1628"
"29.12.2018 05:00 - 29.12.2018 06:00","1687","1652"
"29.12.2018 06:00 - 29.12.2018 07:00","1758","1718"
"29.12.2018 07:00 - 29.12.2018 08:00","1865","1854"
"29.12.2018 08:00 - 29.12.2018 09:00","2089","2134"
"29.12.2018 09:00 - 29.12.2018 10:00","2241","2207"
"29.12.2018 10:00 - 29.12.2018 11:00","2293","2278"
"29.12.2018 11:00 - 29.12.2018 12:00","2296","2290"
"29.12.2018 12:00 - 29.12.2018 13:00","2276","2307"
"29.12.2018 13:00 - 29.12.2018 14:00","2328","2296"
"29.12.2018 14:00 - 29.12.2018 15:00","2273","2283"
"29.12.2018 15:00 - 29.12.2018 16:00","2281","2271"
"29.12.2018 16:00 - 29.12.2018 17:00","2443","2382"
"29.12.2018 17:00 - 29.12.2018 18:00","2613","2530"
"29.12.2018 18:00 - 29.12.2018 19:00","2502","2492"
"29.12.2018 19:00 - 29.12.2018 20:00","2329","2344"
"29.12.2018 20:00 - 29.12.2018 21:00","2212","2204"
"29.12.2018 21:00 - 29.12.2018 22:00","2058","2093"
"29.12.2018 22:00 - 29.12.2018 23:00","2024","1952"
"29.12.2018 23:00 - 30.12.2018 00:00","1916","1895"
"30.12.2018 00:00 - 30.12.2018 01:00","1767","1815"
"30.12.2018 01:00 - 30.12.2018 02:00","1681","1737"
"30.12.2018 02:00 - 30.12.2018 03:00","1715","1753"
"30.12.2018 03:00 - 30.12.2018 04:00","1750","1782"
"30.12.2018 04:00 - 30.12.2018 05:00","1802","1817"
"30.12.2018 05:00 - 30.12.2018 06:00","1849","1835"
"30.12.2018 06:00 - 30.12.2018 07:00","1885","1878"
"30.12.2018 07:00 - 30.12.2018 08:00","2017","1984"
"30.12.2018 08:00 - 30.12.2018 09:00","2135","2108"
"30.12.2018 09:00 - 30.12.2018 10:00","2210","2186"
"30.12.2018 10:00 - 30.12.2018 11:00","2260","2192"
"30.12.2018 11:00 - 30.12.2018 12:00","2190","2174"
"30.12.2018 12:00 - 30.12.2018 13:00","2149","2151"
"30.12.2018 13:00 - 30.12.2018 14:00","2123","2116"
"30.12.2018 14:00 - 30.12.2018 15:00","2125","2104"
"30.12.2018 15:00 - 30.12.2018 16:00","2245","2152"
"30.12.2018 16:00 - 30.12.2018 17:00","2370","2319"
"30.12.2018 17:00 - 30.12.2018 18:00","2504","2529"
"30.12.2018 18:00 - 30.12.2018 19:00","2517","2515"
"30.12.2018 19:00 - 30.12.2018 20:00","2376","2365"
"30.12.2018 20:00 - 30.12.2018 21:00","2247","2210"
"30.12.2018 21:00 - 30.12.2018 22:00","2070","2074"
"30.12.2018 22:00 - 30.12.2018 23:00","1936","1934"
"30.12.2018 23:00 - 31.12.2018 00:00","1812","1780"
"31.12.2018 00:00 - 31.12.2018 01:00","1648","1686"
"31.12.2018 01:00 - 31.12.2018 02:00","1579","1607"
"31.12.2018 02:00 - 31.12.2018 03:00","1544","1573"
"31.12.2018 03:00 - 31.12.2018 04:00","1561","1587"
"31.12.2018 04:00 - 31.12.2018 05:00","1591","1606"
"31.12.2018 05:00 - 31.12.2018 06:00","1645","1643"
"31.12.2018 06:00 - 31.12.2018 07:00","1730","1708"
"31.12.2018 07:00 - 31.12.2018 08:00","1868","1844"
"31.12.2018 08:00 - 31.12.2018 09:00","2018","2009"
"31.12.2018 09:00 - 31.12.2018 10:00","2133","2119"
"31.12.2018 10:00 - 31.12.2018 11:00","2190","2188"
"31.12.2018 11:00 - 31.12.2018 12:00","2191","2190"
"31.12.2018 12:00 - 31.12.2018 13:00","2162","2158"
"31.12.2018 13:00 - 31.12.2018 14:00","2147","2163"
"31.12.2018 14:00 - 31.12.2018 15:00","2158","2170"
"31.12.2018 15:00 - 31.12.2018 16:00","2214","2192"
"31.12.2018 16:00 - 31.12.2018 17:00","2399","2395"
"31.12.2018 17:00 - 31.12.2018 18:00","2547","2558"
"31.12.2018 18:00 - 31.12.2018 19:00","2450","2488"
"31.12.2018 19:00 - 31.12.2018 20:00","2256","2264"
"31.12.2018 20:00 - 31.12.2018 21:00","2110","2140"
"31.12.2018 21:00 - 31.12.2018 22:00","2045","2052"
"31.12.2018 22:00 - 31.12.2018 23:00","1953","1999"
"31.12.2018 23:00 - 01.01.2019 00:00","1871","1924"
