"MTU (CET/CEST)","Generation - Solar  [MW] Day Ahead/ BZN|DK1","Generation - Solar  [MW] Intraday / BZN|DK1","Generation - Solar  [MW] Current / BZN|DK1","Generation - Wind Offshore  [MW] Day Ahead/ BZN|DK1","Generation - Wind Offshore  [MW] Intraday / BZN|DK1","Generation - Wind Offshore  [MW] Current / BZN|DK1","Generation - Wind Onshore  [MW] Day Ahead/ BZN|DK1","Generation - Wind Onshore  [MW] Intraday / BZN|DK1","Generation - Wind Onshore  [MW] Current / BZN|DK1"
"01.01.2020 00:00 - 01.01.2020 01:00","0","n/e","n/e","517","n/e","n/e","813","n/e","n/e"
"01.01.2020 01:00 - 01.01.2020 02:00","0","n/e","n/e","621","n/e","n/e","912","n/e","n/e"
"01.01.2020 02:00 - 01.01.2020 03:00","0","n/e","n/e","708","n/e","n/e","1033","n/e","n/e"
"01.01.2020 03:00 - 01.01.2020 04:00","0","n/e","n/e","783","n/e","n/e","1433","n/e","n/e"
"01.01.2020 04:00 - 01.01.2020 05:00","0","n/e","n/e","857","n/e","n/e","1696","n/e","n/e"
"01.01.2020 05:00 - 01.01.2020 06:00","0","n/e","n/e","858","n/e","n/e","1840","n/e","n/e"
"01.01.2020 06:00 - 01.01.2020 07:00","0","n/e","n/e","821","n/e","n/e","1866","n/e","n/e"
"01.01.2020 07:00 - 01.01.2020 08:00","0","n/e","n/e","828","n/e","n/e","1797","n/e","n/e"
"01.01.2020 08:00 - 01.01.2020 09:00","0","n/e","n/e","927","n/e","n/e","1755","n/e","n/e"
"01.01.2020 09:00 - 01.01.2020 10:00","18","n/e","n/e","972","n/e","n/e","1816","n/e","n/e"
"01.01.2020 10:00 - 01.01.2020 11:00","59","n/e","n/e","996","n/e","n/e","1832","n/e","n/e"
"01.01.2020 11:00 - 01.01.2020 12:00","90","n/e","n/e","1008","n/e","n/e","1941","n/e","n/e"
"01.01.2020 12:00 - 01.01.2020 13:00","94","n/e","n/e","1013","n/e","n/e","1984","n/e","n/e"
"01.01.2020 13:00 - 01.01.2020 14:00","76","n/e","n/e","1001","n/e","n/e","1942","n/e","n/e"
"01.01.2020 14:00 - 01.01.2020 15:00","44","n/e","n/e","965","n/e","n/e","1833","n/e","n/e"
"01.01.2020 15:00 - 01.01.2020 16:00","10","n/e","n/e","932","n/e","n/e","1819","n/e","n/e"
"01.01.2020 16:00 - 01.01.2020 17:00","0","n/e","n/e","919","n/e","n/e","1776","n/e","n/e"
"01.01.2020 17:00 - 01.01.2020 18:00","0","n/e","n/e","926","n/e","n/e","1754","n/e","n/e"
"01.01.2020 18:00 - 01.01.2020 19:00","0","n/e","n/e","937","n/e","n/e","1713","n/e","n/e"
"01.01.2020 19:00 - 01.01.2020 20:00","0","n/e","n/e","945","n/e","n/e","1645","n/e","n/e"
"01.01.2020 20:00 - 01.01.2020 21:00","0","n/e","n/e","935","n/e","n/e","1643","n/e","n/e"
"01.01.2020 21:00 - 01.01.2020 22:00","0","n/e","n/e","918","n/e","n/e","1666","n/e","n/e"
"01.01.2020 22:00 - 01.01.2020 23:00","0","n/e","n/e","907","n/e","n/e","1695","n/e","n/e"
"01.01.2020 23:00 - 02.01.2020 00:00","0","n/e","n/e","930","n/e","n/e","1748","n/e","n/e"
"02.01.2020 00:00 - 02.01.2020 01:00","0","n/e","n/e","869","n/e","n/e","2000","n/e","n/e"
"02.01.2020 01:00 - 02.01.2020 02:00","0","n/e","n/e","924","n/e","n/e","1907","n/e","n/e"
"02.01.2020 02:00 - 02.01.2020 03:00","0","n/e","n/e","989","n/e","n/e","1902","n/e","n/e"
"02.01.2020 03:00 - 02.01.2020 04:00","0","n/e","n/e","1013","n/e","n/e","1984","n/e","n/e"
"02.01.2020 04:00 - 02.01.2020 05:00","0","n/e","n/e","1001","n/e","n/e","2097","n/e","n/e"
"02.01.2020 05:00 - 02.01.2020 06:00","0","n/e","n/e","1058","n/e","n/e","2196","n/e","n/e"
"02.01.2020 06:00 - 02.01.2020 07:00","0","n/e","n/e","1102","n/e","n/e","2375","n/e","n/e"
"02.01.2020 07:00 - 02.01.2020 08:00","0","n/e","n/e","1103","n/e","n/e","2426","n/e","n/e"
"02.01.2020 08:00 - 02.01.2020 09:00","0","n/e","n/e","1111","n/e","n/e","2432","n/e","n/e"
"02.01.2020 09:00 - 02.01.2020 10:00","6","n/e","n/e","1115","n/e","n/e","2467","n/e","n/e"
"02.01.2020 10:00 - 02.01.2020 11:00","23","n/e","n/e","1119","n/e","n/e","2412","n/e","n/e"
"02.01.2020 11:00 - 02.01.2020 12:00","33","n/e","n/e","1118","n/e","n/e","2394","n/e","n/e"
"02.01.2020 12:00 - 02.01.2020 13:00","29","n/e","n/e","1110","n/e","n/e","2351","n/e","n/e"
"02.01.2020 13:00 - 02.01.2020 14:00","20","n/e","n/e","1104","n/e","n/e","2326","n/e","n/e"
"02.01.2020 14:00 - 02.01.2020 15:00","11","n/e","n/e","1104","n/e","n/e","2273","n/e","n/e"
"02.01.2020 15:00 - 02.01.2020 16:00","3","n/e","n/e","1111","n/e","n/e","2358","n/e","n/e"
"02.01.2020 16:00 - 02.01.2020 17:00","0","n/e","n/e","1120","n/e","n/e","2429","n/e","n/e"
"02.01.2020 17:00 - 02.01.2020 18:00","0","n/e","n/e","1125","n/e","n/e","2498","n/e","n/e"
"02.01.2020 18:00 - 02.01.2020 19:00","0","n/e","n/e","1123","n/e","n/e","2524","n/e","n/e"
"02.01.2020 19:00 - 02.01.2020 20:00","0","n/e","n/e","1122","n/e","n/e","2496","n/e","n/e"
"02.01.2020 20:00 - 02.01.2020 21:00","0","n/e","n/e","1119","n/e","n/e","2575","n/e","n/e"
"02.01.2020 21:00 - 02.01.2020 22:00","0","n/e","n/e","1118","n/e","n/e","2699","n/e","n/e"
"02.01.2020 22:00 - 02.01.2020 23:00","0","n/e","n/e","1118","n/e","n/e","2777","n/e","n/e"
"02.01.2020 23:00 - 03.01.2020 00:00","0","n/e","n/e","1117","n/e","n/e","2808","n/e","n/e"
"03.01.2020 00:00 - 03.01.2020 01:00","0","n/e","n/e","1031","n/e","n/e","2460","n/e","n/e"
"03.01.2020 01:00 - 03.01.2020 02:00","0","n/e","n/e","1023","n/e","n/e","2461","n/e","n/e"
"03.01.2020 02:00 - 03.01.2020 03:00","0","n/e","n/e","1023","n/e","n/e","2447","n/e","n/e"
"03.01.2020 03:00 - 03.01.2020 04:00","0","n/e","n/e","1023","n/e","n/e","2321","n/e","n/e"
"03.01.2020 04:00 - 03.01.2020 05:00","0","n/e","n/e","1023","n/e","n/e","2292","n/e","n/e"
"03.01.2020 05:00 - 03.01.2020 06:00","0","n/e","n/e","976","n/e","n/e","2243","n/e","n/e"
"03.01.2020 06:00 - 03.01.2020 07:00","0","n/e","n/e","779","n/e","n/e","2124","n/e","n/e"
"03.01.2020 07:00 - 03.01.2020 08:00","0","n/e","n/e","771","n/e","n/e","1944","n/e","n/e"
"03.01.2020 08:00 - 03.01.2020 09:00","0","n/e","n/e","900","n/e","n/e","1744","n/e","n/e"
"03.01.2020 09:00 - 03.01.2020 10:00","4","n/e","n/e","1035","n/e","n/e","1974","n/e","n/e"
"03.01.2020 10:00 - 03.01.2020 11:00","21","n/e","n/e","980","n/e","n/e","1663","n/e","n/e"
"03.01.2020 11:00 - 03.01.2020 12:00","44","n/e","n/e","992","n/e","n/e","1586","n/e","n/e"
"03.01.2020 12:00 - 03.01.2020 13:00","55","n/e","n/e","1031","n/e","n/e","1552","n/e","n/e"
"03.01.2020 13:00 - 03.01.2020 14:00","54","n/e","n/e","1065","n/e","n/e","1520","n/e","n/e"
"03.01.2020 14:00 - 03.01.2020 15:00","37","n/e","n/e","1088","n/e","n/e","1483","n/e","n/e"
"03.01.2020 15:00 - 03.01.2020 16:00","10","n/e","n/e","1103","n/e","n/e","1517","n/e","n/e"
"03.01.2020 16:00 - 03.01.2020 17:00","0","n/e","n/e","1117","n/e","n/e","1675","n/e","n/e"
"03.01.2020 17:00 - 03.01.2020 18:00","0","n/e","n/e","1130","n/e","n/e","1921","n/e","n/e"
"03.01.2020 18:00 - 03.01.2020 19:00","0","n/e","n/e","1134","n/e","n/e","2116","n/e","n/e"
"03.01.2020 19:00 - 03.01.2020 20:00","0","n/e","n/e","1138","n/e","n/e","2225","n/e","n/e"
"03.01.2020 20:00 - 03.01.2020 21:00","0","n/e","n/e","1140","n/e","n/e","2336","n/e","n/e"
"03.01.2020 21:00 - 03.01.2020 22:00","0","n/e","n/e","1141","n/e","n/e","2486","n/e","n/e"
"03.01.2020 22:00 - 03.01.2020 23:00","0","n/e","n/e","1142","n/e","n/e","2605","n/e","n/e"
"03.01.2020 23:00 - 04.01.2020 00:00","0","n/e","n/e","1141","n/e","n/e","2689","n/e","n/e"
"04.01.2020 00:00 - 04.01.2020 01:00","0","n/e","n/e","662","n/e","n/e","2185","n/e","n/e"
"04.01.2020 01:00 - 04.01.2020 02:00","0","n/e","n/e","817","n/e","n/e","2255","n/e","n/e"
"04.01.2020 02:00 - 04.01.2020 03:00","0","n/e","n/e","914","n/e","n/e","2233","n/e","n/e"
"04.01.2020 03:00 - 04.01.2020 04:00","0","n/e","n/e","924","n/e","n/e","2214","n/e","n/e"
"04.01.2020 04:00 - 04.01.2020 05:00","0","n/e","n/e","782","n/e","n/e","2108","n/e","n/e"
"04.01.2020 05:00 - 04.01.2020 06:00","0","n/e","n/e","771","n/e","n/e","2075","n/e","n/e"
"04.01.2020 06:00 - 04.01.2020 07:00","0","n/e","n/e","1028","n/e","n/e","2082","n/e","n/e"
"04.01.2020 07:00 - 04.01.2020 08:00","0","n/e","n/e","1077","n/e","n/e","2116","n/e","n/e"
"04.01.2020 08:00 - 04.01.2020 09:00","0","n/e","n/e","1115","n/e","n/e","2640","n/e","n/e"
"04.01.2020 09:00 - 04.01.2020 10:00","13","n/e","n/e","1129","n/e","n/e","2691","n/e","n/e"
"04.01.2020 10:00 - 04.01.2020 11:00","56","n/e","n/e","1126","n/e","n/e","2640","n/e","n/e"
"04.01.2020 11:00 - 04.01.2020 12:00","97","n/e","n/e","1127","n/e","n/e","2706","n/e","n/e"
"04.01.2020 12:00 - 04.01.2020 13:00","115","n/e","n/e","1126","n/e","n/e","2752","n/e","n/e"
"04.01.2020 13:00 - 04.01.2020 14:00","101","n/e","n/e","1126","n/e","n/e","2770","n/e","n/e"
"04.01.2020 14:00 - 04.01.2020 15:00","58","n/e","n/e","1128","n/e","n/e","2707","n/e","n/e"
"04.01.2020 15:00 - 04.01.2020 16:00","16","n/e","n/e","1130","n/e","n/e","2634","n/e","n/e"
"04.01.2020 16:00 - 04.01.2020 17:00","0","n/e","n/e","1131","n/e","n/e","2441","n/e","n/e"
"04.01.2020 17:00 - 04.01.2020 18:00","0","n/e","n/e","1124","n/e","n/e","2170","n/e","n/e"
"04.01.2020 18:00 - 04.01.2020 19:00","0","n/e","n/e","1105","n/e","n/e","1858","n/e","n/e"
"04.01.2020 19:00 - 04.01.2020 20:00","0","n/e","n/e","1056","n/e","n/e","1566","n/e","n/e"
"04.01.2020 20:00 - 04.01.2020 21:00","0","n/e","n/e","945","n/e","n/e","1324","n/e","n/e"
"04.01.2020 21:00 - 04.01.2020 22:00","0","n/e","n/e","779","n/e","n/e","1096","n/e","n/e"
"04.01.2020 22:00 - 04.01.2020 23:00","0","n/e","n/e","596","n/e","n/e","849","n/e","n/e"
"04.01.2020 23:00 - 05.01.2020 00:00","0","n/e","n/e","431","n/e","n/e","648","n/e","n/e"
"05.01.2020 00:00 - 05.01.2020 01:00","0","n/e","n/e","275","n/e","n/e","357","n/e","n/e"
"05.01.2020 01:00 - 05.01.2020 02:00","0","n/e","n/e","190","n/e","n/e","353","n/e","n/e"
"05.01.2020 02:00 - 05.01.2020 03:00","0","n/e","n/e","171","n/e","n/e","292","n/e","n/e"
"05.01.2020 03:00 - 05.01.2020 04:00","0","n/e","n/e","183","n/e","n/e","265","n/e","n/e"
"05.01.2020 04:00 - 05.01.2020 05:00","0","n/e","n/e","226","n/e","n/e","400","n/e","n/e"
"05.01.2020 05:00 - 05.01.2020 06:00","0","n/e","n/e","351","n/e","n/e","490","n/e","n/e"
"05.01.2020 06:00 - 05.01.2020 07:00","0","n/e","n/e","358","n/e","n/e","579","n/e","n/e"
"05.01.2020 07:00 - 05.01.2020 08:00","0","n/e","n/e","474","n/e","n/e","703","n/e","n/e"
"05.01.2020 08:00 - 05.01.2020 09:00","0","n/e","n/e","583","n/e","n/e","842","n/e","n/e"
"05.01.2020 09:00 - 05.01.2020 10:00","4","n/e","n/e","737","n/e","n/e","1027","n/e","n/e"
"05.01.2020 10:00 - 05.01.2020 11:00","11","n/e","n/e","889","n/e","n/e","1181","n/e","n/e"
"05.01.2020 11:00 - 05.01.2020 12:00","24","n/e","n/e","989","n/e","n/e","1405","n/e","n/e"
"05.01.2020 12:00 - 05.01.2020 13:00","29","n/e","n/e","1037","n/e","n/e","1578","n/e","n/e"
"05.01.2020 13:00 - 05.01.2020 14:00","28","n/e","n/e","1048","n/e","n/e","1656","n/e","n/e"
"05.01.2020 14:00 - 05.01.2020 15:00","19","n/e","n/e","1046","n/e","n/e","1673","n/e","n/e"
"05.01.2020 15:00 - 05.01.2020 16:00","6","n/e","n/e","1044","n/e","n/e","1705","n/e","n/e"
"05.01.2020 16:00 - 05.01.2020 17:00","0","n/e","n/e","1039","n/e","n/e","1749","n/e","n/e"
"05.01.2020 17:00 - 05.01.2020 18:00","0","n/e","n/e","1035","n/e","n/e","1771","n/e","n/e"
"05.01.2020 18:00 - 05.01.2020 19:00","0","n/e","n/e","1041","n/e","n/e","1777","n/e","n/e"
"05.01.2020 19:00 - 05.01.2020 20:00","0","n/e","n/e","1045","n/e","n/e","1764","n/e","n/e"
"05.01.2020 20:00 - 05.01.2020 21:00","0","n/e","n/e","1044","n/e","n/e","1778","n/e","n/e"
"05.01.2020 21:00 - 05.01.2020 22:00","0","n/e","n/e","1040","n/e","n/e","1817","n/e","n/e"
"05.01.2020 22:00 - 05.01.2020 23:00","0","n/e","n/e","1035","n/e","n/e","1810","n/e","n/e"
"05.01.2020 23:00 - 06.01.2020 00:00","0","n/e","n/e","1030","n/e","n/e","1767","n/e","n/e"
"06.01.2020 00:00 - 06.01.2020 01:00","0","n/e","n/e","928","n/e","n/e","1232","n/e","n/e"
"06.01.2020 01:00 - 06.01.2020 02:00","0","n/e","n/e","959","n/e","n/e","1254","n/e","n/e"
"06.01.2020 02:00 - 06.01.2020 03:00","0","n/e","n/e","1018","n/e","n/e","1246","n/e","n/e"
"06.01.2020 03:00 - 06.01.2020 04:00","0","n/e","n/e","935","n/e","n/e","1213","n/e","n/e"
"06.01.2020 04:00 - 06.01.2020 05:00","0","n/e","n/e","853","n/e","n/e","1064","n/e","n/e"
"06.01.2020 05:00 - 06.01.2020 06:00","0","n/e","n/e","612","n/e","n/e","989","n/e","n/e"
"06.01.2020 06:00 - 06.01.2020 07:00","0","n/e","n/e","627","n/e","n/e","953","n/e","n/e"
"06.01.2020 07:00 - 06.01.2020 08:00","0","n/e","n/e","666","n/e","n/e","979","n/e","n/e"
"06.01.2020 08:00 - 06.01.2020 09:00","0","n/e","n/e","832","n/e","n/e","1028","n/e","n/e"
"06.01.2020 09:00 - 06.01.2020 10:00","3","n/e","n/e","756","n/e","n/e","1187","n/e","n/e"
"06.01.2020 10:00 - 06.01.2020 11:00","10","n/e","n/e","858","n/e","n/e","1260","n/e","n/e"
"06.01.2020 11:00 - 06.01.2020 12:00","15","n/e","n/e","870","n/e","n/e","1335","n/e","n/e"
"06.01.2020 12:00 - 06.01.2020 13:00","20","n/e","n/e","831","n/e","n/e","1422","n/e","n/e"
"06.01.2020 13:00 - 06.01.2020 14:00","21","n/e","n/e","824","n/e","n/e","1456","n/e","n/e"
"06.01.2020 14:00 - 06.01.2020 15:00","14","n/e","n/e","843","n/e","n/e","1505","n/e","n/e"
"06.01.2020 15:00 - 06.01.2020 16:00","4","n/e","n/e","918","n/e","n/e","1588","n/e","n/e"
"06.01.2020 16:00 - 06.01.2020 17:00","0","n/e","n/e","992","n/e","n/e","1683","n/e","n/e"
"06.01.2020 17:00 - 06.01.2020 18:00","0","n/e","n/e","1028","n/e","n/e","1747","n/e","n/e"
"06.01.2020 18:00 - 06.01.2020 19:00","0","n/e","n/e","1057","n/e","n/e","1811","n/e","n/e"
"06.01.2020 19:00 - 06.01.2020 20:00","0","n/e","n/e","1078","n/e","n/e","1774","n/e","n/e"
"06.01.2020 20:00 - 06.01.2020 21:00","0","n/e","n/e","1085","n/e","n/e","1785","n/e","n/e"
"06.01.2020 21:00 - 06.01.2020 22:00","0","n/e","n/e","1078","n/e","n/e","1794","n/e","n/e"
"06.01.2020 22:00 - 06.01.2020 23:00","0","n/e","n/e","1058","n/e","n/e","1711","n/e","n/e"
"06.01.2020 23:00 - 07.01.2020 00:00","0","n/e","n/e","1034","n/e","n/e","1482","n/e","n/e"
"07.01.2020 00:00 - 07.01.2020 01:00","0","n/e","n/e","973","n/e","n/e","1579","n/e","n/e"
"07.01.2020 01:00 - 07.01.2020 02:00","0","n/e","n/e","975","n/e","n/e","1409","n/e","n/e"
"07.01.2020 02:00 - 07.01.2020 03:00","0","n/e","n/e","1012","n/e","n/e","1337","n/e","n/e"
"07.01.2020 03:00 - 07.01.2020 04:00","0","n/e","n/e","1006","n/e","n/e","1224","n/e","n/e"
"07.01.2020 04:00 - 07.01.2020 05:00","0","n/e","n/e","1063","n/e","n/e","1047","n/e","n/e"
"07.01.2020 05:00 - 07.01.2020 06:00","0","n/e","n/e","1059","n/e","n/e","898","n/e","n/e"
"07.01.2020 06:00 - 07.01.2020 07:00","0","n/e","n/e","1066","n/e","n/e","857","n/e","n/e"
"07.01.2020 07:00 - 07.01.2020 08:00","0","n/e","n/e","993","n/e","n/e","927","n/e","n/e"
"07.01.2020 08:00 - 07.01.2020 09:00","0","n/e","n/e","777","n/e","n/e","947","n/e","n/e"
"07.01.2020 09:00 - 07.01.2020 10:00","14","n/e","n/e","669","n/e","n/e","859","n/e","n/e"
"07.01.2020 10:00 - 07.01.2020 11:00","53","n/e","n/e","628","n/e","n/e","755","n/e","n/e"
"07.01.2020 11:00 - 07.01.2020 12:00","96","n/e","n/e","643","n/e","n/e","700","n/e","n/e"
"07.01.2020 12:00 - 07.01.2020 13:00","119","n/e","n/e","722","n/e","n/e","711","n/e","n/e"
"07.01.2020 13:00 - 07.01.2020 14:00","107","n/e","n/e","817","n/e","n/e","851","n/e","n/e"
"07.01.2020 14:00 - 07.01.2020 15:00","65","n/e","n/e","900","n/e","n/e","1106","n/e","n/e"
"07.01.2020 15:00 - 07.01.2020 16:00","18","n/e","n/e","985","n/e","n/e","1426","n/e","n/e"
"07.01.2020 16:00 - 07.01.2020 17:00","0","n/e","n/e","1069","n/e","n/e","1772","n/e","n/e"
"07.01.2020 17:00 - 07.01.2020 18:00","0","n/e","n/e","1117","n/e","n/e","2130","n/e","n/e"
"07.01.2020 18:00 - 07.01.2020 19:00","0","n/e","n/e","1128","n/e","n/e","2377","n/e","n/e"
"07.01.2020 19:00 - 07.01.2020 20:00","0","n/e","n/e","1127","n/e","n/e","2470","n/e","n/e"
"07.01.2020 20:00 - 07.01.2020 21:00","0","n/e","n/e","1127","n/e","n/e","2594","n/e","n/e"
"07.01.2020 21:00 - 07.01.2020 22:00","0","n/e","n/e","1126","n/e","n/e","2713","n/e","n/e"
"07.01.2020 22:00 - 07.01.2020 23:00","0","n/e","n/e","1123","n/e","n/e","2797","n/e","n/e"
"07.01.2020 23:00 - 08.01.2020 00:00","0","n/e","n/e","1122","n/e","n/e","2854","n/e","n/e"
"08.01.2020 00:00 - 08.01.2020 01:00","0","n/e","n/e","1014","n/e","n/e","2586","n/e","n/e"
"08.01.2020 01:00 - 08.01.2020 02:00","0","n/e","n/e","1112","n/e","n/e","2756","n/e","n/e"
"08.01.2020 02:00 - 08.01.2020 03:00","0","n/e","n/e","1110","n/e","n/e","2869","n/e","n/e"
"08.01.2020 03:00 - 08.01.2020 04:00","0","n/e","n/e","1124","n/e","n/e","2772","n/e","n/e"
"08.01.2020 04:00 - 08.01.2020 05:00","0","n/e","n/e","1117","n/e","n/e","2726","n/e","n/e"
"08.01.2020 05:00 - 08.01.2020 06:00","0","n/e","n/e","1022","n/e","n/e","2482","n/e","n/e"
"08.01.2020 06:00 - 08.01.2020 07:00","0","n/e","n/e","1022","n/e","n/e","2484","n/e","n/e"
"08.01.2020 07:00 - 08.01.2020 08:00","0","n/e","n/e","1026","n/e","n/e","2399","n/e","n/e"
"08.01.2020 08:00 - 08.01.2020 09:00","0","n/e","n/e","1122","n/e","n/e","2436","n/e","n/e"
"08.01.2020 09:00 - 08.01.2020 10:00","12","n/e","n/e","1114","n/e","n/e","2376","n/e","n/e"
"08.01.2020 10:00 - 08.01.2020 11:00","50","n/e","n/e","1108","n/e","n/e","2121","n/e","n/e"
"08.01.2020 11:00 - 08.01.2020 12:00","96","n/e","n/e","1099","n/e","n/e","2048","n/e","n/e"
"08.01.2020 12:00 - 08.01.2020 13:00","123","n/e","n/e","1084","n/e","n/e","2043","n/e","n/e"
"08.01.2020 13:00 - 08.01.2020 14:00","112","n/e","n/e","1067","n/e","n/e","2013","n/e","n/e"
"08.01.2020 14:00 - 08.01.2020 15:00","71","n/e","n/e","1043","n/e","n/e","1908","n/e","n/e"
"08.01.2020 15:00 - 08.01.2020 16:00","20","n/e","n/e","1014","n/e","n/e","1784","n/e","n/e"
"08.01.2020 16:00 - 08.01.2020 17:00","0","n/e","n/e","973","n/e","n/e","1648","n/e","n/e"
"08.01.2020 17:00 - 08.01.2020 18:00","0","n/e","n/e","911","n/e","n/e","1570","n/e","n/e"
"08.01.2020 18:00 - 08.01.2020 19:00","0","n/e","n/e","830","n/e","n/e","1481","n/e","n/e"
"08.01.2020 19:00 - 08.01.2020 20:00","0","n/e","n/e","753","n/e","n/e","1383","n/e","n/e"
"08.01.2020 20:00 - 08.01.2020 21:00","0","n/e","n/e","672","n/e","n/e","1309","n/e","n/e"
"08.01.2020 21:00 - 08.01.2020 22:00","0","n/e","n/e","595","n/e","n/e","1257","n/e","n/e"
"08.01.2020 22:00 - 08.01.2020 23:00","0","n/e","n/e","538","n/e","n/e","1175","n/e","n/e"
"08.01.2020 23:00 - 09.01.2020 00:00","0","n/e","n/e","497","n/e","n/e","1077","n/e","n/e"
"09.01.2020 00:00 - 09.01.2020 01:00","0","n/e","n/e","386","n/e","n/e","1026","n/e","n/e"
"09.01.2020 01:00 - 09.01.2020 02:00","0","n/e","n/e","367","n/e","n/e","795","n/e","n/e"
"09.01.2020 02:00 - 09.01.2020 03:00","0","n/e","n/e","272","n/e","n/e","634","n/e","n/e"
"09.01.2020 03:00 - 09.01.2020 04:00","0","n/e","n/e","300","n/e","n/e","487","n/e","n/e"
"09.01.2020 04:00 - 09.01.2020 05:00","0","n/e","n/e","223","n/e","n/e","430","n/e","n/e"
"09.01.2020 05:00 - 09.01.2020 06:00","0","n/e","n/e","190","n/e","n/e","418","n/e","n/e"
"09.01.2020 06:00 - 09.01.2020 07:00","0","n/e","n/e","110","n/e","n/e","332","n/e","n/e"
"09.01.2020 07:00 - 09.01.2020 08:00","0","n/e","n/e","116","n/e","n/e","339","n/e","n/e"
"09.01.2020 08:00 - 09.01.2020 09:00","0","n/e","n/e","273","n/e","n/e","417","n/e","n/e"
"09.01.2020 09:00 - 09.01.2020 10:00","3","n/e","n/e","518","n/e","n/e","505","n/e","n/e"
"09.01.2020 10:00 - 09.01.2020 11:00","9","n/e","n/e","679","n/e","n/e","612","n/e","n/e"
"09.01.2020 11:00 - 09.01.2020 12:00","13","n/e","n/e","840","n/e","n/e","857","n/e","n/e"
"09.01.2020 12:00 - 09.01.2020 13:00","15","n/e","n/e","928","n/e","n/e","1177","n/e","n/e"
"09.01.2020 13:00 - 09.01.2020 14:00","13","n/e","n/e","1016","n/e","n/e","1419","n/e","n/e"
"09.01.2020 14:00 - 09.01.2020 15:00","9","n/e","n/e","1075","n/e","n/e","1597","n/e","n/e"
"09.01.2020 15:00 - 09.01.2020 16:00","2","n/e","n/e","1094","n/e","n/e","1754","n/e","n/e"
"09.01.2020 16:00 - 09.01.2020 17:00","0","n/e","n/e","1093","n/e","n/e","1783","n/e","n/e"
"09.01.2020 17:00 - 09.01.2020 18:00","0","n/e","n/e","1072","n/e","n/e","1716","n/e","n/e"
"09.01.2020 18:00 - 09.01.2020 19:00","0","n/e","n/e","1030","n/e","n/e","1575","n/e","n/e"
"09.01.2020 19:00 - 09.01.2020 20:00","0","n/e","n/e","989","n/e","n/e","1417","n/e","n/e"
"09.01.2020 20:00 - 09.01.2020 21:00","0","n/e","n/e","941","n/e","n/e","1286","n/e","n/e"
"09.01.2020 21:00 - 09.01.2020 22:00","0","n/e","n/e","872","n/e","n/e","1163","n/e","n/e"
"09.01.2020 22:00 - 09.01.2020 23:00","0","n/e","n/e","777","n/e","n/e","976","n/e","n/e"
"09.01.2020 23:00 - 10.01.2020 00:00","0","n/e","n/e","656","n/e","n/e","722","n/e","n/e"
"10.01.2020 00:00 - 10.01.2020 01:00","0","n/e","n/e","617","n/e","n/e","612","n/e","n/e"
"10.01.2020 01:00 - 10.01.2020 02:00","0","n/e","n/e","558","n/e","n/e","515","n/e","n/e"
"10.01.2020 02:00 - 10.01.2020 03:00","0","n/e","n/e","541","n/e","n/e","461","n/e","n/e"
"10.01.2020 03:00 - 10.01.2020 04:00","0","n/e","n/e","360","n/e","n/e","521","n/e","n/e"
"10.01.2020 04:00 - 10.01.2020 05:00","0","n/e","n/e","277","n/e","n/e","534","n/e","n/e"
"10.01.2020 05:00 - 10.01.2020 06:00","0","n/e","n/e","226","n/e","n/e","701","n/e","n/e"
"10.01.2020 06:00 - 10.01.2020 07:00","0","n/e","n/e","492","n/e","n/e","859","n/e","n/e"
"10.01.2020 07:00 - 10.01.2020 08:00","0","n/e","n/e","698","n/e","n/e","1050","n/e","n/e"
"10.01.2020 08:00 - 10.01.2020 09:00","0","n/e","n/e","786","n/e","n/e","1156","n/e","n/e"
"10.01.2020 09:00 - 10.01.2020 10:00","3","n/e","n/e","834","n/e","n/e","1246","n/e","n/e"
"10.01.2020 10:00 - 10.01.2020 11:00","13","n/e","n/e","870","n/e","n/e","1235","n/e","n/e"
"10.01.2020 11:00 - 10.01.2020 12:00","25","n/e","n/e","915","n/e","n/e","1254","n/e","n/e"
"10.01.2020 12:00 - 10.01.2020 13:00","31","n/e","n/e","978","n/e","n/e","1362","n/e","n/e"
"10.01.2020 13:00 - 10.01.2020 14:00","28","n/e","n/e","1047","n/e","n/e","1510","n/e","n/e"
"10.01.2020 14:00 - 10.01.2020 15:00","16","n/e","n/e","1082","n/e","n/e","1665","n/e","n/e"
"10.01.2020 15:00 - 10.01.2020 16:00","5","n/e","n/e","1055","n/e","n/e","1825","n/e","n/e"
"10.01.2020 16:00 - 10.01.2020 17:00","0","n/e","n/e","981","n/e","n/e","1717","n/e","n/e"
"10.01.2020 17:00 - 10.01.2020 18:00","0","n/e","n/e","868","n/e","n/e","1363","n/e","n/e"
"10.01.2020 18:00 - 10.01.2020 19:00","0","n/e","n/e","728","n/e","n/e","993","n/e","n/e"
"10.01.2020 19:00 - 10.01.2020 20:00","0","n/e","n/e","557","n/e","n/e","713","n/e","n/e"
"10.01.2020 20:00 - 10.01.2020 21:00","0","n/e","n/e","374","n/e","n/e","517","n/e","n/e"
"10.01.2020 21:00 - 10.01.2020 22:00","0","n/e","n/e","225","n/e","n/e","365","n/e","n/e"
"10.01.2020 22:00 - 10.01.2020 23:00","0","n/e","n/e","140","n/e","n/e","263","n/e","n/e"
"10.01.2020 23:00 - 11.01.2020 00:00","0","n/e","n/e","108","n/e","n/e","204","n/e","n/e"
"11.01.2020 00:00 - 11.01.2020 01:00","0","n/e","n/e","103","n/e","n/e","108","n/e","n/e"
"11.01.2020 01:00 - 11.01.2020 02:00","0","n/e","n/e","220","n/e","n/e","183","n/e","n/e"
"11.01.2020 02:00 - 11.01.2020 03:00","0","n/e","n/e","379","n/e","n/e","450","n/e","n/e"
"11.01.2020 03:00 - 11.01.2020 04:00","0","n/e","n/e","531","n/e","n/e","832","n/e","n/e"
"11.01.2020 04:00 - 11.01.2020 05:00","0","n/e","n/e","739","n/e","n/e","1233","n/e","n/e"
"11.01.2020 05:00 - 11.01.2020 06:00","0","n/e","n/e","901","n/e","n/e","1512","n/e","n/e"
"11.01.2020 06:00 - 11.01.2020 07:00","0","n/e","n/e","950","n/e","n/e","1710","n/e","n/e"
"11.01.2020 07:00 - 11.01.2020 08:00","0","n/e","n/e","1027","n/e","n/e","1938","n/e","n/e"
"11.01.2020 08:00 - 11.01.2020 09:00","0","n/e","n/e","1114","n/e","n/e","2229","n/e","n/e"
"11.01.2020 09:00 - 11.01.2020 10:00","9","n/e","n/e","1124","n/e","n/e","2526","n/e","n/e"
"11.01.2020 10:00 - 11.01.2020 11:00","34","n/e","n/e","1124","n/e","n/e","2607","n/e","n/e"
"11.01.2020 11:00 - 11.01.2020 12:00","66","n/e","n/e","1118","n/e","n/e","2694","n/e","n/e"
"11.01.2020 12:00 - 11.01.2020 13:00","71","n/e","n/e","1108","n/e","n/e","2745","n/e","n/e"
"11.01.2020 13:00 - 11.01.2020 14:00","48","n/e","n/e","1110","n/e","n/e","2761","n/e","n/e"
"11.01.2020 14:00 - 11.01.2020 15:00","22","n/e","n/e","1120","n/e","n/e","2752","n/e","n/e"
"11.01.2020 15:00 - 11.01.2020 16:00","6","n/e","n/e","1126","n/e","n/e","2808","n/e","n/e"
"11.01.2020 16:00 - 11.01.2020 17:00","0","n/e","n/e","1126","n/e","n/e","2832","n/e","n/e"
"11.01.2020 17:00 - 11.01.2020 18:00","0","n/e","n/e","1125","n/e","n/e","2832","n/e","n/e"
"11.01.2020 18:00 - 11.01.2020 19:00","0","n/e","n/e","1125","n/e","n/e","2790","n/e","n/e"
"11.01.2020 19:00 - 11.01.2020 20:00","0","n/e","n/e","1125","n/e","n/e","2708","n/e","n/e"
"11.01.2020 20:00 - 11.01.2020 21:00","0","n/e","n/e","1124","n/e","n/e","2713","n/e","n/e"
"11.01.2020 21:00 - 11.01.2020 22:00","0","n/e","n/e","1121","n/e","n/e","2758","n/e","n/e"
"11.01.2020 22:00 - 11.01.2020 23:00","0","n/e","n/e","1120","n/e","n/e","2815","n/e","n/e"
"11.01.2020 23:00 - 12.01.2020 00:00","0","n/e","n/e","1121","n/e","n/e","2863","n/e","n/e"
"12.01.2020 00:00 - 12.01.2020 01:00","0","n/e","n/e","1013","n/e","n/e","2592","n/e","n/e"
"12.01.2020 01:00 - 12.01.2020 02:00","0","n/e","n/e","1016","n/e","n/e","2576","n/e","n/e"
"12.01.2020 02:00 - 12.01.2020 03:00","0","n/e","n/e","1022","n/e","n/e","2365","n/e","n/e"
"12.01.2020 03:00 - 12.01.2020 04:00","0","n/e","n/e","1022","n/e","n/e","2213","n/e","n/e"
"12.01.2020 04:00 - 12.01.2020 05:00","0","n/e","n/e","1026","n/e","n/e","2129","n/e","n/e"
"12.01.2020 05:00 - 12.01.2020 06:00","0","n/e","n/e","1121","n/e","n/e","2029","n/e","n/e"
"12.01.2020 06:00 - 12.01.2020 07:00","0","n/e","n/e","1093","n/e","n/e","2056","n/e","n/e"
"12.01.2020 07:00 - 12.01.2020 08:00","0","n/e","n/e","1021","n/e","n/e","1758","n/e","n/e"
"12.01.2020 08:00 - 12.01.2020 09:00","0","n/e","n/e","836","n/e","n/e","1454","n/e","n/e"
"12.01.2020 09:00 - 12.01.2020 10:00","4","n/e","n/e","673","n/e","n/e","1167","n/e","n/e"
"12.01.2020 10:00 - 12.01.2020 11:00","14","n/e","n/e","545","n/e","n/e","936","n/e","n/e"
"12.01.2020 11:00 - 12.01.2020 12:00","24","n/e","n/e","408","n/e","n/e","791","n/e","n/e"
"12.01.2020 12:00 - 12.01.2020 13:00","24","n/e","n/e","300","n/e","n/e","695","n/e","n/e"
"12.01.2020 13:00 - 12.01.2020 14:00","17","n/e","n/e","224","n/e","n/e","618","n/e","n/e"
"12.01.2020 14:00 - 12.01.2020 15:00","10","n/e","n/e","197","n/e","n/e","543","n/e","n/e"
"12.01.2020 15:00 - 12.01.2020 16:00","5","n/e","n/e","209","n/e","n/e","500","n/e","n/e"
"12.01.2020 16:00 - 12.01.2020 17:00","0","n/e","n/e","251","n/e","n/e","477","n/e","n/e"
"12.01.2020 17:00 - 12.01.2020 18:00","0","n/e","n/e","303","n/e","n/e","460","n/e","n/e"
"12.01.2020 18:00 - 12.01.2020 19:00","0","n/e","n/e","368","n/e","n/e","487","n/e","n/e"
"12.01.2020 19:00 - 12.01.2020 20:00","0","n/e","n/e","455","n/e","n/e","587","n/e","n/e"
"12.01.2020 20:00 - 12.01.2020 21:00","0","n/e","n/e","560","n/e","n/e","736","n/e","n/e"
"12.01.2020 21:00 - 12.01.2020 22:00","0","n/e","n/e","679","n/e","n/e","902","n/e","n/e"
"12.01.2020 22:00 - 12.01.2020 23:00","0","n/e","n/e","771","n/e","n/e","1009","n/e","n/e"
"12.01.2020 23:00 - 13.01.2020 00:00","0","n/e","n/e","817","n/e","n/e","1043","n/e","n/e"
"13.01.2020 00:00 - 13.01.2020 01:00","0","n/e","n/e","928","n/e","n/e","926","n/e","n/e"
"13.01.2020 01:00 - 13.01.2020 02:00","0","n/e","n/e","794","n/e","n/e","864","n/e","n/e"
"13.01.2020 02:00 - 13.01.2020 03:00","0","n/e","n/e","781","n/e","n/e","916","n/e","n/e"
"13.01.2020 03:00 - 13.01.2020 04:00","0","n/e","n/e","692","n/e","n/e","928","n/e","n/e"
"13.01.2020 04:00 - 13.01.2020 05:00","0","n/e","n/e","721","n/e","n/e","837","n/e","n/e"
"13.01.2020 05:00 - 13.01.2020 06:00","0","n/e","n/e","729","n/e","n/e","808","n/e","n/e"
"13.01.2020 06:00 - 13.01.2020 07:00","0","n/e","n/e","701","n/e","n/e","876","n/e","n/e"
"13.01.2020 07:00 - 13.01.2020 08:00","0","n/e","n/e","763","n/e","n/e","925","n/e","n/e"
"13.01.2020 08:00 - 13.01.2020 09:00","0","n/e","n/e","656","n/e","n/e","831","n/e","n/e"
"13.01.2020 09:00 - 13.01.2020 10:00","15","n/e","n/e","663","n/e","n/e","799","n/e","n/e"
"13.01.2020 10:00 - 13.01.2020 11:00","51","n/e","n/e","630","n/e","n/e","747","n/e","n/e"
"13.01.2020 11:00 - 13.01.2020 12:00","78","n/e","n/e","611","n/e","n/e","761","n/e","n/e"
"13.01.2020 12:00 - 13.01.2020 13:00","89","n/e","n/e","650","n/e","n/e","820","n/e","n/e"
"13.01.2020 13:00 - 13.01.2020 14:00","69","n/e","n/e","742","n/e","n/e","873","n/e","n/e"
"13.01.2020 14:00 - 13.01.2020 15:00","39","n/e","n/e","850","n/e","n/e","883","n/e","n/e"
"13.01.2020 15:00 - 13.01.2020 16:00","15","n/e","n/e","942","n/e","n/e","905","n/e","n/e"
"13.01.2020 16:00 - 13.01.2020 17:00","0","n/e","n/e","1020","n/e","n/e","1018","n/e","n/e"
"13.01.2020 17:00 - 13.01.2020 18:00","0","n/e","n/e","1075","n/e","n/e","1229","n/e","n/e"
"13.01.2020 18:00 - 13.01.2020 19:00","0","n/e","n/e","1104","n/e","n/e","1451","n/e","n/e"
"13.01.2020 19:00 - 13.01.2020 20:00","0","n/e","n/e","1117","n/e","n/e","1643","n/e","n/e"
"13.01.2020 20:00 - 13.01.2020 21:00","0","n/e","n/e","1127","n/e","n/e","1885","n/e","n/e"
"13.01.2020 21:00 - 13.01.2020 22:00","0","n/e","n/e","1129","n/e","n/e","2153","n/e","n/e"
"13.01.2020 22:00 - 13.01.2020 23:00","0","n/e","n/e","1131","n/e","n/e","2402","n/e","n/e"
"13.01.2020 23:00 - 14.01.2020 00:00","0","n/e","n/e","1128","n/e","n/e","2602","n/e","n/e"
"14.01.2020 00:00 - 14.01.2020 01:00","0","n/e","n/e","1112","n/e","n/e","2651","n/e","n/e"
"14.01.2020 01:00 - 14.01.2020 02:00","0","n/e","n/e","1111","n/e","n/e","2713","n/e","n/e"
"14.01.2020 02:00 - 14.01.2020 03:00","0","n/e","n/e","1111","n/e","n/e","2802","n/e","n/e"
"14.01.2020 03:00 - 14.01.2020 04:00","0","n/e","n/e","1104","n/e","n/e","2834","n/e","n/e"
"14.01.2020 04:00 - 14.01.2020 05:00","0","n/e","n/e","1107","n/e","n/e","2850","n/e","n/e"
"14.01.2020 05:00 - 14.01.2020 06:00","0","n/e","n/e","1101","n/e","n/e","2928","n/e","n/e"
"14.01.2020 06:00 - 14.01.2020 07:00","0","n/e","n/e","1009","n/e","n/e","2474","n/e","n/e"
"14.01.2020 07:00 - 14.01.2020 08:00","0","n/e","n/e","1094","n/e","n/e","2399","n/e","n/e"
"14.01.2020 08:00 - 14.01.2020 09:00","0","n/e","n/e","1005","n/e","n/e","2235","n/e","n/e"
"14.01.2020 09:00 - 14.01.2020 10:00","11","n/e","n/e","1107","n/e","n/e","2537","n/e","n/e"
"14.01.2020 10:00 - 14.01.2020 11:00","41","n/e","n/e","1107","n/e","n/e","2397","n/e","n/e"
"14.01.2020 11:00 - 14.01.2020 12:00","66","n/e","n/e","1100","n/e","n/e","2347","n/e","n/e"
"14.01.2020 12:00 - 14.01.2020 13:00","78","n/e","n/e","1089","n/e","n/e","2290","n/e","n/e"
"14.01.2020 13:00 - 14.01.2020 14:00","77","n/e","n/e","1067","n/e","n/e","2126","n/e","n/e"
"14.01.2020 14:00 - 14.01.2020 15:00","56","n/e","n/e","1049","n/e","n/e","1837","n/e","n/e"
"14.01.2020 15:00 - 14.01.2020 16:00","20","n/e","n/e","1059","n/e","n/e","1633","n/e","n/e"
"14.01.2020 16:00 - 14.01.2020 17:00","0","n/e","n/e","1087","n/e","n/e","1649","n/e","n/e"
"14.01.2020 17:00 - 14.01.2020 18:00","0","n/e","n/e","1118","n/e","n/e","1790","n/e","n/e"
"14.01.2020 18:00 - 14.01.2020 19:00","0","n/e","n/e","1132","n/e","n/e","1950","n/e","n/e"
"14.01.2020 19:00 - 14.01.2020 20:00","0","n/e","n/e","1133","n/e","n/e","2103","n/e","n/e"
"14.01.2020 20:00 - 14.01.2020 21:00","0","n/e","n/e","1131","n/e","n/e","2365","n/e","n/e"
"14.01.2020 21:00 - 14.01.2020 22:00","0","n/e","n/e","1118","n/e","n/e","2637","n/e","n/e"
"14.01.2020 22:00 - 14.01.2020 23:00","0","n/e","n/e","1056","n/e","n/e","2727","n/e","n/e"
"14.01.2020 23:00 - 15.01.2020 00:00","0","n/e","n/e","969","n/e","n/e","2653","n/e","n/e"
"15.01.2020 00:00 - 15.01.2020 01:00","0","n/e","n/e","995","n/e","n/e","2517","n/e","n/e"
"15.01.2020 01:00 - 15.01.2020 02:00","0","n/e","n/e","1043","n/e","n/e","2368","n/e","n/e"
"15.01.2020 02:00 - 15.01.2020 03:00","0","n/e","n/e","1093","n/e","n/e","2382","n/e","n/e"
"15.01.2020 03:00 - 15.01.2020 04:00","0","n/e","n/e","1013","n/e","n/e","2330","n/e","n/e"
"15.01.2020 04:00 - 15.01.2020 05:00","0","n/e","n/e","1019","n/e","n/e","2277","n/e","n/e"
"15.01.2020 05:00 - 15.01.2020 06:00","0","n/e","n/e","1021","n/e","n/e","2333","n/e","n/e"
"15.01.2020 06:00 - 15.01.2020 07:00","0","n/e","n/e","981","n/e","n/e","2087","n/e","n/e"
"15.01.2020 07:00 - 15.01.2020 08:00","0","n/e","n/e","901","n/e","n/e","1851","n/e","n/e"
"15.01.2020 08:00 - 15.01.2020 09:00","0","n/e","n/e","922","n/e","n/e","2143","n/e","n/e"
"15.01.2020 09:00 - 15.01.2020 10:00","4","n/e","n/e","876","n/e","n/e","2349","n/e","n/e"
"15.01.2020 10:00 - 15.01.2020 11:00","15","n/e","n/e","898","n/e","n/e","2169","n/e","n/e"
"15.01.2020 11:00 - 15.01.2020 12:00","22","n/e","n/e","907","n/e","n/e","2097","n/e","n/e"
"15.01.2020 12:00 - 15.01.2020 13:00","24","n/e","n/e","917","n/e","n/e","2013","n/e","n/e"
"15.01.2020 13:00 - 15.01.2020 14:00","20","n/e","n/e","942","n/e","n/e","1914","n/e","n/e"
"15.01.2020 14:00 - 15.01.2020 15:00","12","n/e","n/e","971","n/e","n/e","1764","n/e","n/e"
"15.01.2020 15:00 - 15.01.2020 16:00","5","n/e","n/e","990","n/e","n/e","1669","n/e","n/e"
"15.01.2020 16:00 - 15.01.2020 17:00","0","n/e","n/e","1019","n/e","n/e","1662","n/e","n/e"
"15.01.2020 17:00 - 15.01.2020 18:00","0","n/e","n/e","1054","n/e","n/e","1756","n/e","n/e"
"15.01.2020 18:00 - 15.01.2020 19:00","0","n/e","n/e","1085","n/e","n/e","1863","n/e","n/e"
"15.01.2020 19:00 - 15.01.2020 20:00","0","n/e","n/e","1105","n/e","n/e","1946","n/e","n/e"
"15.01.2020 20:00 - 15.01.2020 21:00","0","n/e","n/e","1117","n/e","n/e","2089","n/e","n/e"
"15.01.2020 21:00 - 15.01.2020 22:00","0","n/e","n/e","1122","n/e","n/e","2246","n/e","n/e"
"15.01.2020 22:00 - 15.01.2020 23:00","0","n/e","n/e","1124","n/e","n/e","2383","n/e","n/e"
"15.01.2020 23:00 - 16.01.2020 00:00","0","n/e","n/e","1124","n/e","n/e","2507","n/e","n/e"
"16.01.2020 00:00 - 16.01.2020 01:00","0","n/e","n/e","1122","n/e","n/e","2133","n/e","n/e"
"16.01.2020 01:00 - 16.01.2020 02:00","0","n/e","n/e","1030","n/e","n/e","2142","n/e","n/e"
"16.01.2020 02:00 - 16.01.2020 03:00","0","n/e","n/e","1030","n/e","n/e","2113","n/e","n/e"
"16.01.2020 03:00 - 16.01.2020 04:00","0","n/e","n/e","1030","n/e","n/e","2085","n/e","n/e"
"16.01.2020 04:00 - 16.01.2020 05:00","0","n/e","n/e","1029","n/e","n/e","2103","n/e","n/e"
"16.01.2020 05:00 - 16.01.2020 06:00","0","n/e","n/e","1029","n/e","n/e","1973","n/e","n/e"
"16.01.2020 06:00 - 16.01.2020 07:00","0","n/e","n/e","1030","n/e","n/e","2064","n/e","n/e"
"16.01.2020 07:00 - 16.01.2020 08:00","0","n/e","n/e","1057","n/e","n/e","1944","n/e","n/e"
"16.01.2020 08:00 - 16.01.2020 09:00","1","n/e","n/e","1095","n/e","n/e","2077","n/e","n/e"
"16.01.2020 09:00 - 16.01.2020 10:00","24","n/e","n/e","1051","n/e","n/e","2187","n/e","n/e"
"16.01.2020 10:00 - 16.01.2020 11:00","72","n/e","n/e","991","n/e","n/e","1984","n/e","n/e"
"16.01.2020 11:00 - 16.01.2020 12:00","118","n/e","n/e","962","n/e","n/e","1810","n/e","n/e"
"16.01.2020 12:00 - 16.01.2020 13:00","140","n/e","n/e","946","n/e","n/e","1654","n/e","n/e"
"16.01.2020 13:00 - 16.01.2020 14:00","122","n/e","n/e","945","n/e","n/e","1493","n/e","n/e"
"16.01.2020 14:00 - 16.01.2020 15:00","72","n/e","n/e","961","n/e","n/e","1274","n/e","n/e"
"16.01.2020 15:00 - 16.01.2020 16:00","24","n/e","n/e","988","n/e","n/e","1085","n/e","n/e"
"16.01.2020 16:00 - 16.01.2020 17:00","1","n/e","n/e","1030","n/e","n/e","1044","n/e","n/e"
"16.01.2020 17:00 - 16.01.2020 18:00","0","n/e","n/e","1070","n/e","n/e","1139","n/e","n/e"
"16.01.2020 18:00 - 16.01.2020 19:00","0","n/e","n/e","1095","n/e","n/e","1287","n/e","n/e"
"16.01.2020 19:00 - 16.01.2020 20:00","0","n/e","n/e","1112","n/e","n/e","1436","n/e","n/e"
"16.01.2020 20:00 - 16.01.2020 21:00","0","n/e","n/e","1121","n/e","n/e","1638","n/e","n/e"
"16.01.2020 21:00 - 16.01.2020 22:00","0","n/e","n/e","1124","n/e","n/e","1822","n/e","n/e"
"16.01.2020 22:00 - 16.01.2020 23:00","0","n/e","n/e","1120","n/e","n/e","1945","n/e","n/e"
"16.01.2020 23:00 - 17.01.2020 00:00","0","n/e","n/e","1120","n/e","n/e","2090","n/e","n/e"
"17.01.2020 00:00 - 17.01.2020 01:00","0","n/e","n/e","1016","n/e","n/e","1644","n/e","n/e"
"17.01.2020 01:00 - 17.01.2020 02:00","0","n/e","n/e","1041","n/e","n/e","1618","n/e","n/e"
"17.01.2020 02:00 - 17.01.2020 03:00","0","n/e","n/e","920","n/e","n/e","1395","n/e","n/e"
"17.01.2020 03:00 - 17.01.2020 04:00","0","n/e","n/e","964","n/e","n/e","1407","n/e","n/e"
"17.01.2020 04:00 - 17.01.2020 05:00","0","n/e","n/e","963","n/e","n/e","1347","n/e","n/e"
"17.01.2020 05:00 - 17.01.2020 06:00","0","n/e","n/e","919","n/e","n/e","1312","n/e","n/e"
"17.01.2020 06:00 - 17.01.2020 07:00","0","n/e","n/e","1008","n/e","n/e","1304","n/e","n/e"
"17.01.2020 07:00 - 17.01.2020 08:00","0","n/e","n/e","1102","n/e","n/e","1387","n/e","n/e"
"17.01.2020 08:00 - 17.01.2020 09:00","1","n/e","n/e","1106","n/e","n/e","1393","n/e","n/e"
"17.01.2020 09:00 - 17.01.2020 10:00","22","n/e","n/e","1103","n/e","n/e","1616","n/e","n/e"
"17.01.2020 10:00 - 17.01.2020 11:00","67","n/e","n/e","1086","n/e","n/e","1474","n/e","n/e"
"17.01.2020 11:00 - 17.01.2020 12:00","105","n/e","n/e","1064","n/e","n/e","1364","n/e","n/e"
"17.01.2020 12:00 - 17.01.2020 13:00","109","n/e","n/e","1017","n/e","n/e","1242","n/e","n/e"
"17.01.2020 13:00 - 17.01.2020 14:00","78","n/e","n/e","944","n/e","n/e","1152","n/e","n/e"
"17.01.2020 14:00 - 17.01.2020 15:00","42","n/e","n/e","853","n/e","n/e","1087","n/e","n/e"
"17.01.2020 15:00 - 17.01.2020 16:00","16","n/e","n/e","774","n/e","n/e","1043","n/e","n/e"
"17.01.2020 16:00 - 17.01.2020 17:00","1","n/e","n/e","714","n/e","n/e","1006","n/e","n/e"
"17.01.2020 17:00 - 17.01.2020 18:00","0","n/e","n/e","675","n/e","n/e","940","n/e","n/e"
"17.01.2020 18:00 - 17.01.2020 19:00","0","n/e","n/e","648","n/e","n/e","806","n/e","n/e"
"17.01.2020 19:00 - 17.01.2020 20:00","0","n/e","n/e","624","n/e","n/e","685","n/e","n/e"
"17.01.2020 20:00 - 17.01.2020 21:00","0","n/e","n/e","601","n/e","n/e","616","n/e","n/e"
"17.01.2020 21:00 - 17.01.2020 22:00","0","n/e","n/e","581","n/e","n/e","591","n/e","n/e"
"17.01.2020 22:00 - 17.01.2020 23:00","0","n/e","n/e","548","n/e","n/e","632","n/e","n/e"
"17.01.2020 23:00 - 18.01.2020 00:00","0","n/e","n/e","508","n/e","n/e","711","n/e","n/e"
"18.01.2020 00:00 - 18.01.2020 01:00","0","n/e","n/e","743","n/e","n/e","987","n/e","n/e"
"18.01.2020 01:00 - 18.01.2020 02:00","0","n/e","n/e","703","n/e","n/e","1039","n/e","n/e"
"18.01.2020 02:00 - 18.01.2020 03:00","0","n/e","n/e","770","n/e","n/e","1113","n/e","n/e"
"18.01.2020 03:00 - 18.01.2020 04:00","0","n/e","n/e","946","n/e","n/e","1168","n/e","n/e"
"18.01.2020 04:00 - 18.01.2020 05:00","0","n/e","n/e","944","n/e","n/e","1223","n/e","n/e"
"18.01.2020 05:00 - 18.01.2020 06:00","0","n/e","n/e","1004","n/e","n/e","1409","n/e","n/e"
"18.01.2020 06:00 - 18.01.2020 07:00","0","n/e","n/e","1073","n/e","n/e","1558","n/e","n/e"
"18.01.2020 07:00 - 18.01.2020 08:00","0","n/e","n/e","1024","n/e","n/e","1526","n/e","n/e"
"18.01.2020 08:00 - 18.01.2020 09:00","1","n/e","n/e","1077","n/e","n/e","1468","n/e","n/e"
"18.01.2020 09:00 - 18.01.2020 10:00","12","n/e","n/e","1086","n/e","n/e","1818","n/e","n/e"
"18.01.2020 10:00 - 18.01.2020 11:00","37","n/e","n/e","1076","n/e","n/e","1846","n/e","n/e"
"18.01.2020 11:00 - 18.01.2020 12:00","57","n/e","n/e","1099","n/e","n/e","1914","n/e","n/e"
"18.01.2020 12:00 - 18.01.2020 13:00","61","n/e","n/e","1101","n/e","n/e","1966","n/e","n/e"
"18.01.2020 13:00 - 18.01.2020 14:00","62","n/e","n/e","1097","n/e","n/e","1974","n/e","n/e"
"18.01.2020 14:00 - 18.01.2020 15:00","40","n/e","n/e","1089","n/e","n/e","1952","n/e","n/e"
"18.01.2020 15:00 - 18.01.2020 16:00","15","n/e","n/e","1071","n/e","n/e","1925","n/e","n/e"
"18.01.2020 16:00 - 18.01.2020 17:00","1","n/e","n/e","1075","n/e","n/e","1875","n/e","n/e"
"18.01.2020 17:00 - 18.01.2020 18:00","0","n/e","n/e","1089","n/e","n/e","1807","n/e","n/e"
"18.01.2020 18:00 - 18.01.2020 19:00","0","n/e","n/e","1101","n/e","n/e","1757","n/e","n/e"
"18.01.2020 19:00 - 18.01.2020 20:00","0","n/e","n/e","1101","n/e","n/e","1702","n/e","n/e"
"18.01.2020 20:00 - 18.01.2020 21:00","0","n/e","n/e","1092","n/e","n/e","1624","n/e","n/e"
"18.01.2020 21:00 - 18.01.2020 22:00","0","n/e","n/e","1088","n/e","n/e","1576","n/e","n/e"
"18.01.2020 22:00 - 18.01.2020 23:00","0","n/e","n/e","1085","n/e","n/e","1549","n/e","n/e"
"18.01.2020 23:00 - 19.01.2020 00:00","0","n/e","n/e","1084","n/e","n/e","1543","n/e","n/e"
"19.01.2020 00:00 - 19.01.2020 01:00","0","n/e","n/e","952","n/e","n/e","1375","n/e","n/e"
"19.01.2020 01:00 - 19.01.2020 02:00","0","n/e","n/e","945","n/e","n/e","1387","n/e","n/e"
"19.01.2020 02:00 - 19.01.2020 03:00","0","n/e","n/e","1001","n/e","n/e","1512","n/e","n/e"
"19.01.2020 03:00 - 19.01.2020 04:00","0","n/e","n/e","1086","n/e","n/e","1645","n/e","n/e"
"19.01.2020 04:00 - 19.01.2020 05:00","0","n/e","n/e","1065","n/e","n/e","1780","n/e","n/e"
"19.01.2020 05:00 - 19.01.2020 06:00","0","n/e","n/e","1043","n/e","n/e","1910","n/e","n/e"
"19.01.2020 06:00 - 19.01.2020 07:00","0","n/e","n/e","1082","n/e","n/e","1764","n/e","n/e"
"19.01.2020 07:00 - 19.01.2020 08:00","0","n/e","n/e","963","n/e","n/e","1637","n/e","n/e"
"19.01.2020 08:00 - 19.01.2020 09:00","1","n/e","n/e","914","n/e","n/e","1770","n/e","n/e"
"19.01.2020 09:00 - 19.01.2020 10:00","28","n/e","n/e","926","n/e","n/e","1823","n/e","n/e"
"19.01.2020 10:00 - 19.01.2020 11:00","79","n/e","n/e","978","n/e","n/e","1697","n/e","n/e"
"19.01.2020 11:00 - 19.01.2020 12:00","126","n/e","n/e","968","n/e","n/e","1541","n/e","n/e"
"19.01.2020 12:00 - 19.01.2020 13:00","148","n/e","n/e","958","n/e","n/e","1373","n/e","n/e"
"19.01.2020 13:00 - 19.01.2020 14:00","135","n/e","n/e","954","n/e","n/e","1211","n/e","n/e"
"19.01.2020 14:00 - 19.01.2020 15:00","89","n/e","n/e","949","n/e","n/e","1044","n/e","n/e"
"19.01.2020 15:00 - 19.01.2020 16:00","33","n/e","n/e","938","n/e","n/e","875","n/e","n/e"
"19.01.2020 16:00 - 19.01.2020 17:00","1","n/e","n/e","899","n/e","n/e","764","n/e","n/e"
"19.01.2020 17:00 - 19.01.2020 18:00","0","n/e","n/e","827","n/e","n/e","689","n/e","n/e"
"19.01.2020 18:00 - 19.01.2020 19:00","0","n/e","n/e","741","n/e","n/e","622","n/e","n/e"
"19.01.2020 19:00 - 19.01.2020 20:00","0","n/e","n/e","651","n/e","n/e","599","n/e","n/e"
"19.01.2020 20:00 - 19.01.2020 21:00","0","n/e","n/e","579","n/e","n/e","583","n/e","n/e"
"19.01.2020 21:00 - 19.01.2020 22:00","0","n/e","n/e","527","n/e","n/e","575","n/e","n/e"
"19.01.2020 22:00 - 19.01.2020 23:00","0","n/e","n/e","498","n/e","n/e","596","n/e","n/e"
"19.01.2020 23:00 - 20.01.2020 00:00","0","n/e","n/e","462","n/e","n/e","691","n/e","n/e"
"20.01.2020 00:00 - 20.01.2020 01:00","0","n/e","n/e","339","n/e","n/e","981","n/e","n/e"
"20.01.2020 01:00 - 20.01.2020 02:00","0","n/e","n/e","309","n/e","n/e","948","n/e","n/e"
"20.01.2020 02:00 - 20.01.2020 03:00","0","n/e","n/e","445","n/e","n/e","949","n/e","n/e"
"20.01.2020 03:00 - 20.01.2020 04:00","0","n/e","n/e","597","n/e","n/e","894","n/e","n/e"
"20.01.2020 04:00 - 20.01.2020 05:00","0","n/e","n/e","651","n/e","n/e","922","n/e","n/e"
"20.01.2020 05:00 - 20.01.2020 06:00","0","n/e","n/e","692","n/e","n/e","1054","n/e","n/e"
"20.01.2020 06:00 - 20.01.2020 07:00","0","n/e","n/e","810","n/e","n/e","1046","n/e","n/e"
"20.01.2020 07:00 - 20.01.2020 08:00","0","n/e","n/e","827","n/e","n/e","1148","n/e","n/e"
"20.01.2020 08:00 - 20.01.2020 09:00","1","n/e","n/e","874","n/e","n/e","1265","n/e","n/e"
"20.01.2020 09:00 - 20.01.2020 10:00","12","n/e","n/e","919","n/e","n/e","1350","n/e","n/e"
"20.01.2020 10:00 - 20.01.2020 11:00","40","n/e","n/e","966","n/e","n/e","1384","n/e","n/e"
"20.01.2020 11:00 - 20.01.2020 12:00","82","n/e","n/e","965","n/e","n/e","1478","n/e","n/e"
"20.01.2020 12:00 - 20.01.2020 13:00","99","n/e","n/e","968","n/e","n/e","1563","n/e","n/e"
"20.01.2020 13:00 - 20.01.2020 14:00","86","n/e","n/e","977","n/e","n/e","1573","n/e","n/e"
"20.01.2020 14:00 - 20.01.2020 15:00","52","n/e","n/e","989","n/e","n/e","1559","n/e","n/e"
"20.01.2020 15:00 - 20.01.2020 16:00","20","n/e","n/e","1000","n/e","n/e","1570","n/e","n/e"
"20.01.2020 16:00 - 20.01.2020 17:00","1","n/e","n/e","1003","n/e","n/e","1602","n/e","n/e"
"20.01.2020 17:00 - 20.01.2020 18:00","0","n/e","n/e","1015","n/e","n/e","1661","n/e","n/e"
"20.01.2020 18:00 - 20.01.2020 19:00","0","n/e","n/e","1010","n/e","n/e","1692","n/e","n/e"
"20.01.2020 19:00 - 20.01.2020 20:00","0","n/e","n/e","1004","n/e","n/e","1669","n/e","n/e"
"20.01.2020 20:00 - 20.01.2020 21:00","0","n/e","n/e","1006","n/e","n/e","1696","n/e","n/e"
"20.01.2020 21:00 - 20.01.2020 22:00","0","n/e","n/e","1018","n/e","n/e","1734","n/e","n/e"
"20.01.2020 22:00 - 20.01.2020 23:00","0","n/e","n/e","1044","n/e","n/e","1843","n/e","n/e"
"20.01.2020 23:00 - 21.01.2020 00:00","0","n/e","n/e","1068","n/e","n/e","1946","n/e","n/e"
"21.01.2020 00:00 - 21.01.2020 01:00","0","n/e","n/e","1076","n/e","n/e","2044","n/e","n/e"
"21.01.2020 01:00 - 21.01.2020 02:00","0","n/e","n/e","1024","n/e","n/e","2067","n/e","n/e"
"21.01.2020 02:00 - 21.01.2020 03:00","0","n/e","n/e","987","n/e","n/e","1993","n/e","n/e"
"21.01.2020 03:00 - 21.01.2020 04:00","0","n/e","n/e","1029","n/e","n/e","2017","n/e","n/e"
"21.01.2020 04:00 - 21.01.2020 05:00","0","n/e","n/e","978","n/e","n/e","1956","n/e","n/e"
"21.01.2020 05:00 - 21.01.2020 06:00","0","n/e","n/e","973","n/e","n/e","1864","n/e","n/e"
"21.01.2020 06:00 - 21.01.2020 07:00","0","n/e","n/e","986","n/e","n/e","1831","n/e","n/e"
"21.01.2020 07:00 - 21.01.2020 08:00","0","n/e","n/e","1025","n/e","n/e","1931","n/e","n/e"
"21.01.2020 08:00 - 21.01.2020 09:00","0","n/e","n/e","1074","n/e","n/e","2197","n/e","n/e"
"21.01.2020 09:00 - 21.01.2020 10:00","9","n/e","n/e","1058","n/e","n/e","2208","n/e","n/e"
"21.01.2020 10:00 - 21.01.2020 11:00","30","n/e","n/e","1054","n/e","n/e","2090","n/e","n/e"
"21.01.2020 11:00 - 21.01.2020 12:00","53","n/e","n/e","1054","n/e","n/e","2082","n/e","n/e"
"21.01.2020 12:00 - 21.01.2020 13:00","65","n/e","n/e","1056","n/e","n/e","2059","n/e","n/e"
"21.01.2020 13:00 - 21.01.2020 14:00","55","n/e","n/e","1036","n/e","n/e","2036","n/e","n/e"
"21.01.2020 14:00 - 21.01.2020 15:00","32","n/e","n/e","1010","n/e","n/e","2040","n/e","n/e"
"21.01.2020 15:00 - 21.01.2020 16:00","14","n/e","n/e","981","n/e","n/e","2031","n/e","n/e"
"21.01.2020 16:00 - 21.01.2020 17:00","1","n/e","n/e","941","n/e","n/e","2012","n/e","n/e"
"21.01.2020 17:00 - 21.01.2020 18:00","0","n/e","n/e","874","n/e","n/e","1912","n/e","n/e"
"21.01.2020 18:00 - 21.01.2020 19:00","0","n/e","n/e","803","n/e","n/e","1807","n/e","n/e"
"21.01.2020 19:00 - 21.01.2020 20:00","0","n/e","n/e","757","n/e","n/e","1728","n/e","n/e"
"21.01.2020 20:00 - 21.01.2020 21:00","0","n/e","n/e","745","n/e","n/e","1730","n/e","n/e"
"21.01.2020 21:00 - 21.01.2020 22:00","0","n/e","n/e","746","n/e","n/e","1737","n/e","n/e"
"21.01.2020 22:00 - 21.01.2020 23:00","0","n/e","n/e","751","n/e","n/e","1771","n/e","n/e"
"21.01.2020 23:00 - 22.01.2020 00:00","0","n/e","n/e","768","n/e","n/e","1867","n/e","n/e"
"22.01.2020 00:00 - 22.01.2020 01:00","0","n/e","n/e","745","n/e","n/e","2173","n/e","n/e"
"22.01.2020 01:00 - 22.01.2020 02:00","0","n/e","n/e","833","n/e","n/e","1840","n/e","n/e"
"22.01.2020 02:00 - 22.01.2020 03:00","0","n/e","n/e","896","n/e","n/e","1886","n/e","n/e"
"22.01.2020 03:00 - 22.01.2020 04:00","0","n/e","n/e","907","n/e","n/e","1825","n/e","n/e"
"22.01.2020 04:00 - 22.01.2020 05:00","0","n/e","n/e","1022","n/e","n/e","1941","n/e","n/e"
"22.01.2020 05:00 - 22.01.2020 06:00","0","n/e","n/e","1044","n/e","n/e","1869","n/e","n/e"
"22.01.2020 06:00 - 22.01.2020 07:00","0","n/e","n/e","1011","n/e","n/e","1930","n/e","n/e"
"22.01.2020 07:00 - 22.01.2020 08:00","0","n/e","n/e","998","n/e","n/e","2079","n/e","n/e"
"22.01.2020 08:00 - 22.01.2020 09:00","2","n/e","n/e","1028","n/e","n/e","1973","n/e","n/e"
"22.01.2020 09:00 - 22.01.2020 10:00","35","n/e","n/e","1026","n/e","n/e","2021","n/e","n/e"
"22.01.2020 10:00 - 22.01.2020 11:00","94","n/e","n/e","1024","n/e","n/e","1866","n/e","n/e"
"22.01.2020 11:00 - 22.01.2020 12:00","139","n/e","n/e","979","n/e","n/e","1718","n/e","n/e"
"22.01.2020 12:00 - 22.01.2020 13:00","154","n/e","n/e","888","n/e","n/e","1496","n/e","n/e"
"22.01.2020 13:00 - 22.01.2020 14:00","139","n/e","n/e","768","n/e","n/e","1236","n/e","n/e"
"22.01.2020 14:00 - 22.01.2020 15:00","98","n/e","n/e","640","n/e","n/e","933","n/e","n/e"
"22.01.2020 15:00 - 22.01.2020 16:00","40","n/e","n/e","536","n/e","n/e","660","n/e","n/e"
"22.01.2020 16:00 - 22.01.2020 17:00","3","n/e","n/e","442","n/e","n/e","496","n/e","n/e"
"22.01.2020 17:00 - 22.01.2020 18:00","0","n/e","n/e","345","n/e","n/e","378","n/e","n/e"
"22.01.2020 18:00 - 22.01.2020 19:00","0","n/e","n/e","254","n/e","n/e","287","n/e","n/e"
"22.01.2020 19:00 - 22.01.2020 20:00","0","n/e","n/e","196","n/e","n/e","230","n/e","n/e"
"22.01.2020 20:00 - 22.01.2020 21:00","0","n/e","n/e","168","n/e","n/e","204","n/e","n/e"
"22.01.2020 21:00 - 22.01.2020 22:00","0","n/e","n/e","150","n/e","n/e","216","n/e","n/e"
"22.01.2020 22:00 - 22.01.2020 23:00","0","n/e","n/e","147","n/e","n/e","250","n/e","n/e"
"22.01.2020 23:00 - 23.01.2020 00:00","0","n/e","n/e","161","n/e","n/e","313","n/e","n/e"
"23.01.2020 00:00 - 23.01.2020 01:00","0","n/e","n/e","185","n/e","n/e","642","n/e","n/e"
"23.01.2020 01:00 - 23.01.2020 02:00","0","n/e","n/e","219","n/e","n/e","707","n/e","n/e"
"23.01.2020 02:00 - 23.01.2020 03:00","0","n/e","n/e","229","n/e","n/e","814","n/e","n/e"
"23.01.2020 03:00 - 23.01.2020 04:00","0","n/e","n/e","333","n/e","n/e","867","n/e","n/e"
"23.01.2020 04:00 - 23.01.2020 05:00","0","n/e","n/e","448","n/e","n/e","933","n/e","n/e"
"23.01.2020 05:00 - 23.01.2020 06:00","0","n/e","n/e","564","n/e","n/e","920","n/e","n/e"
"23.01.2020 06:00 - 23.01.2020 07:00","0","n/e","n/e","730","n/e","n/e","943","n/e","n/e"
"23.01.2020 07:00 - 23.01.2020 08:00","0","n/e","n/e","719","n/e","n/e","991","n/e","n/e"
"23.01.2020 08:00 - 23.01.2020 09:00","1","n/e","n/e","721","n/e","n/e","992","n/e","n/e"
"23.01.2020 09:00 - 23.01.2020 10:00","16","n/e","n/e","773","n/e","n/e","1052","n/e","n/e"
"23.01.2020 10:00 - 23.01.2020 11:00","45","n/e","n/e","807","n/e","n/e","1120","n/e","n/e"
"23.01.2020 11:00 - 23.01.2020 12:00","67","n/e","n/e","829","n/e","n/e","1248","n/e","n/e"
"23.01.2020 12:00 - 23.01.2020 13:00","67","n/e","n/e","848","n/e","n/e","1357","n/e","n/e"
"23.01.2020 13:00 - 23.01.2020 14:00","52","n/e","n/e","870","n/e","n/e","1436","n/e","n/e"
"23.01.2020 14:00 - 23.01.2020 15:00","32","n/e","n/e","889","n/e","n/e","1521","n/e","n/e"
"23.01.2020 15:00 - 23.01.2020 16:00","18","n/e","n/e","898","n/e","n/e","1568","n/e","n/e"
"23.01.2020 16:00 - 23.01.2020 17:00","1","n/e","n/e","907","n/e","n/e","1609","n/e","n/e"
"23.01.2020 17:00 - 23.01.2020 18:00","0","n/e","n/e","901","n/e","n/e","1612","n/e","n/e"
"23.01.2020 18:00 - 23.01.2020 19:00","0","n/e","n/e","911","n/e","n/e","1635","n/e","n/e"
"23.01.2020 19:00 - 23.01.2020 20:00","0","n/e","n/e","921","n/e","n/e","1652","n/e","n/e"
"23.01.2020 20:00 - 23.01.2020 21:00","0","n/e","n/e","924","n/e","n/e","1731","n/e","n/e"
"23.01.2020 21:00 - 23.01.2020 22:00","0","n/e","n/e","920","n/e","n/e","1706","n/e","n/e"
"23.01.2020 22:00 - 23.01.2020 23:00","0","n/e","n/e","907","n/e","n/e","1617","n/e","n/e"
"23.01.2020 23:00 - 24.01.2020 00:00","0","n/e","n/e","879","n/e","n/e","1558","n/e","n/e"
"24.01.2020 00:00 - 24.01.2020 01:00","0","n/e","n/e","958","n/e","n/e","1515","n/e","n/e"
"24.01.2020 01:00 - 24.01.2020 02:00","0","n/e","n/e","795","n/e","n/e","1430","n/e","n/e"
"24.01.2020 02:00 - 24.01.2020 03:00","0","n/e","n/e","792","n/e","n/e","1479","n/e","n/e"
"24.01.2020 03:00 - 24.01.2020 04:00","0","n/e","n/e","767","n/e","n/e","1463","n/e","n/e"
"24.01.2020 04:00 - 24.01.2020 05:00","0","n/e","n/e","827","n/e","n/e","1387","n/e","n/e"
"24.01.2020 05:00 - 24.01.2020 06:00","0","n/e","n/e","853","n/e","n/e","1371","n/e","n/e"
"24.01.2020 06:00 - 24.01.2020 07:00","0","n/e","n/e","816","n/e","n/e","1328","n/e","n/e"
"24.01.2020 07:00 - 24.01.2020 08:00","0","n/e","n/e","825","n/e","n/e","1345","n/e","n/e"
"24.01.2020 08:00 - 24.01.2020 09:00","0","n/e","n/e","849","n/e","n/e","1325","n/e","n/e"
"24.01.2020 09:00 - 24.01.2020 10:00","7","n/e","n/e","929","n/e","n/e","1346","n/e","n/e"
"24.01.2020 10:00 - 24.01.2020 11:00","23","n/e","n/e","948","n/e","n/e","1325","n/e","n/e"
"24.01.2020 11:00 - 24.01.2020 12:00","43","n/e","n/e","942","n/e","n/e","1308","n/e","n/e"
"24.01.2020 12:00 - 24.01.2020 13:00","60","n/e","n/e","913","n/e","n/e","1264","n/e","n/e"
"24.01.2020 13:00 - 24.01.2020 14:00","63","n/e","n/e","859","n/e","n/e","1223","n/e","n/e"
"24.01.2020 14:00 - 24.01.2020 15:00","48","n/e","n/e","776","n/e","n/e","1160","n/e","n/e"
"24.01.2020 15:00 - 24.01.2020 16:00","22","n/e","n/e","678","n/e","n/e","1074","n/e","n/e"
"24.01.2020 16:00 - 24.01.2020 17:00","2","n/e","n/e","584","n/e","n/e","1017","n/e","n/e"
"24.01.2020 17:00 - 24.01.2020 18:00","0","n/e","n/e","512","n/e","n/e","967","n/e","n/e"
"24.01.2020 18:00 - 24.01.2020 19:00","0","n/e","n/e","471","n/e","n/e","955","n/e","n/e"
"24.01.2020 19:00 - 24.01.2020 20:00","0","n/e","n/e","459","n/e","n/e","948","n/e","n/e"
"24.01.2020 20:00 - 24.01.2020 21:00","0","n/e","n/e","461","n/e","n/e","944","n/e","n/e"
"24.01.2020 21:00 - 24.01.2020 22:00","0","n/e","n/e","466","n/e","n/e","929","n/e","n/e"
"24.01.2020 22:00 - 24.01.2020 23:00","0","n/e","n/e","471","n/e","n/e","912","n/e","n/e"
"24.01.2020 23:00 - 25.01.2020 00:00","0","n/e","n/e","471","n/e","n/e","931","n/e","n/e"
"25.01.2020 00:00 - 25.01.2020 01:00","0","n/e","n/e","530","n/e","n/e","1075","n/e","n/e"
"25.01.2020 01:00 - 25.01.2020 02:00","0","n/e","n/e","513","n/e","n/e","1049","n/e","n/e"
"25.01.2020 02:00 - 25.01.2020 03:00","0","n/e","n/e","468","n/e","n/e","1045","n/e","n/e"
"25.01.2020 03:00 - 25.01.2020 04:00","0","n/e","n/e","459","n/e","n/e","963","n/e","n/e"
"25.01.2020 04:00 - 25.01.2020 05:00","0","n/e","n/e","478","n/e","n/e","902","n/e","n/e"
"25.01.2020 05:00 - 25.01.2020 06:00","0","n/e","n/e","434","n/e","n/e","804","n/e","n/e"
"25.01.2020 06:00 - 25.01.2020 07:00","0","n/e","n/e","395","n/e","n/e","673","n/e","n/e"
"25.01.2020 07:00 - 25.01.2020 08:00","0","n/e","n/e","515","n/e","n/e","587","n/e","n/e"
"25.01.2020 08:00 - 25.01.2020 09:00","2","n/e","n/e","540","n/e","n/e","524","n/e","n/e"
"25.01.2020 09:00 - 25.01.2020 10:00","21","n/e","n/e","530","n/e","n/e","494","n/e","n/e"
"25.01.2020 10:00 - 25.01.2020 11:00","54","n/e","n/e","499","n/e","n/e","490","n/e","n/e"
"25.01.2020 11:00 - 25.01.2020 12:00","84","n/e","n/e","525","n/e","n/e","550","n/e","n/e"
"25.01.2020 12:00 - 25.01.2020 13:00","79","n/e","n/e","533","n/e","n/e","625","n/e","n/e"
"25.01.2020 13:00 - 25.01.2020 14:00","50","n/e","n/e","532","n/e","n/e","693","n/e","n/e"
"25.01.2020 14:00 - 25.01.2020 15:00","24","n/e","n/e","558","n/e","n/e","772","n/e","n/e"
"25.01.2020 15:00 - 25.01.2020 16:00","8","n/e","n/e","602","n/e","n/e","849","n/e","n/e"
"25.01.2020 16:00 - 25.01.2020 17:00","1","n/e","n/e","655","n/e","n/e","930","n/e","n/e"
"25.01.2020 17:00 - 25.01.2020 18:00","0","n/e","n/e","686","n/e","n/e","974","n/e","n/e"
"25.01.2020 18:00 - 25.01.2020 19:00","0","n/e","n/e","725","n/e","n/e","1030","n/e","n/e"
"25.01.2020 19:00 - 25.01.2020 20:00","0","n/e","n/e","767","n/e","n/e","1064","n/e","n/e"
"25.01.2020 20:00 - 25.01.2020 21:00","0","n/e","n/e","804","n/e","n/e","1147","n/e","n/e"
"25.01.2020 21:00 - 25.01.2020 22:00","0","n/e","n/e","830","n/e","n/e","1187","n/e","n/e"
"25.01.2020 22:00 - 25.01.2020 23:00","0","n/e","n/e","848","n/e","n/e","1219","n/e","n/e"
"25.01.2020 23:00 - 26.01.2020 00:00","0","n/e","n/e","845","n/e","n/e","1251","n/e","n/e"
"26.01.2020 00:00 - 26.01.2020 01:00","0","n/e","n/e","807","n/e","n/e","1561","n/e","n/e"
"26.01.2020 01:00 - 26.01.2020 02:00","0","n/e","n/e","892","n/e","n/e","1507","n/e","n/e"
"26.01.2020 02:00 - 26.01.2020 03:00","0","n/e","n/e","582","n/e","n/e","1284","n/e","n/e"
"26.01.2020 03:00 - 26.01.2020 04:00","0","n/e","n/e","629","n/e","n/e","1184","n/e","n/e"
"26.01.2020 04:00 - 26.01.2020 05:00","0","n/e","n/e","698","n/e","n/e","1079","n/e","n/e"
"26.01.2020 05:00 - 26.01.2020 06:00","0","n/e","n/e","570","n/e","n/e","1018","n/e","n/e"
"26.01.2020 06:00 - 26.01.2020 07:00","0","n/e","n/e","458","n/e","n/e","927","n/e","n/e"
"26.01.2020 07:00 - 26.01.2020 08:00","0","n/e","n/e","526","n/e","n/e","811","n/e","n/e"
"26.01.2020 08:00 - 26.01.2020 09:00","1","n/e","n/e","587","n/e","n/e","783","n/e","n/e"
"26.01.2020 09:00 - 26.01.2020 10:00","14","n/e","n/e","616","n/e","n/e","829","n/e","n/e"
"26.01.2020 10:00 - 26.01.2020 11:00","36","n/e","n/e","710","n/e","n/e","930","n/e","n/e"
"26.01.2020 11:00 - 26.01.2020 12:00","53","n/e","n/e","901","n/e","n/e","1097","n/e","n/e"
"26.01.2020 12:00 - 26.01.2020 13:00","51","n/e","n/e","931","n/e","n/e","1211","n/e","n/e"
"26.01.2020 13:00 - 26.01.2020 14:00","41","n/e","n/e","946","n/e","n/e","1249","n/e","n/e"
"26.01.2020 14:00 - 26.01.2020 15:00","30","n/e","n/e","942","n/e","n/e","1271","n/e","n/e"
"26.01.2020 15:00 - 26.01.2020 16:00","12","n/e","n/e","942","n/e","n/e","1288","n/e","n/e"
"26.01.2020 16:00 - 26.01.2020 17:00","1","n/e","n/e","946","n/e","n/e","1329","n/e","n/e"
"26.01.2020 17:00 - 26.01.2020 18:00","0","n/e","n/e","955","n/e","n/e","1363","n/e","n/e"
"26.01.2020 18:00 - 26.01.2020 19:00","0","n/e","n/e","971","n/e","n/e","1412","n/e","n/e"
"26.01.2020 19:00 - 26.01.2020 20:00","0","n/e","n/e","977","n/e","n/e","1400","n/e","n/e"
"26.01.2020 20:00 - 26.01.2020 21:00","0","n/e","n/e","974","n/e","n/e","1414","n/e","n/e"
"26.01.2020 21:00 - 26.01.2020 22:00","0","n/e","n/e","965","n/e","n/e","1358","n/e","n/e"
"26.01.2020 22:00 - 26.01.2020 23:00","0","n/e","n/e","945","n/e","n/e","1315","n/e","n/e"
"26.01.2020 23:00 - 27.01.2020 00:00","0","n/e","n/e","938","n/e","n/e","1323","n/e","n/e"
"27.01.2020 00:00 - 27.01.2020 01:00","0","n/e","n/e","926","n/e","n/e","1132","n/e","n/e"
"27.01.2020 01:00 - 27.01.2020 02:00","0","n/e","n/e","903","n/e","n/e","1173","n/e","n/e"
"27.01.2020 02:00 - 27.01.2020 03:00","0","n/e","n/e","900","n/e","n/e","1310","n/e","n/e"
"27.01.2020 03:00 - 27.01.2020 04:00","0","n/e","n/e","1033","n/e","n/e","1366","n/e","n/e"
"27.01.2020 04:00 - 27.01.2020 05:00","0","n/e","n/e","1011","n/e","n/e","1502","n/e","n/e"
"27.01.2020 05:00 - 27.01.2020 06:00","0","n/e","n/e","1077","n/e","n/e","1563","n/e","n/e"
"27.01.2020 06:00 - 27.01.2020 07:00","0","n/e","n/e","1097","n/e","n/e","1683","n/e","n/e"
"27.01.2020 07:00 - 27.01.2020 08:00","0","n/e","n/e","1114","n/e","n/e","1794","n/e","n/e"
"27.01.2020 08:00 - 27.01.2020 09:00","1","n/e","n/e","1068","n/e","n/e","1851","n/e","n/e"
"27.01.2020 09:00 - 27.01.2020 10:00","10","n/e","n/e","970","n/e","n/e","1761","n/e","n/e"
"27.01.2020 10:00 - 27.01.2020 11:00","26","n/e","n/e","939","n/e","n/e","1628","n/e","n/e"
"27.01.2020 11:00 - 27.01.2020 12:00","46","n/e","n/e","994","n/e","n/e","1505","n/e","n/e"
"27.01.2020 12:00 - 27.01.2020 13:00","60","n/e","n/e","1005","n/e","n/e","1381","n/e","n/e"
"27.01.2020 13:00 - 27.01.2020 14:00","55","n/e","n/e","976","n/e","n/e","1341","n/e","n/e"
"27.01.2020 14:00 - 27.01.2020 15:00","34","n/e","n/e","901","n/e","n/e","1335","n/e","n/e"
"27.01.2020 15:00 - 27.01.2020 16:00","15","n/e","n/e","823","n/e","n/e","1288","n/e","n/e"
"27.01.2020 16:00 - 27.01.2020 17:00","2","n/e","n/e","752","n/e","n/e","1204","n/e","n/e"
"27.01.2020 17:00 - 27.01.2020 18:00","0","n/e","n/e","689","n/e","n/e","1042","n/e","n/e"
"27.01.2020 18:00 - 27.01.2020 19:00","0","n/e","n/e","650","n/e","n/e","893","n/e","n/e"
"27.01.2020 19:00 - 27.01.2020 20:00","0","n/e","n/e","608","n/e","n/e","751","n/e","n/e"
"27.01.2020 20:00 - 27.01.2020 21:00","0","n/e","n/e","553","n/e","n/e","612","n/e","n/e"
"27.01.2020 21:00 - 27.01.2020 22:00","0","n/e","n/e","460","n/e","n/e","488","n/e","n/e"
"27.01.2020 22:00 - 27.01.2020 23:00","0","n/e","n/e","358","n/e","n/e","394","n/e","n/e"
"27.01.2020 23:00 - 28.01.2020 00:00","0","n/e","n/e","298","n/e","n/e","342","n/e","n/e"
"28.01.2020 00:00 - 28.01.2020 01:00","0","n/e","n/e","389","n/e","n/e","339","n/e","n/e"
"28.01.2020 01:00 - 28.01.2020 02:00","0","n/e","n/e","431","n/e","n/e","289","n/e","n/e"
"28.01.2020 02:00 - 28.01.2020 03:00","0","n/e","n/e","548","n/e","n/e","285","n/e","n/e"
"28.01.2020 03:00 - 28.01.2020 04:00","0","n/e","n/e","655","n/e","n/e","381","n/e","n/e"
"28.01.2020 04:00 - 28.01.2020 05:00","0","n/e","n/e","773","n/e","n/e","566","n/e","n/e"
"28.01.2020 05:00 - 28.01.2020 06:00","0","n/e","n/e","829","n/e","n/e","776","n/e","n/e"
"28.01.2020 06:00 - 28.01.2020 07:00","0","n/e","n/e","893","n/e","n/e","875","n/e","n/e"
"28.01.2020 07:00 - 28.01.2020 08:00","0","n/e","n/e","906","n/e","n/e","1184","n/e","n/e"
"28.01.2020 08:00 - 28.01.2020 09:00","1","n/e","n/e","841","n/e","n/e","1332","n/e","n/e"
"28.01.2020 09:00 - 28.01.2020 10:00","11","n/e","n/e","860","n/e","n/e","1366","n/e","n/e"
"28.01.2020 10:00 - 28.01.2020 11:00","32","n/e","n/e","890","n/e","n/e","1340","n/e","n/e"
"28.01.2020 11:00 - 28.01.2020 12:00","56","n/e","n/e","921","n/e","n/e","1309","n/e","n/e"
"28.01.2020 12:00 - 28.01.2020 13:00","56","n/e","n/e","924","n/e","n/e","1289","n/e","n/e"
"28.01.2020 13:00 - 28.01.2020 14:00","51","n/e","n/e","895","n/e","n/e","1241","n/e","n/e"
"28.01.2020 14:00 - 28.01.2020 15:00","43","n/e","n/e","857","n/e","n/e","1196","n/e","n/e"
"28.01.2020 15:00 - 28.01.2020 16:00","20","n/e","n/e","824","n/e","n/e","1142","n/e","n/e"
"28.01.2020 16:00 - 28.01.2020 17:00","2","n/e","n/e","813","n/e","n/e","1126","n/e","n/e"
"28.01.2020 17:00 - 28.01.2020 18:00","0","n/e","n/e","824","n/e","n/e","1064","n/e","n/e"
"28.01.2020 18:00 - 28.01.2020 19:00","0","n/e","n/e","855","n/e","n/e","1052","n/e","n/e"
"28.01.2020 19:00 - 28.01.2020 20:00","0","n/e","n/e","894","n/e","n/e","1066","n/e","n/e"
"28.01.2020 20:00 - 28.01.2020 21:00","0","n/e","n/e","921","n/e","n/e","1125","n/e","n/e"
"28.01.2020 21:00 - 28.01.2020 22:00","0","n/e","n/e","934","n/e","n/e","1195","n/e","n/e"
"28.01.2020 22:00 - 28.01.2020 23:00","0","n/e","n/e","931","n/e","n/e","1296","n/e","n/e"
"28.01.2020 23:00 - 29.01.2020 00:00","0","n/e","n/e","918","n/e","n/e","1508","n/e","n/e"
"29.01.2020 00:00 - 29.01.2020 01:00","0","n/e","n/e","1015","n/e","n/e","1707","n/e","n/e"
"29.01.2020 01:00 - 29.01.2020 02:00","0","n/e","n/e","1000","n/e","n/e","1741","n/e","n/e"
"29.01.2020 02:00 - 29.01.2020 03:00","0","n/e","n/e","974","n/e","n/e","1708","n/e","n/e"
"29.01.2020 03:00 - 29.01.2020 04:00","0","n/e","n/e","950","n/e","n/e","1656","n/e","n/e"
"29.01.2020 04:00 - 29.01.2020 05:00","0","n/e","n/e","962","n/e","n/e","1542","n/e","n/e"
"29.01.2020 05:00 - 29.01.2020 06:00","0","n/e","n/e","846","n/e","n/e","1350","n/e","n/e"
"29.01.2020 06:00 - 29.01.2020 07:00","0","n/e","n/e","806","n/e","n/e","1200","n/e","n/e"
"29.01.2020 07:00 - 29.01.2020 08:00","0","n/e","n/e","771","n/e","n/e","1142","n/e","n/e"
"29.01.2020 08:00 - 29.01.2020 09:00","4","n/e","n/e","761","n/e","n/e","1143","n/e","n/e"
"29.01.2020 09:00 - 29.01.2020 10:00","31","n/e","n/e","810","n/e","n/e","1225","n/e","n/e"
"29.01.2020 10:00 - 29.01.2020 11:00","82","n/e","n/e","839","n/e","n/e","1289","n/e","n/e"
"29.01.2020 11:00 - 29.01.2020 12:00","124","n/e","n/e","889","n/e","n/e","1392","n/e","n/e"
"29.01.2020 12:00 - 29.01.2020 13:00","138","n/e","n/e","942","n/e","n/e","1524","n/e","n/e"
"29.01.2020 13:00 - 29.01.2020 14:00","128","n/e","n/e","978","n/e","n/e","1650","n/e","n/e"
"29.01.2020 14:00 - 29.01.2020 15:00","93","n/e","n/e","996","n/e","n/e","1751","n/e","n/e"
"29.01.2020 15:00 - 29.01.2020 16:00","45","n/e","n/e","1005","n/e","n/e","1756","n/e","n/e"
"29.01.2020 16:00 - 29.01.2020 17:00","5","n/e","n/e","1020","n/e","n/e","1821","n/e","n/e"
"29.01.2020 17:00 - 29.01.2020 18:00","0","n/e","n/e","1024","n/e","n/e","1918","n/e","n/e"
"29.01.2020 18:00 - 29.01.2020 19:00","0","n/e","n/e","1023","n/e","n/e","2023","n/e","n/e"
"29.01.2020 19:00 - 29.01.2020 20:00","0","n/e","n/e","1036","n/e","n/e","2034","n/e","n/e"
"29.01.2020 20:00 - 29.01.2020 21:00","0","n/e","n/e","1056","n/e","n/e","2060","n/e","n/e"
"29.01.2020 21:00 - 29.01.2020 22:00","0","n/e","n/e","1063","n/e","n/e","1959","n/e","n/e"
"29.01.2020 22:00 - 29.01.2020 23:00","0","n/e","n/e","1051","n/e","n/e","1762","n/e","n/e"
"29.01.2020 23:00 - 30.01.2020 00:00","0","n/e","n/e","1005","n/e","n/e","1583","n/e","n/e"
"30.01.2020 00:00 - 30.01.2020 01:00","0","n/e","n/e","1060","n/e","n/e","1389","n/e","n/e"
"30.01.2020 01:00 - 30.01.2020 02:00","0","N/A","","997","N/A","","1210","N/A",""
"30.01.2020 02:00 - 30.01.2020 03:00","0","N/A","","942","N/A","","1349","N/A",""
"30.01.2020 03:00 - 30.01.2020 04:00","0","N/A","","1005","N/A","","1291","N/A",""
"30.01.2020 04:00 - 30.01.2020 05:00","0","N/A","","986","N/A","","1347","N/A",""
"30.01.2020 05:00 - 30.01.2020 06:00","0","N/A","","856","N/A","","1103","N/A",""
"30.01.2020 06:00 - 30.01.2020 07:00","0","N/A","","794","N/A","","1144","N/A",""
"30.01.2020 07:00 - 30.01.2020 08:00","0","N/A","","781","N/A","","1283","N/A",""
"30.01.2020 08:00 - 30.01.2020 09:00","3","N/A","","788","N/A","","986","N/A",""
"30.01.2020 09:00 - 30.01.2020 10:00","25","N/A","","770","N/A","","1155","N/A",""
"30.01.2020 10:00 - 30.01.2020 11:00","58","N/A","","756","N/A","","1047","N/A",""
"30.01.2020 11:00 - 30.01.2020 12:00","70","N/A","","743","N/A","","955","N/A",""
"30.01.2020 12:00 - 30.01.2020 13:00","64","N/A","","728","N/A","","913","N/A",""
"30.01.2020 13:00 - 30.01.2020 14:00","49","N/A","","711","N/A","","934","N/A",""
"30.01.2020 14:00 - 30.01.2020 15:00","25","N/A","","698","N/A","","1005","N/A",""
"30.01.2020 15:00 - 30.01.2020 16:00","11","N/A","","690","N/A","","1078","N/A",""
"30.01.2020 16:00 - 30.01.2020 17:00","1","N/A","","704","N/A","","1206","N/A",""
"30.01.2020 17:00 - 30.01.2020 18:00","0","N/A","","769","N/A","","1348","N/A",""
"30.01.2020 18:00 - 30.01.2020 19:00","0","N/A","","887","N/A","","1523","N/A",""
"30.01.2020 19:00 - 30.01.2020 20:00","0","N/A","","998","N/A","","1670","N/A",""
"30.01.2020 20:00 - 30.01.2020 21:00","0","N/A","","1053","N/A","","1970","N/A",""
"30.01.2020 21:00 - 30.01.2020 22:00","0","N/A","","1074","N/A","","2219","N/A",""
"30.01.2020 22:00 - 30.01.2020 23:00","0","N/A","","1083","N/A","","2312","N/A",""
"30.01.2020 23:00 - 31.01.2020 00:00","0","N/A","","1089","N/A","","2412","N/A",""
"31.01.2020 00:00 - 31.01.2020 01:00","0","N/A","","730","N/A","","2894","N/A",""
"31.01.2020 01:00 - 31.01.2020 02:00","0","N/A","","1035","N/A","","2892","N/A",""
"31.01.2020 02:00 - 31.01.2020 03:00","0","N/A","","838","N/A","","3006","N/A",""
"31.01.2020 03:00 - 31.01.2020 04:00","0","N/A","","882","N/A","","2922","N/A",""
"31.01.2020 04:00 - 31.01.2020 05:00","0","N/A","","1102","N/A","","2739","N/A",""
"31.01.2020 05:00 - 31.01.2020 06:00","0","N/A","","1104","N/A","","2492","N/A",""
"31.01.2020 06:00 - 31.01.2020 07:00","0","N/A","","1102","N/A","","2371","N/A",""
"31.01.2020 07:00 - 31.01.2020 08:00","0","N/A","","1054","N/A","","2416","N/A",""
"31.01.2020 08:00 - 31.01.2020 09:00","5","N/A","","974","N/A","","2156","N/A",""
"31.01.2020 09:00 - 31.01.2020 10:00","36","N/A","","988","N/A","","1888","N/A",""
"31.01.2020 10:00 - 31.01.2020 11:00","68","N/A","49","1034","N/A","776","1786","N/A","1879"
"31.01.2020 11:00 - 31.01.2020 12:00","67","N/A","43","1013","N/A","986","1732","N/A","1862"
"31.01.2020 12:00 - 31.01.2020 13:00","39","N/A","48","988","N/A","895","1593","N/A","1681"
"31.01.2020 13:00 - 31.01.2020 14:00","28","N/A","40","973","N/A","842","1420","N/A","1425"
"31.01.2020 14:00 - 31.01.2020 15:00","20","N/A","33","948","N/A","838","1323","N/A","1224"
"31.01.2020 15:00 - 31.01.2020 16:00","9","N/A","12","945","N/A","777","1301","N/A","1182"
"31.01.2020 16:00 - 31.01.2020 17:00","1","N/A","2","950","N/A","854","1369","N/A","1036"
"31.01.2020 17:00 - 31.01.2020 18:00","0","N/A","0","962","N/A","900","1424","N/A","1282"
"31.01.2020 18:00 - 31.01.2020 19:00","0","N/A","0","985","N/A","904","1541","N/A","1389"
"31.01.2020 19:00 - 31.01.2020 20:00","0","N/A","0","1017","N/A","948","1661","N/A","1299"
"31.01.2020 20:00 - 31.01.2020 21:00","0","N/A","0","1051","N/A","960","1790","N/A","1584"
"31.01.2020 21:00 - 31.01.2020 22:00","0","N/A","0","1078","N/A","970","1858","N/A","1373"
"31.01.2020 22:00 - 31.01.2020 23:00","0","N/A","0","1096","N/A","832","1879","N/A","1449"
"31.01.2020 23:00 - 01.02.2020 00:00","0","N/A","0","1107","N/A","957","2012","N/A","1655"
"01.02.2020 00:00 - 01.02.2020 01:00","0","N/A","0","1048","N/A","942","2212","N/A","2287"
"01.02.2020 01:00 - 01.02.2020 02:00","0","N/A","0","1037","N/A","1103","2242","N/A","2282"
"01.02.2020 02:00 - 01.02.2020 03:00","0","N/A","0","1051","N/A","1032","2349","N/A","2452"
"01.02.2020 03:00 - 01.02.2020 04:00","0","N/A","0","1046","N/A","429","2406","N/A","2539"
"01.02.2020 04:00 - 01.02.2020 05:00","0","N/A","0","1036","N/A","428","2510","N/A","2407"
"01.02.2020 05:00 - 01.02.2020 06:00","0","N/A","0","1061","N/A","479","2558","N/A","2446"
"01.02.2020 06:00 - 01.02.2020 07:00","0","N/A","0","1075","N/A","525","2518","N/A","2332"
"01.02.2020 07:00 - 01.02.2020 08:00","0","N/A","0","1096","N/A","934","2533","N/A","2648"
"01.02.2020 08:00 - 01.02.2020 09:00","2","2","2","1067","996","991","2482","2663","2663"
"01.02.2020 09:00 - 01.02.2020 10:00","16","17","15","1054","998","951","2532","2630","2692"
"01.02.2020 10:00 - 01.02.2020 11:00","41","51","65","1053","992","965","2553","2619","2600"
"01.02.2020 11:00 - 01.02.2020 12:00","79","79","81","1051","1017","990","2627","2670","2722"
"01.02.2020 12:00 - 01.02.2020 13:00","116","80","65","1049","1041","990","2673","2713","2569"
"01.02.2020 13:00 - 01.02.2020 14:00","108","84","91","1031","1028","951","2680","2742","2589"
"01.02.2020 14:00 - 01.02.2020 15:00","83","78","73","1023","1031","903","2714","2782","2710"
"01.02.2020 15:00 - 01.02.2020 16:00","43","41","36","1066","1050","965","2658","2766","2800"
"01.02.2020 16:00 - 01.02.2020 17:00","8","6","7","1105","1067","978","2723","2835","2954"
"01.02.2020 17:00 - 01.02.2020 18:00","0","0","0","1107","1072","951","2744","2817","2986"
"01.02.2020 18:00 - 01.02.2020 19:00","0","0","0","1075","1050","928","2764","2841","2923"
"01.02.2020 19:00 - 01.02.2020 20:00","0","0","0","1090","1055","949","2793","2843","3146"
"01.02.2020 20:00 - 01.02.2020 21:00","0","0","0","1080","1062","977","2832","2832","3003"
"01.02.2020 21:00 - 01.02.2020 22:00","0","0","0","1077","1063","896","2763","2746","2947"
"01.02.2020 22:00 - 01.02.2020 23:00","0","0","0","1076","1068","313","2729","2611","2977"
"01.02.2020 23:00 - 02.02.2020 00:00","0","0","0","1070","1072","331","2758","2618","2837"
"02.02.2020 00:00 - 02.02.2020 01:00","0","N/A","0","1005","N/A","282","2767","N/A","2787"
"02.02.2020 01:00 - 02.02.2020 02:00","0","N/A","0","1010","N/A","311","2606","N/A","2792"
"02.02.2020 02:00 - 02.02.2020 03:00","0","N/A","0","1044","N/A","328","2599","N/A","2775"
"02.02.2020 03:00 - 02.02.2020 04:00","0","N/A","0","1059","N/A","313","2515","N/A","2498"
"02.02.2020 04:00 - 02.02.2020 05:00","0","N/A","0","1063","N/A","303","2670","N/A","2389"
"02.02.2020 05:00 - 02.02.2020 06:00","0","N/A","0","1069","N/A","322","2556","N/A","2148"
"02.02.2020 06:00 - 02.02.2020 07:00","0","N/A","0","1075","N/A","277","2334","N/A","1857"
"02.02.2020 07:00 - 02.02.2020 08:00","0","N/A","0","1054","N/A","240","2222","N/A","1894"
"02.02.2020 08:00 - 02.02.2020 09:00","10","10","10","965","847","860","2003","1728","1728"
"02.02.2020 09:00 - 02.02.2020 10:00","60","62","60","840","733","694","1842","1557","1571"
"02.02.2020 10:00 - 02.02.2020 11:00","116","126","113","736","615","613","1654","1443","1490"
"02.02.2020 11:00 - 02.02.2020 12:00","159","170","193","658","553","589","1495","1377","1461"
"02.02.2020 12:00 - 02.02.2020 13:00","162","171","189","602","515","570","1454","1298","1455"
"02.02.2020 13:00 - 02.02.2020 14:00","134","150","170","511","450","482","1360","1156","1328"
"02.02.2020 14:00 - 02.02.2020 15:00","96","106","110","425","425","449","1185","984","1141"
"02.02.2020 15:00 - 02.02.2020 16:00","47","55","64","421","411","451","933","811","969"
"02.02.2020 16:00 - 02.02.2020 17:00","10","11","11","427","391","443","775","685","859"
"02.02.2020 17:00 - 02.02.2020 18:00","0","0","0","387","370","393","679","588","767"
"02.02.2020 18:00 - 02.02.2020 19:00","0","0","0","347","355","428","627","543","726"
"02.02.2020 19:00 - 02.02.2020 20:00","0","0","0","333","325","410","564","501","647"
"02.02.2020 20:00 - 02.02.2020 21:00","0","0","0","315","302","405","482","428","596"
"02.02.2020 21:00 - 02.02.2020 22:00","0","0","0","292","343","402","407","363","472"
"02.02.2020 22:00 - 02.02.2020 23:00","0","0","0","263","353","383","343","296","450"
"02.02.2020 23:00 - 03.02.2020 00:00","0","0","0","257","324","445","290","251","361"
"03.02.2020 00:00 - 03.02.2020 01:00","0","N/A","0","345","N/A","395","332","N/A","356"
"03.02.2020 01:00 - 03.02.2020 02:00","0","N/A","0","315","N/A","361","280","N/A","283"
"03.02.2020 02:00 - 03.02.2020 03:00","0","N/A","0","279","N/A","278","235","N/A","246"
"03.02.2020 03:00 - 03.02.2020 04:00","0","N/A","0","254","N/A","297","202","N/A","192"
"03.02.2020 04:00 - 03.02.2020 05:00","0","N/A","0","190","N/A","145","185","N/A","131"
"03.02.2020 05:00 - 03.02.2020 06:00","0","N/A","0","154","N/A","63","173","N/A","142"
"03.02.2020 06:00 - 03.02.2020 07:00","0","N/A","0","143","N/A","25","184","N/A","169"
"03.02.2020 07:00 - 03.02.2020 08:00","0","N/A","0","157","N/A","67","209","N/A","173"
"03.02.2020 08:00 - 03.02.2020 09:00","3","4","4","197","143","141","233","176","176"
"03.02.2020 09:00 - 03.02.2020 10:00","22","22","15","256","215","364","274","219","139"
"03.02.2020 10:00 - 03.02.2020 11:00","52","47","36","368","321","408","341","277","146"
"03.02.2020 11:00 - 03.02.2020 12:00","74","68","51","492","475","517","431","420","245"
"03.02.2020 12:00 - 03.02.2020 13:00","76","58","46","636","664","540","578","607","341"
"03.02.2020 13:00 - 03.02.2020 14:00","68","35","40","744","739","589","840","899","556"
"03.02.2020 14:00 - 03.02.2020 15:00","34","27","39","814","771","656","1326","1400","913"
"03.02.2020 15:00 - 03.02.2020 16:00","13","25","31","910","818","705","1726","1826","1208"
"03.02.2020 16:00 - 03.02.2020 17:00","3","8","8","982","876","717","1994","2085","1041"
"03.02.2020 17:00 - 03.02.2020 18:00","0","0","0","1012","922","707","2076","2154","1379"
"03.02.2020 18:00 - 03.02.2020 19:00","0","0","0","972","981","835","2068","2210","1600"
"03.02.2020 19:00 - 03.02.2020 20:00","0","0","0","1054","1015","925","2069","2260","1581"
"03.02.2020 20:00 - 03.02.2020 21:00","0","0","0","1055","1050","944","2122","2329","1635"
"03.02.2020 21:00 - 03.02.2020 22:00","0","0","0","1022","1059","956","2118","2328","1519"
"03.02.2020 22:00 - 03.02.2020 23:00","0","0","0","994","1078","938","2108","2268","1549"
"03.02.2020 23:00 - 04.02.2020 00:00","0","0","0","1003","1068","962","2085","2293","1221"
"04.02.2020 00:00 - 04.02.2020 01:00","0","N/A","0","877","N/A","921","2053","N/A","1303"
"04.02.2020 01:00 - 04.02.2020 02:00","0","N/A","0","911","N/A","911","2016","N/A","975"
"04.02.2020 02:00 - 04.02.2020 03:00","0","N/A","0","868","N/A","927","2123","N/A","1088"
"04.02.2020 03:00 - 04.02.2020 04:00","0","N/A","0","797","N/A","912","2051","N/A","838"
"04.02.2020 04:00 - 04.02.2020 05:00","0","N/A","0","815","N/A","946","1914","N/A","786"
"04.02.2020 05:00 - 04.02.2020 06:00","0","N/A","0","748","N/A","965","1777","N/A","818"
"04.02.2020 06:00 - 04.02.2020 07:00","0","N/A","0","832","N/A","931","1664","N/A","665"
"04.02.2020 07:00 - 04.02.2020 08:00","0","N/A","0","902","N/A","870","1602","N/A","635"
"04.02.2020 08:00 - 04.02.2020 09:00","4","9","9","902","865","854","1514","661","661"
"04.02.2020 09:00 - 04.02.2020 10:00","21","49","43","902","848","797","1487","756","782"
"04.02.2020 10:00 - 04.02.2020 11:00","52","98","103","949","797","625","1374","926","867"
"04.02.2020 11:00 - 04.02.2020 12:00","97","146","185","861","806","745","1333","1151","1023"
"04.02.2020 12:00 - 04.02.2020 13:00","108","164","201","722","859","735","1269","1359","1196"
"04.02.2020 13:00 - 04.02.2020 14:00","99","153","164","606","830","761","1230","1531","1417"
"04.02.2020 14:00 - 04.02.2020 15:00","68","109","130","697","819","776","1213","1738","1758"
"04.02.2020 15:00 - 04.02.2020 16:00","37","61","74","738","956","973","1152","1823","1790"
"04.02.2020 16:00 - 04.02.2020 17:00","8","14","15","762","1023","944","1208","1955","1884"
"04.02.2020 17:00 - 04.02.2020 18:00","0","0","0","861","1058","1010","1313","1925","1966"
"04.02.2020 18:00 - 04.02.2020 19:00","0","0","0","945","1057","977","1386","1842","1773"
"04.02.2020 19:00 - 04.02.2020 20:00","0","0","0","860","999","917","1354","1687","1467"
"04.02.2020 20:00 - 04.02.2020 21:00","0","0","0","790","948","864","1202","1517","1381"
"04.02.2020 21:00 - 04.02.2020 22:00","0","0","0","816","872","871","1034","1394","1014"
"04.02.2020 22:00 - 04.02.2020 23:00","0","0","0","765","830","566","925","1214","739"
"04.02.2020 23:00 - 05.02.2020 00:00","0","0","0","638","729","495","831","980","652"
"05.02.2020 00:00 - 05.02.2020 01:00","0","N/A","0","620","N/A","227","803","N/A","550"
"05.02.2020 01:00 - 05.02.2020 02:00","0","N/A","0","493","N/A","358","645","N/A","351"
"05.02.2020 02:00 - 05.02.2020 03:00","0","N/A","0","336","N/A","298","578","N/A","364"
"05.02.2020 03:00 - 05.02.2020 04:00","0","N/A","0","213","N/A","109","550","N/A","335"
"05.02.2020 04:00 - 05.02.2020 05:00","0","N/A","0","210","N/A","161","556","N/A","454"
"05.02.2020 05:00 - 05.02.2020 06:00","0","N/A","0","246","N/A","239","596","N/A","606"
"05.02.2020 06:00 - 05.02.2020 07:00","0","N/A","0","305","N/A","431","657","N/A","718"
"05.02.2020 07:00 - 05.02.2020 08:00","0","N/A","0","315","N/A","414","722","N/A","842"
"05.02.2020 08:00 - 05.02.2020 09:00","16","16","16","371","460","460","711","856","856"
"05.02.2020 09:00 - 05.02.2020 10:00","81","81","81","429","388","422","752","888","973"
"05.02.2020 10:00 - 05.02.2020 11:00","151","149","150","479","450","555","826","997","817"
"05.02.2020 11:00 - 05.02.2020 12:00","201","206","259","513","540","543","1024","1236","936"
"05.02.2020 12:00 - 05.02.2020 13:00","212","226","281","645","699","647","1317","1550","1271"
"05.02.2020 13:00 - 05.02.2020 14:00","178","191","220","778","767","774","1586","1816","1742"
"05.02.2020 14:00 - 05.02.2020 15:00","120","121","110","909","913","912","1818","2035","1851"
"05.02.2020 15:00 - 05.02.2020 16:00","60","61","43","1031","1017","891","1933","2107","1858"
"05.02.2020 16:00 - 05.02.2020 17:00","12","11","8","1065","1040","945","2031","2177","2134"
"05.02.2020 17:00 - 05.02.2020 18:00","0","0","0","1061","1053","943","2037","2143","2221"
"05.02.2020 18:00 - 05.02.2020 19:00","0","0","0","1059","1057","967","2075","2167","2323"
"05.02.2020 19:00 - 05.02.2020 20:00","0","0","0","1052","1045","967","2150","2190","2367"
"05.02.2020 20:00 - 05.02.2020 21:00","0","0","0","1051","1057","975","2191","2212","2465"
"05.02.2020 21:00 - 05.02.2020 22:00","0","0","0","1042","1074","988","2198","2214","2304"
"05.02.2020 22:00 - 05.02.2020 23:00","0","0","0","1034","1071","975","2207","2163","2259"
"05.02.2020 23:00 - 06.02.2020 00:00","0","0","0","1015","1051","915","2196","2104","2180"
"06.02.2020 00:00 - 06.02.2020 01:00","0","N/A","0","930","N/A","930","2143","N/A","1900"
"06.02.2020 01:00 - 06.02.2020 02:00","0","N/A","0","927","N/A","900","2051","N/A","1675"
"06.02.2020 02:00 - 06.02.2020 03:00","0","N/A","0","941","N/A","916","2156","N/A","1804"
"06.02.2020 03:00 - 06.02.2020 04:00","0","N/A","0","963","N/A","883","2187","N/A","1614"
"06.02.2020 04:00 - 06.02.2020 05:00","0","N/A","0","981","N/A","836","2169","N/A","1546"
"06.02.2020 05:00 - 06.02.2020 06:00","0","N/A","0","964","N/A","794","2064","N/A","1616"
"06.02.2020 06:00 - 06.02.2020 07:00","0","N/A","0","922","N/A","799","1938","N/A","1719"
"06.02.2020 07:00 - 06.02.2020 08:00","0","N/A","0","910","N/A","918","1891","N/A","1610"
"06.02.2020 08:00 - 06.02.2020 09:00","12","15","15","911","916","922","1806","1817","1817"
"06.02.2020 09:00 - 06.02.2020 10:00","66","74","46","898","854","844","1802","2037","1839"
"06.02.2020 10:00 - 06.02.2020 11:00","129","145","87","889","821","836","1835","2042","1957"
"06.02.2020 11:00 - 06.02.2020 12:00","170","202","127","814","800","870","1919","2124","2182"
"06.02.2020 12:00 - 06.02.2020 13:00","193","200","121","779","813","794","1940","2176","2250"
"06.02.2020 13:00 - 06.02.2020 14:00","174","159","100","751","767","841","1932","2130","2163"
"06.02.2020 14:00 - 06.02.2020 15:00","132","109","79","721","732","792","1887","2050","2158"
"06.02.2020 15:00 - 06.02.2020 16:00","73","62","44","744","765","766","1662","1845","1873"
"06.02.2020 16:00 - 06.02.2020 17:00","20","17","10","769","783","898","1479","1629","1603"
"06.02.2020 17:00 - 06.02.2020 18:00","0","0","0","739","688","714","1264","1357","1256"
"06.02.2020 18:00 - 06.02.2020 19:00","0","0","0","665","597","681","1067","1139","1106"
"06.02.2020 19:00 - 06.02.2020 20:00","0","0","0","575","577","567","878","920","939"
"06.02.2020 20:00 - 06.02.2020 21:00","0","0","0","426","544","508","670","704","764"
"06.02.2020 21:00 - 06.02.2020 22:00","0","0","0","314","430","379","501","557","537"
"06.02.2020 22:00 - 06.02.2020 23:00","0","0","0","251","303","253","375","439","352"
"06.02.2020 23:00 - 07.02.2020 00:00","0","0","0","201","199","185","288","338","233"
"07.02.2020 00:00 - 07.02.2020 01:00","0","N/A","0","140","N/A","133","280","N/A","177"
"07.02.2020 01:00 - 07.02.2020 02:00","0","N/A","0","104","N/A","109","213","N/A","194"
"07.02.2020 02:00 - 07.02.2020 03:00","0","N/A","0","88","N/A","103","182","N/A","197"
"07.02.2020 03:00 - 07.02.2020 04:00","0","N/A","0","82","N/A","133","162","N/A","173"
"07.02.2020 04:00 - 07.02.2020 05:00","0","N/A","0","79","N/A","37","137","N/A","150"
"07.02.2020 05:00 - 07.02.2020 06:00","0","N/A","0","48","N/A","38","97","N/A","116"
"07.02.2020 06:00 - 07.02.2020 07:00","0","N/A","0","28","N/A","11","72","N/A","70"
"07.02.2020 07:00 - 07.02.2020 08:00","0","N/A","0","26","N/A","4","64","N/A","32"
"07.02.2020 08:00 - 07.02.2020 09:00","6","5","5","50","29","31","73","47","47"
"07.02.2020 09:00 - 07.02.2020 10:00","25","23","21","91","75","72","95","107","95"
"07.02.2020 10:00 - 07.02.2020 11:00","47","47","54","133","110","101","138","178","125"
"07.02.2020 11:00 - 07.02.2020 12:00","64","74","68","194","156","152","182","225","162"
"07.02.2020 12:00 - 07.02.2020 13:00","67","87","71","228","196","259","223","249","172"
"07.02.2020 13:00 - 07.02.2020 14:00","56","76","58","254","209","359","249","260","186"
"07.02.2020 14:00 - 07.02.2020 15:00","40","51","37","272","212","378","261","279","177"
"07.02.2020 15:00 - 07.02.2020 16:00","25","28","21","299","238","374","256","292","188"
"07.02.2020 16:00 - 07.02.2020 17:00","6","7","3","338","336","452","283","324","265"
"07.02.2020 17:00 - 07.02.2020 18:00","0","0","0","416","464","629","328","369","339"
"07.02.2020 18:00 - 07.02.2020 19:00","0","0","0","537","577","723","394","469","508"
"07.02.2020 19:00 - 07.02.2020 20:00","0","0","0","701","725","828","510","634","645"
"07.02.2020 20:00 - 07.02.2020 21:00","0","0","0","827","842","880","672","841","907"
"07.02.2020 21:00 - 07.02.2020 22:00","0","0","0","896","900","941","842","1005","1108"
"07.02.2020 22:00 - 07.02.2020 23:00","0","0","0","949","956","934","984","1116","1258"
"07.02.2020 23:00 - 08.02.2020 00:00","0","0","0","990","1017","965","1090","1210","1360"
"08.02.2020 00:00 - 08.02.2020 01:00","0","N/A","0","1016","N/A","925","1447","N/A","1283"
"08.02.2020 01:00 - 08.02.2020 02:00","0","N/A","0","1037","N/A","957","1477","N/A","1404"
"08.02.2020 02:00 - 08.02.2020 03:00","0","N/A","0","1067","N/A","964","1580","N/A","1444"
"08.02.2020 03:00 - 08.02.2020 04:00","0","N/A","0","1091","N/A","955","1577","N/A","1465"
"08.02.2020 04:00 - 08.02.2020 05:00","0","N/A","0","1086","N/A","957","1578","N/A","1449"
"08.02.2020 05:00 - 08.02.2020 06:00","0","N/A","0","1082","N/A","969","1549","N/A","1473"
"08.02.2020 06:00 - 08.02.2020 07:00","0","N/A","0","1089","N/A","950","1501","N/A","1358"
"08.02.2020 07:00 - 08.02.2020 08:00","0","N/A","0","1107","N/A","960","1496","N/A","1317"
"08.02.2020 08:00 - 08.02.2020 09:00","19","20","20","1089","953","951","1470","1302","1302"
"08.02.2020 09:00 - 08.02.2020 10:00","67","75","81","1077","962","910","1522","1382","1377"
"08.02.2020 10:00 - 08.02.2020 11:00","89","109","124","1072","975","892","1499","1435","1355"
"08.02.2020 11:00 - 08.02.2020 12:00","96","106","114","1080","1004","872","1463","1423","1272"
"08.02.2020 12:00 - 08.02.2020 13:00","92","81","109","1078","1030","874","1427","1398","1162"
"08.02.2020 13:00 - 08.02.2020 14:00","67","62","73","1072","1025","856","1447","1431","1140"
"08.02.2020 14:00 - 08.02.2020 15:00","42","44","51","1072","1020","857","1482","1500","1147"
"08.02.2020 15:00 - 08.02.2020 16:00","20","23","17","1024","936","817","1404","1455","1068"
"08.02.2020 16:00 - 08.02.2020 17:00","4","5","5","932","807","744","1363","1404","1062"
"08.02.2020 17:00 - 08.02.2020 18:00","0","0","0","860","718","710","1248","1247","1026"
"08.02.2020 18:00 - 08.02.2020 19:00","0","0","0","860","713","656","1152","1149","1104"
"08.02.2020 19:00 - 08.02.2020 20:00","0","0","0","843","775","636","1139","1128","1117"
"08.02.2020 20:00 - 08.02.2020 21:00","0","0","0","902","907","837","1178","1154","1060"
"08.02.2020 21:00 - 08.02.2020 22:00","0","0","0","988","983","935","1254","1231","962"
"08.02.2020 22:00 - 08.02.2020 23:00","0","0","0","1008","1010","917","1344","1312","1197"
"08.02.2020 23:00 - 09.02.2020 00:00","0","0","0","980","1024","939","1404","1406","1469"
"09.02.2020 00:00 - 09.02.2020 01:00","0","N/A","0","952","N/A","817","1710","N/A","1661"
"09.02.2020 01:00 - 09.02.2020 02:00","0","N/A","0","960","N/A","812","1826","N/A","1904"
"09.02.2020 02:00 - 09.02.2020 03:00","0","N/A","0","983","N/A","927","2097","N/A","1881"
"09.02.2020 03:00 - 09.02.2020 04:00","0","N/A","0","1016","N/A","980","2282","N/A","1681"
"09.02.2020 04:00 - 09.02.2020 05:00","0","N/A","0","1039","N/A","972","2495","N/A","1880"
"09.02.2020 05:00 - 09.02.2020 06:00","0","N/A","0","1054","N/A","977","2624","N/A","2314"
"09.02.2020 06:00 - 09.02.2020 07:00","0","N/A","0","1076","N/A","976","2659","N/A","2828"
"09.02.2020 07:00 - 09.02.2020 08:00","0","N/A","0","1079","N/A","969","2743","N/A","2893"
"09.02.2020 08:00 - 09.02.2020 09:00","6","2","2","1028","924","920","2817","2904","2904"
"09.02.2020 09:00 - 09.02.2020 10:00","18","10","10","920","833","861","2910","2993","3126"
"09.02.2020 10:00 - 09.02.2020 11:00","32","21","10","894","784","895","2876","2960","3233"
"09.02.2020 11:00 - 09.02.2020 12:00","57","30","14","985","801","813","2857","2931","3155"
"09.02.2020 12:00 - 09.02.2020 13:00","46","28","25","977","817","829","2728","2833","3116"
"09.02.2020 13:00 - 09.02.2020 14:00","24","22","14","929","777","825","2668","2734","3042"
"09.02.2020 14:00 - 09.02.2020 15:00","18","18","9","902","699","728","2692","2671","2932"
"09.02.2020 15:00 - 09.02.2020 16:00","12","12","7","861","699","636","2573","2501","2714"
"09.02.2020 16:00 - 09.02.2020 17:00","3","3","1","799","669","577","2554","2418","2624"
"09.02.2020 17:00 - 09.02.2020 18:00","0","0","0","659","660","621","2412","2400","2433"
"09.02.2020 18:00 - 09.02.2020 19:00","0","0","0","654","738","873","2299","2537","2191"
"09.02.2020 19:00 - 09.02.2020 20:00","0","0","0","714","899","1034","2405","2729","2842"
"09.02.2020 20:00 - 09.02.2020 21:00","0","0","0","771","975","1055","2699","2867","2826"
"09.02.2020 21:00 - 09.02.2020 22:00","0","0","0","878","990","1080","2859","2940","3011"
"09.02.2020 22:00 - 09.02.2020 23:00","0","0","0","946","1047","1024","2955","2972","3006"
"09.02.2020 23:00 - 10.02.2020 00:00","0","0","0","1002","1053","1037","2996","2985","2905"
"10.02.2020 00:00 - 10.02.2020 01:00","0","N/A","0","1033","N/A","884","2802","N/A","2864"
"10.02.2020 01:00 - 10.02.2020 02:00","0","N/A","0","1032","N/A","392","2664","N/A","2981"
"10.02.2020 02:00 - 10.02.2020 03:00","0","N/A","0","1044","N/A","421","2846","N/A","3087"
"10.02.2020 03:00 - 10.02.2020 04:00","0","N/A","0","1051","N/A","361","2849","N/A","2909"
"10.02.2020 04:00 - 10.02.2020 05:00","0","N/A","0","1050","N/A","356","2971","N/A","2907"
"10.02.2020 05:00 - 10.02.2020 06:00","0","N/A","0","1056","N/A","373","2895","N/A","2911"
"10.02.2020 06:00 - 10.02.2020 07:00","0","N/A","0","1076","N/A","1030","2803","N/A","2835"
"10.02.2020 07:00 - 10.02.2020 08:00","0","N/A","0","1085","N/A","1042","2827","N/A","2110"
"10.02.2020 08:00 - 10.02.2020 09:00","10","10","10","1075","1031","1029","2862","1893","1893"
"10.02.2020 09:00 - 10.02.2020 10:00","45","36","33","1077","1031","674","2993","2960","2244"
"10.02.2020 10:00 - 10.02.2020 11:00","87","68","73","1083","1056","995","3030","3065","2282"
"10.02.2020 11:00 - 10.02.2020 12:00","107","110","106","1073","1063","1044","3087","3128","2751"
"10.02.2020 12:00 - 10.02.2020 13:00","129","124","121","1078","1055","1040","3021","3095","2942"
"10.02.2020 13:00 - 10.02.2020 14:00","128","115","123","1068","1026","1030","3003","3053","2734"
"10.02.2020 14:00 - 10.02.2020 15:00","106","86","115","1069","1031","1045","3069","3090","2704"
"10.02.2020 15:00 - 10.02.2020 16:00","66","61","75","1080","1047","1044","2994","3023","2942"
"10.02.2020 16:00 - 10.02.2020 17:00","22","21","17","1089","1059","1052","3069","3095","2462"
"10.02.2020 17:00 - 10.02.2020 18:00","0","0","0","1092","1069","1055","3046","3046","2329"
"10.02.2020 18:00 - 10.02.2020 19:00","0","0","0","1075","1061","969","2983","2962","2128"
"10.02.2020 19:00 - 10.02.2020 20:00","0","0","0","1063","1060","999","2895","2770","1930"
"10.02.2020 20:00 - 10.02.2020 21:00","0","0","0","1066","1059","976","2764","2541","1880"
"10.02.2020 21:00 - 10.02.2020 22:00","0","0","0","1064","1051","995","2631","2383","1750"
"10.02.2020 22:00 - 10.02.2020 23:00","0","0","0","1067","1073","1071","2545","2315","1824"
"10.02.2020 23:00 - 11.02.2020 00:00","0","0","0","1063","1076","1025","2511","2235","1969"
"11.02.2020 00:00 - 11.02.2020 01:00","0","N/A","0","1018","N/A","1015","2173","N/A","1869"
"11.02.2020 01:00 - 11.02.2020 02:00","0","N/A","0","1008","N/A","1021","2125","N/A","1734"
"11.02.2020 02:00 - 11.02.2020 03:00","0","N/A","0","1015","N/A","992","2325","N/A","1830"
"11.02.2020 03:00 - 11.02.2020 04:00","0","N/A","0","1034","N/A","1050","2399","N/A","1893"
"11.02.2020 04:00 - 11.02.2020 05:00","0","N/A","0","1043","N/A","1043","2423","N/A","1688"
"11.02.2020 05:00 - 11.02.2020 06:00","0","N/A","0","1048","N/A","1035","2516","N/A","1615"
"11.02.2020 06:00 - 11.02.2020 07:00","0","N/A","0","1063","N/A","1026","2506","N/A","1590"
"11.02.2020 07:00 - 11.02.2020 08:00","0","N/A","0","1064","N/A","1040","2678","N/A","1661"
"11.02.2020 08:00 - 11.02.2020 09:00","17","15","15","1037","1044","1043","2747","2317","2317"
"11.02.2020 09:00 - 11.02.2020 10:00","72","62","42","1022","1042","1036","2838","2642","2535"
"11.02.2020 10:00 - 11.02.2020 11:00","101","124","64","1034","1046","1046","2892","2821","2612"
"11.02.2020 11:00 - 11.02.2020 12:00","124","154","130","1049","1058","1054","2959","2970","2703"
"11.02.2020 12:00 - 11.02.2020 13:00","157","163","133","1066","1045","1035","2972","3028","2704"
"11.02.2020 13:00 - 11.02.2020 14:00","134","144","119","1059","1023","1029","2939","2998","2779"
"11.02.2020 14:00 - 11.02.2020 15:00","94","107","78","1060","1028","1047","2989","3036","2798"
"11.02.2020 15:00 - 11.02.2020 16:00","68","71","50","1070","1044","1036","2891","2915","2642"
"11.02.2020 16:00 - 11.02.2020 17:00","24","25","13","1074","1043","1046","3066","3043","2124"
"11.02.2020 17:00 - 11.02.2020 18:00","0","0","0","1071","1046","1009","3047","3032","2004"
"11.02.2020 18:00 - 11.02.2020 19:00","0","0","0","1053","1033","989","2983","2998","2131"
"11.02.2020 19:00 - 11.02.2020 20:00","0","0","0","1044","1033","963","2962","2926","1888"
"11.02.2020 20:00 - 11.02.2020 21:00","0","0","0","1041","1041","938","2898","2808","2081"
"11.02.2020 21:00 - 11.02.2020 22:00","0","0","0","1029","1031","976","2877","2707","2385"
"11.02.2020 22:00 - 11.02.2020 23:00","0","0","0","1043","1071","1066","2654","2681","2122"
"11.02.2020 23:00 - 12.02.2020 00:00","0","0","0","1045","1067","1037","2759","2807","2579"
"12.02.2020 00:00 - 12.02.2020 01:00","0","N/A","0","1028","N/A","1015","2749","N/A","2538"
"12.02.2020 01:00 - 12.02.2020 02:00","0","N/A","0","1013","N/A","1038","2695","N/A","2754"
"12.02.2020 02:00 - 12.02.2020 03:00","0","N/A","0","1002","N/A","1011","2882","N/A","2759"
"12.02.2020 03:00 - 12.02.2020 04:00","0","N/A","0","1018","N/A","1041","2906","N/A","2853"
"12.02.2020 04:00 - 12.02.2020 05:00","0","N/A","0","1032","N/A","1043","2902","N/A","2877"
"12.02.2020 05:00 - 12.02.2020 06:00","0","N/A","0","1038","N/A","1042","2910","N/A","2128"
"12.02.2020 06:00 - 12.02.2020 07:00","0","N/A","0","1047","N/A","964","2765","N/A","2029"
"12.02.2020 07:00 - 12.02.2020 08:00","0","N/A","0","1052","N/A","973","2796","N/A","1903"
"12.02.2020 08:00 - 12.02.2020 09:00","15","17","17","1002","852","841","2722","1839","1839"
"12.02.2020 09:00 - 12.02.2020 10:00","60","61","45","1011","912","775","2743","2716","1761"
"12.02.2020 10:00 - 12.02.2020 11:00","109","104","72","1038","945","944","2845","2788","1626"
"12.02.2020 11:00 - 12.02.2020 12:00","124","142","72","1054","977","943","2937","2899","1849"
"12.02.2020 12:00 - 12.02.2020 13:00","142","154","90","1063","980","958","2938","2912","1869"
"12.02.2020 13:00 - 12.02.2020 14:00","124","131","88","1053","977","912","2924","2895","1952"
"12.02.2020 14:00 - 12.02.2020 15:00","96","93","66","1049","989","969","2994","2916","1952"
"12.02.2020 15:00 - 12.02.2020 16:00","58","60","50","1061","1008","975","2849","2747","2027"
"12.02.2020 16:00 - 12.02.2020 17:00","20","21","22","1075","1022","980","2901","2740","1635"
"12.02.2020 17:00 - 12.02.2020 18:00","0","0","0","1067","1027","948","2742","2555","1699"
"12.02.2020 18:00 - 12.02.2020 19:00","0","0","0","1063","1036","973","2514","2368","1612"
"12.02.2020 19:00 - 12.02.2020 20:00","0","0","0","1068","1041","969","2352","2163","1321"
"12.02.2020 20:00 - 12.02.2020 21:00","0","0","0","1068","1047","956","2201","1969","1339"
"12.02.2020 21:00 - 12.02.2020 22:00","0","0","0","1050","1043","756","2135","1842","1447"
"12.02.2020 22:00 - 12.02.2020 23:00","0","0","0","1072","1079","988","2009","1723","1160"
"12.02.2020 23:00 - 13.02.2020 00:00","0","0","0","1064","1080","943","2051","1676","1184"
"13.02.2020 00:00 - 13.02.2020 01:00","0","N/A","0","1021","N/A","854","1575","N/A","1183"
"13.02.2020 01:00 - 13.02.2020 02:00","0","N/A","0","1008","N/A","992","1500","N/A","882"
"13.02.2020 02:00 - 13.02.2020 03:00","0","N/A","0","1015","N/A","897","1531","N/A","977"
"13.02.2020 03:00 - 13.02.2020 04:00","0","N/A","0","1026","N/A","835","1440","N/A","880"
"13.02.2020 04:00 - 13.02.2020 05:00","0","N/A","0","1009","N/A","828","1299","N/A","1042"
"13.02.2020 05:00 - 13.02.2020 06:00","0","N/A","0","907","N/A","860","1100","N/A","1051"
"13.02.2020 06:00 - 13.02.2020 07:00","0","N/A","0","691","N/A","405","864","N/A","961"
"13.02.2020 07:00 - 13.02.2020 08:00","1","N/A","0","540","N/A","446","748","N/A","678"
"13.02.2020 08:00 - 13.02.2020 09:00","29","27","27","490","337","342","614","379","379"
"13.02.2020 09:00 - 13.02.2020 10:00","103","100","101","431","261","324","517","311","369"
"13.02.2020 10:00 - 13.02.2020 11:00","175","173","194","389","305","315","448","332","328"
"13.02.2020 11:00 - 13.02.2020 12:00","235","225","248","384","432","455","412","383","293"
"13.02.2020 12:00 - 13.02.2020 13:00","252","226","231","387","564","503","393","425","301"
"13.02.2020 13:00 - 13.02.2020 14:00","225","185","137","404","637","541","349","429","293"
"13.02.2020 14:00 - 13.02.2020 15:00","164","119","88","388","684","668","295","436","348"
"13.02.2020 15:00 - 13.02.2020 16:00","95","64","47","338","691","718","260","450","425"
"13.02.2020 16:00 - 13.02.2020 17:00","35","23","16","341","663","640","307","537","530"
"13.02.2020 17:00 - 13.02.2020 18:00","1","0","0","408","622","619","392","637","599"
"13.02.2020 18:00 - 13.02.2020 19:00","0","0","0","424","578","597","466","719","586"
"13.02.2020 19:00 - 13.02.2020 20:00","0","0","0","449","560","599","485","717","545"
"13.02.2020 20:00 - 13.02.2020 21:00","0","0","0","433","517","496","448","637","525"
"13.02.2020 21:00 - 13.02.2020 22:00","0","0","0","374","414","443","406","528","459"
"13.02.2020 22:00 - 13.02.2020 23:00","0","0","0","335","352","458","341","448","396"
"13.02.2020 23:00 - 14.02.2020 00:00","0","0","0","284","257","226","303","382","322"
"14.02.2020 00:00 - 14.02.2020 01:00","0","N/A","0","208","N/A","243","209","N/A","225"
"14.02.2020 01:00 - 14.02.2020 02:00","0","N/A","0","153","N/A","147","149","N/A","119"
"14.02.2020 02:00 - 14.02.2020 03:00","0","N/A","0","127","N/A","35","124","N/A","71"
"14.02.2020 03:00 - 14.02.2020 04:00","0","N/A","0","99","N/A","63","122","N/A","69"
"14.02.2020 04:00 - 14.02.2020 05:00","0","N/A","0","70","N/A","70","112","N/A","52"
"14.02.2020 05:00 - 14.02.2020 06:00","0","N/A","0","60","N/A","62","91","N/A","35"
"14.02.2020 06:00 - 14.02.2020 07:00","0","N/A","0","48","N/A","23","68","N/A","25"
"14.02.2020 07:00 - 14.02.2020 08:00","0","N/A","0","27","N/A","6","50","N/A","30"
"14.02.2020 08:00 - 14.02.2020 09:00","19","21","21","10","1","1","31","24","24"
"14.02.2020 09:00 - 14.02.2020 10:00","63","76","79","16","1","0","25","28","17"
"14.02.2020 10:00 - 14.02.2020 11:00","106","136","118","20","2","1","29","39","24"
"14.02.2020 11:00 - 14.02.2020 12:00","140","183","125","21","8","6","43","67","58"
"14.02.2020 12:00 - 14.02.2020 13:00","132","180","154","34","25","32","69","105","89"
"14.02.2020 13:00 - 14.02.2020 14:00","107","152","116","86","67","81","138","169","140"
"14.02.2020 14:00 - 14.02.2020 15:00","74","101","58","173","156","200","251","273","225"
"14.02.2020 15:00 - 14.02.2020 16:00","47","62","33","276","214","249","355","370","317"
"14.02.2020 16:00 - 14.02.2020 17:00","23","27","10","421","338","329","466","484","422"
"14.02.2020 17:00 - 14.02.2020 18:00","0","0","0","625","517","503","585","597","587"
"14.02.2020 18:00 - 14.02.2020 19:00","0","0","0","754","713","706","801","803","795"
"14.02.2020 19:00 - 14.02.2020 20:00","0","0","0","886","849","906","1141","1170","1304"
"14.02.2020 20:00 - 14.02.2020 21:00","0","0","0","1007","985","1056","1498","1564","1770"
"14.02.2020 21:00 - 14.02.2020 22:00","0","0","0","1048","1052","1068","1846","1820","2341"
"14.02.2020 22:00 - 14.02.2020 23:00","0","0","0","1091","1093","1091","1970","1993","2445"
"14.02.2020 23:00 - 15.02.2020 00:00","0","0","0","1082","1086","1074","2245","2210","2541"
"15.02.2020 00:00 - 15.02.2020 01:00","0","N/A","0","1046","N/A","1066","2315","N/A","2412"
"15.02.2020 01:00 - 15.02.2020 02:00","0","N/A","0","1037","N/A","1076","2230","N/A","2101"
"15.02.2020 02:00 - 15.02.2020 03:00","0","N/A","0","1028","N/A","1049","2227","N/A","1940"
"15.02.2020 03:00 - 15.02.2020 04:00","0","N/A","0","1036","N/A","1061","1996","N/A","1398"
"15.02.2020 04:00 - 15.02.2020 05:00","0","N/A","0","1001","N/A","897","1685","N/A","1035"
"15.02.2020 05:00 - 15.02.2020 06:00","0","N/A","0","925","N/A","831","1374","N/A","1158"
"15.02.2020 06:00 - 15.02.2020 07:00","0","N/A","0","862","N/A","690","1082","N/A","1005"
"15.02.2020 07:00 - 15.02.2020 08:00","0","N/A","0","839","N/A","860","1000","N/A","730"
"15.02.2020 08:00 - 15.02.2020 09:00","7","8","8","836","899","902","942","1164","1164"
"15.02.2020 09:00 - 15.02.2020 10:00","25","25","16","852","865","891","900","1226","856"
"15.02.2020 10:00 - 15.02.2020 11:00","38","37","28","908","898","966","936","1249","1005"
"15.02.2020 11:00 - 15.02.2020 12:00","41","40","37","965","974","1038","1100","1333","1090"
"15.02.2020 12:00 - 15.02.2020 13:00","27","35","33","992","993","1004","1280","1450","1425"
"15.02.2020 13:00 - 15.02.2020 14:00","23","25","30","992","978","996","1494","1638","1496"
"15.02.2020 14:00 - 15.02.2020 15:00","20","20","24","1031","1005","1032","1819","1934","1701"
"15.02.2020 15:00 - 15.02.2020 16:00","14","14","17","1082","1019","1039","2080","2154","1644"
"15.02.2020 16:00 - 15.02.2020 17:00","6","7","5","1088","1035","1081","2508","2551","2123"
"15.02.2020 17:00 - 15.02.2020 18:00","0","0","0","1077","1035","1078","2762","2783","2326"
"15.02.2020 18:00 - 15.02.2020 19:00","0","0","0","1041","1019","1055","2839","2875","2298"
"15.02.2020 19:00 - 15.02.2020 20:00","0","0","0","1017","1006","1034","2869","2848","2181"
"15.02.2020 20:00 - 15.02.2020 21:00","0","0","0","1002","962","1015","2844","2738","2565"
"15.02.2020 21:00 - 15.02.2020 22:00","0","0","0","960","904","1051","2853","2610","3093"
"15.02.2020 22:00 - 15.02.2020 23:00","0","0","0","990","911","1013","2686","2564","3118"
"15.02.2020 23:00 - 16.02.2020 00:00","0","0","0","966","813","880","2815","2668","3026"
"16.02.2020 00:00 - 16.02.2020 01:00","0","N/A","0","729","N/A","921","2622","N/A","2722"
"16.02.2020 01:00 - 16.02.2020 02:00","0","N/A","0","785","N/A","832","2547","N/A","2742"
"16.02.2020 02:00 - 16.02.2020 03:00","0","N/A","0","846","N/A","978","2730","N/A","2789"
"16.02.2020 03:00 - 16.02.2020 04:00","0","N/A","0","867","N/A","1058","2748","N/A","2850"
"16.02.2020 04:00 - 16.02.2020 05:00","0","N/A","0","866","N/A","958","2765","N/A","2828"
"16.02.2020 05:00 - 16.02.2020 06:00","0","N/A","0","906","N/A","712","2818","N/A","2682"
"16.02.2020 06:00 - 16.02.2020 07:00","0","N/A","0","949","N/A","704","2710","N/A","2740"
"16.02.2020 07:00 - 16.02.2020 08:00","0","N/A","0","998","N/A","997","2740","N/A","2942"
"16.02.2020 08:00 - 16.02.2020 09:00","3","3","3","875","940","937","2564","2861","2861"
"16.02.2020 09:00 - 16.02.2020 10:00","12","12","9","731","866","927","2499","2763","2959"
"16.02.2020 10:00 - 16.02.2020 11:00","19","19","13","765","756","1018","2551","2822","3007"
"16.02.2020 11:00 - 16.02.2020 12:00","23","23","24","953","823","1087","2708","2945","3123"
"16.02.2020 12:00 - 16.02.2020 13:00","25","25","29","1012","896","1096","2816","3053","2926"
"16.02.2020 13:00 - 16.02.2020 14:00","24","26","49","972","982","1066","2825","3083","2887"
"16.02.2020 14:00 - 16.02.2020 15:00","20","27","48","935","1016","1075","2898","3137","2916"
"16.02.2020 15:00 - 16.02.2020 16:00","14","18","29","931","1036","1074","2788","3004","3010"
"16.02.2020 16:00 - 16.02.2020 17:00","6","6","13","962","1054","1076","2966","3090","2949"
"16.02.2020 17:00 - 16.02.2020 18:00","0","0","0","1001","1073","1069","2996","2959","2666"
"16.02.2020 18:00 - 16.02.2020 19:00","0","0","0","987","1056","1075","2938","2708","2339"
"16.02.2020 19:00 - 16.02.2020 20:00","0","0","0","992","994","944","2866","2530","2180"
"16.02.2020 20:00 - 16.02.2020 21:00","0","0","0","1041","1011","925","2775","2483","2193"
"16.02.2020 21:00 - 16.02.2020 22:00","0","0","0","1039","1045","1036","2769","2517","2343"
"16.02.2020 22:00 - 16.02.2020 23:00","0","0","0","1071","1072","1081","2635","2612","2741"
"16.02.2020 23:00 - 17.02.2020 00:00","0","0","0","1065","1058","1067","2844","2806","2924"
"17.02.2020 00:00 - 17.02.2020 01:00","0","N/A","0","1032","N/A","1047","2826","N/A","2752"
"17.02.2020 01:00 - 17.02.2020 02:00","0","N/A","0","1017","N/A","1051","2732","N/A","2619"
"17.02.2020 02:00 - 17.02.2020 03:00","0","N/A","0","1004","N/A","1034","2862","N/A","2917"
"17.02.2020 03:00 - 17.02.2020 04:00","0","N/A","0","1004","N/A","417","2842","N/A","3141"
"17.02.2020 04:00 - 17.02.2020 05:00","0","N/A","0","1019","N/A","377","2848","N/A","3135"
"17.02.2020 05:00 - 17.02.2020 06:00","0","N/A","0","971","N/A","399","2830","N/A","3086"
"17.02.2020 06:00 - 17.02.2020 07:00","0","N/A","0","960","N/A","432","2666","N/A","2215"
"17.02.2020 07:00 - 17.02.2020 08:00","1","N/A","1","1000","N/A","1000","2698","N/A","2153"
"17.02.2020 08:00 - 17.02.2020 09:00","22","19","19","936","991","975","2666","2141","2141"
"17.02.2020 09:00 - 17.02.2020 10:00","64","42","22","882","979","952","2709","3110","2412"
"17.02.2020 10:00 - 17.02.2020 11:00","100","66","61","901","868","974","2758","3113","2336"
"17.02.2020 11:00 - 17.02.2020 12:00","124","93","91","1007","857","1009","2820","3142","2355"
"17.02.2020 12:00 - 17.02.2020 13:00","132","111","92","1030","886","1098","2839","3125","2145"
"17.02.2020 13:00 - 17.02.2020 14:00","118","113","85","1022","956","868","2844","3083","2150"
"17.02.2020 14:00 - 17.02.2020 15:00","90","85","57","1037","980","751","2935","3135","2198"
"17.02.2020 15:00 - 17.02.2020 16:00","58","52","39","1053","1001","738","2860","3039","2114"
"17.02.2020 16:00 - 17.02.2020 17:00","25","21","19","1060","1014","795","3040","3160","2146"
"17.02.2020 17:00 - 17.02.2020 18:00","1","1","0","1080","1034","893","3015","3119","2167"
"17.02.2020 18:00 - 17.02.2020 19:00","0","0","0","1072","1033","740","2929","3019","2037"
"17.02.2020 19:00 - 17.02.2020 20:00","0","0","0","1071","1042","854","2879","2849","2057"
"17.02.2020 20:00 - 17.02.2020 21:00","0","0","0","1073","1060","979","2779","2689","2016"
"17.02.2020 21:00 - 17.02.2020 22:00","0","0","0","1070","1059","826","2733","2569","1942"
"17.02.2020 22:00 - 17.02.2020 23:00","0","0","0","1097","1090","992","2540","2514","1616"
"17.02.2020 23:00 - 18.02.2020 00:00","0","0","0","1085","1089","942","2627","2568","1859"
"18.02.2020 00:00 - 18.02.2020 01:00","0","N/A","0","1005","N/A","888","2548","N/A","1859"
"18.02.2020 01:00 - 18.02.2020 02:00","0","N/A","0","1003","N/A","946","2434","N/A","1996"
"18.02.2020 02:00 - 18.02.2020 03:00","0","N/A","0","1002","N/A","914","2553","N/A","1868"
"18.02.2020 03:00 - 18.02.2020 04:00","0","N/A","0","1014","N/A","926","2601","N/A","1866"
"18.02.2020 04:00 - 18.02.2020 05:00","0","N/A","0","1047","N/A","923","2621","N/A","1772"
"18.02.2020 05:00 - 18.02.2020 06:00","0","N/A","0","1051","N/A","858","2647","N/A","1721"
"18.02.2020 06:00 - 18.02.2020 07:00","0","N/A","0","1054","N/A","946","2530","N/A","1779"
"18.02.2020 07:00 - 18.02.2020 08:00","1","N/A","1","1056","N/A","984","2580","N/A","1694"
"18.02.2020 08:00 - 18.02.2020 09:00","25","25","25","1039","978","975","2525","1721","1721"
"18.02.2020 09:00 - 18.02.2020 10:00","71","59","53","1022","995","971","2582","2485","1857"
"18.02.2020 10:00 - 18.02.2020 11:00","122","92","109","1042","1012","1017","2712","2628","1717"
"18.02.2020 11:00 - 18.02.2020 12:00","151","132","133","1066","1030","1014","2880","2848","2066"
"18.02.2020 12:00 - 18.02.2020 13:00","161","130","210","1081","1020","999","2933","2932","2073"
"18.02.2020 13:00 - 18.02.2020 14:00","135","112","206","1073","1006","986","2916","2894","2004"
"18.02.2020 14:00 - 18.02.2020 15:00","109","89","138","1072","1009","986","2968","2906","2128"
"18.02.2020 15:00 - 18.02.2020 16:00","73","65","78","1081","1021","1012","2862","2773","2102"
"18.02.2020 16:00 - 18.02.2020 17:00","33","29","53","1088","1031","1010","3001","2850","1757"
"18.02.2020 17:00 - 18.02.2020 18:00","1","1","1","1085","1044","740","2876","2701","1713"
"18.02.2020 18:00 - 18.02.2020 19:00","0","0","0","1069","1059","803","2687","2532","1593"
"18.02.2020 19:00 - 18.02.2020 20:00","0","0","0","1071","1059","848","2566","2378","1339"
"18.02.2020 20:00 - 18.02.2020 21:00","0","0","0","1071","1063","888","2390","2195","1281"
"18.02.2020 21:00 - 18.02.2020 22:00","0","0","0","1052","1056","883","2248","2014","1197"
"18.02.2020 22:00 - 18.02.2020 23:00","0","0","0","1075","1092","830","1933","1870","990"
"18.02.2020 23:00 - 19.02.2020 00:00","0","0","0","1029","1062","804","1640","1748","969"
"19.02.2020 00:00 - 19.02.2020 01:00","0","N/A","0","882","N/A","635","1329","N/A","826"
"19.02.2020 01:00 - 19.02.2020 02:00","0","N/A","0","812","N/A","594","1056","N/A","428"
"19.02.2020 02:00 - 19.02.2020 03:00","0","N/A","0","704","N/A","432","939","N/A","560"
"19.02.2020 03:00 - 19.02.2020 04:00","0","N/A","0","653","N/A","292","829","N/A","309"
"19.02.2020 04:00 - 19.02.2020 05:00","0","N/A","0","662","N/A","445","827","N/A","286"
"19.02.2020 05:00 - 19.02.2020 06:00","0","N/A","0","719","N/A","580","940","N/A","596"
"19.02.2020 06:00 - 19.02.2020 07:00","0","N/A","0","796","N/A","605","916","N/A","486"
"19.02.2020 07:00 - 19.02.2020 08:00","1","N/A","1","817","N/A","527","931","N/A","447"
"19.02.2020 08:00 - 19.02.2020 09:00","33","31","31","878","870","887","941","519","519"
"19.02.2020 09:00 - 19.02.2020 10:00","113","96","73","814","877","787","973","711","831"
"19.02.2020 10:00 - 19.02.2020 11:00","194","177","168","806","826","835","1018","848","795"
"19.02.2020 11:00 - 19.02.2020 12:00","197","224","266","907","767","751","1067","968","912"
"19.02.2020 12:00 - 19.02.2020 13:00","134","225","280","915","725","760","1188","1034","1010"
"19.02.2020 13:00 - 19.02.2020 14:00","82","168","217","860","753","905","1326","1041","1082"
"19.02.2020 14:00 - 19.02.2020 15:00","79","102","151","767","779","852","1536","1058","1205"
"19.02.2020 15:00 - 19.02.2020 16:00","56","49","91","741","758","786","1609","1061","1097"
"19.02.2020 16:00 - 19.02.2020 17:00","27","26","38","753","769","791","1741","1159","1082"
"19.02.2020 17:00 - 19.02.2020 18:00","1","1","6","752","738","744","1677","1186","1130"
"19.02.2020 18:00 - 19.02.2020 19:00","0","0","1","767","733","800","1550","1181","1225"
"19.02.2020 19:00 - 19.02.2020 20:00","0","0","0","787","728","705","1429","1131","1373"
"19.02.2020 20:00 - 19.02.2020 21:00","0","0","0","797","686","677","1306","1035","1291"
"19.02.2020 21:00 - 19.02.2020 22:00","0","0","0","802","607","699","1210","953","1123"
"19.02.2020 22:00 - 19.02.2020 23:00","0","0","0","803","602","628","1054","908","932"
"19.02.2020 23:00 - 20.02.2020 00:00","0","0","0","754","625","695","1040","912","881"
"20.02.2020 00:00 - 20.02.2020 01:00","0","N/A","0","757","N/A","672","948","N/A","789"
"20.02.2020 01:00 - 20.02.2020 02:00","0","N/A","0","751","N/A","780","959","N/A","832"
"20.02.2020 02:00 - 20.02.2020 03:00","0","N/A","0","787","N/A","734","1095","N/A","980"
"20.02.2020 03:00 - 20.02.2020 04:00","0","N/A","0","872","N/A","923","1247","N/A","1083"
"20.02.2020 04:00 - 20.02.2020 05:00","0","N/A","0","907","N/A","868","1426","N/A","1316"
"20.02.2020 05:00 - 20.02.2020 06:00","0","N/A","0","953","N/A","982","1667","N/A","1404"
"20.02.2020 06:00 - 20.02.2020 07:00","0","N/A","0","1022","N/A","1018","1917","N/A","1860"
"20.02.2020 07:00 - 20.02.2020 08:00","0","N/A","0","1048","N/A","1082","2124","N/A","2120"
"20.02.2020 08:00 - 20.02.2020 09:00","5","8","8","1025","1072","1072","2276","2064","2064"
"20.02.2020 09:00 - 20.02.2020 10:00","13","18","7","1009","1062","1067","2516","2452","2165"
"20.02.2020 10:00 - 20.02.2020 11:00","20","26","18","1004","1050","1067","2630","2575","2309"
"20.02.2020 11:00 - 20.02.2020 12:00","24","31","36","1027","1054","1071","2727","2744","2405"
"20.02.2020 12:00 - 20.02.2020 13:00","25","31","25","1052","1051","1044","2812","2861","2576"
"20.02.2020 13:00 - 20.02.2020 14:00","24","29","24","1048","1038","1041","2822","2873","2097"
"20.02.2020 14:00 - 20.02.2020 15:00","21","23","21","1031","1018","1060","2912","2915","2024"
"20.02.2020 15:00 - 20.02.2020 16:00","15","19","27","1040","1030","1002","2886","2870","2081"
"20.02.2020 16:00 - 20.02.2020 17:00","7","11","8","1049","1034","1010","3128","3022","2031"
"20.02.2020 17:00 - 20.02.2020 18:00","1","1","0","1048","1032","1004","3116","3025","2142"
"20.02.2020 18:00 - 20.02.2020 19:00","0","0","0","1040","1015","981","3013","3041","2226"
"20.02.2020 19:00 - 20.02.2020 20:00","0","0","0","1029","995","1000","2981","3036","2032"
"20.02.2020 20:00 - 20.02.2020 21:00","0","0","0","1034","1005","977","2810","2836","1924"
"20.02.2020 21:00 - 20.02.2020 22:00","0","0","0","1033","1008","766","2697","2740","1929"
"20.02.2020 22:00 - 20.02.2020 23:00","0","0","0","1058","1030","638","2584","2647","1362"
"20.02.2020 23:00 - 21.02.2020 00:00","0","0","0","1044","1026","942","2669","2809","1731"
"21.02.2020 00:00 - 21.02.2020 01:00","0","N/A","0","1008","N/A","973","2700","N/A","1510"
"21.02.2020 01:00 - 21.02.2020 02:00","0","N/A","0","987","N/A","919","2612","N/A","1457"
"21.02.2020 02:00 - 21.02.2020 03:00","0","N/A","0","973","N/A","990","2619","N/A","1972"
"21.02.2020 03:00 - 21.02.2020 04:00","0","N/A","0","1026","N/A","1018","2575","N/A","1508"
"21.02.2020 04:00 - 21.02.2020 05:00","0","N/A","0","1043","N/A","937","2506","N/A","1658"
"21.02.2020 05:00 - 21.02.2020 06:00","0","N/A","0","1047","N/A","989","2562","N/A","1486"
"21.02.2020 06:00 - 21.02.2020 07:00","0","N/A","0","1057","N/A","860","2550","N/A","1342"
"21.02.2020 07:00 - 21.02.2020 08:00","2","N/A","3","1040","N/A","857","2571","N/A","1431"
"21.02.2020 08:00 - 21.02.2020 09:00","48","52","52","1025","844","836","2498","1565","1565"
"21.02.2020 09:00 - 21.02.2020 10:00","134","140","113","1012","907","964","2597","2282","1357"
"21.02.2020 10:00 - 21.02.2020 11:00","179","212","207","1010","933","975","2672","2376","1597"
"21.02.2020 11:00 - 21.02.2020 12:00","223","251","214","1039","968","699","2853","2667","1851"
"21.02.2020 12:00 - 21.02.2020 13:00","254","238","160","1054","958","747","2987","2887","1879"
"21.02.2020 13:00 - 21.02.2020 14:00","214","213","123","1053","968","821","3037","2974","1891"
"21.02.2020 14:00 - 21.02.2020 15:00","120","144","53","1039","971","840","3133","3070","2005"
"21.02.2020 15:00 - 21.02.2020 16:00","43","63","20","1045","981","967","3075","3031","1984"
"21.02.2020 16:00 - 21.02.2020 17:00","14","17","13","1053","986","968","3345","3189","2052"
"21.02.2020 17:00 - 21.02.2020 18:00","1","2","1","1053","986","972","3316","3161","2066"
"21.02.2020 18:00 - 21.02.2020 19:00","0","0","0","1057","1002","973","3230","3114","1988"
"21.02.2020 19:00 - 21.02.2020 20:00","0","0","0","1051","1024","968","3265","3116","1961"
"21.02.2020 20:00 - 21.02.2020 21:00","0","0","0","1046","1040","967","3139","2936","1854"
"21.02.2020 21:00 - 21.02.2020 22:00","0","0","0","1032","1042","954","3101","2915","2021"
"21.02.2020 22:00 - 21.02.2020 23:00","0","0","0","1036","1052","949","2878","2852","1798"
"21.02.2020 23:00 - 22.02.2020 00:00","0","0","0","1012","1019","876","3133","3065","2072"
"22.02.2020 00:00 - 22.02.2020 01:00","0","N/A","0","957","N/A","891","2946","N/A","2728"
"22.02.2020 01:00 - 22.02.2020 02:00","0","N/A","0","934","N/A","985","2922","N/A","2558"
"22.02.2020 02:00 - 22.02.2020 03:00","0","N/A","0","913","N/A","973","2961","N/A","2671"
"22.02.2020 03:00 - 22.02.2020 04:00","0","N/A","0","933","N/A","963","2958","N/A","2855"
"22.02.2020 04:00 - 22.02.2020 05:00","0","N/A","0","946","N/A","611","2869","N/A","2484"
"22.02.2020 05:00 - 22.02.2020 06:00","0","N/A","0","952","N/A","968","2938","N/A","3000"
"22.02.2020 06:00 - 22.02.2020 07:00","0","N/A","0","960","N/A","366","2966","N/A","2663"
"22.02.2020 07:00 - 22.02.2020 08:00","0","N/A","1","946","N/A","375","2959","N/A","2795"
"22.02.2020 08:00 - 22.02.2020 09:00","9","11","11","911","413","399","2970","2907","2907"
"22.02.2020 09:00 - 22.02.2020 10:00","19","20","2","899","551","382","3188","3125","3179"
"22.02.2020 10:00 - 22.02.2020 11:00","50","41","29","918","631","340","3200","2983","2945"
"22.02.2020 11:00 - 22.02.2020 12:00","117","114","84","990","749","423","3252","3069","3082"
"22.02.2020 12:00 - 22.02.2020 13:00","207","211","178","1005","805","395","3279","3098","2859"
"22.02.2020 13:00 - 22.02.2020 14:00","183","196","225","1005","835","386","3251","3023","2736"
"22.02.2020 14:00 - 22.02.2020 15:00","151","159","155","1014","876","412","3310","3042","2755"
"22.02.2020 15:00 - 22.02.2020 16:00","98","105","115","1016","931","384","3236","3010","2753"
"22.02.2020 16:00 - 22.02.2020 17:00","44","50","40","1013","957","399","3490","3385","2633"
"22.02.2020 17:00 - 22.02.2020 18:00","3","4","4","1017","980","1058","3464","3356","2672"
"22.02.2020 18:00 - 22.02.2020 19:00","0","0","1","1039","988","1031","3377","3307","2498"
"22.02.2020 19:00 - 22.02.2020 20:00","0","0","0","1031","974","1034","3383","3254","2279"
"22.02.2020 20:00 - 22.02.2020 21:00","0","0","0","1022","972","1039","3274","3080","2277"
"22.02.2020 21:00 - 22.02.2020 22:00","0","0","0","1024","985","1052","3346","3071","2888"
"22.02.2020 22:00 - 22.02.2020 23:00","0","0","0","1037","997","1043","2990","2977","2716"
"22.02.2020 23:00 - 23.02.2020 00:00","0","0","0","1011","974","1017","3273","3187","2680"
"23.02.2020 00:00 - 23.02.2020 01:00","0","N/A","0","949","N/A","1014","2905","N/A","2892"
"23.02.2020 01:00 - 23.02.2020 02:00","0","N/A","0","935","N/A","381","2791","N/A","3007"
"23.02.2020 02:00 - 23.02.2020 03:00","0","N/A","0","927","N/A","380","2797","N/A","2946"
"23.02.2020 03:00 - 23.02.2020 04:00","0","N/A","0","958","N/A","398","2758","N/A","2936"
"23.02.2020 04:00 - 23.02.2020 05:00","0","N/A","0","971","N/A","387","2809","N/A","2868"
"23.02.2020 05:00 - 23.02.2020 06:00","0","N/A","0","963","N/A","439","2869","N/A","2730"
"23.02.2020 06:00 - 23.02.2020 07:00","0","N/A","0","968","N/A","387","2865","N/A","2797"
"23.02.2020 07:00 - 23.02.2020 08:00","2","N/A","2","965","N/A","392","2815","N/A","2695"
"23.02.2020 08:00 - 23.02.2020 09:00","31","35","35","952","430","414","2773","2103","2103"
"23.02.2020 09:00 - 23.02.2020 10:00","85","99","79","961","613","1029","2906","2530","1779"
"23.02.2020 10:00 - 23.02.2020 11:00","155","171","110","974","733","976","2874","2463","1889"
"23.02.2020 11:00 - 23.02.2020 12:00","211","205","147","1025","818","918","2873","2473","1549"
"23.02.2020 12:00 - 23.02.2020 13:00","229","220","130","1052","858","833","2834","2446","1451"
"23.02.2020 13:00 - 23.02.2020 14:00","199","179","139","1064","911","947","2748","2406","1552"
"23.02.2020 14:00 - 23.02.2020 15:00","161","118","126","1074","952","971","2745","2490","1459"
"23.02.2020 15:00 - 23.02.2020 16:00","107","67","80","1075","974","908","2666","2508","1650"
"23.02.2020 16:00 - 23.02.2020 17:00","53","45","30","1070","1003","873","2889","2711","1925"
"23.02.2020 17:00 - 23.02.2020 18:00","6","6","6","1059","1015","1058","2887","2765","1731"
"23.02.2020 18:00 - 23.02.2020 19:00","0","0","1","1062","1027","1071","2823","2804","2006"
"23.02.2020 19:00 - 23.02.2020 20:00","0","0","0","1048","1032","1068","2797","2848","2004"
"23.02.2020 20:00 - 23.02.2020 21:00","0","0","0","1040","1037","1068","2680","2701","1774"
"23.02.2020 21:00 - 23.02.2020 22:00","0","0","0","1048","1046","1027","2665","2579","2256"
"23.02.2020 22:00 - 23.02.2020 23:00","0","0","0","1049","1053","1053","2242","2371","1619"
"23.02.2020 23:00 - 24.02.2020 00:00","0","0","0","1030","1040","984","2284","2448","1762"
"24.02.2020 00:00 - 24.02.2020 01:00","0","N/A","0","1035","N/A","971","2159","N/A","2230"
"24.02.2020 01:00 - 24.02.2020 02:00","0","N/A","0","1025","N/A","703","2071","N/A","2280"
"24.02.2020 02:00 - 24.02.2020 03:00","0","N/A","0","962","N/A","964","2023","N/A","1720"
"24.02.2020 03:00 - 24.02.2020 04:00","0","N/A","0","978","N/A","1004","1857","N/A","1207"
"24.02.2020 04:00 - 24.02.2020 05:00","0","N/A","0","895","N/A","882","1731","N/A","1154"
"24.02.2020 05:00 - 24.02.2020 06:00","0","N/A","0","725","N/A","458","1508","N/A","995"
"24.02.2020 06:00 - 24.02.2020 07:00","0","N/A","0","649","N/A","642","1278","N/A","814"
"24.02.2020 07:00 - 24.02.2020 08:00","4","N/A","4","553","N/A","480","992","N/A","590"
"24.02.2020 08:00 - 24.02.2020 09:00","54","54","54","411","366","358","735","559","559"
"24.02.2020 09:00 - 24.02.2020 10:00","131","132","107","307","305","256","527","344","375"
"24.02.2020 10:00 - 24.02.2020 11:00","179","184","105","238","232","145","410","271","306"
"24.02.2020 11:00 - 24.02.2020 12:00","191","207","113","213","217","125","394","318","332"
"24.02.2020 12:00 - 24.02.2020 13:00","178","198","90","241","187","165","405","361","337"
"24.02.2020 13:00 - 24.02.2020 14:00","143","158","77","350","216","277","415","351","324"
"24.02.2020 14:00 - 24.02.2020 15:00","96","112","61","441","320","316","455","346","268"
"24.02.2020 15:00 - 24.02.2020 16:00","52","66","34","549","489","647","504","357","330"
"24.02.2020 16:00 - 24.02.2020 17:00","19","26","15","653","653","779","643","436","453"
"24.02.2020 17:00 - 24.02.2020 18:00","2","3","1","739","747","832","855","602","585"
"24.02.2020 18:00 - 24.02.2020 19:00","0","0","0","829","819","792","1168","884","888"
"24.02.2020 19:00 - 24.02.2020 20:00","0","0","0","934","860","762","1612","1276","1116"
"24.02.2020 20:00 - 24.02.2020 21:00","0","0","0","1027","922","827","1970","1640","1052"
"24.02.2020 21:00 - 24.02.2020 22:00","0","0","0","1033","977","830","2265","1926","1164"
"24.02.2020 22:00 - 24.02.2020 23:00","0","0","0","1017","1005","832","2326","2070","1046"
"24.02.2020 23:00 - 25.02.2020 00:00","0","0","0","990","970","886","2504","2244","1237"
"25.02.2020 00:00 - 25.02.2020 01:00","0","N/A","0","1027","N/A","993","2182","N/A","1359"
"25.02.2020 01:00 - 25.02.2020 02:00","0","N/A","0","993","N/A","1019","2246","N/A","1835"
"25.02.2020 02:00 - 25.02.2020 03:00","0","N/A","0","957","N/A","1036","2419","N/A","2201"
"25.02.2020 03:00 - 25.02.2020 04:00","0","N/A","0","996","N/A","1058","2351","N/A","1650"
"25.02.2020 04:00 - 25.02.2020 05:00","0","N/A","0","990","N/A","994","2260","N/A","1318"
"25.02.2020 05:00 - 25.02.2020 06:00","0","N/A","0","940","N/A","894","2129","N/A","1352"
"25.02.2020 06:00 - 25.02.2020 07:00","0","N/A","0","989","N/A","665","2171","N/A","1353"
"25.02.2020 07:00 - 25.02.2020 08:00","2","N/A","2","1007","N/A","687","2151","N/A","1271"
"25.02.2020 08:00 - 25.02.2020 09:00","20","22","22","976","939","942","2204","1293","1293"
"25.02.2020 09:00 - 25.02.2020 10:00","49","50","56","982","969","969","2296","2090","1266"
"25.02.2020 10:00 - 25.02.2020 11:00","81","85","108","989","989","922","2251","2065","1199"
"25.02.2020 11:00 - 25.02.2020 12:00","108","113","133","996","994","936","2241","2131","1288"
"25.02.2020 12:00 - 25.02.2020 13:00","108","110","113","992","966","944","2137","2130","1268"
"25.02.2020 13:00 - 25.02.2020 14:00","86","83","110","995","948","956","1995","2019","1151"
"25.02.2020 14:00 - 25.02.2020 15:00","58","55","91","1000","921","971","2018","2037","1257"
"25.02.2020 15:00 - 25.02.2020 16:00","37","32","52","1012","859","1021","2082","2125","1348"
"25.02.2020 16:00 - 25.02.2020 17:00","18","18","32","935","880","774","2351","2335","1153"
"25.02.2020 17:00 - 25.02.2020 18:00","3","3","7","852","804","770","2417","2413","1588"
"25.02.2020 18:00 - 25.02.2020 19:00","0","0","1","991","885","940","2333","2428","1637"
"25.02.2020 19:00 - 25.02.2020 20:00","0","0","0","1027","938","881","2293","2365","1303"
"25.02.2020 20:00 - 25.02.2020 21:00","0","0","0","992","902","751","2102","2208","1332"
"25.02.2020 21:00 - 25.02.2020 22:00","0","0","0","905","842","438","1941","2073","1285"
"25.02.2020 22:00 - 25.02.2020 23:00","0","0","0","835","672","427","1704","1893","884"
"25.02.2020 23:00 - 26.02.2020 00:00","0","0","0","754","539","349","1559","1800","923"
"26.02.2020 00:00 - 26.02.2020 01:00","0","N/A","0","588","N/A","330","1480","N/A","1184"
"26.02.2020 01:00 - 26.02.2020 02:00","0","N/A","0","564","N/A","328","1389","N/A","988"
"26.02.2020 02:00 - 26.02.2020 03:00","0","N/A","0","529","N/A","372","1289","N/A","982"
"26.02.2020 03:00 - 26.02.2020 04:00","0","N/A","0","616","N/A","371","1197","N/A","975"
"26.02.2020 04:00 - 26.02.2020 05:00","0","N/A","0","679","N/A","545","1163","N/A","975"
"26.02.2020 05:00 - 26.02.2020 06:00","0","N/A","0","730","N/A","662","1122","N/A","947"
"26.02.2020 06:00 - 26.02.2020 07:00","0","N/A","0","771","N/A","773","1161","N/A","952"
"26.02.2020 07:00 - 26.02.2020 08:00","4","N/A","4","733","N/A","733","1140","N/A","910"
"26.02.2020 08:00 - 26.02.2020 09:00","38","45","45","627","597","595","1185","922","922"
"26.02.2020 09:00 - 26.02.2020 10:00","92","115","80","581","570","566","1272","906","976"
"26.02.2020 10:00 - 26.02.2020 11:00","146","175","99","543","524","494","1254","882","949"
"26.02.2020 11:00 - 26.02.2020 12:00","192","218","156","528","491","414","1194","816","907"
"26.02.2020 12:00 - 26.02.2020 13:00","199","225","144","528","394","276","1083","725","758"
"26.02.2020 13:00 - 26.02.2020 14:00","181","194","138","517","395","239","958","638","512"
"26.02.2020 14:00 - 26.02.2020 15:00","143","148","100","480","389","203","885","554","379"
"26.02.2020 15:00 - 26.02.2020 16:00","106","110","78","449","343","176","776","466","279"
"26.02.2020 16:00 - 26.02.2020 17:00","58","64","36","388","297","120","661","378","199"
"26.02.2020 17:00 - 26.02.2020 18:00","9","10","2","298","254","121","471","273","109"
"26.02.2020 18:00 - 26.02.2020 19:00","0","0","1","266","211","105","341","206","64"
"26.02.2020 19:00 - 26.02.2020 20:00","0","0","0","263","169","47","270","160","54"
"26.02.2020 20:00 - 26.02.2020 21:00","0","0","0","214","130","25","199","113","41"
"26.02.2020 21:00 - 26.02.2020 22:00","0","0","0","165","93","21","151","82","34"
"26.02.2020 22:00 - 26.02.2020 23:00","0","0","0","140","65","11","119","61","40"
"26.02.2020 23:00 - 27.02.2020 00:00","0","0","0","114","58","27","98","53","49"
"27.02.2020 00:00 - 27.02.2020 01:00","0","N/A","0","50","N/A","109","46","N/A","72"
"27.02.2020 01:00 - 27.02.2020 02:00","0","N/A","0","73","N/A","149","81","N/A","150"
"27.02.2020 02:00 - 27.02.2020 03:00","0","N/A","0","99","N/A","52","130","N/A","262"
"27.02.2020 03:00 - 27.02.2020 04:00","0","N/A","0","128","N/A","127","170","N/A","339"
"27.02.2020 04:00 - 27.02.2020 05:00","0","N/A","0","187","N/A","253","183","N/A","308"
"27.02.2020 05:00 - 27.02.2020 06:00","0","N/A","0","237","N/A","140","193","N/A","309"
"27.02.2020 06:00 - 27.02.2020 07:00","0","N/A","0","263","N/A","76","229","N/A","273"
"27.02.2020 07:00 - 27.02.2020 08:00","5","N/A","5","213","N/A","166","255","N/A","267"
"27.02.2020 08:00 - 27.02.2020 09:00","45","45","45","129","99","77","262","258","258"
"27.02.2020 09:00 - 27.02.2020 10:00","113","111","68","128","109","36","266","282","214"
"27.02.2020 10:00 - 27.02.2020 11:00","188","189","157","156","143","91","287","320","153"
"27.02.2020 11:00 - 27.02.2020 12:00","252","258","245","232","195","150","319","362","173"
"27.02.2020 12:00 - 27.02.2020 13:00","279","291","304","267","221","134","345","369","190"
"27.02.2020 13:00 - 27.02.2020 14:00","254","264","303","266","213","105","343","352","232"
"27.02.2020 14:00 - 27.02.2020 15:00","195","213","244","313","201","98","321","296","185"
"27.02.2020 15:00 - 27.02.2020 16:00","126","130","134","280","190","90","289","246","111"
"27.02.2020 16:00 - 27.02.2020 17:00","69","67","70","265","171","158","265","220","119"
"27.02.2020 17:00 - 27.02.2020 18:00","10","10","7","272","223","472","240","203","144"
"27.02.2020 18:00 - 27.02.2020 19:00","0","0","1","229","289","545","254","207","138"
"27.02.2020 19:00 - 27.02.2020 20:00","0","0","0","154","290","495","274","249","233"
"27.02.2020 20:00 - 27.02.2020 21:00","0","0","0","171","294","544","287","282","401"
"27.02.2020 21:00 - 27.02.2020 22:00","0","0","0","229","367","422","302","331","440"
"27.02.2020 22:00 - 27.02.2020 23:00","0","0","0","309","471","371","303","359","464"
"27.02.2020 23:00 - 28.02.2020 00:00","0","0","0","377","566","650","378","477","630"
"28.02.2020 00:00 - 28.02.2020 01:00","0","N/A","0","607","N/A","592","641","N/A","697"
"28.02.2020 01:00 - 28.02.2020 02:00","0","N/A","0","647","N/A","712","731","N/A","728"
"28.02.2020 02:00 - 28.02.2020 03:00","0","N/A","0","667","N/A","768","804","N/A","804"
"28.02.2020 03:00 - 28.02.2020 04:00","0","N/A","0","777","N/A","828","834","N/A","1063"
"28.02.2020 04:00 - 28.02.2020 05:00","0","N/A","0","803","N/A","896","887","N/A","1104"
"28.02.2020 05:00 - 28.02.2020 06:00","0","N/A","0","795","N/A","888","978","N/A","1220"
"28.02.2020 06:00 - 28.02.2020 07:00","0","N/A","0","819","N/A","989","1104","N/A","1112"
"28.02.2020 07:00 - 28.02.2020 08:00","8","N/A","8","873","N/A","1073","1106","N/A","1268"
"28.02.2020 08:00 - 28.02.2020 09:00","70","73","73","850","1018","1023","1082","1390","1390"
"28.02.2020 09:00 - 28.02.2020 10:00","169","175","156","856","987","1000","1120","1439","1356"
"28.02.2020 10:00 - 28.02.2020 11:00","260","277","268","853","943","898","1226","1447","1328"
"28.02.2020 11:00 - 28.02.2020 12:00","323","333","336","802","825","843","1484","1520","1002"
"28.02.2020 12:00 - 28.02.2020 13:00","303","325","304","783","743","569","1690","1584","1125"
"28.02.2020 13:00 - 28.02.2020 14:00","236","258","329","780","612","272","1707","1534","1135"
"28.02.2020 14:00 - 28.02.2020 15:00","180","179","271","710","562","329","1657","1410","1068"
"28.02.2020 15:00 - 28.02.2020 16:00","127","123","180","697","650","532","1504","1233","881"
"28.02.2020 16:00 - 28.02.2020 17:00","74","65","91","731","710","391","1386","1094","662"
"28.02.2020 17:00 - 28.02.2020 18:00","12","10","9","760","733","539","1050","888","762"
"28.02.2020 18:00 - 28.02.2020 19:00","0","0","0","688","650","508","825","756","678"
"28.02.2020 19:00 - 28.02.2020 20:00","0","0","0","682","644","578","760","731","752"
"28.02.2020 20:00 - 28.02.2020 21:00","0","0","0","760","728","827","717","779","850"
"28.02.2020 21:00 - 28.02.2020 22:00","0","0","0","815","798","831","753","876","1040"
"28.02.2020 22:00 - 28.02.2020 23:00","0","0","0","816","826","882","779","952","1145"
"28.02.2020 23:00 - 29.02.2020 00:00","0","0","0","782","799","871","1011","1231","1100"
"29.02.2020 00:00 - 29.02.2020 01:00","0","N/A","0","842","N/A","895","1732","N/A","1281"
"29.02.2020 01:00 - 29.02.2020 02:00","0","N/A","0","869","N/A","891","1907","N/A","1359"
"29.02.2020 02:00 - 29.02.2020 03:00","0","N/A","0","875","N/A","903","2011","N/A","1729"
"29.02.2020 03:00 - 29.02.2020 04:00","0","N/A","0","957","N/A","987","2041","N/A","1723"
"29.02.2020 04:00 - 29.02.2020 05:00","0","N/A","0","993","N/A","1017","1916","N/A","1614"
"29.02.2020 05:00 - 29.02.2020 06:00","0","N/A","0","913","N/A","952","1861","N/A","1613"
"29.02.2020 06:00 - 29.02.2020 07:00","0","N/A","0","925","N/A","872","1776","N/A","1567"
"29.02.2020 07:00 - 29.02.2020 08:00","1","N/A","1","941","N/A","878","1665","N/A","1536"
"29.02.2020 08:00 - 29.02.2020 09:00","8","N/A","8","957","N/A","945","1683","N/A","1574"
"29.02.2020 09:00 - 29.02.2020 10:00","16","N/A","16","1005","N/A","1015","1744","N/A","1595"
"29.02.2020 10:00 - 29.02.2020 11:00","22","N/A","22","1026","N/A","1043","1827","N/A","1664"
"29.02.2020 11:00 - 29.02.2020 12:00","26","N/A","26","1031","N/A","1036","2012","N/A","1850"
"29.02.2020 12:00 - 29.02.2020 13:00","32","N/A","32","1040","N/A","1026","2059","N/A","1885"
"29.02.2020 13:00 - 29.02.2020 14:00","47","N/A","47","1040","N/A","1013","1920","N/A","1797"
"29.02.2020 14:00 - 29.02.2020 15:00","54","N/A","54","1030","N/A","997","1790","N/A","1677"
"29.02.2020 15:00 - 29.02.2020 16:00","48","N/A","48","1034","N/A","998","1699","N/A","1631"
"29.02.2020 16:00 - 29.02.2020 17:00","31","N/A","31","1039","N/A","1020","1869","N/A","1765"
"29.02.2020 17:00 - 29.02.2020 18:00","5","N/A","5","1045","N/A","1032","1957","N/A","2012"
"29.02.2020 18:00 - 29.02.2020 19:00","0","N/A","0","1046","N/A","1036","2125","N/A","2258"
"29.02.2020 19:00 - 29.02.2020 20:00","0","N/A","0","1030","N/A","1024","2358","N/A","2474"
"29.02.2020 20:00 - 29.02.2020 21:00","0","N/A","0","1031","N/A","1019","2527","N/A","2532"
"29.02.2020 21:00 - 29.02.2020 22:00","0","N/A","0","1012","N/A","1021","2785","N/A","2580"
"29.02.2020 22:00 - 29.02.2020 23:00","0","N/A","0","996","N/A","1013","2649","N/A","2451"
"29.02.2020 23:00 - 01.03.2020 00:00","0","N/A","0","1004","N/A","1001","2927","N/A","2598"
"01.03.2020 00:00 - 01.03.2020 01:00","N/A","N/A","","N/A","N/A","","N/A","N/A",""
"01.03.2020 01:00 - 01.03.2020 02:00","N/A","N/A","","N/A","N/A","","N/A","N/A",""
"01.03.2020 02:00 - 01.03.2020 03:00","N/A","N/A","","N/A","N/A","","N/A","N/A",""
"01.03.2020 03:00 - 01.03.2020 04:00","N/A","N/A","","N/A","N/A","","N/A","N/A",""
"01.03.2020 04:00 - 01.03.2020 05:00","N/A","N/A","","N/A","N/A","","N/A","N/A",""
"01.03.2020 05:00 - 01.03.2020 06:00","N/A","N/A","","N/A","N/A","","N/A","N/A",""
"01.03.2020 06:00 - 01.03.2020 07:00","N/A","N/A","","N/A","N/A","","N/A","N/A",""
"01.03.2020 07:00 - 01.03.2020 08:00","N/A","N/A","","N/A","N/A","","N/A","N/A",""
"01.03.2020 08:00 - 01.03.2020 09:00","N/A","N/A","","N/A","N/A","","N/A","N/A",""
"01.03.2020 09:00 - 01.03.2020 10:00","N/A","N/A","","N/A","N/A","","N/A","N/A",""
"01.03.2020 10:00 - 01.03.2020 11:00","N/A","N/A","","N/A","N/A","","N/A","N/A",""
"01.03.2020 11:00 - 01.03.2020 12:00","N/A","N/A","","N/A","N/A","","N/A","N/A",""
"01.03.2020 12:00 - 01.03.2020 13:00","N/A","N/A","","N/A","N/A","","N/A","N/A",""
"01.03.2020 13:00 - 01.03.2020 14:00","N/A","N/A","","N/A","N/A","","N/A","N/A",""
"01.03.2020 14:00 - 01.03.2020 15:00","N/A","N/A","","N/A","N/A","","N/A","N/A",""
"01.03.2020 15:00 - 01.03.2020 16:00","N/A","N/A","","N/A","N/A","","N/A","N/A",""
"01.03.2020 16:00 - 01.03.2020 17:00","N/A","N/A","","N/A","N/A","","N/A","N/A",""
"01.03.2020 17:00 - 01.03.2020 18:00","N/A","N/A","","N/A","N/A","","N/A","N/A",""
"01.03.2020 18:00 - 01.03.2020 19:00","N/A","N/A","","N/A","N/A","","N/A","N/A",""
"01.03.2020 19:00 - 01.03.2020 20:00","N/A","N/A","","N/A","N/A","","N/A","N/A",""
"01.03.2020 20:00 - 01.03.2020 21:00","N/A","N/A","","N/A","N/A","","N/A","N/A",""
"01.03.2020 21:00 - 01.03.2020 22:00","N/A","N/A","","N/A","N/A","","N/A","N/A",""
"01.03.2020 22:00 - 01.03.2020 23:00","N/A","N/A","","N/A","N/A","","N/A","N/A",""
"01.03.2020 23:00 - 02.03.2020 00:00","N/A","N/A","","N/A","N/A","","N/A","N/A",""
"02.03.2020 00:00 - 02.03.2020 01:00","N/A","0","0","N/A","N/A","979","N/A","N/A","1711"
"02.03.2020 01:00 - 02.03.2020 02:00","N/A","0","0","N/A","N/A","941","N/A","N/A","1546"
"02.03.2020 02:00 - 02.03.2020 03:00","N/A","0","0","N/A","N/A","933","N/A","N/A","1337"
"02.03.2020 03:00 - 02.03.2020 04:00","N/A","0","0","N/A","N/A","893","N/A","N/A","1218"
"02.03.2020 04:00 - 02.03.2020 05:00","N/A","0","0","N/A","N/A","817","N/A","N/A","1137"
"02.03.2020 05:00 - 02.03.2020 06:00","N/A","0","0","N/A","N/A","734","N/A","N/A","1031"
"02.03.2020 06:00 - 02.03.2020 07:00","N/A","0","0","N/A","N/A","717","N/A","N/A","980"
"02.03.2020 07:00 - 02.03.2020 08:00","N/A","5","12","N/A","N/A","656","N/A","N/A","896"
"02.03.2020 08:00 - 02.03.2020 09:00","N/A","45","88","N/A","197","612","N/A","201","878"
"02.03.2020 09:00 - 02.03.2020 10:00","N/A","103","200","N/A","222","714","N/A","173","775"
"02.03.2020 10:00 - 02.03.2020 11:00","N/A","157","271","N/A","264","561","N/A","157","735"
"02.03.2020 11:00 - 02.03.2020 12:00","N/A","191","333","N/A","237","611","N/A","196","809"
"02.03.2020 12:00 - 02.03.2020 13:00","N/A","199","296","N/A","187","405","N/A","257","878"
"02.03.2020 13:00 - 02.03.2020 14:00","N/A","180","210","N/A","184","376","N/A","288","755"
"02.03.2020 14:00 - 02.03.2020 15:00","N/A","143","175","N/A","194","290","N/A","309","547"
"02.03.2020 15:00 - 02.03.2020 16:00","N/A","100","132","N/A","205","204","N/A","327","397"
"02.03.2020 16:00 - 02.03.2020 17:00","N/A","55","69","N/A","201","176","N/A","300","264"
"02.03.2020 17:00 - 02.03.2020 18:00","N/A","10","16","N/A","188","117","N/A","227","216"
"02.03.2020 18:00 - 02.03.2020 19:00","N/A","0","0","N/A","177","144","N/A","170","146"
"02.03.2020 19:00 - 02.03.2020 20:00","N/A","0","0","N/A","165","93","N/A","167","157"
"02.03.2020 20:00 - 02.03.2020 21:00","N/A","0","0","N/A","153","125","N/A","171","201"
"02.03.2020 21:00 - 02.03.2020 22:00","N/A","0","0","N/A","146","103","N/A","187","263"
"02.03.2020 22:00 - 02.03.2020 23:00","N/A","0","0","N/A","154","101","N/A","189","317"
"02.03.2020 23:00 - 03.03.2020 00:00","N/A","0","0","N/A","164","108","N/A","232","358"
"03.03.2020 00:00 - 03.03.2020 01:00","0","N/A","0","233","N/A","178","347","N/A","379"
"03.03.2020 01:00 - 03.03.2020 02:00","0","N/A","0","293","N/A","169","394","N/A","359"
"03.03.2020 02:00 - 03.03.2020 03:00","0","N/A","0","287","N/A","265","427","N/A","416"
"03.03.2020 03:00 - 03.03.2020 04:00","0","N/A","0","213","N/A","107","469","N/A","508"
"03.03.2020 04:00 - 03.03.2020 05:00","0","N/A","0","151","N/A","160","526","N/A","602"
"03.03.2020 05:00 - 03.03.2020 06:00","0","N/A","0","171","N/A","214","612","N/A","694"
"03.03.2020 06:00 - 03.03.2020 07:00","0","N/A","0","212","N/A","288","693","N/A","772"
"03.03.2020 07:00 - 03.03.2020 08:00","3","N/A","3","221","N/A","298","733","N/A","935"
"03.03.2020 08:00 - 03.03.2020 09:00","17","26","26","223","362","406","765","912","912"
"03.03.2020 09:00 - 03.03.2020 10:00","40","61","38","248","365","291","762","862","745"
"03.03.2020 10:00 - 03.03.2020 11:00","64","96","57","256","306","213","639","746","633"
"03.03.2020 11:00 - 03.03.2020 12:00","93","141","99","208","251","251","503","600","548"
"03.03.2020 12:00 - 03.03.2020 13:00","109","168","129","167","219","194","397","479","456"
"03.03.2020 13:00 - 03.03.2020 14:00","108","166","157","147","212","160","343","417","439"
"03.03.2020 14:00 - 03.03.2020 15:00","97","146","178","166","208","153","295","370","335"
"03.03.2020 15:00 - 03.03.2020 16:00","80","111","132","144","173","106","250","325","243"
"03.03.2020 16:00 - 03.03.2020 17:00","57","66","85","132","138","91","225","274","222"
"03.03.2020 17:00 - 03.03.2020 18:00","15","16","34","115","110","91","179","206","149"
"03.03.2020 18:00 - 03.03.2020 19:00","0","0","5","98","87","56","150","153","127"
"03.03.2020 19:00 - 03.03.2020 20:00","0","0","1","81","61","36","153","125","125"
"03.03.2020 20:00 - 03.03.2020 21:00","0","0","0","94","66","25","163","123","84"
"03.03.2020 21:00 - 03.03.2020 22:00","0","0","0","119","79","46","185","140","95"
"03.03.2020 22:00 - 03.03.2020 23:00","0","0","0","133","94","52","196","166","100"
"03.03.2020 23:00 - 04.03.2020 00:00","0","0","0","147","144","53","235","204","135"
"04.03.2020 00:00 - 04.03.2020 01:00","0","N/A","0","90","N/A","90","186","N/A","123"
"04.03.2020 01:00 - 04.03.2020 02:00","0","N/A","0","116","N/A","83","198","N/A","160"
"04.03.2020 02:00 - 04.03.2020 03:00","0","N/A","0","133","N/A","135","208","N/A","207"
"04.03.2020 03:00 - 04.03.2020 04:00","0","N/A","0","173","N/A","112","216","N/A","195"
"04.03.2020 04:00 - 04.03.2020 05:00","0","N/A","0","232","N/A","136","209","N/A","174"
"04.03.2020 05:00 - 04.03.2020 06:00","0","N/A","0","251","N/A","165","196","N/A","182"
"04.03.2020 06:00 - 04.03.2020 07:00","0","N/A","0","251","N/A","129","205","N/A","208"
"04.03.2020 07:00 - 04.03.2020 08:00","14","N/A","18","286","N/A","283","205","N/A","263"
"04.03.2020 08:00 - 04.03.2020 09:00","80","92","92","350","250","249","218","320","320"
"04.03.2020 09:00 - 04.03.2020 10:00","186","188","212","389","237","244","239","339","351"
"04.03.2020 10:00 - 04.03.2020 11:00","274","265","337","379","210","224","297","394","276"
"04.03.2020 11:00 - 04.03.2020 12:00","312","300","384","315","221","319","420","507","464"
"04.03.2020 12:00 - 04.03.2020 13:00","318","308","270","279","245","415","508","616","670"
"04.03.2020 13:00 - 04.03.2020 14:00","264","271","193","295","263","545","535","723","849"
"04.03.2020 14:00 - 04.03.2020 15:00","192","218","158","277","275","479","570","771","883"
"04.03.2020 15:00 - 04.03.2020 16:00","146","147","113","259","290","329","588","774","871"
"04.03.2020 16:00 - 04.03.2020 17:00","86","81","102","210","231","282","556","714","868"
"04.03.2020 17:00 - 04.03.2020 18:00","21","19","22","185","218","300","434","572","676"
"04.03.2020 18:00 - 04.03.2020 19:00","0","0","1","209","206","170","360","473","461"
"04.03.2020 19:00 - 04.03.2020 20:00","0","0","0","213","203","226","373","411","434"
"04.03.2020 20:00 - 04.03.2020 21:00","0","0","0","219","232","186","379","371","344"
"04.03.2020 21:00 - 04.03.2020 22:00","0","0","0","219","256","175","392","346","318"
"04.03.2020 22:00 - 04.03.2020 23:00","0","0","0","271","295","180","390","291","237"
"04.03.2020 23:00 - 05.03.2020 00:00","0","0","0","293","290","145","401","248","207"
"05.03.2020 00:00 - 05.03.2020 01:00","0","N/A","0","129","N/A","189","231","N/A","171"
"05.03.2020 01:00 - 05.03.2020 02:00","0","N/A","0","94","N/A","130","200","N/A","153"
"05.03.2020 02:00 - 05.03.2020 03:00","0","N/A","0","69","N/A","83","172","N/A","118"
"05.03.2020 03:00 - 05.03.2020 04:00","0","N/A","0","53","N/A","72","153","N/A","88"
"05.03.2020 04:00 - 05.03.2020 05:00","0","N/A","0","40","N/A","55","123","N/A","80"
"05.03.2020 05:00 - 05.03.2020 06:00","0","N/A","0","29","N/A","28","94","N/A","74"
"05.03.2020 06:00 - 05.03.2020 07:00","0","N/A","0","23","N/A","28","87","N/A","61"
"05.03.2020 07:00 - 05.03.2020 08:00","17","N/A","17","18","N/A","35","86","N/A","88"
"05.03.2020 08:00 - 05.03.2020 09:00","91","82","82","13","12","12","89","80","80"
"05.03.2020 09:00 - 05.03.2020 10:00","192","178","166","12","24","25","93","84","52"
"05.03.2020 10:00 - 05.03.2020 11:00","277","260","311","17","38","36","88","85","28"
"05.03.2020 11:00 - 05.03.2020 12:00","320","314","338","25","41","24","84","87","27"
"05.03.2020 12:00 - 05.03.2020 13:00","328","351","304","24","32","12","81","79","26"
"05.03.2020 13:00 - 05.03.2020 14:00","294","326","249","30","32","27","74","71","36"
"05.03.2020 14:00 - 05.03.2020 15:00","243","261","217","33","25","38","82","70","41"
"05.03.2020 15:00 - 05.03.2020 16:00","183","190","181","44","26","20","109","86","75"
"05.03.2020 16:00 - 05.03.2020 17:00","104","108","104","56","25","1","148","115","95"
"05.03.2020 17:00 - 05.03.2020 18:00","23","26","25","80","50","37","187","163","123"
"05.03.2020 18:00 - 05.03.2020 19:00","0","0","1","140","116","58","228","228","191"
"05.03.2020 19:00 - 05.03.2020 20:00","0","0","1","173","172","143","281","283","304"
"05.03.2020 20:00 - 05.03.2020 21:00","0","0","0","201","230","273","316","337","414"
"05.03.2020 21:00 - 05.03.2020 22:00","0","0","0","245","304","258","351","406","408"
"05.03.2020 22:00 - 05.03.2020 23:00","0","0","0","267","305","278","381","438","459"
"05.03.2020 23:00 - 06.03.2020 00:00","0","0","0","290","331","350","446","487","568"
"06.03.2020 00:00 - 06.03.2020 01:00","0","N/A","0","447","N/A","437","542","N/A","545"
"06.03.2020 01:00 - 06.03.2020 02:00","0","N/A","0","507","N/A","482","604","N/A","578"
"06.03.2020 02:00 - 06.03.2020 03:00","0","N/A","0","545","N/A","507","696","N/A","593"
"06.03.2020 03:00 - 06.03.2020 04:00","0","N/A","0","635","N/A","628","790","N/A","679"
"06.03.2020 04:00 - 06.03.2020 05:00","0","N/A","0","705","N/A","672","876","N/A","903"
"06.03.2020 05:00 - 06.03.2020 06:00","0","N/A","0","771","N/A","756","950","N/A","968"
"06.03.2020 06:00 - 06.03.2020 07:00","0","N/A","0","831","N/A","673","990","N/A","1063"
"06.03.2020 07:00 - 06.03.2020 08:00","10","N/A","11","854","N/A","709","1024","N/A","1137"
"06.03.2020 08:00 - 06.03.2020 09:00","52","58","58","844","718","716","1157","1383","1383"
"06.03.2020 09:00 - 06.03.2020 10:00","115","125","101","853","759","702","1334","1443","1395"
"06.03.2020 10:00 - 06.03.2020 11:00","166","185","120","868","746","587","1358","1449","1362"
"06.03.2020 11:00 - 06.03.2020 12:00","207","234","164","870","748","585","1404","1446","1211"
"06.03.2020 12:00 - 06.03.2020 13:00","218","254","189","868","763","581","1433","1420","1246"
"06.03.2020 13:00 - 06.03.2020 14:00","192","217","184","840","733","529","1429","1430","1205"
"06.03.2020 14:00 - 06.03.2020 15:00","153","177","150","836","741","489","1412","1399","1115"
"06.03.2020 15:00 - 06.03.2020 16:00","110","125","119","828","753","554","1335","1343","996"
"06.03.2020 16:00 - 06.03.2020 17:00","56","63","69","809","758","615","1302","1273","872"
"06.03.2020 17:00 - 06.03.2020 18:00","12","15","21","817","682","498","1200","1167","683"
"06.03.2020 18:00 - 06.03.2020 19:00","0","0","1","818","646","511","1136","1030","588"
"06.03.2020 19:00 - 06.03.2020 20:00","0","0","0","795","681","450","1108","915","503"
"06.03.2020 20:00 - 06.03.2020 21:00","0","0","0","770","667","400","1008","816","552"
"06.03.2020 21:00 - 06.03.2020 22:00","0","0","0","739","593","275","915","729","488"
"06.03.2020 22:00 - 06.03.2020 23:00","0","0","0","686","553","155","769","604","525"
"06.03.2020 23:00 - 07.03.2020 00:00","0","0","0","614","471","101","683","521","379"
"07.03.2020 00:00 - 07.03.2020 01:00","0","N/A","0","166","N/A","55","207","N/A","379"
"07.03.2020 01:00 - 07.03.2020 02:00","0","N/A","0","189","N/A","75","194","N/A","345"
"07.03.2020 02:00 - 07.03.2020 03:00","0","N/A","0","192","N/A","71","185","N/A","198"
"07.03.2020 03:00 - 07.03.2020 04:00","0","N/A","0","182","N/A","101","178","N/A","261"
"07.03.2020 04:00 - 07.03.2020 05:00","0","N/A","0","142","N/A","126","189","N/A","180"
"07.03.2020 05:00 - 07.03.2020 06:00","0","N/A","0","125","N/A","109","207","N/A","170"
"07.03.2020 06:00 - 07.03.2020 07:00","0","N/A","0","143","N/A","59","209","N/A","147"
"07.03.2020 07:00 - 07.03.2020 08:00","21","N/A","23","127","N/A","47","184","N/A","116"
"07.03.2020 08:00 - 07.03.2020 09:00","91","100","100","109","29","28","151","61","61"
"07.03.2020 09:00 - 07.03.2020 10:00","188","196","184","89","23","6","127","52","50"
"07.03.2020 10:00 - 07.03.2020 11:00","264","283","289","73","25","17","127","65","40"
"07.03.2020 11:00 - 07.03.2020 12:00","320","352","349","69","34","8","149","95","60"
"07.03.2020 12:00 - 07.03.2020 13:00","351","371","326","78","43","35","190","135","106"
"07.03.2020 13:00 - 07.03.2020 14:00","307","337","336","85","58","69","231","192","113"
"07.03.2020 14:00 - 07.03.2020 15:00","257","259","248","125","81","112","271","250","167"
"07.03.2020 15:00 - 07.03.2020 16:00","183","187","203","122","137","154","281","279","375"
"07.03.2020 16:00 - 07.03.2020 17:00","102","114","129","131","214","367","265","300","475"
"07.03.2020 17:00 - 07.03.2020 18:00","30","33","46","200","388","493","235","355","694"
"07.03.2020 18:00 - 07.03.2020 19:00","0","0","0","320","506","602","271","475","936"
"07.03.2020 19:00 - 07.03.2020 20:00","0","0","0","337","548","724","405","662","1255"
"07.03.2020 20:00 - 07.03.2020 21:00","0","0","0","386","622","788","556","859","1588"
"07.03.2020 21:00 - 07.03.2020 22:00","0","0","0","473","703","885","743","1058","1979"
"07.03.2020 22:00 - 07.03.2020 23:00","0","0","0","534","737","1064","836","1210","1758"
"07.03.2020 23:00 - 08.03.2020 00:00","0","0","0","602","777","1078","992","1432","2300"
"08.03.2020 00:00 - 08.03.2020 01:00","0","N/A","0","971","N/A","1109","2073","N/A","2510"
"08.03.2020 01:00 - 08.03.2020 02:00","0","N/A","0","982","N/A","1115","2185","N/A","2541"
"08.03.2020 02:00 - 08.03.2020 03:00","0","N/A","0","963","N/A","1093","2252","N/A","2918"
"08.03.2020 03:00 - 08.03.2020 04:00","0","N/A","0","979","N/A","1106","2309","N/A","3046"
"08.03.2020 04:00 - 08.03.2020 05:00","0","N/A","0","985","N/A","1101","2348","N/A","3183"
"08.03.2020 05:00 - 08.03.2020 06:00","0","N/A","0","984","N/A","1122","2367","N/A","3236"
"08.03.2020 06:00 - 08.03.2020 07:00","0","N/A","0","1021","N/A","1111","2443","N/A","3342"
"08.03.2020 07:00 - 08.03.2020 08:00","4","N/A","4","1019","N/A","1118","2461","N/A","3317"
"08.03.2020 08:00 - 08.03.2020 09:00","19","24","24","989","1100","1115","2610","3032","3032"
"08.03.2020 09:00 - 08.03.2020 10:00","41","54","43","986","1084","1111","2799","3371","3200"
"08.03.2020 10:00 - 08.03.2020 11:00","55","78","49","981","1072","1102","2802","3338","3417"
"08.03.2020 11:00 - 08.03.2020 12:00","64","99","60","992","1059","1087","2885","3362","3617"
"08.03.2020 12:00 - 08.03.2020 13:00","65","99","45","1002","1035","1086","2855","3222","3621"
"08.03.2020 13:00 - 08.03.2020 14:00","51","71","37","1008","1026","1101","2748","3201","2939"
"08.03.2020 14:00 - 08.03.2020 15:00","38","54","43","1025","1037","1124","2650","3076","2852"
"08.03.2020 15:00 - 08.03.2020 16:00","30","36","31","1029","1050","1102","2437","3057","2679"
"08.03.2020 16:00 - 08.03.2020 17:00","19","16","15","989","1025","1119","2212","2972","2159"
"08.03.2020 17:00 - 08.03.2020 18:00","6","5","4","999","1048","1122","1876","2728","2168"
"08.03.2020 18:00 - 08.03.2020 19:00","0","0","1","991","1055","1098","1529","2242","2003"
"08.03.2020 19:00 - 08.03.2020 20:00","0","0","0","913","967","997","1286","1765","1872"
"08.03.2020 20:00 - 08.03.2020 21:00","0","0","0","837","912","963","1080","1429","1734"
"08.03.2020 21:00 - 08.03.2020 22:00","0","0","0","764","843","927","968","1220","1409"
"08.03.2020 22:00 - 08.03.2020 23:00","0","0","0","734","833","985","875","1041","1080"
"08.03.2020 23:00 - 09.03.2020 00:00","0","0","0","683","783","734","821","924","1041"
"09.03.2020 00:00 - 09.03.2020 01:00","0","N/A","0","575","N/A","645","799","N/A","854"
"09.03.2020 01:00 - 09.03.2020 02:00","0","N/A","0","461","N/A","538","677","N/A","716"
"09.03.2020 02:00 - 09.03.2020 03:00","0","N/A","0","340","N/A","572","579","N/A","553"
"09.03.2020 03:00 - 09.03.2020 04:00","0","N/A","0","283","N/A","401","510","N/A","529"
"09.03.2020 04:00 - 09.03.2020 05:00","0","N/A","0","305","N/A","380","440","N/A","432"
"09.03.2020 05:00 - 09.03.2020 06:00","0","N/A","0","258","N/A","200","372","N/A","337"
"09.03.2020 06:00 - 09.03.2020 07:00","0","N/A","0","306","N/A","207","358","N/A","317"
"09.03.2020 07:00 - 09.03.2020 08:00","9","N/A","6","345","N/A","233","345","N/A","267"
"09.03.2020 08:00 - 09.03.2020 09:00","46","42","42","353","196","201","361","247","247"
"09.03.2020 09:00 - 09.03.2020 10:00","104","101","114","353","181","233","393","273","228"
"09.03.2020 10:00 - 09.03.2020 11:00","131","150","154","316","178","177","400","295","238"
"09.03.2020 11:00 - 09.03.2020 12:00","164","210","160","284","198","138","402","320","256"
"09.03.2020 12:00 - 09.03.2020 13:00","183","239","196","314","222","141","423","363","297"
"09.03.2020 13:00 - 09.03.2020 14:00","200","225","234","331","203","96","472","413","360"
"09.03.2020 14:00 - 09.03.2020 15:00","197","206","208","346","242","130","555","474","403"
"09.03.2020 15:00 - 09.03.2020 16:00","149","150","187","357","264","254","578","501","394"
"09.03.2020 16:00 - 09.03.2020 17:00","89","90","102","366","274","370","580","487","386"
"09.03.2020 17:00 - 09.03.2020 18:00","24","25","24","381","298","244","519","453","489"
"09.03.2020 18:00 - 09.03.2020 19:00","0","0","2","404","374","353","504","428","419"
"09.03.2020 19:00 - 09.03.2020 20:00","0","0","0","453","439","382","547","496","425"
"09.03.2020 20:00 - 09.03.2020 21:00","0","0","0","482","480","315","598","590","714"
"09.03.2020 21:00 - 09.03.2020 22:00","0","0","0","498","475","380","647","651","845"
"09.03.2020 22:00 - 09.03.2020 23:00","0","0","0","551","557","541","667","675","668"
"09.03.2020 23:00 - 10.03.2020 00:00","0","0","0","537","606","554","682","703","604"
"10.03.2020 00:00 - 10.03.2020 01:00","0","N/A","0","583","N/A","681","782","N/A","683"
"10.03.2020 01:00 - 10.03.2020 02:00","0","N/A","0","723","N/A","785","857","N/A","768"
"10.03.2020 02:00 - 10.03.2020 03:00","0","N/A","0","790","N/A","1009","937","N/A","725"
"10.03.2020 03:00 - 10.03.2020 04:00","0","N/A","0","831","N/A","946","1077","N/A","738"
"10.03.2020 04:00 - 10.03.2020 05:00","0","N/A","0","871","N/A","909","1249","N/A","738"
"10.03.2020 05:00 - 10.03.2020 06:00","0","N/A","0","895","N/A","892","1443","N/A","1015"
"10.03.2020 06:00 - 10.03.2020 07:00","0","N/A","0","976","N/A","1025","1690","N/A","1101"
"10.03.2020 07:00 - 10.03.2020 08:00","6","N/A","5","1006","N/A","1019","1865","N/A","1116"
"10.03.2020 08:00 - 10.03.2020 09:00","20","23","23","1002","918","928","2157","1256","1256"
"10.03.2020 09:00 - 10.03.2020 10:00","31","47","40","1004","855","867","2394","2085","1295"
"10.03.2020 10:00 - 10.03.2020 11:00","33","56","49","999","818","751","2359","1933","1288"
"10.03.2020 11:00 - 10.03.2020 12:00","39","63","68","981","905","917","2231","1722","1375"
"10.03.2020 12:00 - 10.03.2020 13:00","50","72","69","977","942","1021","2043","1550","1259"
"10.03.2020 13:00 - 10.03.2020 14:00","51","94","77","970","936","1020","1900","1504","1264"
"10.03.2020 14:00 - 10.03.2020 15:00","37","101","70","994","942","1033","1891","1473","1228"
"10.03.2020 15:00 - 10.03.2020 16:00","21","59","28","1029","950","1010","1865","1506","1478"
"10.03.2020 16:00 - 10.03.2020 17:00","12","26","14","1028","930","1040","1994","1624","1316"
"10.03.2020 17:00 - 10.03.2020 18:00","3","8","5","1027","936","1036","2077","1775","1656"
"10.03.2020 18:00 - 10.03.2020 19:00","0","0","1","1034","946","1036","2116","1797","1496"
"10.03.2020 19:00 - 10.03.2020 20:00","0","0","0","1010","952","1009","2189","1894","1509"
"10.03.2020 20:00 - 10.03.2020 21:00","0","0","0","1001","984","947","2158","1931","1632"
"10.03.2020 21:00 - 10.03.2020 22:00","0","0","0","996","977","960","2177","1937","1463"
"10.03.2020 22:00 - 10.03.2020 23:00","0","0","0","1004","1006","984","2206","1999","1373"
"10.03.2020 23:00 - 11.03.2020 00:00","0","0","0","995","993","1011","2289","2139","1962"
"11.03.2020 00:00 - 11.03.2020 01:00","0","N/A","0","972","N/A","1125","2209","N/A","2150"
"11.03.2020 01:00 - 11.03.2020 02:00","0","N/A","0","968","N/A","1110","2300","N/A","2362"
"11.03.2020 02:00 - 11.03.2020 03:00","0","N/A","0","941","N/A","1094","2379","N/A","2158"
"11.03.2020 03:00 - 11.03.2020 04:00","0","N/A","0","945","N/A","1108","2410","N/A","2379"
"11.03.2020 04:00 - 11.03.2020 05:00","0","N/A","0","954","N/A","1097","2430","N/A","2092"
"11.03.2020 05:00 - 11.03.2020 06:00","0","N/A","0","952","N/A","1128","2403","N/A","1882"
"11.03.2020 06:00 - 11.03.2020 07:00","1","N/A","1","1011","N/A","1017","2452","N/A","1673"
"11.03.2020 07:00 - 11.03.2020 08:00","41","N/A","40","1022","N/A","980","2407","N/A","1611"
"11.03.2020 08:00 - 11.03.2020 09:00","137","138","138","1025","975","986","2517","2190","2190"
"11.03.2020 09:00 - 11.03.2020 10:00","254","252","224","1025","980","1023","2649","2579","2440"
"11.03.2020 10:00 - 11.03.2020 11:00","346","339","303","1020","989","994","2643","2542","2354"
"11.03.2020 11:00 - 11.03.2020 12:00","400","399","426","989","972","1022","2638","2501","2190"
"11.03.2020 12:00 - 11.03.2020 13:00","421","423","496","995","964","1064","2599","2427","2005"
"11.03.2020 13:00 - 11.03.2020 14:00","401","404","430","988","956","789","2547","2409","1841"
"11.03.2020 14:00 - 11.03.2020 15:00","343","348","416","1008","961","819","2551","2429","2691"
"11.03.2020 15:00 - 11.03.2020 16:00","255","258","320","1030","975","799","2517","2449","1741"
"11.03.2020 16:00 - 11.03.2020 17:00","141","141","165","1022","974","832","2570","2488","1508"
"11.03.2020 17:00 - 11.03.2020 18:00","38","41","41","1030","987","847","2448","2493","2010"
"11.03.2020 18:00 - 11.03.2020 19:00","1","1","0","1040","1008","1005","2327","2275","2064"
"11.03.2020 19:00 - 11.03.2020 20:00","0","0","0","1028","1006","1037","2328","2254","1879"
"11.03.2020 20:00 - 11.03.2020 21:00","0","0","0","1005","1011","970","2270","2284","1989"
"11.03.2020 21:00 - 11.03.2020 22:00","0","0","0","996","1001","1049","2220","2300","1814"
"11.03.2020 22:00 - 11.03.2020 23:00","0","0","0","975","1003","1028","2102","2200","1382"
"11.03.2020 23:00 - 12.03.2020 00:00","0","0","0","913","980","990","1918","1965","1317"
"12.03.2020 00:00 - 12.03.2020 01:00","0","N/A","0","905","N/A","1007","1779","N/A","1613"
"12.03.2020 01:00 - 12.03.2020 02:00","0","N/A","0","873","N/A","1029","1849","N/A","1480"
"12.03.2020 02:00 - 12.03.2020 03:00","0","N/A","0","846","N/A","1094","2047","N/A","1986"
"12.03.2020 03:00 - 12.03.2020 04:00","0","N/A","0","884","N/A","1014","2231","N/A","2093"
"12.03.2020 04:00 - 12.03.2020 05:00","0","N/A","0","926","N/A","781","2412","N/A","2477"
"12.03.2020 05:00 - 12.03.2020 06:00","0","N/A","0","924","N/A","360","2556","N/A","2520"
"12.03.2020 06:00 - 12.03.2020 07:00","1","N/A","1","956","N/A","1069","2765","N/A","2195"
"12.03.2020 07:00 - 12.03.2020 08:00","25","N/A","15","914","N/A","1005","2814","N/A","2178"
"12.03.2020 08:00 - 12.03.2020 09:00","100","56","56","866","876","883","2971","2108","2108"
"12.03.2020 09:00 - 12.03.2020 10:00","189","116","101","883","866","915","3095","3214","2240"
"12.03.2020 10:00 - 12.03.2020 11:00","239","180","140","887","839","955","3052","3210","2392"
"12.03.2020 11:00 - 12.03.2020 12:00","274","273","232","911","845","386","3087","3244","3077"
"12.03.2020 12:00 - 12.03.2020 13:00","289","310","251","909","862","948","3113","3146","2946"
"12.03.2020 13:00 - 12.03.2020 14:00","286","287","261","859","871","970","3054","3079","2882"
"12.03.2020 14:00 - 12.03.2020 15:00","246","231","278","883","915","1107","3058","3046","2544"
"12.03.2020 15:00 - 12.03.2020 16:00","188","188","214","931","929","1107","3063","3039","2147"
"12.03.2020 16:00 - 12.03.2020 17:00","117","98","107","942","919","973","3121","3054","1861"
"12.03.2020 17:00 - 12.03.2020 18:00","38","28","34","990","955","984","2956","3082","1939"
"12.03.2020 18:00 - 12.03.2020 19:00","0","0","0","1023","1004","785","2755","2860","1586"
"12.03.2020 19:00 - 12.03.2020 20:00","0","0","0","1030","1019","776","2687","2753","1575"
"12.03.2020 20:00 - 12.03.2020 21:00","0","0","0","1005","1017","826","2589","2679","1518"
"12.03.2020 21:00 - 12.03.2020 22:00","0","0","0","994","1004","850","2561","2615","1454"
"12.03.2020 22:00 - 12.03.2020 23:00","0","0","0","998","1020","794","2532","2585","1153"
"12.03.2020 23:00 - 13.03.2020 00:00","0","0","0","994","1007","812","2500","2473","1347"
"13.03.2020 00:00 - 13.03.2020 01:00","0","N/A","0","900","N/A","996","2030","N/A","1249"
"13.03.2020 01:00 - 13.03.2020 02:00","0","N/A","0","882","N/A","956","1892","N/A","1232"
"13.03.2020 02:00 - 13.03.2020 03:00","0","N/A","0","867","N/A","936","1684","N/A","1624"
"13.03.2020 03:00 - 13.03.2020 04:00","0","N/A","0","856","N/A","1019","1447","N/A","1438"
"13.03.2020 04:00 - 13.03.2020 05:00","0","N/A","0","820","N/A","944","1261","N/A","1124"
"13.03.2020 05:00 - 13.03.2020 06:00","0","N/A","0","818","N/A","971","996","N/A","925"
"13.03.2020 06:00 - 13.03.2020 07:00","1","N/A","1","809","N/A","643","857","N/A","830"
"13.03.2020 07:00 - 13.03.2020 08:00","20","N/A","14","822","N/A","812","868","N/A","737"
"13.03.2020 08:00 - 13.03.2020 09:00","70","60","60","826","819","838","1193","858","858"
"13.03.2020 09:00 - 13.03.2020 10:00","151","138","159","855","718","882","1673","1481","1374"
"13.03.2020 10:00 - 13.03.2020 11:00","218","214","247","887","701","980","2061","1804","1427"
"13.03.2020 11:00 - 13.03.2020 12:00","279","283","308","917","734","969","2390","2177","1742"
"13.03.2020 12:00 - 13.03.2020 13:00","312","326","250","991","826","1044","2556","2416","2249"
"13.03.2020 13:00 - 13.03.2020 14:00","310","299","241","991","913","1112","2505","2500","2248"
"13.03.2020 14:00 - 13.03.2020 15:00","267","281","285","1009","959","1119","2305","2431","1850"
"13.03.2020 15:00 - 13.03.2020 16:00","210","231","225","1018","954","1110","1956","2186","1382"
"13.03.2020 16:00 - 13.03.2020 17:00","133","136","148","1000","937","934","1786","1812","864"
"13.03.2020 17:00 - 13.03.2020 18:00","45","47","45","1022","807","740","1520","1345","1019"
"13.03.2020 18:00 - 13.03.2020 19:00","2","2","5","1031","645","767","1262","873","513"
"13.03.2020 19:00 - 13.03.2020 20:00","0","0","0","1010","626","814","1154","688","513"
"13.03.2020 20:00 - 13.03.2020 21:00","0","0","0","948","635","726","1045","628","346"
"13.03.2020 21:00 - 13.03.2020 22:00","0","0","0","879","616","765","929","585","412"
"13.03.2020 22:00 - 13.03.2020 23:00","0","0","0","698","525","614","744","460","251"
"13.03.2020 23:00 - 14.03.2020 00:00","0","0","0","521","319","486","549","318","154"
"14.03.2020 00:00 - 14.03.2020 01:00","0","N/A","0","280","N/A","181","116","N/A","50"
"14.03.2020 01:00 - 14.03.2020 02:00","0","N/A","0","172","N/A","96","55","N/A","22"
"14.03.2020 02:00 - 14.03.2020 03:00","0","N/A","0","98","N/A","27","18","N/A","12"
"14.03.2020 03:00 - 14.03.2020 04:00","0","N/A","0","66","N/A","7","0","N/A","14"
"14.03.2020 04:00 - 14.03.2020 05:00","0","N/A","0","46","N/A","0","11","N/A","18"
"14.03.2020 05:00 - 14.03.2020 06:00","0","N/A","0","37","N/A","3","46","N/A","23"
"14.03.2020 06:00 - 14.03.2020 07:00","2","N/A","2","44","N/A","21","84","N/A","37"
"14.03.2020 07:00 - 14.03.2020 08:00","50","N/A","50","89","N/A","43","103","N/A","65"
"14.03.2020 08:00 - 14.03.2020 09:00","155","158","158","134","86","88","163","150","150"
"14.03.2020 09:00 - 14.03.2020 10:00","279","288","347","186","138","130","258","243","220"
"14.03.2020 10:00 - 14.03.2020 11:00","377","392","471","235","227","277","418","402","239"
"14.03.2020 11:00 - 14.03.2020 12:00","419","445","529","390","391","410","609","633","521"
"14.03.2020 12:00 - 14.03.2020 13:00","418","448","507","580","575","559","753","836","761"
"14.03.2020 13:00 - 14.03.2020 14:00","397","416","464","729","737","707","901","991","969"
"14.03.2020 14:00 - 14.03.2020 15:00","341","353","390","830","834","889","1093","1112","1177"
"14.03.2020 15:00 - 14.03.2020 16:00","264","268","299","838","888","930","1300","1225","1363"
"14.03.2020 16:00 - 14.03.2020 17:00","156","159","182","873","922","1056","1440","1324","1463"
"14.03.2020 17:00 - 14.03.2020 18:00","50","54","74","982","991","1131","1399","1406","1536"
"14.03.2020 18:00 - 14.03.2020 19:00","2","2","7","1026","1013","1107","1502","1395","1345"
"14.03.2020 19:00 - 14.03.2020 20:00","0","0","0","1003","1008","1130","1742","1586","1382"
"14.03.2020 20:00 - 14.03.2020 21:00","0","0","0","987","1002","1110","1921","1850","1269"
"14.03.2020 21:00 - 14.03.2020 22:00","0","0","0","998","1007","1088","2161","2095","1187"
"14.03.2020 22:00 - 14.03.2020 23:00","0","0","0","995","1015","987","2343","2295","1154"
"14.03.2020 23:00 - 15.03.2020 00:00","0","0","0","990","998","968","2448","2404","1477"
"15.03.2020 00:00 - 15.03.2020 01:00","0","N/A","0","1015","N/A","966","2398","N/A","1383"
"15.03.2020 01:00 - 15.03.2020 02:00","0","N/A","0","1000","N/A","836","2443","N/A","1421"
"15.03.2020 02:00 - 15.03.2020 03:00","0","N/A","0","977","N/A","948","2452","N/A","1578"
"15.03.2020 03:00 - 15.03.2020 04:00","0","N/A","0","966","N/A","983","2451","N/A","1780"
"15.03.2020 04:00 - 15.03.2020 05:00","0","N/A","0","949","N/A","986","2459","N/A","1825"
"15.03.2020 05:00 - 15.03.2020 06:00","0","N/A","0","944","N/A","1032","2439","N/A","2240"
"15.03.2020 06:00 - 15.03.2020 07:00","0","N/A","0","987","N/A","1068","2536","N/A","2361"
"15.03.2020 07:00 - 15.03.2020 08:00","8","N/A","10","999","N/A","1104","2501","N/A","2170"
"15.03.2020 08:00 - 15.03.2020 09:00","24","28","28","987","1081","1096","2603","2460","2460"
"15.03.2020 09:00 - 15.03.2020 10:00","51","52","50","995","1062","1116","2706","2618","2655"
"15.03.2020 10:00 - 15.03.2020 11:00","66","62","53","1000","1060","1130","2709","2615","2412"
"15.03.2020 11:00 - 15.03.2020 12:00","75","73","66","988","1047","1104","2768","2639","2490"
"15.03.2020 12:00 - 15.03.2020 13:00","84","85","78","989","1034","1106","2767","2588","2521"
"15.03.2020 13:00 - 15.03.2020 14:00","87","89","84","985","1029","1094","2707","2552","2440"
"15.03.2020 14:00 - 15.03.2020 15:00","78","87","78","999","1037","1090","2681","2539","2418"
"15.03.2020 15:00 - 15.03.2020 16:00","62","66","48","1009","1042","985","2683","2560","2717"
"15.03.2020 16:00 - 15.03.2020 17:00","29","25","9","1005","1020","532","2771","2616","2895"
"15.03.2020 17:00 - 15.03.2020 18:00","8","8","6","1020","1032","1121","2709","2698","2511"
"15.03.2020 18:00 - 15.03.2020 19:00","0","0","0","1016","1030","1111","2656","2607","2570"
"15.03.2020 19:00 - 15.03.2020 20:00","0","0","0","1011","999","1119","2665","2637","2254"
"15.03.2020 20:00 - 15.03.2020 21:00","0","0","0","1004","1004","1103","2581","2642","2124"
"15.03.2020 21:00 - 15.03.2020 22:00","0","0","0","1015","1001","1124","2560","2595","2034"
"15.03.2020 22:00 - 15.03.2020 23:00","0","0","0","1005","1010","1106","2435","2488","1713"
"15.03.2020 23:00 - 16.03.2020 00:00","0","0","0","993","1005","1077","2209","2235","1693"
"16.03.2020 00:00 - 16.03.2020 01:00","0","N/A","0","954","N/A","1039","1726","N/A","1479"
"16.03.2020 01:00 - 16.03.2020 02:00","0","N/A","0","930","N/A","997","1524","N/A","1126"
"16.03.2020 02:00 - 16.03.2020 03:00","0","N/A","0","889","N/A","995","1374","N/A","1339"
"16.03.2020 03:00 - 16.03.2020 04:00","0","N/A","0","813","N/A","995","1273","N/A","1254"
"16.03.2020 04:00 - 16.03.2020 05:00","0","N/A","0","775","N/A","651","1180","N/A","1074"
"16.03.2020 05:00 - 16.03.2020 06:00","0","N/A","0","732","N/A","712","1031","N/A","904"
"16.03.2020 06:00 - 16.03.2020 07:00","2","N/A","2","666","N/A","504","899","N/A","826"
"16.03.2020 07:00 - 16.03.2020 08:00","35","N/A","40","550","N/A","522","758","N/A","699"
"16.03.2020 08:00 - 16.03.2020 09:00","87","104","104","447","333","339","714","591","591"
"16.03.2020 09:00 - 16.03.2020 10:00","152","162","127","371","291","396","724","593","574"
"16.03.2020 10:00 - 16.03.2020 11:00","201","218","164","334","246","315","710","567","638"
"16.03.2020 11:00 - 16.03.2020 12:00","253","276","261","252","177","141","710","538","632"
"16.03.2020 12:00 - 16.03.2020 13:00","281","325","337","191","124","180","684","534","549"
"16.03.2020 13:00 - 16.03.2020 14:00","274","316","330","186","97","239","641","530","568"
"16.03.2020 14:00 - 16.03.2020 15:00","231","269","276","173","80","189","550","466","539"
"16.03.2020 15:00 - 16.03.2020 16:00","175","200","217","114","70","116","434","376","501"
"16.03.2020 16:00 - 16.03.2020 17:00","109","127","140","70","68","115","375","347","437"
"16.03.2020 17:00 - 16.03.2020 18:00","41","47","55","66","54","110","282","308","394"
"16.03.2020 18:00 - 16.03.2020 19:00","3","3","3","105","67","130","256","261","347"
"16.03.2020 19:00 - 16.03.2020 20:00","0","0","0","131","94","135","280","252","266"
"16.03.2020 20:00 - 16.03.2020 21:00","0","0","0","148","144","273","330","269","370"
"16.03.2020 21:00 - 16.03.2020 22:00","0","0","0","179","187","270","370","310","489"
"16.03.2020 22:00 - 16.03.2020 23:00","0","0","0","233","214","269","375","355","572"
"16.03.2020 23:00 - 17.03.2020 00:00","0","0","0","284","266","424","466","467","781"
"17.03.2020 00:00 - 17.03.2020 01:00","0","N/A","0","396","N/A","586","679","N/A","932"
"17.03.2020 01:00 - 17.03.2020 02:00","0","N/A","0","504","N/A","772","860","N/A","1281"
"17.03.2020 02:00 - 17.03.2020 03:00","0","N/A","0","621","N/A","861","1044","N/A","1489"
"17.03.2020 03:00 - 17.03.2020 04:00","0","N/A","0","708","N/A","759","1234","N/A","1714"
"17.03.2020 04:00 - 17.03.2020 05:00","0","N/A","0","784","N/A","797","1369","N/A","1678"
"17.03.2020 05:00 - 17.03.2020 06:00","0","N/A","0","852","N/A","904","1485","N/A","1706"
"17.03.2020 06:00 - 17.03.2020 07:00","2","N/A","2","937","N/A","1017","1640","N/A","1573"
"17.03.2020 07:00 - 17.03.2020 08:00","30","N/A","22","1000","N/A","1049","1706","N/A","1593"
"17.03.2020 08:00 - 17.03.2020 09:00","76","58","58","997","1088","1105","1859","1924","1924"
"17.03.2020 09:00 - 17.03.2020 10:00","124","113","131","1009","1062","1122","2011","2158","1943"
"17.03.2020 10:00 - 17.03.2020 11:00","127","142","162","1000","1038","778","1976","2039","1753"
"17.03.2020 11:00 - 17.03.2020 12:00","119","162","222","968","1012","849","1962","1926","1732"
"17.03.2020 12:00 - 17.03.2020 13:00","113","139","186","968","993","950","1924","1945","1369"
"17.03.2020 13:00 - 17.03.2020 14:00","101","117","175","946","959","734","1855","1894","1249"
"17.03.2020 14:00 - 17.03.2020 15:00","99","114","125","943","931","798","1777","1801","1485"
"17.03.2020 15:00 - 17.03.2020 16:00","69","83","70","951","951","508","1744","1771","1188"
"17.03.2020 16:00 - 17.03.2020 17:00","39","35","32","936","943","416","1756","1718","1195"
"17.03.2020 17:00 - 17.03.2020 18:00","17","16","20","925","920","613","1546","1571","1606"
"17.03.2020 18:00 - 17.03.2020 19:00","1","1","0","920","896","626","1400","1434","1621"
"17.03.2020 19:00 - 17.03.2020 20:00","0","0","0","865","854","701","1314","1379","1591"
"17.03.2020 20:00 - 17.03.2020 21:00","0","0","0","834","840","688","1247","1347","1596"
"17.03.2020 21:00 - 17.03.2020 22:00","0","0","0","844","838","716","1276","1293","1490"
"17.03.2020 22:00 - 17.03.2020 23:00","0","0","0","886","859","884","1243","1264","1469"
"17.03.2020 23:00 - 18.03.2020 00:00","0","0","0","894","880","1027","1283","1426","1433"
"18.03.2020 00:00 - 18.03.2020 01:00","0","N/A","0","842","N/A","1054","1493","N/A","1279"
"18.03.2020 01:00 - 18.03.2020 02:00","0","N/A","0","873","N/A","954","1787","N/A","1460"
"18.03.2020 02:00 - 18.03.2020 03:00","0","N/A","0","881","N/A","1007","2174","N/A","1535"
"18.03.2020 03:00 - 18.03.2020 04:00","0","N/A","0","879","N/A","952","2446","N/A","1694"
"18.03.2020 04:00 - 18.03.2020 05:00","0","N/A","0","908","N/A","951","2581","N/A","1101"
"18.03.2020 05:00 - 18.03.2020 06:00","0","N/A","0","932","N/A","965","2652","N/A","1882"
"18.03.2020 06:00 - 18.03.2020 07:00","0","N/A","0","1001","N/A","969","2713","N/A","1908"
"18.03.2020 07:00 - 18.03.2020 08:00","6","N/A","7","1024","N/A","851","2513","N/A","1767"
"18.03.2020 08:00 - 18.03.2020 09:00","26","26","26","1014","839","843","2286","1578","1578"
"18.03.2020 09:00 - 18.03.2020 10:00","67","62","69","961","757","853","2078","2149","1405"
"18.03.2020 10:00 - 18.03.2020 11:00","108","95","91","799","645","692","1828","1886","1146"
"18.03.2020 11:00 - 18.03.2020 12:00","167","138","132","691","555","580","1704","1707","1148"
"18.03.2020 12:00 - 18.03.2020 13:00","224","173","182","635","493","505","1632","1653","1217"
"18.03.2020 13:00 - 18.03.2020 14:00","232","180","189","540","400","578","1564","1544","956"
"18.03.2020 14:00 - 18.03.2020 15:00","213","177","165","459","327","519","1440","1424","1371"
"18.03.2020 15:00 - 18.03.2020 16:00","168","147","145","441","329","485","1286","1334","1299"
"18.03.2020 16:00 - 18.03.2020 17:00","105","96","80","438","339","393","1201","1238","1048"
"18.03.2020 17:00 - 18.03.2020 18:00","37","36","30","475","401","483","961","1063","876"
"18.03.2020 18:00 - 18.03.2020 19:00","2","2","3","506","427","552","834","849","675"
"18.03.2020 19:00 - 18.03.2020 20:00","0","0","0","473","446","532","821","727","655"
"18.03.2020 20:00 - 18.03.2020 21:00","0","0","0","456","469","559","849","700","673"
"18.03.2020 21:00 - 18.03.2020 22:00","0","0","0","469","472","503","891","704","686"
"18.03.2020 22:00 - 18.03.2020 23:00","0","0","0","479","462","402","813","679","670"
"18.03.2020 23:00 - 19.03.2020 00:00","0","0","0","499","441","382","799","709","742"
"19.03.2020 00:00 - 19.03.2020 01:00","0","N/A","0","487","N/A","379","632","N/A","638"
"19.03.2020 01:00 - 19.03.2020 02:00","0","N/A","0","433","N/A","464","608","N/A","657"
"19.03.2020 02:00 - 19.03.2020 03:00","0","N/A","0","371","N/A","417","572","N/A","573"
"19.03.2020 03:00 - 19.03.2020 04:00","0","N/A","0","329","N/A","376","553","N/A","567"
"19.03.2020 04:00 - 19.03.2020 05:00","0","N/A","0","354","N/A","376","551","N/A","526"
"19.03.2020 05:00 - 19.03.2020 06:00","0","N/A","0","388","N/A","358","535","N/A","500"
"19.03.2020 06:00 - 19.03.2020 07:00","5","N/A","5","396","N/A","340","536","N/A","497"
"19.03.2020 07:00 - 19.03.2020 08:00","63","N/A","60","384","N/A","313","524","N/A","486"
"19.03.2020 08:00 - 19.03.2020 09:00","170","163","163","369","264","264","557","450","450"
"19.03.2020 09:00 - 19.03.2020 10:00","284","275","315","364","255","263","699","547","451"
"19.03.2020 10:00 - 19.03.2020 11:00","364","362","384","394","256","236","838","636","758"
"19.03.2020 11:00 - 19.03.2020 12:00","415","414","472","412","252","245","1036","751","928"
"19.03.2020 12:00 - 19.03.2020 13:00","430","433","488","430","249","293","1172","887","1043"
"19.03.2020 13:00 - 19.03.2020 14:00","396","410","440","396","242","296","1236","984","1080"
"19.03.2020 14:00 - 19.03.2020 15:00","349","363","383","433","239","291","1245","1044","1074"
"19.03.2020 15:00 - 19.03.2020 16:00","266","267","300","456","267","332","1236","1063","1106"
"19.03.2020 16:00 - 19.03.2020 17:00","156","155","162","468","299","372","1274","1028","1101"
"19.03.2020 17:00 - 19.03.2020 18:00","56","57","55","448","320","353","1088","883","973"
"19.03.2020 18:00 - 19.03.2020 19:00","4","4","5","446","348","401","1012","769","844"
"19.03.2020 19:00 - 19.03.2020 20:00","0","0","0","424","367","453","1014","758","831"
"19.03.2020 20:00 - 19.03.2020 21:00","0","0","0","433","417","416","1039","775","900"
"19.03.2020 21:00 - 19.03.2020 22:00","0","0","0","455","450","396","1063","784","999"
"19.03.2020 22:00 - 19.03.2020 23:00","0","0","0","522","467","409","962","751","1004"
"19.03.2020 23:00 - 20.03.2020 00:00","0","0","0","538","425","402","974","748","1119"
"20.03.2020 00:00 - 20.03.2020 01:00","0","N/A","0","371","N/A","422","794","N/A","1142"
"20.03.2020 01:00 - 20.03.2020 02:00","0","N/A","0","372","N/A","459","777","N/A","1134"
"20.03.2020 02:00 - 20.03.2020 03:00","0","N/A","0","349","N/A","557","744","N/A","1015"
"20.03.2020 03:00 - 20.03.2020 04:00","0","N/A","0","367","N/A","552","709","N/A","967"
"20.03.2020 04:00 - 20.03.2020 05:00","0","N/A","0","433","N/A","609","674","N/A","919"
"20.03.2020 05:00 - 20.03.2020 06:00","0","N/A","0","522","N/A","722","621","N/A","842"
"20.03.2020 06:00 - 20.03.2020 07:00","5","N/A","5","584","N/A","691","587","N/A","722"
"20.03.2020 07:00 - 20.03.2020 08:00","63","N/A","66","596","N/A","709","538","N/A","655"
"20.03.2020 08:00 - 20.03.2020 09:00","170","179","179","602","730","747","530","545","545"
"20.03.2020 09:00 - 20.03.2020 10:00","292","310","336","624","747","648","632","553","720"
"20.03.2020 10:00 - 20.03.2020 11:00","394","413","456","641","701","479","711","575","801"
"20.03.2020 11:00 - 20.03.2020 12:00","458","465","529","621","690","521","843","656","915"
"20.03.2020 12:00 - 20.03.2020 13:00","474","475","548","606","686","459","966","761","1019"
"20.03.2020 13:00 - 20.03.2020 14:00","444","443","498","631","689","530","1074","846","1105"
"20.03.2020 14:00 - 20.03.2020 15:00","390","402","464","704","729","578","1149","930","1143"
"20.03.2020 15:00 - 20.03.2020 16:00","300","311","356","801","743","758","1257","990","1148"
"20.03.2020 16:00 - 20.03.2020 17:00","183","184","233","846","761","832","1340","1013","1111"
"20.03.2020 17:00 - 20.03.2020 18:00","69","71","103","879","779","928","1149","923","1022"
"20.03.2020 18:00 - 20.03.2020 19:00","5","6","16","870","809","942","997","825","739"
"20.03.2020 19:00 - 20.03.2020 20:00","0","0","2","863","809","994","987","807","629"
"20.03.2020 20:00 - 20.03.2020 21:00","0","0","0","851","783","746","968","796","567"
"20.03.2020 21:00 - 20.03.2020 22:00","0","0","0","852","720","629","995","761","617"
"20.03.2020 22:00 - 20.03.2020 23:00","0","0","0","841","602","399","900","635","546"
"20.03.2020 23:00 - 21.03.2020 00:00","0","0","0","768","454","465","797","565","488"
"21.03.2020 00:00 - 21.03.2020 01:00","0","N/A","0","409","N/A","450","386","N/A","387"
"21.03.2020 01:00 - 21.03.2020 02:00","0","N/A","0","355","N/A","298","362","N/A","403"
"21.03.2020 02:00 - 21.03.2020 03:00","0","N/A","0","334","N/A","214","344","N/A","380"
"21.03.2020 03:00 - 21.03.2020 04:00","0","N/A","0","281","N/A","226","333","N/A","405"
"21.03.2020 04:00 - 21.03.2020 05:00","0","N/A","0","225","N/A","205","323","N/A","377"
"21.03.2020 05:00 - 21.03.2020 06:00","0","N/A","0","218","N/A","168","294","N/A","329"
"21.03.2020 06:00 - 21.03.2020 07:00","7","N/A","7","213","N/A","246","277","N/A","301"
"21.03.2020 07:00 - 21.03.2020 08:00","76","N/A","79","209","N/A","260","252","N/A","273"
"21.03.2020 08:00 - 21.03.2020 09:00","194","200","200","197","214","217","237","217","217"
"21.03.2020 09:00 - 21.03.2020 10:00","318","336","397","179","183","156","274","248","201"
"21.03.2020 10:00 - 21.03.2020 11:00","416","440","512","190","178","204","324","271","247"
"21.03.2020 11:00 - 21.03.2020 12:00","472","488","580","223","189","216","382","296","309"
"21.03.2020 12:00 - 21.03.2020 13:00","485","493","566","221","191","206","402","316","362"
"21.03.2020 13:00 - 21.03.2020 14:00","458","461","516","195","203","138","423","328","406"
"21.03.2020 14:00 - 21.03.2020 15:00","399","405","452","226","224","182","454","351","410"
"21.03.2020 15:00 - 21.03.2020 16:00","305","316","365","278","233","158","469","358","395"
"21.03.2020 16:00 - 21.03.2020 17:00","182","187","215","297","243","268","483","352","430"
"21.03.2020 17:00 - 21.03.2020 18:00","68","71","103","280","282","304","386","304","377"
"21.03.2020 18:00 - 21.03.2020 19:00","5","6","13","289","268","282","368","276","391"
"21.03.2020 19:00 - 21.03.2020 20:00","0","0","2","345","304","306","443","311","353"
"21.03.2020 20:00 - 21.03.2020 21:00","0","0","0","388","353","250","523","354","507"
"21.03.2020 21:00 - 21.03.2020 22:00","0","0","0","441","409","313","599","396","616"
"21.03.2020 22:00 - 21.03.2020 23:00","0","0","0","459","434","379","567","397","671"
"21.03.2020 23:00 - 22.03.2020 00:00","0","0","0","451","398","497","574","417","548"
"22.03.2020 00:00 - 22.03.2020 01:00","0","N/A","0","319","N/A","553","463","N/A","647"
"22.03.2020 01:00 - 22.03.2020 02:00","0","N/A","0","282","N/A","550","469","N/A","667"
"22.03.2020 02:00 - 22.03.2020 03:00","0","N/A","0","245","N/A","304","451","N/A","583"
"22.03.2020 03:00 - 22.03.2020 04:00","0","N/A","0","292","N/A","226","456","N/A","656"
"22.03.2020 04:00 - 22.03.2020 05:00","0","N/A","0","291","N/A","192","449","N/A","546"
"22.03.2020 05:00 - 22.03.2020 06:00","0","N/A","0","231","N/A","224","431","N/A","549"
"22.03.2020 06:00 - 22.03.2020 07:00","9","N/A","9","223","N/A","188","432","N/A","655"
"22.03.2020 07:00 - 22.03.2020 08:00","79","N/A","80","269","N/A","164","445","N/A","723"
"22.03.2020 08:00 - 22.03.2020 09:00","198","197","197","314","286","293","459","600","600"
"22.03.2020 09:00 - 22.03.2020 10:00","320","325","349","359","396","348","531","660","653"
"22.03.2020 10:00 - 22.03.2020 11:00","411","417","483","417","439","380","568","692","780"
"22.03.2020 11:00 - 22.03.2020 12:00","462","468","478","349","382","408","536","651","682"
"22.03.2020 12:00 - 22.03.2020 13:00","477","480","481","255","294","341","475","597","596"
"22.03.2020 13:00 - 22.03.2020 14:00","454","453","419","199","220","343","446","564","506"
"22.03.2020 14:00 - 22.03.2020 15:00","398","407","376","175","208","303","408","540","476"
"22.03.2020 15:00 - 22.03.2020 16:00","304","317","306","160","216","252","386","497","426"
"22.03.2020 16:00 - 22.03.2020 17:00","181","189","195","169","235","270","380","509","463"
"22.03.2020 17:00 - 22.03.2020 18:00","69","74","77","243","292","516","358","480","490"
"22.03.2020 18:00 - 22.03.2020 19:00","6","6","10","317","359","567","387","457","502"
"22.03.2020 19:00 - 22.03.2020 20:00","0","0","1","411","518","776","461","490","571"
"22.03.2020 20:00 - 22.03.2020 21:00","0","0","0","493","582","760","533","601","663"
"22.03.2020 21:00 - 22.03.2020 22:00","0","0","0","587","654","834","639","744","787"
"22.03.2020 22:00 - 22.03.2020 23:00","0","0","0","689","719","949","758","832","883"
"22.03.2020 23:00 - 23.03.2020 00:00","0","0","0","756","795","964","855","908","999"
"23.03.2020 00:00 - 23.03.2020 01:00","0","N/A","0","905","N/A","1029","1029","N/A","1035"
"23.03.2020 01:00 - 23.03.2020 02:00","0","N/A","0","949","N/A","1033","1036","N/A","1046"
"23.03.2020 02:00 - 23.03.2020 03:00","0","N/A","0","907","N/A","986","986","N/A","860"
"23.03.2020 03:00 - 23.03.2020 04:00","0","N/A","0","868","N/A","1007","955","N/A","817"
"23.03.2020 04:00 - 23.03.2020 05:00","0","N/A","0","824","N/A","991","921","N/A","820"
"23.03.2020 05:00 - 23.03.2020 06:00","0","N/A","0","753","N/A","917","885","N/A","713"
"23.03.2020 06:00 - 23.03.2020 07:00","10","N/A","10","766","N/A","836","872","N/A","763"
"23.03.2020 07:00 - 23.03.2020 08:00","85","N/A","82","772","N/A","924","837","N/A","761"
"23.03.2020 08:00 - 23.03.2020 09:00","204","201","201","777","967","979","781","757","757"
"23.03.2020 09:00 - 23.03.2020 10:00","322","325","385","763","934","857","839","757","638"
"23.03.2020 10:00 - 23.03.2020 11:00","420","432","526","780","877","874","960","857","834"
"23.03.2020 11:00 - 23.03.2020 12:00","480","494","595","836","858","860","1052","959","1082"
"23.03.2020 12:00 - 23.03.2020 13:00","494","503","592","807","837","910","1052","1004","1085"
"23.03.2020 13:00 - 23.03.2020 14:00","467","470","549","817","843","910","1055","995","870"
"23.03.2020 14:00 - 23.03.2020 15:00","409","409","492","854","853","948","985","963","946"
"23.03.2020 15:00 - 23.03.2020 16:00","312","310","391","842","838","971","925","911","738"
"23.03.2020 16:00 - 23.03.2020 17:00","187","186","238","816","825","903","841","835","690"
"23.03.2020 17:00 - 23.03.2020 18:00","71","71","98","828","857","923","715","764","656"
"23.03.2020 18:00 - 23.03.2020 19:00","7","7","15","813","873","856","760","778","637"
"23.03.2020 19:00 - 23.03.2020 20:00","0","0","2","837","895","914","941","932","800"
"23.03.2020 20:00 - 23.03.2020 21:00","0","0","0","863","898","959","1138","1189","1100"
"23.03.2020 21:00 - 23.03.2020 22:00","0","0","0","921","939","1113","1403","1405","1429"
"23.03.2020 22:00 - 23.03.2020 23:00","0","0","0","955","982","1111","1499","1446","1191"
"23.03.2020 23:00 - 24.03.2020 00:00","0","0","0","982","985","1098","1521","1467","1040"
"24.03.2020 00:00 - 24.03.2020 01:00","0","N/A","0","1002","N/A","1106","1451","N/A","1310"
"24.03.2020 01:00 - 24.03.2020 02:00","0","N/A","0","1020","N/A","1111","1410","N/A","1341"
"24.03.2020 02:00 - 24.03.2020 03:00","0","N/A","0","996","N/A","1061","1278","N/A","1121"
"24.03.2020 03:00 - 24.03.2020 04:00","0","N/A","0","970","N/A","909","1218","N/A","1216"
"24.03.2020 04:00 - 24.03.2020 05:00","0","N/A","0","928","N/A","1030","1271","N/A","1199"
"24.03.2020 05:00 - 24.03.2020 06:00","0","N/A","0","916","N/A","1016","1355","N/A","1192"
"24.03.2020 06:00 - 24.03.2020 07:00","12","N/A","12","965","N/A","1025","1455","N/A","1388"
"24.03.2020 07:00 - 24.03.2020 08:00","89","N/A","90","980","N/A","1127","1498","N/A","1231"
"24.03.2020 08:00 - 24.03.2020 09:00","200","208","208","1006","1140","1146","1549","1201","1201"
"24.03.2020 09:00 - 24.03.2020 10:00","302","318","328","1003","1100","1091","1616","1397","1103"
"24.03.2020 10:00 - 24.03.2020 11:00","389","397","380","994","1082","1070","1643","1401","1147"
"24.03.2020 11:00 - 24.03.2020 12:00","445","440","448","1015","1080","1045","1621","1393","1207"
"24.03.2020 12:00 - 24.03.2020 13:00","451","440","466","988","1040","1003","1575","1412","1204"
"24.03.2020 13:00 - 24.03.2020 14:00","427","418","452","979","1027","1038","1584","1397","1250"
"24.03.2020 14:00 - 24.03.2020 15:00","375","369","424","993","1031","1054","1530","1383","1239"
"24.03.2020 15:00 - 24.03.2020 16:00","287","278","337","997","1032","1048","1484","1378","1525"
"24.03.2020 16:00 - 24.03.2020 17:00","176","172","220","972","1027","1014","1389","1326","1262"
"24.03.2020 17:00 - 24.03.2020 18:00","69","71","100","986","1035","1036","1196","1220","1202"
"24.03.2020 18:00 - 24.03.2020 19:00","7","8","14","978","1017","1004","1176","1184","1108"
"24.03.2020 19:00 - 24.03.2020 20:00","0","0","2","961","981","1009","1291","1305","1209"
"24.03.2020 20:00 - 24.03.2020 21:00","0","0","0","946","974","1044","1405","1502","1407"
"24.03.2020 21:00 - 24.03.2020 22:00","0","0","0","952","988","1029","1561","1623","1448"
"24.03.2020 22:00 - 24.03.2020 23:00","0","0","0","970","1010","1042","1646","1656","1283"
"24.03.2020 23:00 - 25.03.2020 00:00","0","0","0","989","1004","1091","1710","1669","1417"
"25.03.2020 00:00 - 25.03.2020 01:00","0","N/A","0","1004","N/A","1064","1703","N/A","1556"
"25.03.2020 01:00 - 25.03.2020 02:00","0","N/A","0","1029","N/A","1082","1700","N/A","1459"
"25.03.2020 02:00 - 25.03.2020 03:00","0","N/A","0","999","N/A","1057","1639","N/A","1483"
"25.03.2020 03:00 - 25.03.2020 04:00","0","N/A","0","982","N/A","1084","1580","N/A","1513"
"25.03.2020 04:00 - 25.03.2020 05:00","0","N/A","0","942","N/A","1071","1515","N/A","1368"
"25.03.2020 05:00 - 25.03.2020 06:00","0","N/A","0","914","N/A","1077","1419","N/A","1313"
"25.03.2020 06:00 - 25.03.2020 07:00","14","N/A","14","928","N/A","1058","1372","N/A","1297"
"25.03.2020 07:00 - 25.03.2020 08:00","96","N/A","95","909","N/A","1013","1322","N/A","1189"
"25.03.2020 08:00 - 25.03.2020 09:00","222","223","223","900","1032","1048","1256","1146","1146"
"25.03.2020 09:00 - 25.03.2020 10:00","346","348","387","871","1000","976","1229","1207","1181"
"25.03.2020 10:00 - 25.03.2020 11:00","439","445","515","860","967","938","1217","1202","1159"
"25.03.2020 11:00 - 25.03.2020 12:00","494","512","580","864","930","864","1185","1181","1159"
"25.03.2020 12:00 - 25.03.2020 13:00","503","523","568","821","840","793","1095","1135","1063"
"25.03.2020 13:00 - 25.03.2020 14:00","468","488","536","767","751","605","1025","1039","892"
"25.03.2020 14:00 - 25.03.2020 15:00","403","426","476","702","669","582","891","915","801"
"25.03.2020 15:00 - 25.03.2020 16:00","306","326","374","582","596","504","763","781","853"
"25.03.2020 16:00 - 25.03.2020 17:00","186","191","246","464","528","400","638","649","669"
"25.03.2020 17:00 - 25.03.2020 18:00","75","79","118","381","457","358","476","503","486"
"25.03.2020 18:00 - 25.03.2020 19:00","8","9","22","358","406","313","422","419","399"
"25.03.2020 19:00 - 25.03.2020 20:00","0","0","3","343","340","242","448","417","394"
"25.03.2020 20:00 - 25.03.2020 21:00","0","0","0","320","302","217","477","457","485"
"25.03.2020 21:00 - 25.03.2020 22:00","0","0","0","327","319","206","531","504","498"
"25.03.2020 22:00 - 25.03.2020 23:00","0","0","0","366","364","304","554","483","648"
"25.03.2020 23:00 - 26.03.2020 00:00","0","0","0","378","369","450","552","467","696"
"26.03.2020 00:00 - 26.03.2020 01:00","0","N/A","0","394","N/A","423","499","N/A","676"
"26.03.2020 01:00 - 26.03.2020 02:00","0","N/A","0","391","N/A","394","468","N/A","638"
"26.03.2020 02:00 - 26.03.2020 03:00","0","N/A","0","331","N/A","334","439","N/A","586"
"26.03.2020 03:00 - 26.03.2020 04:00","0","N/A","0","265","N/A","245","396","N/A","494"
"26.03.2020 04:00 - 26.03.2020 05:00","0","N/A","0","198","N/A","132","327","N/A","358"
"26.03.2020 05:00 - 26.03.2020 06:00","0","N/A","0","126","N/A","76","267","N/A","295"
"26.03.2020 06:00 - 26.03.2020 07:00","14","N/A","14","124","N/A","57","252","N/A","251"
"26.03.2020 07:00 - 26.03.2020 08:00","94","N/A","90","148","N/A","54","246","N/A","253"
"26.03.2020 08:00 - 26.03.2020 09:00","217","214","214","179","77","77","238","257","257"
"26.03.2020 09:00 - 26.03.2020 10:00","341","341","381","199","126","148","254","256","140"
"26.03.2020 10:00 - 26.03.2020 11:00","436","437","524","187","156","165","279","275","108"
"26.03.2020 11:00 - 26.03.2020 12:00","492","499","588","179","169","96","306","317","170"
"26.03.2020 12:00 - 26.03.2020 13:00","502","509","582","176","181","137","332","368","303"
"26.03.2020 13:00 - 26.03.2020 14:00","475","478","547","185","175","139","347","370","226"
"26.03.2020 14:00 - 26.03.2020 15:00","413","419","491","158","114","38","305","308","235"
"26.03.2020 15:00 - 26.03.2020 16:00","319","328","394","123","55","21","259","234","164"
"26.03.2020 16:00 - 26.03.2020 17:00","201","206","251","90","24","26","234","195","145"
"26.03.2020 17:00 - 26.03.2020 18:00","84","88","115","73","41","15","190","172","128"
"26.03.2020 18:00 - 26.03.2020 19:00","11","12","21","81","51","51","175","167","159"
"26.03.2020 19:00 - 26.03.2020 20:00","0","0","3","125","69","79","208","165","211"
"26.03.2020 20:00 - 26.03.2020 21:00","0","0","0","156","101","108","243","170","260"
"26.03.2020 21:00 - 26.03.2020 22:00","0","0","0","148","137","100","265","175","265"
"26.03.2020 22:00 - 26.03.2020 23:00","0","0","0","131","154","110","254","169","229"
"26.03.2020 23:00 - 27.03.2020 00:00","0","0","0","108","121","91","246","168","232"
"27.03.2020 00:00 - 27.03.2020 01:00","0","N/A","0","96","N/A","91","222","N/A","244"
"27.03.2020 01:00 - 27.03.2020 02:00","0","N/A","0","95","N/A","62","214","N/A","268"
"27.03.2020 02:00 - 27.03.2020 03:00","0","N/A","0","102","N/A","51","199","N/A","275"
"27.03.2020 03:00 - 27.03.2020 04:00","0","N/A","0","111","N/A","50","184","N/A","225"
"27.03.2020 04:00 - 27.03.2020 05:00","0","N/A","0","103","N/A","31","178","N/A","182"
"27.03.2020 05:00 - 27.03.2020 06:00","0","N/A","0","89","N/A","33","174","N/A","158"
"27.03.2020 06:00 - 27.03.2020 07:00","17","N/A","17","89","N/A","39","175","N/A","161"
"27.03.2020 07:00 - 27.03.2020 08:00","100","N/A","100","93","N/A","28","165","N/A","150"
"27.03.2020 08:00 - 27.03.2020 09:00","226","229","229","95","38","38","145","124","124"
"27.03.2020 09:00 - 27.03.2020 10:00","351","366","407","88","48","47","131","115","77"
"27.03.2020 10:00 - 27.03.2020 11:00","442","460","515","73","54","45","136","129","96"
"27.03.2020 11:00 - 27.03.2020 12:00","494","510","580","75","51","42","151","145","113"
"27.03.2020 12:00 - 27.03.2020 13:00","505","512","578","86","50","26","152","142","74"
"27.03.2020 13:00 - 27.03.2020 14:00","476","478","541","70","43","22","145","135","59"
"27.03.2020 14:00 - 27.03.2020 15:00","418","420","490","72","78","47","132","150","44"
"27.03.2020 15:00 - 27.03.2020 16:00","328","329","394","116","170","173","151","193","159"
"27.03.2020 16:00 - 27.03.2020 17:00","205","206","250","206","250","232","200","238","234"
"27.03.2020 17:00 - 27.03.2020 18:00","86","89","116","340","289","452","225","263","277"
"27.03.2020 18:00 - 27.03.2020 19:00","11","12","21","425","340","416","254","275","296"
"27.03.2020 19:00 - 27.03.2020 20:00","0","0","3","437","381","421","272","259","261"
"27.03.2020 20:00 - 27.03.2020 21:00","0","0","0","388","324","343","260","242","259"
"27.03.2020 21:00 - 27.03.2020 22:00","0","0","0","327","245","181","246","231","266"
"27.03.2020 22:00 - 27.03.2020 23:00","0","0","0","258","186","165","222","210","290"
"27.03.2020 23:00 - 28.03.2020 00:00","0","0","0","196","143","147","203","207","266"
"28.03.2020 00:00 - 28.03.2020 01:00","0","N/A","0","147","N/A","152","268","N/A","255"
"28.03.2020 01:00 - 28.03.2020 02:00","0","N/A","0","167","N/A","124","328","N/A","302"
"28.03.2020 02:00 - 28.03.2020 03:00","0","N/A","0","228","N/A","138","420","N/A","311"
"28.03.2020 03:00 - 28.03.2020 04:00","0","N/A","0","333","N/A","240","514","N/A","386"
"28.03.2020 04:00 - 28.03.2020 05:00","0","N/A","0","466","N/A","392","574","N/A","377"
"28.03.2020 05:00 - 28.03.2020 06:00","0","N/A","0","581","N/A","423","634","N/A","447"
"28.03.2020 06:00 - 28.03.2020 07:00","14","N/A","14","644","N/A","423","721","N/A","584"
"28.03.2020 07:00 - 28.03.2020 08:00","80","N/A","72","642","N/A","592","791","N/A","688"
"28.03.2020 08:00 - 28.03.2020 09:00","203","168","168","677","688","708","866","609","609"
"28.03.2020 09:00 - 28.03.2020 10:00","335","304","379","704","682","719","973","698","776"
"28.03.2020 10:00 - 28.03.2020 11:00","422","416","518","747","680","701","1039","808","939"
"28.03.2020 11:00 - 28.03.2020 12:00","463","462","556","763","695","676","1093","908","1053"
"28.03.2020 12:00 - 28.03.2020 13:00","473","452","544","805","726","715","1125","1022","863"
"28.03.2020 13:00 - 28.03.2020 14:00","449","428","499","886","764","689","1235","1122","1027"
"28.03.2020 14:00 - 28.03.2020 15:00","385","384","454","968","855","815","1362","1257","1524"
"28.03.2020 15:00 - 28.03.2020 16:00","275","297","348","1008","934","489","1554","1469","1360"
"28.03.2020 16:00 - 28.03.2020 17:00","167","177","212","989","965","731","1704","1608","1060"
"28.03.2020 17:00 - 28.03.2020 18:00","72","78","102","1011","1011","949","1676","1633","1053"
"28.03.2020 18:00 - 28.03.2020 19:00","10","11","27","1016","1024","964","1727","1656","1171"
"28.03.2020 19:00 - 28.03.2020 20:00","0","0","5","995","1003","1005","1856","1773","1152"
"28.03.2020 20:00 - 28.03.2020 21:00","0","0","0","959","977","991","2042","2037","1465"
"28.03.2020 21:00 - 28.03.2020 22:00","0","0","0","950","960","1033","2333","2284","2001"
"28.03.2020 22:00 - 28.03.2020 23:00","0","0","0","943","963","1064","2563","2521","1967"
"28.03.2020 23:00 - 29.03.2020 00:00","0","0","0","963","972","1088","2641","2681","2204"
"29.03.2020 00:00 - 29.03.2020 01:00","0","N/A","0","925","N/A","1093","2766","N/A","2219"
"29.03.2020 01:00 - 29.03.2020 02:00","0","N/A","0","953","N/A","1113","2822","N/A","2392"
"29.03.2020 02:00 - 29.03.2020 03:00","","","","","","","","",""
"29.03.2020 03:00 - 29.03.2020 04:00","0","N/A","0","925","N/A","1082","2735","N/A","2442"
"29.03.2020 04:00 - 29.03.2020 05:00","0","N/A","0","918","N/A","766","2687","N/A","3614"
"29.03.2020 05:00 - 29.03.2020 06:00","0","N/A","0","894","N/A","1076","2596","N/A","2420"
"29.03.2020 06:00 - 29.03.2020 07:00","0","N/A","0","939","N/A","1120","2434","N/A","2522"
"29.03.2020 07:00 - 29.03.2020 08:00","20","N/A","20","1002","N/A","1112","2336","N/A","2599"
"29.03.2020 08:00 - 29.03.2020 09:00","108","105","105","1018","1116","1120","2209","2410","2410"
"29.03.2020 09:00 - 29.03.2020 10:00","239","238","238","1039","1114","1152","2118","2232","2475"
"29.03.2020 10:00 - 29.03.2020 11:00","365","367","411","1019","1086","939","1974","2014","2355"
"29.03.2020 11:00 - 29.03.2020 12:00","458","460","534","973","1053","432","1759","1819","1927"
"29.03.2020 12:00 - 29.03.2020 13:00","513","514","603","919","1010","302","1545","1595","1757"
"29.03.2020 13:00 - 29.03.2020 14:00","524","525","603","826","921","381","1365","1330","1741"
"29.03.2020 14:00 - 29.03.2020 15:00","497","499","573","835","914","401","1293","1264","1335"
"29.03.2020 15:00 - 29.03.2020 16:00","439","441","516","885","930","465","1232","1226","1155"
"29.03.2020 16:00 - 29.03.2020 17:00","344","351","424","874","890","380","1242","1205","1233"
"29.03.2020 17:00 - 29.03.2020 18:00","217","224","278","779","830","626","1255","1249","1417"
"29.03.2020 18:00 - 29.03.2020 19:00","92","98","129","779","827","801","1170","1186","1412"
"29.03.2020 19:00 - 29.03.2020 20:00","14","15","28","803","815","956","1102","1106","1354"
"29.03.2020 20:00 - 29.03.2020 21:00","0","0","1","793","830","1016","1050","1105","1280"
"29.03.2020 21:00 - 29.03.2020 22:00","0","0","0","764","787","975","1011","1164","1323"
"29.03.2020 22:00 - 29.03.2020 23:00","0","0","0","775","754","932","1019","1184","1487"
"29.03.2020 23:00 - 30.03.2020 00:00","0","0","0","731","780","985","1022","1187","1594"
"30.03.2020 00:00 - 30.03.2020 01:00","0","N/A","0","879","N/A","968","1451","N/A","1378"
"30.03.2020 01:00 - 30.03.2020 02:00","0","N/A","0","878","N/A","1068","1379","N/A","1404"
"30.03.2020 02:00 - 30.03.2020 03:00","0","N/A","0","863","N/A","970","1327","N/A","1400"
"30.03.2020 03:00 - 30.03.2020 04:00","0","N/A","0","798","N/A","891","1218","N/A","1476"
"30.03.2020 04:00 - 30.03.2020 05:00","0","N/A","0","762","N/A","973","1097","N/A","1472"
"30.03.2020 05:00 - 30.03.2020 06:00","0","N/A","0","784","N/A","939","952","N/A","1317"
"30.03.2020 06:00 - 30.03.2020 07:00","0","N/A","0","845","N/A","846","833","N/A","1078"
"30.03.2020 07:00 - 30.03.2020 08:00","20","N/A","18","901","N/A","868","758","N/A","937"
"30.03.2020 08:00 - 30.03.2020 09:00","105","85","85","930","964","989","707","680","680"
"30.03.2020 09:00 - 30.03.2020 10:00","231","210","210","812","948","1006","782","635","700"
"30.03.2020 10:00 - 30.03.2020 11:00","355","347","374","681","711","848","903","670","893"
"30.03.2020 11:00 - 30.03.2020 12:00","448","439","506","595","537","427","981","755","920"
"30.03.2020 12:00 - 30.03.2020 13:00","502","490","563","559","516","454","1044","881","1116"
"30.03.2020 13:00 - 30.03.2020 14:00","516","487","532","559","556","547","1087","981","1211"
"30.03.2020 14:00 - 30.03.2020 15:00","494","465","548","579","626","672","1161","1024","1275"
"30.03.2020 15:00 - 30.03.2020 16:00","437","416","507","638","695","774","1165","1045","1397"
"30.03.2020 16:00 - 30.03.2020 17:00","344","340","422","704","727","946","1192","1062","1500"
"30.03.2020 17:00 - 30.03.2020 18:00","219","223","281","737","748","941","1173","1029","1514"
"30.03.2020 18:00 - 30.03.2020 19:00","95","102","133","796","646","866","1007","896","1424"
"30.03.2020 19:00 - 30.03.2020 20:00","14","17","30","786","614","843","781","701","1077"
"30.03.2020 20:00 - 30.03.2020 21:00","0","0","1","725","627","876","608","561","618"
"30.03.2020 21:00 - 30.03.2020 22:00","0","0","0","603","584","606","492","488","473"
"30.03.2020 22:00 - 30.03.2020 23:00","0","0","0","468","418","519","424","440","428"
"30.03.2020 23:00 - 31.03.2020 00:00","0","0","0","350","241","340","335","332","395"
"31.03.2020 00:00 - 31.03.2020 01:00","0","N/A","0","175","N/A","300","453","N/A","323"
"31.03.2020 01:00 - 31.03.2020 02:00","0","N/A","0","113","N/A","183","371","N/A","256"
"31.03.2020 02:00 - 31.03.2020 03:00","0","N/A","0","84","N/A","116","326","N/A","190"
"31.03.2020 03:00 - 31.03.2020 04:00","0","N/A","0","55","N/A","44","293","N/A","134"
"31.03.2020 04:00 - 31.03.2020 05:00","0","N/A","0","35","N/A","9","218","N/A","100"
"31.03.2020 05:00 - 31.03.2020 06:00","0","N/A","0","23","N/A","3","141","N/A","120"
"31.03.2020 06:00 - 31.03.2020 07:00","0","N/A","0","20","N/A","35","183","N/A","210"
"31.03.2020 07:00 - 31.03.2020 08:00","26","N/A","27","48","N/A","85","326","N/A","320"
"31.03.2020 08:00 - 31.03.2020 09:00","118","119","119","102","65","61","480","480","480"
"31.03.2020 09:00 - 31.03.2020 10:00","243","243","262","177","111","85","679","698","654"
"31.03.2020 10:00 - 31.03.2020 11:00","354","354","404","229","200","148","914","952","950"
"31.03.2020 11:00 - 31.03.2020 12:00","428","432","489","297","286","253","1124","1155","1397"
"31.03.2020 12:00 - 31.03.2020 13:00","474","474","511","388","409","459","1308","1289","1615"
"31.03.2020 13:00 - 31.03.2020 14:00","486","479","468","437","490","538","1420","1406","1731"
"31.03.2020 14:00 - 31.03.2020 15:00","451","426","388","515","539","639","1562","1497","1718"
"31.03.2020 15:00 - 31.03.2020 16:00","376","340","299","629","601","737","1678","1627","1593"
"31.03.2020 16:00 - 31.03.2020 17:00","285","240","212","690","673","627","1821","1778","2002"
"31.03.2020 17:00 - 31.03.2020 18:00","170","131","121","719","726","704","1900","1850","2128"
"31.03.2020 18:00 - 31.03.2020 19:00","72","63","55","793","802","783","1816","1808","2077"
"31.03.2020 19:00 - 31.03.2020 20:00","11","12","10","866","855","951","1845","1815","2044"
"31.03.2020 20:00 - 31.03.2020 21:00","0","0","0","893","876","1013","1864","1835","1930"
"31.03.2020 21:00 - 31.03.2020 22:00","0","0","0","874","854","960","1862","1812","1964"
"31.03.2020 22:00 - 31.03.2020 23:00","0","0","0","866","838","1013","1948","1756","2089"
"31.03.2020 23:00 - 01.04.2020 00:00","0","0","0","871","849","1000","1955","1749","2064"
"01.04.2020 00:00 - 01.04.2020 01:00","0","N/A","0","860","N/A","982","1774","N/A","1925"
"01.04.2020 01:00 - 01.04.2020 02:00","0","N/A","0","835","N/A","983","1657","N/A","1903"
"01.04.2020 02:00 - 01.04.2020 03:00","0","N/A","0","831","N/A","933","1600","N/A","1872"
"01.04.2020 03:00 - 01.04.2020 04:00","0","N/A","0","797","N/A","909","1543","N/A","1682"
"01.04.2020 04:00 - 01.04.2020 05:00","0","N/A","0","788","N/A","1018","1494","N/A","1354"
"01.04.2020 05:00 - 01.04.2020 06:00","0","N/A","0","831","N/A","1057","1418","N/A","1281"
"01.04.2020 06:00 - 01.04.2020 07:00","0","N/A","0","874","N/A","975","1408","N/A","1090"
"01.04.2020 07:00 - 01.04.2020 08:00","16","N/A","16","912","N/A","984","1455","N/A","1292"
"01.04.2020 08:00 - 01.04.2020 09:00","68","67","67","887","1015","1011","1504","1481","1481"
"01.04.2020 09:00 - 01.04.2020 10:00","153","158","167","884","1014","1073","1664","1818","1527"
"01.04.2020 10:00 - 01.04.2020 11:00","216","219","266","857","983","908","1856","1914","1834"
"01.04.2020 11:00 - 01.04.2020 12:00","248","243","278","832","964","1010","1967","2014","1834"
"01.04.2020 12:00 - 01.04.2020 13:00","282","230","227","859","960","991","2086","2101","2078"
"01.04.2020 13:00 - 01.04.2020 14:00","308","225","290","860","923","1032","2146","2220","1965"
"01.04.2020 14:00 - 01.04.2020 15:00","310","223","296","905","921","952","2205","2243","1906"
"01.04.2020 15:00 - 01.04.2020 16:00","262","229","262","943","972","1086","2217","2286","2319"
"01.04.2020 16:00 - 01.04.2020 17:00","197","200","156","968","997","1039","2258","2360","2769"
"01.04.2020 17:00 - 01.04.2020 18:00","122","131","105","942","987","1090","2242","2360","2552"
"01.04.2020 18:00 - 01.04.2020 19:00","55","66","37","953","1006","1093","2054","2244","2396"
"01.04.2020 19:00 - 01.04.2020 20:00","11","12","3","957","1004","1107","2003","2209","2316"
"01.04.2020 20:00 - 01.04.2020 21:00","0","0","0","935","993","1106","1979","2256","2297"
"01.04.2020 21:00 - 01.04.2020 22:00","0","0","0","896","973","1084","1990","2316","2276"
"01.04.2020 22:00 - 01.04.2020 23:00","0","0","0","917","984","1118","2082","2376","2417"
"01.04.2020 23:00 - 02.04.2020 00:00","0","0","0","948","1002","1045","2166","2408","2399"
"02.04.2020 00:00 - 02.04.2020 01:00","0","N/A","0","1026","N/A","1089","2373","N/A","2220"
"02.04.2020 01:00 - 02.04.2020 02:00","0","N/A","0","1018","N/A","1086","2199","N/A","2074"
"02.04.2020 02:00 - 02.04.2020 03:00","0","N/A","0","991","N/A","1064","2119","N/A","2018"
"02.04.2020 03:00 - 02.04.2020 04:00","0","N/A","0","897","N/A","1041","1925","N/A","1908"
"02.04.2020 04:00 - 02.04.2020 05:00","0","N/A","0","817","N/A","1024","1804","N/A","1911"
"02.04.2020 05:00 - 02.04.2020 06:00","0","N/A","0","828","N/A","1067","1795","N/A","1851"
"02.04.2020 06:00 - 02.04.2020 07:00","0","N/A","0","865","N/A","1074","1910","N/A","1805"
"02.04.2020 07:00 - 02.04.2020 08:00","20","N/A","20","929","N/A","1127","2057","N/A","1749"
"02.04.2020 08:00 - 02.04.2020 09:00","86","81","81","976","1121","1118","2221","1949","1949"
"02.04.2020 09:00 - 02.04.2020 10:00","170","155","187","1027","1132","1132","2506","2654","2053"
"02.04.2020 10:00 - 02.04.2020 11:00","243","242","263","1019","1100","1119","2739","2773","2040"
"02.04.2020 11:00 - 02.04.2020 12:00","279","295","214","1005","1090","1121","2832","2886","2270"
"02.04.2020 12:00 - 02.04.2020 13:00","302","323","249","1002","1074","1044","2921","2963","2124"
"02.04.2020 13:00 - 02.04.2020 14:00","301","268","178","960","1008","1090","2932","3059","2138"
"02.04.2020 14:00 - 02.04.2020 15:00","241","218","170","962","988","1099","2985","2992","2199"
"02.04.2020 15:00 - 02.04.2020 16:00","160","180","132","982","996","1122","2942","2950","2250"
"02.04.2020 16:00 - 02.04.2020 17:00","121","124","89","991","1001","1123","2941","2962","2189"
"02.04.2020 17:00 - 02.04.2020 18:00","100","126","116","971","991","1082","2942","2967","2035"
"02.04.2020 18:00 - 02.04.2020 19:00","65","72","59","995","988","1015","2796","2863","2145"
"02.04.2020 19:00 - 02.04.2020 20:00","13","15","12","997","986","970","2848","2826","1941"
"02.04.2020 20:00 - 02.04.2020 21:00","0","0","0","951","968","931","2872","2867","1878"
"02.04.2020 21:00 - 02.04.2020 22:00","0","0","0","897","883","687","2866","2926","1870"
"02.04.2020 22:00 - 02.04.2020 23:00","0","0","0","910","854","643","2945","2970","1930"
"02.04.2020 23:00 - 03.04.2020 00:00","0","0","0","920","911","621","2937","2958","1996"
"03.04.2020 00:00 - 03.04.2020 01:00","0","N/A","0","843","N/A","472","3003","N/A","2025"
"03.04.2020 01:00 - 03.04.2020 02:00","0","N/A","0","898","N/A","804","2864","N/A","1582"
"03.04.2020 02:00 - 03.04.2020 03:00","0","N/A","0","967","N/A","821","2800","N/A","1742"
"03.04.2020 03:00 - 03.04.2020 04:00","0","N/A","0","934","N/A","787","2653","N/A","1638"
"03.04.2020 04:00 - 03.04.2020 05:00","0","N/A","0","920","N/A","870","2557","N/A","1665"
"03.04.2020 05:00 - 03.04.2020 06:00","0","N/A","0","890","N/A","849","2493","N/A","1689"
"03.04.2020 06:00 - 03.04.2020 07:00","0","N/A","0","923","N/A","970","2491","N/A","1566"
"03.04.2020 07:00 - 03.04.2020 08:00","29","N/A","30","969","N/A","973","2524","N/A","1628"
"03.04.2020 08:00 - 03.04.2020 09:00","120","121","121","986","979","981","2570","2157","2157"
"03.04.2020 09:00 - 03.04.2020 10:00","245","243","241","1013","996","1055","2658","2590","2524"
"03.04.2020 10:00 - 03.04.2020 11:00","351","361","324","996","966","1098","2703","2570","2717"
"03.04.2020 11:00 - 03.04.2020 12:00","436","442","455","986","935","1069","2679","2548","2442"
"03.04.2020 12:00 - 03.04.2020 13:00","464","480","512","973","893","1063","2656","2511","2312"
"03.04.2020 13:00 - 03.04.2020 14:00","458","498","471","947","821","978","2616","2519","2527"
"03.04.2020 14:00 - 03.04.2020 15:00","439","464","492","903","789","930","2609","2426","2010"
"03.04.2020 15:00 - 03.04.2020 16:00","395","397","425","903","780","818","2543","2360","1916"
"03.04.2020 16:00 - 03.04.2020 17:00","306","316","343","903","788","662","2510","2320","2177"
"03.04.2020 17:00 - 03.04.2020 18:00","200","205","224","883","767","677","2415","2196","1951"
"03.04.2020 18:00 - 03.04.2020 19:00","94","100","113","805","744","860","2121","1905","1757"
"03.04.2020 19:00 - 03.04.2020 20:00","18","19","21","729","698","553","1859","1573","1606"
"03.04.2020 20:00 - 03.04.2020 21:00","0","0","0","749","677","703","1618","1294","1171"
"03.04.2020 21:00 - 03.04.2020 22:00","0","0","0","683","613","680","1387","1094","971"
"03.04.2020 22:00 - 03.04.2020 23:00","0","0","0","617","545","625","1215","930","811"
"03.04.2020 23:00 - 04.04.2020 00:00","0","0","0","602","538","608","1085","847","768"
"04.04.2020 00:00 - 04.04.2020 01:00","0","N/A","0","595","N/A","520","642","N/A","544"
"04.04.2020 01:00 - 04.04.2020 02:00","0","N/A","0","525","N/A","469","537","N/A","496"
"04.04.2020 02:00 - 04.04.2020 03:00","0","N/A","0","466","N/A","481","489","N/A","456"
"04.04.2020 03:00 - 04.04.2020 04:00","0","N/A","0","416","N/A","439","461","N/A","471"
"04.04.2020 04:00 - 04.04.2020 05:00","0","N/A","0","343","N/A","419","424","N/A","462"
"04.04.2020 05:00 - 04.04.2020 06:00","0","N/A","0","297","N/A","429","373","N/A","389"
"04.04.2020 06:00 - 04.04.2020 07:00","1","N/A","1","235","N/A","452","343","N/A","350"
"04.04.2020 07:00 - 04.04.2020 08:00","27","N/A","30","217","N/A","465","315","N/A","376"
"04.04.2020 08:00 - 04.04.2020 09:00","90","108","108","289","415","416","290","359","359"
"04.04.2020 09:00 - 04.04.2020 10:00","144","193","231","319","394","480","309","396","270"
"04.04.2020 10:00 - 04.04.2020 11:00","210","226","271","281","406","445","406","510","290"
"04.04.2020 11:00 - 04.04.2020 12:00","271","239","372","413","437","469","494","596","460"
"04.04.2020 12:00 - 04.04.2020 13:00","256","252","358","467","462","477","611","706","598"
"04.04.2020 13:00 - 04.04.2020 14:00","263","253","281","471","518","236","709","793","520"
"04.04.2020 14:00 - 04.04.2020 15:00","246","285","223","470","544","233","753","832","553"
"04.04.2020 15:00 - 04.04.2020 16:00","257","271","223","497","606","496","807","835","943"
"04.04.2020 16:00 - 04.04.2020 17:00","225","224","262","408","613","654","819","833","1017"
"04.04.2020 17:00 - 04.04.2020 18:00","156","145","148","470","574","690","736","793","781"
"04.04.2020 18:00 - 04.04.2020 19:00","72","74","72","566","621","616","566","708","660"
"04.04.2020 19:00 - 04.04.2020 20:00","14","16","12","527","580","477","439","595","589"
"04.04.2020 20:00 - 04.04.2020 21:00","0","0","0","441","533","459","406","584","542"
"04.04.2020 21:00 - 04.04.2020 22:00","0","0","0","474","544","449","492","643","548"
"04.04.2020 22:00 - 04.04.2020 23:00","0","0","0","458","562","388","561","688","563"
"04.04.2020 23:00 - 05.04.2020 00:00","0","0","0","499","571","309","593","699","570"
"05.04.2020 00:00 - 05.04.2020 01:00","0","N/A","0","542","N/A","286","672","N/A","516"
"05.04.2020 01:00 - 05.04.2020 02:00","0","N/A","0","563","N/A","349","614","N/A","477"
"05.04.2020 02:00 - 05.04.2020 03:00","0","N/A","0","659","N/A","550","655","N/A","605"
"05.04.2020 03:00 - 05.04.2020 04:00","0","N/A","0","745","N/A","471","757","N/A","717"
"05.04.2020 04:00 - 05.04.2020 05:00","0","N/A","0","764","N/A","517","835","N/A","782"
"05.04.2020 05:00 - 05.04.2020 06:00","0","N/A","0","693","N/A","452","881","N/A","866"
"05.04.2020 06:00 - 05.04.2020 07:00","1","N/A","1","727","N/A","552","936","N/A","974"
"05.04.2020 07:00 - 05.04.2020 08:00","32","N/A","34","800","N/A","598","934","N/A","1020"
"05.04.2020 08:00 - 05.04.2020 09:00","126","127","127","831","746","762","903","1119","1119"
"05.04.2020 09:00 - 05.04.2020 10:00","262","263","270","854","781","882","821","1059","677"
"05.04.2020 10:00 - 05.04.2020 11:00","387","397","459","847","756","851","827","1064","903"
"05.04.2020 11:00 - 05.04.2020 12:00","476","489","565","853","792","861","858","1162","1165"
"05.04.2020 12:00 - 05.04.2020 13:00","528","539","613","872","869","790","894","1327","1006"
"05.04.2020 13:00 - 05.04.2020 14:00","540","554","608","854","870","279","912","1389","998"
"05.04.2020 14:00 - 05.04.2020 15:00","514","530","575","840","861","268","908","1265","1050"
"05.04.2020 15:00 - 05.04.2020 16:00","454","461","521","798","859","308","906","1151","1089"
"05.04.2020 16:00 - 05.04.2020 17:00","359","362","427","783","872","409","904","1217","1149"
"05.04.2020 17:00 - 05.04.2020 18:00","235","239","284","817","901","542","849","1356","1039"
"05.04.2020 18:00 - 05.04.2020 19:00","109","117","143","841","995","891","711","1288","1140"
"05.04.2020 19:00 - 05.04.2020 20:00","22","25","36","886","1002","982","688","1102","918"
"05.04.2020 20:00 - 05.04.2020 21:00","0","0","2","930","995","978","783","1143","740"
"05.04.2020 21:00 - 05.04.2020 22:00","0","0","0","969","1016","895","1031","1323","868"
"05.04.2020 22:00 - 05.04.2020 23:00","0","0","0","982","1029","836","1219","1455","848"
"05.04.2020 23:00 - 06.04.2020 00:00","0","0","0","995","1040","896","1268","1538","926"
"06.04.2020 00:00 - 06.04.2020 01:00","0","N/A","0","1038","N/A","944","1873","N/A","931"
"06.04.2020 01:00 - 06.04.2020 02:00","0","N/A","0","1033","N/A","920","1715","N/A","818"
"06.04.2020 02:00 - 06.04.2020 03:00","0","N/A","0","1046","N/A","758","1674","N/A","923"
"06.04.2020 03:00 - 06.04.2020 04:00","0","N/A","0","1046","N/A","661","1623","N/A","923"
"06.04.2020 04:00 - 06.04.2020 05:00","0","N/A","0","1036","N/A","858","1521","N/A","968"
"06.04.2020 05:00 - 06.04.2020 06:00","0","N/A","0","1017","N/A","954","1494","N/A","978"
"06.04.2020 06:00 - 06.04.2020 07:00","1","N/A","1","1017","N/A","1001","1551","N/A","927"
"06.04.2020 07:00 - 06.04.2020 08:00","40","N/A","42","1030","N/A","988","1526","N/A","1194"
"06.04.2020 08:00 - 06.04.2020 09:00","142","145","145","1046","1024","1022","1430","1236","1236"
"06.04.2020 09:00 - 06.04.2020 10:00","273","283","282","1067","1042","1018","1280","1300","1118"
"06.04.2020 10:00 - 06.04.2020 11:00","393","409","448","1007","990","1020","1206","1210","1025"
"06.04.2020 11:00 - 06.04.2020 12:00","478","488","550","963","953","1032","1141","1140","749"
"06.04.2020 12:00 - 06.04.2020 13:00","529","542","601","1022","1006","1115","1106","1099","568"
"06.04.2020 13:00 - 06.04.2020 14:00","539","551","594","981","959","753","1105","1090","631"
"06.04.2020 14:00 - 06.04.2020 15:00","512","518","564","962","967","760","1118","1135","701"
"06.04.2020 15:00 - 06.04.2020 16:00","452","453","509","910","944","787","1129","1151","770"
"06.04.2020 16:00 - 06.04.2020 17:00","358","358","413","819","848","882","1121","1133","1256"
"06.04.2020 17:00 - 06.04.2020 18:00","233","234","276","799","756","898","1013","1061","1228"
"06.04.2020 18:00 - 06.04.2020 19:00","109","115","136","709","676","589","780","925","1245"
"06.04.2020 19:00 - 06.04.2020 20:00","22","26","34","648","636","601","661","771","780"
"06.04.2020 20:00 - 06.04.2020 21:00","0","0","2","627","608","637","593","730","710"
"06.04.2020 21:00 - 06.04.2020 22:00","0","0","0","638","646","606","577","703","681"
"06.04.2020 22:00 - 06.04.2020 23:00","0","0","0","639","649","829","556","650","631"
"06.04.2020 23:00 - 07.04.2020 00:00","0","0","0","648","602","786","585","606","670"
"07.04.2020 00:00 - 07.04.2020 01:00","0","N/A","0","540","N/A","550","812","N/A","614"
"07.04.2020 01:00 - 07.04.2020 02:00","0","N/A","0","530","N/A","596","764","N/A","446"
"07.04.2020 02:00 - 07.04.2020 03:00","0","N/A","0","730","N/A","769","730","N/A","564"
"07.04.2020 03:00 - 07.04.2020 04:00","0","N/A","0","803","N/A","648","790","N/A","811"
"07.04.2020 04:00 - 07.04.2020 05:00","0","N/A","0","791","N/A","717","881","N/A","927"
"07.04.2020 05:00 - 07.04.2020 06:00","0","N/A","0","744","N/A","652","901","N/A","986"
"07.04.2020 06:00 - 07.04.2020 07:00","2","N/A","2","743","N/A","626","929","N/A","1028"
"07.04.2020 07:00 - 07.04.2020 08:00","43","N/A","44","614","N/A","692","907","N/A","1003"
"07.04.2020 08:00 - 07.04.2020 09:00","144","145","145","573","621","625","834","867","867"
"07.04.2020 09:00 - 07.04.2020 10:00","274","275","283","518","544","566","680","767","679"
"07.04.2020 10:00 - 07.04.2020 11:00","392","392","456","430","465","453","606","747","614"
"07.04.2020 11:00 - 07.04.2020 12:00","477","478","561","394","420","451","585","766","597"
"07.04.2020 12:00 - 07.04.2020 13:00","522","527","605","361","378","366","582","765","560"
"07.04.2020 13:00 - 07.04.2020 14:00","530","538","599","342","357","282","582","748","604"
"07.04.2020 14:00 - 07.04.2020 15:00","508","515","573","327","323","274","571","710","532"
"07.04.2020 15:00 - 07.04.2020 16:00","454","455","520","246","256","204","555","642","529"
"07.04.2020 16:00 - 07.04.2020 17:00","361","363","432","173","198","136","463","561","584"
"07.04.2020 17:00 - 07.04.2020 18:00","236","249","288","150","125","126","331","439","569"
"07.04.2020 18:00 - 07.04.2020 19:00","111","125","135","81","85","47","215","267","272"
"07.04.2020 19:00 - 07.04.2020 20:00","24","28","32","64","49","36","117","137","101"
"07.04.2020 20:00 - 07.04.2020 21:00","0","0","2","32","23","32","90","93","86"
"07.04.2020 21:00 - 07.04.2020 22:00","0","0","0","24","9","26","84","84","92"
"07.04.2020 22:00 - 07.04.2020 23:00","0","0","0","33","11","26","87","80","101"
"07.04.2020 23:00 - 08.04.2020 00:00","0","0","0","40","28","33","99","96","116"
"08.04.2020 00:00 - 08.04.2020 01:00","0","N/A","0","45","N/A","32","159","N/A","189"
"08.04.2020 01:00 - 08.04.2020 02:00","0","N/A","0","75","N/A","60","188","N/A","229"
"08.04.2020 02:00 - 08.04.2020 03:00","0","N/A","0","139","N/A","169","220","N/A","241"
"08.04.2020 03:00 - 08.04.2020 04:00","0","N/A","0","272","N/A","289","291","N/A","267"
"08.04.2020 04:00 - 08.04.2020 05:00","0","N/A","0","398","N/A","360","389","N/A","379"
"08.04.2020 05:00 - 08.04.2020 06:00","0","N/A","0","431","N/A","522","481","N/A","559"
"08.04.2020 06:00 - 08.04.2020 07:00","2","N/A","2","497","N/A","605","618","N/A","833"
"08.04.2020 07:00 - 08.04.2020 08:00","38","N/A","42","594","N/A","667","685","N/A","923"
"08.04.2020 08:00 - 08.04.2020 09:00","131","139","139","633","661","659","677","881","881"
"08.04.2020 09:00 - 08.04.2020 10:00","258","271","297","629","630","617","555","743","415"
"08.04.2020 10:00 - 08.04.2020 11:00","357","382","405","541","560","399","500","688","540"
"08.04.2020 11:00 - 08.04.2020 12:00","412","432","445","523","517","417","504","689","552"
"08.04.2020 12:00 - 08.04.2020 13:00","432","454","499","506","468","433","534","700","407"
"08.04.2020 13:00 - 08.04.2020 14:00","442","456","530","471","414","354","563","707","416"
"08.04.2020 14:00 - 08.04.2020 15:00","428","434","517","443","397","400","568","702","337"
"08.04.2020 15:00 - 08.04.2020 16:00","364","373","476","403","386","339","597","700","414"
"08.04.2020 16:00 - 08.04.2020 17:00","249","270","317","358","339","359","593","695","577"
"08.04.2020 17:00 - 08.04.2020 18:00","149","187","213","317","333","350","557","691","447"
"08.04.2020 18:00 - 08.04.2020 19:00","74","94","112","263","285","302","492","638","417"
"08.04.2020 19:00 - 08.04.2020 20:00","20","25","34","309","284","402","436","573","420"
"08.04.2020 20:00 - 08.04.2020 21:00","1","1","2","270","295","466","469","581","395"
"08.04.2020 21:00 - 08.04.2020 22:00","0","0","0","267","385","287","540","646","549"
"08.04.2020 22:00 - 08.04.2020 23:00","0","0","0","281","529","534","642","712","660"
"08.04.2020 23:00 - 09.04.2020 00:00","0","0","0","463","591","566","719","779","808"
"09.04.2020 00:00 - 09.04.2020 01:00","0","N/A","0","707","N/A","651","880","N/A","945"
"09.04.2020 01:00 - 09.04.2020 02:00","0","N/A","0","730","N/A","629","933","N/A","863"
"09.04.2020 02:00 - 09.04.2020 03:00","0","N/A","0","778","N/A","692","932","N/A","1086"
"09.04.2020 03:00 - 09.04.2020 04:00","0","N/A","0","809","N/A","601","1025","N/A","1042"
"09.04.2020 04:00 - 09.04.2020 05:00","0","N/A","0","797","N/A","693","1137","N/A","873"
"09.04.2020 05:00 - 09.04.2020 06:00","0","N/A","0","721","N/A","529","1121","N/A","921"
"09.04.2020 06:00 - 09.04.2020 07:00","2","N/A","2","665","N/A","785","1114","N/A","1123"
"09.04.2020 07:00 - 09.04.2020 08:00","44","N/A","43","667","N/A","649","1136","N/A","990"
"09.04.2020 08:00 - 09.04.2020 09:00","144","135","135","681","526","519","1241","990","990"
"09.04.2020 09:00 - 09.04.2020 10:00","280","268","271","716","570","567","1335","1132","1247"
"09.04.2020 10:00 - 09.04.2020 11:00","402","403","474","697","566","513","1463","1287","1079"
"09.04.2020 11:00 - 09.04.2020 12:00","484","497","570","633","551","535","1533","1384","1539"
"09.04.2020 12:00 - 09.04.2020 13:00","530","545","609","603","575","536","1549","1429","1753"
"09.04.2020 13:00 - 09.04.2020 14:00","542","553","598","578","527","475","1571","1444","1663"
"09.04.2020 14:00 - 09.04.2020 15:00","520","523","579","609","495","448","1600","1464","971"
"09.04.2020 15:00 - 09.04.2020 16:00","463","465","508","625","484","400","1680","1485","1724"
"09.04.2020 16:00 - 09.04.2020 17:00","371","373","438","635","490","460","1669","1532","1835"
"09.04.2020 17:00 - 09.04.2020 18:00","250","253","296","584","504","328","1595","1507","1692"
"09.04.2020 18:00 - 09.04.2020 19:00","122","126","151","573","466","446","1368","1274","1579"
"09.04.2020 19:00 - 09.04.2020 20:00","29","31","44","546","481","434","967","986","1331"
"09.04.2020 20:00 - 09.04.2020 21:00","1","1","3","511","481","502","757","817","998"
"09.04.2020 21:00 - 09.04.2020 22:00","0","0","0","480","484","673","644","723","810"
"09.04.2020 22:00 - 09.04.2020 23:00","0","0","0","395","418","567","565","617","686"
"09.04.2020 23:00 - 10.04.2020 00:00","0","0","0","355","391","513","463","554","551"
"10.04.2020 00:00 - 10.04.2020 01:00","0","N/A","0","397","N/A","512","698","N/A","451"
"10.04.2020 01:00 - 10.04.2020 02:00","0","N/A","0","366","N/A","423","596","N/A","407"
"10.04.2020 02:00 - 10.04.2020 03:00","0","N/A","0","330","N/A","298","506","N/A","385"
"10.04.2020 03:00 - 10.04.2020 04:00","0","N/A","0","269","N/A","324","454","N/A","407"
"10.04.2020 04:00 - 10.04.2020 05:00","0","N/A","0","219","N/A","333","403","N/A","410"
"10.04.2020 05:00 - 10.04.2020 06:00","0","N/A","0","249","N/A","304","339","N/A","461"
"10.04.2020 06:00 - 10.04.2020 07:00","3","N/A","3","250","N/A","294","324","N/A","515"
"10.04.2020 07:00 - 10.04.2020 08:00","39","N/A","41","257","N/A","253","323","N/A","502"
"10.04.2020 08:00 - 10.04.2020 09:00","114","116","116","227","229","238","322","480","480"
"10.04.2020 09:00 - 10.04.2020 10:00","220","221","252","206","216","254","350","541","561"
"10.04.2020 10:00 - 10.04.2020 11:00","340","335","357","181","202","207","436","637","746"
"10.04.2020 11:00 - 10.04.2020 12:00","434","429","446","159","211","219","491","710","777"
"10.04.2020 12:00 - 10.04.2020 13:00","493","490","587","158","196","214","512","768","677"
"10.04.2020 13:00 - 10.04.2020 14:00","514","506","612","150","177","165","528","782","655"
"10.04.2020 14:00 - 10.04.2020 15:00","488","491","581","141","174","152","547","786","752"
"10.04.2020 15:00 - 10.04.2020 16:00","420","432","503","128","138","97","590","789","671"
"10.04.2020 16:00 - 10.04.2020 17:00","331","340","408","115","133","127","575","766","842"
"10.04.2020 17:00 - 10.04.2020 18:00","213","234","267","95","129","119","504","690","816"
"10.04.2020 18:00 - 10.04.2020 19:00","102","123","142","69","120","83","405","535","606"
"10.04.2020 19:00 - 10.04.2020 20:00","26","32","43","53","83","33","274","376","377"
"10.04.2020 20:00 - 10.04.2020 21:00","1","1","4","29","61","27","219","289","291"
"10.04.2020 21:00 - 10.04.2020 22:00","0","0","0","18","46","20","205","240","224"
"10.04.2020 22:00 - 10.04.2020 23:00","0","0","0","11","40","6","176","200","190"
"10.04.2020 23:00 - 11.04.2020 00:00","0","0","0","11","33","3","116","162","108"
"11.04.2020 00:00 - 11.04.2020 01:00","0","N/A","0","22","N/A","5","120","N/A","44"
"11.04.2020 01:00 - 11.04.2020 02:00","0","N/A","0","23","N/A","2","90","N/A","22"
"11.04.2020 02:00 - 11.04.2020 03:00","0","N/A","0","21","N/A","0","65","N/A","11"
"11.04.2020 03:00 - 11.04.2020 04:00","0","N/A","0","15","N/A","4","50","N/A","10"
"11.04.2020 04:00 - 11.04.2020 05:00","0","N/A","0","9","N/A","3","47","N/A","22"
"11.04.2020 05:00 - 11.04.2020 06:00","0","N/A","0","7","N/A","17","47","N/A","41"
"11.04.2020 06:00 - 11.04.2020 07:00","3","N/A","3","19","N/A","49","61","N/A","70"
"11.04.2020 07:00 - 11.04.2020 08:00","37","N/A","34","63","N/A","95","91","N/A","121"
"11.04.2020 08:00 - 11.04.2020 09:00","105","92","92","96","125","127","130","211","183"
"11.04.2020 09:00 - 11.04.2020 10:00","186","164","133","165","242","241","161","267","243"
"11.04.2020 10:00 - 11.04.2020 11:00","250","198","112","220","316","335","238","345","349"
"11.04.2020 11:00 - 11.04.2020 12:00","281","179","119","238","373","323","333","445","448"
"11.04.2020 12:00 - 11.04.2020 13:00","296","137","109","346","513","464","428","550","563"
"11.04.2020 13:00 - 11.04.2020 14:00","255","112","140","448","580","438","502","671","642"
"11.04.2020 14:00 - 11.04.2020 15:00","201","105","122","550","667","574","559","768","712"
"11.04.2020 15:00 - 11.04.2020 16:00","152","104","127","563","743","655","634","818","797"
"11.04.2020 16:00 - 11.04.2020 17:00","103","86","124","556","749","704","704","947","889"
"11.04.2020 17:00 - 11.04.2020 18:00","69","71","98","618","778","807","804","1135","1010"
"11.04.2020 18:00 - 11.04.2020 19:00","41","49","63","692","918","728","854","1248","1101"
"11.04.2020 19:00 - 11.04.2020 20:00","12","16","17","736","961","704","867","1319","1189"
"11.04.2020 20:00 - 11.04.2020 21:00","0","1","1","828","919","916","1002","1406","1328"
"11.04.2020 21:00 - 11.04.2020 22:00","0","0","0","874","933","880","1152","1519","1460"
"11.04.2020 22:00 - 11.04.2020 23:00","0","0","0","917","967","917","1304","1524","1527"
"11.04.2020 23:00 - 12.04.2020 00:00","0","0","0","989","955","934","1324","1452","1489"
"12.04.2020 00:00 - 12.04.2020 01:00","0","N/A","0","938","N/A","1029","1489","N/A","1496"
"12.04.2020 01:00 - 12.04.2020 02:00","0","N/A","0","861","N/A","959","1277","N/A","1338"
"12.04.2020 02:00 - 12.04.2020 03:00","0","N/A","0","768","N/A","974","1031","N/A","1240"
"12.04.2020 03:00 - 12.04.2020 04:00","0","N/A","0","648","N/A","704","893","N/A","1082"
"12.04.2020 04:00 - 12.04.2020 05:00","0","N/A","0","535","N/A","425","783","N/A","914"
"12.04.2020 05:00 - 12.04.2020 06:00","0","N/A","0","386","N/A","422","630","N/A","686"
"12.04.2020 06:00 - 12.04.2020 07:00","3","N/A","3","325","N/A","464","536","N/A","667"
"12.04.2020 07:00 - 12.04.2020 08:00","40","N/A","40","304","N/A","302","481","N/A","512"
"12.04.2020 08:00 - 12.04.2020 09:00","117","104","104","265","277","281","467","424","424"
"12.04.2020 09:00 - 12.04.2020 10:00","231","200","213","227","301","343","510","500","572"
"12.04.2020 10:00 - 12.04.2020 11:00","334","327","356","246","278","379","638","677","918"
"12.04.2020 11:00 - 12.04.2020 12:00","404","409","469","349","372","512","875","887","1353"
"12.04.2020 12:00 - 12.04.2020 13:00","451","455","515","391","466","380","1027","1096","1650"
"12.04.2020 13:00 - 12.04.2020 14:00","467","468","559","397","497","382","1160","1273","1763"
"12.04.2020 14:00 - 12.04.2020 15:00","450","471","531","412","493","474","1291","1435","1745"
"12.04.2020 15:00 - 12.04.2020 16:00","414","415","461","496","517","180","1511","1580","1960"
"12.04.2020 16:00 - 12.04.2020 17:00","332","325","383","545","551","459","1648","1745","2190"
"12.04.2020 17:00 - 12.04.2020 18:00","210","214","256","594","626","542","1727","1887","2276"
"12.04.2020 18:00 - 12.04.2020 19:00","98","103","117","683","772","680","1674","1885","2232"
"12.04.2020 19:00 - 12.04.2020 20:00","24","26","33","699","888","801","1555","1884","2202"
"12.04.2020 20:00 - 12.04.2020 21:00","1","1","2","642","984","886","1654","2045","2308"
"12.04.2020 21:00 - 12.04.2020 22:00","0","0","0","722","1024","1022","1912","2307","2434"
"12.04.2020 22:00 - 12.04.2020 23:00","0","0","0","815","1037","1087","2191","2481","2562"
"12.04.2020 23:00 - 13.04.2020 00:00","0","0","0","927","1081","1118","2313","2624","2696"
"13.04.2020 00:00 - 13.04.2020 01:00","0","N/A","0","1087","N/A","1133","2950","N/A","2236"
"13.04.2020 01:00 - 13.04.2020 02:00","0","N/A","0","1078","N/A","1099","2822","N/A","2217"
"13.04.2020 02:00 - 13.04.2020 03:00","0","N/A","0","1019","N/A","1060","2622","N/A","2603"
"13.04.2020 03:00 - 13.04.2020 04:00","0","N/A","0","967","N/A","1075","2635","N/A","2676"
"13.04.2020 04:00 - 13.04.2020 05:00","0","N/A","0","930","N/A","1087","2644","N/A","2582"
"13.04.2020 05:00 - 13.04.2020 06:00","0","N/A","0","909","N/A","1115","2397","N/A","2350"
"13.04.2020 06:00 - 13.04.2020 07:00","5","N/A","5","950","N/A","476","2205","N/A","2172"
"13.04.2020 07:00 - 13.04.2020 08:00","59","N/A","60","1036","N/A","454","2125","N/A","1842"
"13.04.2020 08:00 - 13.04.2020 09:00","172","174","174","1061","532","486","2120","1750","1750"
"13.04.2020 09:00 - 13.04.2020 10:00","308","316","339","1093","698","469","2008","1563","2044"
"13.04.2020 10:00 - 13.04.2020 11:00","426","435","497","1035","764","412","2017","1646","1912"
"13.04.2020 11:00 - 13.04.2020 12:00","510","515","605","995","817","454","2021","1632","1707"
"13.04.2020 12:00 - 13.04.2020 13:00","562","558","621","1044","925","355","1994","1712","1428"
"13.04.2020 13:00 - 13.04.2020 14:00","570","547","595","1026","935","277","2070","1796","1497"
"13.04.2020 14:00 - 13.04.2020 15:00","537","496","508","1049","965","328","2239","1699","1396"
"13.04.2020 15:00 - 13.04.2020 16:00","462","429","452","1013","1006","310","2467","1712","1603"
"13.04.2020 16:00 - 13.04.2020 17:00","347","334","373","940","972","282","2559","2060","1717"
"13.04.2020 17:00 - 13.04.2020 18:00","219","209","263","955","980","347","2609","2321","2219"
"13.04.2020 18:00 - 13.04.2020 19:00","105","103","125","939","962","414","2413","2462","2405"
"13.04.2020 19:00 - 13.04.2020 20:00","28","32","36","940","948","540","2037","2260","1692"
"13.04.2020 20:00 - 13.04.2020 21:00","1","1","2","932","942","992","1918","2133","1651"
"13.04.2020 21:00 - 13.04.2020 22:00","0","0","0","922","936","1000","1860","1998","1587"
"13.04.2020 22:00 - 13.04.2020 23:00","0","0","0","921","941","857","1797","1760","1486"
"13.04.2020 23:00 - 14.04.2020 00:00","0","0","0","999","1022","1094","1657","1585","1356"
"14.04.2020 00:00 - 14.04.2020 01:00","0","N/A","0","1026","N/A","1089","1261","N/A","1018"
"14.04.2020 01:00 - 14.04.2020 02:00","0","N/A","0","1073","N/A","1080","1078","N/A","895"
"14.04.2020 02:00 - 14.04.2020 03:00","0","N/A","0","1059","N/A","966","848","N/A","694"
"14.04.2020 03:00 - 14.04.2020 04:00","0","N/A","0","1015","N/A","788","696","N/A","610"
"14.04.2020 04:00 - 14.04.2020 05:00","0","N/A","0","976","N/A","670","651","N/A","515"
"14.04.2020 05:00 - 14.04.2020 06:00","0","N/A","0","927","N/A","723","596","N/A","431"
"14.04.2020 06:00 - 14.04.2020 07:00","6","N/A","6","896","N/A","656","562","N/A","291"
"14.04.2020 07:00 - 14.04.2020 08:00","57","N/A","58","895","N/A","620","528","N/A","262"
"14.04.2020 08:00 - 14.04.2020 09:00","161","165","165","867","694","690","514","228","228"
"14.04.2020 09:00 - 14.04.2020 10:00","284","303","306","901","690","744","634","433","373"
"14.04.2020 10:00 - 14.04.2020 11:00","408","416","466","870","715","696","879","787","851"
"14.04.2020 11:00 - 14.04.2020 12:00","499","490","502","753","689","707","1024","1067","1055"
"14.04.2020 12:00 - 14.04.2020 13:00","548","525","557","765","764","668","1110","1233","902"
"14.04.2020 13:00 - 14.04.2020 14:00","550","523","554","793","698","678","1177","1349","1225"
"14.04.2020 14:00 - 14.04.2020 15:00","519","490","536","733","670","823","1305","1528","1171"
"14.04.2020 15:00 - 14.04.2020 16:00","451","446","470","656","647","707","1589","1763","1588"
"14.04.2020 16:00 - 14.04.2020 17:00","359","366","376","673","709","617","1898","1976","1832"
"14.04.2020 17:00 - 14.04.2020 18:00","246","248","230","746","779","658","2042","2168","1868"
"14.04.2020 18:00 - 14.04.2020 19:00","124","123","89","820","921","961","2005","2149","2060"
"14.04.2020 19:00 - 14.04.2020 20:00","31","33","25","809","980","976","1808","2033","2138"
"14.04.2020 20:00 - 14.04.2020 21:00","1","1","1","895","974","983","1715","2034","2150"
"14.04.2020 21:00 - 14.04.2020 22:00","0","0","0","941","923","1024","1822","2151","2175"
"14.04.2020 22:00 - 14.04.2020 23:00","0","0","0","957","975","1089","1951","2191","2386"
"14.04.2020 23:00 - 15.04.2020 00:00","0","0","0","993","1050","1122","2009","2319","2212"
"15.04.2020 00:00 - 15.04.2020 01:00","0","N/A","0","1103","N/A","1117","2482","N/A","1982"
"15.04.2020 01:00 - 15.04.2020 02:00","0","N/A","0","1123","N/A","1100","2423","N/A","2290"
"15.04.2020 02:00 - 15.04.2020 03:00","0","N/A","0","1128","N/A","1086","2250","N/A","2126"
"15.04.2020 03:00 - 15.04.2020 04:00","0","N/A","0","1124","N/A","1091","2247","N/A","1817"
"15.04.2020 04:00 - 15.04.2020 05:00","0","N/A","0","1084","N/A","1056","2280","N/A","1938"
"15.04.2020 05:00 - 15.04.2020 06:00","0","N/A","0","1002","N/A","1001","2172","N/A","2077"
"15.04.2020 06:00 - 15.04.2020 07:00","5","N/A","5","953","N/A","1036","2135","N/A","1836"
"15.04.2020 07:00 - 15.04.2020 08:00","44","N/A","51","934","N/A","970","2095","N/A","2064"
"15.04.2020 08:00 - 15.04.2020 09:00","124","142","142","854","853","846","2048","1701","1701"
"15.04.2020 09:00 - 15.04.2020 10:00","259","275","217","769","852","745","1815","1979","1361"
"15.04.2020 10:00 - 15.04.2020 11:00","376","394","280","668","805","655","1792","2064","1490"
"15.04.2020 11:00 - 15.04.2020 12:00","466","481","494","640","733","552","1926","2058","1513"
"15.04.2020 12:00 - 15.04.2020 13:00","517","531","545","675","780","662","1943","2037","1697"
"15.04.2020 13:00 - 15.04.2020 14:00","518","540","516","665","773","587","1945","2033","1518"
"15.04.2020 14:00 - 15.04.2020 15:00","472","522","503","685","816","673","2077","2075","1599"
"15.04.2020 15:00 - 15.04.2020 16:00","401","463","466","751","847","588","2142","2153","1650"
"15.04.2020 16:00 - 15.04.2020 17:00","328","375","432","757","838","714","2196","2196","1679"
"15.04.2020 17:00 - 15.04.2020 18:00","231","259","310","723","849","753","2209","2267","1768"
"15.04.2020 18:00 - 15.04.2020 19:00","111","134","160","701","849","858","2054","2125","1883"
"15.04.2020 19:00 - 15.04.2020 20:00","32","38","41","757","923","876","1824","1952","2108"
"15.04.2020 20:00 - 15.04.2020 21:00","2","2","2","730","942","885","1735","1948","1891"
"15.04.2020 21:00 - 15.04.2020 22:00","0","0","0","718","914","833","1834","2028","1774"
"15.04.2020 22:00 - 15.04.2020 23:00","0","0","0","708","887","863","1878","2010","1582"
"15.04.2020 23:00 - 16.04.2020 00:00","0","0","0","725","883","841","1839","2021","1659"
"16.04.2020 00:00 - 16.04.2020 01:00","0","N/A","0","915","N/A","923","2183","N/A","1983"
"16.04.2020 01:00 - 16.04.2020 02:00","0","N/A","0","948","N/A","916","2151","N/A","1966"
"16.04.2020 02:00 - 16.04.2020 03:00","0","N/A","0","992","N/A","972","2054","N/A","1924"
"16.04.2020 03:00 - 16.04.2020 04:00","0","N/A","0","1026","N/A","992","2080","N/A","2025"
"16.04.2020 04:00 - 16.04.2020 05:00","0","N/A","0","1017","N/A","954","2123","N/A","2088"
"16.04.2020 05:00 - 16.04.2020 06:00","0","N/A","0","931","N/A","877","1913","N/A","1721"
"16.04.2020 06:00 - 16.04.2020 07:00","6","N/A","5","893","N/A","924","1730","N/A","1535"
"16.04.2020 07:00 - 16.04.2020 08:00","53","N/A","53","820","N/A","808","1539","N/A","1377"
"16.04.2020 08:00 - 16.04.2020 09:00","150","159","159","769","720","728","1478","1338","1338"
"16.04.2020 09:00 - 16.04.2020 10:00","279","300","309","679","685","659","1398","1420","1404"
"16.04.2020 10:00 - 16.04.2020 11:00","409","421","455","592","606","589","1480","1513","1526"
"16.04.2020 11:00 - 16.04.2020 12:00","491","505","529","570","527","534","1589","1506","1417"
"16.04.2020 12:00 - 16.04.2020 13:00","533","549","589","551","518","435","1563","1460","1232"
"16.04.2020 13:00 - 16.04.2020 14:00","544","559","584","509","475","292","1502","1464","1020"
"16.04.2020 14:00 - 16.04.2020 15:00","516","540","548","518","432","244","1549","1493","1064"
"16.04.2020 15:00 - 16.04.2020 16:00","462","480","512","552","412","370","1548","1553","1312"
"16.04.2020 16:00 - 16.04.2020 17:00","377","387","422","563","428","361","1555","1551","1511"
"16.04.2020 17:00 - 16.04.2020 18:00","259","272","312","559","451","492","1458","1509","1549"
"16.04.2020 18:00 - 16.04.2020 19:00","133","146","166","612","431","640","1247","1285","1287"
"16.04.2020 19:00 - 16.04.2020 20:00","39","44","43","702","466","686","909","980","1042"
"16.04.2020 20:00 - 16.04.2020 21:00","2","2","2","585","521","608","695","795","789"
"16.04.2020 21:00 - 16.04.2020 22:00","0","0","0","562","591","565","630","713","525"
"16.04.2020 22:00 - 16.04.2020 23:00","0","0","0","565","568","516","602","658","516"
"16.04.2020 23:00 - 17.04.2020 00:00","0","0","0","580","548","547","530","589","504"
"17.04.2020 00:00 - 17.04.2020 01:00","0","N/A","0","585","N/A","574","678","N/A","468"
"17.04.2020 01:00 - 17.04.2020 02:00","0","N/A","0","510","N/A","512","592","N/A","404"
"17.04.2020 02:00 - 17.04.2020 03:00","0","N/A","0","465","N/A","423","522","N/A","312"
"17.04.2020 03:00 - 17.04.2020 04:00","0","N/A","0","400","N/A","333","483","N/A","262"
"17.04.2020 04:00 - 17.04.2020 05:00","0","N/A","0","310","N/A","286","439","N/A","265"
"17.04.2020 05:00 - 17.04.2020 06:00","0","N/A","0","230","N/A","229","343","N/A","157"
"17.04.2020 06:00 - 17.04.2020 07:00","9","N/A","9","174","N/A","102","307","N/A","172"
"17.04.2020 07:00 - 17.04.2020 08:00","67","N/A","69","153","N/A","84","281","N/A","160"
"17.04.2020 08:00 - 17.04.2020 09:00","180","181","181","140","148","160","264","158","158"
"17.04.2020 09:00 - 17.04.2020 10:00","316","317","356","121","105","144","218","137","129"
"17.04.2020 10:00 - 17.04.2020 11:00","434","436","498","91","75","133","202","143","179"
"17.04.2020 11:00 - 17.04.2020 12:00","517","512","584","61","53","98","173","144","150"
"17.04.2020 12:00 - 17.04.2020 13:00","564","548","608","44","30","38","138","128","156"
"17.04.2020 13:00 - 17.04.2020 14:00","570","559","588","46","15","18","110","127","115"
"17.04.2020 14:00 - 17.04.2020 15:00","538","539","583","46","30","18","121","146","122"
"17.04.2020 15:00 - 17.04.2020 16:00","480","491","531","55","58","40","165","229","139"
"17.04.2020 16:00 - 17.04.2020 17:00","389","408","446","86","72","97","228","312","220"
"17.04.2020 17:00 - 17.04.2020 18:00","267","290","315","184","111","160","256","334","276"
"17.04.2020 18:00 - 17.04.2020 19:00","138","154","168","343","143","158","308","352","343"
"17.04.2020 19:00 - 17.04.2020 20:00","41","47","48","435","169","244","321","340","362"
"17.04.2020 20:00 - 17.04.2020 21:00","2","3","3","309","179","251","327","333","318"
"17.04.2020 21:00 - 17.04.2020 22:00","0","0","0","281","175","291","342","333","336"
"17.04.2020 22:00 - 17.04.2020 23:00","0","0","0","277","209","283","343","324","290"
"17.04.2020 23:00 - 18.04.2020 00:00","0","0","0","312","212","380","304","290","318"
"18.04.2020 00:00 - 18.04.2020 01:00","0","N/A","0","481","N/A","369","304","N/A","300"
"18.04.2020 01:00 - 18.04.2020 02:00","0","N/A","0","440","N/A","462","276","N/A","203"
"18.04.2020 02:00 - 18.04.2020 03:00","0","N/A","0","361","N/A","359","257","N/A","186"
"18.04.2020 03:00 - 18.04.2020 04:00","0","N/A","0","252","N/A","293","262","N/A","223"
"18.04.2020 04:00 - 18.04.2020 05:00","0","N/A","0","193","N/A","188","274","N/A","187"
"18.04.2020 05:00 - 18.04.2020 06:00","0","N/A","0","192","N/A","151","308","N/A","163"
"18.04.2020 06:00 - 18.04.2020 07:00","10","N/A","10","207","N/A","111","336","N/A","219"
"18.04.2020 07:00 - 18.04.2020 08:00","70","N/A","73","245","N/A","76","319","N/A","276"
"18.04.2020 08:00 - 18.04.2020 09:00","180","187","187","224","80","83","279","239","239"
"18.04.2020 09:00 - 18.04.2020 10:00","311","325","347","222","94","119","229","254","135"
"18.04.2020 10:00 - 18.04.2020 11:00","424","434","456","180","76","62","230","241","107"
"18.04.2020 11:00 - 18.04.2020 12:00","508","524","554","120","52","37","268","258","107"
"18.04.2020 12:00 - 18.04.2020 13:00","558","577","603","108","63","17","329","328","158"
"18.04.2020 13:00 - 18.04.2020 14:00","567","589","606","113","79","48","377","381","218"
"18.04.2020 14:00 - 18.04.2020 15:00","539","558","583","144","108","100","428","463","280"
"18.04.2020 15:00 - 18.04.2020 16:00","478","492","537","242","154","226","499","526","314"
"18.04.2020 16:00 - 18.04.2020 17:00","386","395","451","341","233","312","576","571","441"
"18.04.2020 17:00 - 18.04.2020 18:00","265","271","317","366","349","495","628","639","540"
"18.04.2020 18:00 - 18.04.2020 19:00","138","148","169","428","383","532","622","606","578"
"18.04.2020 19:00 - 18.04.2020 20:00","42","48","49","472","362","451","506","506","662"
"18.04.2020 20:00 - 18.04.2020 21:00","3","3","3","368","356","441","451","465","591"
"18.04.2020 21:00 - 18.04.2020 22:00","0","0","0","416","361","534","505","455","481"
"18.04.2020 22:00 - 18.04.2020 23:00","0","0","0","540","403","695","523","443","362"
"18.04.2020 23:00 - 19.04.2020 00:00","0","0","0","531","397","466","518","430","360"
"19.04.2020 00:00 - 19.04.2020 01:00","0","N/A","0","374","N/A","350","465","N/A","398"
"19.04.2020 01:00 - 19.04.2020 02:00","0","N/A","0","296","N/A","381","484","N/A","409"
"19.04.2020 02:00 - 19.04.2020 03:00","0","N/A","0","264","N/A","236","408","N/A","480"
"19.04.2020 03:00 - 19.04.2020 04:00","0","N/A","0","220","N/A","246","441","N/A","596"
"19.04.2020 04:00 - 19.04.2020 05:00","0","N/A","0","194","N/A","203","453","N/A","706"
"19.04.2020 05:00 - 19.04.2020 06:00","0","N/A","0","231","N/A","230","462","N/A","720"
"19.04.2020 06:00 - 19.04.2020 07:00","11","N/A","11","260","N/A","308","477","N/A","659"
"19.04.2020 07:00 - 19.04.2020 08:00","73","N/A","74","284","N/A","398","452","N/A","588"
"19.04.2020 08:00 - 19.04.2020 09:00","188","189","189","272","357","362","395","372","372"
"19.04.2020 09:00 - 19.04.2020 10:00","322","324","346","240","307","337","319","337","226"
"19.04.2020 10:00 - 19.04.2020 11:00","437","438","490","164","237","273","337","346","336"
"19.04.2020 11:00 - 19.04.2020 12:00","518","521","584","109","182","209","384","359","403"
"19.04.2020 12:00 - 19.04.2020 13:00","564","566","619","93","144","204","382","378","377"
"19.04.2020 13:00 - 19.04.2020 14:00","570","577","617","85","138","212","352","381","341"
"19.04.2020 14:00 - 19.04.2020 15:00","542","550","581","76","123","153","332","344","316"
"19.04.2020 15:00 - 19.04.2020 16:00","483","492","536","72","134","70","328","354","262"
"19.04.2020 16:00 - 19.04.2020 17:00","391","401","451","79","138","35","307","321","211"
"19.04.2020 17:00 - 19.04.2020 18:00","268","276","320","128","142","73","277","331","189"
"19.04.2020 18:00 - 19.04.2020 19:00","140","150","172","127","123","206","244","300","206"
"19.04.2020 19:00 - 19.04.2020 20:00","44","49","51","149","138","196","187","246","208"
"19.04.2020 20:00 - 19.04.2020 21:00","3","4","4","221","134","195","189","237","264"
"19.04.2020 21:00 - 19.04.2020 22:00","0","0","0","228","113","193","220","220","281"
"19.04.2020 22:00 - 19.04.2020 23:00","0","0","0","217","133","284","184","174","153"
"19.04.2020 23:00 - 20.04.2020 00:00","0","0","0","225","159","227","135","123","113"
"20.04.2020 00:00 - 20.04.2020 01:00","0","N/A","0","86","N/A","65","81","N/A","131"
"20.04.2020 01:00 - 20.04.2020 02:00","0","N/A","0","72","N/A","55","65","N/A","116"
"20.04.2020 02:00 - 20.04.2020 03:00","0","N/A","0","93","N/A","14","61","N/A","75"
"20.04.2020 03:00 - 20.04.2020 04:00","0","N/A","0","88","N/A","8","68","N/A","62"
"20.04.2020 04:00 - 20.04.2020 05:00","0","N/A","0","53","N/A","15","72","N/A","89"
"20.04.2020 05:00 - 20.04.2020 06:00","0","N/A","0","46","N/A","39","64","N/A","55"
"20.04.2020 06:00 - 20.04.2020 07:00","13","N/A","13","63","N/A","44","61","N/A","33"
"20.04.2020 07:00 - 20.04.2020 08:00","76","N/A","77","80","N/A","53","67","N/A","51"
"20.04.2020 08:00 - 20.04.2020 09:00","191","191","191","99","91","93","82","41","41"
"20.04.2020 09:00 - 20.04.2020 10:00","322","323","352","101","99","109","96","61","24"
"20.04.2020 10:00 - 20.04.2020 11:00","436","438","501","90","82","50","129","99","65"
"20.04.2020 11:00 - 20.04.2020 12:00","515","522","587","66","52","11","171","144","96"
"20.04.2020 12:00 - 20.04.2020 13:00","559","563","617","61","32","18","220","213","142"
"20.04.2020 13:00 - 20.04.2020 14:00","564","568","612","60","33","11","262","259","185"
"20.04.2020 14:00 - 20.04.2020 15:00","535","539","583","69","37","9","319","332","223"
"20.04.2020 15:00 - 20.04.2020 16:00","477","479","536","137","72","51","390","399","324"
"20.04.2020 16:00 - 20.04.2020 17:00","388","388","454","259","164","91","461","445","377"
"20.04.2020 17:00 - 20.04.2020 18:00","265","266","317","289","229","194","516","526","457"
"20.04.2020 18:00 - 20.04.2020 19:00","139","147","176","310","183","294","530","495","540"
"20.04.2020 19:00 - 20.04.2020 20:00","44","50","54","342","184","416","438","395","537"
"20.04.2020 20:00 - 20.04.2020 21:00","4","4","4","276","214","300","426","375","486"
"20.04.2020 21:00 - 20.04.2020 22:00","0","0","0","305","291","265","547","407","429"
"20.04.2020 22:00 - 20.04.2020 23:00","0","0","0","436","376","575","556","417","462"
"20.04.2020 23:00 - 21.04.2020 00:00","0","0","0","477","325","572","490","388","474"
"21.04.2020 00:00 - 21.04.2020 01:00","0","N/A","0","369","N/A","463","404","N/A","531"
"21.04.2020 01:00 - 21.04.2020 02:00","0","N/A","0","369","N/A","573","340","N/A","502"
"21.04.2020 02:00 - 21.04.2020 03:00","0","N/A","0","376","N/A","452","292","N/A","394"
"21.04.2020 03:00 - 21.04.2020 04:00","0","N/A","0","317","N/A","371","256","N/A","340"
"21.04.2020 04:00 - 21.04.2020 05:00","0","N/A","0","298","N/A","386","241","N/A","271"
"21.04.2020 05:00 - 21.04.2020 06:00","0","N/A","0","263","N/A","316","229","N/A","255"
"21.04.2020 06:00 - 21.04.2020 07:00","13","N/A","13","276","N/A","337","258","N/A","302"
"21.04.2020 07:00 - 21.04.2020 08:00","74","N/A","76","287","N/A","306","274","340","356"
"21.04.2020 08:00 - 21.04.2020 09:00","185","185","185","253","380","374","272","340","340"
"21.04.2020 09:00 - 21.04.2020 10:00","317","318","386","221","336","290","253","343","295"
"21.04.2020 10:00 - 21.04.2020 11:00","432","434","508","197","291","225","311","403","446"
"21.04.2020 11:00 - 21.04.2020 12:00","515","517","595","194","281","241","417","492","511"
"21.04.2020 12:00 - 21.04.2020 13:00","562","563","622","233","299","271","558","615","741"
"21.04.2020 13:00 - 21.04.2020 14:00","569","569","618","234","266","229","651","741","862"
"21.04.2020 14:00 - 21.04.2020 15:00","541","543","587","236","253","187","723","848","954"
"21.04.2020 15:00 - 21.04.2020 16:00","484","488","540","272","302","213","753","880","1133"
"21.04.2020 16:00 - 21.04.2020 17:00","394","396","459","242","335","253","724","849","1122"
"21.04.2020 17:00 - 21.04.2020 18:00","274","276","326","295","356","165","699","809","1127"
"21.04.2020 18:00 - 21.04.2020 19:00","147","154","178","302","388","564","591","677","974"
"21.04.2020 19:00 - 21.04.2020 20:00","48","54","55","404","412","664","407","414","812"
"21.04.2020 20:00 - 21.04.2020 21:00","4","5","5","314","390","529","378","414","570"
"21.04.2020 21:00 - 21.04.2020 22:00","0","0","0","362","356","571","428","434","575"
"21.04.2020 22:00 - 21.04.2020 23:00","0","0","0","421","435","467","490","464","692"
"21.04.2020 23:00 - 22.04.2020 00:00","0","0","0","399","397","463","502","453","572"
"22.04.2020 00:00 - 22.04.2020 01:00","0","N/A","0","425","N/A","447","586","N/A","595"
"22.04.2020 01:00 - 22.04.2020 02:00","0","N/A","0","431","N/A","464","527","N/A","514"
"22.04.2020 02:00 - 22.04.2020 03:00","0","N/A","0","449","N/A","347","465","N/A","430"
"22.04.2020 03:00 - 22.04.2020 04:00","0","N/A","0","430","N/A","342","435","N/A","376"
"22.04.2020 04:00 - 22.04.2020 05:00","0","N/A","0","376","N/A","391","389","N/A","395"
"22.04.2020 05:00 - 22.04.2020 06:00","0","N/A","0","339","N/A","348","297","N/A","359"
"22.04.2020 06:00 - 22.04.2020 07:00","15","N/A","15","363","N/A","329","259","N/A","312"
"22.04.2020 07:00 - 22.04.2020 08:00","79","N/A","81","334","N/A","378","241","N/A","275"
"22.04.2020 08:00 - 22.04.2020 09:00","193","196","196","308","333","332","228","182","182"
"22.04.2020 09:00 - 22.04.2020 10:00","328","333","370","275","282","220","209","189","182"
"22.04.2020 10:00 - 22.04.2020 11:00","443","445","507","219","223","124","253","249","340"
"22.04.2020 11:00 - 22.04.2020 12:00","524","528","599","165","157","112","330","330","452"
"22.04.2020 12:00 - 22.04.2020 13:00","570","577","627","164","147","102","453","436","597"
"22.04.2020 13:00 - 22.04.2020 14:00","577","587","621","135","145","68","564","549","634"
"22.04.2020 14:00 - 22.04.2020 15:00","551","565","592","102","130","87","626","621","522"
"22.04.2020 15:00 - 22.04.2020 16:00","494","507","541","123","124","66","575","598","527"
"22.04.2020 16:00 - 22.04.2020 17:00","403","417","462","116","96","41","462","485","471"
"22.04.2020 17:00 - 22.04.2020 18:00","281","289","328","109","83","37","392","396","442"
"22.04.2020 18:00 - 22.04.2020 19:00","152","161","181","104","114","116","310","326","387"
"22.04.2020 19:00 - 22.04.2020 20:00","50","57","57","99","112","158","210","250","253"
"22.04.2020 20:00 - 22.04.2020 21:00","5","5","5","86","122","208","182","216","202"
"22.04.2020 21:00 - 22.04.2020 22:00","0","0","0","109","137","287","174","196","186"
"22.04.2020 22:00 - 22.04.2020 23:00","0","0","0","144","171","287","163","181","191"
"22.04.2020 23:00 - 23.04.2020 00:00","0","0","0","163","140","262","143","154","183"
"23.04.2020 00:00 - 23.04.2020 01:00","0","N/A","0","134","N/A","260","146","N/A","115"
"23.04.2020 01:00 - 23.04.2020 02:00","0","N/A","0","105","N/A","267","133","N/A","103"
"23.04.2020 02:00 - 23.04.2020 03:00","0","N/A","0","94","N/A","152","127","N/A","110"
"23.04.2020 03:00 - 23.04.2020 04:00","0","N/A","0","85","N/A","150","127","N/A","99"
"23.04.2020 04:00 - 23.04.2020 05:00","0","N/A","0","77","N/A","78","128","N/A","87"
"23.04.2020 05:00 - 23.04.2020 06:00","0","N/A","0","69","N/A","71","118","N/A","105"
"23.04.2020 06:00 - 23.04.2020 07:00","17","N/A","17","60","N/A","68","113","N/A","118"
"23.04.2020 07:00 - 23.04.2020 08:00","83","N/A","84","43","N/A","70","104","N/A","123"
"23.04.2020 08:00 - 23.04.2020 09:00","196","199","199","35","62","57","98","148","148"
"23.04.2020 09:00 - 23.04.2020 10:00","325","332","355","28","48","47","93","147","102"
"23.04.2020 10:00 - 23.04.2020 11:00","435","439","492","29","43","44","124","177","185"
"23.04.2020 11:00 - 23.04.2020 12:00","511","514","589","31","38","32","167","214","218"
"23.04.2020 12:00 - 23.04.2020 13:00","549","557","605","30","33","15","220","267","238"
"23.04.2020 13:00 - 23.04.2020 14:00","545","560","610","20","33","1","261","328","274"
"23.04.2020 14:00 - 23.04.2020 15:00","500","518","567","24","25","2","317","415","321"
"23.04.2020 15:00 - 23.04.2020 16:00","447","438","510","32","31","24","371","487","369"
"23.04.2020 16:00 - 23.04.2020 17:00","376","354","443","37","53","37","401","491","252"
"23.04.2020 17:00 - 23.04.2020 18:00","269","258","327","58","58","12","434","502","292"
"23.04.2020 18:00 - 23.04.2020 19:00","145","154","183","81","58","58","433","467","290"
"23.04.2020 19:00 - 23.04.2020 20:00","49","56","59","100","62","88","377","393","355"
"23.04.2020 20:00 - 23.04.2020 21:00","5","6","6","98","95","88","397","396","318"
"23.04.2020 21:00 - 23.04.2020 22:00","0","0","0","135","153","66","465","444","336"
"23.04.2020 22:00 - 23.04.2020 23:00","0","0","0","196","186","91","546","503","453"
"23.04.2020 23:00 - 24.04.2020 00:00","0","0","0","292","224","247","582","556","521"
"24.04.2020 00:00 - 24.04.2020 01:00","0","N/A","0","257","N/A","267","598","N/A","548"
"24.04.2020 01:00 - 24.04.2020 02:00","0","N/A","0","367","N/A","317","662","N/A","603"
"24.04.2020 02:00 - 24.04.2020 03:00","0","N/A","0","519","N/A","340","695","N/A","643"
"24.04.2020 03:00 - 24.04.2020 04:00","0","N/A","0","627","N/A","443","735","N/A","716"
"24.04.2020 04:00 - 24.04.2020 05:00","0","N/A","0","656","N/A","473","830","N/A","861"
"24.04.2020 05:00 - 24.04.2020 06:00","0","N/A","0","665","N/A","536","852","N/A","881"
"24.04.2020 06:00 - 24.04.2020 07:00","17","N/A","17","694","N/A","730","883","N/A","844"
"24.04.2020 07:00 - 24.04.2020 08:00","77","N/A","92","695","N/A","829","891","N/A","865"
"24.04.2020 08:00 - 24.04.2020 09:00","177","206","206","723","848","859","843","670","670"
"24.04.2020 09:00 - 24.04.2020 10:00","298","313","245","699","804","815","782","879","869"
"24.04.2020 10:00 - 24.04.2020 11:00","395","408","364","657","738","807","853","945","1001"
"24.04.2020 11:00 - 24.04.2020 12:00","464","473","412","638","686","754","954","1037","949"
"24.04.2020 12:00 - 24.04.2020 13:00","499","490","475","641","670","764","1069","1162","784"
"24.04.2020 13:00 - 24.04.2020 14:00","508","489","520","620","697","654","1171","1288","968"
"24.04.2020 14:00 - 24.04.2020 15:00","476","470","511","666","764","629","1322","1481","942"
"24.04.2020 15:00 - 24.04.2020 16:00","434","439","473","784","899","705","1458","1544","1166"
"24.04.2020 16:00 - 24.04.2020 17:00","351","370","406","929","978","703","1556","1523","1155"
"24.04.2020 17:00 - 24.04.2020 18:00","251","264","294","1008","986","839","1586","1534","1202"
"24.04.2020 18:00 - 24.04.2020 19:00","139","150","158","1028","1011","746","1451","1478","1167"
"24.04.2020 19:00 - 24.04.2020 20:00","47","54","50","1061","1049","977","1165","1306","1088"
"24.04.2020 20:00 - 24.04.2020 21:00","6","6","6","1038","1049","875","1051","1169","1037"
"24.04.2020 21:00 - 24.04.2020 22:00","0","0","0","954","1016","721","951","993","715"
"24.04.2020 22:00 - 24.04.2020 23:00","0","0","0","836","926","599","890","885","701"
"24.04.2020 23:00 - 25.04.2020 00:00","0","0","0","802","835","528","812","811","671"
"25.04.2020 00:00 - 25.04.2020 01:00","0","N/A","0","526","N/A","699","1056","N/A","728"
"25.04.2020 01:00 - 25.04.2020 02:00","0","N/A","0","493","N/A","759","966","N/A","616"
"25.04.2020 02:00 - 25.04.2020 03:00","0","N/A","0","387","N/A","526","856","N/A","534"
"25.04.2020 03:00 - 25.04.2020 04:00","0","N/A","0","383","N/A","402","755","N/A","490"
"25.04.2020 04:00 - 25.04.2020 05:00","0","N/A","0","370","N/A","365","660","N/A","466"
"25.04.2020 05:00 - 25.04.2020 06:00","0","N/A","0","284","N/A","262","486","N/A","385"
"25.04.2020 06:00 - 25.04.2020 07:00","20","N/A","20","210","N/A","206","368","N/A","298"
"25.04.2020 07:00 - 25.04.2020 08:00","86","N/A","86","164","N/A","182","271","N/A","328"
"25.04.2020 08:00 - 25.04.2020 09:00","201","200","200","159","216","218","202","136","136"
"25.04.2020 09:00 - 25.04.2020 10:00","335","334","351","136","204","190","158","106","71"
"25.04.2020 10:00 - 25.04.2020 11:00","445","441","432","113","173","159","170","125","148"
"25.04.2020 11:00 - 25.04.2020 12:00","514","511","501","110","130","119","192","174","201"
"25.04.2020 12:00 - 25.04.2020 13:00","543","529","509","102","133","150","224","268","321"
"25.04.2020 13:00 - 25.04.2020 14:00","528","494","475","88","125","175","263","379","306"
"25.04.2020 14:00 - 25.04.2020 15:00","494","450","437","116","139","107","329","501","295"
"25.04.2020 15:00 - 25.04.2020 16:00","445","411","404","131","161","194","389","556","354"
"25.04.2020 16:00 - 25.04.2020 17:00","358","338","304","162","172","195","430","533","409"
"25.04.2020 17:00 - 25.04.2020 18:00","246","240","246","259","182","205","448","525","421"
"25.04.2020 18:00 - 25.04.2020 19:00","133","139","145","275","228","201","399","467","367"
"25.04.2020 19:00 - 25.04.2020 20:00","47","52","51","287","262","212","305","374","349"
"25.04.2020 20:00 - 25.04.2020 21:00","6","7","6","270","255","138","252","307","273"
"25.04.2020 21:00 - 25.04.2020 22:00","0","0","0","209","229","81","195","244","237"
"25.04.2020 22:00 - 25.04.2020 23:00","0","0","0","179","191","68","151","205","151"
"25.04.2020 23:00 - 26.04.2020 00:00","0","0","0","138","166","91","113","180","126"
"26.04.2020 00:00 - 26.04.2020 01:00","0","N/A","0","132","N/A","124","227","N/A","155"
"26.04.2020 01:00 - 26.04.2020 02:00","0","N/A","0","129","N/A","150","221","N/A","132"
"26.04.2020 02:00 - 26.04.2020 03:00","0","N/A","0","115","N/A","108","216","N/A","130"
"26.04.2020 03:00 - 26.04.2020 04:00","0","N/A","0","115","N/A","156","212","N/A","132"
"26.04.2020 04:00 - 26.04.2020 05:00","0","N/A","0","123","N/A","137","240","N/A","163"
"26.04.2020 05:00 - 26.04.2020 06:00","0","N/A","0","158","N/A","141","267","N/A","185"
"26.04.2020 06:00 - 26.04.2020 07:00","18","N/A","18","187","N/A","149","314","N/A","225"
"26.04.2020 07:00 - 26.04.2020 08:00","77","N/A","76","226","N/A","133","341","N/A","186"
"26.04.2020 08:00 - 26.04.2020 09:00","187","178","178","242","146","143","316","214","214"
"26.04.2020 09:00 - 26.04.2020 10:00","313","292","185","230","136","111","277","259","232"
"26.04.2020 10:00 - 26.04.2020 11:00","411","380","206","161","104","85","306","303","275"
"26.04.2020 11:00 - 26.04.2020 12:00","466","437","227","110","94","86","360","354","415"
"26.04.2020 12:00 - 26.04.2020 13:00","512","465","263","111","116","72","419","443","331"
"26.04.2020 13:00 - 26.04.2020 14:00","535","479","273","106","153","66","451","523","410"
"26.04.2020 14:00 - 26.04.2020 15:00","529","471","289","107","180","104","526","658","412"
"26.04.2020 15:00 - 26.04.2020 16:00","470","429","258","140","204","129","616","712","387"
"26.04.2020 16:00 - 26.04.2020 17:00","380","361","199","160","233","148","643","678","407"
"26.04.2020 17:00 - 26.04.2020 18:00","265","257","132","164","237","129","635","621","512"
"26.04.2020 18:00 - 26.04.2020 19:00","145","147","78","159","234","110","549","564","403"
"26.04.2020 19:00 - 26.04.2020 20:00","50","55","33","196","254","89","425","503","347"
"26.04.2020 20:00 - 26.04.2020 21:00","7","7","6","237","303","204","373","462","228"
"26.04.2020 21:00 - 26.04.2020 22:00","0","0","0","274","370","263","353","436","162"
"26.04.2020 22:00 - 26.04.2020 23:00","0","0","0","301","415","294","399","470","251"
"26.04.2020 23:00 - 27.04.2020 00:00","0","0","0","361","442","320","455","532","318"
"27.04.2020 00:00 - 27.04.2020 01:00","0","N/A","0","357","N/A","350","375","N/A","426"
"27.04.2020 01:00 - 27.04.2020 02:00","0","N/A","0","379","N/A","316","440","N/A","529"
"27.04.2020 02:00 - 27.04.2020 03:00","0","N/A","0","382","N/A","328","480","N/A","602"
"27.04.2020 03:00 - 27.04.2020 04:00","0","N/A","0","386","N/A","340","492","N/A","635"
"27.04.2020 04:00 - 27.04.2020 05:00","0","N/A","0","376","N/A","354","567","N/A","714"
"27.04.2020 05:00 - 27.04.2020 06:00","0","N/A","0","366","N/A","311","599","N/A","634"
"27.04.2020 06:00 - 27.04.2020 07:00","7","N/A","6","385","N/A","232","640","N/A","572"
"27.04.2020 07:00 - 27.04.2020 08:00","29","N/A","32","426","N/A","233","644","N/A","554"
"27.04.2020 08:00 - 27.04.2020 09:00","64","45","45","437","276","267","580","504","504"
"27.04.2020 09:00 - 27.04.2020 10:00","101","60","66","377","300","259","509","450","423"
"27.04.2020 10:00 - 27.04.2020 11:00","119","69","74","304","291","268","508","439","328"
"27.04.2020 11:00 - 27.04.2020 12:00","152","131","163","267","266","193","496","447","266"
"27.04.2020 12:00 - 27.04.2020 13:00","175","170","196","195","220","205","453","432","241"
"27.04.2020 13:00 - 27.04.2020 14:00","181","183","241","144","184","109","398","400","223"
"27.04.2020 14:00 - 27.04.2020 15:00","194","195","218","134","150","35","376","439","213"
"27.04.2020 15:00 - 27.04.2020 16:00","176","186","180","126","79","14","334","408","237"
"27.04.2020 16:00 - 27.04.2020 17:00","150","154","117","101","67","12","300","274","282"
"27.04.2020 17:00 - 27.04.2020 18:00","113","120","106","73","79","20","271","238","234"
"27.04.2020 18:00 - 27.04.2020 19:00","70","79","68","60","56","12","224","223","197"
"27.04.2020 19:00 - 27.04.2020 20:00","27","33","24","57","47","2","173","225","161"
"27.04.2020 20:00 - 27.04.2020 21:00","5","5","4","71","59","15","164","225","148"
"27.04.2020 21:00 - 27.04.2020 22:00","0","0","0","69","78","35","158","195","104"
"27.04.2020 22:00 - 27.04.2020 23:00","0","0","0","67","82","36","160","172","90"
"27.04.2020 23:00 - 28.04.2020 00:00","0","0","0","58","72","64","156","168","119"
"28.04.2020 00:00 - 28.04.2020 01:00","0","N/A","0","57","N/A","47","239","N/A","116"
"28.04.2020 01:00 - 28.04.2020 02:00","0","N/A","0","61","N/A","39","256","N/A","141"
"28.04.2020 02:00 - 28.04.2020 03:00","0","N/A","0","69","N/A","52","257","N/A","134"
"28.04.2020 03:00 - 28.04.2020 04:00","0","N/A","0","85","N/A","104","255","N/A","143"
"28.04.2020 04:00 - 28.04.2020 05:00","0","N/A","0","114","N/A","105","258","N/A","192"
"28.04.2020 05:00 - 28.04.2020 06:00","0","N/A","0","126","N/A","144","225","N/A","212"
"28.04.2020 06:00 - 28.04.2020 07:00","15","N/A","15","114","N/A","47","199","N/A","135"
"28.04.2020 07:00 - 28.04.2020 08:00","67","N/A","75","111","N/A","114","181","N/A","194"
"28.04.2020 08:00 - 28.04.2020 09:00","153","184","184","110","110","112","167","147","147"
"28.04.2020 09:00 - 28.04.2020 10:00","246","303","304","101","95","104","177","178","173"
"28.04.2020 10:00 - 28.04.2020 11:00","326","408","356","84","86","72","225","223","222"
"28.04.2020 11:00 - 28.04.2020 12:00","388","474","357","51","74","49","247","243","254"
"28.04.2020 12:00 - 28.04.2020 13:00","410","495","351","47","58","18","251","266","258"
"28.04.2020 13:00 - 28.04.2020 14:00","377","485","372","44","37","6","246","269","204"
"28.04.2020 14:00 - 28.04.2020 15:00","356","462","374","44","44","21","258","301","260"
"28.04.2020 15:00 - 28.04.2020 16:00","360","395","316","55","38","5","263","302","234"
"28.04.2020 16:00 - 28.04.2020 17:00","316","295","287","57","45","9","260","286","251"
"28.04.2020 17:00 - 28.04.2020 18:00","225","216","225","73","73","22","258","282","271"
"28.04.2020 18:00 - 28.04.2020 19:00","128","120","149","74","105","13","242","269","276"
"28.04.2020 19:00 - 28.04.2020 20:00","44","46","55","95","136","55","217","245","248"
"28.04.2020 20:00 - 28.04.2020 21:00","7","7","8","123","141","68","221","239","247"
"28.04.2020 21:00 - 28.04.2020 22:00","0","0","0","125","151","104","232","244","234"
"28.04.2020 22:00 - 28.04.2020 23:00","0","0","0","138","149","83","257","272","307"
"28.04.2020 23:00 - 29.04.2020 00:00","0","0","0","115","150","114","268","292","380"
"29.04.2020 00:00 - 29.04.2020 01:00","0","N/A","0","160","N/A","170","331","N/A","322"
"29.04.2020 01:00 - 29.04.2020 02:00","0","N/A","0","177","N/A","200","338","N/A","369"
"29.04.2020 02:00 - 29.04.2020 03:00","0","N/A","0","168","N/A","191","309","N/A","354"
"29.04.2020 03:00 - 29.04.2020 04:00","0","N/A","0","179","N/A","186","297","N/A","366"
"29.04.2020 04:00 - 29.04.2020 05:00","0","N/A","0","201","N/A","177","305","N/A","390"
"29.04.2020 05:00 - 29.04.2020 06:00","0","N/A","0","207","N/A","133","295","N/A","363"
"29.04.2020 06:00 - 29.04.2020 07:00","11","N/A","13","193","N/A","96","314","N/A","329"
"29.04.2020 07:00 - 29.04.2020 08:00","44","N/A","53","232","N/A","144","335","N/A","332"
"29.04.2020 08:00 - 29.04.2020 09:00","95","123","123","305","341","337","313","268","268"
"29.04.2020 09:00 - 29.04.2020 10:00","147","192","188","288","365","385","349","300","325"
"29.04.2020 10:00 - 29.04.2020 11:00","196","248","225","268","376","300","463","422","451"
"29.04.2020 11:00 - 29.04.2020 12:00","225","292","253","278","365","267","538","518","455"
"29.04.2020 12:00 - 29.04.2020 13:00","227","269","232","294","337","230","633","599","479"
"29.04.2020 13:00 - 29.04.2020 14:00","215","241","221","307","336","267","726","659","581"
"29.04.2020 14:00 - 29.04.2020 15:00","172","197","173","319","336","305","816","811","714"
"29.04.2020 15:00 - 29.04.2020 16:00","119","146","149","335","288","418","904","946","738"
"29.04.2020 16:00 - 29.04.2020 17:00","88","95","127","320","293","385","986","1011","1027"
"29.04.2020 17:00 - 29.04.2020 18:00","63","78","77","238","348","370","1089","1129","962"
"29.04.2020 18:00 - 29.04.2020 19:00","42","61","38","247","396","325","1125","1147","1149"
"29.04.2020 19:00 - 29.04.2020 20:00","17","25","15","330","473","598","1076","1102","1355"
"29.04.2020 20:00 - 29.04.2020 21:00","3","3","3","396","532","660","1116","1093","1253"
"29.04.2020 21:00 - 29.04.2020 22:00","0","0","0","549","624","831","1153","1103","1227"
"29.04.2020 22:00 - 29.04.2020 23:00","0","0","0","754","676","642","1221","1167","1238"
"29.04.2020 23:00 - 30.04.2020 00:00","0","0","0","777","727","706","1321","1261","1274"
"30.04.2020 00:00 - 30.04.2020 01:00","0","N/A","0","821","N/A","677","1670","N/A","1824"
"30.04.2020 01:00 - 30.04.2020 02:00","0","N/A","0","843","N/A","570","1844","N/A","1768"
"30.04.2020 02:00 - 30.04.2020 03:00","0","N/A","0","880","N/A","599","1879","N/A","1680"
"30.04.2020 03:00 - 30.04.2020 04:00","0","N/A","0","891","N/A","738","1882","N/A","1826"
"30.04.2020 04:00 - 30.04.2020 05:00","0","N/A","0","915","N/A","913","2000","N/A","2023"
"30.04.2020 05:00 - 30.04.2020 06:00","0","N/A","0","929","N/A","1033","2036","N/A","2065"
"30.04.2020 06:00 - 30.04.2020 07:00","3","N/A","3","948","N/A","1110","2130","N/A","2290"
"30.04.2020 07:00 - 30.04.2020 08:00","11","N/A","13","917","N/A","1087","2152","N/A","2356"
"30.04.2020 08:00 - 30.04.2020 09:00","19","22","22","884","1000","983","2058","2325","2325"
"30.04.2020 09:00 - 30.04.2020 10:00","29","31","36","854","986","866","1843","2052","2147"
"30.04.2020 10:00 - 30.04.2020 11:00","39","38","52","828","946","969","1758","1954","2041"
"30.04.2020 11:00 - 30.04.2020 12:00","61","63","111","757","907","942","1559","1737","1622"
"30.04.2020 12:00 - 30.04.2020 13:00","75","81","165","763","850","921","1311","1483","1435"
"30.04.2020 13:00 - 30.04.2020 14:00","118","89","203","723","783","829","1104","1248","1182"
"30.04.2020 14:00 - 30.04.2020 15:00","154","118","233","708","779","732","978","1122","962"
"30.04.2020 15:00 - 30.04.2020 16:00","160","151","181","799","882","849","905","1100","823"
"30.04.2020 16:00 - 30.04.2020 17:00","131","126","74","733","871","806","873","1075","800"
"30.04.2020 17:00 - 30.04.2020 18:00","84","119","82","658","836","764","848","1064","928"
"30.04.2020 18:00 - 30.04.2020 19:00","62","95","83","612","686","636","744","905","531"
"30.04.2020 19:00 - 30.04.2020 20:00","29","39","41","440","548","540","567","638","392"
"30.04.2020 20:00 - 30.04.2020 21:00","6","7","7","360","449","327","446","461","396"
"30.04.2020 21:00 - 30.04.2020 22:00","0","0","0","319","399","251","373","402","408"
"30.04.2020 22:00 - 30.04.2020 23:00","0","0","0","295","490","252","362","407","339"
"30.04.2020 23:00 - 01.05.2020 00:00","0","0","0","327","603","158","373","429","317"
"01.05.2020 00:00 - 01.05.2020 01:00","0","N/A","0","360","N/A","140","367","N/A","285"
"01.05.2020 01:00 - 01.05.2020 02:00","0","N/A","0","416","N/A","232","392","N/A","288"
"01.05.2020 02:00 - 01.05.2020 03:00","0","N/A","0","486","N/A","336","415","N/A","400"
"01.05.2020 03:00 - 01.05.2020 04:00","0","N/A","0","560","N/A","403","501","N/A","503"
"01.05.2020 04:00 - 01.05.2020 05:00","0","N/A","0","612","N/A","441","642","N/A","629"
"01.05.2020 05:00 - 01.05.2020 06:00","0","N/A","0","562","N/A","546","688","N/A","552"
"01.05.2020 06:00 - 01.05.2020 07:00","12","N/A","14","478","N/A","657","710","N/A","608"
"01.05.2020 07:00 - 01.05.2020 08:00","32","N/A","38","431","N/A","621","677","N/A","623"
"01.05.2020 08:00 - 01.05.2020 09:00","49","90","90","441","477","461","660","566","566"
"01.05.2020 09:00 - 01.05.2020 10:00","93","150","181","437","335","203","628","494","470"
"01.05.2020 10:00 - 01.05.2020 11:00","161","204","178","480","260","267","706","509","562"
"01.05.2020 11:00 - 01.05.2020 12:00","209","275","215","458","232","204","743","511","533"
"01.05.2020 12:00 - 01.05.2020 13:00","247","312","201","424","230","151","759","511","478"
"01.05.2020 13:00 - 01.05.2020 14:00","328","323","217","442","221","200","746","488","428"
"01.05.2020 14:00 - 01.05.2020 15:00","329","318","269","499","238","231","712","512","486"
"01.05.2020 15:00 - 01.05.2020 16:00","315","278","273","455","259","151","615","469","403"
"01.05.2020 16:00 - 01.05.2020 17:00","246","224","256","368","201","118","506","368","303"
"01.05.2020 17:00 - 01.05.2020 18:00","174","166","174","311","102","53","422","311","191"
"01.05.2020 18:00 - 01.05.2020 19:00","97","95","109","260","77","78","320","232","105"
"01.05.2020 19:00 - 01.05.2020 20:00","34","36","41","261","85","127","241","160","112"
"01.05.2020 20:00 - 01.05.2020 21:00","6","7","7","266","86","103","200","125","151"
"01.05.2020 21:00 - 01.05.2020 22:00","0","0","0","212","86","56","180","118","124"
"01.05.2020 22:00 - 01.05.2020 23:00","0","0","0","189","80","48","176","125","125"
"01.05.2020 23:00 - 02.05.2020 00:00","0","0","0","165","78","68","167","130","151"
"02.05.2020 00:00 - 02.05.2020 01:00","0","N/A","0","54","N/A","34","104","N/A","105"
"02.05.2020 01:00 - 02.05.2020 02:00","0","N/A","0","32","N/A","34","89","N/A","74"
"02.05.2020 02:00 - 02.05.2020 03:00","0","N/A","0","23","N/A","4","72","N/A","34"
"02.05.2020 03:00 - 02.05.2020 04:00","0","N/A","0","32","N/A","0","61","N/A","28"
"02.05.2020 04:00 - 02.05.2020 05:00","0","N/A","0","33","N/A","11","57","N/A","25"
"02.05.2020 05:00 - 02.05.2020 06:00","1","N/A","0","26","N/A","0","50","N/A","19"
"02.05.2020 06:00 - 02.05.2020 07:00","17","N/A","15","21","N/A","4","44","N/A","23"
"02.05.2020 07:00 - 02.05.2020 08:00","61","N/A","57","18","N/A","69","43","N/A","25"
"02.05.2020 08:00 - 02.05.2020 09:00","121","126","126","29","73","69","49","27","27"
"02.05.2020 09:00 - 02.05.2020 10:00","164","192","178","34","69","35","56","65","40"
"02.05.2020 10:00 - 02.05.2020 11:00","231","231","263","43","61","52","89","138","88"
"02.05.2020 11:00 - 02.05.2020 12:00","286","318","293","70","76","55","136","223","116"
"02.05.2020 12:00 - 02.05.2020 13:00","333","351","309","108","121","74","219","325","176"
"02.05.2020 13:00 - 02.05.2020 14:00","386","353","354","138","124","89","315","402","207"
"02.05.2020 14:00 - 02.05.2020 15:00","370","350","344","166","144","80","411","549","340"
"02.05.2020 15:00 - 02.05.2020 16:00","308","350","328","173","159","86","511","658","391"
"02.05.2020 16:00 - 02.05.2020 17:00","266","290","319","219","189","109","575","638","448"
"02.05.2020 17:00 - 02.05.2020 18:00","206","221","236","267","254","159","602","682","573"
"02.05.2020 18:00 - 02.05.2020 19:00","128","142","131","313","279","120","573","669","506"
"02.05.2020 19:00 - 02.05.2020 20:00","49","55","52","305","277","106","501","614","466"
"02.05.2020 20:00 - 02.05.2020 21:00","9","10","10","317","290","111","497","562","489"
"02.05.2020 21:00 - 02.05.2020 22:00","0","0","0","316","265","147","522","535","448"
"02.05.2020 22:00 - 02.05.2020 23:00","0","0","0","321","240","177","580","529","362"
"02.05.2020 23:00 - 03.05.2020 00:00","0","0","0","279","233","148","628","549","420"
"03.05.2020 00:00 - 03.05.2020 01:00","0","N/A","0","205","N/A","159","684","N/A","530"
"03.05.2020 01:00 - 03.05.2020 02:00","0","N/A","0","258","N/A","142","762","N/A","585"
"03.05.2020 02:00 - 03.05.2020 03:00","0","N/A","0","323","N/A","213","770","N/A","627"
"03.05.2020 03:00 - 03.05.2020 04:00","0","N/A","0","399","N/A","419","789","N/A","749"
"03.05.2020 04:00 - 03.05.2020 05:00","0","N/A","0","458","N/A","435","891","N/A","850"
"03.05.2020 05:00 - 03.05.2020 06:00","1","N/A","1","491","N/A","504","955","N/A","861"
"03.05.2020 06:00 - 03.05.2020 07:00","28","N/A","27","519","N/A","500","1020","N/A","991"
"03.05.2020 07:00 - 03.05.2020 08:00","99","N/A","104","560","N/A","499","1077","N/A","945"
"03.05.2020 08:00 - 03.05.2020 09:00","210","217","217","616","601","591","1140","1044","1044"
"03.05.2020 09:00 - 03.05.2020 10:00","324","347","303","608","587","517","1099","1072","1350"
"03.05.2020 10:00 - 03.05.2020 11:00","421","460","404","549","526","465","1246","1246","1418"
"03.05.2020 11:00 - 03.05.2020 12:00","499","539","476","509","462","441","1241","1327","1293"
"03.05.2020 12:00 - 03.05.2020 13:00","539","567","518","448","414","413","1240","1351","1275"
"03.05.2020 13:00 - 03.05.2020 14:00","538","574","533","483","391","436","1242","1342","1300"
"03.05.2020 14:00 - 03.05.2020 15:00","515","547","497","499","423","401","1304","1482","1417"
"03.05.2020 15:00 - 03.05.2020 16:00","470","505","488","509","404","266","1427","1542","1470"
"03.05.2020 16:00 - 03.05.2020 17:00","386","411","389","504","375","271","1497","1493","1438"
"03.05.2020 17:00 - 03.05.2020 18:00","273","297","291","511","414","308","1521","1510","1563"
"03.05.2020 18:00 - 03.05.2020 19:00","154","177","179","549","451","411","1423","1362","1333"
"03.05.2020 19:00 - 03.05.2020 20:00","60","69","66","540","518","418","1238","1137","1283"
"03.05.2020 20:00 - 03.05.2020 21:00","11","12","12","526","551","434","1141","971","1149"
"03.05.2020 21:00 - 03.05.2020 22:00","0","0","0","530","517","453","1045","860","958"
"03.05.2020 22:00 - 03.05.2020 23:00","0","0","0","513","508","478","1048","832","845"
"03.05.2020 23:00 - 04.05.2020 00:00","0","0","0","559","501","554","1063","834","979"
"04.05.2020 00:00 - 04.05.2020 01:00","0","N/A","0","560","N/A","574","1056","N/A","710"
"04.05.2020 01:00 - 04.05.2020 02:00","0","N/A","0","598","N/A","605","1083","N/A","739"
"04.05.2020 02:00 - 04.05.2020 03:00","0","N/A","0","588","N/A","587","1044","N/A","703"
"04.05.2020 03:00 - 04.05.2020 04:00","0","N/A","0","586","N/A","700","979","N/A","697"
"04.05.2020 04:00 - 04.05.2020 05:00","0","N/A","0","577","N/A","708","1038","N/A","704"
"04.05.2020 05:00 - 04.05.2020 06:00","2","N/A","2","614","N/A","623","1065","N/A","660"
"04.05.2020 06:00 - 04.05.2020 07:00","32","N/A","32","613","N/A","588","1097","N/A","689"
"04.05.2020 07:00 - 04.05.2020 08:00","108","N/A","119","643","N/A","604","1150","N/A","759"
"04.05.2020 08:00 - 04.05.2020 09:00","224","230","230","731","573","550","1194","936","936"
"04.05.2020 09:00 - 04.05.2020 10:00","351","365","393","759","618","541","1145","917","1026"
"04.05.2020 10:00 - 04.05.2020 11:00","458","464","514","721","599","473","1291","1044","978"
"04.05.2020 11:00 - 04.05.2020 12:00","530","526","587","709","592","513","1368","1110","962"
"04.05.2020 12:00 - 04.05.2020 13:00","569","563","593","683","584","463","1325","1143","712"
"04.05.2020 13:00 - 04.05.2020 14:00","571","557","567","688","628","513","1298","1165","851"
"04.05.2020 14:00 - 04.05.2020 15:00","539","525","521","802","723","646","1338","1284","968"
"04.05.2020 15:00 - 04.05.2020 16:00","484","488","499","876","813","800","1356","1355","968"
"04.05.2020 16:00 - 04.05.2020 17:00","395","432","447","867","776","643","1374","1352","1081"
"04.05.2020 17:00 - 04.05.2020 18:00","281","314","338","925","809","841","1440","1321","1082"
"04.05.2020 18:00 - 04.05.2020 19:00","163","190","208","895","844","936","1367","1218","897"
"04.05.2020 19:00 - 04.05.2020 20:00","64","78","80","905","871","987","1167","1059","965"
"04.05.2020 20:00 - 04.05.2020 21:00","12","14","15","926","885","915","1013","927","765"
"04.05.2020 21:00 - 04.05.2020 22:00","0","0","0","832","881","946","953","856","511"
"04.05.2020 22:00 - 04.05.2020 23:00","0","0","0","837","922","836","871","780","475"
"04.05.2020 23:00 - 05.05.2020 00:00","0","0","0","906","948","953","846","747","464"
"05.05.2020 00:00 - 05.05.2020 01:00","0","N/A","0","845","N/A","828","567","N/A","329"
"05.05.2020 01:00 - 05.05.2020 02:00","0","N/A","0","846","N/A","795","546","N/A","372"
"05.05.2020 02:00 - 05.05.2020 03:00","0","N/A","0","792","N/A","793","501","N/A","276"
"05.05.2020 03:00 - 05.05.2020 04:00","0","N/A","0","705","N/A","716","461","N/A","381"
"05.05.2020 04:00 - 05.05.2020 05:00","0","N/A","0","634","N/A","702","450","N/A","402"
"05.05.2020 05:00 - 05.05.2020 06:00","2","N/A","2","633","N/A","574","434","N/A","394"
"05.05.2020 06:00 - 05.05.2020 07:00","36","N/A","36","586","N/A","466","409","N/A","418"
"05.05.2020 07:00 - 05.05.2020 08:00","116","N/A","120","555","N/A","338","374","N/A","362"
"05.05.2020 08:00 - 05.05.2020 09:00","241","247","247","571","405","395","369","309","309"
"05.05.2020 09:00 - 05.05.2020 10:00","383","392","434","490","410","348","376","363","347"
"05.05.2020 10:00 - 05.05.2020 11:00","498","494","574","408","380","312","476","508","507"
"05.05.2020 11:00 - 05.05.2020 12:00","569","562","614","414","382","262","524","571","554"
"05.05.2020 12:00 - 05.05.2020 13:00","592","597","605","408","377","210","535","623","556"
"05.05.2020 13:00 - 05.05.2020 14:00","592","617","572","411","403","308","520","701","401"
"05.05.2020 14:00 - 05.05.2020 15:00","567","587","548","435","468","405","555","784","485"
"05.05.2020 15:00 - 05.05.2020 16:00","511","540","526","431","555","367","602","828","529"
"05.05.2020 16:00 - 05.05.2020 17:00","427","456","472","432","595","341","640","802","406"
"05.05.2020 17:00 - 05.05.2020 18:00","314","338","371","475","623","476","654","763","451"
"05.05.2020 18:00 - 05.05.2020 19:00","186","204","225","494","654","399","603","694","414"
"05.05.2020 19:00 - 05.05.2020 20:00","74","83","84","460","639","381","477","593","450"
"05.05.2020 20:00 - 05.05.2020 21:00","14","15","16","420","599","367","403","526","436"
"05.05.2020 21:00 - 05.05.2020 22:00","0","0","0","352","495","307","366","495","339"
"05.05.2020 22:00 - 05.05.2020 23:00","0","0","0","305","405","426","346","457","476"
"05.05.2020 23:00 - 06.05.2020 00:00","0","0","0","240","357","446","346","454","461"
"06.05.2020 00:00 - 06.05.2020 01:00","0","N/A","0","261","N/A","270","503","N/A","461"
"06.05.2020 01:00 - 06.05.2020 02:00","0","N/A","0","269","N/A","194","574","N/A","514"
"06.05.2020 02:00 - 06.05.2020 03:00","0","N/A","0","291","N/A","260","658","N/A","667"
"06.05.2020 03:00 - 06.05.2020 04:00","0","N/A","0","355","N/A","346","749","N/A","609"
"06.05.2020 04:00 - 06.05.2020 05:00","0","N/A","0","435","N/A","340","895","N/A","670"
"06.05.2020 05:00 - 06.05.2020 06:00","3","N/A","3","564","N/A","398","1045","N/A","810"
"06.05.2020 06:00 - 06.05.2020 07:00","38","N/A","38","594","N/A","427","1202","N/A","995"
"06.05.2020 07:00 - 06.05.2020 08:00","118","N/A","120","628","N/A","566","1301","N/A","1150"
"06.05.2020 08:00 - 06.05.2020 09:00","240","238","238","716","690","677","1451","1276","1276"
"06.05.2020 09:00 - 06.05.2020 10:00","374","374","343","768","707","691","1487","1687","1645"
"06.05.2020 10:00 - 06.05.2020 11:00","482","477","449","785","723","715","1763","1909","1779"
"06.05.2020 11:00 - 06.05.2020 12:00","545","542","558","812","742","747","1972","2042","1588"
"06.05.2020 12:00 - 06.05.2020 13:00","586","577","596","809","787","787","2054","2144","1613"
"06.05.2020 13:00 - 06.05.2020 14:00","601","582","580","881","845","794","2121","2265","1790"
"06.05.2020 14:00 - 06.05.2020 15:00","576","557","558","903","937","861","2230","2406","1902"
"06.05.2020 15:00 - 06.05.2020 16:00","514","529","513","931","961","1018","2338","2471","1999"
"06.05.2020 16:00 - 06.05.2020 17:00","427","445","400","920","943","1045","2425","2502","2166"
"06.05.2020 17:00 - 06.05.2020 18:00","310","317","315","981","982","1100","2586","2593","2489"
"06.05.2020 18:00 - 06.05.2020 19:00","181","187","213","1006","990","1083","2455","2465","2262"
"06.05.2020 19:00 - 06.05.2020 20:00","71","78","80","1027","1018","1118","2157","2197","2203"
"06.05.2020 20:00 - 06.05.2020 21:00","15","16","16","1006","1008","1094","1955","1991","2096"
"06.05.2020 21:00 - 06.05.2020 22:00","1","1","0","973","984","1076","1789","1839","1719"
"06.05.2020 22:00 - 06.05.2020 23:00","0","0","0","983","962","1090","1561","1566","1310"
"06.05.2020 23:00 - 07.05.2020 00:00","0","0","0","993","963","1053","1406","1443","1298"
"07.05.2020 00:00 - 07.05.2020 01:00","0","N/A","0","988","N/A","1011","1460","N/A","1120"
"07.05.2020 01:00 - 07.05.2020 02:00","0","N/A","0","971","N/A","953","1333","N/A","913"
"07.05.2020 02:00 - 07.05.2020 03:00","0","N/A","0","876","N/A","844","1174","N/A","871"
"07.05.2020 03:00 - 07.05.2020 04:00","0","N/A","0","786","N/A","784","993","N/A","819"
"07.05.2020 04:00 - 07.05.2020 05:00","0","N/A","0","698","N/A","762","873","N/A","812"
"07.05.2020 05:00 - 07.05.2020 06:00","3","N/A","3","636","N/A","735","725","N/A","752"
"07.05.2020 06:00 - 07.05.2020 07:00","39","N/A","39","563","N/A","623","619","N/A","637"
"07.05.2020 07:00 - 07.05.2020 08:00","117","N/A","121","468","N/A","602","546","N/A","581"
"07.05.2020 08:00 - 07.05.2020 09:00","242","229","229","452","467","455","507","570","570"
"07.05.2020 09:00 - 07.05.2020 10:00","378","357","351","396","403","379","399","545","667"
"07.05.2020 10:00 - 07.05.2020 11:00","489","463","482","318","376","453","431","593","599"
"07.05.2020 11:00 - 07.05.2020 12:00","568","536","559","271","336","425","481","646","598"
"07.05.2020 12:00 - 07.05.2020 13:00","616","581","606","193","216","152","533","667","692"
"07.05.2020 13:00 - 07.05.2020 14:00","625","593","628","120","192","169","520","644","564"
"07.05.2020 14:00 - 07.05.2020 15:00","598","567","643","98","182","164","523","741","516"
"07.05.2020 15:00 - 07.05.2020 16:00","540","534","587","115","183","168","597","885","588"
"07.05.2020 16:00 - 07.05.2020 17:00","444","448","475","139","227","187","725","979","629"
"07.05.2020 17:00 - 07.05.2020 18:00","315","316","308","141","218","197","852","1073","914"
"07.05.2020 18:00 - 07.05.2020 19:00","181","188","174","140","184","245","836","1016","977"
"07.05.2020 19:00 - 07.05.2020 20:00","72","79","70","163","226","284","756","893","1150"
"07.05.2020 20:00 - 07.05.2020 21:00","15","16","15","149","274","385","683","803","991"
"07.05.2020 21:00 - 07.05.2020 22:00","0","0","0","161","283","402","641","755","900"
"07.05.2020 22:00 - 07.05.2020 23:00","0","0","0","179","313","415","585","690","509"
"07.05.2020 23:00 - 08.05.2020 00:00","0","0","0","235","356","398","591","703","655"
"08.05.2020 00:00 - 08.05.2020 01:00","0","N/A","0","362","N/A","280","841","N/A","691"
"08.05.2020 01:00 - 08.05.2020 02:00","0","N/A","0","391","N/A","368","825","N/A","758"
"08.05.2020 02:00 - 08.05.2020 03:00","0","N/A","0","378","N/A","324","792","N/A","811"
"08.05.2020 03:00 - 08.05.2020 04:00","0","N/A","0","386","N/A","466","755","N/A","742"
"08.05.2020 04:00 - 08.05.2020 05:00","0","N/A","0","405","N/A","464","771","N/A","861"
"08.05.2020 05:00 - 08.05.2020 06:00","3","N/A","3","467","N/A","466","740","N/A","901"
"08.05.2020 06:00 - 08.05.2020 07:00","40","N/A","40","479","N/A","492","717","N/A","908"
"08.05.2020 07:00 - 08.05.2020 08:00","118","N/A","116","497","N/A","488","700","N/A","504"
"08.05.2020 08:00 - 08.05.2020 09:00","234","232","232","512","604","641","720","412","412"
"08.05.2020 09:00 - 08.05.2020 10:00","324","350","313","437","574","463","719","759","567"
"08.05.2020 10:00 - 08.05.2020 11:00","342","424","370","409","535","453","904","898","793"
"08.05.2020 11:00 - 08.05.2020 12:00","348","437","325","367","451","358","1017","1002","910"
"08.05.2020 12:00 - 08.05.2020 13:00","373","493","437","337","407","319","1072","1094","838"
"08.05.2020 13:00 - 08.05.2020 14:00","479","553","577","400","453","297","1079","1140","949"
"08.05.2020 14:00 - 08.05.2020 15:00","566","583","646","494","485","467","1092","1228","904"
"08.05.2020 15:00 - 08.05.2020 16:00","514","524","625","454","451","456","1091","1219","873"
"08.05.2020 16:00 - 08.05.2020 17:00","408","416","548","344","328","353","1055","1123","1323"
"08.05.2020 17:00 - 08.05.2020 18:00","284","282","419","350","302","277","1010","1001","1307"
"08.05.2020 18:00 - 08.05.2020 19:00","162","164","248","339","309","176","851","823","974"
"08.05.2020 19:00 - 08.05.2020 20:00","63","69","96","340","327","236","652","652","859"
"08.05.2020 20:00 - 08.05.2020 21:00","13","15","18","334","309","164","551","569","731"
"08.05.2020 21:00 - 08.05.2020 22:00","0","0","1","304","286","164","502","513","606"
"08.05.2020 22:00 - 08.05.2020 23:00","0","0","0","295","275","290","440","451","436"
"08.05.2020 23:00 - 09.05.2020 00:00","0","0","0","305","299","324","397","414","466"
"09.05.2020 00:00 - 09.05.2020 01:00","0","N/A","0","301","N/A","287","420","N/A","387"
"09.05.2020 01:00 - 09.05.2020 02:00","0","N/A","0","294","N/A","215","377","N/A","331"
"09.05.2020 02:00 - 09.05.2020 03:00","0","N/A","0","251","N/A","191","327","N/A","296"
"09.05.2020 03:00 - 09.05.2020 04:00","0","N/A","0","232","N/A","257","272","N/A","223"
"09.05.2020 04:00 - 09.05.2020 05:00","0","N/A","0","217","N/A","204","247","N/A","205"
"09.05.2020 05:00 - 09.05.2020 06:00","3","N/A","3","201","N/A","165","189","N/A","159"
"09.05.2020 06:00 - 09.05.2020 07:00","32","N/A","33","150","N/A","126","138","N/A","125"
"09.05.2020 07:00 - 09.05.2020 08:00","96","N/A","100","128","N/A","122","115","N/A","105"
"09.05.2020 08:00 - 09.05.2020 09:00","204","162","162","109","96","94","92","113","113"
"09.05.2020 09:00 - 09.05.2020 10:00","330","247","278","80","70","82","71","106","124"
"09.05.2020 10:00 - 09.05.2020 11:00","427","330","412","53","60","55","74","125","186"
"09.05.2020 11:00 - 09.05.2020 12:00","492","413","530","34","37","36","76","119","193"
"09.05.2020 12:00 - 09.05.2020 13:00","531","480","625","19","13","27","95","124","173"
"09.05.2020 13:00 - 09.05.2020 14:00","547","502","643","14","4","13","116","135","195"
"09.05.2020 14:00 - 09.05.2020 15:00","502","447","598","16","2","8","127","153","240"
"09.05.2020 15:00 - 09.05.2020 16:00","414","454","512","42","11","21","134","157","216"
"09.05.2020 16:00 - 09.05.2020 17:00","320","406","444","57","15","26","139","140","173"
"09.05.2020 17:00 - 09.05.2020 18:00","243","290","324","37","13","31","131","111","189"
"09.05.2020 18:00 - 09.05.2020 19:00","135","171","206","40","12","33","99","82","132"
"09.05.2020 19:00 - 09.05.2020 20:00","56","74","82","47","21","25","70","57","86"
"09.05.2020 20:00 - 09.05.2020 21:00","14","17","17","47","39","17","61","51","64"
"09.05.2020 21:00 - 09.05.2020 22:00","1","1","1","62","59","11","69","57","45"
"09.05.2020 22:00 - 09.05.2020 23:00","0","0","0","71","47","10","83","69","48"
"09.05.2020 23:00 - 10.05.2020 00:00","0","0","0","105","50","36","112","97","51"
"10.05.2020 00:00 - 10.05.2020 01:00","0","N/A","0","40","N/A","24","88","N/A","54"
"10.05.2020 01:00 - 10.05.2020 02:00","0","N/A","0","75","N/A","37","129","N/A","61"
"10.05.2020 02:00 - 10.05.2020 03:00","0","N/A","0","98","N/A","72","187","N/A","94"
"10.05.2020 03:00 - 10.05.2020 04:00","0","N/A","0","150","N/A","132","275","N/A","163"
"10.05.2020 04:00 - 10.05.2020 05:00","0","N/A","0","202","N/A","260","386","N/A","338"
"10.05.2020 05:00 - 10.05.2020 06:00","3","N/A","4","237","N/A","331","465","N/A","471"
"10.05.2020 06:00 - 10.05.2020 07:00","30","N/A","34","272","N/A","293","533","N/A","677"
"10.05.2020 07:00 - 10.05.2020 08:00","89","N/A","107","267","N/A","325","562","N/A","660"
"10.05.2020 08:00 - 10.05.2020 09:00","161","191","191","286","286","273","623","596","596"
"10.05.2020 09:00 - 10.05.2020 10:00","226","259","284","391","323","270","644","691","852"
"10.05.2020 10:00 - 10.05.2020 11:00","264","294","337","591","453","414","873","929","1158"
"10.05.2020 11:00 - 10.05.2020 12:00","264","296","333","715","630","713","1092","1134","1231"
"10.05.2020 12:00 - 10.05.2020 13:00","263","302","353","807","735","886","1289","1369","1271"
"10.05.2020 13:00 - 10.05.2020 14:00","314","355","343","941","850","984","1455","1592","1383"
"10.05.2020 14:00 - 10.05.2020 15:00","356","404","334","940","978","1021","1677","1859","1700"
"10.05.2020 15:00 - 10.05.2020 16:00","349","378","334","941","947","967","1885","2039","1928"
"10.05.2020 16:00 - 10.05.2020 17:00","277","320","261","891","886","982","2043","2143","1903"
"10.05.2020 17:00 - 10.05.2020 18:00","197","226","231","880","929","1132","2272","2277","1734"
"10.05.2020 18:00 - 10.05.2020 19:00","122","145","135","865","919","1018","2229","2230","1569"
"10.05.2020 19:00 - 10.05.2020 20:00","55","66","55","904","938","988","1953","2038","1469"
"10.05.2020 20:00 - 10.05.2020 21:00","15","16","15","931","944","904","1745","1855","1386"
"10.05.2020 21:00 - 10.05.2020 22:00","1","1","1","875","921","786","1635","1729","1282"
"10.05.2020 22:00 - 10.05.2020 23:00","0","0","0","896","892","787","1511","1593","901"
"10.05.2020 23:00 - 11.05.2020 00:00","0","0","0","878","916","853","1480","1630","978"
"11.05.2020 00:00 - 11.05.2020 01:00","0","N/A","0","966","N/A","975","1586","N/A","922"
"11.05.2020 01:00 - 11.05.2020 02:00","0","N/A","0","1054","N/A","1017","1539","N/A","966"
"11.05.2020 02:00 - 11.05.2020 03:00","0","N/A","0","1042","N/A","1025","1479","N/A","1037"
"11.05.2020 03:00 - 11.05.2020 04:00","0","N/A","0","991","N/A","1100","1312","N/A","1162"
"11.05.2020 04:00 - 11.05.2020 05:00","0","N/A","0","953","N/A","613","1427","N/A","1031"
"11.05.2020 05:00 - 11.05.2020 06:00","5","N/A","5","951","N/A","1079","1391","N/A","467"
"11.05.2020 06:00 - 11.05.2020 07:00","46","N/A","47","970","N/A","916","1325","N/A","616"
"11.05.2020 07:00 - 11.05.2020 08:00","136","N/A","137","978","N/A","931","1346","N/A","696"
"11.05.2020 08:00 - 11.05.2020 09:00","264","271","271","1010","997","1011","1352","670","670"
"11.05.2020 09:00 - 11.05.2020 10:00","396","407","413","974","985","920","1294","627","963"
"11.05.2020 10:00 - 11.05.2020 11:00","498","511","485","901","953","883","1393","731","1179"
"11.05.2020 11:00 - 11.05.2020 12:00","563","571","541","880","915","838","1406","776","804"
"11.05.2020 12:00 - 11.05.2020 13:00","605","609","615","860","895","779","1337","840","734"
"11.05.2020 13:00 - 11.05.2020 14:00","603","624","641","841","910","739","1323","907","674"
"11.05.2020 14:00 - 11.05.2020 15:00","575","587","583","883","970","847","1379","1010","846"
"11.05.2020 15:00 - 11.05.2020 16:00","532","540","570","960","1005","870","1357","1049","830"
"11.05.2020 16:00 - 11.05.2020 17:00","442","445","513","941","929","917","1333","1041","892"
"11.05.2020 17:00 - 11.05.2020 18:00","322","319","374","965","915","872","1344","1041","1015"
"11.05.2020 18:00 - 11.05.2020 19:00","193","194","232","908","872","830","1338","1099","1387"
"11.05.2020 19:00 - 11.05.2020 20:00","81","84","96","932","844","857","1185","1141","1397"
"11.05.2020 20:00 - 11.05.2020 21:00","20","21","22","943","817","790","1104","1151","1021"
"11.05.2020 21:00 - 11.05.2020 22:00","1","1","1","884","784","791","1124","1162","1125"
"11.05.2020 22:00 - 11.05.2020 23:00","0","0","0","876","792","777","1094","1179","876"
"11.05.2020 23:00 - 12.05.2020 00:00","0","0","0","827","822","871","1125","1245","1057"
"12.05.2020 00:00 - 12.05.2020 01:00","0","N/A","0","865","N/A","917","1429","N/A","1214"
"12.05.2020 01:00 - 12.05.2020 02:00","0","N/A","0","909","N/A","961","1497","N/A","1247"
"12.05.2020 02:00 - 12.05.2020 03:00","0","N/A","0","961","N/A","953","1420","N/A","1174"
"12.05.2020 03:00 - 12.05.2020 04:00","0","N/A","0","957","N/A","996","1214","N/A","1171"
"12.05.2020 04:00 - 12.05.2020 05:00","0","N/A","0","894","N/A","901","1152","N/A","1196"
"12.05.2020 05:00 - 12.05.2020 06:00","4","N/A","4","887","N/A","885","1127","N/A","1017"
"12.05.2020 06:00 - 12.05.2020 07:00","35","N/A","37","854","N/A","834","1184","N/A","1093"
"12.05.2020 07:00 - 12.05.2020 08:00","95","N/A","115","812","N/A","800","1286","N/A","997"
"12.05.2020 08:00 - 12.05.2020 09:00","171","229","229","887","826","809","1406","1416","1416"
"12.05.2020 09:00 - 12.05.2020 10:00","248","337","342","917","888","758","1389","1528","1669"
"12.05.2020 10:00 - 12.05.2020 11:00","279","384","316","917","897","804","1613","1672","1899"
"12.05.2020 11:00 - 12.05.2020 12:00","282","367","314","886","859","760","1781","1756","1738"
"12.05.2020 12:00 - 12.05.2020 13:00","283","326","345","856","802","795","1868","1887","1568"
"12.05.2020 13:00 - 12.05.2020 14:00","288","339","405","888","833","912","1933","2005","1695"
"12.05.2020 14:00 - 12.05.2020 15:00","271","346","444","949","915","832","2015","2160","1868"
"12.05.2020 15:00 - 12.05.2020 16:00","235","344","456","974","954","692","2099","2251","1831"
"12.05.2020 16:00 - 12.05.2020 17:00","237","331","370","960","914","773","2188","2348","1959"
"12.05.2020 17:00 - 12.05.2020 18:00","215","259","338","964","932","769","2471","2536","2040"
"12.05.2020 18:00 - 12.05.2020 19:00","153","170","186","1018","932","574","2460","2453","2022"
"12.05.2020 19:00 - 12.05.2020 20:00","74","81","86","1057","956","656","2326","2201","1794"
"12.05.2020 20:00 - 12.05.2020 21:00","20","21","20","1059","941","514","2183","1978","1353"
"12.05.2020 21:00 - 12.05.2020 22:00","1","1","1","1050","896","437","1983","1786","859"
"12.05.2020 22:00 - 12.05.2020 23:00","0","0","0","1049","831","492","1681","1500","465"
"12.05.2020 23:00 - 13.05.2020 00:00","0","0","0","1054","772","459","1481","1343","418"
"13.05.2020 00:00 - 13.05.2020 01:00","0","N/A","0","559","N/A","615","703","N/A","298"
"13.05.2020 01:00 - 13.05.2020 02:00","0","N/A","0","552","N/A","583","610","N/A","200"
"13.05.2020 02:00 - 13.05.2020 03:00","0","N/A","0","483","N/A","382","475","N/A","219"
"13.05.2020 03:00 - 13.05.2020 04:00","0","N/A","0","434","N/A","405","320","N/A","104"
"13.05.2020 04:00 - 13.05.2020 05:00","0","N/A","0","362","N/A","240","314","N/A","178"
"13.05.2020 05:00 - 13.05.2020 06:00","6","N/A","5","233","N/A","106","271","N/A","107"
"13.05.2020 06:00 - 13.05.2020 07:00","46","N/A","40","189","N/A","84","216","N/A","89"
"13.05.2020 07:00 - 13.05.2020 08:00","133","N/A","125","246","N/A","166","203","N/A","46"
"13.05.2020 08:00 - 13.05.2020 09:00","260","260","260","290","198","189","176","45","45"
"13.05.2020 09:00 - 13.05.2020 10:00","393","405","442","319","219","187","179","77","72"
"13.05.2020 10:00 - 13.05.2020 11:00","503","517","522","242","193","220","224","137","156"
"13.05.2020 11:00 - 13.05.2020 12:00","568","591","582","163","150","179","252","152","161"
"13.05.2020 12:00 - 13.05.2020 13:00","593","627","619","210","165","118","276","180","176"
"13.05.2020 13:00 - 13.05.2020 14:00","583","634","581","269","210","135","306","234","247"
"13.05.2020 14:00 - 13.05.2020 15:00","548","617","538","364","328","271","382","323","425"
"13.05.2020 15:00 - 13.05.2020 16:00","496","554","499","431","358","313","443","415","514"
"13.05.2020 16:00 - 13.05.2020 17:00","406","445","401","483","394","448","506","478","537"
"13.05.2020 17:00 - 13.05.2020 18:00","304","325","336","504","364","463","577","496","657"
"13.05.2020 18:00 - 13.05.2020 19:00","182","200","217","531","392","481","609","525","684"
"13.05.2020 19:00 - 13.05.2020 20:00","78","84","92","526","439","551","544","512","714"
"13.05.2020 20:00 - 13.05.2020 21:00","20","20","22","530","458","486","497","510","679"
"13.05.2020 21:00 - 13.05.2020 22:00","1","1","1","508","445","458","506","503","665"
"13.05.2020 22:00 - 13.05.2020 23:00","0","0","0","484","469","586","498","502","607"
"13.05.2020 23:00 - 14.05.2020 00:00","0","0","0","399","460","624","528","553","755"
"14.05.2020 00:00 - 14.05.2020 01:00","0","N/A","0","521","N/A","568","845","N/A","591"
"14.05.2020 01:00 - 14.05.2020 02:00","0","N/A","0","598","N/A","625","937","N/A","807"
"14.05.2020 02:00 - 14.05.2020 03:00","0","N/A","0","671","N/A","845","995","N/A","975"
"14.05.2020 03:00 - 14.05.2020 04:00","0","N/A","0","740","N/A","728","1023","N/A","908"
"14.05.2020 04:00 - 14.05.2020 05:00","0","N/A","0","767","N/A","937","1139","N/A","1086"
"14.05.2020 05:00 - 14.05.2020 06:00","7","N/A","7","841","N/A","962","1172","N/A","1074"
"14.05.2020 06:00 - 14.05.2020 07:00","49","N/A","49","833","N/A","995","1172","N/A","856"
"14.05.2020 07:00 - 14.05.2020 08:00","137","N/A","137","820","N/A","833","1200","N/A","836"
"14.05.2020 08:00 - 14.05.2020 09:00","260","272","272","855","767","753","1215","983","983"
"14.05.2020 09:00 - 14.05.2020 10:00","390","406","456","806","694","640","1101","1221","1193"
"14.05.2020 10:00 - 14.05.2020 11:00","499","520","565","685","595","513","1210","1347","1553"
"14.05.2020 11:00 - 14.05.2020 12:00","568","579","598","627","541","579","1284","1446","1525"
"14.05.2020 12:00 - 14.05.2020 13:00","602","593","566","549","519","501","1353","1526","1394"
"14.05.2020 13:00 - 14.05.2020 14:00","590","587","499","563","555","568","1388","1587","1477"
"14.05.2020 14:00 - 14.05.2020 15:00","546","552","452","602","611","640","1452","1746","1626"
"14.05.2020 15:00 - 14.05.2020 16:00","487","486","435","606","611","691","1593","1856","1773"
"14.05.2020 16:00 - 14.05.2020 17:00","402","383","339","686","669","707","1757","1939","1858"
"14.05.2020 17:00 - 14.05.2020 18:00","293","292","318","728","748","808","1983","2099","2174"
"14.05.2020 18:00 - 14.05.2020 19:00","169","183","199","797","798","801","1891","2030","1940"
"14.05.2020 19:00 - 14.05.2020 20:00","68","82","85","881","903","964","1726","1849","1920"
"14.05.2020 20:00 - 14.05.2020 21:00","16","19","19","897","942","996","1574","1694","1816"
"14.05.2020 21:00 - 14.05.2020 22:00","1","1","1","909","943","1038","1426","1604","1543"
"14.05.2020 22:00 - 14.05.2020 23:00","0","0","0","889","907","1024","1216","1412","1188"
"14.05.2020 23:00 - 15.05.2020 00:00","0","0","0","856","911","1030","1110","1343","1241"
"15.05.2020 00:00 - 15.05.2020 01:00","0","N/A","0","868","N/A","977","1368","N/A","1179"
"15.05.2020 01:00 - 15.05.2020 02:00","0","N/A","0","803","N/A","1031","1307","N/A","1204"
"15.05.2020 02:00 - 15.05.2020 03:00","0","N/A","0","751","N/A","980","1207","N/A","1058"
"15.05.2020 03:00 - 15.05.2020 04:00","0","N/A","0","751","N/A","903","1086","N/A","983"
"15.05.2020 04:00 - 15.05.2020 05:00","0","N/A","0","784","N/A","995","1100","N/A","1138"
"15.05.2020 05:00 - 15.05.2020 06:00","6","N/A","6","833","N/A","943","1067","N/A","969"
"15.05.2020 06:00 - 15.05.2020 07:00","40","N/A","39","830","N/A","1011","1077","N/A","1101"
"15.05.2020 07:00 - 15.05.2020 08:00","101","N/A","77","860","N/A","1018","1149","N/A","981"
"15.05.2020 08:00 - 15.05.2020 09:00","179","193","193","952","973","958","1207","1294","1294"
"15.05.2020 09:00 - 15.05.2020 10:00","250","276","299","881","962","1014","1241","1556","1730"
"15.05.2020 10:00 - 15.05.2020 11:00","269","349","358","835","950","1038","1532","1853","1891"
"15.05.2020 11:00 - 15.05.2020 12:00","292","425","413","860","940","985","1797","2075","2054"
"15.05.2020 12:00 - 15.05.2020 13:00","326","476","470","800","887","831","2006","2282","2288"
"15.05.2020 13:00 - 15.05.2020 14:00","395","528","470","852","910","818","2139","2430","2149"
"15.05.2020 14:00 - 15.05.2020 15:00","451","527","470","984","925","834","2225","2514","2538"
"15.05.2020 15:00 - 15.05.2020 16:00","439","459","472","1022","1002","1048","2304","2511","2414"
"15.05.2020 16:00 - 15.05.2020 17:00","387","378","378","996","969","1030","2367","2523","2345"
"15.05.2020 17:00 - 15.05.2020 18:00","270","290","317","998","966","1122","2578","2636","2253"
"15.05.2020 18:00 - 15.05.2020 19:00","149","171","157","1012","984","1027","2514","2551","2138"
"15.05.2020 19:00 - 15.05.2020 20:00","60","71","58","1046","1034","1069","2329","2361","2126"
"15.05.2020 20:00 - 15.05.2020 21:00","14","16","13","1036","1050","1115","2247","2237","2292"
"15.05.2020 21:00 - 15.05.2020 22:00","1","1","1","1034","1044","1119","2258","2258","2280"
"15.05.2020 22:00 - 15.05.2020 23:00","0","0","0","1034","1034","1133","2191","2171","2122"
"15.05.2020 23:00 - 16.05.2020 00:00","0","0","0","1036","1051","1134","2186","2216","1998"
"16.05.2020 00:00 - 16.05.2020 01:00","0","N/A","0","1026","N/A","1121","2246","N/A","2047"
"16.05.2020 01:00 - 16.05.2020 02:00","0","N/A","0","1021","N/A","1128","2143","N/A","2083"
"16.05.2020 02:00 - 16.05.2020 03:00","0","N/A","0","1014","N/A","1117","2240","N/A","2284"
"16.05.2020 03:00 - 16.05.2020 04:00","0","N/A","0","1008","N/A","1109","2237","N/A","1994"
"16.05.2020 04:00 - 16.05.2020 05:00","0","N/A","0","989","N/A","1108","2244","N/A","2267"
"16.05.2020 05:00 - 16.05.2020 06:00","3","N/A","3","992","N/A","1112","2354","N/A","2524"
"16.05.2020 06:00 - 16.05.2020 07:00","23","N/A","22","1024","N/A","1107","2382","N/A","2390"
"16.05.2020 07:00 - 16.05.2020 08:00","70","N/A","70","1024","N/A","1106","2332","N/A","2225"
"16.05.2020 08:00 - 16.05.2020 09:00","146","157","157","1025","1086","1095","2278","2425","2223"
"16.05.2020 09:00 - 16.05.2020 10:00","257","247","203","975","1053","1085","2318","2535","2275"
"16.05.2020 10:00 - 16.05.2020 11:00","337","326","240","970","1003","1076","2308","2527","2263"
"16.05.2020 11:00 - 16.05.2020 12:00","378","365","314","934","945","1042","2404","2601","2371"
"16.05.2020 12:00 - 16.05.2020 13:00","383","370","432","870","898","1021","2449","2693","2498"
"16.05.2020 13:00 - 16.05.2020 14:00","345","386","460","916","938","1024","2405","2656","2549"
"16.05.2020 14:00 - 16.05.2020 15:00","286","406","471","892","921","1029","2361","2672","2630"
"16.05.2020 15:00 - 16.05.2020 16:00","281","338","431","908","906","1048","2348","2686","2272"
"16.05.2020 16:00 - 16.05.2020 17:00","264","279","350","911","890","1010","2332","2606","2283"
"16.05.2020 17:00 - 16.05.2020 18:00","195","235","264","946","940","1054","2453","2579","2331"
"16.05.2020 18:00 - 16.05.2020 19:00","122","146","145","989","969","1055","2389","2407","2512"
"16.05.2020 19:00 - 16.05.2020 20:00","56","66","58","1016","967","1080","2140","2104","2247"
"16.05.2020 20:00 - 16.05.2020 21:00","16","19","15","1005","953","1064","1907","1904","2129"
"16.05.2020 21:00 - 16.05.2020 22:00","1","2","1","983","944","1004","1726","1746","2158"
"16.05.2020 22:00 - 16.05.2020 23:00","0","0","0","1001","935","1058","1652","1710","1972"
"16.05.2020 23:00 - 17.05.2020 00:00","0","0","0","1017","971","1073","1635","1714","1886"
"17.05.2020 00:00 - 17.05.2020 01:00","0","N/A","0","1009","N/A","1066","1906","N/A","1781"
"17.05.2020 01:00 - 17.05.2020 02:00","0","N/A","0","1008","N/A","1020","1889","N/A","1935"
"17.05.2020 02:00 - 17.05.2020 03:00","0","N/A","0","993","N/A","1043","1924","N/A","1916"
"17.05.2020 03:00 - 17.05.2020 04:00","0","N/A","0","961","N/A","1083","1855","N/A","1729"
"17.05.2020 04:00 - 17.05.2020 05:00","0","N/A","0","918","N/A","1073","1796","N/A","1807"
"17.05.2020 05:00 - 17.05.2020 06:00","6","N/A","6","919","N/A","1076","1756","N/A","1955"
"17.05.2020 06:00 - 17.05.2020 07:00","32","N/A","36","951","N/A","988","1717","N/A","1865"
"17.05.2020 07:00 - 17.05.2020 08:00","77","N/A","76","957","N/A","1023","1738","N/A","1824"
"17.05.2020 08:00 - 17.05.2020 09:00","140","148","148","941","1003","1011","1762","1858","1858"
"17.05.2020 09:00 - 17.05.2020 10:00","223","214","225","911","971","1045","1943","1968","2372"
"17.05.2020 10:00 - 17.05.2020 11:00","260","252","361","892","965","1045","2076","2065","2349"
"17.05.2020 11:00 - 17.05.2020 12:00","298","290","409","847","907","1062","2237","2203","2587"
"17.05.2020 12:00 - 17.05.2020 13:00","337","343","452","797","830","1004","2384","2284","2771"
"17.05.2020 13:00 - 17.05.2020 14:00","342","373","431","858","895","857","2432","1967","2256"
"17.05.2020 14:00 - 17.05.2020 15:00","316","342","351","829","882","502","2450","1872","1974"
"17.05.2020 15:00 - 17.05.2020 16:00","304","305","289","857","886","399","2414","1912","1902"
"17.05.2020 16:00 - 17.05.2020 17:00","258","227","193","848","870","304","2339","2203","1983"
"17.05.2020 17:00 - 17.05.2020 18:00","162","142","112","893","912","403","2387","2235","2372"
"17.05.2020 18:00 - 17.05.2020 19:00","83","80","55","897","930","1112","2232","2116","1773"
"17.05.2020 19:00 - 17.05.2020 20:00","38","42","29","934","953","1111","1955","1929","1558"
"17.05.2020 20:00 - 17.05.2020 21:00","11","12","8","953","954","1033","1780","1774","1509"
"17.05.2020 21:00 - 17.05.2020 22:00","1","1","1","949","946","982","1644","1584","1366"
"17.05.2020 22:00 - 17.05.2020 23:00","0","0","0","936","910","913","1538","1452","1641"
"17.05.2020 23:00 - 18.05.2020 00:00","0","0","0","882","886","991","1367","1303","1352"
"18.05.2020 00:00 - 18.05.2020 01:00","0","N/A","0","846","N/A","832","1222","N/A","1245"
"18.05.2020 01:00 - 18.05.2020 02:00","0","N/A","0","748","N/A","811","1026","N/A","1191"
"18.05.2020 02:00 - 18.05.2020 03:00","0","N/A","0","718","N/A","768","907","N/A","979"
"18.05.2020 03:00 - 18.05.2020 04:00","0","N/A","0","672","N/A","664","794","N/A","794"
"18.05.2020 04:00 - 18.05.2020 05:00","0","N/A","0","548","N/A","648","656","N/A","532"
"18.05.2020 05:00 - 18.05.2020 06:00","4","N/A","4","455","N/A","514","505","N/A","412"
"18.05.2020 06:00 - 18.05.2020 07:00","27","N/A","27","361","N/A","421","394","N/A","270"
"18.05.2020 07:00 - 18.05.2020 08:00","77","N/A","57","274","N/A","240","312","N/A","144"
"18.05.2020 08:00 - 18.05.2020 09:00","138","127","127","223","158","153","250","99","99"
"18.05.2020 09:00 - 18.05.2020 10:00","194","168","137","148","125","138","223","99","116"
"18.05.2020 10:00 - 18.05.2020 11:00","198","169","151","113","113","206","199","120","174"
"18.05.2020 11:00 - 18.05.2020 12:00","163","166","208","121","149","296","204","159","185"
"18.05.2020 12:00 - 18.05.2020 13:00","136","154","186","125","208","473","236","212","264"
"18.05.2020 13:00 - 18.05.2020 14:00","105","140","180","209","304","457","283","279","344"
"18.05.2020 14:00 - 18.05.2020 15:00","56","111","163","300","389","595","357","371","311"
"18.05.2020 15:00 - 18.05.2020 16:00","39","64","154","382","470","462","432","499","501"
"18.05.2020 16:00 - 18.05.2020 17:00","35","45","140","424","465","461","522","654","340"
"18.05.2020 17:00 - 18.05.2020 18:00","38","49","134","498","534","419","656","802","721"
"18.05.2020 18:00 - 18.05.2020 19:00","29","40","54","587","593","651","762","874","828"
"18.05.2020 19:00 - 18.05.2020 20:00","19","25","25","581","606","510","863","889","898"
"18.05.2020 20:00 - 18.05.2020 21:00","8","8","8","557","601","399","896","903","774"
"18.05.2020 21:00 - 18.05.2020 22:00","1","1","1","653","602","589","904","904","815"
"18.05.2020 22:00 - 18.05.2020 23:00","0","0","0","750","607","676","924","882","1024"
"18.05.2020 23:00 - 19.05.2020 00:00","0","0","0","733","620","671","937","915","1070"
"19.05.2020 00:00 - 19.05.2020 01:00","0","N/A","0","703","N/A","790","871","N/A","1071"
"19.05.2020 01:00 - 19.05.2020 02:00","0","N/A","0","693","N/A","940","875","N/A","1104"
"19.05.2020 02:00 - 19.05.2020 03:00","0","N/A","0","623","N/A","888","873","N/A","1028"
"19.05.2020 03:00 - 19.05.2020 04:00","0","N/A","0","533","N/A","905","837","N/A","945"
"19.05.2020 04:00 - 19.05.2020 05:00","0","N/A","0","526","N/A","909","797","N/A","973"
"19.05.2020 05:00 - 19.05.2020 06:00","5","N/A","4","579","N/A","854","818","N/A","1045"
"19.05.2020 06:00 - 19.05.2020 07:00","30","N/A","28","613","N/A","848","887","N/A","1144"
"19.05.2020 07:00 - 19.05.2020 08:00","81","N/A","85","552","N/A","725","916","N/A","1006"
"19.05.2020 08:00 - 19.05.2020 09:00","175","147","147","522","515","493","983","1550","1550"
"19.05.2020 09:00 - 19.05.2020 10:00","291","243","281","398","486","484","1094","1639","1785"
"19.05.2020 10:00 - 19.05.2020 11:00","409","350","440","369","403","453","1152","1683","1657"
"19.05.2020 11:00 - 19.05.2020 12:00","487","431","585","345","353","446","1217","1716","1705"
"19.05.2020 12:00 - 19.05.2020 13:00","550","485","643","330","340","372","1202","1684","1274"
"19.05.2020 13:00 - 19.05.2020 14:00","581","507","657","370","349","408","1165","1589","921"
"19.05.2020 14:00 - 19.05.2020 15:00","565","500","640","346","308","293","1166","1519","840"
"19.05.2020 15:00 - 19.05.2020 16:00","526","510","597","254","260","84","1124","1390","1020"
"19.05.2020 16:00 - 19.05.2020 17:00","446","454","511","210","205","95","1062","1295","1139"
"19.05.2020 17:00 - 19.05.2020 18:00","327","333","379","213","192","81","995","1198","1182"
"19.05.2020 18:00 - 19.05.2020 19:00","199","205","237","206","170","47","905","1011","987"
"19.05.2020 19:00 - 19.05.2020 20:00","90","94","104","206","173","57","756","790","885"
"19.05.2020 20:00 - 19.05.2020 21:00","27","28","29","192","177","37","627","626","647"
"19.05.2020 21:00 - 19.05.2020 22:00","3","3","3","207","202","84","518","533","483"
"19.05.2020 22:00 - 19.05.2020 23:00","0","0","0","198","231","72","492","522","425"
"19.05.2020 23:00 - 20.05.2020 00:00","0","0","0","174","217","101","482","516","382"
"20.05.2020 00:00 - 20.05.2020 01:00","0","N/A","0","108","N/A","63","521","N/A","449"
"20.05.2020 01:00 - 20.05.2020 02:00","0","N/A","0","90","N/A","86","504","N/A","453"
"20.05.2020 02:00 - 20.05.2020 03:00","0","N/A","0","77","N/A","59","482","N/A","400"
"20.05.2020 03:00 - 20.05.2020 04:00","0","N/A","0","75","N/A","45","464","N/A","352"
"20.05.2020 04:00 - 20.05.2020 05:00","0","N/A","0","53","N/A","30","422","N/A","367"
"20.05.2020 05:00 - 20.05.2020 06:00","10","N/A","10","29","N/A","5","373","N/A","301"
"20.05.2020 06:00 - 20.05.2020 07:00","56","N/A","52","22","N/A","18","328","N/A","229"
"20.05.2020 07:00 - 20.05.2020 08:00","142","N/A","152","23","N/A","2","279","N/A","151"
"20.05.2020 08:00 - 20.05.2020 09:00","255","243","243","19","1","0","246","109","109"
"20.05.2020 09:00 - 20.05.2020 10:00","381","346","436","14","0","0","231","118","100"
"20.05.2020 10:00 - 20.05.2020 11:00","494","442","591","11","1","0","224","142","100"
"20.05.2020 11:00 - 20.05.2020 12:00","557","491","623","11","6","1","232","163","88"
"20.05.2020 12:00 - 20.05.2020 13:00","578","503","630","9","4","0","243","182","89"
"20.05.2020 13:00 - 20.05.2020 14:00","557","487","634","7","7","0","251","197","89"
"20.05.2020 14:00 - 20.05.2020 15:00","525","489","594","9","6","1","271","218","114"
"20.05.2020 15:00 - 20.05.2020 16:00","486","482","528","13","6","0","280","240","139"
"20.05.2020 16:00 - 20.05.2020 17:00","417","420","419","15","10","0","275","249","145"
"20.05.2020 17:00 - 20.05.2020 18:00","311","302","330","13","10","0","240","219","124"
"20.05.2020 18:00 - 20.05.2020 19:00","196","190","216","11","7","0","208","172","98"
"20.05.2020 19:00 - 20.05.2020 20:00","90","92","98","8","8","0","168","131","48"
"20.05.2020 20:00 - 20.05.2020 21:00","27","26","27","8","10","0","145","94","33"
"20.05.2020 21:00 - 20.05.2020 22:00","3","2","3","5","14","0","115","70","51"
"20.05.2020 22:00 - 20.05.2020 23:00","0","0","0","5","11","0","96","55","46"
"20.05.2020 23:00 - 21.05.2020 00:00","0","0","0","3","13","0","76","43","35"
"21.05.2020 00:00 - 21.05.2020 01:00","0","N/A","0","1","N/A","0","33","N/A","33"
"21.05.2020 01:00 - 21.05.2020 02:00","0","N/A","0","2","N/A","0","33","N/A","18"
"21.05.2020 02:00 - 21.05.2020 03:00","0","N/A","0","3","N/A","0","32","N/A","14"
"21.05.2020 03:00 - 21.05.2020 04:00","0","N/A","0","5","N/A","1","27","N/A","14"
"21.05.2020 04:00 - 21.05.2020 05:00","0","N/A","0","7","N/A","0","23","N/A","18"
"21.05.2020 05:00 - 21.05.2020 06:00","7","N/A","8","9","N/A","0","20","N/A","15"
"21.05.2020 06:00 - 21.05.2020 07:00","39","N/A","43","9","N/A","1","17","N/A","12"
"21.05.2020 07:00 - 21.05.2020 08:00","104","N/A","103","12","N/A","0","16","N/A","15"
"21.05.2020 08:00 - 21.05.2020 09:00","200","211","211","16","2","2","15","11","11"
"21.05.2020 09:00 - 21.05.2020 10:00","308","322","381","17","8","1","16","29","15"
"21.05.2020 10:00 - 21.05.2020 11:00","405","428","523","22","11","7","23","49","21"
"21.05.2020 11:00 - 21.05.2020 12:00","462","490","604","30","20","9","37","71","32"
"21.05.2020 12:00 - 21.05.2020 13:00","487","512","629","26","27","4","65","106","49"
"21.05.2020 13:00 - 21.05.2020 14:00","492","519","638","33","28","7","88","130","51"
"21.05.2020 14:00 - 21.05.2020 15:00","514","547","633","31","29","4","105","142","60"
"21.05.2020 15:00 - 21.05.2020 16:00","474","477","538","35","35","18","115","148","89"
"21.05.2020 16:00 - 21.05.2020 17:00","398","397","457","37","33","4","116","163","125"
"21.05.2020 17:00 - 21.05.2020 18:00","288","292","318","41","36","7","111","169","76"
"21.05.2020 18:00 - 21.05.2020 19:00","184","197","240","40","48","37","114","196","128"
"21.05.2020 19:00 - 21.05.2020 20:00","88","100","104","52","61","51","138","238","203"
"21.05.2020 20:00 - 21.05.2020 21:00","27","29","29","62","81","30","168","271","216"
"21.05.2020 21:00 - 21.05.2020 22:00","3","3","3","125","172","33","229","334","253"
"21.05.2020 22:00 - 21.05.2020 23:00","0","0","0","171","293","49","297","416","168"
"21.05.2020 23:00 - 22.05.2020 00:00","0","0","0","156","345","47","355","489","261"
"22.05.2020 00:00 - 22.05.2020 01:00","0","N/A","0","188","N/A","145","440","N/A","266"
"22.05.2020 01:00 - 22.05.2020 02:00","0","N/A","0","252","N/A","248","468","N/A","284"
"22.05.2020 02:00 - 22.05.2020 03:00","0","N/A","0","334","N/A","399","512","N/A","381"
"22.05.2020 03:00 - 22.05.2020 04:00","0","N/A","0","441","N/A","370","571","N/A","616"
"22.05.2020 04:00 - 22.05.2020 05:00","0","N/A","0","604","N/A","595","592","N/A","783"
"22.05.2020 05:00 - 22.05.2020 06:00","6","N/A","6","697","N/A","742","654","N/A","910"
"22.05.2020 06:00 - 22.05.2020 07:00","35","N/A","37","773","N/A","841","717","N/A","914"
"22.05.2020 07:00 - 22.05.2020 08:00","93","N/A","100","802","N/A","874","718","N/A","826"
"22.05.2020 08:00 - 22.05.2020 09:00","182","236","236","814","859","860","767","850","850"
"22.05.2020 09:00 - 22.05.2020 10:00","301","353","400","827","872","886","956","1095","1111"
"22.05.2020 10:00 - 22.05.2020 11:00","394","440","504","867","951","953","1218","1390","1479"
"22.05.2020 11:00 - 22.05.2020 12:00","445","476","430","853","937","895","1545","1716","1868"
"22.05.2020 12:00 - 22.05.2020 13:00","412","430","219","778","899","994","1813","1931","2214"
"22.05.2020 13:00 - 22.05.2020 14:00","317","333","112","820","945","1109","1927","2057","1946"
"22.05.2020 14:00 - 22.05.2020 15:00","163","217","103","829","965","1090","1970","2166","2284"
"22.05.2020 15:00 - 22.05.2020 16:00","96","109","124","885","961","1119","1993","2286","2477"
"22.05.2020 16:00 - 22.05.2020 17:00","66","56","77","878","952","1105","1974","2305","2471"
"22.05.2020 17:00 - 22.05.2020 18:00","38","32","34","959","983","1127","2166","2310","2238"
"22.05.2020 18:00 - 22.05.2020 19:00","23","26","20","997","958","1007","2210","2225","2144"
"22.05.2020 19:00 - 22.05.2020 20:00","16","20","14","945","821","711","2164","1956","2104"
"22.05.2020 20:00 - 22.05.2020 21:00","5","7","6","835","709","717","1909","1599","1391"
"22.05.2020 21:00 - 22.05.2020 22:00","0","1","1","750","711","767","1523","1224","1002"
"22.05.2020 22:00 - 22.05.2020 23:00","0","0","0","692","711","728","1135","864","838"
"22.05.2020 23:00 - 23.05.2020 00:00","0","0","0","708","701","720","871","622","657"
"23.05.2020 00:00 - 23.05.2020 01:00","0","N/A","0","850","N/A","735","612","N/A","499"
"23.05.2020 01:00 - 23.05.2020 02:00","0","N/A","0","858","N/A","699","568","N/A","444"
"23.05.2020 02:00 - 23.05.2020 03:00","0","N/A","0","784","N/A","678","558","N/A","447"
"23.05.2020 03:00 - 23.05.2020 04:00","0","N/A","0","666","N/A","559","597","N/A","509"
"23.05.2020 04:00 - 23.05.2020 05:00","0","N/A","0","650","N/A","632","587","N/A","548"
"23.05.2020 05:00 - 23.05.2020 06:00","9","N/A","9","587","N/A","626","575","N/A","550"
"23.05.2020 06:00 - 23.05.2020 07:00","44","N/A","45","599","N/A","647","569","N/A","504"
"23.05.2020 07:00 - 23.05.2020 08:00","110","N/A","119","624","N/A","834","548","N/A","442"
"23.05.2020 08:00 - 23.05.2020 09:00","203","189","189","603","735","735","565","509","509"
"23.05.2020 09:00 - 23.05.2020 10:00","323","268","294","638","693","817","765","737","717"
"23.05.2020 10:00 - 23.05.2020 11:00","431","365","394","677","773","854","1030","1023","960"
"23.05.2020 11:00 - 23.05.2020 12:00","497","426","473","656","764","868","1311","1279","1356"
"23.05.2020 12:00 - 23.05.2020 13:00","522","486","570","549","628","634","1592","1579","1483"
"23.05.2020 13:00 - 23.05.2020 14:00","502","486","515","617","605","776","1812","1777","1422"
"23.05.2020 14:00 - 23.05.2020 15:00","465","440","533","700","643","786","1930","1967","1968"
"23.05.2020 15:00 - 23.05.2020 16:00","434","389","482","687","768","840","2043","2034","2471"
"23.05.2020 16:00 - 23.05.2020 17:00","381","365","438","713","777","381","2098","2145","2285"
"23.05.2020 17:00 - 23.05.2020 18:00","298","288","341","787","828","389","2132","2196","1910"
"23.05.2020 18:00 - 23.05.2020 19:00","195","191","215","862","898","1047","1980","2101","1877"
"23.05.2020 19:00 - 23.05.2020 20:00","92","89","96","876","937","1011","1679","1884","1626"
"23.05.2020 20:00 - 23.05.2020 21:00","28","27","27","856","925","994","1439","1697","1805"
"23.05.2020 21:00 - 23.05.2020 22:00","3","3","3","841","916","1004","1194","1582","1442"
"23.05.2020 22:00 - 23.05.2020 23:00","0","0","0","829","908","886","1070","1446","1350"
"23.05.2020 23:00 - 24.05.2020 00:00","0","0","0","856","919","768","1131","1534","1302"
"24.05.2020 00:00 - 24.05.2020 01:00","0","N/A","0","1003","N/A","936","2060","N/A","1160"
"24.05.2020 01:00 - 24.05.2020 02:00","0","N/A","0","984","N/A","302","1986","N/A","1429"
"24.05.2020 02:00 - 24.05.2020 03:00","0","N/A","0","962","N/A","340","1903","N/A","1474"
"24.05.2020 03:00 - 24.05.2020 04:00","0","N/A","0","913","N/A","322","1879","N/A","1589"
"24.05.2020 04:00 - 24.05.2020 05:00","0","N/A","0","912","N/A","448","1838","N/A","1502"
"24.05.2020 05:00 - 24.05.2020 06:00","4","N/A","4","927","N/A","434","2002","N/A","1558"
"24.05.2020 06:00 - 24.05.2020 07:00","18","N/A","19","946","N/A","449","1941","N/A","1442"
"24.05.2020 07:00 - 24.05.2020 08:00","43","N/A","47","960","N/A","424","1753","N/A","1285"
"24.05.2020 08:00 - 24.05.2020 09:00","70","103","103","929","409","397","1714","1467","1467"
"24.05.2020 09:00 - 24.05.2020 10:00","105","154","185","904","528","412","1893","1559","1658"
"24.05.2020 10:00 - 24.05.2020 11:00","131","194","218","890","598","388","1972","1618","1704"
"24.05.2020 11:00 - 24.05.2020 12:00","143","214","240","855","631","418","2110","1671","1933"
"24.05.2020 12:00 - 24.05.2020 13:00","152","248","272","766","590","255","2115","1709","2031"
"24.05.2020 13:00 - 24.05.2020 14:00","145","286","231","773","598","319","2105","1711","1842"
"24.05.2020 14:00 - 24.05.2020 15:00","113","280","180","767","630","298","2178","1823","1805"
"24.05.2020 15:00 - 24.05.2020 16:00","121","201","146","858","727","437","2303","1892","1821"
"24.05.2020 16:00 - 24.05.2020 17:00","119","139","118","875","802","409","2391","1966","1930"
"24.05.2020 17:00 - 24.05.2020 18:00","78","89","85","942","876","463","2536","2066","2159"
"24.05.2020 18:00 - 24.05.2020 19:00","58","60","68","1001","951","477","2475","2483","2371"
"24.05.2020 19:00 - 24.05.2020 20:00","31","39","36","992","978","1104","2318","2413","1721"
"24.05.2020 20:00 - 24.05.2020 21:00","11","14","13","953","983","1027","2236","2316","1545"
"24.05.2020 21:00 - 24.05.2020 22:00","1","1","2","922","1005","987","2067","2204","1548"
"24.05.2020 22:00 - 24.05.2020 23:00","0","0","0","944","1019","989","1924","2019","1483"
"24.05.2020 23:00 - 25.05.2020 00:00","0","0","0","975","1026","996","1984","2036","1448"
"25.05.2020 00:00 - 25.05.2020 01:00","0","N/A","0","948","N/A","1004","2093","N/A","1347"
"25.05.2020 01:00 - 25.05.2020 02:00","0","N/A","0","933","N/A","975","1911","N/A","1403"
"25.05.2020 02:00 - 25.05.2020 03:00","0","N/A","0","913","N/A","690","1744","N/A","1308"
"25.05.2020 03:00 - 25.05.2020 04:00","0","N/A","0","893","N/A","758","1629","N/A","1332"
"25.05.2020 04:00 - 25.05.2020 05:00","0","N/A","0","938","N/A","734","1441","N/A","1180"
"25.05.2020 05:00 - 25.05.2020 06:00","11","N/A","11","960","N/A","795","1476","N/A","1121"
"25.05.2020 06:00 - 25.05.2020 07:00","50","N/A","50","993","N/A","782","1396","N/A","818"
"25.05.2020 07:00 - 25.05.2020 08:00","125","N/A","109","956","N/A","841","1189","N/A","1166"
"25.05.2020 08:00 - 25.05.2020 09:00","235","203","203","793","753","750","1012","1163","1163"
"25.05.2020 09:00 - 25.05.2020 10:00","352","304","313","730","725","867","883","1002","973"
"25.05.2020 10:00 - 25.05.2020 11:00","450","385","426","686","686","807","738","827","766"
"25.05.2020 11:00 - 25.05.2020 12:00","491","416","505","624","633","699","636","719","680"
"25.05.2020 12:00 - 25.05.2020 13:00","514","428","550","522","514","546","591","661","563"
"25.05.2020 13:00 - 25.05.2020 14:00","504","408","529","486","436","530","550","631","409"
"25.05.2020 14:00 - 25.05.2020 15:00","437","385","527","464","404","386","506","596","322"
"25.05.2020 15:00 - 25.05.2020 16:00","396","418","468","426","421","405","466","549","278"
"25.05.2020 16:00 - 25.05.2020 17:00","362","389","406","351","422","326","441","530","364"
"25.05.2020 17:00 - 25.05.2020 18:00","295","283","302","340","417","345","418","519","403"
"25.05.2020 18:00 - 25.05.2020 19:00","199","197","222","361","398","257","388","450","396"
"25.05.2020 19:00 - 25.05.2020 20:00","95","98","103","322","339","233","342","367","340"
"25.05.2020 20:00 - 25.05.2020 21:00","30","31","31","276","289","270","295","286","311"
"25.05.2020 21:00 - 25.05.2020 22:00","4","4","4","205","199","163","214","209","227"
"25.05.2020 22:00 - 25.05.2020 23:00","0","0","0","130","146","87","144","137","125"
"25.05.2020 23:00 - 26.05.2020 00:00","0","0","0","101","112","60","123","116","60"
"26.05.2020 00:00 - 26.05.2020 01:00","0","N/A","0","65","N/A","52","139","N/A","65"
"26.05.2020 01:00 - 26.05.2020 02:00","0","N/A","0","41","N/A","18","120","N/A","62"
"26.05.2020 02:00 - 26.05.2020 03:00","0","N/A","0","26","N/A","15","110","N/A","47"
"26.05.2020 03:00 - 26.05.2020 04:00","0","N/A","0","16","N/A","7","103","N/A","44"
"26.05.2020 04:00 - 26.05.2020 05:00","0","N/A","0","14","N/A","5","85","N/A","36"
"26.05.2020 05:00 - 26.05.2020 06:00","14","N/A","13","13","N/A","0","62","N/A","35"
"26.05.2020 06:00 - 26.05.2020 07:00","61","N/A","59","10","N/A","0","44","N/A","19"
"26.05.2020 07:00 - 26.05.2020 08:00","143","N/A","116","7","N/A","0","36","N/A","26"
"26.05.2020 08:00 - 26.05.2020 09:00","249","208","208","8","0","0","29","20","20"
"26.05.2020 09:00 - 26.05.2020 10:00","362","298","307","9","1","1","34","37","21"
"26.05.2020 10:00 - 26.05.2020 11:00","439","368","421","9","2","3","46","64","33"
"26.05.2020 11:00 - 26.05.2020 12:00","448","401","510","10","6","21","63","94","45"
"26.05.2020 12:00 - 26.05.2020 13:00","466","426","571","15","13","8","109","142","68"
"26.05.2020 13:00 - 26.05.2020 14:00","471","426","597","27","28","22","160","213","94"
"26.05.2020 14:00 - 26.05.2020 15:00","460","410","565","40","45","34","240","280","138"
"26.05.2020 15:00 - 26.05.2020 16:00","433","438","535","73","77","51","323","337","184"
"26.05.2020 16:00 - 26.05.2020 17:00","367","402","449","87","79","61","389","382","246"
"26.05.2020 17:00 - 26.05.2020 18:00","263","279","351","108","96","37","415","409","297"
"26.05.2020 18:00 - 26.05.2020 19:00","163","168","218","78","105","42","407","381","333"
"26.05.2020 19:00 - 26.05.2020 20:00","80","82","91","82","118","19","348","334","285"
"26.05.2020 20:00 - 26.05.2020 21:00","27","27","26","77","120","37","313","288","201"
"26.05.2020 21:00 - 26.05.2020 22:00","4","4","3","82","124","39","265","247","172"
"26.05.2020 22:00 - 26.05.2020 23:00","0","0","0","81","104","38","217","211","200"
"26.05.2020 23:00 - 27.05.2020 00:00","0","0","0","76","87","60","239","224","220"
"27.05.2020 00:00 - 27.05.2020 01:00","0","N/A","0","89","N/A","64","269","N/A","179"
"27.05.2020 01:00 - 27.05.2020 02:00","0","N/A","0","93","N/A","77","269","N/A","204"
"27.05.2020 02:00 - 27.05.2020 03:00","0","N/A","0","84","N/A","82","275","N/A","284"
"27.05.2020 03:00 - 27.05.2020 04:00","0","N/A","0","89","N/A","99","298","N/A","285"
"27.05.2020 04:00 - 27.05.2020 05:00","0","N/A","0","115","N/A","155","314","N/A","363"
"27.05.2020 05:00 - 27.05.2020 06:00","9","N/A","9","160","N/A","185","391","N/A","370"
"27.05.2020 06:00 - 27.05.2020 07:00","45","N/A","44","236","N/A","212","511","N/A","325"
"27.05.2020 07:00 - 27.05.2020 08:00","115","N/A","118","351","N/A","254","598","N/A","413"
"27.05.2020 08:00 - 27.05.2020 09:00","210","222","222","411","253","239","716","668","668"
"27.05.2020 09:00 - 27.05.2020 10:00","326","320","379","453","351","314","913","883","972"
"27.05.2020 10:00 - 27.05.2020 11:00","434","419","524","483","428","396","1066","1058","1154"
"27.05.2020 11:00 - 27.05.2020 12:00","480","481","544","487","436","399","1231","1215","1343"
"27.05.2020 12:00 - 27.05.2020 13:00","483","500","593","470","428","504","1399","1364","1687"
"27.05.2020 13:00 - 27.05.2020 14:00","448","485","528","498","434","570","1535","1448","1638"
"27.05.2020 14:00 - 27.05.2020 15:00","376","427","414","518","462","610","1607","1549","1808"
"27.05.2020 15:00 - 27.05.2020 16:00","311","354","361","565","528","868","1668","1588","1868"
"27.05.2020 16:00 - 27.05.2020 17:00","284","290","245","545","613","629","1702","1585","1869"
"27.05.2020 17:00 - 27.05.2020 18:00","238","235","218","614","646","688","1777","1681","1951"
"27.05.2020 18:00 - 27.05.2020 19:00","176","180","202","660","687","787","1803","1748","2001"
"27.05.2020 19:00 - 27.05.2020 20:00","92","100","108","709","722","838","1674","1706","1945"
"27.05.2020 20:00 - 27.05.2020 21:00","32","34","36","766","759","826","1554","1591","1807"
"27.05.2020 21:00 - 27.05.2020 22:00","5","5","5","835","827","908","1325","1433","1474"
"27.05.2020 22:00 - 27.05.2020 23:00","0","0","0","869","870","844","1101","1178","1301"
"27.05.2020 23:00 - 28.05.2020 00:00","0","0","0","894","876","868","1125","1184","1261"
"28.05.2020 00:00 - 28.05.2020 01:00","0","N/A","0","924","N/A","891","1297","N/A","1046"
"28.05.2020 01:00 - 28.05.2020 02:00","0","N/A","0","875","N/A","826","1150","N/A","1013"
"28.05.2020 02:00 - 28.05.2020 03:00","0","N/A","0","822","N/A","786","1045","N/A","1043"
"28.05.2020 03:00 - 28.05.2020 04:00","0","N/A","0","772","N/A","663","982","N/A","878"
"28.05.2020 04:00 - 28.05.2020 05:00","0","N/A","0","751","N/A","512","846","N/A","697"
"28.05.2020 05:00 - 28.05.2020 06:00","17","N/A","17","733","N/A","542","782","N/A","696"
"28.05.2020 06:00 - 28.05.2020 07:00","69","N/A","69","732","N/A","474","711","N/A","557"
"28.05.2020 07:00 - 28.05.2020 08:00","161","N/A","132","701","N/A","442","619","N/A","466"
"28.05.2020 08:00 - 28.05.2020 09:00","277","283","283","621","405","405","568","577","577"
"28.05.2020 09:00 - 28.05.2020 10:00","395","406","448","580","418","407","523","554","560"
"28.05.2020 10:00 - 28.05.2020 11:00","497","519","561","530","457","419","491","543","562"
"28.05.2020 11:00 - 28.05.2020 12:00","557","591","627","471","439","316","507","548","509"
"28.05.2020 12:00 - 28.05.2020 13:00","590","625","677","425","376","238","540","564","522"
"28.05.2020 13:00 - 28.05.2020 14:00","590","624","667","381","307","263","563","581","511"
"28.05.2020 14:00 - 28.05.2020 15:00","562","608","641","374","295","245","553","573","511"
"28.05.2020 15:00 - 28.05.2020 16:00","520","554","617","346","301","217","525","518","459"
"28.05.2020 16:00 - 28.05.2020 17:00","436","460","521","304","253","167","482","469","422"
"28.05.2020 17:00 - 28.05.2020 18:00","321","336","407","318","227","183","455","457","403"
"28.05.2020 18:00 - 28.05.2020 19:00","206","216","266","273","242","184","444","430","398"
"28.05.2020 19:00 - 28.05.2020 20:00","100","108","124","266","230","157","422","408","391"
"28.05.2020 20:00 - 28.05.2020 21:00","34","36","39","257","241","155","387","368","350"
"28.05.2020 21:00 - 28.05.2020 22:00","5","5","5","208","199","117","292","305","289"
"28.05.2020 22:00 - 28.05.2020 23:00","0","0","0","160","160","109","211","237","259"
"28.05.2020 23:00 - 29.05.2020 00:00","0","0","0","147","139","59","213","228","226"
"29.05.2020 00:00 - 29.05.2020 01:00","0","N/A","0","77","N/A","22","235","N/A","239"
"29.05.2020 01:00 - 29.05.2020 02:00","0","N/A","0","63","N/A","38","199","N/A","208"
"29.05.2020 02:00 - 29.05.2020 03:00","0","N/A","0","56","N/A","37","166","N/A","160"
"29.05.2020 03:00 - 29.05.2020 04:00","0","N/A","0","54","N/A","18","150","N/A","104"
"29.05.2020 04:00 - 29.05.2020 05:00","0","N/A","0","60","N/A","2","131","N/A","53"
"29.05.2020 05:00 - 29.05.2020 06:00","18","N/A","18","73","N/A","6","113","N/A","45"
"29.05.2020 06:00 - 29.05.2020 07:00","69","N/A","69","73","N/A","4","87","N/A","41"
"29.05.2020 07:00 - 29.05.2020 08:00","161","N/A","133","59","N/A","5","71","N/A","47"
"29.05.2020 08:00 - 29.05.2020 09:00","275","290","290","63","5","5","66","43","43"
"29.05.2020 09:00 - 29.05.2020 10:00","396","419","461","56","14","3","74","64","68"
"29.05.2020 10:00 - 29.05.2020 11:00","499","528","597","77","40","21","84","81","69"
"29.05.2020 11:00 - 29.05.2020 12:00","558","591","657","99","68","16","96","96","92"
"29.05.2020 12:00 - 29.05.2020 13:00","588","625","689","99","74","19","124","129","135"
"29.05.2020 13:00 - 29.05.2020 14:00","585","623","680","121","86","19","159","155","127"
"29.05.2020 14:00 - 29.05.2020 15:00","562","596","650","145","110","31","187","176","147"
"29.05.2020 15:00 - 29.05.2020 16:00","519","533","618","173","142","60","202","182","135"
"29.05.2020 16:00 - 29.05.2020 17:00","438","440","532","192","170","73","224","225","183"
"29.05.2020 17:00 - 29.05.2020 18:00","325","327","410","192","174","126","244","250","247"
"29.05.2020 18:00 - 29.05.2020 19:00","207","209","278","260","239","117","252","250","300"
"29.05.2020 19:00 - 29.05.2020 20:00","102","103","132","309","268","165","229","223","290"
"29.05.2020 20:00 - 29.05.2020 21:00","35","35","41","335","301","175","220","210","224"
"29.05.2020 21:00 - 29.05.2020 22:00","5","5","6","375","317","173","209","203","146"
"29.05.2020 22:00 - 29.05.2020 23:00","0","0","0","378","330","179","223","195","151"
"29.05.2020 23:00 - 30.05.2020 00:00","0","0","0","303","278","168","206","200","176"
"30.05.2020 00:00 - 30.05.2020 01:00","0","N/A","0","233","N/A","168","209","N/A","174"
"30.05.2020 01:00 - 30.05.2020 02:00","0","N/A","0","193","N/A","100","187","N/A","165"
"30.05.2020 02:00 - 30.05.2020 03:00","0","N/A","0","155","N/A","115","173","N/A","197"
"30.05.2020 03:00 - 30.05.2020 04:00","0","N/A","0","117","N/A","147","177","N/A","166"
"30.05.2020 04:00 - 30.05.2020 05:00","0","N/A","0","86","N/A","117","166","N/A","131"
"30.05.2020 05:00 - 30.05.2020 06:00","17","N/A","17","77","N/A","68","158","N/A","165"
"30.05.2020 06:00 - 30.05.2020 07:00","66","N/A","66","68","N/A","48","144","N/A","181"
"30.05.2020 07:00 - 30.05.2020 08:00","153","N/A","131","61","N/A","59","120","N/A","180"
"30.05.2020 08:00 - 30.05.2020 09:00","264","285","285","56","27","26","116","129","129"
"30.05.2020 09:00 - 30.05.2020 10:00","384","414","464","48","43","27","140","169","131"
"30.05.2020 10:00 - 30.05.2020 11:00","487","525","586","24","34","5","180","226","183"
"30.05.2020 11:00 - 30.05.2020 12:00","548","594","648","25","32","17","232","301","250"
"30.05.2020 12:00 - 30.05.2020 13:00","580","631","679","29","28","57","321","415","427"
"30.05.2020 13:00 - 30.05.2020 14:00","576","636","670","67","59","75","412","562","547"
"30.05.2020 14:00 - 30.05.2020 15:00","542","608","618","111","121","113","492","697","676"
"30.05.2020 15:00 - 30.05.2020 16:00","499","535","590","200","236","262","574","762","821"
"30.05.2020 16:00 - 30.05.2020 17:00","423","432","466","283","343","482","648","812","920"
"30.05.2020 17:00 - 30.05.2020 18:00","319","323","399","349","471","728","696","846","944"
"30.05.2020 18:00 - 30.05.2020 19:00","213","216","268","456","519","680","679","797","945"
"30.05.2020 19:00 - 30.05.2020 20:00","108","115","127","378","486","637","562","686","901"
"30.05.2020 20:00 - 30.05.2020 21:00","36","39","40","304","406","530","482","581","774"
"30.05.2020 21:00 - 30.05.2020 22:00","6","6","6","264","328","631","419","507","594"
"30.05.2020 22:00 - 30.05.2020 23:00","0","0","0","285","265","833","363","401","519"
"30.05.2020 23:00 - 31.05.2020 00:00","0","0","0","352","238","451","411","427","603"
"31.05.2020 00:00 - 31.05.2020 01:00","0","N/A","0","471","N/A","206","479","N/A","636"
"31.05.2020 01:00 - 31.05.2020 02:00","0","N/A","0","326","N/A","136","445","N/A","686"
"31.05.2020 02:00 - 31.05.2020 03:00","0","N/A","0","205","N/A","183","434","N/A","695"
"31.05.2020 03:00 - 31.05.2020 04:00","0","N/A","0","136","N/A","169","446","N/A","644"
"31.05.2020 04:00 - 31.05.2020 05:00","0","N/A","0","118","N/A","165","414","N/A","559"
"31.05.2020 05:00 - 31.05.2020 06:00","16","N/A","16","122","N/A","224","400","N/A","463"
"31.05.2020 06:00 - 31.05.2020 07:00","61","N/A","61","180","N/A","268","382","N/A","355"
"31.05.2020 07:00 - 31.05.2020 08:00","139","N/A","137","240","N/A","153","355","N/A","271"
"31.05.2020 08:00 - 31.05.2020 09:00","234","250","250","235","116","105","363","272","272"
"31.05.2020 09:00 - 31.05.2020 10:00","340","363","424","221","108","61","456","356","302"
"31.05.2020 10:00 - 31.05.2020 11:00","435","461","561","178","73","44","527","450","408"
"31.05.2020 11:00 - 31.05.2020 12:00","500","530","605","168","81","91","581","517","556"
"31.05.2020 12:00 - 31.05.2020 13:00","533","581","648","197","128","144","663","563","487"
"31.05.2020 13:00 - 31.05.2020 14:00","534","586","643","254","167","249","703","602","403"
"31.05.2020 14:00 - 31.05.2020 15:00","506","548","597","259","197","283","728","605","554"
"31.05.2020 15:00 - 31.05.2020 16:00","467","487","594","298","202","116","737","526","442"
"31.05.2020 16:00 - 31.05.2020 17:00","400","406","490","267","125","102","704","470","553"
"31.05.2020 17:00 - 31.05.2020 18:00","306","297","395","231","95","52","627","509","545"
"31.05.2020 18:00 - 31.05.2020 19:00","209","197","259","157","86","217","511","436","430"
"31.05.2020 19:00 - 31.05.2020 20:00","108","105","127","116","104","180","380","360","341"
"31.05.2020 20:00 - 31.05.2020 21:00","37","36","39","100","111","132","311","303","272"
"31.05.2020 21:00 - 31.05.2020 22:00","6","6","6","99","139","100","282","280","249"
"31.05.2020 22:00 - 31.05.2020 23:00","0","0","0","121","145","96","265","247","300"
"31.05.2020 23:00 - 01.06.2020 00:00","0","0","0","140","159","89","301","262","328"
"01.06.2020 00:00 - 01.06.2020 01:00","0","N/A","0","256","N/A","136","261","N/A","319"
"01.06.2020 01:00 - 01.06.2020 02:00","0","N/A","0","231","N/A","269","245","N/A","256"
"01.06.2020 02:00 - 01.06.2020 03:00","0","N/A","0","150","N/A","98","227","N/A","225"
"01.06.2020 03:00 - 01.06.2020 04:00","0","N/A","0","83","N/A","5","213","N/A","166"
"01.06.2020 04:00 - 01.06.2020 05:00","0","N/A","0","37","N/A","14","164","N/A","112"
"01.06.2020 05:00 - 01.06.2020 06:00","18","N/A","18","12","N/A","6","120","N/A","84"
"01.06.2020 06:00 - 01.06.2020 07:00","66","N/A","66","5","N/A","1","83","N/A","96"
"01.06.2020 07:00 - 01.06.2020 08:00","148","N/A","147","5","N/A","0","57","N/A","59"
"01.06.2020 08:00 - 01.06.2020 09:00","254","293","293","5","2","2","50","35","35"
"01.06.2020 09:00 - 01.06.2020 10:00","370","427","484","9","3","0","65","57","43"
"01.06.2020 10:00 - 01.06.2020 11:00","474","544","625","10","5","0","88","85","64"
"01.06.2020 11:00 - 01.06.2020 12:00","539","620","706","12","6","0","118","126","81"
"01.06.2020 12:00 - 01.06.2020 13:00","567","657","737","15","8","0","182","186","117"
"01.06.2020 13:00 - 01.06.2020 14:00","565","654","726","27","17","1","220","240","146"
"01.06.2020 14:00 - 01.06.2020 15:00","539","626","700","44","40","8","218","248","178"
"01.06.2020 15:00 - 01.06.2020 16:00","497","530","665","95","57","16","202","235","217"
"01.06.2020 16:00 - 01.06.2020 17:00","424","433","569","113","59","21","185","214","235"
"01.06.2020 17:00 - 01.06.2020 18:00","317","321","438","112","84","37","161","194","185"
"01.06.2020 18:00 - 01.06.2020 19:00","210","220","283","106","121","60","145","155","151"
"01.06.2020 19:00 - 01.06.2020 20:00","107","115","136","104","152","83","129","114","123"
"01.06.2020 20:00 - 01.06.2020 21:00","36","38","42","112","166","52","106","94","97"
"01.06.2020 21:00 - 01.06.2020 22:00","6","6","6","132","179","32","87","93","109"
"01.06.2020 22:00 - 01.06.2020 23:00","0","0","0","123","181","17","75","96","73"
"01.06.2020 23:00 - 02.06.2020 00:00","0","0","0","96","126","43","70","86","70"
"02.06.2020 00:00 - 02.06.2020 01:00","0","N/A","0","63","N/A","20","93","N/A","71"
"02.06.2020 01:00 - 02.06.2020 02:00","0","N/A","0","64","N/A","37","87","N/A","61"
"02.06.2020 02:00 - 02.06.2020 03:00","0","N/A","0","49","N/A","60","76","N/A","27"
"02.06.2020 03:00 - 02.06.2020 04:00","0","N/A","0","32","N/A","43","69","N/A","24"
"02.06.2020 04:00 - 02.06.2020 05:00","0","N/A","0","29","N/A","19","59","N/A","24"
"02.06.2020 05:00 - 02.06.2020 06:00","16","N/A","16","32","N/A","22","55","N/A","36"
"02.06.2020 06:00 - 02.06.2020 07:00","60","N/A","61","48","N/A","26","48","N/A","43"
"02.06.2020 07:00 - 02.06.2020 08:00","138","N/A","177","59","N/A","27","43","N/A","49"
"02.06.2020 08:00 - 02.06.2020 09:00","238","299","299","60","34","34","53","36","36"
"02.06.2020 09:00 - 02.06.2020 10:00","343","437","478","59","41","33","73","67","39"
"02.06.2020 10:00 - 02.06.2020 11:00","436","558","556","59","55","53","105","98","50"
"02.06.2020 11:00 - 02.06.2020 12:00","491","641","758","48","59","61","133","130","84"
"02.06.2020 12:00 - 02.06.2020 13:00","510","669","778","30","35","63","169","187","126"
"02.06.2020 13:00 - 02.06.2020 14:00","504","661","778","36","24","36","193","235","143"
"02.06.2020 14:00 - 02.06.2020 15:00","481","642","754","24","13","15","220","288","165"
"02.06.2020 15:00 - 02.06.2020 16:00","451","517","714","12","5","8","239","311","183"
"02.06.2020 16:00 - 02.06.2020 17:00","393","417","629","8","1","1","261","318","245"
"02.06.2020 17:00 - 02.06.2020 18:00","300","320","514","9","3","8","266","299","247"
"02.06.2020 18:00 - 02.06.2020 19:00","195","222","346","13","12","21","266","271","221"
"02.06.2020 19:00 - 02.06.2020 20:00","101","117","155","23","31","15","247","221","169"
"02.06.2020 20:00 - 02.06.2020 21:00","35","39","46","49","64","45","218","179","127"
"02.06.2020 21:00 - 02.06.2020 22:00","6","6","7","109","102","68","214","173","132"
"02.06.2020 22:00 - 02.06.2020 23:00","0","0","0","170","145","98","221","177","147"
"02.06.2020 23:00 - 03.06.2020 00:00","0","0","0","242","204","129","218","177","175"
"03.06.2020 00:00 - 03.06.2020 01:00","0","N/A","0","201","N/A","151","214","N/A","189"
"03.06.2020 01:00 - 03.06.2020 02:00","0","N/A","0","233","N/A","129","225","N/A","219"
"03.06.2020 02:00 - 03.06.2020 03:00","0","N/A","0","213","N/A","134","212","N/A","231"
"03.06.2020 03:00 - 03.06.2020 04:00","0","N/A","0","178","N/A","113","206","N/A","210"
"03.06.2020 04:00 - 03.06.2020 05:00","0","N/A","0","162","N/A","149","182","N/A","202"
"03.06.2020 05:00 - 03.06.2020 06:00","17","N/A","16","163","N/A","133","166","N/A","192"
"03.06.2020 06:00 - 03.06.2020 07:00","60","N/A","57","173","N/A","116","136","N/A","127"
"03.06.2020 07:00 - 03.06.2020 08:00","131","N/A","151","175","N/A","114","104","N/A","85"
"03.06.2020 08:00 - 03.06.2020 09:00","219","339","339","196","139","132","96","44","44"
"03.06.2020 09:00 - 03.06.2020 10:00","314","484","516","206","147","119","91","55","35"
"03.06.2020 10:00 - 03.06.2020 11:00","406","615","535","239","180","177","103","75","40"
"03.06.2020 11:00 - 03.06.2020 12:00","471","728","779","287","212","196","112","97","56"
"03.06.2020 12:00 - 03.06.2020 13:00","510","801","823","315","266","268","143","141","98"
"03.06.2020 13:00 - 03.06.2020 14:00","517","816","763","395","305","232","184","172","118"
"03.06.2020 14:00 - 03.06.2020 15:00","499","767","696","433","350","289","239","210","166"
"03.06.2020 15:00 - 03.06.2020 16:00","434","514","564","478","394","377","286","243","237"
"03.06.2020 16:00 - 03.06.2020 17:00","350","333","475","481","432","366","329","276","321"
"03.06.2020 17:00 - 03.06.2020 18:00","260","244","371","499","503","420","339","297","416"
"03.06.2020 18:00 - 03.06.2020 19:00","166","172","234","566","564","486","344","321","424"
"03.06.2020 19:00 - 03.06.2020 20:00","78","94","110","584","641","276","312","340","306"
"03.06.2020 20:00 - 03.06.2020 21:00","27","31","33","609","701","297","281","343","188"
"03.06.2020 21:00 - 03.06.2020 22:00","5","5","5","625","700","452","318","369","188"
"03.06.2020 22:00 - 03.06.2020 23:00","0","0","0","607","634","463","384","403","258"
"03.06.2020 23:00 - 04.06.2020 00:00","0","0","0","493","579","347","443","407","314"
"04.06.2020 00:00 - 04.06.2020 01:00","0","N/A","0","542","N/A","263","483","N/A","392"
"04.06.2020 01:00 - 04.06.2020 02:00","0","N/A","0","552","N/A","286","503","N/A","395"
"04.06.2020 02:00 - 04.06.2020 03:00","0","N/A","0","456","N/A","408","499","N/A","410"
"04.06.2020 03:00 - 04.06.2020 04:00","0","N/A","0","384","N/A","370","556","N/A","515"
"04.06.2020 04:00 - 04.06.2020 05:00","0","N/A","0","350","N/A","253","596","N/A","517"
"04.06.2020 05:00 - 04.06.2020 06:00","10","N/A","10","346","N/A","339","662","N/A","562"
"04.06.2020 06:00 - 04.06.2020 07:00","37","N/A","36","373","N/A","376","717","N/A","585"
"04.06.2020 07:00 - 04.06.2020 08:00","80","N/A","112","394","N/A","411","764","N/A","640"
"04.06.2020 08:00 - 04.06.2020 09:00","124","187","187","419","430","431","953","745","745"
"04.06.2020 09:00 - 04.06.2020 10:00","181","252","186","445","423","414","1223","859","815"
"04.06.2020 10:00 - 04.06.2020 11:00","224","293","210","445","413","409","1420","967","831"
"04.06.2020 11:00 - 04.06.2020 12:00","230","315","264","475","400","398","1576","1128","951"
"04.06.2020 12:00 - 04.06.2020 13:00","221","304","257","466","397","410","1640","1273","1029"
"04.06.2020 13:00 - 04.06.2020 14:00","187","273","244","462","389","413","1632","1291","1079"
"04.06.2020 14:00 - 04.06.2020 15:00","124","228","232","494","412","460","1680","1322","1087"
"04.06.2020 15:00 - 04.06.2020 16:00","104","132","208","559","472","500","1589","1292","1107"
"04.06.2020 16:00 - 04.06.2020 17:00","84","74","115","505","539","421","1468","1255","1144"
"04.06.2020 17:00 - 04.06.2020 18:00","50","42","80","399","563","427","1472","1222","1205"
"04.06.2020 18:00 - 04.06.2020 19:00","32","37","52","419","680","469","1565","1196","1256"
"04.06.2020 19:00 - 04.06.2020 20:00","22","30","27","437","775","487","1521","1141","982"
"04.06.2020 20:00 - 04.06.2020 21:00","9","11","9","482","845","565","1385","1115","1009"
"04.06.2020 21:00 - 04.06.2020 22:00","2","1","1","612","862","547","1406","1203","1283"
"04.06.2020 22:00 - 04.06.2020 23:00","0","0","0","811","882","825","1422","1307","1463"
"04.06.2020 23:00 - 05.06.2020 00:00","0","0","0","853","892","1028","1333","1312","1468"
"05.06.2020 00:00 - 05.06.2020 01:00","0","N/A","0","914","N/A","952","1577","N/A","1632"
"05.06.2020 01:00 - 05.06.2020 02:00","0","N/A","0","908","N/A","1036","1691","N/A","1420"
"05.06.2020 02:00 - 05.06.2020 03:00","0","N/A","0","931","N/A","1032","1584","N/A","1147"
"05.06.2020 03:00 - 05.06.2020 04:00","0","N/A","0","913","N/A","1015","1583","N/A","1234"
"05.06.2020 04:00 - 05.06.2020 05:00","0","N/A","0","955","N/A","949","1385","N/A","1104"
"05.06.2020 05:00 - 05.06.2020 06:00","8","N/A","10","929","N/A","965","1328","N/A","1167"
"05.06.2020 06:00 - 05.06.2020 07:00","37","N/A","36","821","N/A","671","1237","N/A","985"
"05.06.2020 07:00 - 05.06.2020 08:00","98","N/A","97","733","N/A","519","1125","N/A","946"
"05.06.2020 08:00 - 05.06.2020 09:00","186","158","158","707","434","426","1107","969","969"
"05.06.2020 09:00 - 05.06.2020 10:00","255","243","307","645","439","391","1147","1022","920"
"05.06.2020 10:00 - 05.06.2020 11:00","334","331","450","541","376","267","1184","1027","775"
"05.06.2020 11:00 - 05.06.2020 12:00","408","379","443","541","353","412","1138","991","771"
"05.06.2020 12:00 - 05.06.2020 13:00","458","402","476","549","393","294","1153","1018","895"
"05.06.2020 13:00 - 05.06.2020 14:00","476","431","488","520","401","318","1103","995","933"
"05.06.2020 14:00 - 05.06.2020 15:00","446","434","568","492","395","319","1030","907","894"
"05.06.2020 15:00 - 05.06.2020 16:00","407","397","486","389","281","211","824","716","607"
"05.06.2020 16:00 - 05.06.2020 17:00","362","336","493","336","168","72","651","525","332"
"05.06.2020 17:00 - 05.06.2020 18:00","261","210","344","298","78","112","482","361","170"
"05.06.2020 18:00 - 05.06.2020 19:00","165","123","209","161","89","149","351","245","183"
"05.06.2020 19:00 - 05.06.2020 20:00","77","69","90","89","206","142","255","180","261"
"05.06.2020 20:00 - 05.06.2020 21:00","26","24","28","61","264","120","203","193","352"
"05.06.2020 21:00 - 05.06.2020 22:00","4","4","5","50","117","199","209","300","500"
"05.06.2020 22:00 - 05.06.2020 23:00","0","0","0","96","162","498","255","462","640"
"05.06.2020 23:00 - 06.06.2020 00:00","0","0","0","138","334","833","262","520","754"
"06.06.2020 00:00 - 06.06.2020 01:00","0","N/A","0","420","N/A","1048","509","N/A","796"
"06.06.2020 01:00 - 06.06.2020 02:00","0","N/A","0","569","N/A","955","633","N/A","885"
"06.06.2020 02:00 - 06.06.2020 03:00","0","N/A","0","577","N/A","981","696","N/A","815"
"06.06.2020 03:00 - 06.06.2020 04:00","0","N/A","0","716","N/A","675","801","N/A","653"
"06.06.2020 04:00 - 06.06.2020 05:00","0","N/A","0","823","N/A","461","840","N/A","857"
"06.06.2020 05:00 - 06.06.2020 06:00","5","N/A","5","823","N/A","409","871","N/A","875"
"06.06.2020 06:00 - 06.06.2020 07:00","21","N/A","22","757","N/A","440","841","N/A","1022"
"06.06.2020 07:00 - 06.06.2020 08:00","45","N/A","78","644","N/A","377","803","N/A","738"
"06.06.2020 08:00 - 06.06.2020 09:00","70","158","158","539","544","548","870","766","766"
"06.06.2020 09:00 - 06.06.2020 10:00","114","238","253","485","708","651","1019","895","552"
"06.06.2020 10:00 - 06.06.2020 11:00","147","317","371","566","803","854","1103","1000","815"
"06.06.2020 11:00 - 06.06.2020 12:00","176","359","375","690","827","704","1243","1106","1311"
"06.06.2020 12:00 - 06.06.2020 13:00","177","367","452","777","727","690","1439","1270","1163"
"06.06.2020 13:00 - 06.06.2020 14:00","186","408","454","749","726","538","1583","1355","1195"
"06.06.2020 14:00 - 06.06.2020 15:00","200","459","475","808","778","270","1766","1318","1264"
"06.06.2020 15:00 - 06.06.2020 16:00","184","375","491","882","878","305","1865","1600","1750"
"06.06.2020 16:00 - 06.06.2020 17:00","170","307","438","820","888","290","1896","1684","2043"
"06.06.2020 17:00 - 06.06.2020 18:00","130","247","353","811","874","716","1823","1568","1606"
"06.06.2020 18:00 - 06.06.2020 19:00","94","181","280","844","871","830","1686","1424","1504"
"06.06.2020 19:00 - 06.06.2020 20:00","62","97","136","747","836","828","1371","1214","1527"
"06.06.2020 20:00 - 06.06.2020 21:00","28","34","43","702","813","954","1039","970","1454"
"06.06.2020 21:00 - 06.06.2020 22:00","6","6","8","632","710","863","839","793","1180"
"06.06.2020 22:00 - 06.06.2020 23:00","0","0","0","617","674","952","717","677","969"
"06.06.2020 23:00 - 07.06.2020 00:00","0","0","0","659","684","826","683","667","920"
"07.06.2020 00:00 - 07.06.2020 01:00","0","N/A","0","689","N/A","674","970","N/A","893"
"07.06.2020 01:00 - 07.06.2020 02:00","0","N/A","0","634","N/A","757","978","N/A","853"
"07.06.2020 02:00 - 07.06.2020 03:00","0","N/A","0","561","N/A","699","919","N/A","797"
"07.06.2020 03:00 - 07.06.2020 04:00","0","N/A","0","533","N/A","707","876","N/A","687"
"07.06.2020 04:00 - 07.06.2020 05:00","1","N/A","1","492","N/A","750","744","N/A","670"
"07.06.2020 05:00 - 07.06.2020 06:00","17","N/A","14","492","N/A","570","675","N/A","637"
"07.06.2020 06:00 - 07.06.2020 07:00","57","N/A","51","457","N/A","476","632","N/A","543"
"07.06.2020 07:00 - 07.06.2020 08:00","122","N/A","118","430","N/A","448","567","N/A","434"
"07.06.2020 08:00 - 07.06.2020 09:00","206","261","261","431","387","394","583","384","384"
"07.06.2020 09:00 - 07.06.2020 10:00","280","379","422","389","374","438","572","430","347"
"07.06.2020 10:00 - 07.06.2020 11:00","312","437","442","333","322","295","557","425","349"
"07.06.2020 11:00 - 07.06.2020 12:00","332","501","490","291","273","276","533","390","324"
"07.06.2020 12:00 - 07.06.2020 13:00","334","488","438","252","235","211","470","388","305"
"07.06.2020 13:00 - 07.06.2020 14:00","328","460","342","194","157","155","399","365","300"
"07.06.2020 14:00 - 07.06.2020 15:00","321","441","333","191","86","149","375","346","274"
"07.06.2020 15:00 - 07.06.2020 16:00","291","333","292","192","82","162","307","267","160"
"07.06.2020 16:00 - 07.06.2020 17:00","234","248","255","159","111","152","239","195","183"
"07.06.2020 17:00 - 07.06.2020 18:00","194","177","245","135","119","185","169","137","130"
"07.06.2020 18:00 - 07.06.2020 19:00","132","149","182","114","83","240","117","98","49"
"07.06.2020 19:00 - 07.06.2020 20:00","77","90","98","81","39","28","88","75","24"
"07.06.2020 20:00 - 07.06.2020 21:00","29","31","35","66","30","2","69","59","37"
"07.06.2020 21:00 - 07.06.2020 22:00","6","6","7","44","35","1","74","64","51"
"07.06.2020 22:00 - 07.06.2020 23:00","0","0","0","51","57","2","84","73","64"
"07.06.2020 23:00 - 08.06.2020 00:00","0","0","0","65","51","3","93","81","52"
"08.06.2020 00:00 - 08.06.2020 01:00","0","N/A","0","64","N/A","1","62","N/A","49"
"08.06.2020 01:00 - 08.06.2020 02:00","0","N/A","0","62","N/A","9","80","N/A","66"
"08.06.2020 02:00 - 08.06.2020 03:00","0","N/A","0","67","N/A","9","92","N/A","56"
"08.06.2020 03:00 - 08.06.2020 04:00","0","N/A","0","60","N/A","22","106","N/A","70"
"08.06.2020 04:00 - 08.06.2020 05:00","1","N/A","1","51","N/A","12","106","N/A","58"
"08.06.2020 05:00 - 08.06.2020 06:00","19","N/A","19","40","N/A","31","95","N/A","43"
"08.06.2020 06:00 - 08.06.2020 07:00","63","N/A","64","28","N/A","30","69","N/A","47"
"08.06.2020 07:00 - 08.06.2020 08:00","138","N/A","150","27","N/A","52","53","N/A","41"
"08.06.2020 08:00 - 08.06.2020 09:00","225","290","290","37","83","97","58","77","77"
"08.06.2020 09:00 - 08.06.2020 10:00","337","417","382","76","144","338","74","147","139"
"08.06.2020 10:00 - 08.06.2020 11:00","433","516","464","151","230","335","111","221","179"
"08.06.2020 11:00 - 08.06.2020 12:00","481","560","464","171","254","242","143","262","273"
"08.06.2020 12:00 - 08.06.2020 13:00","488","575","408","218","223","243","184","302","323"
"08.06.2020 13:00 - 08.06.2020 14:00","469","587","486","188","192","168","229","329","342"
"08.06.2020 14:00 - 08.06.2020 15:00","429","550","417","195","176","129","311","381","335"
"08.06.2020 15:00 - 08.06.2020 16:00","393","437","391","205","166","132","339","402","333"
"08.06.2020 16:00 - 08.06.2020 17:00","319","346","377","209","172","138","345","448","395"
"08.06.2020 17:00 - 08.06.2020 18:00","233","260","317","192","146","136","351","449","409"
"08.06.2020 18:00 - 08.06.2020 19:00","162","193","215","165","126","123","373","421","428"
"08.06.2020 19:00 - 08.06.2020 20:00","92","106","120","156","107","139","320","366","346"
"08.06.2020 20:00 - 08.06.2020 21:00","35","37","42","155","115","153","255","300","278"
"08.06.2020 21:00 - 08.06.2020 22:00","7","7","8","140","115","143","217","246","236"
"08.06.2020 22:00 - 08.06.2020 23:00","0","0","0","145","141","167","178","201","190"
"08.06.2020 23:00 - 09.06.2020 00:00","0","0","0","153","148","205","145","184","169"
"09.06.2020 00:00 - 09.06.2020 01:00","0","N/A","0","104","N/A","218","194","N/A","136"
"09.06.2020 01:00 - 09.06.2020 02:00","0","N/A","0","118","N/A","166","203","N/A","110"
"09.06.2020 02:00 - 09.06.2020 03:00","0","N/A","0","106","N/A","132","198","N/A","91"
"09.06.2020 03:00 - 09.06.2020 04:00","0","N/A","0","97","N/A","94","210","N/A","107"
"09.06.2020 04:00 - 09.06.2020 05:00","1","N/A","1","106","N/A","129","205","N/A","99"
"09.06.2020 05:00 - 09.06.2020 06:00","20","N/A","20","107","N/A","67","203","N/A","126"
"09.06.2020 06:00 - 09.06.2020 07:00","65","N/A","65","84","N/A","83","186","N/A","124"
"09.06.2020 07:00 - 09.06.2020 08:00","145","N/A","145","76","N/A","60","172","N/A","134"
"09.06.2020 08:00 - 09.06.2020 09:00","242","236","236","65","44","51","189","134","134"
"09.06.2020 09:00 - 09.06.2020 10:00","339","320","294","53","40","52","202","168","131"
"09.06.2020 10:00 - 09.06.2020 11:00","424","380","283","42","46","48","221","213","127"
"09.06.2020 11:00 - 09.06.2020 12:00","478","421","323","39","51","18","246","253","148"
"09.06.2020 12:00 - 09.06.2020 13:00","503","433","364","46","50","22","272","286","174"
"09.06.2020 13:00 - 09.06.2020 14:00","503","425","375","47","45","4","292","305","172"
"09.06.2020 14:00 - 09.06.2020 15:00","474","412","393","58","44","3","316","317","180"
"09.06.2020 15:00 - 09.06.2020 16:00","445","408","347","49","33","8","301","295","143"
"09.06.2020 16:00 - 09.06.2020 17:00","383","370","340","40","28","0","269","285","114"
"09.06.2020 17:00 - 09.06.2020 18:00","299","288","306","33","21","0","244","269","76"
"09.06.2020 18:00 - 09.06.2020 19:00","199","199","203","26","22","0","246","240","74"
"09.06.2020 19:00 - 09.06.2020 20:00","101","107","103","28","22","2","219","208","51"
"09.06.2020 20:00 - 09.06.2020 21:00","37","38","37","28","20","0","178","167","42"
"09.06.2020 21:00 - 09.06.2020 22:00","8","7","7","18","19","0","135","135","32"
"09.06.2020 22:00 - 09.06.2020 23:00","0","0","0","10","15","0","96","101","31"
"09.06.2020 23:00 - 10.06.2020 00:00","0","0","0","4","10","0","75","72","35"
"10.06.2020 00:00 - 10.06.2020 01:00","0","N/A","0","7","N/A","0","56","N/A","28"
"10.06.2020 01:00 - 10.06.2020 02:00","0","N/A","0","4","N/A","0","58","N/A","30"
"10.06.2020 02:00 - 10.06.2020 03:00","0","N/A","0","3","N/A","0","58","N/A","31"
"10.06.2020 03:00 - 10.06.2020 04:00","0","N/A","0","5","N/A","0","59","N/A","29"
"10.06.2020 04:00 - 10.06.2020 05:00","1","N/A","1","3","N/A","1","53","N/A","31"
"10.06.2020 05:00 - 10.06.2020 06:00","20","N/A","19","5","N/A","6","46","N/A","32"
"10.06.2020 06:00 - 10.06.2020 07:00","61","N/A","62","10","N/A","1","40","N/A","38"
"10.06.2020 07:00 - 10.06.2020 08:00","127","N/A","120","17","N/A","25","37","N/A","42"
"10.06.2020 08:00 - 10.06.2020 09:00","207","207","207","18","30","31","38","49","49"
"10.06.2020 09:00 - 10.06.2020 10:00","284","288","326","23","48","45","40","67","45"
"10.06.2020 10:00 - 10.06.2020 11:00","348","355","428","25","64","57","51","86","41"
"10.06.2020 11:00 - 10.06.2020 12:00","417","431","490","33","73","62","64","99","38"
"10.06.2020 12:00 - 10.06.2020 13:00","474","497","541","45","90","80","84","115","62"
"10.06.2020 13:00 - 10.06.2020 14:00","506","534","599","62","109","115","101","131","82"
"10.06.2020 14:00 - 10.06.2020 15:00","491","530","551","109","137","112","140","170","114"
"10.06.2020 15:00 - 10.06.2020 16:00","435","444","440","136","199","203","170","212","171"
"10.06.2020 16:00 - 10.06.2020 17:00","359","356","454","217","279","257","218","292","240"
"10.06.2020 17:00 - 10.06.2020 18:00","273","276","337","300","337","267","267","357","313"
"10.06.2020 18:00 - 10.06.2020 19:00","190","186","229","391","428","339","338","423","394"
"10.06.2020 19:00 - 10.06.2020 20:00","99","94","122","434","475","347","355","452","437"
"10.06.2020 20:00 - 10.06.2020 21:00","36","33","38","509","534","433","353","473","487"
"10.06.2020 21:00 - 10.06.2020 22:00","7","6","7","588","607","471","417","539","541"
"10.06.2020 22:00 - 10.06.2020 23:00","0","0","0","597","639","498","518","603","564"
"10.06.2020 23:00 - 11.06.2020 00:00","0","0","0","591","626","520","560","617","571"
"11.06.2020 00:00 - 11.06.2020 01:00","0","N/A","0","659","N/A","528","633","N/A","516"
"11.06.2020 01:00 - 11.06.2020 02:00","0","N/A","0","683","N/A","533","659","N/A","544"
"11.06.2020 02:00 - 11.06.2020 03:00","0","N/A","0","663","N/A","696","655","N/A","557"
"11.06.2020 03:00 - 11.06.2020 04:00","0","N/A","0","601","N/A","741","706","N/A","640"
"11.06.2020 04:00 - 11.06.2020 05:00","1","N/A","1","657","N/A","848","747","N/A","728"
"11.06.2020 05:00 - 11.06.2020 06:00","15","N/A","15","659","N/A","765","893","N/A","947"
"11.06.2020 06:00 - 11.06.2020 07:00","49","N/A","49","673","N/A","735","1009","N/A","996"
"11.06.2020 07:00 - 11.06.2020 08:00","103","N/A","83","725","N/A","652","994","N/A","1063"
"11.06.2020 08:00 - 11.06.2020 09:00","168","164","164","758","626","655","1092","1178","1178"
"11.06.2020 09:00 - 11.06.2020 10:00","264","248","242","755","642","561","1258","1337","1300"
"11.06.2020 10:00 - 11.06.2020 11:00","341","346","412","726","662","739","1397","1484","1232"
"11.06.2020 11:00 - 11.06.2020 12:00","386","420","551","756","675","774","1531","1592","1420"
"11.06.2020 12:00 - 11.06.2020 13:00","374","456","586","707","711","663","1709","1740","1703"
"11.06.2020 13:00 - 11.06.2020 14:00","332","462","593","671","718","928","1811","1820","1710"
"11.06.2020 14:00 - 11.06.2020 15:00","298","421","555","637","734","956","1911","1913","1830"
"11.06.2020 15:00 - 11.06.2020 16:00","276","317","533","705","722","900","1799","1779","1850"
"11.06.2020 16:00 - 11.06.2020 17:00","228","248","450","626","673","789","1607","1615","1802"
"11.06.2020 17:00 - 11.06.2020 18:00","156","178","406","698","659","772","1471","1439","1675"
"11.06.2020 18:00 - 11.06.2020 19:00","93","117","253","593","673","598","1467","1436","1610"
"11.06.2020 19:00 - 11.06.2020 20:00","57","64","112","560","701","548","1331","1248","1366"
"11.06.2020 20:00 - 11.06.2020 21:00","26","25","37","617","755","568","1143","1138","1178"
"11.06.2020 21:00 - 11.06.2020 22:00","6","6","7","768","869","594","1039","1056","1088"
"11.06.2020 22:00 - 11.06.2020 23:00","0","0","0","714","869","542","995","949","894"
"11.06.2020 23:00 - 12.06.2020 00:00","0","0","0","619","832","812","942","925","800"
"12.06.2020 00:00 - 12.06.2020 01:00","0","N/A","0","889","N/A","738","1113","N/A","578"
"12.06.2020 01:00 - 12.06.2020 02:00","0","N/A","0","792","N/A","723","1244","N/A","610"
"12.06.2020 02:00 - 12.06.2020 03:00","0","N/A","0","765","N/A","580","1278","N/A","790"
"12.06.2020 03:00 - 12.06.2020 04:00","0","N/A","0","786","N/A","590","1434","N/A","860"
"12.06.2020 04:00 - 12.06.2020 05:00","0","N/A","0","920","N/A","712","1427","N/A","975"
"12.06.2020 05:00 - 12.06.2020 06:00","9","N/A","8","912","N/A","761","1471","N/A","1056"
"12.06.2020 06:00 - 12.06.2020 07:00","24","N/A","23","820","N/A","788","1474","N/A","1074"
"12.06.2020 07:00 - 12.06.2020 08:00","42","N/A","53","775","N/A","907","1340","N/A","1058"
"12.06.2020 08:00 - 12.06.2020 09:00","64","89","89","772","853","852","1376","1354","1354"
"12.06.2020 09:00 - 12.06.2020 10:00","113","136","161","758","779","755","1500","1406","1474"
"12.06.2020 10:00 - 12.06.2020 11:00","129","164","171","738","725","862","1497","1441","1511"
"12.06.2020 11:00 - 12.06.2020 12:00","145","190","173","692","668","686","1491","1448","1480"
"12.06.2020 12:00 - 12.06.2020 13:00","189","231","268","535","598","686","1447","1446","1421"
"12.06.2020 13:00 - 12.06.2020 14:00","178","225","271","475","518","768","1371","1432","1315"
"12.06.2020 14:00 - 12.06.2020 15:00","148","203","162","389","556","642","1367","1400","1286"
"12.06.2020 15:00 - 12.06.2020 16:00","170","201","177","479","540","652","1207","1250","1224"
"12.06.2020 16:00 - 12.06.2020 17:00","160","189","139","470","430","796","1048","1161","1231"
"12.06.2020 17:00 - 12.06.2020 18:00","109","138","100","511","393","846","957","1043","1240"
"12.06.2020 18:00 - 12.06.2020 19:00","71","95","87","538","444","693","953","995","1194"
"12.06.2020 19:00 - 12.06.2020 20:00","43","58","50","540","494","467","865","867","910"
"12.06.2020 20:00 - 12.06.2020 21:00","17","23","21","540","541","547","802","769","792"
"12.06.2020 21:00 - 12.06.2020 22:00","4","5","5","596","638","790","795","727","778"
"12.06.2020 22:00 - 12.06.2020 23:00","0","0","0","653","760","925","841","715","854"
"12.06.2020 23:00 - 13.06.2020 00:00","0","0","0","780","802","971","906","729","986"
"13.06.2020 00:00 - 13.06.2020 01:00","0","N/A","0","855","N/A","1011","915","N/A","719"
"13.06.2020 01:00 - 13.06.2020 02:00","0","N/A","0","784","N/A","576","970","N/A","612"
"13.06.2020 02:00 - 13.06.2020 03:00","0","N/A","0","701","N/A","654","934","N/A","701"
"13.06.2020 03:00 - 13.06.2020 04:00","0","N/A","0","597","N/A","702","944","N/A","792"
"13.06.2020 04:00 - 13.06.2020 05:00","1","N/A","1","644","N/A","874","908","N/A","764"
"13.06.2020 05:00 - 13.06.2020 06:00","13","N/A","13","655","N/A","559","962","N/A","856"
"13.06.2020 06:00 - 13.06.2020 07:00","41","N/A","41","663","N/A","569","948","N/A","866"
"13.06.2020 07:00 - 13.06.2020 08:00","84","N/A","80","656","N/A","537","861","N/A","873"
"13.06.2020 08:00 - 13.06.2020 09:00","117","117","117","622","477","469","920","968","968"
"13.06.2020 09:00 - 13.06.2020 10:00","194","163","191","582","468","374","1068","1008","974"
"13.06.2020 10:00 - 13.06.2020 11:00","261","183","228","543","575","629","1214","1071","1061"
"13.06.2020 11:00 - 13.06.2020 12:00","277","209","226","518","615","462","1277","1168","1001"
"13.06.2020 12:00 - 13.06.2020 13:00","298","238","250","421","572","432","1350","1261","1075"
"13.06.2020 13:00 - 13.06.2020 14:00","235","199","217","464","515","735","1420","1299","1140"
"13.06.2020 14:00 - 13.06.2020 15:00","192","141","202","471","555","703","1449","1315","1112"
"13.06.2020 15:00 - 13.06.2020 16:00","176","132","236","496","521","618","1359","1318","1167"
"13.06.2020 16:00 - 13.06.2020 17:00","143","143","135","540","405","482","1280","1348","1247"
"13.06.2020 17:00 - 13.06.2020 18:00","112","139","100","603","456","802","1237","1322","1030"
"13.06.2020 18:00 - 13.06.2020 19:00","95","121","104","622","556","589","1234","1397","838"
"13.06.2020 19:00 - 13.06.2020 20:00","60","74","73","615","709","823","1082","1330","806"
"13.06.2020 20:00 - 13.06.2020 21:00","27","30","29","663","824","926","937","1266","888"
"13.06.2020 21:00 - 13.06.2020 22:00","7","7","7","801","927","877","907","1224","992"
"13.06.2020 22:00 - 13.06.2020 23:00","0","0","0","883","880","753","968","1204","1012"
"13.06.2020 23:00 - 14.06.2020 00:00","0","0","0","946","925","700","1047","1273","1057"
"14.06.2020 00:00 - 14.06.2020 01:00","0","N/A","0","903","N/A","810","1012","N/A","1146"
"14.06.2020 01:00 - 14.06.2020 02:00","0","N/A","0","923","N/A","1052","1128","N/A","1177"
"14.06.2020 02:00 - 14.06.2020 03:00","0","N/A","0","873","N/A","903","1141","N/A","1038"
"14.06.2020 03:00 - 14.06.2020 04:00","0","N/A","0","819","N/A","848","1202","N/A","1068"
"14.06.2020 04:00 - 14.06.2020 05:00","1","N/A","1","930","N/A","1046","1186","N/A","1105"
"14.06.2020 05:00 - 14.06.2020 06:00","22","N/A","22","929","N/A","999","1286","N/A","1265"
"14.06.2020 06:00 - 14.06.2020 07:00","75","N/A","74","887","N/A","1003","1289","N/A","1201"
"14.06.2020 07:00 - 14.06.2020 08:00","158","N/A","129","838","N/A","911","1173","N/A","1130"
"14.06.2020 08:00 - 14.06.2020 09:00","255","266","266","800","728","717","1260","1237","1237"
"14.06.2020 09:00 - 14.06.2020 10:00","363","394","474","794","665","556","1375","1319","1220"
"14.06.2020 10:00 - 14.06.2020 11:00","462","512","635","808","667","598","1457","1399","1268"
"14.06.2020 11:00 - 14.06.2020 12:00","540","604","718","793","604","585","1544","1469","1392"
"14.06.2020 12:00 - 14.06.2020 13:00","587","649","712","583","497","560","1637","1566","1702"
"14.06.2020 13:00 - 14.06.2020 14:00","590","649","701","423","395","515","1630","1584","1560"
"14.06.2020 14:00 - 14.06.2020 15:00","560","622","688","359","358","503","1624","1582","1423"
"14.06.2020 15:00 - 14.06.2020 16:00","511","535","658","378","368","473","1402","1429","1369"
"14.06.2020 16:00 - 14.06.2020 17:00","434","434","592","371","345","323","1181","1277","1232"
"14.06.2020 17:00 - 14.06.2020 18:00","332","331","485","470","378","462","984","1048","1209"
"14.06.2020 18:00 - 14.06.2020 19:00","223","228","329","429","386","423","847","880","1013"
"14.06.2020 19:00 - 14.06.2020 20:00","117","124","164","473","433","337","625","667","782"
"14.06.2020 20:00 - 14.06.2020 21:00","42","44","53","457","424","381","456","509","550"
"14.06.2020 21:00 - 14.06.2020 22:00","8","8","10","377","398","385","362","424","353"
"14.06.2020 22:00 - 14.06.2020 23:00","0","0","0","304","377","374","312","354","297"
"14.06.2020 23:00 - 15.06.2020 00:00","0","0","0","271","336","267","271","292","292"
"15.06.2020 00:00 - 15.06.2020 01:00","0","N/A","0","267","N/A","261","327","N/A","271"
"15.06.2020 01:00 - 15.06.2020 02:00","0","N/A","0","294","N/A","345","306","N/A","278"
"15.06.2020 02:00 - 15.06.2020 03:00","0","N/A","0","292","N/A","277","277","N/A","207"
"15.06.2020 03:00 - 15.06.2020 04:00","0","N/A","0","279","N/A","310","264","N/A","184"
"15.06.2020 04:00 - 15.06.2020 05:00","1","N/A","1","245","N/A","298","223","N/A","195"
"15.06.2020 05:00 - 15.06.2020 06:00","22","N/A","22","200","N/A","254","179","N/A","225"
"15.06.2020 06:00 - 15.06.2020 07:00","74","N/A","74","204","N/A","221","143","N/A","172"
"15.06.2020 07:00 - 15.06.2020 08:00","160","N/A","141","183","N/A","189","109","N/A","99"
"15.06.2020 08:00 - 15.06.2020 09:00","264","267","267","169","149","150","98","56","56"
"15.06.2020 09:00 - 15.06.2020 10:00","383","391","476","128","96","68","102","62","56"
"15.06.2020 10:00 - 15.06.2020 11:00","493","501","621","81","47","23","120","71","79"
"15.06.2020 11:00 - 15.06.2020 12:00","563","577","716","31","22","26","138","85","111"
"15.06.2020 12:00 - 15.06.2020 13:00","599","613","738","36","15","9","150","99","115"
"15.06.2020 13:00 - 15.06.2020 14:00","604","613","743","31","16","7","140","92","108"
"15.06.2020 14:00 - 15.06.2020 15:00","574","585","712","31","17","10","150","104","128"
"15.06.2020 15:00 - 15.06.2020 16:00","522","529","668","39","29","16","146","122","124"
"15.06.2020 16:00 - 15.06.2020 17:00","442","454","576","89","55","65","152","141","145"
"15.06.2020 17:00 - 15.06.2020 18:00","338","344","472","112","74","58","153","150","141"
"15.06.2020 18:00 - 15.06.2020 19:00","226","239","325","118","90","55","155","170","123"
"15.06.2020 19:00 - 15.06.2020 20:00","118","130","164","109","109","61","149","186","82"
"15.06.2020 20:00 - 15.06.2020 21:00","41","45","54","119","118","79","138","184","85"
"15.06.2020 21:00 - 15.06.2020 22:00","8","8","10","116","120","59","148","185","92"
"15.06.2020 22:00 - 15.06.2020 23:00","0","0","0","122","132","56","178","189","126"
"15.06.2020 23:00 - 16.06.2020 00:00","0","0","0","135","113","73","177","180","162"
"16.06.2020 00:00 - 16.06.2020 01:00","0","N/A","0","76","N/A","70","139","N/A","150"
"16.06.2020 01:00 - 16.06.2020 02:00","0","N/A","0","85","N/A","73","129","N/A","109"
"16.06.2020 02:00 - 16.06.2020 03:00","0","N/A","0","101","N/A","84","110","N/A","93"
"16.06.2020 03:00 - 16.06.2020 04:00","0","N/A","0","101","N/A","68","100","N/A","80"
"16.06.2020 04:00 - 16.06.2020 05:00","1","N/A","1","128","N/A","40","99","N/A","81"
"16.06.2020 05:00 - 16.06.2020 06:00","22","N/A","22","131","N/A","28","105","N/A","83"
"16.06.2020 06:00 - 16.06.2020 07:00","72","N/A","72","119","N/A","39","111","N/A","75"
"16.06.2020 07:00 - 16.06.2020 08:00","151","N/A","139","81","N/A","47","96","N/A","76"
"16.06.2020 08:00 - 16.06.2020 09:00","242","258","258","68","57","58","108","78","78"
"16.06.2020 09:00 - 16.06.2020 10:00","359","372","459","67","51","52","130","119","72"
"16.06.2020 10:00 - 16.06.2020 11:00","471","480","617","68","44","84","171","161","152"
"16.06.2020 11:00 - 16.06.2020 12:00","537","561","672","88","34","38","226","212","196"
"16.06.2020 12:00 - 16.06.2020 13:00","573","611","736","82","30","75","242","241","239"
"16.06.2020 13:00 - 16.06.2020 14:00","566","601","723","56","24","126","265","261","244"
"16.06.2020 14:00 - 16.06.2020 15:00","555","555","711","56","35","157","313","302","252"
"16.06.2020 15:00 - 16.06.2020 16:00","491","495","644","81","51","208","328","311","219"
"16.06.2020 16:00 - 16.06.2020 17:00","399","428","561","102","75","209","294","305","232"
"16.06.2020 17:00 - 16.06.2020 18:00","299","323","449","132","90","188","293","287","223"
"16.06.2020 18:00 - 16.06.2020 19:00","204","221","301","163","125","168","270","260","206"
"16.06.2020 19:00 - 16.06.2020 20:00","107","122","150","156","179","144","223","211","145"
"16.06.2020 20:00 - 16.06.2020 21:00","37","43","50","168","193","88","208","183","119"
"16.06.2020 21:00 - 16.06.2020 22:00","8","8","10","179","179","68","202","173","111"
"16.06.2020 22:00 - 16.06.2020 23:00","0","0","0","125","128","34","189","165","127"
"16.06.2020 23:00 - 17.06.2020 00:00","0","0","0","86","152","35","164","144","161"
"17.06.2020 00:00 - 17.06.2020 01:00","0","N/A","0","93","N/A","19","173","N/A","139"
"17.06.2020 01:00 - 17.06.2020 02:00","0","N/A","0","95","N/A","16","166","N/A","101"
"17.06.2020 02:00 - 17.06.2020 03:00","0","N/A","0","146","N/A","50","152","N/A","90"
"17.06.2020 03:00 - 17.06.2020 04:00","0","N/A","0","158","N/A","85","149","N/A","59"
"17.06.2020 04:00 - 17.06.2020 05:00","1","N/A","1","175","N/A","15","140","N/A","52"
"17.06.2020 05:00 - 17.06.2020 06:00","15","N/A","15","168","N/A","22","124","N/A","56"
"17.06.2020 06:00 - 17.06.2020 07:00","55","N/A","55","192","N/A","29","97","N/A","56"
"17.06.2020 07:00 - 17.06.2020 08:00","127","N/A","116","164","N/A","16","75","N/A","39"
"17.06.2020 08:00 - 17.06.2020 09:00","217","241","241","116","35","35","76","18","18"
"17.06.2020 09:00 - 17.06.2020 10:00","330","355","408","89","28","23","85","30","15"
"17.06.2020 10:00 - 17.06.2020 11:00","437","471","507","86","48","45","110","48","28"
"17.06.2020 11:00 - 17.06.2020 12:00","522","557","587","87","42","39","143","72","30"
"17.06.2020 12:00 - 17.06.2020 13:00","569","621","617","74","48","50","175","92","41"
"17.06.2020 13:00 - 17.06.2020 14:00","568","609","545","72","57","52","196","113","70"
"17.06.2020 14:00 - 17.06.2020 15:00","526","573","543","86","63","74","237","148","92"
"17.06.2020 15:00 - 17.06.2020 16:00","467","458","482","116","97","87","251","167","103"
"17.06.2020 16:00 - 17.06.2020 17:00","388","362","392","153","146","166","254","179","118"
"17.06.2020 17:00 - 17.06.2020 18:00","302","276","336","195","205","151","269","186","137"
"17.06.2020 18:00 - 17.06.2020 19:00","204","193","248","246","208","170","266","185","150"
"17.06.2020 19:00 - 17.06.2020 20:00","108","111","131","285","196","210","240","162","137"
"17.06.2020 20:00 - 17.06.2020 21:00","40","41","47","256","221","280","213","155","119"
"17.06.2020 21:00 - 17.06.2020 22:00","8","8","9","332","219","294","189","160","84"
"17.06.2020 22:00 - 17.06.2020 23:00","0","0","0","386","248","299","175","166","64"
"17.06.2020 23:00 - 18.06.2020 00:00","0","0","0","285","298","224","158","138","60"
"18.06.2020 00:00 - 18.06.2020 01:00","0","N/A","0","147","N/A","20","110","N/A","74"
"18.06.2020 01:00 - 18.06.2020 02:00","0","N/A","0","87","N/A","66","104","N/A","93"
"18.06.2020 02:00 - 18.06.2020 03:00","0","N/A","0","39","N/A","45","102","N/A","106"
"18.06.2020 03:00 - 18.06.2020 04:00","0","N/A","0","29","N/A","24","97","N/A","130"
"18.06.2020 04:00 - 18.06.2020 05:00","1","N/A","1","30","N/A","59","85","N/A","109"
"18.06.2020 05:00 - 18.06.2020 06:00","20","N/A","20","35","N/A","57","79","N/A","120"
"18.06.2020 06:00 - 18.06.2020 07:00","67","N/A","65","40","N/A","55","71","N/A","121"
"18.06.2020 07:00 - 18.06.2020 08:00","143","N/A","137","52","N/A","66","60","N/A","41"
"18.06.2020 08:00 - 18.06.2020 09:00","234","241","241","50","26","24","76","44","44"
"18.06.2020 09:00 - 18.06.2020 10:00","348","337","391","44","16","14","108","95","58"
"18.06.2020 10:00 - 18.06.2020 11:00","449","400","522","30","13","13","146","143","130"
"18.06.2020 11:00 - 18.06.2020 12:00","501","409","515","22","12","1","172","190","199"
"18.06.2020 12:00 - 18.06.2020 13:00","516","432","582","18","8","1","205","218","208"
"18.06.2020 13:00 - 18.06.2020 14:00","491","466","607","13","7","2","224","240","192"
"18.06.2020 14:00 - 18.06.2020 15:00","447","484","611","14","12","0","263","277","199"
"18.06.2020 15:00 - 18.06.2020 16:00","413","456","536","20","20","11","269","269","171"
"18.06.2020 16:00 - 18.06.2020 17:00","370","388","464","36","39","11","249","243","138"
"18.06.2020 17:00 - 18.06.2020 18:00","296","302","384","46","44","6","216","216","107"
"18.06.2020 18:00 - 18.06.2020 19:00","201","202","254","66","56","21","198","187","82"
"18.06.2020 19:00 - 18.06.2020 20:00","107","107","132","74","92","37","158","150","57"
"18.06.2020 20:00 - 18.06.2020 21:00","39","38","45","75","105","31","105","123","33"
"18.06.2020 21:00 - 18.06.2020 22:00","8","8","9","77","110","45","98","114","39"
"18.06.2020 22:00 - 18.06.2020 23:00","0","0","0","56","94","34","108","128","69"
"18.06.2020 23:00 - 19.06.2020 00:00","0","0","0","56","119","57","116","133","63"
"19.06.2020 00:00 - 19.06.2020 01:00","0","N/A","0","58","N/A","98","52","N/A","67"
"19.06.2020 01:00 - 19.06.2020 02:00","0","N/A","0","50","N/A","80","56","N/A","58"
"19.06.2020 02:00 - 19.06.2020 03:00","0","N/A","0","45","N/A","85","57","N/A","40"
"19.06.2020 03:00 - 19.06.2020 04:00","0","N/A","0","66","N/A","84","60","N/A","34"
"19.06.2020 04:00 - 19.06.2020 05:00","0","N/A","0","123","N/A","108","69","N/A","46"
"19.06.2020 05:00 - 19.06.2020 06:00","10","N/A","10","109","N/A","141","87","N/A","76"
"19.06.2020 06:00 - 19.06.2020 07:00","34","N/A","34","85","N/A","109","99","N/A","75"
"19.06.2020 07:00 - 19.06.2020 08:00","76","N/A","69","90","N/A","76","104","N/A","88"
"19.06.2020 08:00 - 19.06.2020 09:00","137","128","128","91","55","51","126","107","107"
"19.06.2020 09:00 - 19.06.2020 10:00","192","179","168","61","46","52","150","129","98"
"19.06.2020 10:00 - 19.06.2020 11:00","208","195","255","60","59","98","191","159","139"
"19.06.2020 11:00 - 19.06.2020 12:00","203","205","266","100","57","95","244","211","259"
"19.06.2020 12:00 - 19.06.2020 13:00","195","210","179","126","60","140","286","257","325"
"19.06.2020 13:00 - 19.06.2020 14:00","131","216","150","126","116","70","299","300","308"
"19.06.2020 14:00 - 19.06.2020 15:00","127","174","170","155","171","53","321","344","379"
"19.06.2020 15:00 - 19.06.2020 16:00","153","157","187","179","138","71","311","327","374"
"19.06.2020 16:00 - 19.06.2020 17:00","139","158","140","187","101","96","281","308","325"
"19.06.2020 17:00 - 19.06.2020 18:00","99","116","102","245","119","185","257","309","294"
"19.06.2020 18:00 - 19.06.2020 19:00","69","82","75","204","178","165","258","319","239"
"19.06.2020 19:00 - 19.06.2020 20:00","43","47","52","269","239","171","251","315","262"
"19.06.2020 20:00 - 19.06.2020 21:00","17","17","18","345","247","131","242","315","289"
"19.06.2020 21:00 - 19.06.2020 22:00","3","3","3","307","280","112","233","327","243"
"19.06.2020 22:00 - 19.06.2020 23:00","0","0","0","181","288","80","246","334","244"
"19.06.2020 23:00 - 20.06.2020 00:00","0","0","0","225","223","69","256","329","239"
"20.06.2020 00:00 - 20.06.2020 01:00","0","N/A","0","206","N/A","150","319","N/A","271"
"20.06.2020 01:00 - 20.06.2020 02:00","0","N/A","0","222","N/A","179","365","N/A","305"
"20.06.2020 02:00 - 20.06.2020 03:00","0","N/A","0","209","N/A","206","367","N/A","351"
"20.06.2020 03:00 - 20.06.2020 04:00","0","N/A","0","182","N/A","186","401","N/A","409"
"20.06.2020 04:00 - 20.06.2020 05:00","0","N/A","0","184","N/A","215","437","N/A","362"
"20.06.2020 05:00 - 20.06.2020 06:00","7","N/A","7","208","N/A","224","494","N/A","369"
"20.06.2020 06:00 - 20.06.2020 07:00","24","N/A","25","171","N/A","221","495","N/A","384"
"20.06.2020 07:00 - 20.06.2020 08:00","47","N/A","70","121","N/A","117","456","N/A","442"
"20.06.2020 08:00 - 20.06.2020 09:00","56","146","146","139","193","203","476","569","569"
"20.06.2020 09:00 - 20.06.2020 10:00","76","184","146","159","201","252","500","606","555"
"20.06.2020 10:00 - 20.06.2020 11:00","86","205","174","155","258","326","509","630","593"
"20.06.2020 11:00 - 20.06.2020 12:00","103","246","260","135","274","359","560","695","793"
"20.06.2020 12:00 - 20.06.2020 13:00","119","278","313","155","267","232","592","730","797"
"20.06.2020 13:00 - 20.06.2020 14:00","100","271","301","174","265","212","611","761","834"
"20.06.2020 14:00 - 20.06.2020 15:00","82","259","298","200","248","367","746","856","900"
"20.06.2020 15:00 - 20.06.2020 16:00","111","203","247","239","326","531","782","864","781"
"20.06.2020 16:00 - 20.06.2020 17:00","136","163","226","280","391","560","789","819","732"
"20.06.2020 17:00 - 20.06.2020 18:00","126","135","210","248","369","553","761","776","787"
"20.06.2020 18:00 - 20.06.2020 19:00","107","107","191","227","397","569","763","752","777"
"20.06.2020 19:00 - 20.06.2020 20:00","67","67","96","348","366","531","666","644","632"
"20.06.2020 20:00 - 20.06.2020 21:00","25","25","35","352","354","485","545","527","528"
"20.06.2020 21:00 - 20.06.2020 22:00","6","5","7","309","329","425","452","441","442"
"20.06.2020 22:00 - 20.06.2020 23:00","0","0","0","298","285","376","394","386","349"
"20.06.2020 23:00 - 21.06.2020 00:00","0","0","0","262","288","342","365","368","347"
"21.06.2020 00:00 - 21.06.2020 01:00","0","N/A","0","298","N/A","303","394","N/A","334"
"21.06.2020 01:00 - 21.06.2020 02:00","0","N/A","0","282","N/A","309","395","N/A","309"
"21.06.2020 02:00 - 21.06.2020 03:00","0","N/A","0","279","N/A","259","402","N/A","284"
"21.06.2020 03:00 - 21.06.2020 04:00","0","N/A","0","263","N/A","182","424","N/A","279"
"21.06.2020 04:00 - 21.06.2020 05:00","1","N/A","1","262","N/A","158","382","N/A","206"
"21.06.2020 05:00 - 21.06.2020 06:00","15","N/A","15","229","N/A","169","331","N/A","166"
"21.06.2020 06:00 - 21.06.2020 07:00","50","N/A","48","200","N/A","155","270","N/A","145"
"21.06.2020 07:00 - 21.06.2020 08:00","111","N/A","143","169","N/A","117","234","N/A","150"
"21.06.2020 08:00 - 21.06.2020 09:00","202","245","245","125","103","99","232","175","175"
"21.06.2020 09:00 - 21.06.2020 10:00","322","375","347","121","119","110","226","191","212"
"21.06.2020 10:00 - 21.06.2020 11:00","440","505","498","100","121","107","235","199","196"
"21.06.2020 11:00 - 21.06.2020 12:00","497","584","562","83","92","104","238","222","169"
"21.06.2020 12:00 - 21.06.2020 13:00","536","629","688","80","79","102","235","229","139"
"21.06.2020 13:00 - 21.06.2020 14:00","550","635","680","87","99","107","217","220","115"
"21.06.2020 14:00 - 21.06.2020 15:00","531","616","682","92","97","86","230","218","97"
"21.06.2020 15:00 - 21.06.2020 16:00","494","527","658","79","99","81","228","203","161"
"21.06.2020 16:00 - 21.06.2020 17:00","419","431","579","78","110","127","217","196","158"
"21.06.2020 17:00 - 21.06.2020 18:00","323","327","473","86","109","114","191","180","110"
"21.06.2020 18:00 - 21.06.2020 19:00","217","226","303","93","99","122","158","149","77"
"21.06.2020 19:00 - 21.06.2020 20:00","112","121","157","95","101","144","109","106","12"
"21.06.2020 20:00 - 21.06.2020 21:00","40","43","54","104","126","163","59","71","1"
"21.06.2020 21:00 - 21.06.2020 22:00","8","8","10","149","147","156","48","54","22"
"21.06.2020 22:00 - 21.06.2020 23:00","0","0","0","172","186","172","48","54","47"
"21.06.2020 23:00 - 22.06.2020 00:00","0","0","0","110","189","104","68","70","83"
"22.06.2020 00:00 - 22.06.2020 01:00","0","N/A","0","128","N/A","81","124","N/A","182"
"22.06.2020 01:00 - 22.06.2020 02:00","0","N/A","0","138","N/A","30","157","N/A","227"
"22.06.2020 02:00 - 22.06.2020 03:00","0","N/A","0","170","N/A","83","173","N/A","156"
"22.06.2020 03:00 - 22.06.2020 04:00","0","N/A","0","171","N/A","164","211","N/A","203"
"22.06.2020 04:00 - 22.06.2020 05:00","0","N/A","0","220","N/A","210","267","N/A","263"
"22.06.2020 05:00 - 22.06.2020 06:00","11","N/A","10","201","N/A","95","330","N/A","296"
"22.06.2020 06:00 - 22.06.2020 07:00","48","N/A","43","249","N/A","513","323","N/A","217"
"22.06.2020 07:00 - 22.06.2020 08:00","114","N/A","94","219","N/A","302","318","N/A","233"
"22.06.2020 08:00 - 22.06.2020 09:00","179","198","198","215","219","221","404","345","345"
"22.06.2020 09:00 - 22.06.2020 10:00","268","326","431","282","228","137","477","464","486"
"22.06.2020 10:00 - 22.06.2020 11:00","330","426","570","363","216","197","607","610","693"
"22.06.2020 11:00 - 22.06.2020 12:00","408","524","597","394","258","246","755","777","946"
"22.06.2020 12:00 - 22.06.2020 13:00","446","584","682","351","300","187","861","894","1073"
"22.06.2020 13:00 - 22.06.2020 14:00","484","599","649","355","331","163","930","992","1216"
"22.06.2020 14:00 - 22.06.2020 15:00","466","573","619","376","288","124","1006","1072","1453"
"22.06.2020 15:00 - 22.06.2020 16:00","429","506","569","322","221","207","1141","1197","1272"
"22.06.2020 16:00 - 22.06.2020 17:00","372","432","536","319","206","241","1305","1300","1325"
"22.06.2020 17:00 - 22.06.2020 18:00","298","341","456","326","237","305","1393","1286","1499"
"22.06.2020 18:00 - 22.06.2020 19:00","207","240","345","302","294","385","1372","1230","1496"
"22.06.2020 19:00 - 22.06.2020 20:00","110","132","171","395","356","436","1145","1040","1354"
"22.06.2020 20:00 - 22.06.2020 21:00","41","47","58","446","353","389","923","840","1154"
"22.06.2020 21:00 - 22.06.2020 22:00","9","9","11","420","343","419","783","709","875"
"22.06.2020 22:00 - 22.06.2020 23:00","0","0","0","425","349","423","710","654","700"
"22.06.2020 23:00 - 23.06.2020 00:00","0","0","0","395","339","386","698","619","750"
"23.06.2020 00:00 - 23.06.2020 01:00","0","N/A","0","333","N/A","374","739","N/A","661"
"23.06.2020 01:00 - 23.06.2020 02:00","0","N/A","0","352","N/A","453","709","N/A","653"
"23.06.2020 02:00 - 23.06.2020 03:00","0","N/A","0","374","N/A","374","653","N/A","628"
"23.06.2020 03:00 - 23.06.2020 04:00","0","N/A","0","371","N/A","348","604","N/A","503"
"23.06.2020 04:00 - 23.06.2020 05:00","1","N/A","1","389","N/A","334","533","N/A","496"
"23.06.2020 05:00 - 23.06.2020 06:00","21","N/A","21","360","N/A","259","469","N/A","437"
"23.06.2020 06:00 - 23.06.2020 07:00","69","N/A","69","329","N/A","308","378","N/A","311"
"23.06.2020 07:00 - 23.06.2020 08:00","155","N/A","169","311","N/A","287","320","N/A","259"
"23.06.2020 08:00 - 23.06.2020 09:00","268","286","286","290","241","241","373","312","312"
"23.06.2020 09:00 - 23.06.2020 10:00","382","407","426","275","252","253","389","341","330"
"23.06.2020 10:00 - 23.06.2020 11:00","480","505","581","247","228","221","362","332","323"
"23.06.2020 11:00 - 23.06.2020 12:00","544","563","675","164","154","134","346","346","320"
"23.06.2020 12:00 - 23.06.2020 13:00","584","597","582","123","112","114","326","340","332"
"23.06.2020 13:00 - 23.06.2020 14:00","589","587","702","91","104","74","324","351","342"
"23.06.2020 14:00 - 23.06.2020 15:00","561","564","688","67","92","56","317","358","316"
"23.06.2020 15:00 - 23.06.2020 16:00","510","514","633","54","64","16","315","363","296"
"23.06.2020 16:00 - 23.06.2020 17:00","433","447","563","42","45","7","325","347","294"
"23.06.2020 17:00 - 23.06.2020 18:00","333","349","450","35","29","2","313","308","253"
"23.06.2020 18:00 - 23.06.2020 19:00","225","245","310","17","20","0","274","257","174"
"23.06.2020 19:00 - 23.06.2020 20:00","119","135","165","8","11","0","207","186","85"
"23.06.2020 20:00 - 23.06.2020 21:00","43","47","55","6","6","0","143","122","49"
"23.06.2020 21:00 - 23.06.2020 22:00","8","8","10","7","4","0","110","95","44"
"23.06.2020 22:00 - 23.06.2020 23:00","0","0","0","17","3","0","101","91","48"
"23.06.2020 23:00 - 24.06.2020 00:00","0","0","0","22","2","0","90","92","54"
"24.06.2020 00:00 - 24.06.2020 01:00","0","N/A","0","0","N/A","0","69","N/A","56"
"24.06.2020 01:00 - 24.06.2020 02:00","0","N/A","0","0","N/A","0","85","N/A","62"
"24.06.2020 02:00 - 24.06.2020 03:00","0","N/A","0","0","N/A","0","96","N/A","63"
"24.06.2020 03:00 - 24.06.2020 04:00","0","N/A","0","3","N/A","0","94","N/A","60"
"24.06.2020 04:00 - 24.06.2020 05:00","1","N/A","1","7","N/A","0","80","N/A","48"
"24.06.2020 05:00 - 24.06.2020 06:00","19","N/A","19","6","N/A","0","65","N/A","38"
"24.06.2020 06:00 - 24.06.2020 07:00","67","N/A","67","5","N/A","0","43","N/A","30"
"24.06.2020 07:00 - 24.06.2020 08:00","150","N/A","138","4","N/A","4","27","N/A","22"
"24.06.2020 08:00 - 24.06.2020 09:00","258","260","260","5","8","9","24","12","12"
"24.06.2020 09:00 - 24.06.2020 10:00","372","373","428","5","13","7","22","22","12"
"24.06.2020 10:00 - 24.06.2020 11:00","472","471","569","5","15","31","21","27","16"
"24.06.2020 11:00 - 24.06.2020 12:00","540","538","658","4","12","8","22","35","19"
"24.06.2020 12:00 - 24.06.2020 13:00","579","568","686","1","5","0","27","44","23"
"24.06.2020 13:00 - 24.06.2020 14:00","585","563","702","0","3","0","35","55","24"
"24.06.2020 14:00 - 24.06.2020 15:00","560","541","670","0","1","0","43","69","29"
"24.06.2020 15:00 - 24.06.2020 16:00","510","504","626","2","0","0","63","92","60"
"24.06.2020 16:00 - 24.06.2020 17:00","435","447","540","4","4","1","90","121","89"
"24.06.2020 17:00 - 24.06.2020 18:00","334","351","441","9","14","4","103","139","86"
"24.06.2020 18:00 - 24.06.2020 19:00","226","245","314","18","23","27","114","142","118"
"24.06.2020 19:00 - 24.06.2020 20:00","119","136","162","30","33","63","113","129","130"
"24.06.2020 20:00 - 24.06.2020 21:00","43","48","55","42","49","90","103","110","113"
"24.06.2020 21:00 - 24.06.2020 22:00","8","8","11","54","60","86","100","109","107"
"24.06.2020 22:00 - 24.06.2020 23:00","0","0","0","80","62","100","108","117","122"
"24.06.2020 23:00 - 25.06.2020 00:00","0","0","0","87","59","66","122","125","168"
"25.06.2020 00:00 - 25.06.2020 01:00","0","N/A","0","46","N/A","93","141","N/A","174"
"25.06.2020 01:00 - 25.06.2020 02:00","0","N/A","0","60","N/A","99","149","N/A","186"
"25.06.2020 02:00 - 25.06.2020 03:00","0","N/A","0","112","N/A","104","145","N/A","223"
"25.06.2020 03:00 - 25.06.2020 04:00","0","N/A","0","145","N/A","135","146","N/A","213"
"25.06.2020 04:00 - 25.06.2020 05:00","1","N/A","1","172","N/A","168","139","N/A","220"
"25.06.2020 05:00 - 25.06.2020 06:00","18","N/A","18","143","N/A","164","129","N/A","221"
"25.06.2020 06:00 - 25.06.2020 07:00","66","N/A","66","136","N/A","120","101","N/A","158"
"25.06.2020 07:00 - 25.06.2020 08:00","152","N/A","135","123","N/A","105","77","N/A","105"
"25.06.2020 08:00 - 25.06.2020 09:00","262","254","254","102","119","118","82","65","65"
"25.06.2020 09:00 - 25.06.2020 10:00","377","367","435","86","107","108","105","106","95"
"25.06.2020 10:00 - 25.06.2020 11:00","477","463","577","67","109","91","145","152","140"
"25.06.2020 11:00 - 25.06.2020 12:00","545","528","668","57","91","44","187","209","246"
"25.06.2020 12:00 - 25.06.2020 13:00","584","565","696","59","66","22","229","273","322"
"25.06.2020 13:00 - 25.06.2020 14:00","587","568","680","42","69","22","276","335","404"
"25.06.2020 14:00 - 25.06.2020 15:00","556","547","656","36","80","19","320","381","467"
"25.06.2020 15:00 - 25.06.2020 16:00","509","512","628","37","82","3","364","435","505"
"25.06.2020 16:00 - 25.06.2020 17:00","435","447","554","42","56","12","415","465","506"
"25.06.2020 17:00 - 25.06.2020 18:00","334","346","438","58","53","20","442","459","439"
"25.06.2020 18:00 - 25.06.2020 19:00","225","240","315","71","69","66","443","451","459"
"25.06.2020 19:00 - 25.06.2020 20:00","118","132","162","82","109","124","379","399","462"
"25.06.2020 20:00 - 25.06.2020 21:00","42","47","55","123","179","196","332","368","400"
"25.06.2020 21:00 - 25.06.2020 22:00","8","8","11","205","301","380","347","394","434"
"25.06.2020 22:00 - 25.06.2020 23:00","0","0","0","333","435","560","402","455","565"
"25.06.2020 23:00 - 26.06.2020 00:00","0","0","0","449","540","669","442","529","716"
"26.06.2020 00:00 - 26.06.2020 01:00","0","N/A","0","545","N/A","587","583","N/A","712"
"26.06.2020 01:00 - 26.06.2020 02:00","0","N/A","0","558","N/A","663","609","N/A","740"
"26.06.2020 02:00 - 26.06.2020 03:00","0","N/A","0","573","N/A","685","614","N/A","765"
"26.06.2020 03:00 - 26.06.2020 04:00","0","N/A","0","562","N/A","642","618","N/A","770"
"26.06.2020 04:00 - 26.06.2020 05:00","1","N/A","1","550","N/A","491","614","N/A","792"
"26.06.2020 05:00 - 26.06.2020 06:00","19","N/A","19","557","N/A","491","634","N/A","718"
"26.06.2020 06:00 - 26.06.2020 07:00","65","N/A","65","580","N/A","504","534","N/A","564"
"26.06.2020 07:00 - 26.06.2020 08:00","147","N/A","131","537","N/A","417","413","N/A","363"
"26.06.2020 08:00 - 26.06.2020 09:00","255","248","248","445","405","393","431","292","292"
"26.06.2020 09:00 - 26.06.2020 10:00","367","357","408","407","363","325","470","322","245"
"26.06.2020 10:00 - 26.06.2020 11:00","464","452","550","382","325","338","544","392","325"
"26.06.2020 11:00 - 26.06.2020 12:00","526","511","649","356","285","321","619","494","409"
"26.06.2020 12:00 - 26.06.2020 13:00","555","519","643","288","263","286","646","561","533"
"26.06.2020 13:00 - 26.06.2020 14:00","556","507","582","223","206","266","665","596","580"
"26.06.2020 14:00 - 26.06.2020 15:00","534","479","621","169","151","135","694","612","638"
"26.06.2020 15:00 - 26.06.2020 16:00","493","476","654","123","125","73","698","663","633"
"26.06.2020 16:00 - 26.06.2020 17:00","422","425","504","99","116","17","717","709","640"
"26.06.2020 17:00 - 26.06.2020 18:00","325","331","397","91","116","66","677","663","608"
"26.06.2020 18:00 - 26.06.2020 19:00","218","231","277","65","125","35","586","606","540"
"26.06.2020 19:00 - 26.06.2020 20:00","113","126","147","62","157","23","457","506","426"
"26.06.2020 20:00 - 26.06.2020 21:00","40","45","50","117","268","102","372","422","321"
"26.06.2020 21:00 - 26.06.2020 22:00","8","8","10","272","372","259","381","417","304"
"26.06.2020 22:00 - 26.06.2020 23:00","0","0","0","422","510","398","433","444","431"
"26.06.2020 23:00 - 27.06.2020 00:00","0","0","0","546","583","520","458","489","533"
"27.06.2020 00:00 - 27.06.2020 01:00","0","N/A","0","498","N/A","424","463","N/A","399"
"27.06.2020 01:00 - 27.06.2020 02:00","0","N/A","0","426","N/A","530","466","N/A","474"
"27.06.2020 02:00 - 27.06.2020 03:00","0","N/A","0","495","N/A","566","478","N/A","489"
"27.06.2020 03:00 - 27.06.2020 04:00","0","N/A","0","512","N/A","448","490","N/A","442"
"27.06.2020 04:00 - 27.06.2020 05:00","1","N/A","1","527","N/A","480","471","N/A","474"
"27.06.2020 05:00 - 27.06.2020 06:00","19","N/A","19","523","N/A","501","487","N/A","516"
"27.06.2020 06:00 - 27.06.2020 07:00","65","N/A","65","490","N/A","518","445","N/A","514"
"27.06.2020 07:00 - 27.06.2020 08:00","149","N/A","131","420","N/A","521","368","N/A","374"
"27.06.2020 08:00 - 27.06.2020 09:00","259","236","236","401","418","404","389","294","294"
"27.06.2020 09:00 - 27.06.2020 10:00","373","336","352","376","370","332","413","317","269"
"27.06.2020 10:00 - 27.06.2020 11:00","473","429","463","361","340","300","468","369","347"
"27.06.2020 11:00 - 27.06.2020 12:00","544","499","549","344","302","301","553","445","467"
"27.06.2020 12:00 - 27.06.2020 13:00","580","527","638","330","267","347","604","498","452"
"27.06.2020 13:00 - 27.06.2020 14:00","574","525","658","279","229","285","637","523","565"
"27.06.2020 14:00 - 27.06.2020 15:00","535","493","562","238","189","263","671","551","592"
"27.06.2020 15:00 - 27.06.2020 16:00","456","451","423","226","154","346","704","570","463"
"27.06.2020 16:00 - 27.06.2020 17:00","346","353","241","181","126","49","682","559","573"
"27.06.2020 17:00 - 27.06.2020 18:00","220","213","90","185","123","85","599","521","388"
"27.06.2020 18:00 - 27.06.2020 19:00","135","126","99","206","150","68","515","443","291"
"27.06.2020 19:00 - 27.06.2020 20:00","70","66","48","258","195","96","422","365","134"
"27.06.2020 20:00 - 27.06.2020 21:00","23","22","16","385","276","197","349","316","98"
"27.06.2020 21:00 - 27.06.2020 22:00","3","3","2","482","323","330","330","289","110"
"27.06.2020 22:00 - 27.06.2020 23:00","0","0","0","378","295","497","352","314","170"
"27.06.2020 23:00 - 28.06.2020 00:00","0","0","0","405","367","443","382","343","273"
"28.06.2020 00:00 - 28.06.2020 01:00","0","N/A","0","390","N/A","237","292","N/A","338"
"28.06.2020 01:00 - 28.06.2020 02:00","0","N/A","0","444","N/A","485","299","N/A","338"
"28.06.2020 02:00 - 28.06.2020 03:00","0","N/A","0","584","N/A","654","326","N/A","382"
"28.06.2020 03:00 - 28.06.2020 04:00","0","N/A","0","613","N/A","714","410","N/A","420"
"28.06.2020 04:00 - 28.06.2020 05:00","1","N/A","1","634","N/A","716","497","N/A","500"
"28.06.2020 05:00 - 28.06.2020 06:00","16","N/A","16","644","N/A","701","651","N/A","578"
"28.06.2020 06:00 - 28.06.2020 07:00","51","N/A","51","608","N/A","690","708","N/A","627"
"28.06.2020 07:00 - 28.06.2020 08:00","86","N/A","74","563","N/A","622","694","N/A","719"
"28.06.2020 08:00 - 28.06.2020 09:00","113","148","148","567","619","611","825","882","882"
"28.06.2020 09:00 - 28.06.2020 10:00","168","224","228","612","664","535","949","1001","972"
"28.06.2020 10:00 - 28.06.2020 11:00","209","276","219","646","659","502","1033","1094","1036"
"28.06.2020 11:00 - 28.06.2020 12:00","234","308","199","668","673","538","1121","1192","1169"
"28.06.2020 12:00 - 28.06.2020 13:00","271","330","186","704","705","806","1160","1244","1080"
"28.06.2020 13:00 - 28.06.2020 14:00","292","353","217","706","717","760","1190","1276","1162"
"28.06.2020 14:00 - 28.06.2020 15:00","272","359","326","714","719","591","1241","1351","1031"
"28.06.2020 15:00 - 28.06.2020 16:00","268","319","396","720","723","787","1355","1462","855"
"28.06.2020 16:00 - 28.06.2020 17:00","286","281","424","738","750","821","1471","1556","1164"
"28.06.2020 17:00 - 28.06.2020 18:00","240","247","272","816","792","723","1469","1486","1350"
"28.06.2020 18:00 - 28.06.2020 19:00","167","173","230","800","760","700","1319","1298","1447"
"28.06.2020 19:00 - 28.06.2020 20:00","86","91","129","741","699","611","1050","1009","1221"
"28.06.2020 20:00 - 28.06.2020 21:00","32","33","45","729","649","570","818","773","879"
"28.06.2020 21:00 - 28.06.2020 22:00","7","7","9","730","620","626","650","596","657"
"28.06.2020 22:00 - 28.06.2020 23:00","0","0","0","731","643","634","562","511","575"
"28.06.2020 23:00 - 29.06.2020 00:00","0","0","0","696","649","595","579","527","587"
"29.06.2020 00:00 - 29.06.2020 01:00","0","N/A","0","639","N/A","544","607","N/A","599"
"29.06.2020 01:00 - 29.06.2020 02:00","0","N/A","0","732","N/A","687","676","N/A","660"
"29.06.2020 02:00 - 29.06.2020 03:00","0","N/A","0","776","N/A","678","738","N/A","779"
"29.06.2020 03:00 - 29.06.2020 04:00","0","N/A","0","720","N/A","712","816","N/A","885"
"29.06.2020 04:00 - 29.06.2020 05:00","1","N/A","1","735","N/A","795","895","N/A","969"
"29.06.2020 05:00 - 29.06.2020 06:00","18","N/A","19","776","N/A","815","944","N/A","994"
"29.06.2020 06:00 - 29.06.2020 07:00","59","N/A","60","721","N/A","577","931","N/A","973"
"29.06.2020 07:00 - 29.06.2020 08:00","123","N/A","142","756","N/A","597","909","N/A","906"
"29.06.2020 08:00 - 29.06.2020 09:00","193","257","257","794","687","682","1087","1124","1124"
"29.06.2020 09:00 - 29.06.2020 10:00","259","351","372","844","725","652","1257","1321","1280"
"29.06.2020 10:00 - 29.06.2020 11:00","299","423","419","866","715","536","1356","1457","1376"
"29.06.2020 11:00 - 29.06.2020 12:00","327","437","404","868","738","642","1395","1474","1150"
"29.06.2020 12:00 - 29.06.2020 13:00","346","493","473","864","793","688","1385","1447","1153"
"29.06.2020 13:00 - 29.06.2020 14:00","321","481","506","891","882","696","1417","1461","1304"
"29.06.2020 14:00 - 29.06.2020 15:00","247","428","413","907","901","753","1467","1474","1341"
"29.06.2020 15:00 - 29.06.2020 16:00","222","340","378","798","853","666","1581","1560","1156"
"29.06.2020 16:00 - 29.06.2020 17:00","218","284","367","779","836","731","1665","1683","1107"
"29.06.2020 17:00 - 29.06.2020 18:00","169","225","248","815","868","752","1641","1628","1374"
"29.06.2020 18:00 - 29.06.2020 19:00","114","151","159","789","845","534","1572","1569","1488"
"29.06.2020 19:00 - 29.06.2020 20:00","58","77","67","761","819","409","1467","1424","1559"
"29.06.2020 20:00 - 29.06.2020 21:00","18","22","20","756","812","592","1394","1345","1133"
"29.06.2020 21:00 - 29.06.2020 22:00","2","2","3","776","836","566","1382","1344","978"
"29.06.2020 22:00 - 29.06.2020 23:00","0","0","0","928","878","445","1443","1417","1132"
"29.06.2020 23:00 - 30.06.2020 00:00","0","0","0","984","907","612","1514","1482","907"
"30.06.2020 00:00 - 30.06.2020 01:00","0","N/A","0","856","N/A","713","1506","N/A","950"
"30.06.2020 01:00 - 30.06.2020 02:00","0","N/A","0","908","N/A","769","1572","N/A","670"
"30.06.2020 02:00 - 30.06.2020 03:00","0","N/A","0","930","N/A","310","1598","N/A","763"
"30.06.2020 03:00 - 30.06.2020 04:00","0","N/A","0","889","N/A","241","1584","N/A","756"
"30.06.2020 04:00 - 30.06.2020 05:00","1","N/A","0","895","N/A","275","1569","N/A","756"
"30.06.2020 05:00 - 30.06.2020 06:00","10","N/A","10","912","N/A","557","1603","N/A","815"
"30.06.2020 06:00 - 30.06.2020 07:00","39","N/A","39","914","N/A","272","1600","N/A","850"
"30.06.2020 07:00 - 30.06.2020 08:00","85","N/A","108","840","N/A","204","1588","N/A","904"
"30.06.2020 08:00 - 30.06.2020 09:00","141","172","172","812","235","219","1818","1150","1150"
"30.06.2020 09:00 - 30.06.2020 10:00","192","229","214","880","425","368","1987","2233","1367"
"30.06.2020 10:00 - 30.06.2020 11:00","224","315","358","907","526","588","2156","2344","1446"
"30.06.2020 11:00 - 30.06.2020 12:00","264","316","237","886","593","733","2297","2432","1586"
"30.06.2020 12:00 - 30.06.2020 13:00","255","301","349","884","672","744","2351","2444","1517"
"30.06.2020 13:00 - 30.06.2020 14:00","239","298","374","894","754","567","2330","2382","1727"
"30.06.2020 14:00 - 30.06.2020 15:00","243","283","324","921","809","407","2366","2378","1569"
"30.06.2020 15:00 - 30.06.2020 16:00","228","267","366","899","806","596","2500","2474","1589"
"30.06.2020 16:00 - 30.06.2020 17:00","210","228","270","897","798","582","2574","2594","1641"
"30.06.2020 17:00 - 30.06.2020 18:00","162","170","222","912","824","478","2595","2568","1592"
"30.06.2020 18:00 - 30.06.2020 19:00","116","118","182","882","831","542","2635","2625","1606"
"30.06.2020 19:00 - 30.06.2020 20:00","67","69","92","866","876","563","2500","2546","1487"
"30.06.2020 20:00 - 30.06.2020 21:00","25","25","32","893","948","707","2327","2385","1412"
"30.06.2020 21:00 - 30.06.2020 22:00","5","5","6","927","975","594","2187","2274","1328"
"30.06.2020 22:00 - 30.06.2020 23:00","0","0","0","959","1001","577","2105","2163","1256"
"30.06.2020 23:00 - 01.07.2020 00:00","0","0","0","992","1024","600","2031","2097","1166"
"01.07.2020 00:00 - 01.07.2020 01:00","0","N/A","0","886","N/A","574","1882","N/A","1472"
"01.07.2020 01:00 - 01.07.2020 02:00","0","N/A","0","900","N/A","753","1778","N/A","1176"
"01.07.2020 02:00 - 01.07.2020 03:00","0","N/A","0","858","N/A","666","1661","N/A","1170"
"01.07.2020 03:00 - 01.07.2020 04:00","0","N/A","0","776","N/A","617","1521","N/A","1013"
"01.07.2020 04:00 - 01.07.2020 05:00","1","N/A","1","769","N/A","635","1332","N/A","843"
"01.07.2020 05:00 - 01.07.2020 06:00","19","N/A","18","741","N/A","473","1148","N/A","1156"
"01.07.2020 06:00 - 01.07.2020 07:00","61","N/A","61","643","N/A","434","980","N/A","1206"
"01.07.2020 07:00 - 01.07.2020 08:00","126","N/A","133","532","N/A","494","877","N/A","1070"
"01.07.2020 08:00 - 01.07.2020 09:00","189","215","215","463","467","467","928","1192","1192"
"01.07.2020 09:00 - 01.07.2020 10:00","251","283","352","430","434","421","910","1129","1119"
"01.07.2020 10:00 - 01.07.2020 11:00","282","343","403","432","406","355","922","1061","1106"
"01.07.2020 11:00 - 01.07.2020 12:00","308","400","341","409","357","307","898","980","895"
"01.07.2020 12:00 - 01.07.2020 13:00","248","419","275","316","290","177","828","894","798"
"01.07.2020 13:00 - 01.07.2020 14:00","206","381","306","237","227","224","802","820","763"
"01.07.2020 14:00 - 01.07.2020 15:00","191","339","281","255","154","83","774","765","859"
"01.07.2020 15:00 - 01.07.2020 16:00","206","309","338","228","98","16","782","715","667"
"01.07.2020 16:00 - 01.07.2020 17:00","208","241","265","193","89","23","790","664","541"
"01.07.2020 17:00 - 01.07.2020 18:00","177","167","235","207","123","30","717","570","386"
"01.07.2020 18:00 - 01.07.2020 19:00","128","122","113","212","131","34","706","494","305"
"01.07.2020 19:00 - 01.07.2020 20:00","72","75","71","215","106","23","642","392","216"
"01.07.2020 20:00 - 01.07.2020 21:00","25","27","25","245","88","52","570","322","199"
"01.07.2020 21:00 - 01.07.2020 22:00","5","5","4","271","85","44","519","284","219"
"01.07.2020 22:00 - 01.07.2020 23:00","0","0","0","272","105","89","513","290","242"
"01.07.2020 23:00 - 02.07.2020 00:00","0","0","0","379","148","102","504","325","291"
"02.07.2020 00:00 - 02.07.2020 01:00","0","N/A","0","177","N/A","120","241","N/A","426"
"02.07.2020 01:00 - 02.07.2020 02:00","0","N/A","0","215","N/A","164","367","N/A","497"
"02.07.2020 02:00 - 02.07.2020 03:00","0","N/A","0","257","N/A","259","455","N/A","538"
"02.07.2020 03:00 - 02.07.2020 04:00","0","N/A","0","335","N/A","344","519","N/A","588"
"02.07.2020 04:00 - 02.07.2020 05:00","1","N/A","1","436","N/A","312","579","N/A","648"
"02.07.2020 05:00 - 02.07.2020 06:00","15","N/A","15","427","N/A","270","613","N/A","653"
"02.07.2020 06:00 - 02.07.2020 07:00","56","N/A","57","377","N/A","238","634","N/A","581"
"02.07.2020 07:00 - 02.07.2020 08:00","131","N/A","123","314","N/A","198","692","N/A","677"
"02.07.2020 08:00 - 02.07.2020 09:00","219","267","267","287","235","240","836","998","998"
"02.07.2020 09:00 - 02.07.2020 10:00","307","385","426","308","258","206","913","1076","1112"
"02.07.2020 10:00 - 02.07.2020 11:00","378","479","486","343","279","169","1008","1160","1187"
"02.07.2020 11:00 - 02.07.2020 12:00","433","554","597","317","260","285","1075","1178","1147"
"02.07.2020 12:00 - 02.07.2020 13:00","476","615","611","324","244","248","1085","1156","1131"
"02.07.2020 13:00 - 02.07.2020 14:00","493","631","635","333","274","275","1073","1122","1139"
"02.07.2020 14:00 - 02.07.2020 15:00","484","605","614","344","285","239","1078","1104","1156"
"02.07.2020 15:00 - 02.07.2020 16:00","446","498","533","339","236","230","1136","1100","1144"
"02.07.2020 16:00 - 02.07.2020 17:00","392","396","479","336","271","249","1184","1119","1148"
"02.07.2020 17:00 - 02.07.2020 18:00","303","305","416","354","228","175","1155","1027","1061"
"02.07.2020 18:00 - 02.07.2020 19:00","203","205","289","430","251","260","1153","995","1042"
"02.07.2020 19:00 - 02.07.2020 20:00","104","111","147","477","285","263","1083","894","861"
"02.07.2020 20:00 - 02.07.2020 21:00","38","38","51","509","329","300","948","797","822"
"02.07.2020 21:00 - 02.07.2020 22:00","8","7","10","470","358","339","814","678","651"
"02.07.2020 22:00 - 02.07.2020 23:00","0","0","0","441","365","352","721","603","554"
"02.07.2020 23:00 - 03.07.2020 00:00","0","0","0","419","336","324","673","579","522"
"03.07.2020 00:00 - 03.07.2020 01:00","0","N/A","0","322","N/A","306","555","N/A","528"
"03.07.2020 01:00 - 03.07.2020 02:00","0","N/A","0","342","N/A","347","572","N/A","537"
"03.07.2020 02:00 - 03.07.2020 03:00","0","N/A","0","330","N/A","305","542","N/A","550"
"03.07.2020 03:00 - 03.07.2020 04:00","0","N/A","0","285","N/A","298","486","N/A","470"
"03.07.2020 04:00 - 03.07.2020 05:00","1","N/A","1","242","N/A","240","428","N/A","421"
"03.07.2020 05:00 - 03.07.2020 06:00","18","N/A","19","245","N/A","192","380","N/A","400"
"03.07.2020 06:00 - 03.07.2020 07:00","63","N/A","64","262","N/A","146","348","N/A","361"
"03.07.2020 07:00 - 03.07.2020 08:00","140","N/A","138","252","N/A","226","350","N/A","272"
"03.07.2020 08:00 - 03.07.2020 09:00","230","220","220","236","180","180","422","335","335"
"03.07.2020 09:00 - 03.07.2020 10:00","288","276","289","220","209","169","446","445","386"
"03.07.2020 10:00 - 03.07.2020 11:00","308","260","231","188","207","241","522","556","537"
"03.07.2020 11:00 - 03.07.2020 12:00","344","271","311","198","227","320","614","653","618"
"03.07.2020 12:00 - 03.07.2020 13:00","331","321","348","246","281","280","720","776","732"
"03.07.2020 13:00 - 03.07.2020 14:00","307","316","344","329","387","403","848","903","983"
"03.07.2020 14:00 - 03.07.2020 15:00","246","267","402","461","565","582","962","1039","1147"
"03.07.2020 15:00 - 03.07.2020 16:00","212","208","275","573","618","661","1103","1188","1175"
"03.07.2020 16:00 - 03.07.2020 17:00","155","146","202","673","611","799","1190","1269","837"
"03.07.2020 17:00 - 03.07.2020 18:00","108","112","112","756","709","674","1240","1219","909"
"03.07.2020 18:00 - 03.07.2020 19:00","83","95","82","802","748","610","1267","1266","1108"
"03.07.2020 19:00 - 03.07.2020 20:00","49","62","50","833","777","676","1179","1240","847"
"03.07.2020 20:00 - 03.07.2020 21:00","14","18","14","863","825","887","1097","1206","878"
"03.07.2020 21:00 - 03.07.2020 22:00","2","2","2","886","897","912","1110","1218","730"
"03.07.2020 22:00 - 03.07.2020 23:00","0","0","0","923","984","869","1266","1310","771"
"03.07.2020 23:00 - 04.07.2020 00:00","0","0","0","894","915","772","1525","1485","815"
"04.07.2020 00:00 - 04.07.2020 01:00","0","N/A","0","907","N/A","922","1806","N/A","1135"
"04.07.2020 01:00 - 04.07.2020 02:00","0","N/A","0","935","N/A","910","2012","N/A","806"
"04.07.2020 02:00 - 04.07.2020 03:00","0","N/A","0","940","N/A","1031","2115","N/A","1214"
"04.07.2020 03:00 - 04.07.2020 04:00","0","N/A","0","896","N/A","1032","2218","N/A","1400"
"04.07.2020 04:00 - 04.07.2020 05:00","0","N/A","0","872","N/A","1078","2248","N/A","1313"
"04.07.2020 05:00 - 04.07.2020 06:00","6","N/A","6","871","N/A","959","2193","N/A","1347"
"04.07.2020 06:00 - 04.07.2020 07:00","18","N/A","18","877","N/A","1047","1974","N/A","1190"
"04.07.2020 07:00 - 04.07.2020 08:00","34","N/A","26","837","N/A","1014","1743","N/A","452"
"04.07.2020 08:00 - 04.07.2020 09:00","41","73","73","766","1040","1041","1772","1868","1868"
"04.07.2020 09:00 - 04.07.2020 10:00","91","122","140","798","998","1097","1665","2444","1158"
"04.07.2020 10:00 - 04.07.2020 11:00","124","159","165","760","935","1000","1542","2178","1407"
"04.07.2020 11:00 - 04.07.2020 12:00","146","180","197","686","923","1036","1473","1955","1166"
"04.07.2020 12:00 - 04.07.2020 13:00","172","206","181","591","841","897","1322","1701","1075"
"04.07.2020 13:00 - 04.07.2020 14:00","170","191","132","501","787","777","1203","1433","900"
"04.07.2020 14:00 - 04.07.2020 15:00","113","157","126","473","787","350","1112","1347","896"
"04.07.2020 15:00 - 04.07.2020 16:00","89","103","155","421","725","712","1002","1258","850"
"04.07.2020 16:00 - 04.07.2020 17:00","69","61","150","366","677","779","891","1187","471"
"04.07.2020 17:00 - 04.07.2020 18:00","54","60","129","341","677","621","753","1091","778"
"04.07.2020 18:00 - 04.07.2020 19:00","44","53","99","296","648","647","671","965","654"
"04.07.2020 19:00 - 04.07.2020 20:00","28","34","54","257","562","479","573","747","665"
"04.07.2020 20:00 - 04.07.2020 21:00","8","9","17","269","485","479","521","631","518"
"04.07.2020 21:00 - 04.07.2020 22:00","1","1","3","240","440","510","509","600","502"
"04.07.2020 22:00 - 04.07.2020 23:00","0","0","0","158","424","498","523","608","527"
"04.07.2020 23:00 - 05.07.2020 00:00","0","0","0","194","375","563","544","611","463"
"05.07.2020 00:00 - 05.07.2020 01:00","0","N/A","0","638","N/A","714","451","N/A","512"
"05.07.2020 01:00 - 05.07.2020 02:00","0","N/A","0","700","N/A","616","491","N/A","533"
"05.07.2020 02:00 - 05.07.2020 03:00","0","N/A","0","711","N/A","648","537","N/A","564"
"05.07.2020 03:00 - 05.07.2020 04:00","0","N/A","0","665","N/A","608","604","N/A","663"
"05.07.2020 04:00 - 05.07.2020 05:00","0","N/A","0","687","N/A","332","699","N/A","776"
"05.07.2020 05:00 - 05.07.2020 06:00","6","N/A","6","755","N/A","372","1034","N/A","919"
"05.07.2020 06:00 - 05.07.2020 07:00","16","N/A","16","832","N/A","279","1281","N/A","1148"
"05.07.2020 07:00 - 05.07.2020 08:00","24","N/A","17","771","N/A","294","1463","N/A","1485"
"05.07.2020 08:00 - 05.07.2020 09:00","21","47","47","730","262","250","1851","1933","1933"
"05.07.2020 09:00 - 05.07.2020 10:00","25","68","100","812","438","329","2174","2195","2066"
"05.07.2020 10:00 - 05.07.2020 11:00","26","75","130","870","546","254","2377","2289","2064"
"05.07.2020 11:00 - 05.07.2020 12:00","34","95","194","854","615","317","2538","2298","2155"
"05.07.2020 12:00 - 05.07.2020 13:00","65","157","304","860","686","310","2600","2129","1801"
"05.07.2020 13:00 - 05.07.2020 14:00","104","241","428","868","752","302","2531","1981","1629"
"05.07.2020 14:00 - 05.07.2020 15:00","151","300","427","892","805","204","2537","1857","1575"
"05.07.2020 15:00 - 05.07.2020 16:00","223","307","439","864","809","112","2637","1890","1597"
"05.07.2020 16:00 - 05.07.2020 17:00","258","255","340","884","816","314","2760","1969","1606"
"05.07.2020 17:00 - 05.07.2020 18:00","215","207","310","911","837","294","2815","2151","1563"
"05.07.2020 18:00 - 05.07.2020 19:00","136","154","207","929","877","311","2805","2601","2453"
"05.07.2020 19:00 - 05.07.2020 20:00","71","83","100","916","895","485","2657","2673","1969"
"05.07.2020 20:00 - 05.07.2020 21:00","26","29","34","911","938","1084","2474","2473","1608"
"05.07.2020 21:00 - 05.07.2020 22:00","6","6","7","950","984","1116","2347","2317","1680"
"05.07.2020 22:00 - 05.07.2020 23:00","0","0","0","974","1031","1008","2320","2166","1577"
"05.07.2020 23:00 - 06.07.2020 00:00","0","0","0","945","1008","1087","2303","2084","1698"
"06.07.2020 00:00 - 06.07.2020 01:00","0","N/A","0","830","N/A","1069","2106","N/A","1700"
"06.07.2020 01:00 - 06.07.2020 02:00","0","N/A","0","865","N/A","1085","2145","N/A","1462"
"06.07.2020 02:00 - 06.07.2020 03:00","0","N/A","0","880","N/A","1085","2059","N/A","1476"
"06.07.2020 03:00 - 06.07.2020 04:00","0","N/A","0","840","N/A","684","1989","N/A","1276"
"06.07.2020 04:00 - 06.07.2020 05:00","1","N/A","1","840","N/A","769","1948","N/A","1152"
"06.07.2020 05:00 - 06.07.2020 06:00","15","N/A","15","893","N/A","391","1942","N/A","1113"
"06.07.2020 06:00 - 06.07.2020 07:00","53","N/A","52","890","N/A","995","1864","N/A","1022"
"06.07.2020 07:00 - 06.07.2020 08:00","110","N/A","115","836","N/A","903","1756","N/A","1093"
"06.07.2020 08:00 - 06.07.2020 09:00","181","203","203","809","824","816","1853","1240","1240"
"06.07.2020 09:00 - 06.07.2020 10:00","253","286","358","836","853","942","2037","2359","1419"
"06.07.2020 10:00 - 06.07.2020 11:00","254","319","318","839","825","731","2209","2451","1348"
"06.07.2020 11:00 - 06.07.2020 12:00","297","332","472","837","840","743","2379","2592","1642"
"06.07.2020 12:00 - 06.07.2020 13:00","329","349","506","883","868","734","2464","2686","1637"
"06.07.2020 13:00 - 06.07.2020 14:00","275","334","403","921","917","587","2481","2701","1569"
"06.07.2020 14:00 - 06.07.2020 15:00","254","329","414","916","913","796","2430","2404","1867"
"06.07.2020 15:00 - 06.07.2020 16:00","210","228","375","844","898","344","2500","2428","1879"
"06.07.2020 16:00 - 06.07.2020 17:00","192","208","354","826","889","430","2577","2748","1623"
"06.07.2020 17:00 - 06.07.2020 18:00","195","235","320","894","910","419","2710","2834","1749"
"06.07.2020 18:00 - 06.07.2020 19:00","156","193","243","883","891","882","2699","2856","1798"
"06.07.2020 19:00 - 06.07.2020 20:00","89","109","138","853","847","875","2647","2739","1715"
"06.07.2020 20:00 - 06.07.2020 21:00","31","36","46","858","827","786","2545","2609","1619"
"06.07.2020 21:00 - 06.07.2020 22:00","5","6","8","920","880","825","2496","2550","1625"
"06.07.2020 22:00 - 06.07.2020 23:00","0","0","0","924","958","758","2595","2556","1555"
"06.07.2020 23:00 - 07.07.2020 00:00","0","0","0","896","927","935","2601","2542","1449"
"07.07.2020 00:00 - 07.07.2020 01:00","0","N/A","0","1009","N/A","884","2599","N/A","1685"
"07.07.2020 01:00 - 07.07.2020 02:00","0","N/A","0","1021","N/A","1109","2440","N/A","1771"
"07.07.2020 02:00 - 07.07.2020 03:00","0","N/A","0","1015","N/A","1078","2316","N/A","1826"
"07.07.2020 03:00 - 07.07.2020 04:00","0","N/A","0","949","N/A","1035","2251","N/A","1719"
"07.07.2020 04:00 - 07.07.2020 05:00","1","N/A","1","933","N/A","1085","2179","N/A","1421"
"07.07.2020 05:00 - 07.07.2020 06:00","16","N/A","16","922","N/A","1061","2051","N/A","1412"
"07.07.2020 06:00 - 07.07.2020 07:00","58","N/A","57","888","N/A","1065","1923","N/A","878"
"07.07.2020 07:00 - 07.07.2020 08:00","128","N/A","106","837","N/A","1094","1834","N/A","1173"
"07.07.2020 08:00 - 07.07.2020 09:00","189","175","175","801","1074","1076","1845","1480","1480"
"07.07.2020 09:00 - 07.07.2020 10:00","250","233","276","866","1007","1081","1830","1996","1506"
"07.07.2020 10:00 - 07.07.2020 11:00","328","275","344","844","893","982","1828","1880","1390"
"07.07.2020 11:00 - 07.07.2020 12:00","332","267","415","771","877","1065","1848","1871","1342"
"07.07.2020 12:00 - 07.07.2020 13:00","324","327","506","741","861","992","1833","1885","1509"
"07.07.2020 13:00 - 07.07.2020 14:00","324","370","445","742","906","777","1840","1909","1477"
"07.07.2020 14:00 - 07.07.2020 15:00","327","375","506","758","889","884","1820","1924","1579"
"07.07.2020 15:00 - 07.07.2020 16:00","323","334","442","780","866","978","1918","2045","1701"
"07.07.2020 16:00 - 07.07.2020 17:00","274","272","360","773","886","889","2002","2181","1725"
"07.07.2020 17:00 - 07.07.2020 18:00","220","224","345","848","907","960","2022","2196","1916"
"07.07.2020 18:00 - 07.07.2020 19:00","152","166","250","890","914","855","1931","2137","1819"
"07.07.2020 19:00 - 07.07.2020 20:00","80","94","141","880","852","812","1787","1969","1650"
"07.07.2020 20:00 - 07.07.2020 21:00","29","34","47","846","825","768","1611","1759","1603"
"07.07.2020 21:00 - 07.07.2020 22:00","5","6","8","839","849","812","1424","1562","1543"
"07.07.2020 22:00 - 07.07.2020 23:00","0","0","0","843","917","969","1320","1446","1338"
"07.07.2020 23:00 - 08.07.2020 00:00","0","0","0","816","915","970","1223","1424","1331"
"08.07.2020 00:00 - 08.07.2020 01:00","0","N/A","0","860","N/A","984","1261","N/A","1240"
"08.07.2020 01:00 - 08.07.2020 02:00","0","N/A","0","841","N/A","848","1248","N/A","1163"
"08.07.2020 02:00 - 08.07.2020 03:00","0","N/A","0","836","N/A","933","1237","N/A","1167"
"08.07.2020 03:00 - 08.07.2020 04:00","0","N/A","0","792","N/A","760","1204","N/A","1180"
"08.07.2020 04:00 - 08.07.2020 05:00","1","N/A","1","779","N/A","995","1140","N/A","1151"
"08.07.2020 05:00 - 08.07.2020 06:00","17","N/A","17","772","N/A","885","1034","N/A","1042"
"08.07.2020 06:00 - 08.07.2020 07:00","64","N/A","64","685","N/A","788","955","N/A","1023"
"08.07.2020 07:00 - 08.07.2020 08:00","138","N/A","128","590","N/A","823","956","N/A","1013"
"08.07.2020 08:00 - 08.07.2020 09:00","210","262","262","539","750","761","1080","1227","1227"
"08.07.2020 09:00 - 08.07.2020 10:00","289","351","322","548","714","750","1096","1305","1359"
"08.07.2020 10:00 - 08.07.2020 11:00","320","406","418","530","642","604","1108","1381","1461"
"08.07.2020 11:00 - 08.07.2020 12:00","375","454","418","506","602","545","1149","1424","1380"
"08.07.2020 12:00 - 08.07.2020 13:00","424","521","490","467","566","503","1192","1412","1320"
"08.07.2020 13:00 - 08.07.2020 14:00","444","557","516","450","548","436","1252","1445","1402"
"08.07.2020 14:00 - 08.07.2020 15:00","425","529","413","469","562","468","1272","1448","1348"
"08.07.2020 15:00 - 08.07.2020 16:00","406","436","448","506","565","497","1358","1506","1426"
"08.07.2020 16:00 - 08.07.2020 17:00","371","362","403","526","586","577","1443","1577","1437"
"08.07.2020 17:00 - 08.07.2020 18:00","295","295","345","562","606","488","1468","1577","1488"
"08.07.2020 18:00 - 08.07.2020 19:00","201","210","279","593","604","486","1439","1539","1411"
"08.07.2020 19:00 - 08.07.2020 20:00","101","112","146","602","577","554","1301","1404","1254"
"08.07.2020 20:00 - 08.07.2020 21:00","35","38","49","614","559","545","1105","1192","1166"
"08.07.2020 21:00 - 08.07.2020 22:00","6","6","9","580","566","550","935","979","988"
"08.07.2020 22:00 - 08.07.2020 23:00","0","0","0","501","577","506","846","855","858"
"08.07.2020 23:00 - 09.07.2020 00:00","0","0","0","462","515","489","807","856","773"
"09.07.2020 00:00 - 09.07.2020 01:00","0","N/A","0","491","N/A","399","787","N/A","840"
"09.07.2020 01:00 - 09.07.2020 02:00","0","N/A","0","449","N/A","455","768","N/A","795"
"09.07.2020 02:00 - 09.07.2020 03:00","0","N/A","0","417","N/A","383","745","N/A","665"
"09.07.2020 03:00 - 09.07.2020 04:00","0","N/A","0","370","N/A","358","687","N/A","595"
"09.07.2020 04:00 - 09.07.2020 05:00","1","N/A","1","340","N/A","318","629","N/A","556"
"09.07.2020 05:00 - 09.07.2020 06:00","17","N/A","18","318","N/A","302","552","N/A","463"
"09.07.2020 06:00 - 09.07.2020 07:00","65","N/A","66","274","N/A","278","475","N/A","393"
"09.07.2020 07:00 - 09.07.2020 08:00","144","N/A","144","252","N/A","182","414","N/A","329"
"09.07.2020 08:00 - 09.07.2020 09:00","238","262","262","224","168","173","431","404","404"
"09.07.2020 09:00 - 09.07.2020 10:00","334","376","436","200","150","132","406","366","449"
"09.07.2020 10:00 - 09.07.2020 11:00","400","461","492","151","93","60","384","354","403"
"09.07.2020 11:00 - 09.07.2020 12:00","447","524","513","84","44","44","384","357","344"
"09.07.2020 12:00 - 09.07.2020 13:00","493","559","517","53","22","20","375","353","282"
"09.07.2020 13:00 - 09.07.2020 14:00","483","558","516","33","15","2","371","362","298"
"09.07.2020 14:00 - 09.07.2020 15:00","436","533","468","23","23","20","345","365","321"
"09.07.2020 15:00 - 09.07.2020 16:00","401","433","500","20","35","39","338","376","402"
"09.07.2020 16:00 - 09.07.2020 17:00","358","347","433","30","44","58","335","385","376"
"09.07.2020 17:00 - 09.07.2020 18:00","274","269","356","67","71","43","301","397","344"
"09.07.2020 18:00 - 09.07.2020 19:00","181","184","269","73","98","96","294","390","380"
"09.07.2020 19:00 - 09.07.2020 20:00","90","99","143","105","114","87","266","357","452"
"09.07.2020 20:00 - 09.07.2020 21:00","32","35","49","134","115","80","230","310","375"
"09.07.2020 21:00 - 09.07.2020 22:00","6","6","9","155","132","72","193","264","276"
"09.07.2020 22:00 - 09.07.2020 23:00","0","0","0","195","196","109","179","233","282"
"09.07.2020 23:00 - 10.07.2020 00:00","0","0","0","178","173","110","172","235","320"
"10.07.2020 00:00 - 10.07.2020 01:00","0","N/A","0","152","N/A","115","292","N/A","320"
"10.07.2020 01:00 - 10.07.2020 02:00","0","N/A","0","127","N/A","80","286","N/A","325"
"10.07.2020 02:00 - 10.07.2020 03:00","0","N/A","0","118","N/A","80","275","N/A","282"
"10.07.2020 03:00 - 10.07.2020 04:00","0","N/A","0","102","N/A","76","269","N/A","240"
"10.07.2020 04:00 - 10.07.2020 05:00","1","N/A","1","95","N/A","58","256","N/A","234"
"10.07.2020 05:00 - 10.07.2020 06:00","17","N/A","17","108","N/A","78","234","N/A","215"
"10.07.2020 06:00 - 10.07.2020 07:00","65","N/A","64","117","N/A","54","218","N/A","162"
"10.07.2020 07:00 - 10.07.2020 08:00","146","N/A","126","129","N/A","24","208","N/A","175"
"10.07.2020 08:00 - 10.07.2020 09:00","238","202","202","131","41","42","249","215","215"
"10.07.2020 09:00 - 10.07.2020 10:00","318","279","298","149","85","85","283","252","282"
"10.07.2020 10:00 - 10.07.2020 11:00","392","331","285","160","118","66","316","302","316"
"10.07.2020 11:00 - 10.07.2020 12:00","434","361","358","157","150","84","362","364","435"
"10.07.2020 12:00 - 10.07.2020 13:00","457","366","400","176","165","120","446","405","483"
"10.07.2020 13:00 - 10.07.2020 14:00","450","346","356","221","202","182","569","480","643"
"10.07.2020 14:00 - 10.07.2020 15:00","410","311","380","280","270","264","682","568","776"
"10.07.2020 15:00 - 10.07.2020 16:00","389","293","430","383","395","367","870","725","1062"
"10.07.2020 16:00 - 10.07.2020 17:00","343","254","349","462","519","628","1124","951","1364"
"10.07.2020 17:00 - 10.07.2020 18:00","264","216","315","528","581","753","1327","1196","1655"
"10.07.2020 18:00 - 10.07.2020 19:00","178","160","257","555","666","949","1480","1367","1853"
"10.07.2020 19:00 - 10.07.2020 20:00","90","90","132","674","748","905","1477","1440","1888"
"10.07.2020 20:00 - 10.07.2020 21:00","31","32","46","715","711","905","1376","1470","1838"
"10.07.2020 21:00 - 10.07.2020 22:00","6","5","8","693","769","950","1331","1460","1659"
"10.07.2020 22:00 - 10.07.2020 23:00","0","0","0","801","911","1059","1317","1468","1484"
"10.07.2020 23:00 - 11.07.2020 00:00","0","0","0","816","885","1068","1368","1519","1701"
"11.07.2020 00:00 - 11.07.2020 01:00","0","N/A","0","989","N/A","1103","1919","N/A","1342"
"11.07.2020 01:00 - 11.07.2020 02:00","0","N/A","0","985","N/A","1043","1936","N/A","1461"
"11.07.2020 02:00 - 11.07.2020 03:00","0","N/A","0","1021","N/A","1066","1956","N/A","1125"
"11.07.2020 03:00 - 11.07.2020 04:00","0","N/A","0","972","N/A","980","2021","N/A","1159"
"11.07.2020 04:00 - 11.07.2020 05:00","0","N/A","0","908","N/A","1031","1900","N/A","1200"
"11.07.2020 05:00 - 11.07.2020 06:00","16","N/A","16","875","N/A","929","1741","N/A","1034"
"11.07.2020 06:00 - 11.07.2020 07:00","62","N/A","62","868","N/A","978","1656","N/A","1090"
"11.07.2020 07:00 - 11.07.2020 08:00","136","N/A","122","810","N/A","769","1586","N/A","1081"
"11.07.2020 08:00 - 11.07.2020 09:00","222","241","241","751","846","840","1663","1247","1247"
"11.07.2020 09:00 - 11.07.2020 10:00","316","348","388","778","829","1021","1645","1852","1330"
"11.07.2020 10:00 - 11.07.2020 11:00","385","422","505","764","814","993","1651","1872","1770"
"11.07.2020 11:00 - 11.07.2020 12:00","412","476","510","737","829","959","1670","1890","2096"
"11.07.2020 12:00 - 11.07.2020 13:00","477","537","552","713","777","868","1743","1973","2156"
"11.07.2020 13:00 - 11.07.2020 14:00","491","545","524","693","749","809","1852","2052","1942"
"11.07.2020 14:00 - 11.07.2020 15:00","459","523","503","709","777","812","1876","2078","1982"
"11.07.2020 15:00 - 11.07.2020 16:00","417","468","535","744","806","817","1972","2123","2077"
"11.07.2020 16:00 - 11.07.2020 17:00","374","391","456","733","806","808","2110","2202","2207"
"11.07.2020 17:00 - 11.07.2020 18:00","295","302","384","754","794","770","2150","2208","2374"
"11.07.2020 18:00 - 11.07.2020 19:00","199","207","295","713","696","747","2062","2065","2126"
"11.07.2020 19:00 - 11.07.2020 20:00","100","109","156","745","653","865","1830","1811","1962"
"11.07.2020 20:00 - 11.07.2020 21:00","33","36","52","742","635","731","1571","1586","1764"
"11.07.2020 21:00 - 11.07.2020 22:00","5","5","8","734","641","756","1363","1398","1428"
"11.07.2020 22:00 - 11.07.2020 23:00","0","0","0","789","687","795","1234","1268","1242"
"11.07.2020 23:00 - 12.07.2020 00:00","0","0","0","801","704","763","1179","1202","1214"
"12.07.2020 00:00 - 12.07.2020 01:00","0","N/A","0","791","N/A","847","1254","N/A","1170"
"12.07.2020 01:00 - 12.07.2020 02:00","0","N/A","0","770","N/A","899","1222","N/A","1136"
"12.07.2020 02:00 - 12.07.2020 03:00","0","N/A","0","821","N/A","916","1223","N/A","1210"
"12.07.2020 03:00 - 12.07.2020 04:00","0","N/A","0","772","N/A","841","1236","N/A","1236"
"12.07.2020 04:00 - 12.07.2020 05:00","0","N/A","0","770","N/A","1071","1185","N/A","1191"
"12.07.2020 05:00 - 12.07.2020 06:00","13","N/A","13","743","N/A","867","1133","N/A","1178"
"12.07.2020 06:00 - 12.07.2020 07:00","49","N/A","49","714","N/A","943","1123","N/A","1059"
"12.07.2020 07:00 - 12.07.2020 08:00","104","N/A","94","663","N/A","905","1134","N/A","1164"
"12.07.2020 08:00 - 12.07.2020 09:00","171","208","208","605","867","874","1289","1504","1504"
"12.07.2020 09:00 - 12.07.2020 10:00","242","305","364","629","844","895","1347","1599","1649"
"12.07.2020 10:00 - 12.07.2020 11:00","279","341","359","608","783","760","1398","1676","1851"
"12.07.2020 11:00 - 12.07.2020 12:00","292","381","376","624","773","611","1484","1721","1846"
"12.07.2020 12:00 - 12.07.2020 13:00","321","386","229","615","701","696","1483","1736","1888"
"12.07.2020 13:00 - 12.07.2020 14:00","330","388","347","591","641","842","1482","1758","1845"
"12.07.2020 14:00 - 12.07.2020 15:00","330","396","397","580","700","885","1433","1704","1876"
"12.07.2020 15:00 - 12.07.2020 16:00","321","327","355","675","776","827","1467","1727","1966"
"12.07.2020 16:00 - 12.07.2020 17:00","284","273","257","713","785","859","1582","1763","1989"
"12.07.2020 17:00 - 12.07.2020 18:00","210","220","233","683","784","740","1595","1726","1807"
"12.07.2020 18:00 - 12.07.2020 19:00","139","153","195","619","640","601","1511","1606","1665"
"12.07.2020 19:00 - 12.07.2020 20:00","73","85","120","583","512","550","1338","1392","1453"
"12.07.2020 20:00 - 12.07.2020 21:00","27","30","43","519","490","496","1141","1189","1283"
"12.07.2020 21:00 - 12.07.2020 22:00","5","5","8","477","495","556","993","1014","1083"
"12.07.2020 22:00 - 12.07.2020 23:00","0","0","0","474","506","516","941","912","1049"
"12.07.2020 23:00 - 13.07.2020 00:00","0","0","0","494","490","524","916","874","1103"
"13.07.2020 00:00 - 13.07.2020 01:00","0","N/A","0","545","N/A","632","963","N/A","1051"
"13.07.2020 01:00 - 13.07.2020 02:00","0","N/A","0","523","N/A","619","931","N/A","997"
"13.07.2020 02:00 - 13.07.2020 03:00","0","N/A","0","506","N/A","632","872","N/A","916"
"13.07.2020 03:00 - 13.07.2020 04:00","0","N/A","0","476","N/A","580","798","N/A","875"
"13.07.2020 04:00 - 13.07.2020 05:00","0","N/A","0","453","N/A","514","702","N/A","752"
"13.07.2020 05:00 - 13.07.2020 06:00","16","N/A","16","392","N/A","431","600","N/A","582"
"13.07.2020 06:00 - 13.07.2020 07:00","60","N/A","60","335","N/A","447","547","N/A","538"
"13.07.2020 07:00 - 13.07.2020 08:00","117","N/A","86","282","N/A","353","559","N/A","441"
"13.07.2020 08:00 - 13.07.2020 09:00","186","173","173","245","239","226","590","457","457"
"13.07.2020 09:00 - 13.07.2020 10:00","291","281","269","225","220","214","548","495","411"
"13.07.2020 10:00 - 13.07.2020 11:00","368","354","302","186","178","134","528","560","455"
"13.07.2020 11:00 - 13.07.2020 12:00","411","394","428","155","152","122","570","619","491"
"13.07.2020 12:00 - 13.07.2020 13:00","442","427","490","126","130","109","554","628","572"
"13.07.2020 13:00 - 13.07.2020 14:00","446","427","543","110","113","144","564","654","638"
"13.07.2020 14:00 - 13.07.2020 15:00","418","404","505","109","151","143","550","636","689"
"13.07.2020 15:00 - 13.07.2020 16:00","401","415","502","133","199","179","542","631","723"
"13.07.2020 16:00 - 13.07.2020 17:00","359","381","433","172","197","128","533","629","715"
"13.07.2020 17:00 - 13.07.2020 18:00","279","293","367","172","208","177","480","589","644"
"13.07.2020 18:00 - 13.07.2020 19:00","176","192","254","190","237","232","424","514","554"
"13.07.2020 19:00 - 13.07.2020 20:00","86","96","138","221","267","276","365","433","463"
"13.07.2020 20:00 - 13.07.2020 21:00","28","29","45","227","285","309","330","389","417"
"13.07.2020 21:00 - 13.07.2020 22:00","4","4","6","242","295","390","316","384","421"
"13.07.2020 22:00 - 13.07.2020 23:00","0","0","0","270","376","488","347","419","454"
"13.07.2020 23:00 - 14.07.2020 00:00","0","0","0","294","398","579","385","470","530"
"14.07.2020 00:00 - 14.07.2020 01:00","0","N/A","0","407","N/A","466","567","N/A","631"
"14.07.2020 01:00 - 14.07.2020 02:00","0","N/A","0","455","N/A","501","607","N/A","673"
"14.07.2020 02:00 - 14.07.2020 03:00","0","N/A","0","542","N/A","568","650","N/A","839"
"14.07.2020 03:00 - 14.07.2020 04:00","0","N/A","0","603","N/A","680","704","N/A","843"
"14.07.2020 04:00 - 14.07.2020 05:00","0","N/A","0","661","N/A","736","744","N/A","958"
"14.07.2020 05:00 - 14.07.2020 06:00","5","N/A","6","646","N/A","670","753","N/A","946"
"14.07.2020 06:00 - 14.07.2020 07:00","18","N/A","18","591","N/A","612","753","N/A","813"
"14.07.2020 07:00 - 14.07.2020 08:00","28","N/A","14","574","N/A","627","729","N/A","699"
"14.07.2020 08:00 - 14.07.2020 09:00","35","48","48","527","627","633","701","595","595"
"14.07.2020 09:00 - 14.07.2020 10:00","69","99","124","487","582","721","651","583","634"
"14.07.2020 10:00 - 14.07.2020 11:00","96","141","129","383","529","603","597","577","614"
"14.07.2020 11:00 - 14.07.2020 12:00","126","188","160","356","440","426","560","539","621"
"14.07.2020 12:00 - 14.07.2020 13:00","161","241","207","299","408","465","473","506","618"
"14.07.2020 13:00 - 14.07.2020 14:00","167","240","231","235","388","407","412","472","532"
"14.07.2020 14:00 - 14.07.2020 15:00","137","234","224","234","411","458","354","428","450"
"14.07.2020 15:00 - 14.07.2020 16:00","126","190","237","183","400","363","306","410","499"
"14.07.2020 16:00 - 14.07.2020 17:00","113","173","218","142","402","323","276","394","477"
"14.07.2020 17:00 - 14.07.2020 18:00","101","157","179","155","353","188","242","353","385"
"14.07.2020 18:00 - 14.07.2020 19:00","74","118","139","194","283","196","206","305","293"
"14.07.2020 19:00 - 14.07.2020 20:00","41","65","71","238","239","109","184","267","238"
"14.07.2020 20:00 - 14.07.2020 21:00","13","20","23","224","213","174","164","228","159"
"14.07.2020 21:00 - 14.07.2020 22:00","2","2","4","195","193","235","148","185","120"
"14.07.2020 22:00 - 14.07.2020 23:00","0","0","0","186","195","175","142","160","126"
"14.07.2020 23:00 - 15.07.2020 00:00","0","0","0","204","228","192","152","158","171"
"15.07.2020 00:00 - 15.07.2020 01:00","0","N/A","0","170","N/A","99","157","N/A","171"
"15.07.2020 01:00 - 15.07.2020 02:00","0","N/A","0","160","N/A","164","149","N/A","173"
"15.07.2020 02:00 - 15.07.2020 03:00","0","N/A","0","128","N/A","215","139","N/A","114"
"15.07.2020 03:00 - 15.07.2020 04:00","0","N/A","0","112","N/A","181","136","N/A","88"
"15.07.2020 04:00 - 15.07.2020 05:00","0","N/A","0","112","N/A","147","136","N/A","100"
"15.07.2020 05:00 - 15.07.2020 06:00","14","N/A","14","99","N/A","107","136","N/A","120"
"15.07.2020 06:00 - 15.07.2020 07:00","48","N/A","48","103","N/A","133","136","N/A","124"
"15.07.2020 07:00 - 15.07.2020 08:00","91","N/A","97","107","N/A","108","138","N/A","92"
"15.07.2020 08:00 - 15.07.2020 09:00","135","161","161","101","115","115","156","90","90"
"15.07.2020 09:00 - 15.07.2020 10:00","216","236","289","98","106","95","165","121","119"
"15.07.2020 10:00 - 15.07.2020 11:00","285","311","422","82","95","50","181","154","133"
"15.07.2020 11:00 - 15.07.2020 12:00","326","370","462","84","89","73","207","192","168"
"15.07.2020 12:00 - 15.07.2020 13:00","376","386","416","94","77","53","228","213","241"
"15.07.2020 13:00 - 15.07.2020 14:00","383","410","449","91","73","66","275","257","346"
"15.07.2020 14:00 - 15.07.2020 15:00","371","402","423","82","83","69","306","303","335"
"15.07.2020 15:00 - 15.07.2020 16:00","324","352","330","68","93","97","357","377","402"
"15.07.2020 16:00 - 15.07.2020 17:00","283","283","289","69","97","79","429","450","442"
"15.07.2020 17:00 - 15.07.2020 18:00","215","221","210","86","108","138","446","461","436"
"15.07.2020 18:00 - 15.07.2020 19:00","144","152","173","99","124","118","438","422","422"
"15.07.2020 19:00 - 15.07.2020 20:00","77","83","90","125","148","180","389","366","358"
"15.07.2020 20:00 - 15.07.2020 21:00","26","29","31","150","102","119","326","308","261"
"15.07.2020 21:00 - 15.07.2020 22:00","4","4","5","121","61","103","267","233","168"
"15.07.2020 22:00 - 15.07.2020 23:00","0","0","0","144","64","74","227","179","145"
"15.07.2020 23:00 - 16.07.2020 00:00","0","0","0","160","70","48","214","161","132"
"16.07.2020 00:00 - 16.07.2020 01:00","N/A","N/A","0","75","N/A","80","193","N/A","126"
"16.07.2020 01:00 - 16.07.2020 02:00","N/A","N/A","0","72","N/A","72","207","N/A","166"
"16.07.2020 02:00 - 16.07.2020 03:00","N/A","N/A","0","86","N/A","51","220","N/A","205"
"16.07.2020 03:00 - 16.07.2020 04:00","N/A","N/A","0","96","N/A","62","223","N/A","179"
"16.07.2020 04:00 - 16.07.2020 05:00","N/A","N/A","0","88","N/A","50","211","N/A","167"
"16.07.2020 05:00 - 16.07.2020 06:00","N/A","N/A","15","73","N/A","69","177","N/A","117"
"16.07.2020 06:00 - 16.07.2020 07:00","N/A","N/A","62","74","N/A","50","140","N/A","84"
"16.07.2020 07:00 - 16.07.2020 08:00","N/A","N/A","111","89","N/A","26","124","N/A","78"
"16.07.2020 08:00 - 16.07.2020 09:00","N/A","N/A","172","81","38","39","139","67","67"
"16.07.2020 09:00 - 16.07.2020 10:00","N/A","N/A","291","62","30","31","156","115","78"
"16.07.2020 10:00 - 16.07.2020 11:00","N/A","N/A","359","60","23","20","177","151","109"
"16.07.2020 11:00 - 16.07.2020 12:00","N/A","N/A","468","43","12","16","197","189","132"
"16.07.2020 12:00 - 16.07.2020 13:00","N/A","N/A","445","37","3","9","190","207","153"
"16.07.2020 13:00 - 16.07.2020 14:00","N/A","N/A","468","24","1","5","209","222","176"
"16.07.2020 14:00 - 16.07.2020 15:00","N/A","N/A","371","16","3","1","207","243","209"
"16.07.2020 15:00 - 16.07.2020 16:00","N/A","N/A","363","15","5","2","235","265","221"
"16.07.2020 16:00 - 16.07.2020 17:00","N/A","N/A","356","12","1","1","262","279","235"
"16.07.2020 17:00 - 16.07.2020 18:00","N/A","N/A","289","15","1","1","261","282","208"
"16.07.2020 18:00 - 16.07.2020 19:00","N/A","N/A","227","17","5","0","235","250","174"
"16.07.2020 19:00 - 16.07.2020 20:00","N/A","N/A","131","18","14","0","210","218","194"
"16.07.2020 20:00 - 16.07.2020 21:00","N/A","N/A","44","25","21","0","168","180","95"
"16.07.2020 21:00 - 16.07.2020 22:00","N/A","N/A","7","43","30","0","131","136","43"
"16.07.2020 22:00 - 16.07.2020 23:00","N/A","N/A","0","49","41","2","113","108","51"
"16.07.2020 23:00 - 17.07.2020 00:00","N/A","N/A","0","65","67","15","115","104","63"
"17.07.2020 00:00 - 17.07.2020 01:00","0","N/A","0","36","N/A","23","110","N/A","56"
"17.07.2020 01:00 - 17.07.2020 02:00","0","N/A","0","37","N/A","12","110","N/A","42"
"17.07.2020 02:00 - 17.07.2020 03:00","0","N/A","0","39","N/A","28","107","N/A","52"
"17.07.2020 03:00 - 17.07.2020 04:00","0","N/A","0","55","N/A","24","102","N/A","69"
"17.07.2020 04:00 - 17.07.2020 05:00","0","N/A","0","54","N/A","40","97","N/A","75"
"17.07.2020 05:00 - 17.07.2020 06:00","14","N/A","14","49","N/A","58","99","N/A","83"
"17.07.2020 06:00 - 17.07.2020 07:00","62","N/A","61","41","N/A","62","103","N/A","102"
"17.07.2020 07:00 - 17.07.2020 08:00","136","N/A","120","41","N/A","39","109","N/A","119"
"17.07.2020 08:00 - 17.07.2020 09:00","215","196","196","44","41","44","134","90","90"
"17.07.2020 09:00 - 17.07.2020 10:00","299","284","399","43","45","44","175","143","126"
"17.07.2020 10:00 - 17.07.2020 11:00","371","378","481","40","48","34","228","214","247"
"17.07.2020 11:00 - 17.07.2020 12:00","414","448","575","32","42","28","282","290","281"
"17.07.2020 12:00 - 17.07.2020 13:00","453","493","559","38","42","47","287","333","326"
"17.07.2020 13:00 - 17.07.2020 14:00","466","506","475","41","57","42","290","370","370"
"17.07.2020 14:00 - 17.07.2020 15:00","447","475","464","38","82","62","309","398","378"
"17.07.2020 15:00 - 17.07.2020 16:00","402","411","456","51","116","80","323","417","376"
"17.07.2020 16:00 - 17.07.2020 17:00","337","349","425","64","107","106","330","423","387"
"17.07.2020 17:00 - 17.07.2020 18:00","241","251","341","64","93","120","316","397","328"
"17.07.2020 18:00 - 17.07.2020 19:00","148","153","241","72","96","113","268","338","301"
"17.07.2020 19:00 - 17.07.2020 20:00","75","79","122","86","98","122","215","284","279"
"17.07.2020 20:00 - 17.07.2020 21:00","24","25","40","69","92","102","160","241","239"
"17.07.2020 21:00 - 17.07.2020 22:00","4","4","6","62","99","102","125","209","161"
"17.07.2020 22:00 - 17.07.2020 23:00","0","0","0","59","112","100","115","208","154"
"17.07.2020 23:00 - 18.07.2020 00:00","0","0","0","57","139","96","127","237","189"
"18.07.2020 00:00 - 18.07.2020 01:00","0","N/A","0","179","N/A","113","290","N/A","232"
"18.07.2020 01:00 - 18.07.2020 02:00","0","N/A","0","191","N/A","122","317","N/A","231"
"18.07.2020 02:00 - 18.07.2020 03:00","0","N/A","0","203","N/A","120","354","N/A","269"
"18.07.2020 03:00 - 18.07.2020 04:00","0","N/A","0","223","N/A","159","397","N/A","338"
"18.07.2020 04:00 - 18.07.2020 05:00","0","N/A","0","197","N/A","167","433","N/A","373"
"18.07.2020 05:00 - 18.07.2020 06:00","12","N/A","13","202","N/A","159","442","N/A","391"
"18.07.2020 06:00 - 18.07.2020 07:00","49","N/A","50","238","N/A","208","452","N/A","375"
"18.07.2020 07:00 - 18.07.2020 08:00","117","N/A","74","277","N/A","203","457","N/A","311"
"18.07.2020 08:00 - 18.07.2020 09:00","205","159","159","288","234","234","480","315","315"
"18.07.2020 09:00 - 18.07.2020 10:00","270","256","288","320","295","304","479","404","411"
"18.07.2020 10:00 - 18.07.2020 11:00","322","348","371","365","326","325","498","490","562"
"18.07.2020 11:00 - 18.07.2020 12:00","342","418","464","419","364","324","519","542","591"
"18.07.2020 12:00 - 18.07.2020 13:00","341","437","485","484","440","393","532","580","685"
"18.07.2020 13:00 - 18.07.2020 14:00","342","420","491","496","475","353","568","623","727"
"18.07.2020 14:00 - 18.07.2020 15:00","328","393","376","565","527","408","547","625","711"
"18.07.2020 15:00 - 18.07.2020 16:00","278","349","272","571","612","434","546","651","818"
"18.07.2020 16:00 - 18.07.2020 17:00","229","295","252","525","588","475","548","677","847"
"18.07.2020 17:00 - 18.07.2020 18:00","183","219","225","468","565","526","540","629","793"
"18.07.2020 18:00 - 18.07.2020 19:00","123","142","175","371","483","513","487","548","724"
"18.07.2020 19:00 - 18.07.2020 20:00","60","74","86","401","431","476","381","453","572"
"18.07.2020 20:00 - 18.07.2020 21:00","18","22","27","430","458","419","322","400","469"
"18.07.2020 21:00 - 18.07.2020 22:00","2","2","4","420","456","297","328","382","448"
"18.07.2020 22:00 - 18.07.2020 23:00","0","0","0","337","378","259","364","396","471"
"18.07.2020 23:00 - 19.07.2020 00:00","0","0","0","283","345","224","396","412","452"
"19.07.2020 00:00 - 19.07.2020 01:00","0","N/A","0","274","N/A","230","491","N/A","384"
"19.07.2020 01:00 - 19.07.2020 02:00","0","N/A","0","202","N/A","222","464","N/A","309"
"19.07.2020 02:00 - 19.07.2020 03:00","0","N/A","0","222","N/A","212","431","N/A","299"
"19.07.2020 03:00 - 19.07.2020 04:00","0","N/A","0","235","N/A","240","381","N/A","246"
"19.07.2020 04:00 - 19.07.2020 05:00","0","N/A","0","216","N/A","219","300","N/A","184"
"19.07.2020 05:00 - 19.07.2020 06:00","7","N/A","6","148","N/A","92","198","N/A","102"
"19.07.2020 06:00 - 19.07.2020 07:00","24","N/A","24","127","N/A","81","138","N/A","67"
"19.07.2020 07:00 - 19.07.2020 08:00","42","N/A","22","102","N/A","13","108","N/A","35"
"19.07.2020 08:00 - 19.07.2020 09:00","65","46","46","69","27","28","96","41","41"
"19.07.2020 09:00 - 19.07.2020 10:00","114","88","122","63","29","21","98","54","53"
"19.07.2020 10:00 - 19.07.2020 11:00","168","137","180","78","43","47","118","77","54"
"19.07.2020 11:00 - 19.07.2020 12:00","204","191","163","106","55","61","159","100","72"
"19.07.2020 12:00 - 19.07.2020 13:00","232","213","164","127","91","65","160","135","132"
"19.07.2020 13:00 - 19.07.2020 14:00","206","192","171","94","76","37","143","170","210"
"19.07.2020 14:00 - 19.07.2020 15:00","166","186","171","77","66","39","186","188","253"
"19.07.2020 15:00 - 19.07.2020 16:00","147","183","175","93","69","123","239","213","355"
"19.07.2020 16:00 - 19.07.2020 17:00","122","170","202","102","79","80","291","261","307"
"19.07.2020 17:00 - 19.07.2020 18:00","110","144","194","199","95","97","297","284","221"
"19.07.2020 18:00 - 19.07.2020 19:00","77","103","143","284","183","205","276","264","193"
"19.07.2020 19:00 - 19.07.2020 20:00","40","55","72","314","265","434","263","271","321"
"19.07.2020 20:00 - 19.07.2020 21:00","12","16","23","278","267","338","240","290","375"
"19.07.2020 21:00 - 19.07.2020 22:00","2","2","4","229","270","254","230","300","364"
"19.07.2020 22:00 - 19.07.2020 23:00","0","0","0","248","311","221","233","310","344"
"19.07.2020 23:00 - 20.07.2020 00:00","0","0","0","242","324","379","241","335","336"
"20.07.2020 00:00 - 20.07.2020 01:00","0","N/A","0","360","N/A","311","415","N/A","253"
"20.07.2020 01:00 - 20.07.2020 02:00","0","N/A","0","332","N/A","343","403","N/A","261"
"20.07.2020 02:00 - 20.07.2020 03:00","0","N/A","0","324","N/A","381","420","N/A","277"
"20.07.2020 03:00 - 20.07.2020 04:00","0","N/A","0","403","N/A","567","469","N/A","326"
"20.07.2020 04:00 - 20.07.2020 05:00","0","N/A","0","375","N/A","607","552","N/A","411"
"20.07.2020 05:00 - 20.07.2020 06:00","11","N/A","11","377","N/A","471","609","N/A","455"
"20.07.2020 06:00 - 20.07.2020 07:00","54","N/A","52","386","N/A","528","633","N/A","512"
"20.07.2020 07:00 - 20.07.2020 08:00","114","N/A","59","390","N/A","456","653","N/A","621"
"20.07.2020 08:00 - 20.07.2020 09:00","178","210","210","411","525","544","773","719","719"
"20.07.2020 09:00 - 20.07.2020 10:00","286","346","413","407","532","550","906","909","1008"
"20.07.2020 10:00 - 20.07.2020 11:00","382","451","470","445","549","629","1050","1042","1062"
"20.07.2020 11:00 - 20.07.2020 12:00","448","526","473","488","522","630","1176","1149","1176"
"20.07.2020 12:00 - 20.07.2020 13:00","492","567","537","486","506","553","1275","1294","1415"
"20.07.2020 13:00 - 20.07.2020 14:00","492","556","523","433","486","408","1390","1440","1508"
"20.07.2020 14:00 - 20.07.2020 15:00","455","505","515","439","537","514","1437","1495","1555"
"20.07.2020 15:00 - 20.07.2020 16:00","423","448","529","496","601","500","1555","1633","1701"
"20.07.2020 16:00 - 20.07.2020 17:00","358","370","458","523","627","453","1652","1731","1863"
"20.07.2020 17:00 - 20.07.2020 18:00","274","281","400","585","630","672","1675","1767","1950"
"20.07.2020 18:00 - 20.07.2020 19:00","177","185","315","610","594","623","1659","1718","1942"
"20.07.2020 19:00 - 20.07.2020 20:00","82","89","144","683","601","665","1518","1509","1772"
"20.07.2020 20:00 - 20.07.2020 21:00","23","25","45","698","614","607","1348","1292","1630"
"20.07.2020 21:00 - 20.07.2020 22:00","3","3","6","702","603","634","1204","1086","1315"
"20.07.2020 22:00 - 20.07.2020 23:00","0","0","0","756","621","744","1139","1003","1043"
"20.07.2020 23:00 - 21.07.2020 00:00","0","0","0","763","655","724","1169","1002","1216"
"21.07.2020 00:00 - 21.07.2020 01:00","0","N/A","0","716","N/A","662","1201","N/A","1174"
"21.07.2020 01:00 - 21.07.2020 02:00","0","N/A","0","679","N/A","614","1171","N/A","1193"
"21.07.2020 02:00 - 21.07.2020 03:00","0","N/A","0","666","N/A","696","1184","N/A","1204"
"21.07.2020 03:00 - 21.07.2020 04:00","0","N/A","0","702","N/A","682","1135","N/A","1123"
"21.07.2020 04:00 - 21.07.2020 05:00","0","N/A","0","709","N/A","668","1070","N/A","1099"
"21.07.2020 05:00 - 21.07.2020 06:00","13","N/A","13","680","N/A","627","1017","N/A","1057"
"21.07.2020 06:00 - 21.07.2020 07:00","57","N/A","59","677","N/A","659","1027","N/A","1091"
"21.07.2020 07:00 - 21.07.2020 08:00","124","N/A","114","657","N/A","609","1069","N/A","1040"
"21.07.2020 08:00 - 21.07.2020 09:00","216","223","223","600","645","645","1211","1262","1262"
"21.07.2020 09:00 - 21.07.2020 10:00","316","326","326","544","596","557","1295","1439","1486"
"21.07.2020 10:00 - 21.07.2020 11:00","405","414","530","547","575","571","1349","1486","1570"
"21.07.2020 11:00 - 21.07.2020 12:00","463","475","556","551","562","523","1398","1514","1669"
"21.07.2020 12:00 - 21.07.2020 13:00","504","519","609","599","545","572","1508","1630","1813"
"21.07.2020 13:00 - 21.07.2020 14:00","509","528","599","549","512","547","1639","1716","1883"
"21.07.2020 14:00 - 21.07.2020 15:00","471","517","577","526","571","584","1661","1719","1445"
"21.07.2020 15:00 - 21.07.2020 16:00","436","479","581","550","618","570","1738","1806","1276"
"21.07.2020 16:00 - 21.07.2020 17:00","377","410","520","474","537","460","1758","1810","1345"
"21.07.2020 17:00 - 21.07.2020 18:00","282","310","406","497","532","560","1720","1780","1944"
"21.07.2020 18:00 - 21.07.2020 19:00","179","200","287","504","504","508","1672","1700","1921"
"21.07.2020 19:00 - 21.07.2020 20:00","83","96","149","530","493","535","1532","1492","1787"
"21.07.2020 20:00 - 21.07.2020 21:00","23","26","46","576","496","523","1366","1272","1527"
"21.07.2020 21:00 - 21.07.2020 22:00","3","3","7","591","490","482","1219","1084","1233"
"21.07.2020 22:00 - 21.07.2020 23:00","0","0","0","599","503","523","1125","1020","1164"
"21.07.2020 23:00 - 22.07.2020 00:00","0","0","0","624","513","523","1104","1030","1176"
"22.07.2020 00:00 - 22.07.2020 01:00","0","N/A","0","577","N/A","517","1241","N/A","1054"
"22.07.2020 01:00 - 22.07.2020 02:00","0","N/A","0","555","N/A","459","1164","N/A","1084"
"22.07.2020 02:00 - 22.07.2020 03:00","0","N/A","0","513","N/A","506","1116","N/A","1028"
"22.07.2020 03:00 - 22.07.2020 04:00","0","N/A","0","571","N/A","459","1039","N/A","918"
"22.07.2020 04:00 - 22.07.2020 05:00","0","N/A","0","531","N/A","477","953","N/A","950"
"22.07.2020 05:00 - 22.07.2020 06:00","12","N/A","12","491","N/A","421","860","N/A","876"
"22.07.2020 06:00 - 22.07.2020 07:00","61","N/A","62","501","N/A","489","829","N/A","797"
"22.07.2020 07:00 - 22.07.2020 08:00","146","N/A","114","495","N/A","456","848","N/A","781"
"22.07.2020 08:00 - 22.07.2020 09:00","244","231","231","468","442","452","990","980","980"
"22.07.2020 09:00 - 22.07.2020 10:00","338","326","389","439","462","501","1062","1096","1280"
"22.07.2020 10:00 - 22.07.2020 11:00","411","401","452","449","468","511","1096","1132","1315"
"22.07.2020 11:00 - 22.07.2020 12:00","462","451","534","428","462","468","1118","1166","1357"
"22.07.2020 12:00 - 22.07.2020 13:00","504","493","621","385","420","472","1131","1237","1374"
"22.07.2020 13:00 - 22.07.2020 14:00","491","488","485","316","345","367","1185","1305","1458"
"22.07.2020 14:00 - 22.07.2020 15:00","437","460","489","355","369","364","1190","1278","1400"
"22.07.2020 15:00 - 22.07.2020 16:00","405","426","489","390","391","348","1261","1293","1516"
"22.07.2020 16:00 - 22.07.2020 17:00","344","366","425","398","412","281","1315","1285","1487"
"22.07.2020 17:00 - 22.07.2020 18:00","264","282","325","398","384","316","1327","1271","1399"
"22.07.2020 18:00 - 22.07.2020 19:00","172","187","247","395","326","345","1330","1233","1351"
"22.07.2020 19:00 - 22.07.2020 20:00","80","91","110","451","335","401","1250","1113","1150"
"22.07.2020 20:00 - 22.07.2020 21:00","22","25","33","478","386","414","1102","959","956"
"22.07.2020 21:00 - 22.07.2020 22:00","3","3","4","442","384","367","935","799","791"
"22.07.2020 22:00 - 22.07.2020 23:00","0","0","0","443","393","472","815","705","647"
"22.07.2020 23:00 - 23.07.2020 00:00","0","0","0","426","381","440","755","649","667"
"23.07.2020 00:00 - 23.07.2020 01:00","0","N/A","0","389","N/A","436","636","N/A","602"
"23.07.2020 01:00 - 23.07.2020 02:00","0","N/A","0","374","N/A","382","573","N/A","529"
"23.07.2020 02:00 - 23.07.2020 03:00","0","N/A","0","344","N/A","388","540","N/A","470"
"23.07.2020 03:00 - 23.07.2020 04:00","0","N/A","0","375","N/A","331","503","N/A","443"
"23.07.2020 04:00 - 23.07.2020 05:00","0","N/A","0","399","N/A","377","452","N/A","345"
"23.07.2020 05:00 - 23.07.2020 06:00","11","N/A","11","401","N/A","372","397","N/A","295"
"23.07.2020 06:00 - 23.07.2020 07:00","55","N/A","55","415","N/A","430","345","N/A","284"
"23.07.2020 07:00 - 23.07.2020 08:00","124","N/A","101","419","N/A","407","308","N/A","284"
"23.07.2020 08:00 - 23.07.2020 09:00","207","189","189","434","390","378","333","317","317"
"23.07.2020 09:00 - 23.07.2020 10:00","272","247","278","424","441","426","368","410","375"
"23.07.2020 10:00 - 23.07.2020 11:00","311","273","369","476","452","491","405","499","491"
"23.07.2020 11:00 - 23.07.2020 12:00","298","268","360","506","452","514","457","548","545"
"23.07.2020 12:00 - 23.07.2020 13:00","273","265","399","527","457","463","514","576","598"
"23.07.2020 13:00 - 23.07.2020 14:00","252","254","335","520","481","390","548","606","587"
"23.07.2020 14:00 - 23.07.2020 15:00","233","263","272","568","569","581","538","626","562"
"23.07.2020 15:00 - 23.07.2020 16:00","192","210","192","594","611","605","528","663","589"
"23.07.2020 16:00 - 23.07.2020 17:00","132","138","133","565","549","724","485","654","649"
"23.07.2020 17:00 - 23.07.2020 18:00","90","103","116","414","471","533","432","603","644"
"23.07.2020 18:00 - 23.07.2020 19:00","61","74","60","315","421","482","380","540","598"
"23.07.2020 19:00 - 23.07.2020 20:00","32","41","29","327","434","403","330","475","458"
"23.07.2020 20:00 - 23.07.2020 21:00","8","10","7","348","468","423","291","455","537"
"23.07.2020 21:00 - 23.07.2020 22:00","1","1","1","447","541","549","273","457","536"
"23.07.2020 22:00 - 23.07.2020 23:00","0","0","0","540","625","736","281","496","627"
"23.07.2020 23:00 - 24.07.2020 00:00","0","0","0","457","659","604","305","553","654"
"24.07.2020 00:00 - 24.07.2020 01:00","0","N/A","0","867","N/A","703","796","N/A","699"
"24.07.2020 01:00 - 24.07.2020 02:00","0","N/A","0","939","N/A","742","872","N/A","732"
"24.07.2020 02:00 - 24.07.2020 03:00","0","N/A","0","961","N/A","615","960","N/A","754"
"24.07.2020 03:00 - 24.07.2020 04:00","0","N/A","0","939","N/A","1067","1007","N/A","779"
"24.07.2020 04:00 - 24.07.2020 05:00","0","N/A","0","946","N/A","944","1012","N/A","866"
"24.07.2020 05:00 - 24.07.2020 06:00","3","N/A","3","895","N/A","866","971","N/A","852"
"24.07.2020 06:00 - 24.07.2020 07:00","15","N/A","15","855","N/A","759","896","N/A","757"
"24.07.2020 07:00 - 24.07.2020 08:00","30","N/A","37","798","N/A","694","794","N/A","654"
"24.07.2020 08:00 - 24.07.2020 09:00","57","94","94","728","673","662","773","740","740"
"24.07.2020 09:00 - 24.07.2020 10:00","100","164","214","682","602","783","787","834","939"
"24.07.2020 10:00 - 24.07.2020 11:00","145","246","235","608","534","757","816","892","1134"
"24.07.2020 11:00 - 24.07.2020 12:00","214","314","419","560","515","701","864","944","1320"
"24.07.2020 12:00 - 24.07.2020 13:00","251","373","438","508","507","594","898","1009","1569"
"24.07.2020 13:00 - 24.07.2020 14:00","303","394","419","436","487","743","936","1084","1677"
"24.07.2020 14:00 - 24.07.2020 15:00","342","363","409","345","530","856","866","1051","1692"
"24.07.2020 15:00 - 24.07.2020 16:00","336","348","379","300","593","742","834","1043","1879"
"24.07.2020 16:00 - 24.07.2020 17:00","314","309","383","237","593","662","798","967","1542"
"24.07.2020 17:00 - 24.07.2020 18:00","240","250","305","275","561","464","744","844","1461"
"24.07.2020 18:00 - 24.07.2020 19:00","156","169","220","234","477","254","648","730","1138"
"24.07.2020 19:00 - 24.07.2020 20:00","74","82","123","176","373","403","524","592","757"
"24.07.2020 20:00 - 24.07.2020 21:00","20","22","38","165","297","353","408","465","640"
"24.07.2020 21:00 - 24.07.2020 22:00","2","2","5","153","264","366","391","401","515"
"24.07.2020 22:00 - 24.07.2020 23:00","0","0","0","140","223","336","402","380","468"
"24.07.2020 23:00 - 25.07.2020 00:00","0","0","0","166","181","359","404","363","434"
"25.07.2020 00:00 - 25.07.2020 01:00","0","N/A","0","123","N/A","224","430","N/A","431"
"25.07.2020 01:00 - 25.07.2020 02:00","0","N/A","0","77","N/A","118","415","N/A","421"
"25.07.2020 02:00 - 25.07.2020 03:00","0","N/A","0","76","N/A","125","411","N/A","421"
"25.07.2020 03:00 - 25.07.2020 04:00","0","N/A","0","85","N/A","104","405","N/A","368"
"25.07.2020 04:00 - 25.07.2020 05:00","0","N/A","0","81","N/A","152","376","N/A","334"
"25.07.2020 05:00 - 25.07.2020 06:00","10","N/A","10","96","N/A","143","314","N/A","273"
"25.07.2020 06:00 - 25.07.2020 07:00","54","N/A","54","120","N/A","142","274","N/A","227"
"25.07.2020 07:00 - 25.07.2020 08:00","110","N/A","85","118","N/A","68","233","N/A","179"
"25.07.2020 08:00 - 25.07.2020 09:00","155","173","173","107","103","102","247","194","194"
"25.07.2020 09:00 - 25.07.2020 10:00","225","259","357","111","136","99","293","270","256"
"25.07.2020 10:00 - 25.07.2020 11:00","287","329","412","195","184","107","349","335","301"
"25.07.2020 11:00 - 25.07.2020 12:00","343","401","381","285","224","198","409","394","314"
"25.07.2020 12:00 - 25.07.2020 13:00","375","454","404","390","311","420","458","454","345"
"25.07.2020 13:00 - 25.07.2020 14:00","353","425","386","508","474","554","511","520","429"
"25.07.2020 14:00 - 25.07.2020 15:00","272","313","376","639","648","641","520","514","481"
"25.07.2020 15:00 - 25.07.2020 16:00","209","240","323","660","741","696","540","533","614"
"25.07.2020 16:00 - 25.07.2020 17:00","160","188","236","611","733","659","532","525","545"
"25.07.2020 17:00 - 25.07.2020 18:00","122","141","134","607","713","612","556","519","470"
"25.07.2020 18:00 - 25.07.2020 19:00","82","95","92","560","688","605","579","577","526"
"25.07.2020 19:00 - 25.07.2020 20:00","38","45","46","568","645","642","556","606","509"
"25.07.2020 20:00 - 25.07.2020 21:00","10","11","13","591","668","660","547","635","556"
"25.07.2020 21:00 - 25.07.2020 22:00","1","1","1","634","678","664","551","655","593"
"25.07.2020 22:00 - 25.07.2020 23:00","0","0","0","644","668","658","579","699","607"
"25.07.2020 23:00 - 26.07.2020 00:00","0","0","0","640","658","658","617","723","674"
"26.07.2020 00:00 - 26.07.2020 01:00","0","N/A","0","706","N/A","619","718","N/A","597"
"26.07.2020 01:00 - 26.07.2020 02:00","0","N/A","0","764","N/A","548","671","N/A","610"
"26.07.2020 02:00 - 26.07.2020 03:00","0","N/A","0","850","N/A","663","657","N/A","662"
"26.07.2020 03:00 - 26.07.2020 04:00","0","N/A","0","879","N/A","763","694","N/A","730"
"26.07.2020 04:00 - 26.07.2020 05:00","0","N/A","0","812","N/A","726","725","N/A","741"
"26.07.2020 05:00 - 26.07.2020 06:00","5","N/A","4","685","N/A","672","755","N/A","847"
"26.07.2020 06:00 - 26.07.2020 07:00","19","N/A","17","598","N/A","850","858","N/A","1040"
"26.07.2020 07:00 - 26.07.2020 08:00","33","N/A","13","526","N/A","737","878","N/A","1056"
"26.07.2020 08:00 - 26.07.2020 09:00","41","38","38","556","637","631","896","1001","1001"
"26.07.2020 09:00 - 26.07.2020 10:00","51","57","66","693","670","771","978","1035","1104"
"26.07.2020 10:00 - 26.07.2020 11:00","60","76","96","760","731","787","1156","1033","1183"
"26.07.2020 11:00 - 26.07.2020 12:00","70","106","215","777","733","767","1153","997","1116"
"26.07.2020 12:00 - 26.07.2020 13:00","88","156","426","802","706","734","1122","990","1291"
"26.07.2020 13:00 - 26.07.2020 14:00","101","185","306","785","685","894","1115","909","1401"
"26.07.2020 14:00 - 26.07.2020 15:00","105","180","404","830","691","670","1106","880","1373"
"26.07.2020 15:00 - 26.07.2020 16:00","128","204","553","857","675","311","1101","932","1393"
"26.07.2020 16:00 - 26.07.2020 17:00","158","230","567","852","561","277","1043","1076","1473"
"26.07.2020 17:00 - 26.07.2020 18:00","151","205","353","802","478","679","1085","1139","1475"
"26.07.2020 18:00 - 26.07.2020 19:00","106","141","262","719","496","664","1130","1159","1441"
"26.07.2020 19:00 - 26.07.2020 20:00","48","63","110","694","515","701","1115","1004","1443"
"26.07.2020 20:00 - 26.07.2020 21:00","13","16","33","667","492","700","1038","806","1390"
"26.07.2020 21:00 - 26.07.2020 22:00","1","1","4","717","473","764","886","617","947"
"26.07.2020 22:00 - 26.07.2020 23:00","0","0","0","704","470","489","798","535","747"
"26.07.2020 23:00 - 27.07.2020 00:00","0","0","0","670","422","389","774","519","663"
"27.07.2020 00:00 - 27.07.2020 01:00","0","N/A","0","493","N/A","515","932","N/A","648"
"27.07.2020 01:00 - 27.07.2020 02:00","0","N/A","0","532","N/A","475","879","N/A","671"
"27.07.2020 02:00 - 27.07.2020 03:00","0","N/A","0","594","N/A","521","816","N/A","704"
"27.07.2020 03:00 - 27.07.2020 04:00","0","N/A","0","556","N/A","473","775","N/A","658"
"27.07.2020 04:00 - 27.07.2020 05:00","0","N/A","0","500","N/A","475","672","N/A","688"
"27.07.2020 05:00 - 27.07.2020 06:00","9","N/A","10","477","N/A","352","516","N/A","591"
"27.07.2020 06:00 - 27.07.2020 07:00","53","N/A","54","534","N/A","454","482","N/A","583"
"27.07.2020 07:00 - 27.07.2020 08:00","122","N/A","124","553","N/A","495","474","N/A","523"
"27.07.2020 08:00 - 27.07.2020 09:00","203","198","198","545","587","593","517","551","551"
"27.07.2020 09:00 - 27.07.2020 10:00","260","279","433","578","601","620","626","716","731"
"27.07.2020 10:00 - 27.07.2020 11:00","290","346","473","623","625","654","761","837","1016"
"27.07.2020 11:00 - 27.07.2020 12:00","289","383","495","638","648","671","843","876","1033"
"27.07.2020 12:00 - 27.07.2020 13:00","268","384","423","584","702","564","912","968","1047"
"27.07.2020 13:00 - 27.07.2020 14:00","251","341","448","562","682","532","917","1019","992"
"27.07.2020 14:00 - 27.07.2020 15:00","207","253","364","697","688","609","876","977","939"
"27.07.2020 15:00 - 27.07.2020 16:00","171","199","471","716","741","449","867","925","966"
"27.07.2020 16:00 - 27.07.2020 17:00","145","151","259","645","758","501","786","851","991"
"27.07.2020 17:00 - 27.07.2020 18:00","108","110","163","632","756","635","743","837","811"
"27.07.2020 18:00 - 27.07.2020 19:00","74","73","54","616","737","818","706","852","828"
"27.07.2020 19:00 - 27.07.2020 20:00","31","37","13","579","748","565","671","795","705"
"27.07.2020 20:00 - 27.07.2020 21:00","7","9","1","544","815","801","704","783","653"
"27.07.2020 21:00 - 27.07.2020 22:00","1","1","0","707","892","870","699","866","675"
"27.07.2020 22:00 - 27.07.2020 23:00","0","0","0","904","903","930","799","1053","941"
"27.07.2020 23:00 - 28.07.2020 00:00","0","0","0","837","880","1049","1007","1287","1103"
"28.07.2020 00:00 - 28.07.2020 01:00","0","N/A","0","1009","N/A","1097","1390","N/A","661"
"28.07.2020 01:00 - 28.07.2020 02:00","0","N/A","0","1012","N/A","1078","1612","N/A","769"
"28.07.2020 02:00 - 28.07.2020 03:00","0","N/A","0","1026","N/A","1100","1744","N/A","943"
"28.07.2020 03:00 - 28.07.2020 04:00","0","N/A","0","1048","N/A","1094","1776","N/A","1022"
"28.07.2020 04:00 - 28.07.2020 05:00","0","N/A","0","1032","N/A","1091","1684","N/A","997"
"28.07.2020 05:00 - 28.07.2020 06:00","5","N/A","5","953","N/A","999","1522","N/A","952"
"28.07.2020 06:00 - 28.07.2020 07:00","30","N/A","29","996","N/A","1005","1360","N/A","889"
"28.07.2020 07:00 - 28.07.2020 08:00","68","N/A","34","978","N/A","1049","1223","N/A","779"
"28.07.2020 08:00 - 28.07.2020 09:00","129","112","112","885","853","852","1228","1146","1146"
"28.07.2020 09:00 - 28.07.2020 10:00","228","221","233","828","843","836","1365","1606","1011"
"28.07.2020 10:00 - 28.07.2020 11:00","309","336","363","816","795","948","1519","1734","1143"
"28.07.2020 11:00 - 28.07.2020 12:00","358","421","436","826","796","964","1602","1776","1138"
"28.07.2020 12:00 - 28.07.2020 13:00","394","460","491","846","778","979","1683","1953","1284"
"28.07.2020 13:00 - 28.07.2020 14:00","384","438","440","824","773","1079","1714","2054","1364"
"28.07.2020 14:00 - 28.07.2020 15:00","342","393","446","850","809","853","1708","2058","1220"
"28.07.2020 15:00 - 28.07.2020 16:00","299","324","381","813","834","719","1824","2099","1379"
"28.07.2020 16:00 - 28.07.2020 17:00","250","272","382","813","811","711","1809","2004","1379"
"28.07.2020 17:00 - 28.07.2020 18:00","190","195","252","842","801","954","1869","2014","1403"
"28.07.2020 18:00 - 28.07.2020 19:00","124","129","163","797","831","895","1888","2044","1511"
"28.07.2020 19:00 - 28.07.2020 20:00","59","61","79","830","864","955","1830","1858","1189"
"28.07.2020 20:00 - 28.07.2020 21:00","14","15","21","863","900","1074","1730","1676","1306"
"28.07.2020 21:00 - 28.07.2020 22:00","1","1","2","879","953","1036","1579","1486","1267"
"28.07.2020 22:00 - 28.07.2020 23:00","0","0","0","939","985","1092","1546","1427","1350"
"28.07.2020 23:00 - 29.07.2020 00:00","0","0","0","919","945","1045","1603","1446","1372"
"29.07.2020 00:00 - 29.07.2020 01:00","0","N/A","0","1056","N/A","1129","1852","N/A","1656"
"29.07.2020 01:00 - 29.07.2020 02:00","0","N/A","0","1024","N/A","1030","1854","N/A","1367"
"29.07.2020 02:00 - 29.07.2020 03:00","0","N/A","0","999","N/A","1045","1884","N/A","1367"
"29.07.2020 03:00 - 29.07.2020 04:00","0","N/A","0","988","N/A","1079","1900","N/A","1025"
"29.07.2020 04:00 - 29.07.2020 05:00","0","N/A","0","970","N/A","1087","1856","N/A","952"
"29.07.2020 05:00 - 29.07.2020 06:00","4","N/A","4","894","N/A","867","1819","N/A","1002"
"29.07.2020 06:00 - 29.07.2020 07:00","28","N/A","29","900","N/A","976","1892","N/A","937"
"29.07.2020 07:00 - 29.07.2020 08:00","58","N/A","63","901","N/A","914","1930","N/A","1080"
"29.07.2020 08:00 - 29.07.2020 09:00","88","172","172","870","877","883","2010","1231","1231"
"29.07.2020 09:00 - 29.07.2020 10:00","122","225","240","881","871","904","2168","2461","1561"
"29.07.2020 10:00 - 29.07.2020 11:00","147","268","341","903","877","1005","2306","2530","1437"
"29.07.2020 11:00 - 29.07.2020 12:00","166","289","335","901","880","976","2325","2429","1568"
"29.07.2020 12:00 - 29.07.2020 13:00","177","299","350","892","898","928","2393","2534","1602"
"29.07.2020 13:00 - 29.07.2020 14:00","172","292","343","833","850","1048","2394","2531","1980"
"29.07.2020 14:00 - 29.07.2020 15:00","168","284","322","914","917","1063","2357","2487","1876"
"29.07.2020 15:00 - 29.07.2020 16:00","150","225","272","963","976","1066","2400","2494","1690"
"29.07.2020 16:00 - 29.07.2020 17:00","133","179","224","921","953","1032","2276","2344","1626"
"29.07.2020 17:00 - 29.07.2020 18:00","106","144","173","907","933","1083","2354","2344","1766"
"29.07.2020 18:00 - 29.07.2020 19:00","71","88","82","882","913","1106","2369","2415","1624"
"29.07.2020 19:00 - 29.07.2020 20:00","31","43","35","882","906","1100","2293","2249","2092"
"29.07.2020 20:00 - 29.07.2020 21:00","7","10","8","905","943","1097","2210","2103","2290"
"29.07.2020 21:00 - 29.07.2020 22:00","1","1","1","937","981","1116","2092","1998","2046"
"29.07.2020 22:00 - 29.07.2020 23:00","0","0","0","991","1011","1118","2092","2005","2089"
"29.07.2020 23:00 - 30.07.2020 00:00","0","0","0","952","965","1072","2117","2041","2039"
"30.07.2020 00:00 - 30.07.2020 01:00","0","N/A","0","1115","N/A","1072","2259","N/A","2177"
"30.07.2020 01:00 - 30.07.2020 02:00","0","N/A","0","1081","N/A","1095","2189","N/A","2039"
"30.07.2020 02:00 - 30.07.2020 03:00","0","N/A","0","1071","N/A","1080","2079","N/A","2018"
"30.07.2020 03:00 - 30.07.2020 04:00","0","N/A","0","1090","N/A","1112","2052","N/A","2020"
"30.07.2020 04:00 - 30.07.2020 05:00","0","N/A","0","1053","N/A","1076","1950","N/A","2099"
"30.07.2020 05:00 - 30.07.2020 06:00","4","N/A","4","975","N/A","1031","1780","N/A","2002"
"30.07.2020 06:00 - 30.07.2020 07:00","27","N/A","27","976","N/A","1078","1714","N/A","1948"
"30.07.2020 07:00 - 30.07.2020 08:00","63","N/A","34","978","N/A","1050","1670","N/A","1950"
"30.07.2020 08:00 - 30.07.2020 09:00","102","82","82","926","1010","1015","1746","1967","1967"
"30.07.2020 09:00 - 30.07.2020 10:00","164","160","182","917","975","989","1915","2068","2179"
"30.07.2020 10:00 - 30.07.2020 11:00","224","238","250","889","965","888","1990","2085","2179"
"30.07.2020 11:00 - 30.07.2020 12:00","280","298","287","852","901","812","1973","2037","2142"
"30.07.2020 12:00 - 30.07.2020 13:00","332","352","368","803","808","749","2053","2086","2242"
"30.07.2020 13:00 - 30.07.2020 14:00","359","377","379","687","670","669","2068","2103","2280"
"30.07.2020 14:00 - 30.07.2020 15:00","350","366","357","654","648","652","1963","2004","2147"
"30.07.2020 15:00 - 30.07.2020 16:00","329","352","378","610","603","554","1987","1938","2070"
"30.07.2020 16:00 - 30.07.2020 17:00","289","317","384","540","550","467","1959","1823","2011"
"30.07.2020 17:00 - 30.07.2020 18:00","224","239","350","508","532","525","1912","1801","1949"
"30.07.2020 18:00 - 30.07.2020 19:00","143","148","241","479","488","499","1814","1736","1901"
"30.07.2020 19:00 - 30.07.2020 20:00","64","67","116","467","469","507","1644","1515","1622"
"30.07.2020 20:00 - 30.07.2020 21:00","15","16","33","470","463","490","1441","1280","1425"
"30.07.2020 21:00 - 30.07.2020 22:00","1","1","4","453","466","475","1214","1084","1197"
"30.07.2020 22:00 - 30.07.2020 23:00","0","0","0","475","475","481","1143","1034","1205"
"30.07.2020 23:00 - 31.07.2020 00:00","0","0","0","475","464","478","1091","1029","1131"
"31.07.2020 00:00 - 31.07.2020 01:00","0","N/A","0","440","N/A","445","1001","N/A","1071"
"31.07.2020 01:00 - 31.07.2020 02:00","0","N/A","0","406","N/A","382","965","N/A","995"
"31.07.2020 02:00 - 31.07.2020 03:00","0","N/A","0","378","N/A","395","910","N/A","859"
"31.07.2020 03:00 - 31.07.2020 04:00","0","N/A","0","389","N/A","389","867","N/A","888"
"31.07.2020 04:00 - 31.07.2020 05:00","0","N/A","0","381","N/A","404","788","N/A","761"
"31.07.2020 05:00 - 31.07.2020 06:00","7","N/A","7","368","N/A","395","679","N/A","674"
"31.07.2020 06:00 - 31.07.2020 07:00","51","N/A","51","361","N/A","399","606","N/A","567"
"31.07.2020 07:00 - 31.07.2020 08:00","122","N/A","82","321","N/A","387","512","N/A","469"
"31.07.2020 08:00 - 31.07.2020 09:00","215","157","157","286","322","320","456","437","437"
"31.07.2020 09:00 - 31.07.2020 10:00","322","288","279","230","260","315","370","381","343"
"31.07.2020 10:00 - 31.07.2020 11:00","418","387","364","166","212","217","269","300","215"
"31.07.2020 11:00 - 31.07.2020 12:00","469","425","489","110","151","148","201","231","127"
"31.07.2020 12:00 - 31.07.2020 13:00","501","457","616","77","99","116","152","179","78"
"31.07.2020 13:00 - 31.07.2020 14:00","509","472","662","55","67","70","132","137","31"
"31.07.2020 14:00 - 31.07.2020 15:00","476","460","672","45","48","60","114","112","27"
"31.07.2020 15:00 - 31.07.2020 16:00","445","450","658","31","38","16","87","99","26"
"31.07.2020 16:00 - 31.07.2020 17:00","368","376","554","17","28","0","68","83","38"
"31.07.2020 17:00 - 31.07.2020 18:00","259","275","451","15","21","1","64","78","33"
"31.07.2020 18:00 - 31.07.2020 19:00","159","173","310","13","14","0","55","64","15"
"31.07.2020 19:00 - 31.07.2020 20:00","72","78","156","8","10","0","47","45","14"
"31.07.2020 20:00 - 31.07.2020 21:00","17","18","46","14","12","1","37","36","18"
"31.07.2020 21:00 - 31.07.2020 22:00","1","1","5","27","28","29","36","42","31"
"31.07.2020 22:00 - 31.07.2020 23:00","0","0","0","40","51","63","51","63","109"
"31.07.2020 23:00 - 01.08.2020 00:00","0","0","0","60","79","93","85","107","201"
"01.08.2020 00:00 - 01.08.2020 01:00","0","N/A","0","189","N/A","166","177","N/A","290"
"01.08.2020 01:00 - 01.08.2020 02:00","0","N/A","0","310","N/A","310","227","N/A","308"
"01.08.2020 02:00 - 01.08.2020 03:00","0","N/A","0","424","N/A","377","280","N/A","346"
"01.08.2020 03:00 - 01.08.2020 04:00","0","N/A","0","477","N/A","431","368","N/A","300"
"01.08.2020 04:00 - 01.08.2020 05:00","0","N/A","0","491","N/A","372","430","N/A","267"
"01.08.2020 05:00 - 01.08.2020 06:00","6","N/A","6","478","N/A","415","432","N/A","304"
"01.08.2020 06:00 - 01.08.2020 07:00","49","N/A","49","547","N/A","415","445","N/A","365"
"01.08.2020 07:00 - 01.08.2020 08:00","130","N/A","95","588","N/A","460","440","N/A","420"
"01.08.2020 08:00 - 01.08.2020 09:00","231","206","206","579","394","384","435","427","427"
"01.08.2020 09:00 - 01.08.2020 10:00","342","325","374","626","466","493","512","556","380"
"01.08.2020 10:00 - 01.08.2020 11:00","429","416","515","598","517","656","633","680","498"
"01.08.2020 11:00 - 01.08.2020 12:00","472","462","637","574","553","649","745","774","821"
"01.08.2020 12:00 - 01.08.2020 13:00","494","490","681","583","612","711","904","898","1066"
"01.08.2020 13:00 - 01.08.2020 14:00","489","480","586","578","589","673","997","995","1278"
"01.08.2020 14:00 - 01.08.2020 15:00","441","413","491","600","585","707","1008","999","1270"
"01.08.2020 15:00 - 01.08.2020 16:00","390","388","485","561","636","804","976","1029","1355"
"01.08.2020 16:00 - 01.08.2020 17:00","297","329","400","590","644","877","900","1013","1304"
"01.08.2020 17:00 - 01.08.2020 18:00","201","246","277","627","582","825","857","968","1223"
"01.08.2020 18:00 - 01.08.2020 19:00","112","143","147","562","490","553","817","874","952"
"01.08.2020 19:00 - 01.08.2020 20:00","50","65","70","408","457","564","705","720","736"
"01.08.2020 20:00 - 01.08.2020 21:00","12","14","17","361","471","689","673","654","696"
"01.08.2020 21:00 - 01.08.2020 22:00","1","1","1","384","506","632","692","655","772"
"01.08.2020 22:00 - 01.08.2020 23:00","0","0","0","409","559","496","691","643","698"
"01.08.2020 23:00 - 02.08.2020 00:00","0","0","0","425","585","495","637","627","645"
"02.08.2020 00:00 - 02.08.2020 01:00","0","N/A","0","502","N/A","524","592","N/A","561"
"02.08.2020 01:00 - 02.08.2020 02:00","0","N/A","0","526","N/A","517","543","N/A","520"
"02.08.2020 02:00 - 02.08.2020 03:00","0","N/A","0","529","N/A","502","502","N/A","500"
"02.08.2020 03:00 - 02.08.2020 04:00","0","N/A","0","434","N/A","423","477","N/A","477"
"02.08.2020 04:00 - 02.08.2020 05:00","0","N/A","0","299","N/A","330","458","N/A","481"
"02.08.2020 05:00 - 02.08.2020 06:00","4","N/A","4","206","N/A","210","428","N/A","517"
"02.08.2020 06:00 - 02.08.2020 07:00","34","N/A","34","142","N/A","233","400","N/A","480"
"02.08.2020 07:00 - 02.08.2020 08:00","80","N/A","15","120","N/A","240","362","N/A","499"
"02.08.2020 08:00 - 02.08.2020 09:00","143","19","19","103","231","235","373","548","548"
"02.08.2020 09:00 - 02.08.2020 10:00","244","147","93","74","189","233","404","585","547"
"02.08.2020 10:00 - 02.08.2020 11:00","351","256","76","84","161","246","435","607","529"
"02.08.2020 11:00 - 02.08.2020 12:00","413","328","14","95","141","236","462","624","533"
"02.08.2020 12:00 - 02.08.2020 13:00","425","374","2","74","133","257","448","626","551"
"02.08.2020 13:00 - 02.08.2020 14:00","388","375","383","62","130","166","463","650","557"
"02.08.2020 14:00 - 02.08.2020 15:00","293","311","306","58","137","164","468","630","555"
"02.08.2020 15:00 - 02.08.2020 16:00","232","287","252","157","150","199","484","601","565"
"02.08.2020 16:00 - 02.08.2020 17:00","188","226","185","242","180","197","498","551","537"
"02.08.2020 17:00 - 02.08.2020 18:00","134","153","228","210","189","218","550","555","599"
"02.08.2020 18:00 - 02.08.2020 19:00","94","103","194","215","203","516","603","552","512"
"02.08.2020 19:00 - 02.08.2020 20:00","48","50","71","226","207","339","642","528","594"
"02.08.2020 20:00 - 02.08.2020 21:00","12","11","20","237","249","299","640","538","714"
"02.08.2020 21:00 - 02.08.2020 22:00","1","1","2","273","296","361","603","561","643"
"02.08.2020 22:00 - 02.08.2020 23:00","0","0","0","338","350","255","604","597","583"
"02.08.2020 23:00 - 03.08.2020 00:00","0","0","0","357","411","416","612","615","544"
"03.08.2020 00:00 - 03.08.2020 01:00","0","N/A","0","428","N/A","442","565","N/A","496"
"03.08.2020 01:00 - 03.08.2020 02:00","0","N/A","0","412","N/A","377","529","N/A","475"
"03.08.2020 02:00 - 03.08.2020 03:00","0","N/A","0","416","N/A","439","501","N/A","417"
"03.08.2020 03:00 - 03.08.2020 04:00","0","N/A","0","435","N/A","423","502","N/A","468"
"03.08.2020 04:00 - 03.08.2020 05:00","0","N/A","0","406","N/A","321","491","N/A","433"
"03.08.2020 05:00 - 03.08.2020 06:00","5","N/A","4","361","N/A","363","438","N/A","470"
"03.08.2020 06:00 - 03.08.2020 07:00","43","N/A","43","323","N/A","321","399","N/A","434"
"03.08.2020 07:00 - 03.08.2020 08:00","105","N/A","87","292","N/A","277","378","N/A","335"
"03.08.2020 08:00 - 03.08.2020 09:00","177","209","209","246","200","195","436","318","318"
"03.08.2020 09:00 - 03.08.2020 10:00","282","296","296","186","176","207","492","431","455"
"03.08.2020 10:00 - 03.08.2020 11:00","361","373","425","139","112","143","532","517","520"
"03.08.2020 11:00 - 03.08.2020 12:00","410","422","409","124","77","87","579","579","550"
"03.08.2020 12:00 - 03.08.2020 13:00","444","454","474","117","55","51","640","619","622"
"03.08.2020 13:00 - 03.08.2020 14:00","442","451","489","102","47","39","697","656","687"
"03.08.2020 14:00 - 03.08.2020 15:00","414","435","513","99","54","24","724","671","723"
"03.08.2020 15:00 - 03.08.2020 16:00","393","421","478","102","49","47","750","729","790"
"03.08.2020 16:00 - 03.08.2020 17:00","339","355","451","116","30","33","754","759","758"
"03.08.2020 17:00 - 03.08.2020 18:00","248","263","404","112","26","35","774","789","766"
"03.08.2020 18:00 - 03.08.2020 19:00","151","166","273","103","54","43","757","774","777"
"03.08.2020 19:00 - 03.08.2020 20:00","65","73","134","152","118","130","698","700","777"
"03.08.2020 20:00 - 03.08.2020 21:00","14","15","37","221","195","203","587","597","658"
"03.08.2020 21:00 - 03.08.2020 22:00","1","1","4","251","242","278","470","501","480"
"03.08.2020 22:00 - 03.08.2020 23:00","0","0","0","279","276","360","423","468","493"
"03.08.2020 23:00 - 04.08.2020 00:00","0","0","0","268","259","264","404","421","508"
"04.08.2020 00:00 - 04.08.2020 01:00","N/A","N/A","0","255","N/A","261","463","N/A","428"
"04.08.2020 01:00 - 04.08.2020 02:00","N/A","N/A","0","197","N/A","256","424","N/A","375"
"04.08.2020 02:00 - 04.08.2020 03:00","N/A","N/A","0","201","N/A","290","400","N/A","362"
"04.08.2020 03:00 - 04.08.2020 04:00","N/A","N/A","0","238","N/A","290","381","N/A","339"
"04.08.2020 04:00 - 04.08.2020 05:00","N/A","N/A","0","270","N/A","344","362","N/A","320"
"04.08.2020 05:00 - 04.08.2020 06:00","N/A","N/A","5","290","N/A","297","337","N/A","285"
"04.08.2020 06:00 - 04.08.2020 07:00","N/A","N/A","45","288","N/A","337","343","N/A","266"
"04.08.2020 07:00 - 04.08.2020 08:00","N/A","N/A","97","269","N/A","319","321","N/A","224"
"04.08.2020 08:00 - 04.08.2020 09:00","N/A","220","220","271","209","193","380","272","272"
"04.08.2020 09:00 - 04.08.2020 10:00","N/A","329","357","243","178","191","479","385","372"
"04.08.2020 10:00 - 04.08.2020 11:00","N/A","408","447","184","131","157","540","486","403"
"04.08.2020 11:00 - 04.08.2020 12:00","N/A","463","465","135","86","108","564","544","449"
"04.08.2020 12:00 - 04.08.2020 13:00","N/A","506","538","111","54","85","574","561","497"
"04.08.2020 13:00 - 04.08.2020 14:00","N/A","509","557","88","49","79","593","595","570"
"04.08.2020 14:00 - 04.08.2020 15:00","N/A","458","513","110","61","32","626","634","677"
"04.08.2020 15:00 - 04.08.2020 16:00","N/A","438","495","123","55","83","660","666","718"
"04.08.2020 16:00 - 04.08.2020 17:00","N/A","379","438","114","44","89","643","633","709"
"04.08.2020 17:00 - 04.08.2020 18:00","N/A","288","359","98","40","103","616","622","700"
"04.08.2020 18:00 - 04.08.2020 19:00","N/A","175","230","110","72","101","546","565","632"
"04.08.2020 19:00 - 04.08.2020 20:00","N/A","73","116","131","125","156","455","470","524"
"04.08.2020 20:00 - 04.08.2020 21:00","N/A","14","30","179","212","206","367","388","388"
"04.08.2020 21:00 - 04.08.2020 22:00","N/A","1","3","275","336","377","344","365","363"
"04.08.2020 22:00 - 04.08.2020 23:00","N/A","0","0","441","520","593","403","426","488"
"04.08.2020 23:00 - 05.08.2020 00:00","N/A","0","0","543","603","584","488","510","601"
"05.08.2020 00:00 - 05.08.2020 01:00","0","N/A","0","667","N/A","636","614","N/A","661"
"05.08.2020 01:00 - 05.08.2020 02:00","0","N/A","0","668","N/A","625","735","N/A","562"
"05.08.2020 02:00 - 05.08.2020 03:00","0","N/A","0","735","N/A","669","884","N/A","571"
"05.08.2020 03:00 - 05.08.2020 04:00","0","N/A","0","728","N/A","775","1059","N/A","669"
"05.08.2020 04:00 - 05.08.2020 05:00","0","N/A","0","743","N/A","891","1223","N/A","631"
"05.08.2020 05:00 - 05.08.2020 06:00","1","N/A","1","739","N/A","690","1308","N/A","733"
"05.08.2020 06:00 - 05.08.2020 07:00","17","N/A","17","782","N/A","775","1464","N/A","1158"
"05.08.2020 07:00 - 05.08.2020 08:00","48","N/A","33","858","N/A","838","1505","N/A","1319"
"05.08.2020 08:00 - 05.08.2020 09:00","83","53","53","914","828","828","1557","1250","1250"
"05.08.2020 09:00 - 05.08.2020 10:00","125","95","89","957","880","886","1758","1836","1110"
"05.08.2020 10:00 - 05.08.2020 11:00","164","128","116","965","930","924","1823","1902","890"
"05.08.2020 11:00 - 05.08.2020 12:00","199","175","164","978","960","892","1772","1888","789"
"05.08.2020 12:00 - 05.08.2020 13:00","226","202","289","951","968","927","1867","1958","1236"
"05.08.2020 13:00 - 05.08.2020 14:00","212","193","239","938","890","944","1863","1932","1134"
"05.08.2020 14:00 - 05.08.2020 15:00","191","156","223","962","905","1072","1785","1826","1746"
"05.08.2020 15:00 - 05.08.2020 16:00","184","150","200","946","911","867","1724","1775","1791"
"05.08.2020 16:00 - 05.08.2020 17:00","162","154","237","895","912","865","1595","1643","1674"
"05.08.2020 17:00 - 05.08.2020 18:00","129","145","163","855","854","949","1552","1600","1600"
"05.08.2020 18:00 - 05.08.2020 19:00","81","91","102","748","761","756","1355","1445","1520"
"05.08.2020 19:00 - 05.08.2020 20:00","32","38","36","551","636","563","1045","1131","1156"
"05.08.2020 20:00 - 05.08.2020 21:00","7","8","8","456","562","555","766","858","877"
"05.08.2020 21:00 - 05.08.2020 22:00","0","0","1","486","534","618","602","670","634"
"05.08.2020 22:00 - 05.08.2020 23:00","0","0","0","419","481","462","545","608","580"
"05.08.2020 23:00 - 06.08.2020 00:00","0","0","0","437","464","411","523","582","541"
"06.08.2020 00:00 - 06.08.2020 01:00","0","N/A","0","554","N/A","412","672","N/A","570"
"06.08.2020 01:00 - 06.08.2020 02:00","0","N/A","0","605","N/A","446","677","N/A","589"
"06.08.2020 02:00 - 06.08.2020 03:00","0","N/A","0","714","N/A","456","738","N/A","501"
"06.08.2020 03:00 - 06.08.2020 04:00","0","N/A","0","705","N/A","496","785","N/A","499"
"06.08.2020 04:00 - 06.08.2020 05:00","0","N/A","0","642","N/A","513","817","N/A","763"
"06.08.2020 05:00 - 06.08.2020 06:00","3","N/A","3","566","N/A","508","713","N/A","589"
"06.08.2020 06:00 - 06.08.2020 07:00","38","N/A","38","562","N/A","609","745","N/A","796"
"06.08.2020 07:00 - 06.08.2020 08:00","104","N/A","84","497","N/A","699","652","N/A","739"
"06.08.2020 08:00 - 06.08.2020 09:00","181","164","164","345","545","541","492","586","586"
"06.08.2020 09:00 - 06.08.2020 10:00","251","243","221","334","413","503","460","528","471"
"06.08.2020 10:00 - 06.08.2020 11:00","314","316","268","374","336","392","412","479","350"
"06.08.2020 11:00 - 06.08.2020 12:00","369","368","332","400","293","184","392","454","277"
"06.08.2020 12:00 - 06.08.2020 13:00","399","411","394","396","248","133","405","437","262"
"06.08.2020 13:00 - 06.08.2020 14:00","395","420","418","378","213","146","397","423","181"
"06.08.2020 14:00 - 06.08.2020 15:00","360","408","459","395","201","109","372","422","202"
"06.08.2020 15:00 - 06.08.2020 16:00","331","409","453","344","214","55","345","419","233"
"06.08.2020 16:00 - 06.08.2020 17:00","279","342","403","269","176","46","299","375","245"
"06.08.2020 17:00 - 06.08.2020 18:00","206","245","317","214","144","74","270","342","245"
"06.08.2020 18:00 - 06.08.2020 19:00","122","139","194","165","127","57","223","279","206"
"06.08.2020 19:00 - 06.08.2020 20:00","49","55","81","117","137","118","161","184","138"
"06.08.2020 20:00 - 06.08.2020 21:00","9","10","19","113","167","147","107","123","107"
"06.08.2020 21:00 - 06.08.2020 22:00","0","0","2","138","211","148","78","98","128"
"06.08.2020 22:00 - 06.08.2020 23:00","0","0","0","155","266","333","60","82","148"
"06.08.2020 23:00 - 07.08.2020 00:00","0","0","0","127","221","312","51","74","110"
"07.08.2020 00:00 - 07.08.2020 01:00","0","N/A","0","199","N/A","289","87","N/A","83"
"07.08.2020 01:00 - 07.08.2020 02:00","0","N/A","0","173","N/A","233","99","N/A","69"
"07.08.2020 02:00 - 07.08.2020 03:00","0","N/A","0","200","N/A","164","116","N/A","92"
"07.08.2020 03:00 - 07.08.2020 04:00","0","N/A","0","214","N/A","167","136","N/A","137"
"07.08.2020 04:00 - 07.08.2020 05:00","0","N/A","0","166","N/A","170","142","N/A","144"
"07.08.2020 05:00 - 07.08.2020 06:00","3","N/A","3","135","N/A","136","116","N/A","134"
"07.08.2020 06:00 - 07.08.2020 07:00","39","N/A","39","137","N/A","126","111","N/A","124"
"07.08.2020 07:00 - 07.08.2020 08:00","117","N/A","97","122","N/A","123","96","N/A","80"
"07.08.2020 08:00 - 07.08.2020 09:00","213","182","182","108","103","106","81","44","44"
"07.08.2020 09:00 - 07.08.2020 10:00","309","293","316","132","100","90","86","56","23"
"07.08.2020 10:00 - 07.08.2020 11:00","381","388","453","201","134","77","86","65","17"
"07.08.2020 11:00 - 07.08.2020 12:00","418","436","543","219","150","59","98","81","30"
"07.08.2020 12:00 - 07.08.2020 13:00","446","472","644","291","135","58","137","110","67"
"07.08.2020 13:00 - 07.08.2020 14:00","453","494","650","309","125","45","177","153","137"
"07.08.2020 14:00 - 07.08.2020 15:00","436","456","627","283","105","39","199","183","170"
"07.08.2020 15:00 - 07.08.2020 16:00","418","442","609","235","91","38","211","202","160"
"07.08.2020 16:00 - 07.08.2020 17:00","351","364","526","166","133","29","199","203","157"
"07.08.2020 17:00 - 07.08.2020 18:00","248","266","417","130","166","62","205","220","196"
"07.08.2020 18:00 - 07.08.2020 19:00","143","160","257","102","131","58","211","214","227"
"07.08.2020 19:00 - 07.08.2020 20:00","56","64","122","88","87","37","205","204","239"
"07.08.2020 20:00 - 07.08.2020 21:00","11","12","32","123","121","92","204","228","231"
"07.08.2020 21:00 - 07.08.2020 22:00","0","0","3","178","157","160","247","296","303"
"07.08.2020 22:00 - 07.08.2020 23:00","0","0","0","197","203","238","301","369","386"
"07.08.2020 23:00 - 08.08.2020 00:00","0","0","0","232","233","221","344","423","484"
"08.08.2020 00:00 - 08.08.2020 01:00","0","N/A","0","315","N/A","227","477","N/A","560"
"08.08.2020 01:00 - 08.08.2020 02:00","0","N/A","0","338","N/A","271","507","N/A","629"
"08.08.2020 02:00 - 08.08.2020 03:00","0","N/A","0","318","N/A","296","522","N/A","629"
"08.08.2020 03:00 - 08.08.2020 04:00","0","N/A","0","232","N/A","143","460","N/A","530"
"08.08.2020 04:00 - 08.08.2020 05:00","0","N/A","0","183","N/A","132","378","N/A","453"
"08.08.2020 05:00 - 08.08.2020 06:00","3","N/A","3","142","N/A","89","274","N/A","333"
"08.08.2020 06:00 - 08.08.2020 07:00","39","N/A","39","108","N/A","72","245","N/A","276"
"08.08.2020 07:00 - 08.08.2020 08:00","120","N/A","96","77","N/A","95","189","N/A","173"
"08.08.2020 08:00 - 08.08.2020 09:00","221","208","208","65","57","54","115","70","70"
"08.08.2020 09:00 - 08.08.2020 10:00","320","305","301","55","30","21","77","43","16"
"08.08.2020 10:00 - 08.08.2020 11:00","390","379","416","30","19","13","52","25","14"
"08.08.2020 11:00 - 08.08.2020 12:00","422","428","475","16","10","2","46","23","23"
"08.08.2020 12:00 - 08.08.2020 13:00","440","456","559","7","7","2","42","27","30"
"08.08.2020 13:00 - 08.08.2020 14:00","440","457","547","4","6","0","47","34","32"
"08.08.2020 14:00 - 08.08.2020 15:00","415","410","544","4","5","0","56","43","36"
"08.08.2020 15:00 - 08.08.2020 16:00","385","381","561","3","4","0","73","56","56"
"08.08.2020 16:00 - 08.08.2020 17:00","317","311","446","5","4","25","98","70","77"
"08.08.2020 17:00 - 08.08.2020 18:00","226","223","345","10","7","18","128","88","76"
"08.08.2020 18:00 - 08.08.2020 19:00","132","129","210","28","21","16","157","103","74"
"08.08.2020 19:00 - 08.08.2020 20:00","53","52","98","44","52","62","157","109","52"
"08.08.2020 20:00 - 08.08.2020 21:00","10","9","25","48","81","60","149","109","49"
"08.08.2020 21:00 - 08.08.2020 22:00","0","0","2","69","128","89","161","122","76"
"08.08.2020 22:00 - 08.08.2020 23:00","0","0","0","161","178","122","193","158","115"
"08.08.2020 23:00 - 09.08.2020 00:00","0","0","0","226","188","161","212","178","141"
"09.08.2020 00:00 - 09.08.2020 01:00","0","N/A","0","276","N/A","171","184","N/A","117"
"09.08.2020 01:00 - 09.08.2020 02:00","0","N/A","0","341","N/A","187","189","N/A","124"
"09.08.2020 02:00 - 09.08.2020 03:00","0","N/A","0","377","N/A","219","203","N/A","131"
"09.08.2020 03:00 - 09.08.2020 04:00","0","N/A","0","307","N/A","227","186","N/A","168"
"09.08.2020 04:00 - 09.08.2020 05:00","0","N/A","0","286","N/A","141","172","N/A","155"
"09.08.2020 05:00 - 09.08.2020 06:00","3","N/A","3","206","N/A","147","160","N/A","107"
"09.08.2020 06:00 - 09.08.2020 07:00","38","N/A","37","193","N/A","154","158","N/A","105"
"09.08.2020 07:00 - 09.08.2020 08:00","113","N/A","90","188","N/A","195","117","N/A","100"
"09.08.2020 08:00 - 09.08.2020 09:00","206","179","179","188","155","154","90","76","76"
"09.08.2020 09:00 - 09.08.2020 10:00","303","293","312","193","137","129","82","86","38"
"09.08.2020 10:00 - 09.08.2020 11:00","382","383","424","182","141","104","81","91","35"
"09.08.2020 11:00 - 09.08.2020 12:00","422","423","494","168","156","116","94","100","42"
"09.08.2020 12:00 - 09.08.2020 13:00","448","439","523","144","168","135","103","111","71"
"09.08.2020 13:00 - 09.08.2020 14:00","454","461","567","136","138","140","121","131","75"
"09.08.2020 14:00 - 09.08.2020 15:00","416","427","584","202","161","304","136","143","72"
"09.08.2020 15:00 - 09.08.2020 16:00","395","412","580","253","200","230","160","162","101"
"09.08.2020 16:00 - 09.08.2020 17:00","338","346","477","325","307","243","175","176","120"
"09.08.2020 17:00 - 09.08.2020 18:00","244","248","378","348","310","221","195","207","143"
"09.08.2020 18:00 - 09.08.2020 19:00","143","152","257","368","343","275","211","215","134"
"09.08.2020 19:00 - 09.08.2020 20:00","56","61","118","373","366","306","202","189","130"
"09.08.2020 20:00 - 09.08.2020 21:00","10","10","30","381","365","285","186","169","115"
"09.08.2020 21:00 - 09.08.2020 22:00","0","0","3","384","336","232","175","170","136"
"09.08.2020 22:00 - 09.08.2020 23:00","0","0","0","356","286","181","168","173","154"
"09.08.2020 23:00 - 10.08.2020 00:00","0","0","0","250","200","210","159","162","140"
"10.08.2020 00:00 - 10.08.2020 01:00","0","N/A","0","190","N/A","172","138","N/A","153"
"10.08.2020 01:00 - 10.08.2020 02:00","0","N/A","0","171","N/A","185","129","N/A","151"
"10.08.2020 02:00 - 10.08.2020 03:00","0","N/A","0","150","N/A","199","129","N/A","131"
"10.08.2020 03:00 - 10.08.2020 04:00","0","N/A","0","143","N/A","156","139","N/A","210"
"10.08.2020 04:00 - 10.08.2020 05:00","0","N/A","0","125","N/A","142","149","N/A","180"
"10.08.2020 05:00 - 10.08.2020 06:00","2","N/A","2","121","N/A","122","180","N/A","205"
"10.08.2020 06:00 - 10.08.2020 07:00","36","N/A","36","127","N/A","129","204","N/A","216"
"10.08.2020 07:00 - 10.08.2020 08:00","114","N/A","88","114","N/A","136","165","N/A","202"
"10.08.2020 08:00 - 10.08.2020 09:00","218","170","170","101","117","115","142","150","150"
"10.08.2020 09:00 - 10.08.2020 10:00","327","285","295","76","84","56","147","159","115"
"10.08.2020 10:00 - 10.08.2020 11:00","407","373","423","62","63","52","142","158","95"
"10.08.2020 11:00 - 10.08.2020 12:00","433","400","527","63","61","33","134","156","106"
"10.08.2020 12:00 - 10.08.2020 13:00","473","425","612","79","55","39","136","158","98"
"10.08.2020 13:00 - 10.08.2020 14:00","489","462","625","84","51","96","145","166","131"
"10.08.2020 14:00 - 10.08.2020 15:00","464","433","619","104","73","181","160","187","135"
"10.08.2020 15:00 - 10.08.2020 16:00","432","433","581","142","97","180","207","233","202"
"10.08.2020 16:00 - 10.08.2020 17:00","354","367","478","143","104","251","257","271","257"
"10.08.2020 17:00 - 10.08.2020 18:00","243","262","390","163","162","316","285","307","310"
"10.08.2020 18:00 - 10.08.2020 19:00","140","154","253","207","233","347","300","330","352"
"10.08.2020 19:00 - 10.08.2020 20:00","54","59","111","215","240","349","290","331","403"
"10.08.2020 20:00 - 10.08.2020 21:00","9","10","27","209","252","435","285","335","402"
"10.08.2020 21:00 - 10.08.2020 22:00","0","0","3","286","316","599","302","346","471"
"10.08.2020 22:00 - 10.08.2020 23:00","0","0","0","405","401","582","311","340","470"
"10.08.2020 23:00 - 11.08.2020 00:00","0","0","0","408","395","519","292","307","405"
"11.08.2020 00:00 - 11.08.2020 01:00","0","N/A","0","341","N/A","377","275","N/A","351"
"11.08.2020 01:00 - 11.08.2020 02:00","0","N/A","0","285","N/A","329","208","N/A","273"
"11.08.2020 02:00 - 11.08.2020 03:00","0","N/A","0","289","N/A","271","192","N/A","227"
"11.08.2020 03:00 - 11.08.2020 04:00","0","N/A","0","272","N/A","283","217","N/A","238"
"11.08.2020 04:00 - 11.08.2020 05:00","0","N/A","0","229","N/A","341","233","N/A","293"
"11.08.2020 05:00 - 11.08.2020 06:00","2","N/A","2","250","N/A","318","233","N/A","280"
"11.08.2020 06:00 - 11.08.2020 07:00","36","N/A","36","254","N/A","154","234","N/A","258"
"11.08.2020 07:00 - 11.08.2020 08:00","113","N/A","86","204","N/A","123","203","N/A","186"
"11.08.2020 08:00 - 11.08.2020 09:00","212","170","170","190","152","158","196","150","150"
"11.08.2020 09:00 - 11.08.2020 10:00","320","291","305","155","156","145","202","169","99"
"11.08.2020 10:00 - 11.08.2020 11:00","405","386","425","154","163","138","199","167","72"
"11.08.2020 11:00 - 11.08.2020 12:00","452","437","541","136","137","141","204","177","110"
"11.08.2020 12:00 - 11.08.2020 13:00","483","475","629","135","98","158","230","210","153"
"11.08.2020 13:00 - 11.08.2020 14:00","489","492","628","119","74","113","261","236","177"
"11.08.2020 14:00 - 11.08.2020 15:00","452","460","607","104","88","83","294","264","230"
"11.08.2020 15:00 - 11.08.2020 16:00","414","438","592","104","77","97","352","313","322"
"11.08.2020 16:00 - 11.08.2020 17:00","340","369","498","105","72","90","409","365","386"
"11.08.2020 17:00 - 11.08.2020 18:00","237","262","379","140","86","98","463","418","464"
"11.08.2020 18:00 - 11.08.2020 19:00","133","149","239","182","121","88","509","496","529"
"11.08.2020 19:00 - 11.08.2020 20:00","48","56","104","153","177","108","513","508","532"
"11.08.2020 20:00 - 11.08.2020 21:00","7","8","25","212","270","179","512","535","487"
"11.08.2020 21:00 - 11.08.2020 22:00","0","0","2","405","406","305","552","619","592"
"11.08.2020 22:00 - 11.08.2020 23:00","0","0","0","573","539","407","604","661","706"
"11.08.2020 23:00 - 12.08.2020 00:00","0","0","0","596","524","554","628","678","448"
"12.08.2020 00:00 - 12.08.2020 01:00","0","N/A","0","508","N/A","511","630","N/A","474"
"12.08.2020 01:00 - 12.08.2020 02:00","0","N/A","0","545","N/A","466","602","N/A","428"
"12.08.2020 02:00 - 12.08.2020 03:00","0","N/A","0","559","N/A","466","595","N/A","397"
"12.08.2020 03:00 - 12.08.2020 04:00","0","N/A","0","524","N/A","524","648","N/A","490"
"12.08.2020 04:00 - 12.08.2020 05:00","0","N/A","0","509","N/A","469","649","N/A","506"
"12.08.2020 05:00 - 12.08.2020 06:00","2","N/A","2","517","N/A","406","616","N/A","537"
"12.08.2020 06:00 - 12.08.2020 07:00","33","N/A","32","568","N/A","468","598","N/A","596"
"12.08.2020 07:00 - 12.08.2020 08:00","105","N/A","86","597","N/A","526","527","N/A","478"
"12.08.2020 08:00 - 12.08.2020 09:00","199","185","185","578","471","464","529","458","458"
"12.08.2020 09:00 - 12.08.2020 10:00","304","292","315","512","454","442","579","528","474"
"12.08.2020 10:00 - 12.08.2020 11:00","381","392","476","501","408","348","594","553","431"
"12.08.2020 11:00 - 12.08.2020 12:00","430","456","567","408","341","270","607","585","426"
"12.08.2020 12:00 - 12.08.2020 13:00","468","480","641","398","297","313","633","650","482"
"12.08.2020 13:00 - 12.08.2020 14:00","475","494","630","375","330","341","626","657","485"
"12.08.2020 14:00 - 12.08.2020 15:00","446","471","623","314","301","285","585","622","512"
"12.08.2020 15:00 - 12.08.2020 16:00","411","449","609","287","241","258","536","582","536"
"12.08.2020 16:00 - 12.08.2020 17:00","334","367","519","336","312","376","474","542","488"
"12.08.2020 17:00 - 12.08.2020 18:00","233","260","402","320","298","354","440","522","443"
"12.08.2020 18:00 - 12.08.2020 19:00","129","147","251","300","306","369","442","552","420"
"12.08.2020 19:00 - 12.08.2020 20:00","47","52","110","353","429","323","417","519","345"
"12.08.2020 20:00 - 12.08.2020 21:00","7","7","27","472","504","307","407","522","331"
"12.08.2020 21:00 - 12.08.2020 22:00","0","0","3","534","545","409","447","587","481"
"12.08.2020 22:00 - 12.08.2020 23:00","0","0","0","564","577","391","501","625","418"
"12.08.2020 23:00 - 13.08.2020 00:00","0","0","0","529","586","381","519","633","317"
"13.08.2020 00:00 - 13.08.2020 01:00","0","N/A","0","562","N/A","367","560","N/A","507"
"13.08.2020 01:00 - 13.08.2020 02:00","0","N/A","0","521","N/A","385","495","N/A","320"
"13.08.2020 02:00 - 13.08.2020 03:00","0","N/A","0","494","N/A","217","446","N/A","311"
"13.08.2020 03:00 - 13.08.2020 04:00","0","N/A","0","479","N/A","157","478","N/A","277"
"13.08.2020 04:00 - 13.08.2020 05:00","0","N/A","0","416","N/A","143","467","N/A","253"
"13.08.2020 05:00 - 13.08.2020 06:00","2","N/A","2","402","N/A","167","449","N/A","356"
"13.08.2020 06:00 - 13.08.2020 07:00","34","N/A","34","457","N/A","222","477","N/A","448"
"13.08.2020 07:00 - 13.08.2020 08:00","116","N/A","87","463","N/A","185","420","N/A","363"
"13.08.2020 08:00 - 13.08.2020 09:00","222","171","171","468","146","141","375","270","270"
"13.08.2020 09:00 - 13.08.2020 10:00","329","295","334","399","132","160","347","251","177"
"13.08.2020 10:00 - 13.08.2020 11:00","417","389","479","281","108","137","305","229","102"
"13.08.2020 11:00 - 13.08.2020 12:00","473","436","600","226","68","91","298","226","116"
"13.08.2020 12:00 - 13.08.2020 13:00","506","470","648","206","48","87","317","239","128"
"13.08.2020 13:00 - 13.08.2020 14:00","506","486","636","154","32","42","312","239","118"
"13.08.2020 14:00 - 13.08.2020 15:00","469","465","641","125","41","35","287","236","108"
"13.08.2020 15:00 - 13.08.2020 16:00","427","436","628","134","23","11","271","231","127"
"13.08.2020 16:00 - 13.08.2020 17:00","344","356","526","187","46","29","255","224","124"
"13.08.2020 17:00 - 13.08.2020 18:00","237","248","402","169","35","4","236","213","134"
"13.08.2020 18:00 - 13.08.2020 19:00","128","137","250","134","18","7","219","195","134"
"13.08.2020 19:00 - 13.08.2020 20:00","44","47","109","141","22","7","181","162","97"
"13.08.2020 20:00 - 13.08.2020 21:00","6","6","26","184","36","10","166","170","118"
"13.08.2020 21:00 - 13.08.2020 22:00","0","0","3","201","57","25","197","220","212"
"13.08.2020 22:00 - 13.08.2020 23:00","0","0","0","200","84","42","229","260","275"
"13.08.2020 23:00 - 14.08.2020 00:00","0","0","0","171","79","32","238","268","284"
"14.08.2020 00:00 - 14.08.2020 01:00","0","N/A","0","104","N/A","61","233","N/A","278"
"14.08.2020 01:00 - 14.08.2020 02:00","0","N/A","0","99","N/A","88","197","N/A","234"
"14.08.2020 02:00 - 14.08.2020 03:00","0","N/A","0","102","N/A","52","167","N/A","225"
"14.08.2020 03:00 - 14.08.2020 04:00","0","N/A","0","77","N/A","37","169","N/A","198"
"14.08.2020 04:00 - 14.08.2020 05:00","0","N/A","0","58","N/A","41","163","N/A","154"
"14.08.2020 05:00 - 14.08.2020 06:00","1","N/A","1","48","N/A","32","149","N/A","125"
"14.08.2020 06:00 - 14.08.2020 07:00","33","N/A","33","60","N/A","21","139","N/A","138"
"14.08.2020 07:00 - 14.08.2020 08:00","114","N/A","92","64","N/A","18","112","N/A","76"
"14.08.2020 08:00 - 14.08.2020 09:00","218","177","177","58","13","13","96","51","51"
"14.08.2020 09:00 - 14.08.2020 10:00","324","291","322","46","10","7","93","58","32"
"14.08.2020 10:00 - 14.08.2020 11:00","415","386","481","47","8","8","95","69","30"
"14.08.2020 11:00 - 14.08.2020 12:00","472","447","606","36","6","3","105","85","56"
"14.08.2020 12:00 - 14.08.2020 13:00","506","487","671","33","6","1","118","102","76"
"14.08.2020 13:00 - 14.08.2020 14:00","504","496","653","37","7","4","120","105","64"
"14.08.2020 14:00 - 14.08.2020 15:00","468","472","641","53","34","32","113","118","76"
"14.08.2020 15:00 - 14.08.2020 16:00","424","439","614","79","90","60","133","148","128"
"14.08.2020 16:00 - 14.08.2020 17:00","341","359","532","184","247","120","164","183","160"
"14.08.2020 17:00 - 14.08.2020 18:00","233","253","408","287","359","180","186","222","178"
"14.08.2020 18:00 - 14.08.2020 19:00","125","137","250","335","377","196","218","258","196"
"14.08.2020 19:00 - 14.08.2020 20:00","42","45","107","385","417","200","234","257","158"
"14.08.2020 20:00 - 14.08.2020 21:00","6","6","25","448","400","200","209","228","98"
"14.08.2020 21:00 - 14.08.2020 22:00","0","0","3","416","342","141","168","196","123"
"14.08.2020 22:00 - 14.08.2020 23:00","0","0","0","378","291","130","138","165","142"
"14.08.2020 23:00 - 15.08.2020 00:00","0","0","0","294","249","125","116","140","147"
"15.08.2020 00:00 - 15.08.2020 01:00","0","N/A","0","129","N/A","120","142","N/A","122"
"15.08.2020 01:00 - 15.08.2020 02:00","0","N/A","0","113","N/A","124","140","N/A","91"
"15.08.2020 02:00 - 15.08.2020 03:00","0","N/A","0","111","N/A","113","146","N/A","83"
"15.08.2020 03:00 - 15.08.2020 04:00","0","N/A","0","129","N/A","178","170","N/A","94"
"15.08.2020 04:00 - 15.08.2020 05:00","0","N/A","0","143","N/A","144","157","N/A","87"
"15.08.2020 05:00 - 15.08.2020 06:00","1","N/A","1","132","N/A","132","132","N/A","51"
"15.08.2020 06:00 - 15.08.2020 07:00","33","N/A","33","112","N/A","133","106","N/A","44"
"15.08.2020 07:00 - 15.08.2020 08:00","111","N/A","72","85","N/A","128","82","N/A","30"
"15.08.2020 08:00 - 15.08.2020 09:00","214","124","124","67","85","85","75","22","22"
"15.08.2020 09:00 - 15.08.2020 10:00","322","254","237","42","69","66","69","33","13"
"15.08.2020 10:00 - 15.08.2020 11:00","417","365","389","29","63","46","62","44","21"
"15.08.2020 11:00 - 15.08.2020 12:00","476","427","532","42","67","59","64","58","26"
"15.08.2020 12:00 - 15.08.2020 13:00","507","465","601","51","74","53","79","74","36"
"15.08.2020 13:00 - 15.08.2020 14:00","505","477","589","61","76","73","95","88","41"
"15.08.2020 14:00 - 15.08.2020 15:00","469","465","570","105","125","120","106","104","36"
"15.08.2020 15:00 - 15.08.2020 16:00","423","437","537","129","168","107","127","125","67"
"15.08.2020 16:00 - 15.08.2020 17:00","340","357","450","144","209","109","146","144","90"
"15.08.2020 17:00 - 15.08.2020 18:00","232","249","334","168","204","169","155","167","104"
"15.08.2020 18:00 - 15.08.2020 19:00","124","133","201","205","228","188","163","173","124"
"15.08.2020 19:00 - 15.08.2020 20:00","41","44","80","225","217","201","150","164","118"
"15.08.2020 20:00 - 15.08.2020 21:00","6","6","17","227","206","185","124","147","87"
"15.08.2020 21:00 - 15.08.2020 22:00","0","0","2","182","195","145","103","120","94"
"15.08.2020 22:00 - 15.08.2020 23:00","0","0","0","158","179","162","89","96","110"
"15.08.2020 23:00 - 16.08.2020 00:00","0","0","0","121","172","124","77","82","97"
"16.08.2020 00:00 - 16.08.2020 01:00","0","N/A","0","132","N/A","108","92","N/A","72"
"16.08.2020 01:00 - 16.08.2020 02:00","0","N/A","0","94","N/A","72","89","N/A","67"
"16.08.2020 02:00 - 16.08.2020 03:00","0","N/A","0","77","N/A","78","90","N/A","74"
"16.08.2020 03:00 - 16.08.2020 04:00","0","N/A","0","85","N/A","96","97","N/A","77"
"16.08.2020 04:00 - 16.08.2020 05:00","0","N/A","0","80","N/A","73","98","N/A","66"
"16.08.2020 05:00 - 16.08.2020 06:00","1","N/A","1","73","N/A","69","98","N/A","89"
"16.08.2020 06:00 - 16.08.2020 07:00","31","N/A","31","68","N/A","57","107","N/A","115"
"16.08.2020 07:00 - 16.08.2020 08:00","112","N/A","85","67","N/A","46","106","N/A","138"
"16.08.2020 08:00 - 16.08.2020 09:00","218","153","153","65","43","42","108","106","106"
"16.08.2020 09:00 - 16.08.2020 10:00","325","282","296","75","48","45","110","120","69"
"16.08.2020 10:00 - 16.08.2020 11:00","420","393","436","69","31","25","114","125","51"
"16.08.2020 11:00 - 16.08.2020 12:00","482","462","522","62","20","29","133","143","83"
"16.08.2020 12:00 - 16.08.2020 13:00","513","498","575","68","17","42","166","183","149"
"16.08.2020 13:00 - 16.08.2020 14:00","510","507","572","69","20","8","188","213","138"
"16.08.2020 14:00 - 16.08.2020 15:00","475","488","557","70","26","2","193","229","171"
"16.08.2020 15:00 - 16.08.2020 16:00","420","442","477","75","25","7","205","242","160"
"16.08.2020 16:00 - 16.08.2020 17:00","330","357","421","85","37","2","215","255","202"
"16.08.2020 17:00 - 16.08.2020 18:00","224","245","304","78","39","23","221","269","244"
"16.08.2020 18:00 - 16.08.2020 19:00","118","130","177","75","65","33","234","275","294"
"16.08.2020 19:00 - 16.08.2020 20:00","39","42","69","61","136","59","250","281","260"
"16.08.2020 20:00 - 16.08.2020 21:00","5","5","14","72","206","97","283","331","300"
"16.08.2020 21:00 - 16.08.2020 22:00","0","0","1","150","257","150","340","381","465"
"16.08.2020 22:00 - 16.08.2020 23:00","0","0","0","241","379","219","394","388","553"
"16.08.2020 23:00 - 17.08.2020 00:00","0","0","0","349","442","338","430","421","534"
"17.08.2020 00:00 - 17.08.2020 01:00","0","N/A","0","354","N/A","313","486","N/A","556"
"17.08.2020 01:00 - 17.08.2020 02:00","0","N/A","0","374","N/A","443","523","N/A","603"
"17.08.2020 02:00 - 17.08.2020 03:00","0","N/A","0","380","N/A","384","528","N/A","560"
"17.08.2020 03:00 - 17.08.2020 04:00","0","N/A","0","328","N/A","303","524","N/A","549"
"17.08.2020 04:00 - 17.08.2020 05:00","0","N/A","0","304","N/A","295","486","N/A","515"
"17.08.2020 05:00 - 17.08.2020 06:00","1","N/A","1","395","N/A","254","422","N/A","493"
"17.08.2020 06:00 - 17.08.2020 07:00","28","N/A","27","418","N/A","331","405","N/A","522"
"17.08.2020 07:00 - 17.08.2020 08:00","104","N/A","80","407","N/A","306","380","N/A","494"
"17.08.2020 08:00 - 17.08.2020 09:00","210","155","155","438","280","281","353","382","382"
"17.08.2020 09:00 - 17.08.2020 10:00","320","278","289","426","230","201","353","365","224"
"17.08.2020 10:00 - 17.08.2020 11:00","415","376","427","376","176","194","372","373","163"
"17.08.2020 11:00 - 17.08.2020 12:00","481","442","527","275","117","162","451","407","233"
"17.08.2020 12:00 - 17.08.2020 13:00","512","482","563","226","85","106","623","524","464"
"17.08.2020 13:00 - 17.08.2020 14:00","508","488","568","172","57","74","709","606","546"
"17.08.2020 14:00 - 17.08.2020 15:00","473","462","533","96","47","24","694","632","601"
"17.08.2020 15:00 - 17.08.2020 16:00","419","421","508","52","39","17","632","608","664"
"17.08.2020 16:00 - 17.08.2020 17:00","334","341","438","39","51","21","580","563","711"
"17.08.2020 17:00 - 17.08.2020 18:00","226","235","294","32","59","21","535","558","645"
"17.08.2020 18:00 - 17.08.2020 19:00","118","128","180","28","43","19","483","490","589"
"17.08.2020 19:00 - 17.08.2020 20:00","39","41","72","37","29","56","395","413","287"
"17.08.2020 20:00 - 17.08.2020 21:00","5","5","15","42","63","66","394","443","332"
"17.08.2020 21:00 - 17.08.2020 22:00","0","0","1","62","134","52","456","572","529"
"17.08.2020 22:00 - 17.08.2020 23:00","0","0","0","106","183","45","521","595","640"
"17.08.2020 23:00 - 18.08.2020 00:00","0","0","0","148","145","112","541","599","669"
"18.08.2020 00:00 - 18.08.2020 01:00","0","N/A","0","194","N/A","39","679","N/A","610"
"18.08.2020 01:00 - 18.08.2020 02:00","0","N/A","0","240","N/A","110","644","N/A","530"
"18.08.2020 02:00 - 18.08.2020 03:00","0","N/A","0","241","N/A","91","566","N/A","450"
"18.08.2020 03:00 - 18.08.2020 04:00","0","N/A","0","149","N/A","59","516","N/A","404"
"18.08.2020 04:00 - 18.08.2020 05:00","0","N/A","0","173","N/A","60","452","N/A","283"
"18.08.2020 05:00 - 18.08.2020 06:00","0","N/A","0","223","N/A","99","356","N/A","209"
"18.08.2020 06:00 - 18.08.2020 07:00","19","N/A","22","264","N/A","155","276","N/A","217"
"18.08.2020 07:00 - 18.08.2020 08:00","68","N/A","67","247","N/A","114","205","N/A","222"
"18.08.2020 08:00 - 18.08.2020 09:00","140","103","103","263","85","87","195","193","148"
"18.08.2020 09:00 - 18.08.2020 10:00","192","174","153","314","101","102","230","207","640"
"18.08.2020 10:00 - 18.08.2020 11:00","207","231","213","291","91","30","244","209","109"
"18.08.2020 11:00 - 18.08.2020 12:00","211","239","337","201","65","31","248","217","78"
"18.08.2020 12:00 - 18.08.2020 13:00","218","245","336","158","72","56","310","235","106"
"18.08.2020 13:00 - 18.08.2020 14:00","239","251","281","118","68","54","318","257","185"
"18.08.2020 14:00 - 18.08.2020 15:00","250","239","256","112","51","34","302","274","192"
"18.08.2020 15:00 - 18.08.2020 16:00","253","217","269","121","42","31","290","278","159"
"18.08.2020 16:00 - 18.08.2020 17:00","214","180","204","91","34","75","268","266","112"
"18.08.2020 17:00 - 18.08.2020 18:00","145","136","120","93","37","51","251","258","155"
"18.08.2020 18:00 - 18.08.2020 19:00","77","76","99","120","34","77","250","232","71"
"18.08.2020 19:00 - 18.08.2020 20:00","28","28","40","104","41","82","217","175","63"
"18.08.2020 20:00 - 18.08.2020 21:00","4","3","7","86","46","61","168","120","58"
"18.08.2020 21:00 - 18.08.2020 22:00","0","0","0","79","50","41","125","87","59"
"18.08.2020 22:00 - 18.08.2020 23:00","0","0","0","85","53","35","113","82","63"
"18.08.2020 23:00 - 19.08.2020 00:00","0","0","0","109","63","30","111","77","44"
"19.08.2020 00:00 - 19.08.2020 01:00","0","N/A","0","51","N/A","21","39","N/A","46"
"19.08.2020 01:00 - 19.08.2020 02:00","0","N/A","0","58","N/A","8","46","N/A","43"
"19.08.2020 02:00 - 19.08.2020 03:00","0","N/A","0","39","N/A","21","60","N/A","32"
"19.08.2020 03:00 - 19.08.2020 04:00","0","N/A","0","48","N/A","34","65","N/A","28"
"19.08.2020 04:00 - 19.08.2020 05:00","0","N/A","0","53","N/A","27","60","N/A","28"
"19.08.2020 05:00 - 19.08.2020 06:00","0","N/A","0","81","N/A","18","51","N/A","28"
"19.08.2020 06:00 - 19.08.2020 07:00","20","N/A","17","65","N/A","1","43","N/A","20"
"19.08.2020 07:00 - 19.08.2020 08:00","83","N/A","68","36","N/A","4","40","N/A","15"
"19.08.2020 08:00 - 19.08.2020 09:00","174","146","146","30","11","8","45","29","29"
"19.08.2020 09:00 - 19.08.2020 10:00","284","259","272","24","20","15","63","70","34"
"19.08.2020 10:00 - 19.08.2020 11:00","359","347","363","26","22","16","86","109","34"
"19.08.2020 11:00 - 19.08.2020 12:00","382","370","355","46","28","29","113","138","49"
"19.08.2020 12:00 - 19.08.2020 13:00","415","408","475","74","45","70","141","156","71"
"19.08.2020 13:00 - 19.08.2020 14:00","405","415","522","80","66","67","169","173","103"
"19.08.2020 14:00 - 19.08.2020 15:00","384","399","411","70","67","44","174","192","102"
"19.08.2020 15:00 - 19.08.2020 16:00","363","361","422","61","65","61","165","203","98"
"19.08.2020 16:00 - 19.08.2020 17:00","277","291","372","67","92","48","148","195","71"
"19.08.2020 17:00 - 19.08.2020 18:00","189","189","273","74","101","40","130","171","86"
"19.08.2020 18:00 - 19.08.2020 19:00","95","96","148","88","104","61","105","126","47"
"19.08.2020 19:00 - 19.08.2020 20:00","30","29","57","91","92","86","66","62","23"
"19.08.2020 20:00 - 19.08.2020 21:00","3","3","11","88","94","75","38","33","33"
"19.08.2020 21:00 - 19.08.2020 22:00","0","0","1","84","104","75","37","33","24"
"19.08.2020 22:00 - 19.08.2020 23:00","0","0","0","96","128","48","52","53","34"
"19.08.2020 23:00 - 20.08.2020 00:00","0","0","0","137","164","71","76","90","58"
"20.08.2020 00:00 - 20.08.2020 01:00","0","N/A","0","173","N/A","142","141","N/A","101"
"20.08.2020 01:00 - 20.08.2020 02:00","0","N/A","0","225","N/A","229","203","N/A","156"
"20.08.2020 02:00 - 20.08.2020 03:00","0","N/A","0","357","N/A","363","263","N/A","270"
"20.08.2020 03:00 - 20.08.2020 04:00","0","N/A","0","432","N/A","385","349","N/A","416"
"20.08.2020 04:00 - 20.08.2020 05:00","0","N/A","0","468","N/A","520","416","N/A","473"
"20.08.2020 05:00 - 20.08.2020 06:00","0","N/A","0","501","N/A","388","454","N/A","541"
"20.08.2020 06:00 - 20.08.2020 07:00","10","N/A","9","546","N/A","289","493","N/A","522"
"20.08.2020 07:00 - 20.08.2020 08:00","37","N/A","22","582","N/A","411","476","N/A","494"
"20.08.2020 08:00 - 20.08.2020 09:00","63","36","36","648","600","628","490","444","444"
"20.08.2020 09:00 - 20.08.2020 10:00","84","63","68","677","701","439","542","531","425"
"20.08.2020 10:00 - 20.08.2020 11:00","93","68","54","735","769","587","574","631","366"
"20.08.2020 11:00 - 20.08.2020 12:00","78","62","70","742","765","636","610","687","358"
"20.08.2020 12:00 - 20.08.2020 13:00","76","69","94","796","804","658","778","866","498"
"20.08.2020 13:00 - 20.08.2020 14:00","68","67","110","825","812","398","868","941","492"
"20.08.2020 14:00 - 20.08.2020 15:00","48","48","98","820","776","436","904","950","580"
"20.08.2020 15:00 - 20.08.2020 16:00","57","64","101","773","697","488","912","945","597"
"20.08.2020 16:00 - 20.08.2020 17:00","72","87","104","752","600","556","912","904","537"
"20.08.2020 17:00 - 20.08.2020 18:00","73","94","80","652","512","397","844","814","448"
"20.08.2020 18:00 - 20.08.2020 19:00","57","75","76","565","436","407","737","674","400"
"20.08.2020 19:00 - 20.08.2020 20:00","24","28","40","463","400","221","580","479","285"
"20.08.2020 20:00 - 20.08.2020 21:00","2","3","7","444","347","169","457","358","204"
"20.08.2020 21:00 - 20.08.2020 22:00","0","0","0","373","261","96","366","285","183"
"20.08.2020 22:00 - 20.08.2020 23:00","0","0","0","278","201","108","335","232","216"
"20.08.2020 23:00 - 21.08.2020 00:00","0","0","0","281","200","143","329","211","216"
"21.08.2020 00:00 - 21.08.2020 01:00","0","N/A","0","200","N/A","152","143","N/A","223"
"21.08.2020 01:00 - 21.08.2020 02:00","0","N/A","0","346","N/A","263","195","N/A","242"
"21.08.2020 02:00 - 21.08.2020 03:00","0","N/A","0","456","N/A","354","286","N/A","327"
"21.08.2020 03:00 - 21.08.2020 04:00","0","N/A","0","479","N/A","467","441","N/A","352"
"21.08.2020 04:00 - 21.08.2020 05:00","0","N/A","0","507","N/A","545","623","N/A","330"
"21.08.2020 05:00 - 21.08.2020 06:00","0","N/A","0","548","N/A","674","757","N/A","507"
"21.08.2020 06:00 - 21.08.2020 07:00","7","N/A","6","671","N/A","821","938","N/A","1063"
"21.08.2020 07:00 - 21.08.2020 08:00","24","N/A","14","733","N/A","752","1092","N/A","1196"
"21.08.2020 08:00 - 21.08.2020 09:00","38","29","29","748","776","777","1305","1612","1612"
"21.08.2020 09:00 - 21.08.2020 10:00","61","58","62","853","865","910","1610","1934","2020"
"21.08.2020 10:00 - 21.08.2020 11:00","99","84","95","914","913","998","1666","2062","2135"
"21.08.2020 11:00 - 21.08.2020 12:00","208","131","127","875","904","1080","1644","2086","1888"
"21.08.2020 12:00 - 21.08.2020 13:00","335","262","267","929","963","1064","1936","2367","2126"
"21.08.2020 13:00 - 21.08.2020 14:00","389","376","429","934","961","1084","2023","2369","2017"
"21.08.2020 14:00 - 21.08.2020 15:00","380","372","516","918","952","1039","2011","2307","1804"
"21.08.2020 15:00 - 21.08.2020 16:00","326","294","381","924","931","1067","1903","2229","1912"
"21.08.2020 16:00 - 21.08.2020 17:00","263","207","307","1002","980","1085","1804","2153","1881"
"21.08.2020 17:00 - 21.08.2020 18:00","181","139","247","1012","985","962","1734","2010","2109"
"21.08.2020 18:00 - 21.08.2020 19:00","90","76","162","1014","1002","1051","1678","1839","2049"
"21.08.2020 19:00 - 21.08.2020 20:00","27","28","58","901","968","1046","1464","1525","1692"
"21.08.2020 20:00 - 21.08.2020 21:00","3","3","11","910","978","1019","1291","1339","1463"
"21.08.2020 21:00 - 21.08.2020 22:00","0","0","1","838","933","859","1175","1251","1365"
"21.08.2020 22:00 - 21.08.2020 23:00","0","0","0","833","902","866","1151","1220","1169"
"21.08.2020 23:00 - 22.08.2020 00:00","0","0","0","847","798","797","1136","1190","1072"
"22.08.2020 00:00 - 22.08.2020 01:00","0","N/A","0","780","N/A","826","1370","N/A","1055"
"22.08.2020 01:00 - 22.08.2020 02:00","0","N/A","0","869","N/A","830","1338","N/A","1094"
"22.08.2020 02:00 - 22.08.2020 03:00","0","N/A","0","919","N/A","873","1333","N/A","1161"
"22.08.2020 03:00 - 22.08.2020 04:00","0","N/A","0","955","N/A","970","1362","N/A","1289"
"22.08.2020 04:00 - 22.08.2020 05:00","0","N/A","0","928","N/A","925","1351","N/A","1294"
"22.08.2020 05:00 - 22.08.2020 06:00","0","N/A","0","876","N/A","1003","1287","N/A","1229"
"22.08.2020 06:00 - 22.08.2020 07:00","17","N/A","16","922","N/A","1037","1302","N/A","1338"
"22.08.2020 07:00 - 22.08.2020 08:00","75","N/A","57","932","N/A","991","1325","N/A","1340"
"22.08.2020 08:00 - 22.08.2020 09:00","142","116","116","982","990","986","1468","1545","1545"
"22.08.2020 09:00 - 22.08.2020 10:00","215","177","179","987","1022","1020","1707","1766","1680"
"22.08.2020 10:00 - 22.08.2020 11:00","282","263","289","971","1011","936","1804","1877","1744"
"22.08.2020 11:00 - 22.08.2020 12:00","334","305","298","924","968","1007","1841","1926","1278"
"22.08.2020 12:00 - 22.08.2020 13:00","349","318","416","958","986","1064","2124","2208","1516"
"22.08.2020 13:00 - 22.08.2020 14:00","350","329","447","946","938","1039","2146","2234","1284"
"22.08.2020 14:00 - 22.08.2020 15:00","316","310","435","897","901","1015","2115","2239","1432"
"22.08.2020 15:00 - 22.08.2020 16:00","242","272","452","872","875","1017","2077","2253","1416"
"22.08.2020 16:00 - 22.08.2020 17:00","179","218","298","966","962","1067","2031","2272","1593"
"22.08.2020 17:00 - 22.08.2020 18:00","122","156","258","962","954","1013","1929","2199","1542"
"22.08.2020 18:00 - 22.08.2020 19:00","62","76","133","977","923","965","1811","2037","1824"
"22.08.2020 19:00 - 22.08.2020 20:00","19","22","52","1024","915","856","1638","1749","1328"
"22.08.2020 20:00 - 22.08.2020 21:00","2","2","10","1036","993","954","1447","1505","1387"
"22.08.2020 21:00 - 22.08.2020 22:00","0","0","1","998","975","1032","1214","1226","1236"
"22.08.2020 22:00 - 22.08.2020 23:00","0","0","0","1025","1016","1060","1140","1102","1041"
"22.08.2020 23:00 - 23.08.2020 00:00","0","0","0","932","929","837","1090","1034","842"
"23.08.2020 00:00 - 23.08.2020 01:00","0","N/A","0","881","N/A","875","1102","N/A","923"
"23.08.2020 01:00 - 23.08.2020 02:00","0","N/A","0","881","N/A","845","1027","N/A","584"
"23.08.2020 02:00 - 23.08.2020 03:00","0","N/A","0","909","N/A","848","994","N/A","540"
"23.08.2020 03:00 - 23.08.2020 04:00","0","N/A","0","906","N/A","625","946","N/A","543"
"23.08.2020 04:00 - 23.08.2020 05:00","0","N/A","0","792","N/A","646","869","N/A","543"
"23.08.2020 05:00 - 23.08.2020 06:00","0","N/A","0","733","N/A","620","765","N/A","775"
"23.08.2020 06:00 - 23.08.2020 07:00","11","N/A","11","691","N/A","753","711","N/A","662"
"23.08.2020 07:00 - 23.08.2020 08:00","53","N/A","53","701","N/A","586","696","N/A","660"
"23.08.2020 08:00 - 23.08.2020 09:00","107","156","156","689","532","526","741","668","668"
"23.08.2020 09:00 - 23.08.2020 10:00","183","225","166","717","479","538","849","818","921"
"23.08.2020 10:00 - 23.08.2020 11:00","253","295","197","680","421","629","930","891","914"
"23.08.2020 11:00 - 23.08.2020 12:00","311","345","344","539","436","697","996","926","1022"
"23.08.2020 12:00 - 23.08.2020 13:00","355","369","384","532","515","598","1114","1071","1168"
"23.08.2020 13:00 - 23.08.2020 14:00","358","412","443","531","601","523","1227","987","945"
"23.08.2020 14:00 - 23.08.2020 15:00","340","400","468","554","492","137","1327","1080","1075"
"23.08.2020 15:00 - 23.08.2020 16:00","293","343","383","560","443","203","1460","1227","1343"
"23.08.2020 16:00 - 23.08.2020 17:00","248","258","371","633","520","425","1578","1403","1630"
"23.08.2020 17:00 - 23.08.2020 18:00","167","173","303","762","645","537","1541","1395","1638"
"23.08.2020 18:00 - 23.08.2020 19:00","83","83","197","859","739","857","1481","1409","1550"
"23.08.2020 19:00 - 23.08.2020 20:00","25","26","72","920","847","904","1366","1341","1430"
"23.08.2020 20:00 - 23.08.2020 21:00","2","2","14","962","887","1007","1257","1261","1283"
"23.08.2020 21:00 - 23.08.2020 22:00","0","0","1","945","870","1012","1178","1212","1215"
"23.08.2020 22:00 - 23.08.2020 23:00","0","0","0","982","907","984","1218","1268","1205"
"23.08.2020 23:00 - 24.08.2020 00:00","0","0","0","958","892","925","1265","1347","1168"
"24.08.2020 00:00 - 24.08.2020 01:00","0","N/A","0","813","N/A","851","1192","N/A","1090"
"24.08.2020 01:00 - 24.08.2020 02:00","0","N/A","0","752","N/A","812","1129","N/A","976"
"24.08.2020 02:00 - 24.08.2020 03:00","0","N/A","0","691","N/A","547","1051","N/A","823"
"24.08.2020 03:00 - 24.08.2020 04:00","0","N/A","0","639","N/A","496","961","N/A","752"
"24.08.2020 04:00 - 24.08.2020 05:00","0","N/A","0","526","N/A","413","819","N/A","645"
"24.08.2020 05:00 - 24.08.2020 06:00","0","N/A","0","441","N/A","366","636","N/A","535"
"24.08.2020 06:00 - 24.08.2020 07:00","13","N/A","12","389","N/A","256","501","N/A","452"
"24.08.2020 07:00 - 24.08.2020 08:00","62","N/A","51","388","N/A","289","427","N/A","312"
"24.08.2020 08:00 - 24.08.2020 09:00","135","104","104","347","328","328","416","273","273"
"24.08.2020 09:00 - 24.08.2020 10:00","219","192","260","336","291","280","449","350","226"
"24.08.2020 10:00 - 24.08.2020 11:00","298","272","370","318","247","216","422","405","267"
"24.08.2020 11:00 - 24.08.2020 12:00","346","359","382","245","228","101","416","425","249"
"24.08.2020 12:00 - 24.08.2020 13:00","399","382","349","255","193","76","446","442","268"
"24.08.2020 13:00 - 24.08.2020 14:00","404","355","405","220","152","80","470","486","276"
"24.08.2020 14:00 - 24.08.2020 15:00","364","346","424","176","141","128","529","567","331"
"24.08.2020 15:00 - 24.08.2020 16:00","320","298","338","174","158","131","586","662","366"
"24.08.2020 16:00 - 24.08.2020 17:00","257","225","283","207","222","94","607","696","440"
"24.08.2020 17:00 - 24.08.2020 18:00","182","162","273","185","265","95","645","721","474"
"24.08.2020 18:00 - 24.08.2020 19:00","93","85","184","212","281","136","644","714","510"
"24.08.2020 19:00 - 24.08.2020 20:00","27","27","67","309","335","163","570","639","431"
"24.08.2020 20:00 - 24.08.2020 21:00","2","2","13","307","344","186","468","558","343"
"24.08.2020 21:00 - 24.08.2020 22:00","0","0","1","281","311","211","409","478","338"
"24.08.2020 22:00 - 24.08.2020 23:00","0","0","0","297","307","274","412","461","460"
"24.08.2020 23:00 - 25.08.2020 00:00","0","0","0","282","304","251","412","476","486"
"25.08.2020 00:00 - 25.08.2020 01:00","0","N/A","0","335","N/A","299","431","N/A","471"
"25.08.2020 01:00 - 25.08.2020 02:00","0","N/A","0","351","N/A","295","445","N/A","490"
"25.08.2020 02:00 - 25.08.2020 03:00","0","N/A","0","426","N/A","397","452","N/A","483"
"25.08.2020 03:00 - 25.08.2020 04:00","0","N/A","0","490","N/A","339","452","N/A","502"
"25.08.2020 04:00 - 25.08.2020 05:00","0","N/A","0","475","N/A","376","420","N/A","460"
"25.08.2020 05:00 - 25.08.2020 06:00","0","N/A","0","390","N/A","328","352","N/A","360"
"25.08.2020 06:00 - 25.08.2020 07:00","17","N/A","16","297","N/A","267","283","N/A","283"
"25.08.2020 07:00 - 25.08.2020 08:00","85","N/A","65","261","N/A","247","230","N/A","219"
"25.08.2020 08:00 - 25.08.2020 09:00","180","157","157","239","206","186","217","206","206"
"25.08.2020 09:00 - 25.08.2020 10:00","284","273","284","220","209","136","237","256","172"
"25.08.2020 10:00 - 25.08.2020 11:00","362","368","396","185","173","167","234","263","168"
"25.08.2020 11:00 - 25.08.2020 12:00","405","436","500","105","148","99","227","250","170"
"25.08.2020 12:00 - 25.08.2020 13:00","436","461","569","101","141","147","199","243","96"
"25.08.2020 13:00 - 25.08.2020 14:00","427","448","509","122","201","231","198","265","107"
"25.08.2020 14:00 - 25.08.2020 15:00","373","393","395","228","340","368","224","322","139"
"25.08.2020 15:00 - 25.08.2020 16:00","321","330","383","382","498","505","249","398","223"
"25.08.2020 16:00 - 25.08.2020 17:00","236","245","234","521","656","740","270","462","289"
"25.08.2020 17:00 - 25.08.2020 18:00","133","138","126","608","685","775","322","554","382"
"25.08.2020 18:00 - 25.08.2020 19:00","56","58","52","665","704","784","447","713","571"
"25.08.2020 19:00 - 25.08.2020 20:00","15","16","14","706","696","841","622","894","816"
"25.08.2020 20:00 - 25.08.2020 21:00","1","1","1","751","743","895","885","1136","890"
"25.08.2020 21:00 - 25.08.2020 22:00","0","0","0","747","754","691","1167","1369","881"
"25.08.2020 22:00 - 25.08.2020 23:00","0","0","0","813","824","791","1437","1607","901"
"25.08.2020 23:00 - 26.08.2020 00:00","0","0","0","836","869","836","1663","1813","936"
"26.08.2020 00:00 - 26.08.2020 01:00","0","N/A","0","937","N/A","828","1967","N/A","1240"
"26.08.2020 01:00 - 26.08.2020 02:00","0","N/A","0","968","N/A","1015","1972","N/A","885"
"26.08.2020 02:00 - 26.08.2020 03:00","0","N/A","0","1029","N/A","653","1748","N/A","998"
"26.08.2020 03:00 - 26.08.2020 04:00","0","N/A","0","1010","N/A","475","1498","N/A","1471"
"26.08.2020 04:00 - 26.08.2020 05:00","0","N/A","0","882","N/A","391","1231","N/A","980"
"26.08.2020 05:00 - 26.08.2020 06:00","0","N/A","0","780","N/A","433","945","N/A","744"
"26.08.2020 06:00 - 26.08.2020 07:00","4","N/A","5","558","N/A","400","736","N/A","529"
"26.08.2020 07:00 - 26.08.2020 08:00","29","N/A","30","401","N/A","271","556","N/A","495"
"26.08.2020 08:00 - 26.08.2020 09:00","74","69","69","291","122","120","451","529","529"
"26.08.2020 09:00 - 26.08.2020 10:00","130","122","129","190","109","94","375","528","400"
"26.08.2020 10:00 - 26.08.2020 11:00","187","173","194","148","92","69","285","478","277"
"26.08.2020 11:00 - 26.08.2020 12:00","223","217","243","76","114","88","244","444","237"
"26.08.2020 12:00 - 26.08.2020 13:00","251","257","266","82","179","172","265","488","300"
"26.08.2020 13:00 - 26.08.2020 14:00","275","259","292","124","184","194","319","579","405"
"26.08.2020 14:00 - 26.08.2020 15:00","249","256","293","190","220","321","425","689","475"
"26.08.2020 15:00 - 26.08.2020 16:00","218","206","315","265","299","338","576","807","598"
"26.08.2020 16:00 - 26.08.2020 17:00","177","173","215","365","433","343","691","907","724"
"26.08.2020 17:00 - 26.08.2020 18:00","118","124","117","452","583","461","797","968","682"
"26.08.2020 18:00 - 26.08.2020 19:00","57","62","51","550","631","597","908","1012","848"
"26.08.2020 19:00 - 26.08.2020 20:00","15","18","9","651","691","756","939","959","670"
"26.08.2020 20:00 - 26.08.2020 21:00","1","1","0","760","743","765","941","947","654"
"26.08.2020 21:00 - 26.08.2020 22:00","0","0","0","710","731","717","945","1021","830"
"26.08.2020 22:00 - 26.08.2020 23:00","0","0","0","700","731","774","1099","1167","689"
"26.08.2020 23:00 - 27.08.2020 00:00","0","0","0","682","720","697","1291","1227","627"
"27.08.2020 00:00 - 27.08.2020 01:00","0","N/A","0","666","N/A","672","1221","N/A","741"
"27.08.2020 01:00 - 27.08.2020 02:00","0","N/A","0","648","N/A","673","1334","N/A","729"
"27.08.2020 02:00 - 27.08.2020 03:00","0","N/A","0","723","N/A","594","1311","N/A","1023"
"27.08.2020 03:00 - 27.08.2020 04:00","0","N/A","0","736","N/A","820","1192","N/A","943"
"27.08.2020 04:00 - 27.08.2020 05:00","0","N/A","0","739","N/A","671","1060","N/A","829"
"27.08.2020 05:00 - 27.08.2020 06:00","0","N/A","0","759","N/A","671","901","N/A","784"
"27.08.2020 06:00 - 27.08.2020 07:00","4","N/A","3","806","N/A","799","770","N/A","544"
"27.08.2020 07:00 - 27.08.2020 08:00","31","N/A","30","805","N/A","782","663","N/A","518"
"27.08.2020 08:00 - 27.08.2020 09:00","69","88","88","800","697","686","670","851","851"
"27.08.2020 09:00 - 27.08.2020 10:00","132","170","149","759","602","601","767","864","820"
"27.08.2020 10:00 - 27.08.2020 11:00","194","237","219","668","539","363","787","869","782"
"27.08.2020 11:00 - 27.08.2020 12:00","248","294","315","576","458","226","777","825","673"
"27.08.2020 12:00 - 27.08.2020 13:00","308","330","398","475","357","181","780","761","483"
"27.08.2020 13:00 - 27.08.2020 14:00","328","345","355","393","241","133","743","696","384"
"27.08.2020 14:00 - 27.08.2020 15:00","311","314","320","397","204","89","767","687","341"
"27.08.2020 15:00 - 27.08.2020 16:00","292","292","334","376","153","82","796","696","527"
"27.08.2020 16:00 - 27.08.2020 17:00","236","244","313","252","127","102","750","661","374"
"27.08.2020 17:00 - 27.08.2020 18:00","169","169","244","162","91","50","690","574","227"
"27.08.2020 18:00 - 27.08.2020 19:00","87","85","112","121","54","30","545","399","129"
"27.08.2020 19:00 - 27.08.2020 20:00","24","24","35","90","24","10","385","204","85"
"27.08.2020 20:00 - 27.08.2020 21:00","1","1","4","121","15","0","281","119","31"
"27.08.2020 21:00 - 27.08.2020 22:00","0","0","0","112","10","0","229","88","13"
"27.08.2020 22:00 - 27.08.2020 23:00","0","0","0","92","7","9","210","79","20"
"27.08.2020 23:00 - 28.08.2020 00:00","0","0","0","75","4","6","192","70","10"
"28.08.2020 00:00 - 28.08.2020 01:00","0","N/A","0","14","N/A","2","19","N/A","7"
"28.08.2020 01:00 - 28.08.2020 02:00","0","N/A","0","17","N/A","0","24","N/A","15"
"28.08.2020 02:00 - 28.08.2020 03:00","0","N/A","0","25","N/A","52","32","N/A","21"
"28.08.2020 03:00 - 28.08.2020 04:00","0","N/A","0","82","N/A","61","56","N/A","61"
"28.08.2020 04:00 - 28.08.2020 05:00","0","N/A","0","173","N/A","189","107","N/A","111"
"28.08.2020 05:00 - 28.08.2020 06:00","0","N/A","0","266","N/A","343","189","N/A","192"
"28.08.2020 06:00 - 28.08.2020 07:00","5","N/A","5","336","N/A","430","264","N/A","247"
"28.08.2020 07:00 - 28.08.2020 08:00","34","N/A","28","441","N/A","415","264","N/A","225"
"28.08.2020 08:00 - 28.08.2020 09:00","75","69","69","524","372","368","304","249","249"
"28.08.2020 09:00 - 28.08.2020 10:00","118","110","130","565","378","354","394","317","233"
"28.08.2020 10:00 - 28.08.2020 11:00","151","165","169","653","424","476","470","382","245"
"28.08.2020 11:00 - 28.08.2020 12:00","148","184","181","671","485","543","561","452","284"
"28.08.2020 12:00 - 28.08.2020 13:00","143","189","211","686","508","595","702","569","425"
"28.08.2020 13:00 - 28.08.2020 14:00","125","191","168","701","506","590","812","644","512"
"28.08.2020 14:00 - 28.08.2020 15:00","105","152","132","686","585","693","929","724","632"
"28.08.2020 15:00 - 28.08.2020 16:00","106","133","129","674","642","824","1013","768","630"
"28.08.2020 16:00 - 28.08.2020 17:00","90","103","108","719","655","849","1015","757","717"
"28.08.2020 17:00 - 28.08.2020 18:00","60","64","81","613","590","866","951","782","736"
"28.08.2020 18:00 - 28.08.2020 19:00","29","29","60","552","604","897","910","790","772"
"28.08.2020 19:00 - 28.08.2020 20:00","8","9","21","558","691","792","792","691","695"
"28.08.2020 20:00 - 28.08.2020 21:00","0","0","4","509","685","746","694","611","690"
"28.08.2020 21:00 - 28.08.2020 22:00","0","0","0","537","649","852","628","580","679"
"28.08.2020 22:00 - 28.08.2020 23:00","0","0","0","607","678","933","570","574","649"
"28.08.2020 23:00 - 29.08.2020 00:00","0","0","0","541","598","855","474","538","599"
"29.08.2020 00:00 - 29.08.2020 01:00","0","N/A","0","610","N/A","732","548","N/A","585"
"29.08.2020 01:00 - 29.08.2020 02:00","0","N/A","0","492","N/A","625","496","N/A","497"
"29.08.2020 02:00 - 29.08.2020 03:00","0","N/A","0","482","N/A","534","471","N/A","416"
"29.08.2020 03:00 - 29.08.2020 04:00","0","N/A","0","468","N/A","368","429","N/A","406"
"29.08.2020 04:00 - 29.08.2020 05:00","0","N/A","0","411","N/A","205","388","N/A","410"
"29.08.2020 05:00 - 29.08.2020 06:00","0","N/A","0","307","N/A","170","348","N/A","389"
"29.08.2020 06:00 - 29.08.2020 07:00","4","N/A","4","252","N/A","190","319","N/A","401"
"29.08.2020 07:00 - 29.08.2020 08:00","34","N/A","35","199","N/A","108","269","N/A","324"
"29.08.2020 08:00 - 29.08.2020 09:00","82","78","78","105","106","101","234","298","298"
"29.08.2020 09:00 - 29.08.2020 10:00","132","122","129","55","80","66","239","289","287"
"29.08.2020 10:00 - 29.08.2020 11:00","189","178","225","42","44","65","235","275","269"
"29.08.2020 11:00 - 29.08.2020 12:00","254","233","260","37","30","77","226","274","309"
"29.08.2020 12:00 - 29.08.2020 13:00","268","246","330","24","31","52","210","287","336"
"29.08.2020 13:00 - 29.08.2020 14:00","259","273","362","16","47","3","217","316","345"
"29.08.2020 14:00 - 29.08.2020 15:00","225","246","280","14","45","0","239","338","322"
"29.08.2020 15:00 - 29.08.2020 16:00","185","200","279","22","20","2","247","361","285"
"29.08.2020 16:00 - 29.08.2020 17:00","156","158","243","22","30","3","238","385","264"
"29.08.2020 17:00 - 29.08.2020 18:00","111","111","170","23","43","19","240","400","267"
"29.08.2020 18:00 - 29.08.2020 19:00","55","57","96","42","98","16","223","337","246"
"29.08.2020 19:00 - 29.08.2020 20:00","15","16","37","102","69","7","197","273","158"
"29.08.2020 20:00 - 29.08.2020 21:00","1","1","6","96","93","10","192","253","128"
"29.08.2020 21:00 - 29.08.2020 22:00","0","0","0","90","109","33","203","258","108"
"29.08.2020 22:00 - 29.08.2020 23:00","0","0","0","117","190","42","225","281","128"
"29.08.2020 23:00 - 30.08.2020 00:00","0","0","0","158","211","5","252","302","143"
"30.08.2020 00:00 - 30.08.2020 01:00","0","N/A","0","211","N/A","41","145","N/A","152"
"30.08.2020 01:00 - 30.08.2020 02:00","0","N/A","0","245","N/A","93","127","N/A","102"
"30.08.2020 02:00 - 30.08.2020 03:00","0","N/A","0","220","N/A","92","135","N/A","116"
"30.08.2020 03:00 - 30.08.2020 04:00","0","N/A","0","249","N/A","156","147","N/A","101"
"30.08.2020 04:00 - 30.08.2020 05:00","0","N/A","0","250","N/A","156","144","N/A","93"
"30.08.2020 05:00 - 30.08.2020 06:00","0","N/A","0","224","N/A","146","126","N/A","80"
"30.08.2020 06:00 - 30.08.2020 07:00","8","N/A","8","185","N/A","150","108","N/A","65"
"30.08.2020 07:00 - 30.08.2020 08:00","66","N/A","49","176","N/A","164","88","N/A","38"
"30.08.2020 08:00 - 30.08.2020 09:00","163","121","121","212","102","102","81","35","35"
"30.08.2020 09:00 - 30.08.2020 10:00","278","234","263","250","104","130","92","50","29"
"30.08.2020 10:00 - 30.08.2020 11:00","371","337","362","283","90","173","119","71","39"
"30.08.2020 11:00 - 30.08.2020 12:00","420","393","387","326","89","256","164","94","46"
"30.08.2020 12:00 - 30.08.2020 13:00","446","431","407","384","173","353","227","147","123"
"30.08.2020 13:00 - 30.08.2020 14:00","433","445","412","476","282","399","322","237","238"
"30.08.2020 14:00 - 30.08.2020 15:00","378","399","358","524","388","448","423","350","401"
"30.08.2020 15:00 - 30.08.2020 16:00","326","330","336","532","428","399","518","460","502"
"30.08.2020 16:00 - 30.08.2020 17:00","258","255","338","531","448","456","547","497","572"
"30.08.2020 17:00 - 30.08.2020 18:00","176","173","269","452","427","526","519","501","618"
"30.08.2020 18:00 - 30.08.2020 19:00","84","81","133","421","428","484","444","437","625"
"30.08.2020 19:00 - 30.08.2020 20:00","20","19","51","420","394","405","336","340","507"
"30.08.2020 20:00 - 30.08.2020 21:00","1","1","9","483","467","396","274","289","316"
"30.08.2020 21:00 - 30.08.2020 22:00","0","0","1","513","517","352","239","258","268"
"30.08.2020 22:00 - 30.08.2020 23:00","0","0","0","509","520","229","206","228","200"
"30.08.2020 23:00 - 31.08.2020 00:00","0","0","0","391","466","172","165","179","155"
"31.08.2020 00:00 - 31.08.2020 01:00","0","N/A","0","303","N/A","205","217","N/A","127"
"31.08.2020 01:00 - 31.08.2020 02:00","0","N/A","0","253","N/A","177","191","N/A","117"
"31.08.2020 02:00 - 31.08.2020 03:00","0","N/A","0","243","N/A","217","185","N/A","102"
"31.08.2020 03:00 - 31.08.2020 04:00","0","N/A","0","213","N/A","201","182","N/A","104"
"31.08.2020 04:00 - 31.08.2020 05:00","0","N/A","0","162","N/A","174","167","N/A","97"
"31.08.2020 05:00 - 31.08.2020 06:00","0","N/A","0","138","N/A","294","164","N/A","142"
"31.08.2020 06:00 - 31.08.2020 07:00","8","N/A","8","106","N/A","271","190","N/A","193"
"31.08.2020 07:00 - 31.08.2020 08:00","67","N/A","57","124","N/A","303","195","N/A","192"
"31.08.2020 08:00 - 31.08.2020 09:00","162","128","128","165","286","285","203","196","196"
"31.08.2020 09:00 - 31.08.2020 10:00","274","256","251","158","256","202","235","234","178"
"31.08.2020 10:00 - 31.08.2020 11:00","375","358","394","155","241","171","259","264","163"
"31.08.2020 11:00 - 31.08.2020 12:00","446","420","512","140","201","120","268","259","130"
"31.08.2020 12:00 - 31.08.2020 13:00","485","449","554","113","149","89","284","236","119"
"31.08.2020 13:00 - 31.08.2020 14:00","490","464","558","114","107","122","285","213","98"
"31.08.2020 14:00 - 31.08.2020 15:00","451","440","526","121","100","120","281","214","109"
"31.08.2020 15:00 - 31.08.2020 16:00","390","383","489","129","106","158","254","221","72"
"31.08.2020 16:00 - 31.08.2020 17:00","301","302","397","124","114","82","204","203","84"
"31.08.2020 17:00 - 31.08.2020 18:00","195","198","298","92","105","89","197","213","75"
"31.08.2020 18:00 - 31.08.2020 19:00","91","91","142","116","118","101","188","207","71"
"31.08.2020 19:00 - 31.08.2020 20:00","21","21","49","166","174","105","161","172","55"
"31.08.2020 20:00 - 31.08.2020 21:00","1","1","8","162","172","71","149","165","70"
"31.08.2020 21:00 - 31.08.2020 22:00","0","0","1","163","178","75","149","170","80"
"31.08.2020 22:00 - 31.08.2020 23:00","0","0","0","202","223","99","151","167","67"
"31.08.2020 23:00 - 01.09.2020 00:00","0","0","0","192","207","98","148","165","60"
"01.09.2020 00:00 - 01.09.2020 01:00","0","N/A","0","117","N/A","146","86","N/A","40"
"01.09.2020 01:00 - 01.09.2020 02:00","0","N/A","0","105","N/A","142","76","N/A","38"
"01.09.2020 02:00 - 01.09.2020 03:00","0","N/A","0","76","N/A","112","73","N/A","31"
"01.09.2020 03:00 - 01.09.2020 04:00","0","N/A","0","68","N/A","57","68","N/A","38"
"01.09.2020 04:00 - 01.09.2020 05:00","0","N/A","0","74","N/A","29","62","N/A","35"
"01.09.2020 05:00 - 01.09.2020 06:00","0","N/A","0","76","N/A","32","63","N/A","46"
"01.09.2020 06:00 - 01.09.2020 07:00","8","N/A","8","67","N/A","36","70","N/A","50"
"01.09.2020 07:00 - 01.09.2020 08:00","70","N/A","61","67","N/A","64","68","N/A","48"
"01.09.2020 08:00 - 01.09.2020 09:00","171","138","138","78","67","66","59","31","31"
"01.09.2020 09:00 - 01.09.2020 10:00","286","258","290","78","48","63","61","48","29"
"01.09.2020 10:00 - 01.09.2020 11:00","389","365","445","70","52","41","78","83","43"
"01.09.2020 11:00 - 01.09.2020 12:00","459","433","530","62","49","42","106","118","95"
"01.09.2020 12:00 - 01.09.2020 13:00","497","481","578","48","63","66","146","174","187"
"01.09.2020 13:00 - 01.09.2020 14:00","498","496","566","48","109","102","189","232","255"
"01.09.2020 14:00 - 01.09.2020 15:00","455","464","508","69","106","138","221","279","317"
"01.09.2020 15:00 - 01.09.2020 16:00","394","405","477","91","89","113","233","306","304"
"01.09.2020 16:00 - 01.09.2020 17:00","306","317","394","92","106","110","219","283","256"
"01.09.2020 17:00 - 01.09.2020 18:00","198","208","265","86","90","132","225","280","233"
"01.09.2020 18:00 - 01.09.2020 19:00","92","95","145","133","85","108","211","254","171"
"01.09.2020 19:00 - 01.09.2020 20:00","20","21","51","157","128","141","168","206","119"
"01.09.2020 20:00 - 01.09.2020 21:00","1","1","9","142","133","141","162","211","137"
"01.09.2020 21:00 - 01.09.2020 22:00","0","0","1","120","105","136","173","240","236"
"01.09.2020 22:00 - 01.09.2020 23:00","0","0","0","123","80","144","178","252","287"
"01.09.2020 23:00 - 02.09.2020 00:00","0","0","0","114","70","156","169","248","283"
"02.09.2020 00:00 - 02.09.2020 01:00","0","N/A","0","78","N/A","89","188","N/A","269"
"02.09.2020 01:00 - 02.09.2020 02:00","0","N/A","0","91","N/A","110","172","N/A","246"
"02.09.2020 02:00 - 02.09.2020 03:00","0","N/A","0","107","N/A","152","172","N/A","233"
"02.09.2020 03:00 - 02.09.2020 04:00","0","N/A","0","107","N/A","135","168","N/A","186"
"02.09.2020 04:00 - 02.09.2020 05:00","0","N/A","0","99","N/A","67","151","N/A","142"
"02.09.2020 05:00 - 02.09.2020 06:00","0","N/A","0","92","N/A","78","137","N/A","123"
"02.09.2020 06:00 - 02.09.2020 07:00","4","N/A","4","104","N/A","80","130","N/A","138"
"02.09.2020 07:00 - 02.09.2020 08:00","49","N/A","56","143","N/A","95","112","N/A","138"
"02.09.2020 08:00 - 02.09.2020 09:00","138","130","130","154","92","89","102","137","137"
"02.09.2020 09:00 - 02.09.2020 10:00","260","249","276","137","98","97","112","156","112"
"02.09.2020 10:00 - 02.09.2020 11:00","363","351","374","117","93","90","137","193","110"
"02.09.2020 11:00 - 02.09.2020 12:00","435","425","511","90","76","94","155","214","132"
"02.09.2020 12:00 - 02.09.2020 13:00","477","474","614","64","60","89","164","216","144"
"02.09.2020 13:00 - 02.09.2020 14:00","473","485","577","51","43","66","162","206","137"
"02.09.2020 14:00 - 02.09.2020 15:00","433","450","494","28","23","77","156","212","156"
"02.09.2020 15:00 - 02.09.2020 16:00","377","387","487","26","16","46","145","207","141"
"02.09.2020 16:00 - 02.09.2020 17:00","293","298","362","51","23","37","130","181","117"
"02.09.2020 17:00 - 02.09.2020 18:00","186","189","274","65","25","32","137","186","125"
"02.09.2020 18:00 - 02.09.2020 19:00","82","83","142","79","31","4","132","163","70"
"02.09.2020 19:00 - 02.09.2020 20:00","17","17","41","104","59","32","104","116","54"
"02.09.2020 20:00 - 02.09.2020 21:00","1","1","7","87","62","33","88","96","66"
"02.09.2020 21:00 - 02.09.2020 22:00","0","0","0","87","63","23","77","97","114"
"02.09.2020 22:00 - 02.09.2020 23:00","0","0","0","93","87","23","76","104","196"
"02.09.2020 23:00 - 03.09.2020 00:00","0","0","0","67","62","13","78","103","218"
"03.09.2020 00:00 - 03.09.2020 01:00","0","N/A","0","11","N/A","8","86","N/A","193"
"03.09.2020 01:00 - 03.09.2020 02:00","0","N/A","0","9","N/A","38","90","N/A","152"
"03.09.2020 02:00 - 03.09.2020 03:00","0","N/A","0","29","N/A","55","101","N/A","162"
"03.09.2020 03:00 - 03.09.2020 04:00","0","N/A","0","59","N/A","113","116","N/A","164"
"03.09.2020 04:00 - 03.09.2020 05:00","0","N/A","0","107","N/A","116","129","N/A","203"
"03.09.2020 05:00 - 03.09.2020 06:00","0","N/A","0","158","N/A","186","155","N/A","232"
"03.09.2020 06:00 - 03.09.2020 07:00","5","N/A","5","208","N/A","288","186","N/A","284"
"03.09.2020 07:00 - 03.09.2020 08:00","58","N/A","53","317","N/A","353","194","N/A","360"
"03.09.2020 08:00 - 03.09.2020 09:00","146","122","122","422","417","442","217","375","375"
"03.09.2020 09:00 - 03.09.2020 10:00","242","204","261","505","479","527","275","422","281"
"03.09.2020 10:00 - 03.09.2020 11:00","301","245","272","559","546","587","371","496","285"
"03.09.2020 11:00 - 03.09.2020 12:00","313","255","288","582","559","639","485","583","451"
"03.09.2020 12:00 - 03.09.2020 13:00","296","255","202","619","604","690","630","737","649"
"03.09.2020 13:00 - 03.09.2020 14:00","228","198","139","626","633","748","791","918","861"
"03.09.2020 14:00 - 03.09.2020 15:00","128","117","100","668","683","784","977","1119","1023"
"03.09.2020 15:00 - 03.09.2020 16:00","97","93","121","715","693","911","1132","1319","1124"
"03.09.2020 16:00 - 03.09.2020 17:00","66","75","88","767","738","946","1206","1363","1440"
"03.09.2020 17:00 - 03.09.2020 18:00","39","45","56","839","786","940","1272","1413","1507"
"03.09.2020 18:00 - 03.09.2020 19:00","23","26","28","857","848","961","1414","1485","1595"
"03.09.2020 19:00 - 03.09.2020 20:00","7","7","8","821","827","932","1424","1355","1562"
"03.09.2020 20:00 - 03.09.2020 21:00","0","0","1","884","920","1077","1285","1248","1250"
"03.09.2020 21:00 - 03.09.2020 22:00","0","0","0","935","938","1023","1132","1156","1253"
"03.09.2020 22:00 - 03.09.2020 23:00","0","0","0","980","972","964","1048","1092","924"
"03.09.2020 23:00 - 04.09.2020 00:00","0","0","0","938","938","809","1012","1059","817"
"04.09.2020 00:00 - 04.09.2020 01:00","0","N/A","0","873","N/A","774","1022","N/A","756"
"04.09.2020 01:00 - 04.09.2020 02:00","0","N/A","0","835","N/A","622","1021","N/A","1006"
"04.09.2020 02:00 - 04.09.2020 03:00","0","N/A","0","882","N/A","857","1037","N/A","854"
"04.09.2020 03:00 - 04.09.2020 04:00","0","N/A","0","869","N/A","849","1070","N/A","922"
"04.09.2020 04:00 - 04.09.2020 05:00","0","N/A","0","806","N/A","745","1077","N/A","984"
"04.09.2020 05:00 - 04.09.2020 06:00","0","N/A","0","731","N/A","617","1005","N/A","1150"
"04.09.2020 06:00 - 04.09.2020 07:00","4","N/A","4","730","N/A","680","892","N/A","1017"
"04.09.2020 07:00 - 04.09.2020 08:00","47","N/A","43","786","N/A","771","793","N/A","962"
"04.09.2020 08:00 - 04.09.2020 09:00","104","99","99","812","867","849","790","1053","1053"
"04.09.2020 09:00 - 04.09.2020 10:00","181","204","230","860","832","829","941","1217","1229"
"04.09.2020 10:00 - 04.09.2020 11:00","271","285","313","783","779","760","1079","1408","1577"
"04.09.2020 11:00 - 04.09.2020 12:00","316","334","345","651","690","623","1182","1516","1838"
"04.09.2020 12:00 - 04.09.2020 13:00","327","378","439","636","686","607","1315","1650","1901"
"04.09.2020 13:00 - 04.09.2020 14:00","332","385","407","625","665","642","1371","1669","1743"
"04.09.2020 14:00 - 04.09.2020 15:00","302","329","335","671","663","681","1456","1731","1733"
"04.09.2020 15:00 - 04.09.2020 16:00","271","285","300","624","681","746","1508","1762","1671"
"04.09.2020 16:00 - 04.09.2020 17:00","215","225","203","638","698","742","1459","1653","1730"
"04.09.2020 17:00 - 04.09.2020 18:00","137","140","124","705","709","772","1369","1560","1760"
"04.09.2020 18:00 - 04.09.2020 19:00","63","69","84","776","745","724","1268","1464","1605"
"04.09.2020 19:00 - 04.09.2020 20:00","14","16","25","808","777","1007","1059","1176","1265"
"04.09.2020 20:00 - 04.09.2020 21:00","0","1","2","857","807","1030","911","981","1098"
"04.09.2020 21:00 - 04.09.2020 22:00","0","0","0","853","789","990","837","893","1122"
"04.09.2020 22:00 - 04.09.2020 23:00","0","0","0","860","814","1005","814","872","1121"
"04.09.2020 23:00 - 05.09.2020 00:00","0","0","0","826","796","922","812","876","1070"
"05.09.2020 00:00 - 05.09.2020 01:00","0","N/A","0","783","N/A","998","1011","N/A","1035"
"05.09.2020 01:00 - 05.09.2020 02:00","0","N/A","0","765","N/A","913","987","N/A","1024"
"05.09.2020 02:00 - 05.09.2020 03:00","0","N/A","0","835","N/A","998","1000","N/A","1039"
"05.09.2020 03:00 - 05.09.2020 04:00","0","N/A","0","898","N/A","972","1027","N/A","999"
"05.09.2020 04:00 - 05.09.2020 05:00","0","N/A","0","872","N/A","916","983","N/A","974"
"05.09.2020 05:00 - 05.09.2020 06:00","0","N/A","0","835","N/A","871","933","N/A","1028"
"05.09.2020 06:00 - 05.09.2020 07:00","2","N/A","2","864","N/A","858","946","N/A","1121"
"05.09.2020 07:00 - 05.09.2020 08:00","33","N/A","34","896","N/A","754","927","N/A","1020"
"05.09.2020 08:00 - 05.09.2020 09:00","88","87","87","890","960","964","977","926","926"
"05.09.2020 09:00 - 05.09.2020 10:00","162","161","189","953","962","984","1124","1208","963"
"05.09.2020 10:00 - 05.09.2020 11:00","232","224","338","986","976","1041","1245","1414","1111"
"05.09.2020 11:00 - 05.09.2020 12:00","284","267","377","903","899","894","1357","1522","1394"
"05.09.2020 12:00 - 05.09.2020 13:00","310","292","377","936","926","995","1564","1678","1174"
"05.09.2020 13:00 - 05.09.2020 14:00","317","297","414","896","927","999","1662","1715","1307"
"05.09.2020 14:00 - 05.09.2020 15:00","319","294","471","830","859","822","1756","1781","1178"
"05.09.2020 15:00 - 05.09.2020 16:00","266","265","420","853","814","723","1832","1810","1168"
"05.09.2020 16:00 - 05.09.2020 17:00","199","215","377","911","867","555","1766","1677","1085"
"05.09.2020 17:00 - 05.09.2020 18:00","134","138","244","890","844","618","1643","1575","1077"
"05.09.2020 18:00 - 05.09.2020 19:00","59","62","106","893","838","622","1516","1487","1189"
"05.09.2020 19:00 - 05.09.2020 20:00","12","13","26","904","835","794","1264","1222","1097"
"05.09.2020 20:00 - 05.09.2020 21:00","0","0","3","865","814","755","1064","1028","846"
"05.09.2020 21:00 - 05.09.2020 22:00","0","0","0","795","721","728","956","883","754"
"05.09.2020 22:00 - 05.09.2020 23:00","0","0","0","787","672","722","907","817","779"
"05.09.2020 23:00 - 06.09.2020 00:00","0","0","0","749","667","622","876","786","703"
"06.09.2020 00:00 - 06.09.2020 01:00","0","N/A","0","632","N/A","694","847","N/A","757"
"06.09.2020 01:00 - 06.09.2020 02:00","0","N/A","0","664","N/A","721","825","N/A","740"
"06.09.2020 02:00 - 06.09.2020 03:00","0","N/A","0","702","N/A","789","815","N/A","745"
"06.09.2020 03:00 - 06.09.2020 04:00","0","N/A","0","744","N/A","714","806","N/A","767"
"06.09.2020 04:00 - 06.09.2020 05:00","0","N/A","0","776","N/A","681","749","N/A","714"
"06.09.2020 05:00 - 06.09.2020 06:00","0","N/A","0","724","N/A","544","679","N/A","721"
"06.09.2020 06:00 - 06.09.2020 07:00","2","N/A","3","672","N/A","642","651","N/A","649"
"06.09.2020 07:00 - 06.09.2020 08:00","31","N/A","36","650","N/A","672","615","N/A","642"
"06.09.2020 08:00 - 06.09.2020 09:00","92","101","101","616","615","617","624","644","644"
"06.09.2020 09:00 - 06.09.2020 10:00","179","176","198","610","558","588","730","790","716"
"06.09.2020 10:00 - 06.09.2020 11:00","248","260","334","524","485","738","859","951","923"
"06.09.2020 11:00 - 06.09.2020 12:00","314","326","419","435","421","575","970","1052","1114"
"06.09.2020 12:00 - 06.09.2020 13:00","358","343","411","478","494","579","1120","1213","1417"
"06.09.2020 13:00 - 06.09.2020 14:00","383","379","498","490","521","401","1215","1326","1416"
"06.09.2020 14:00 - 06.09.2020 15:00","349","364","419","496","486","545","1307","1462","1656"
"06.09.2020 15:00 - 06.09.2020 16:00","304","328","437","582","513","476","1413","1590","1717"
"06.09.2020 16:00 - 06.09.2020 17:00","243","251","380","625","579","657","1405","1572","1738"
"06.09.2020 17:00 - 06.09.2020 18:00","160","164","278","635","592","712","1383","1529","1580"
"06.09.2020 18:00 - 06.09.2020 19:00","75","75","122","673","634","758","1343","1512","1657"
"06.09.2020 19:00 - 06.09.2020 20:00","14","14","35","694","698","713","1166","1330","1354"
"06.09.2020 20:00 - 06.09.2020 21:00","0","0","6","686","756","723","1039","1202","1158"
"06.09.2020 21:00 - 06.09.2020 22:00","0","0","0","736","800","788","996","1109","1139"
"06.09.2020 22:00 - 06.09.2020 23:00","0","0","0","843","859","832","1001","1092","1186"
"06.09.2020 23:00 - 07.09.2020 00:00","0","0","0","881","871","813","1004","1102","1151"
"07.09.2020 00:00 - 07.09.2020 01:00","0","N/A","0","864","N/A","886","1176","N/A","1154"
"07.09.2020 01:00 - 07.09.2020 02:00","0","N/A","0","860","N/A","931","1146","N/A","1143"
"07.09.2020 02:00 - 07.09.2020 03:00","0","N/A","0","909","N/A","884","1117","N/A","1135"
"07.09.2020 03:00 - 07.09.2020 04:00","0","N/A","0","932","N/A","789","1082","N/A","1075"
"07.09.2020 04:00 - 07.09.2020 05:00","0","N/A","0","857","N/A","746","989","N/A","959"
"07.09.2020 05:00 - 07.09.2020 06:00","0","N/A","0","754","N/A","638","856","N/A","839"
"07.09.2020 06:00 - 07.09.2020 07:00","3","N/A","3","684","N/A","614","769","N/A","632"
"07.09.2020 07:00 - 07.09.2020 08:00","45","N/A","42","681","N/A","623","699","N/A","560"
"07.09.2020 08:00 - 07.09.2020 09:00","137","118","118","608","623","633","664","593","593"
"07.09.2020 09:00 - 07.09.2020 10:00","244","234","274","587","572","592","748","686","616"
"07.09.2020 10:00 - 07.09.2020 11:00","331","338","402","528","575","531","836","797","717"
"07.09.2020 11:00 - 07.09.2020 12:00","378","400","426","488","523","434","887","835","699"
"07.09.2020 12:00 - 07.09.2020 13:00","401","431","480","509","507","364","937","861","780"
"07.09.2020 13:00 - 07.09.2020 14:00","399","422","377","515","489","353","985","900","838"
"07.09.2020 14:00 - 07.09.2020 15:00","349","359","356","570","561","364","1109","1062","1002"
"07.09.2020 15:00 - 07.09.2020 16:00","321","312","388","624","609","444","1279","1282","895"
"07.09.2020 16:00 - 07.09.2020 17:00","245","245","319","696","696","525","1359","1351","1245"
"07.09.2020 17:00 - 07.09.2020 18:00","147","153","206","728","756","718","1340","1351","1397"
"07.09.2020 18:00 - 07.09.2020 19:00","68","72","94","804","812","697","1306","1365","1423"
"07.09.2020 19:00 - 07.09.2020 20:00","13","13","29","887","828","844","1178","1247","1174"
"07.09.2020 20:00 - 07.09.2020 21:00","0","0","4","931","914","926","1200","1268","1158"
"07.09.2020 21:00 - 07.09.2020 22:00","0","0","0","906","925","896","1367","1425","1218"
"07.09.2020 22:00 - 07.09.2020 23:00","0","0","0","924","945","873","1563","1666","809"
"07.09.2020 23:00 - 08.09.2020 00:00","0","0","0","923","934","939","1727","1887","848"
"08.09.2020 00:00 - 08.09.2020 01:00","0","N/A","0","908","N/A","954","1925","N/A","1259"
"08.09.2020 01:00 - 08.09.2020 02:00","0","N/A","0","907","N/A","1018","1998","N/A","1012"
"08.09.2020 02:00 - 08.09.2020 03:00","0","N/A","0","935","N/A","1096","2037","N/A","1189"
"08.09.2020 03:00 - 08.09.2020 04:00","0","N/A","0","960","N/A","1108","1997","N/A","1633"
"08.09.2020 04:00 - 08.09.2020 05:00","0","N/A","0","953","N/A","1105","1851","N/A","1372"
"08.09.2020 05:00 - 08.09.2020 06:00","0","N/A","0","969","N/A","1087","1717","N/A","1180"
"08.09.2020 06:00 - 08.09.2020 07:00","0","N/A","0","980","N/A","1044","1517","N/A","1031"
"08.09.2020 07:00 - 08.09.2020 08:00","8","N/A","6","917","N/A","931","1272","N/A","1104"
"08.09.2020 08:00 - 08.09.2020 09:00","39","36","36","833","818","825","1142","975","975"
"08.09.2020 09:00 - 08.09.2020 10:00","131","107","123","779","763","740","1204","1353","861"
"08.09.2020 10:00 - 08.09.2020 11:00","220","207","243","673","672","597","1294","1428","1468"
"08.09.2020 11:00 - 08.09.2020 12:00","268","278","345","582","566","560","1360","1503","1475"
"08.09.2020 12:00 - 08.09.2020 13:00","334","342","412","568","557","472","1414","1546","1158"
"08.09.2020 13:00 - 08.09.2020 14:00","361","369","432","580","602","469","1460","1572","1505"
"08.09.2020 14:00 - 08.09.2020 15:00","338","331","425","593","672","560","1540","1613","1344"
"08.09.2020 15:00 - 08.09.2020 16:00","311","279","381","647","759","637","1403","1455","905"
"08.09.2020 16:00 - 08.09.2020 17:00","255","217","296","668","779","753","1423","1449","1520"
"08.09.2020 17:00 - 08.09.2020 18:00","163","145","243","676","760","820","1301","1315","1356"
"08.09.2020 18:00 - 08.09.2020 19:00","72","65","123","725","733","785","1177","1148","1318"
"08.09.2020 19:00 - 08.09.2020 20:00","12","12","34","752","662","780","915","868","1065"
"08.09.2020 20:00 - 08.09.2020 21:00","0","0","6","778","696","784","744","750","911"
"08.09.2020 21:00 - 08.09.2020 22:00","0","0","0","763","760","719","724","728","888"
"08.09.2020 22:00 - 08.09.2020 23:00","0","0","0","682","738","557","752","737","1006"
"08.09.2020 23:00 - 09.09.2020 00:00","0","0","0","607","625","807","775","750","1049"
"09.09.2020 00:00 - 09.09.2020 01:00","0","N/A","0","697","N/A","870","958","N/A","926"
"09.09.2020 01:00 - 09.09.2020 02:00","0","N/A","0","688","N/A","909","940","N/A","927"
"09.09.2020 02:00 - 09.09.2020 03:00","0","N/A","0","698","N/A","877","920","N/A","961"
"09.09.2020 03:00 - 09.09.2020 04:00","0","N/A","0","734","N/A","842","957","N/A","864"
"09.09.2020 04:00 - 09.09.2020 05:00","0","N/A","0","759","N/A","771","1083","N/A","1333"
"09.09.2020 05:00 - 09.09.2020 06:00","0","N/A","0","790","N/A","981","1349","N/A","1436"
"09.09.2020 06:00 - 09.09.2020 07:00","0","N/A","0","874","N/A","1028","1599","N/A","1641"
"09.09.2020 07:00 - 09.09.2020 08:00","9","N/A","7","903","N/A","1027","1645","N/A","1720"
"09.09.2020 08:00 - 09.09.2020 09:00","21","20","20","914","1086","1090","1635","1706","1706"
"09.09.2020 09:00 - 09.09.2020 10:00","39","42","35","929","1063","1078","1728","2412","1840"
"09.09.2020 10:00 - 09.09.2020 11:00","53","58","40","918","1062","1058","1768","2315","2224"
"09.09.2020 11:00 - 09.09.2020 12:00","67","78","87","851","1018","918","1733","2229","2243"
"09.09.2020 12:00 - 09.09.2020 13:00","100","128","156","816","963","911","1704","2173","1864"
"09.09.2020 13:00 - 09.09.2020 14:00","116","173","264","729","844","889","1655","2128","2020"
"09.09.2020 14:00 - 09.09.2020 15:00","126","196","283","699","804","926","1723","2196","2213"
"09.09.2020 15:00 - 09.09.2020 16:00","156","241","361","815","914","1069","1640","2136","2093"
"09.09.2020 16:00 - 09.09.2020 17:00","175","228","316","889","992","1059","1817","2321","2299"
"09.09.2020 17:00 - 09.09.2020 18:00","135","156","233","920","1019","1120","1856","2307","1887"
"09.09.2020 18:00 - 09.09.2020 19:00","65","68","100","935","992","1072","1953","2272","2007"
"09.09.2020 19:00 - 09.09.2020 20:00","10","10","27","948","929","1074","1836","2025","1984"
"09.09.2020 20:00 - 09.09.2020 21:00","0","0","4","992","960","1114","1736","1940","1867"
"09.09.2020 21:00 - 09.09.2020 22:00","0","0","0","1048","1004","1120","1818","1990","2001"
"09.09.2020 22:00 - 09.09.2020 23:00","0","0","0","1020","988","1083","1910","2040","1550"
"09.09.2020 23:00 - 10.09.2020 00:00","0","0","0","941","921","1064","1933","2003","1543"
"10.09.2020 00:00 - 10.09.2020 01:00","0","N/A","0","970","N/A","1101","2265","N/A","1441"
"10.09.2020 01:00 - 10.09.2020 02:00","0","N/A","0","924","N/A","1047","2094","N/A","1331"
"10.09.2020 02:00 - 10.09.2020 03:00","0","N/A","0","939","N/A","1117","2034","N/A","1356"
"10.09.2020 03:00 - 10.09.2020 04:00","0","N/A","0","966","N/A","1105","1992","N/A","1566"
"10.09.2020 04:00 - 10.09.2020 05:00","0","N/A","0","958","N/A","1068","1902","N/A","1602"
"10.09.2020 05:00 - 10.09.2020 06:00","0","N/A","0","962","N/A","1054","1794","N/A","1744"
"10.09.2020 06:00 - 10.09.2020 07:00","2","N/A","2","952","N/A","966","1647","N/A","1654"
"10.09.2020 07:00 - 10.09.2020 08:00","38","N/A","37","918","N/A","1021","1431","N/A","1426"
"10.09.2020 08:00 - 10.09.2020 09:00","119","117","117","882","979","980","1267","1312","1312"
"10.09.2020 09:00 - 10.09.2020 10:00","227","226","234","833","879","886","1252","1283","1356"
"10.09.2020 10:00 - 10.09.2020 11:00","323","326","345","687","745","770","1252","1255","1516"
"10.09.2020 11:00 - 10.09.2020 12:00","382","399","416","563","618","539","1207","1173","1474"
"10.09.2020 12:00 - 10.09.2020 13:00","424","445","503","514","542","493","1113","1107","1373"
"10.09.2020 13:00 - 10.09.2020 14:00","420","443","499","424","516","509","1047","1046","1308"
"10.09.2020 14:00 - 10.09.2020 15:00","373","403","413","368","442","502","1052","1038","1312"
"10.09.2020 15:00 - 10.09.2020 16:00","332","355","382","359","393","505","937","922","1087"
"10.09.2020 16:00 - 10.09.2020 17:00","266","277","306","362","359","504","962","949","1105"
"10.09.2020 17:00 - 10.09.2020 18:00","167","175","206","343","347","494","873","863","869"
"10.09.2020 18:00 - 10.09.2020 19:00","68","71","85","342","336","421","738","702","605"
"10.09.2020 19:00 - 10.09.2020 20:00","10","10","18","325","275","328","528","468","359"
"10.09.2020 20:00 - 10.09.2020 21:00","0","0","2","296","251","257","394","356","311"
"10.09.2020 21:00 - 10.09.2020 22:00","0","0","0","286","251","284","337","304","273"
"10.09.2020 22:00 - 10.09.2020 23:00","0","0","0","264","244","280","315","284","246"
"10.09.2020 23:00 - 11.09.2020 00:00","0","0","0","281","255","209","303","276","271"
"11.09.2020 00:00 - 11.09.2020 01:00","0","N/A","0","281","N/A","254","257","N/A","309"
"11.09.2020 01:00 - 11.09.2020 02:00","0","N/A","0","299","N/A","280","266","N/A","279"
"11.09.2020 02:00 - 11.09.2020 03:00","0","N/A","0","324","N/A","317","310","N/A","286"
"11.09.2020 03:00 - 11.09.2020 04:00","0","N/A","0","394","N/A","340","363","N/A","391"
"11.09.2020 04:00 - 11.09.2020 05:00","0","N/A","0","416","N/A","335","419","N/A","445"
"11.09.2020 05:00 - 11.09.2020 06:00","0","N/A","0","407","N/A","520","471","N/A","462"
"11.09.2020 06:00 - 11.09.2020 07:00","1","N/A","1","412","N/A","365","504","N/A","488"
"11.09.2020 07:00 - 11.09.2020 08:00","21","N/A","24","477","N/A","251","504","N/A","503"
"11.09.2020 08:00 - 11.09.2020 09:00","75","56","56","518","368","374","516","545","545"
"11.09.2020 09:00 - 11.09.2020 10:00","140","103","99","510","434","439","553","615","598"
"11.09.2020 10:00 - 11.09.2020 11:00","201","167","161","497","427","516","630","716","599"
"11.09.2020 11:00 - 11.09.2020 12:00","243","229","208","522","457","521","750","827","633"
"11.09.2020 12:00 - 11.09.2020 13:00","288","273","253","666","647","603","961","1009","958"
"11.09.2020 13:00 - 11.09.2020 14:00","306","284","302","773","802","762","1162","1188","1223"
"11.09.2020 14:00 - 11.09.2020 15:00","280","276","242","825","755","839","1364","1367","1385"
"11.09.2020 15:00 - 11.09.2020 16:00","248","252","177","914","813","991","1339","1346","1276"
"11.09.2020 16:00 - 11.09.2020 17:00","199","191","145","900","819","1048","1464","1486","1493"
"11.09.2020 17:00 - 11.09.2020 18:00","129","120","72","856","805","1089","1435","1442","1591"
"11.09.2020 18:00 - 11.09.2020 19:00","53","51","13","846","830","1020","1392","1387","1657"
"11.09.2020 19:00 - 11.09.2020 20:00","8","8","0","863","815","998","1220","1197","1271"
"11.09.2020 20:00 - 11.09.2020 21:00","0","0","0","900","867","1103","1119","1142","1335"
"11.09.2020 21:00 - 11.09.2020 22:00","0","0","0","953","935","1115","1144","1187","1370"
"11.09.2020 22:00 - 11.09.2020 23:00","0","0","0","945","959","1071","1192","1275","1412"
"11.09.2020 23:00 - 12.09.2020 00:00","0","0","0","863","901","1017","1164","1281","1364"
"12.09.2020 00:00 - 12.09.2020 01:00","0","N/A","0","938","N/A","1050","1293","N/A","1173"
"12.09.2020 01:00 - 12.09.2020 02:00","0","N/A","0","880","N/A","999","1193","N/A","1085"
"12.09.2020 02:00 - 12.09.2020 03:00","0","N/A","0","884","N/A","1029","1161","N/A","1021"
"12.09.2020 03:00 - 12.09.2020 04:00","0","N/A","0","898","N/A","1024","1127","N/A","1110"
"12.09.2020 04:00 - 12.09.2020 05:00","0","N/A","0","885","N/A","1000","1067","N/A","1095"
"12.09.2020 05:00 - 12.09.2020 06:00","0","N/A","0","888","N/A","1038","996","N/A","1134"
"12.09.2020 06:00 - 12.09.2020 07:00","0","N/A","0","881","N/A","1014","945","N/A","1178"
"12.09.2020 07:00 - 12.09.2020 08:00","14","N/A","10","869","N/A","986","912","N/A","1192"
"12.09.2020 08:00 - 12.09.2020 09:00","41","24","24","871","1032","1043","930","978","1016"
"12.09.2020 09:00 - 12.09.2020 10:00","80","64","56","926","1000","1063","1081","1437","1582"
"12.09.2020 10:00 - 12.09.2020 11:00","113","116","93","908","997","1095","1211","1625","1594"
"12.09.2020 11:00 - 12.09.2020 12:00","138","152","96","861","976","952","1271","1723","1423"
"12.09.2020 12:00 - 12.09.2020 13:00","162","170","163","897","993","756","1410","1812","1342"
"12.09.2020 13:00 - 12.09.2020 14:00","215","201","206","864","968","939","1595","1857","1269"
"12.09.2020 14:00 - 12.09.2020 15:00","245","211","232","849","917","319","1873","2016","1640"
"12.09.2020 15:00 - 12.09.2020 16:00","258","249","270","945","936","395","1855","1963","1274"
"12.09.2020 16:00 - 12.09.2020 17:00","230","234","270","956","962","901","2022","2138","1436"
"12.09.2020 17:00 - 12.09.2020 18:00","140","145","202","967","991","881","2035","2095","1844"
"12.09.2020 18:00 - 12.09.2020 19:00","56","59","94","987","987","863","2066","2022","1763"
"12.09.2020 19:00 - 12.09.2020 20:00","8","8","20","989","935","1020","1795","1714","1726"
"12.09.2020 20:00 - 12.09.2020 21:00","0","0","3","1000","959","1014","1521","1504","1139"
"12.09.2020 21:00 - 12.09.2020 22:00","0","0","0","1007","988","921","1396","1394","1623"
"12.09.2020 22:00 - 12.09.2020 23:00","0","0","0","971","975","1031","1234","1256","1151"
"12.09.2020 23:00 - 13.09.2020 00:00","0","0","0","852","898","992","1062","1137","1013"
"13.09.2020 00:00 - 13.09.2020 01:00","0","N/A","0","865","N/A","1095","1303","N/A","1240"
"13.09.2020 01:00 - 13.09.2020 02:00","0","N/A","0","802","N/A","1037","1145","N/A","1150"
"13.09.2020 02:00 - 13.09.2020 03:00","0","N/A","0","802","N/A","1062","1088","N/A","1068"
"13.09.2020 03:00 - 13.09.2020 04:00","0","N/A","0","866","N/A","1039","1087","N/A","1145"
"13.09.2020 04:00 - 13.09.2020 05:00","0","N/A","0","884","N/A","974","1069","N/A","1202"
"13.09.2020 05:00 - 13.09.2020 06:00","0","N/A","0","889","N/A","1027","1066","N/A","1278"
"13.09.2020 06:00 - 13.09.2020 07:00","0","N/A","0","880","N/A","1031","1116","N/A","1243"
"13.09.2020 07:00 - 13.09.2020 08:00","6","N/A","9","880","N/A","990","1202","N/A","1249"
"13.09.2020 08:00 - 13.09.2020 09:00","30","26","26","871","992","1008","1378","1336","1336"
"13.09.2020 09:00 - 13.09.2020 10:00","77","57","66","898","958","1034","1631","1489","1225"
"13.09.2020 10:00 - 13.09.2020 11:00","145","101","139","881","947","1050","1793","1665","1433"
"13.09.2020 11:00 - 13.09.2020 12:00","187","152","159","834","933","1025","1853","1766","1869"
"13.09.2020 12:00 - 13.09.2020 13:00","215","207","148","832","942","617","1966","1655","1702"
"13.09.2020 13:00 - 13.09.2020 14:00","215","213","131","832","955","296","2026","1432","1551"
"13.09.2020 14:00 - 13.09.2020 15:00","177","204","107","833","938","278","2127","1508","1859"
"13.09.2020 15:00 - 13.09.2020 16:00","169","199","107","924","974","308","1963","1763","1459"
"13.09.2020 16:00 - 13.09.2020 17:00","145","156","86","1021","1010","329","2063","2137","1922"
"13.09.2020 17:00 - 13.09.2020 18:00","88","98","34","991","1004","1047","1967","2080","1597"
"13.09.2020 18:00 - 13.09.2020 19:00","39","44","13","954","961","862","1804","1986","1571"
"13.09.2020 19:00 - 13.09.2020 20:00","5","6","0","897","884","1008","1373","1629","1751"
"13.09.2020 20:00 - 13.09.2020 21:00","0","0","0","849","877","981","1099","1413","1737"
"13.09.2020 21:00 - 13.09.2020 22:00","0","0","0","781","889","909","1009","1333","1567"
"13.09.2020 22:00 - 13.09.2020 23:00","0","0","0","716","870","959","965","1299","1528"
"13.09.2020 23:00 - 14.09.2020 00:00","0","0","0","639","770","784","933","1246","1612"
"14.09.2020 00:00 - 14.09.2020 01:00","0","N/A","0","745","N/A","766","1445","N/A","1618"
"14.09.2020 01:00 - 14.09.2020 02:00","0","N/A","0","653","N/A","696","1326","N/A","1516"
"14.09.2020 02:00 - 14.09.2020 03:00","0","N/A","0","608","N/A","632","1198","N/A","1386"
"14.09.2020 03:00 - 14.09.2020 04:00","0","N/A","0","568","N/A","685","1059","N/A","1202"
"14.09.2020 04:00 - 14.09.2020 05:00","0","N/A","0","497","N/A","577","901","N/A","1079"
"14.09.2020 05:00 - 14.09.2020 06:00","0","N/A","0","440","N/A","451","730","N/A","949"
"14.09.2020 06:00 - 14.09.2020 07:00","0","N/A","0","400","N/A","428","608","N/A","748"
"14.09.2020 07:00 - 14.09.2020 08:00","28","N/A","29","340","N/A","283","511","N/A","634"
"14.09.2020 08:00 - 14.09.2020 09:00","107","93","93","303","258","263","430","491","491"
"14.09.2020 09:00 - 14.09.2020 10:00","213","200","199","316","292","244","410","470","474"
"14.09.2020 10:00 - 14.09.2020 11:00","319","308","341","315","276","183","444","490","432"
"14.09.2020 11:00 - 14.09.2020 12:00","399","394","484","325","296","272","528","542","481"
"14.09.2020 12:00 - 14.09.2020 13:00","450","451","559","324","306","294","609","595","634"
"14.09.2020 13:00 - 14.09.2020 14:00","463","469","562","281","305","349","679","642","751"
"14.09.2020 14:00 - 14.09.2020 15:00","431","445","534","244","261","331","686","642","686"
"14.09.2020 15:00 - 14.09.2020 16:00","368","385","477","213","257","268","601","581","669"
"14.09.2020 16:00 - 14.09.2020 17:00","280","293","368","200","194","258","522","533","603"
"14.09.2020 17:00 - 14.09.2020 18:00","171","181","225","169","148","172","437","477","424"
"14.09.2020 18:00 - 14.09.2020 19:00","63","68","91","147","136","170","353","384","265"
"14.09.2020 19:00 - 14.09.2020 20:00","6","6","17","131","137","140","260","278","178"
"14.09.2020 20:00 - 14.09.2020 21:00","0","0","2","109","132","145","251","248","236"
"14.09.2020 21:00 - 14.09.2020 22:00","0","0","0","89","95","92","242","241","283"
"14.09.2020 22:00 - 14.09.2020 23:00","0","0","0","80","69","60","207","221","250"
"14.09.2020 23:00 - 15.09.2020 00:00","0","0","0","61","52","44","171","188","231"
"15.09.2020 00:00 - 15.09.2020 01:00","0","N/A","0","47","N/A","51","165","N/A","132"
"15.09.2020 01:00 - 15.09.2020 02:00","0","N/A","0","36","N/A","34","128","N/A","73"
"15.09.2020 02:00 - 15.09.2020 03:00","0","N/A","0","27","N/A","22","107","N/A","29"
"15.09.2020 03:00 - 15.09.2020 04:00","0","N/A","0","18","N/A","8","87","N/A","18"
"15.09.2020 04:00 - 15.09.2020 05:00","0","N/A","0","11","N/A","0","67","N/A","13"
"15.09.2020 05:00 - 15.09.2020 06:00","0","N/A","0","5","N/A","0","48","N/A","15"
"15.09.2020 06:00 - 15.09.2020 07:00","0","N/A","0","5","N/A","0","41","N/A","24"
"15.09.2020 07:00 - 15.09.2020 08:00","16","N/A","20","10","N/A","1","37","N/A","35"
"15.09.2020 08:00 - 15.09.2020 09:00","77","80","80","22","14","14","33","44","44"
"15.09.2020 09:00 - 15.09.2020 10:00","169","175","149","28","21","39","35","59","45"
"15.09.2020 10:00 - 15.09.2020 11:00","261","268","242","20","35","64","34","65","35"
"15.09.2020 11:00 - 15.09.2020 12:00","346","344","351","10","32","24","30","67","15"
"15.09.2020 12:00 - 15.09.2020 13:00","419","413","462","4","12","15","24","72","11"
"15.09.2020 13:00 - 15.09.2020 14:00","441","443","503","3","7","1","20","75","16"
"15.09.2020 14:00 - 15.09.2020 15:00","399","410","479","5","5","0","19","71","8"
"15.09.2020 15:00 - 15.09.2020 16:00","334","336","445","16","4","0","20","66","5"
"15.09.2020 16:00 - 15.09.2020 17:00","254","239","346","11","5","0","29","66","13"
"15.09.2020 17:00 - 15.09.2020 18:00","153","139","220","17","7","0","44","71","12"
"15.09.2020 18:00 - 15.09.2020 19:00","59","56","86","25","6","2","60","73","13"
"15.09.2020 19:00 - 15.09.2020 20:00","6","6","16","36","5","0","70","64","22"
"15.09.2020 20:00 - 15.09.2020 21:00","0","0","2","53","9","0","83","61","24"
"15.09.2020 21:00 - 15.09.2020 22:00","0","0","0","78","15","3","89","60","25"
"15.09.2020 22:00 - 15.09.2020 23:00","0","0","0","99","24","17","93","61","30"
"15.09.2020 23:00 - 16.09.2020 00:00","0","0","0","90","25","24","102","86","47"
"16.09.2020 00:00 - 16.09.2020 01:00","0","N/A","0","44","N/A","25","128","N/A","55"
"16.09.2020 01:00 - 16.09.2020 02:00","0","N/A","0","39","N/A","8","171","N/A","53"
"16.09.2020 02:00 - 16.09.2020 03:00","0","N/A","0","45","N/A","33","220","N/A","96"
"16.09.2020 03:00 - 16.09.2020 04:00","0","N/A","0","112","N/A","82","312","N/A","168"
"16.09.2020 04:00 - 16.09.2020 05:00","0","N/A","0","198","N/A","238","406","N/A","259"
"16.09.2020 05:00 - 16.09.2020 06:00","0","N/A","0","245","N/A","251","468","N/A","262"
"16.09.2020 06:00 - 16.09.2020 07:00","0","N/A","0","268","N/A","234","539","N/A","301"
"16.09.2020 07:00 - 16.09.2020 08:00","13","N/A","14","305","N/A","225","572","N/A","395"
"16.09.2020 08:00 - 16.09.2020 09:00","58","51","51","368","377","378","573","510","510"
"16.09.2020 09:00 - 16.09.2020 10:00","137","123","116","439","566","564","729","716","870"
"16.09.2020 10:00 - 16.09.2020 11:00","212","203","173","612","754","637","933","982","945"
"16.09.2020 11:00 - 16.09.2020 12:00","272","286","222","681","806","843","1133","1191","886"
"16.09.2020 12:00 - 16.09.2020 13:00","332","380","305","718","850","1014","1240","1301","1453"
"16.09.2020 13:00 - 16.09.2020 14:00","375","427","415","668","883","1010","1373","1375","1834"
"16.09.2020 14:00 - 16.09.2020 15:00","390","418","458","646","872","1027","1443","1423","1573"
"16.09.2020 15:00 - 16.09.2020 16:00","348","369","441","800","915","1125","1413","1440","1544"
"16.09.2020 16:00 - 16.09.2020 17:00","268","277","375","882","928","1095","1421","1493","1710"
"16.09.2020 17:00 - 16.09.2020 18:00","161","166","254","943","951","959","1417","1485","1857"
"16.09.2020 18:00 - 16.09.2020 19:00","60","64","105","918","913","870","1387","1415","1612"
"16.09.2020 19:00 - 16.09.2020 20:00","6","6","23","820","873","777","1217","1257","1269"
"16.09.2020 20:00 - 16.09.2020 21:00","0","0","3","767","845","1003","1225","1259","1163"
"16.09.2020 21:00 - 16.09.2020 22:00","0","0","0","821","856","924","1319","1298","959"
"16.09.2020 22:00 - 16.09.2020 23:00","0","0","0","847","809","884","1352","1283","1096"
"16.09.2020 23:00 - 17.09.2020 00:00","0","0","0","825","722","745","1294","1210","780"
"17.09.2020 00:00 - 17.09.2020 01:00","0","N/A","0","700","N/A","693","1120","N/A","1015"
"17.09.2020 01:00 - 17.09.2020 02:00","0","N/A","0","604","N/A","687","984","N/A","919"
"17.09.2020 02:00 - 17.09.2020 03:00","0","N/A","0","541","N/A","706","876","N/A","824"
"17.09.2020 03:00 - 17.09.2020 04:00","0","N/A","0","544","N/A","565","793","N/A","720"
"17.09.2020 04:00 - 17.09.2020 05:00","0","N/A","0","545","N/A","482","699","N/A","668"
"17.09.2020 05:00 - 17.09.2020 06:00","0","N/A","0","523","N/A","454","591","N/A","617"
"17.09.2020 06:00 - 17.09.2020 07:00","0","N/A","0","485","N/A","370","482","N/A","441"
"17.09.2020 07:00 - 17.09.2020 08:00","22","N/A","24","406","N/A","239","374","N/A","393"
"17.09.2020 08:00 - 17.09.2020 09:00","109","113","113","320","222","226","269","281","281"
"17.09.2020 09:00 - 17.09.2020 10:00","228","231","216","258","159","174","203","210","180"
"17.09.2020 10:00 - 17.09.2020 11:00","334","338","372","198","115","175","184","178","83"
"17.09.2020 11:00 - 17.09.2020 12:00","405","413","475","125","87","101","169","163","92"
"17.09.2020 12:00 - 17.09.2020 13:00","460","473","554","99","73","64","147","149","74"
"17.09.2020 13:00 - 17.09.2020 14:00","475","487","567","118","72","69","135","144","69"
"17.09.2020 14:00 - 17.09.2020 15:00","434","445","530","129","76","32","137","143","72"
"17.09.2020 15:00 - 17.09.2020 16:00","368","372","493","145","55","67","148","151","66"
"17.09.2020 16:00 - 17.09.2020 17:00","277","276","377","114","45","61","172","189","74"
"17.09.2020 17:00 - 17.09.2020 18:00","166","162","230","110","40","80","177","218","66"
"17.09.2020 18:00 - 17.09.2020 19:00","62","61","93","111","33","48","165","207","46"
"17.09.2020 19:00 - 17.09.2020 20:00","6","6","19","109","31","40","158","181","53"
"17.09.2020 20:00 - 17.09.2020 21:00","0","0","3","115","40","25","179","194","86"
"17.09.2020 21:00 - 17.09.2020 22:00","0","0","0","127","63","37","180","210","116"
"17.09.2020 22:00 - 17.09.2020 23:00","0","0","0","121","73","11","168","220","116"
"17.09.2020 23:00 - 18.09.2020 00:00","0","0","0","99","74","23","159","243","136"
"18.09.2020 00:00 - 18.09.2020 01:00","0","N/A","0","107","N/A","50","240","N/A","140"
"18.09.2020 01:00 - 18.09.2020 02:00","0","N/A","0","133","N/A","45","272","N/A","189"
"18.09.2020 02:00 - 18.09.2020 03:00","0","N/A","0","138","N/A","58","305","N/A","270"
"18.09.2020 03:00 - 18.09.2020 04:00","0","N/A","0","140","N/A","81","344","N/A","295"
"18.09.2020 04:00 - 18.09.2020 05:00","0","N/A","0","169","N/A","94","392","N/A","316"
"18.09.2020 05:00 - 18.09.2020 06:00","0","N/A","0","185","N/A","85","434","N/A","384"
"18.09.2020 06:00 - 18.09.2020 07:00","0","N/A","0","198","N/A","106","463","N/A","433"
"18.09.2020 07:00 - 18.09.2020 08:00","21","N/A","22","212","N/A","127","464","N/A","435"
"18.09.2020 08:00 - 18.09.2020 09:00","106","110","110","216","146","144","428","428","428"
"18.09.2020 09:00 - 18.09.2020 10:00","224","234","246","202","171","178","435","458","507"
"18.09.2020 10:00 - 18.09.2020 11:00","330","349","397","189","188","176","517","560","541"
"18.09.2020 11:00 - 18.09.2020 12:00","408","434","521","155","178","161","603","640","713"
"18.09.2020 12:00 - 18.09.2020 13:00","460","496","591","138","162","229","626","630","711"
"18.09.2020 13:00 - 18.09.2020 14:00","473","501","583","157","145","238","616","590","591"
"18.09.2020 14:00 - 18.09.2020 15:00","427","453","534","151","135","144","615","582","571"
"18.09.2020 15:00 - 18.09.2020 16:00","364","386","491","121","96","104","622","605","555"
"18.09.2020 16:00 - 18.09.2020 17:00","270","284","376","108","79","118","632","643","631"
"18.09.2020 17:00 - 18.09.2020 18:00","159","168","229","128","92","121","590","613","614"
"18.09.2020 18:00 - 18.09.2020 19:00","56","60","90","152","124","170","501","501","457"
"18.09.2020 19:00 - 18.09.2020 20:00","5","5","18","154","135","174","387","383","312"
"18.09.2020 20:00 - 18.09.2020 21:00","0","0","3","134","143","172","374","369","347"
"18.09.2020 21:00 - 18.09.2020 22:00","0","0","0","135","144","172","386","374","354"
"18.09.2020 22:00 - 18.09.2020 23:00","0","0","0","134","130","92","372","353","364"
"18.09.2020 23:00 - 19.09.2020 00:00","0","0","0","124","108","92","352","322","348"
"19.09.2020 00:00 - 19.09.2020 01:00","0","N/A","0","101","N/A","121","282","N/A","333"
"19.09.2020 01:00 - 19.09.2020 02:00","0","N/A","0","100","N/A","74","258","N/A","316"
"19.09.2020 02:00 - 19.09.2020 03:00","0","N/A","0","88","N/A","62","244","N/A","317"
"19.09.2020 03:00 - 19.09.2020 04:00","0","N/A","0","74","N/A","34","226","N/A","273"
"19.09.2020 04:00 - 19.09.2020 05:00","0","N/A","0","90","N/A","69","203","N/A","199"
"19.09.2020 05:00 - 19.09.2020 06:00","0","N/A","0","87","N/A","46","164","N/A","162"
"19.09.2020 06:00 - 19.09.2020 07:00","0","N/A","0","78","N/A","30","133","N/A","130"
"19.09.2020 07:00 - 19.09.2020 08:00","15","N/A","16","73","N/A","47","104","N/A","84"
"19.09.2020 08:00 - 19.09.2020 09:00","76","65","65","68","47","47","78","56","56"
"19.09.2020 09:00 - 19.09.2020 10:00","165","155","135","60","38","38","61","57","37"
"19.09.2020 10:00 - 19.09.2020 11:00","253","248","204","50","41","31","56","66","26"
"19.09.2020 11:00 - 19.09.2020 12:00","328","309","243","38","26","31","63","70","8"
"19.09.2020 12:00 - 19.09.2020 13:00","387","369","329","19","11","10","55","64","1"
"19.09.2020 13:00 - 19.09.2020 14:00","406","399","367","15","5","2","45","57","8"
"19.09.2020 14:00 - 19.09.2020 15:00","371","386","384","17","9","0","48","56","18"
"19.09.2020 15:00 - 19.09.2020 16:00","314","325","385","17","7","11","49","63","19"
"19.09.2020 16:00 - 19.09.2020 17:00","233","238","309","22","10","30","53","72","22"
"19.09.2020 17:00 - 19.09.2020 18:00","131","136","201","49","29","47","58","76","16"
"19.09.2020 18:00 - 19.09.2020 19:00","44","48","66","54","50","57","60","68","14"
"19.09.2020 19:00 - 19.09.2020 20:00","3","3","12","60","60","37","60","60","19"
"19.09.2020 20:00 - 19.09.2020 21:00","0","0","2","58","59","59","65","63","26"
"19.09.2020 21:00 - 19.09.2020 22:00","0","0","0","50","42","43","62","60","33"
"19.09.2020 22:00 - 19.09.2020 23:00","0","0","0","42","30","27","52","50","26"
"19.09.2020 23:00 - 20.09.2020 00:00","0","0","0","29","18","19","40","34","17"
"20.09.2020 00:00 - 20.09.2020 01:00","0","N/A","0","14","N/A","7","20","N/A","19"
"20.09.2020 01:00 - 20.09.2020 02:00","0","N/A","0","9","N/A","12","19","N/A","22"
"20.09.2020 02:00 - 20.09.2020 03:00","0","N/A","0","7","N/A","2","18","N/A","16"
"20.09.2020 03:00 - 20.09.2020 04:00","0","N/A","0","10","N/A","1","20","N/A","24"
"20.09.2020 04:00 - 20.09.2020 05:00","0","N/A","0","8","N/A","1","21","N/A","32"
"20.09.2020 05:00 - 20.09.2020 06:00","0","N/A","0","6","N/A","0","20","N/A","24"
"20.09.2020 06:00 - 20.09.2020 07:00","0","N/A","0","8","N/A","1","22","N/A","23"
"20.09.2020 07:00 - 20.09.2020 08:00","10","N/A","12","14","N/A","1","26","N/A","18"
"20.09.2020 08:00 - 20.09.2020 09:00","58","53","53","16","2","3","24","20","20"
"20.09.2020 09:00 - 20.09.2020 10:00","141","137","123","12","3","2","25","39","32"
"20.09.2020 10:00 - 20.09.2020 11:00","229","227","182","6","1","0","32","62","34"
"20.09.2020 11:00 - 20.09.2020 12:00","292","288","189","4","2","0","44","87","34"
"20.09.2020 12:00 - 20.09.2020 13:00","341","347","266","6","8","0","51","96","35"
"20.09.2020 13:00 - 20.09.2020 14:00","361","364","321","15","21","4","57","108","34"
"20.09.2020 14:00 - 20.09.2020 15:00","331","356","319","22","20","1","78","128","31"
"20.09.2020 15:00 - 20.09.2020 16:00","305","332","301","32","19","7","117","151","46"
"20.09.2020 16:00 - 20.09.2020 17:00","242","256","235","43","26","9","158","184","69"
"20.09.2020 17:00 - 20.09.2020 18:00","143","149","144","49","48","19","169","196","35"
"20.09.2020 18:00 - 20.09.2020 19:00","47","49","67","76","92","40","154","167","26"
"20.09.2020 19:00 - 20.09.2020 20:00","3","3","11","114","104","15","136","138","56"
"20.09.2020 20:00 - 20.09.2020 21:00","0","0","1","132","110","17","155","137","74"
"20.09.2020 21:00 - 20.09.2020 22:00","0","0","0","117","87","3","175","146","86"
"20.09.2020 22:00 - 20.09.2020 23:00","0","0","0","80","57","21","184","147","105"
"20.09.2020 23:00 - 21.09.2020 00:00","0","0","0","56","46","15","185","148","103"
"21.09.2020 00:00 - 21.09.2020 01:00","0","N/A","0","74","N/A","18","134","N/A","85"
"21.09.2020 01:00 - 21.09.2020 02:00","0","N/A","0","63","N/A","11","137","N/A","83"
"21.09.2020 02:00 - 21.09.2020 03:00","0","N/A","0","52","N/A","10","137","N/A","91"
"21.09.2020 03:00 - 21.09.2020 04:00","0","N/A","0","43","N/A","24","135","N/A","82"
"21.09.2020 04:00 - 21.09.2020 05:00","0","N/A","0","54","N/A","39","145","N/A","76"
"21.09.2020 05:00 - 21.09.2020 06:00","0","N/A","0","63","N/A","44","146","N/A","94"
"21.09.2020 06:00 - 21.09.2020 07:00","0","N/A","0","61","N/A","46","140","N/A","107"
"21.09.2020 07:00 - 21.09.2020 08:00","9","N/A","10","49","N/A","70","132","N/A","126"
"21.09.2020 08:00 - 21.09.2020 09:00","52","43","43","51","52","50","129","168","168"
"21.09.2020 09:00 - 21.09.2020 10:00","124","115","98","53","50","56","155","198","256"
"21.09.2020 10:00 - 21.09.2020 11:00","203","203","148","63","53","54","208","257","277"
"21.09.2020 11:00 - 21.09.2020 12:00","273","272","167","64","58","50","261","317","299"
"21.09.2020 12:00 - 21.09.2020 13:00","338","341","267","60","61","51","306","344","327"
"21.09.2020 13:00 - 21.09.2020 14:00","371","366","350","51","59","65","345","381","357"
"21.09.2020 14:00 - 21.09.2020 15:00","344","368","398","40","41","32","381","392","383"
"21.09.2020 15:00 - 21.09.2020 16:00","305","327","376","39","29","32","393","402","392"
"21.09.2020 16:00 - 21.09.2020 17:00","238","245","289","33","34","37","385","420","430"
"21.09.2020 17:00 - 21.09.2020 18:00","139","143","175","35","37","43","355","400","352"
"21.09.2020 18:00 - 21.09.2020 19:00","44","47","63","44","50","59","292","316","270"
"21.09.2020 19:00 - 21.09.2020 20:00","3","3","11","50","66","100","231","228","235"
"21.09.2020 20:00 - 21.09.2020 21:00","0","0","2","43","71","84","220","213","236"
"21.09.2020 21:00 - 21.09.2020 22:00","0","0","0","49","71","90","227","219","231"
"21.09.2020 22:00 - 21.09.2020 23:00","0","0","0","58","78","90","225","216","211"
"21.09.2020 23:00 - 22.09.2020 00:00","0","0","0","55","69","63","220","205","217"
"22.09.2020 00:00 - 22.09.2020 01:00","0","N/A","0","79","N/A","62","236","N/A","220"
"22.09.2020 01:00 - 22.09.2020 02:00","0","N/A","0","77","N/A","68","218","N/A","209"
"22.09.2020 02:00 - 22.09.2020 03:00","0","N/A","0","68","N/A","69","211","N/A","246"
"22.09.2020 03:00 - 22.09.2020 04:00","0","N/A","0","57","N/A","64","202","N/A","265"
"22.09.2020 04:00 - 22.09.2020 05:00","0","N/A","0","49","N/A","61","197","N/A","341"
"22.09.2020 05:00 - 22.09.2020 06:00","0","N/A","0","48","N/A","87","182","N/A","259"
"22.09.2020 06:00 - 22.09.2020 07:00","0","N/A","0","36","N/A","88","177","N/A","200"
"22.09.2020 07:00 - 22.09.2020 08:00","11","N/A","12","38","N/A","68","178","N/A","196"
"22.09.2020 08:00 - 22.09.2020 09:00","70","68","68","44","46","44","172","173","173"
"22.09.2020 09:00 - 22.09.2020 10:00","165","171","165","52","61","39","183","196","155"
"22.09.2020 10:00 - 22.09.2020 11:00","266","277","261","59","65","11","210","249","143"
"22.09.2020 11:00 - 22.09.2020 12:00","347","362","330","57","75","16","239","303","137"
"22.09.2020 12:00 - 22.09.2020 13:00","401","426","456","61","82","69","265","329","175"
"22.09.2020 13:00 - 22.09.2020 14:00","421","444","460","68","114","152","286","364","236"
"22.09.2020 14:00 - 22.09.2020 15:00","401","411","467","87","133","183","288","390","269"
"22.09.2020 15:00 - 22.09.2020 16:00","344","343","442","114","188","191","270","407","241"
"22.09.2020 16:00 - 22.09.2020 17:00","250","249","324","119","204","180","282","420","271"
"22.09.2020 17:00 - 22.09.2020 18:00","140","140","194","124","200","141","256","397","233"
"22.09.2020 18:00 - 22.09.2020 19:00","42","43","67","123","164","101","204","307","173"
"22.09.2020 19:00 - 22.09.2020 20:00","2","2","10","114","141","99","172","233","191"
"22.09.2020 20:00 - 22.09.2020 21:00","0","0","1","117","147","140","191","235","299"
"22.09.2020 21:00 - 22.09.2020 22:00","0","0","0","122","171","181","248","281","396"
"22.09.2020 22:00 - 22.09.2020 23:00","0","0","0","118","218","191","297","329","406"
"22.09.2020 23:00 - 23.09.2020 00:00","0","0","0","111","229","199","320","359","402"
"23.09.2020 00:00 - 23.09.2020 01:00","0","N/A","0","234","N/A","305","406","N/A","398"
"23.09.2020 01:00 - 23.09.2020 02:00","0","N/A","0","237","N/A","288","404","N/A","408"
"23.09.2020 02:00 - 23.09.2020 03:00","0","N/A","0","275","N/A","247","411","N/A","414"
"23.09.2020 03:00 - 23.09.2020 04:00","0","N/A","0","322","N/A","234","418","N/A","369"
"23.09.2020 04:00 - 23.09.2020 05:00","0","N/A","0","328","N/A","246","442","N/A","336"
"23.09.2020 05:00 - 23.09.2020 06:00","0","N/A","0","400","N/A","307","462","N/A","384"
"23.09.2020 06:00 - 23.09.2020 07:00","0","N/A","0","456","N/A","336","511","N/A","471"
"23.09.2020 07:00 - 23.09.2020 08:00","11","N/A","11","523","N/A","429","565","N/A","496"
"23.09.2020 08:00 - 23.09.2020 09:00","77","66","66","546","476","463","576","466","466"
"23.09.2020 09:00 - 23.09.2020 10:00","185","176","185","611","534","411","619","509","500"
"23.09.2020 10:00 - 23.09.2020 11:00","268","274","276","599","476","390","688","581","446"
"23.09.2020 11:00 - 23.09.2020 12:00","312","320","316","532","483","375","736","671","524"
"23.09.2020 12:00 - 23.09.2020 13:00","339","347","321","466","511","322","795","763","601"
"23.09.2020 13:00 - 23.09.2020 14:00","318","338","330","490","564","570","893","877","672"
"23.09.2020 14:00 - 23.09.2020 15:00","251","303","302","514","515","435","917","940","806"
"23.09.2020 15:00 - 23.09.2020 16:00","178","245","211","513","577","392","801","868","819"
"23.09.2020 16:00 - 23.09.2020 17:00","131","139","153","428","620","463","735","786","874"
"23.09.2020 17:00 - 23.09.2020 18:00","73","64","75","417","575","568","647","755","719"
"23.09.2020 18:00 - 23.09.2020 19:00","23","20","22","476","674","850","517","674","615"
"23.09.2020 19:00 - 23.09.2020 20:00","1","1","1","697","849","738","402","628","599"
"23.09.2020 20:00 - 23.09.2020 21:00","0","0","0","806","916","1035","417","776","851"
"23.09.2020 21:00 - 23.09.2020 22:00","0","0","0","827","937","1022","619","1066","1246"
"23.09.2020 22:00 - 23.09.2020 23:00","0","0","0","846","930","1053","889","1323","1614"
"23.09.2020 23:00 - 24.09.2020 00:00","0","0","0","823","897","826","1000","1389","1564"
"24.09.2020 00:00 - 24.09.2020 01:00","0","N/A","0","948","N/A","914","1362","N/A","1342"
"24.09.2020 01:00 - 24.09.2020 02:00","0","N/A","0","957","N/A","1003","1250","N/A","1159"
"24.09.2020 02:00 - 24.09.2020 03:00","0","N/A","0","936","N/A","869","1294","N/A","1234"
"24.09.2020 03:00 - 24.09.2020 04:00","0","N/A","0","910","N/A","885","1400","N/A","1223"
"24.09.2020 04:00 - 24.09.2020 05:00","0","N/A","0","830","N/A","877","1589","N/A","1116"
"24.09.2020 05:00 - 24.09.2020 06:00","0","N/A","0","893","N/A","1070","1746","N/A","1334"
"24.09.2020 06:00 - 24.09.2020 07:00","0","N/A","0","926","N/A","820","1892","N/A","1428"
"24.09.2020 07:00 - 24.09.2020 08:00","5","N/A","5","898","N/A","1023","1939","N/A","1476"
"24.09.2020 08:00 - 24.09.2020 09:00","45","37","37","882","1050","1055","1826","1906","1906"
"24.09.2020 09:00 - 24.09.2020 10:00","142","139","151","883","1032","1127","1833","2227","1885"
"24.09.2020 10:00 - 24.09.2020 11:00","251","255","290","875","989","1122","1915","2282","2138"
"24.09.2020 11:00 - 24.09.2020 12:00","320","326","349","874","980","1120","1950","2286","2166"
"24.09.2020 12:00 - 24.09.2020 13:00","345","380","465","880","992","1085","1934","2218","2038"
"24.09.2020 13:00 - 24.09.2020 14:00","356","381","430","908","1007","1136","1985","2215","2130"
"24.09.2020 14:00 - 24.09.2020 15:00","333","352","430","904","1021","1072","2008","2270","1990"
"24.09.2020 15:00 - 24.09.2020 16:00","288","297","359","933","1005","1132","1922","2195","1778"
"24.09.2020 16:00 - 24.09.2020 17:00","197","203","242","975","968","1059","1806","1997","1439"
"24.09.2020 17:00 - 24.09.2020 18:00","98","98","143","958","957","1080","1682","1642","1435"
"24.09.2020 18:00 - 24.09.2020 19:00","23","28","26","949","940","551","1400","1105","919"
"24.09.2020 19:00 - 24.09.2020 20:00","1","1","1","973","921","525","1114","730","698"
"24.09.2020 20:00 - 24.09.2020 21:00","0","0","0","901","885","876","1033","675","660"
"24.09.2020 21:00 - 24.09.2020 22:00","0","0","0","692","823","1040","1001","716","545"
"24.09.2020 22:00 - 24.09.2020 23:00","0","0","0","516","730","873","886","741","599"
"24.09.2020 23:00 - 25.09.2020 00:00","0","0","0","426","578","443","750","693","511"
"25.09.2020 00:00 - 25.09.2020 01:00","0","N/A","0","296","N/A","179","477","N/A","435"
"25.09.2020 01:00 - 25.09.2020 02:00","0","N/A","0","257","N/A","176","338","N/A","483"
"25.09.2020 02:00 - 25.09.2020 03:00","0","N/A","0","217","N/A","195","293","N/A","463"
"25.09.2020 03:00 - 25.09.2020 04:00","0","N/A","0","178","N/A","249","259","N/A","450"
"25.09.2020 04:00 - 25.09.2020 05:00","0","N/A","0","249","N/A","360","307","N/A","512"
"25.09.2020 05:00 - 25.09.2020 06:00","0","N/A","0","386","N/A","516","394","N/A","588"
"25.09.2020 06:00 - 25.09.2020 07:00","0","N/A","0","543","N/A","670","466","N/A","751"
"25.09.2020 07:00 - 25.09.2020 08:00","4","N/A","7","631","N/A","1001","511","N/A","941"
"25.09.2020 08:00 - 25.09.2020 09:00","27","27","27","675","1052","1073","515","1076","1076"
"25.09.2020 09:00 - 25.09.2020 10:00","51","49","43","636","1070","1036","548","1110","1217"
"25.09.2020 10:00 - 25.09.2020 11:00","62","58","49","634","1035","916","611","1160","1166"
"25.09.2020 11:00 - 25.09.2020 12:00","57","51","51","630","973","764","665","1187","1124"
"25.09.2020 12:00 - 25.09.2020 13:00","47","55","72","655","834","607","716","1195","908"
"25.09.2020 13:00 - 25.09.2020 14:00","38","52","72","625","693","370","782","1203","1023"
"25.09.2020 14:00 - 25.09.2020 15:00","27","46","90","531","546","168","851","1247","1278"
"25.09.2020 15:00 - 25.09.2020 16:00","27","42","92","458","494","290","907","1209","1040"
"25.09.2020 16:00 - 25.09.2020 17:00","22","31","62","442","478","410","919","1173","920"
"25.09.2020 17:00 - 25.09.2020 18:00","10","19","49","358","474","420","941","1228","886"
"25.09.2020 18:00 - 25.09.2020 19:00","4","5","15","328","476","431","915","1231","940"
"25.09.2020 19:00 - 25.09.2020 20:00","0","0","4","277","435","373","824","1110","732"
"25.09.2020 20:00 - 25.09.2020 21:00","0","0","1","241","400","359","774","1099","741"
"25.09.2020 21:00 - 25.09.2020 22:00","0","0","0","284","414","159","768","1087","679"
"25.09.2020 22:00 - 25.09.2020 23:00","0","0","0","372","463","28","766","1034","575"
"25.09.2020 23:00 - 26.09.2020 00:00","0","0","0","417","355","62","726","930","536"
"26.09.2020 00:00 - 26.09.2020 01:00","0","N/A","0","417","N/A","74","1003","N/A","530"
"26.09.2020 01:00 - 26.09.2020 02:00","0","N/A","0","470","N/A","102","946","N/A","513"
"26.09.2020 02:00 - 26.09.2020 03:00","0","N/A","0","454","N/A","150","952","N/A","586"
"26.09.2020 03:00 - 26.09.2020 04:00","0","N/A","0","412","N/A","217","884","N/A","675"
"26.09.2020 04:00 - 26.09.2020 05:00","0","N/A","0","479","N/A","153","858","N/A","794"
"26.09.2020 05:00 - 26.09.2020 06:00","0","N/A","0","546","N/A","96","760","N/A","939"
"26.09.2020 06:00 - 26.09.2020 07:00","0","N/A","0","553","N/A","153","670","N/A","988"
"26.09.2020 07:00 - 26.09.2020 08:00","4","N/A","4","611","N/A","197","599","N/A","942"
"26.09.2020 08:00 - 26.09.2020 09:00","34","23","23","602","428","432","527","854","854"
"26.09.2020 09:00 - 26.09.2020 10:00","79","53","58","555","446","466","512","776","841"
"26.09.2020 10:00 - 26.09.2020 11:00","118","81","89","528","476","326","544","785","859"
"26.09.2020 11:00 - 26.09.2020 12:00","130","104","103","500","508","347","588","769","837"
"26.09.2020 12:00 - 26.09.2020 13:00","139","140","136","495","543","340","587","714","864"
"26.09.2020 13:00 - 26.09.2020 14:00","142","158","126","457","588","467","605","722","849"
"26.09.2020 14:00 - 26.09.2020 15:00","114","134","103","323","581","508","667","713","865"
"26.09.2020 15:00 - 26.09.2020 16:00","98","123","102","365","643","683","692","705","858"
"26.09.2020 16:00 - 26.09.2020 17:00","74","96","73","627","674","716","665","723","845"
"26.09.2020 17:00 - 26.09.2020 18:00","35","48","32","676","761","774","681","821","1065"
"26.09.2020 18:00 - 26.09.2020 19:00","9","11","9","692","781","1023","683","940","1164"
"26.09.2020 19:00 - 26.09.2020 20:00","0","0","0","754","834","1045","693","1040","1471"
"26.09.2020 20:00 - 26.09.2020 21:00","0","0","0","825","883","1045","838","1235","1967"
"26.09.2020 21:00 - 26.09.2020 22:00","0","0","0","935","945","1075","1142","1470","1817"
"26.09.2020 22:00 - 26.09.2020 23:00","0","0","0","971","989","1105","1443","1658","1839"
"26.09.2020 23:00 - 27.09.2020 00:00","0","0","0","944","997","1016","1544","1728","1585"
"27.09.2020 00:00 - 27.09.2020 01:00","0","N/A","0","980","N/A","1073","1935","N/A","1422"
"27.09.2020 01:00 - 27.09.2020 02:00","0","N/A","0","954","N/A","1018","1897","N/A","1458"
"27.09.2020 02:00 - 27.09.2020 03:00","0","N/A","0","939","N/A","1095","1945","N/A","1772"
"27.09.2020 03:00 - 27.09.2020 04:00","0","N/A","0","954","N/A","1108","1815","N/A","2030"
"27.09.2020 04:00 - 27.09.2020 05:00","0","N/A","0","988","N/A","1078","1736","N/A","2089"
"27.09.2020 05:00 - 27.09.2020 06:00","0","N/A","0","988","N/A","1086","1592","N/A","1844"
"27.09.2020 06:00 - 27.09.2020 07:00","0","N/A","0","968","N/A","981","1469","N/A","1744"
"27.09.2020 07:00 - 27.09.2020 08:00","3","N/A","4","898","N/A","1053","1321","N/A","1709"
"27.09.2020 08:00 - 27.09.2020 09:00","28","34","34","826","1023","1039","1154","1646","1646"
"27.09.2020 09:00 - 27.09.2020 10:00","70","87","59","821","980","984","1080","1549","1708"
"27.09.2020 10:00 - 27.09.2020 11:00","130","144","101","728","920","968","1067","1553","1722"
"27.09.2020 11:00 - 27.09.2020 12:00","180","244","187","545","828","870","1040","1524","1598"
"27.09.2020 12:00 - 27.09.2020 13:00","268","336","197","414","732","764","969","1447","1554"
"27.09.2020 13:00 - 27.09.2020 14:00","328","367","266","481","672","630","943","1431","1674"
"27.09.2020 14:00 - 27.09.2020 15:00","337","360","309","509","618","689","917","1429","1681"
"27.09.2020 15:00 - 27.09.2020 16:00","296","301","303","598","686","781","898","1381","1609"
"27.09.2020 16:00 - 27.09.2020 17:00","216","214","217","612","799","820","972","1312","1534"
"27.09.2020 17:00 - 27.09.2020 18:00","109","109","104","621","814","815","997","1273","1569"
"27.09.2020 18:00 - 27.09.2020 19:00","25","25","18","615","768","879","1019","1175","1503"
"27.09.2020 19:00 - 27.09.2020 20:00","1","1","0","611","753","858","987","1003","1483"
"27.09.2020 20:00 - 27.09.2020 21:00","0","0","0","646","737","895","1002","1018","1542"
"27.09.2020 21:00 - 27.09.2020 22:00","0","0","0","679","730","811","1019","1092","1441"
"27.09.2020 22:00 - 27.09.2020 23:00","0","0","0","704","722","810","940","1055","1118"
"27.09.2020 23:00 - 28.09.2020 00:00","0","0","0","646","650","692","825","951","1031"
"28.09.2020 00:00 - 28.09.2020 01:00","0","N/A","0","511","N/A","553","1037","N/A","964"
"28.09.2020 01:00 - 28.09.2020 02:00","0","N/A","0","456","N/A","498","960","N/A","953"
"28.09.2020 02:00 - 28.09.2020 03:00","0","N/A","0","447","N/A","518","927","N/A","896"
"28.09.2020 03:00 - 28.09.2020 04:00","0","N/A","0","423","N/A","472","867","N/A","817"
"28.09.2020 04:00 - 28.09.2020 05:00","0","N/A","0","394","N/A","476","803","N/A","861"
"28.09.2020 05:00 - 28.09.2020 06:00","0","N/A","0","425","N/A","456","691","N/A","794"
"28.09.2020 06:00 - 28.09.2020 07:00","0","N/A","0","366","N/A","553","615","N/A","731"
"28.09.2020 07:00 - 28.09.2020 08:00","6","N/A","7","347","N/A","574","556","N/A","690"
"28.09.2020 08:00 - 28.09.2020 09:00","56","59","59","372","564","557","481","580","580"
"28.09.2020 09:00 - 28.09.2020 10:00","140","150","101","398","525","636","449","541","572"
"28.09.2020 10:00 - 28.09.2020 11:00","220","219","99","306","457","442","471","557","583"
"28.09.2020 11:00 - 28.09.2020 12:00","276","261","75","240","368","352","477","549","503"
"28.09.2020 12:00 - 28.09.2020 13:00","284","262","65","148","303","314","429","496","386"
"28.09.2020 13:00 - 28.09.2020 14:00","264","233","88","91","235","365","391","486","349"
"28.09.2020 14:00 - 28.09.2020 15:00","229","223","112","63","212","371","383","466","251"
"28.09.2020 15:00 - 28.09.2020 16:00","170","165","66","55","193","251","359","437","246"
"28.09.2020 16:00 - 28.09.2020 17:00","91","87","46","80","199","235","322","433","246"
"28.09.2020 17:00 - 28.09.2020 18:00","41","39","22","89","245","156","290","409","205"
"28.09.2020 18:00 - 28.09.2020 19:00","8","8","2","168","289","184","265","377","178"
"28.09.2020 19:00 - 28.09.2020 20:00","0","0","0","275","395","314","233","337","165"
"28.09.2020 20:00 - 28.09.2020 21:00","0","0","0","273","440","388","221","342","183"
"28.09.2020 21:00 - 28.09.2020 22:00","0","0","0","194","441","291","204","335","167"
"28.09.2020 22:00 - 28.09.2020 23:00","0","0","0","145","434","231","190","316","170"
"28.09.2020 23:00 - 29.09.2020 00:00","0","0","0","176","437","250","180","302","139"
"29.09.2020 00:00 - 29.09.2020 01:00","0","N/A","0","441","N/A","266","282","N/A","188"
"29.09.2020 01:00 - 29.09.2020 02:00","0","N/A","0","414","N/A","241","278","N/A","161"
"29.09.2020 02:00 - 29.09.2020 03:00","0","N/A","0","380","N/A","203","262","N/A","175"
"29.09.2020 03:00 - 29.09.2020 04:00","0","N/A","0","364","N/A","156","256","N/A","195"
"29.09.2020 04:00 - 29.09.2020 05:00","0","N/A","0","307","N/A","231","274","N/A","209"
"29.09.2020 05:00 - 29.09.2020 06:00","0","N/A","0","354","N/A","243","294","N/A","199"
"29.09.2020 06:00 - 29.09.2020 07:00","0","N/A","0","359","N/A","253","296","N/A","174"
"29.09.2020 07:00 - 29.09.2020 08:00","4","N/A","4","369","N/A","311","281","N/A","202"
"29.09.2020 08:00 - 29.09.2020 09:00","38","35","35","351","351","329","257","211","207"
"29.09.2020 09:00 - 29.09.2020 10:00","102","90","78","363","436","285","281","291","273"
"29.09.2020 10:00 - 29.09.2020 11:00","171","147","134","473","497","292","331","395","324"
"29.09.2020 11:00 - 29.09.2020 12:00","222","178","165","502","500","248","397","463","412"
"29.09.2020 12:00 - 29.09.2020 13:00","258","201","222","496","498","295","420","475","483"
"29.09.2020 13:00 - 29.09.2020 14:00","257","188","227","502","457","371","451","525","562"
"29.09.2020 14:00 - 29.09.2020 15:00","245","162","173","477","443","431","432","495","480"
"29.09.2020 15:00 - 29.09.2020 16:00","204","140","132","433","485","345","385","448","443"
"29.09.2020 16:00 - 29.09.2020 17:00","140","96","61","457","506","382","349","424","386"
"29.09.2020 17:00 - 29.09.2020 18:00","72","53","42","439","488","337","295","399","327"
"29.09.2020 18:00 - 29.09.2020 19:00","15","12","14","425","395","304","262","349","256"
"29.09.2020 19:00 - 29.09.2020 20:00","0","0","0","468","303","440","251","319","254"
"29.09.2020 20:00 - 29.09.2020 21:00","0","0","0","472","259","365","290","373","340"
"29.09.2020 21:00 - 29.09.2020 22:00","0","0","0","421","222","274","342","452","401"
"29.09.2020 22:00 - 29.09.2020 23:00","0","0","0","348","198","109","395","493","459"
"29.09.2020 23:00 - 30.09.2020 00:00","0","0","0","328","231","54","415","481","484"
"30.09.2020 00:00 - 30.09.2020 01:00","0","N/A","0","161","N/A","90","414","N/A","416"
"30.09.2020 01:00 - 30.09.2020 02:00","0","N/A","0","182","N/A","105","390","N/A","348"
"30.09.2020 02:00 - 30.09.2020 03:00","0","N/A","0","199","N/A","145","352","N/A","303"
"30.09.2020 03:00 - 30.09.2020 04:00","0","N/A","0","219","N/A","179","321","N/A","264"
"30.09.2020 04:00 - 30.09.2020 05:00","0","N/A","0","266","N/A","199","285","N/A","211"
"30.09.2020 05:00 - 30.09.2020 06:00","0","N/A","0","300","N/A","197","232","N/A","153"
"30.09.2020 06:00 - 30.09.2020 07:00","0","N/A","0","309","N/A","184","196","N/A","121"
"30.09.2020 07:00 - 30.09.2020 08:00","2","N/A","3","311","N/A","191","180","N/A","98"
"30.09.2020 08:00 - 30.09.2020 09:00","26","33","33","381","279","280","175","102","102"
"30.09.2020 09:00 - 30.09.2020 10:00","72","90","85","489","425","471","209","158","145"
"30.09.2020 10:00 - 30.09.2020 11:00","127","157","139","588","544","566","283","242","176"
"30.09.2020 11:00 - 30.09.2020 12:00","189","191","139","673","632","742","362","349","285"
"30.09.2020 12:00 - 30.09.2020 13:00","241","226","204","686","675","649","441","470","421"
"30.09.2020 13:00 - 30.09.2020 14:00","250","257","253","669","697","632","551","612","441"
"30.09.2020 14:00 - 30.09.2020 15:00","214","223","167","629","682","627","577","641","391"
"30.09.2020 15:00 - 30.09.2020 16:00","158","174","129","607","678","547","567","622","448"
"30.09.2020 16:00 - 30.09.2020 17:00","88","112","78","563","691","475","571","602","456"
"30.09.2020 17:00 - 30.09.2020 18:00","38","60","49","550","710","474","571","578","461"
"30.09.2020 18:00 - 30.09.2020 19:00","8","14","16","600","713","487","565","544","402"
"30.09.2020 19:00 - 30.09.2020 20:00","0","1","2","703","747","515","543","525","433"
"30.09.2020 20:00 - 30.09.2020 21:00","0","0","0","730","747","697","572","578","538"
"30.09.2020 21:00 - 30.09.2020 22:00","0","0","0","722","741","751","631","656","692"
"30.09.2020 22:00 - 30.09.2020 23:00","0","0","0","699","730","637","701","715","759"
"30.09.2020 23:00 - 01.10.2020 00:00","0","0","0","695","710","724","765","768","779"
"01.10.2020 00:00 - 01.10.2020 01:00","0","N/A","0","751","N/A","898","904","N/A","804"
"01.10.2020 01:00 - 01.10.2020 02:00","0","N/A","0","732","N/A","926","922","N/A","827"
"01.10.2020 02:00 - 01.10.2020 03:00","0","N/A","0","732","N/A","914","925","N/A","893"
"01.10.2020 03:00 - 01.10.2020 04:00","0","N/A","0","770","N/A","905","952","N/A","956"
"01.10.2020 04:00 - 01.10.2020 05:00","0","N/A","0","801","N/A","909","1001","N/A","1010"
"01.10.2020 05:00 - 01.10.2020 06:00","0","N/A","0","844","N/A","893","1053","N/A","1068"
"01.10.2020 06:00 - 01.10.2020 07:00","0","N/A","0","870","N/A","970","1140","N/A","1054"
"01.10.2020 07:00 - 01.10.2020 08:00","3","N/A","3","868","N/A","1061","1179","N/A","1054"
"01.10.2020 08:00 - 01.10.2020 09:00","44","44","44","850","1113","1121","1130","1179","1179"
"01.10.2020 09:00 - 01.10.2020 10:00","121","120","110","898","1102","1067","1228","1307","1439"
"01.10.2020 10:00 - 01.10.2020 11:00","192","176","127","979","1044","944","1424","1488","1547"
"01.10.2020 11:00 - 01.10.2020 12:00","212","202","181","933","966","1045","1601","1642","1614"
"01.10.2020 12:00 - 01.10.2020 13:00","241","230","213","929","943","997","1613","1651","1849"
"01.10.2020 13:00 - 01.10.2020 14:00","276","276","278","798","910","949","1664","1698","1922"
"01.10.2020 14:00 - 01.10.2020 15:00","281","295","320","752","901","913","1717","1724","1809"
"01.10.2020 15:00 - 01.10.2020 16:00","246","240","222","852","986","980","1700","1675","1881"
"01.10.2020 16:00 - 01.10.2020 17:00","158","143","182","881","1020","1066","1701","1666","1788"
"01.10.2020 17:00 - 01.10.2020 18:00","65","57","65","945","970","991","1669","1668","1854"
"01.10.2020 18:00 - 01.10.2020 19:00","12","10","4","888","938","1025","1626","1637","1714"
"01.10.2020 19:00 - 01.10.2020 20:00","0","0","0","931","987","1026","1551","1564","1744"
"01.10.2020 20:00 - 01.10.2020 21:00","0","0","0","996","1031","1087","1552","1642","1803"
"01.10.2020 21:00 - 01.10.2020 22:00","0","0","0","1049","1076","1147","1613","1709","1798"
"01.10.2020 22:00 - 01.10.2020 23:00","0","0","0","1053","1053","1063","1673","1745","1804"
"01.10.2020 23:00 - 02.10.2020 00:00","0","0","0","1020","1045","1028","1606","1648","1728"
"02.10.2020 00:00 - 02.10.2020 01:00","0","N/A","0","1076","N/A","1079","1694","N/A","1671"
"02.10.2020 01:00 - 02.10.2020 02:00","0","N/A","0","1055","N/A","1115","1545","N/A","1476"
"02.10.2020 02:00 - 02.10.2020 03:00","0","N/A","0","1041","N/A","1068","1465","N/A","1411"
"02.10.2020 03:00 - 02.10.2020 04:00","0","N/A","0","1018","N/A","906","1332","N/A","1232"
"02.10.2020 04:00 - 02.10.2020 05:00","0","N/A","0","880","N/A","777","1259","N/A","1189"
"02.10.2020 05:00 - 02.10.2020 06:00","0","N/A","0","853","N/A","864","1224","N/A","1043"
"02.10.2020 06:00 - 02.10.2020 07:00","0","N/A","0","823","N/A","727","1244","N/A","994"
"02.10.2020 07:00 - 02.10.2020 08:00","1","N/A","1","801","N/A","708","1262","N/A","985"
"02.10.2020 08:00 - 02.10.2020 09:00","16","19","19","837","690","696","1221","1060","1060"
"02.10.2020 09:00 - 02.10.2020 10:00","42","60","49","857","787","708","1312","1154","1208"
"02.10.2020 10:00 - 02.10.2020 11:00","69","100","71","853","838","674","1524","1338","1407"
"02.10.2020 11:00 - 02.10.2020 12:00","92","129","117","803","832","733","1703","1486","1582"
"02.10.2020 12:00 - 02.10.2020 13:00","119","174","185","790","867","869","1688","1579","1727"
"02.10.2020 13:00 - 02.10.2020 14:00","127","170","155","812","892","925","1703","1709","1959"
"02.10.2020 14:00 - 02.10.2020 15:00","113","135","124","839","922","1012","1758","1773","1794"
"02.10.2020 15:00 - 02.10.2020 16:00","98","93","99","952","1005","1069","1750","1727","1838"
"02.10.2020 16:00 - 02.10.2020 17:00","76","72","62","996","1044","1038","1779","1771","2085"
"02.10.2020 17:00 - 02.10.2020 18:00","51","40","51","1039","1030","1071","1792","1835","2014"
"02.10.2020 18:00 - 02.10.2020 19:00","11","9","16","1039","1023","1106","1798","1827","1858"
"02.10.2020 19:00 - 02.10.2020 20:00","0","0","5","1056","1052","1087","1742","1771","1852"
"02.10.2020 20:00 - 02.10.2020 21:00","0","0","1","1067","1060","1064","1752","1846","1898"
"02.10.2020 21:00 - 02.10.2020 22:00","0","0","0","1073","1090","1061","1807","1869","1127"
"02.10.2020 22:00 - 02.10.2020 23:00","0","0","0","1078","1075","1031","1856","1871","1424"
"02.10.2020 23:00 - 03.10.2020 00:00","0","0","0","1055","1051","1065","1827","1835","2067"
"03.10.2020 00:00 - 03.10.2020 01:00","0","N/A","0","1068","N/A","1035","2001","N/A","2148"
"03.10.2020 01:00 - 03.10.2020 02:00","0","N/A","0","1036","N/A","1106","1984","N/A","2143"
"03.10.2020 02:00 - 03.10.2020 03:00","0","N/A","0","1009","N/A","1038","1925","N/A","2227"
"03.10.2020 03:00 - 03.10.2020 04:00","0","N/A","0","1014","N/A","431","1862","N/A","2154"
"03.10.2020 04:00 - 03.10.2020 05:00","0","N/A","0","991","N/A","376","1934","N/A","2111"
"03.10.2020 05:00 - 03.10.2020 06:00","0","N/A","0","960","N/A","377","1968","N/A","2168"
"03.10.2020 06:00 - 03.10.2020 07:00","0","N/A","0","970","N/A","1019","1994","N/A","2358"
"03.10.2020 07:00 - 03.10.2020 08:00","2","N/A","2","937","N/A","787","1946","N/A","2253"
"03.10.2020 08:00 - 03.10.2020 09:00","26","28","28","945","1097","1097","1793","1886","1886"
"03.10.2020 09:00 - 03.10.2020 10:00","69","79","76","945","1067","1075","1804","2267","2051"
"03.10.2020 10:00 - 03.10.2020 11:00","118","135","127","914","1034","1106","1892","2284","2196"
"03.10.2020 11:00 - 03.10.2020 12:00","155","164","140","865","978","1040","2009","2306","2397"
"03.10.2020 12:00 - 03.10.2020 13:00","178","190","138","893","996","1115","1936","2266","2166"
"03.10.2020 13:00 - 03.10.2020 14:00","181","204","113","904","988","1108","1944","2275","2231"
"03.10.2020 14:00 - 03.10.2020 15:00","181","184","127","891","971","1055","2022","2299","2374"
"03.10.2020 15:00 - 03.10.2020 16:00","166","146","112","946","1008","1071","2025","2223","2162"
"03.10.2020 16:00 - 03.10.2020 17:00","102","93","46","978","1037","1096","2067","2234","2382"
"03.10.2020 17:00 - 03.10.2020 18:00","39","37","16","963","996","1070","2063","2252","2886"
"03.10.2020 18:00 - 03.10.2020 19:00","6","5","0","945","969","1071","2078","2175","2894"
"03.10.2020 19:00 - 03.10.2020 20:00","0","0","0","988","975","1050","1990","2025","2902"
"03.10.2020 20:00 - 03.10.2020 21:00","0","0","0","1016","1005","1026","1948","2035","2917"
"03.10.2020 21:00 - 03.10.2020 22:00","0","0","0","1043","1057","1130","1925","1999","2686"
"03.10.2020 22:00 - 03.10.2020 23:00","0","0","0","1060","1020","1094","1956","1984","2577"
"03.10.2020 23:00 - 04.10.2020 00:00","0","0","0","1010","999","1000","1886","1891","2598"
"04.10.2020 00:00 - 04.10.2020 01:00","0","N/A","0","1050","N/A","1102","2343","N/A","2538"
"04.10.2020 01:00 - 04.10.2020 02:00","0","N/A","0","955","N/A","1056","2220","N/A","2393"
"04.10.2020 02:00 - 04.10.2020 03:00","0","N/A","0","797","N/A","912","2126","N/A","2284"
"04.10.2020 03:00 - 04.10.2020 04:00","0","N/A","0","621","N/A","487","1828","N/A","1856"
"04.10.2020 04:00 - 04.10.2020 05:00","0","N/A","0","555","N/A","642","1512","N/A","1606"
"04.10.2020 05:00 - 04.10.2020 06:00","0","N/A","0","641","N/A","745","1269","N/A","1428"
"04.10.2020 06:00 - 04.10.2020 07:00","0","N/A","0","695","N/A","788","1100","N/A","1305"
"04.10.2020 07:00 - 04.10.2020 08:00","1","N/A","1","717","N/A","624","895","N/A","1017"
"04.10.2020 08:00 - 04.10.2020 09:00","21","23","23","809","717","748","697","788","788"
"04.10.2020 09:00 - 04.10.2020 10:00","68","80","74","726","709","698","556","598","712"
"04.10.2020 10:00 - 04.10.2020 11:00","133","165","144","625","637","696","448","523","577"
"04.10.2020 11:00 - 04.10.2020 12:00","196","247","233","617","612","573","476","563","494"
"04.10.2020 12:00 - 04.10.2020 13:00","237","306","321","696","652","660","545","698","570"
"04.10.2020 13:00 - 04.10.2020 14:00","259","303","236","617","586","663","683","862","792"
"04.10.2020 14:00 - 04.10.2020 15:00","260","255","173","613","590","714","783","864","624"
"04.10.2020 15:00 - 04.10.2020 16:00","226","213","191","689","638","355","875","1006","678"
"04.10.2020 16:00 - 04.10.2020 17:00","152","154","174","745","697","405","927","1071","898"
"04.10.2020 17:00 - 04.10.2020 18:00","72","70","101","861","752","775","918","1080","935"
"04.10.2020 18:00 - 04.10.2020 19:00","10","10","14","911","813","886","931","976","765"
"04.10.2020 19:00 - 04.10.2020 20:00","0","0","3","984","889","1010","963","860","741"
"04.10.2020 20:00 - 04.10.2020 21:00","0","0","0","971","905","863","994","840","797"
"04.10.2020 21:00 - 04.10.2020 22:00","0","0","0","973","892","820","982","827","744"
"04.10.2020 22:00 - 04.10.2020 23:00","0","0","0","988","836","781","979","789","886"
"04.10.2020 23:00 - 05.10.2020 00:00","0","0","0","930","789","858","943","719","808"
"05.10.2020 00:00 - 05.10.2020 01:00","0","N/A","0","769","N/A","850","625","N/A","725"
"05.10.2020 01:00 - 05.10.2020 02:00","0","N/A","0","717","N/A","754","624","N/A","732"
"05.10.2020 02:00 - 05.10.2020 03:00","0","N/A","0","655","N/A","806","648","N/A","819"
"05.10.2020 03:00 - 05.10.2020 04:00","0","N/A","0","703","N/A","749","687","N/A","873"
"05.10.2020 04:00 - 05.10.2020 05:00","0","N/A","0","711","N/A","779","753","N/A","875"
"05.10.2020 05:00 - 05.10.2020 06:00","0","N/A","0","762","N/A","768","878","N/A","1031"
"05.10.2020 06:00 - 05.10.2020 07:00","0","N/A","0","789","N/A","897","975","N/A","1010"
"05.10.2020 07:00 - 05.10.2020 08:00","2","N/A","2","835","N/A","889","1045","N/A","960"
"05.10.2020 08:00 - 05.10.2020 09:00","48","46","46","892","931","936","1017","1059","1059"
"05.10.2020 09:00 - 05.10.2020 10:00","143","140","154","915","963","1050","1066","1129","1089"
"05.10.2020 10:00 - 05.10.2020 11:00","238","230","301","889","992","928","1106","1208","1073"
"05.10.2020 11:00 - 05.10.2020 12:00","287","293","394","831","922","926","1154","1280","1203"
"05.10.2020 12:00 - 05.10.2020 13:00","293","324","378","861","904","948","1120","1324","1362"
"05.10.2020 13:00 - 05.10.2020 14:00","264","307","300","784","840","863","1100","1362","1538"
"05.10.2020 14:00 - 05.10.2020 15:00","208","231","191","755","785","904","1005","1251","1026"
"05.10.2020 15:00 - 05.10.2020 16:00","126","134","136","859","820","850","843","1053","884"
"05.10.2020 16:00 - 05.10.2020 17:00","62","59","85","892","860","862","709","865","648"
"05.10.2020 17:00 - 05.10.2020 18:00","23","23","32","918","886","794","619","825","743"
"05.10.2020 18:00 - 05.10.2020 19:00","4","4","5","895","846","955","603","770","802"
"05.10.2020 19:00 - 05.10.2020 20:00","0","0","0","925","880","984","593","702","792"
"05.10.2020 20:00 - 05.10.2020 21:00","0","0","0","906","939","964","626","714","792"
"05.10.2020 21:00 - 05.10.2020 22:00","0","0","0","797","922","945","619","676","711"
"05.10.2020 22:00 - 05.10.2020 23:00","0","0","0","740","848","856","614","612","658"
"05.10.2020 23:00 - 06.10.2020 00:00","0","0","0","715","820","857","569","535","503"
"06.10.2020 00:00 - 06.10.2020 01:00","0","N/A","0","755","N/A","708","525","N/A","546"
"06.10.2020 01:00 - 06.10.2020 02:00","0","N/A","0","712","N/A","719","455","N/A","467"
"06.10.2020 02:00 - 06.10.2020 03:00","0","N/A","0","693","N/A","670","447","N/A","484"
"06.10.2020 03:00 - 06.10.2020 04:00","0","N/A","0","716","N/A","709","455","N/A","498"
"06.10.2020 04:00 - 06.10.2020 05:00","0","N/A","0","737","N/A","668","467","N/A","480"
"06.10.2020 05:00 - 06.10.2020 06:00","0","N/A","0","784","N/A","687","504","N/A","529"
"06.10.2020 06:00 - 06.10.2020 07:00","0","N/A","0","798","N/A","778","583","N/A","535"
"06.10.2020 07:00 - 06.10.2020 08:00","1","N/A","2","809","N/A","763","654","N/A","549"
"06.10.2020 08:00 - 06.10.2020 09:00","26","36","36","813","633","636","680","602","602"
"06.10.2020 09:00 - 06.10.2020 10:00","68","99","93","748","691","617","776","701","682"
"06.10.2020 10:00 - 06.10.2020 11:00","102","143","111","716","598","632","877","823","712"
"06.10.2020 11:00 - 06.10.2020 12:00","112","171","142","658","515","340","955","915","724"
"06.10.2020 12:00 - 06.10.2020 13:00","137","183","134","623","543","346","903","891","654"
"06.10.2020 13:00 - 06.10.2020 14:00","131","161","116","602","555","419","921","882","572"
"06.10.2020 14:00 - 06.10.2020 15:00","135","139","109","693","495","391","904","827","387"
"06.10.2020 15:00 - 06.10.2020 16:00","113","127","93","827","525","571","801","735","553"
"06.10.2020 16:00 - 06.10.2020 17:00","68","84","100","816","590","486","710","643","538"
"06.10.2020 17:00 - 06.10.2020 18:00","34","37","38","751","557","385","644","566","490"
"06.10.2020 18:00 - 06.10.2020 19:00","5","5","5","621","455","369","590","463","346"
"06.10.2020 19:00 - 06.10.2020 20:00","0","0","0","501","406","382","556","390","311"
"06.10.2020 20:00 - 06.10.2020 21:00","0","0","0","479","385","293","576","403","467"
"06.10.2020 21:00 - 06.10.2020 22:00","0","0","0","423","378","253","552","411","465"
"06.10.2020 22:00 - 06.10.2020 23:00","0","0","0","334","303","251","548","411","409"
"06.10.2020 23:00 - 07.10.2020 00:00","0","0","0","255","217","212","503","368","313"
"07.10.2020 00:00 - 07.10.2020 01:00","0","N/A","0","164","N/A","166","349","N/A","254"
"07.10.2020 01:00 - 07.10.2020 02:00","0","N/A","0","149","N/A","174","313","N/A","206"
"07.10.2020 02:00 - 07.10.2020 03:00","0","N/A","0","140","N/A","169","256","N/A","195"
"07.10.2020 03:00 - 07.10.2020 04:00","0","N/A","0","127","N/A","161","206","N/A","171"
"07.10.2020 04:00 - 07.10.2020 05:00","0","N/A","0","165","N/A","273","185","N/A","189"
"07.10.2020 05:00 - 07.10.2020 06:00","0","N/A","0","204","N/A","186","187","N/A","181"
"07.10.2020 06:00 - 07.10.2020 07:00","0","N/A","0","165","N/A","140","198","N/A","174"
"07.10.2020 07:00 - 07.10.2020 08:00","1","N/A","1","190","N/A","71","200","N/A","193"
"07.10.2020 08:00 - 07.10.2020 09:00","25","31","31","224","87","89","199","167","167"
"07.10.2020 09:00 - 07.10.2020 10:00","80","87","70","226","188","320","228","201","227"
"07.10.2020 10:00 - 07.10.2020 11:00","132","149","162","225","213","123","255","243","182"
"07.10.2020 11:00 - 07.10.2020 12:00","180","207","254","230","212","126","302","305","206"
"07.10.2020 12:00 - 07.10.2020 13:00","214","243","254","270","230","310","342","356","278"
"07.10.2020 13:00 - 07.10.2020 14:00","212","222","233","321","266","174","388","413","295"
"07.10.2020 14:00 - 07.10.2020 15:00","192","195","187","332","247","195","422","434","403"
"07.10.2020 15:00 - 07.10.2020 16:00","151","160","168","456","337","457","466","446","524"
"07.10.2020 16:00 - 07.10.2020 17:00","111","104","115","523","480","542","518","459","523"
"07.10.2020 17:00 - 07.10.2020 18:00","46","47","62","551","470","259","543","479","510"
"07.10.2020 18:00 - 07.10.2020 19:00","6","7","15","582","513","543","564","469","461"
"07.10.2020 19:00 - 07.10.2020 20:00","0","0","2","624","613","561","580","482","543"
"07.10.2020 20:00 - 07.10.2020 21:00","0","0","0","661","658","546","659","574","713"
"07.10.2020 21:00 - 07.10.2020 22:00","0","0","0","709","683","632","709","626","555"
"07.10.2020 22:00 - 07.10.2020 23:00","0","0","0","724","685","539","796","674","679"
"07.10.2020 23:00 - 08.10.2020 00:00","0","0","0","739","664","731","869","702","645"
"08.10.2020 00:00 - 08.10.2020 01:00","0","N/A","0","673","N/A","776","690","N/A","648"
"08.10.2020 01:00 - 08.10.2020 02:00","0","N/A","0","706","N/A","700","704","N/A","555"
"08.10.2020 02:00 - 08.10.2020 03:00","0","N/A","0","724","N/A","615","693","N/A","625"
"08.10.2020 03:00 - 08.10.2020 04:00","0","N/A","0","722","N/A","537","687","N/A","670"
"08.10.2020 04:00 - 08.10.2020 05:00","0","N/A","0","728","N/A","539","697","N/A","683"
"08.10.2020 05:00 - 08.10.2020 06:00","0","N/A","0","738","N/A","580","672","N/A","722"
"08.10.2020 06:00 - 08.10.2020 07:00","0","N/A","0","706","N/A","606","678","N/A","527"
"08.10.2020 07:00 - 08.10.2020 08:00","1","N/A","1","686","N/A","394","664","N/A","611"
"08.10.2020 08:00 - 08.10.2020 09:00","18","21","21","665","426","476","614","576","576"
"08.10.2020 09:00 - 08.10.2020 10:00","41","47","48","715","477","365","683","594","562"
"08.10.2020 10:00 - 08.10.2020 11:00","62","61","82","728","475","333","763","640","546"
"08.10.2020 11:00 - 08.10.2020 12:00","66","67","67","712","397","176","821","682","446"
"08.10.2020 12:00 - 08.10.2020 13:00","64","83","68","716","338","705","765","670","285"
"08.10.2020 13:00 - 08.10.2020 14:00","61","94","86","647","405","678","696","644","442"
"08.10.2020 14:00 - 08.10.2020 15:00","54","90","77","701","518","741","693","635","390"
"08.10.2020 15:00 - 08.10.2020 16:00","44","64","90","811","610","687","728","589","338"
"08.10.2020 16:00 - 08.10.2020 17:00","22","35","54","787","635","569","713","556","483"
"08.10.2020 17:00 - 08.10.2020 18:00","5","9","13","769","495","291","685","468","258"
"08.10.2020 18:00 - 08.10.2020 19:00","0","1","6","859","474","374","593","357","211"
"08.10.2020 19:00 - 08.10.2020 20:00","0","0","1","843","564","338","562","321","221"
"08.10.2020 20:00 - 08.10.2020 21:00","0","0","0","830","723","418","608","372","319"
"08.10.2020 21:00 - 08.10.2020 22:00","0","0","0","762","737","645","835","516","305"
"08.10.2020 22:00 - 08.10.2020 23:00","0","0","0","665","672","663","1145","739","522"
"08.10.2020 23:00 - 09.10.2020 00:00","0","0","0","786","686","667","1314","938","536"
"09.10.2020 00:00 - 09.10.2020 01:00","0","N/A","0","841","N/A","1011","1191","N/A","576"
"09.10.2020 01:00 - 09.10.2020 02:00","0","N/A","0","1032","N/A","951","1324","N/A","637"
"09.10.2020 02:00 - 09.10.2020 03:00","0","N/A","0","1046","N/A","1024","1331","N/A","1275"
"09.10.2020 03:00 - 09.10.2020 04:00","0","N/A","0","989","N/A","1039","1200","N/A","1164"
"09.10.2020 04:00 - 09.10.2020 05:00","0","N/A","0","882","N/A","874","1078","N/A","1153"
"09.10.2020 05:00 - 09.10.2020 06:00","0","N/A","0","797","N/A","825","956","N/A","1039"
"09.10.2020 06:00 - 09.10.2020 07:00","0","N/A","0","792","N/A","761","897","N/A","951"
"09.10.2020 07:00 - 09.10.2020 08:00","1","N/A","1","778","N/A","707","821","N/A","812"
"09.10.2020 08:00 - 09.10.2020 09:00","32","32","32","739","705","744","703","847","847"
"09.10.2020 09:00 - 09.10.2020 10:00","109","98","114","748","723","640","693","791","854"
"09.10.2020 10:00 - 09.10.2020 11:00","182","166","207","804","699","685","697","790","583"
"09.10.2020 11:00 - 09.10.2020 12:00","218","196","257","756","629","824","757","863","595"
"09.10.2020 12:00 - 09.10.2020 13:00","250","211","245","736","637","644","807","940","698"
"09.10.2020 13:00 - 09.10.2020 14:00","219","185","234","703","637","536","861","1019","778"
"09.10.2020 14:00 - 09.10.2020 15:00","164","139","218","763","676","668","907","1086","849"
"09.10.2020 15:00 - 09.10.2020 16:00","113","100","117","855","797","721","873","1076","841"
"09.10.2020 16:00 - 09.10.2020 17:00","73","61","68","893","916","799","857","1043","868"
"09.10.2020 17:00 - 09.10.2020 18:00","26","24","30","861","927","851","863","1030","736"
"09.10.2020 18:00 - 09.10.2020 19:00","3","3","1","782","863","942","823","959","886"
"09.10.2020 19:00 - 09.10.2020 20:00","0","0","0","708","907","997","845","869","899"
"09.10.2020 20:00 - 09.10.2020 21:00","0","0","0","515","937","939","788","792","917"
"09.10.2020 21:00 - 09.10.2020 22:00","0","0","0","492","794","660","641","672","927"
"09.10.2020 22:00 - 09.10.2020 23:00","0","0","0","498","566","557","539","566","612"
"09.10.2020 23:00 - 10.10.2020 00:00","0","0","0","459","505","561","490","466","484"
"10.10.2020 00:00 - 10.10.2020 01:00","0","N/A","0","495","N/A","264","479","N/A","377"
"10.10.2020 01:00 - 10.10.2020 02:00","0","N/A","0","448","N/A","419","391","N/A","221"
"10.10.2020 02:00 - 10.10.2020 03:00","0","N/A","0","462","N/A","264","366","N/A","270"
"10.10.2020 03:00 - 10.10.2020 04:00","0","N/A","0","377","N/A","249","358","N/A","223"
"10.10.2020 04:00 - 10.10.2020 05:00","0","N/A","0","280","N/A","208","347","N/A","198"
"10.10.2020 05:00 - 10.10.2020 06:00","0","N/A","0","222","N/A","269","345","N/A","317"
"10.10.2020 06:00 - 10.10.2020 07:00","0","N/A","0","324","N/A","150","363","N/A","364"
"10.10.2020 07:00 - 10.10.2020 08:00","0","N/A","0","400","N/A","316","376","N/A","489"
"10.10.2020 08:00 - 10.10.2020 09:00","22","21","21","374","268","329","376","430","430"
"10.10.2020 09:00 - 10.10.2020 10:00","88","76","84","335","253","169","404","556","342"
"10.10.2020 10:00 - 10.10.2020 11:00","166","156","206","195","223","315","412","577","459"
"10.10.2020 11:00 - 10.10.2020 12:00","203","218","291","141","222","249","425","641","632"
"10.10.2020 12:00 - 10.10.2020 13:00","239","266","345","201","272","225","457","716","477"
"10.10.2020 13:00 - 10.10.2020 14:00","264","268","313","274","314","224","540","767","473"
"10.10.2020 14:00 - 10.10.2020 15:00","234","223","266","330","268","320","596","810","684"
"10.10.2020 15:00 - 10.10.2020 16:00","184","175","216","456","563","415","651","828","758"
"10.10.2020 16:00 - 10.10.2020 17:00","124","112","124","580","694","737","698","829","580"
"10.10.2020 17:00 - 10.10.2020 18:00","54","51","65","673","722","781","705","827","993"
"10.10.2020 18:00 - 10.10.2020 19:00","6","6","1","679","704","748","690","802","1104"
"10.10.2020 19:00 - 10.10.2020 20:00","0","0","0","754","676","529","733","757","1189"
"10.10.2020 20:00 - 10.10.2020 21:00","0","0","0","819","649","433","724","756","1083"
"10.10.2020 21:00 - 10.10.2020 22:00","0","0","0","856","702","828","652","723","842"
"10.10.2020 22:00 - 10.10.2020 23:00","0","0","0","765","688","964","641","666","568"
"10.10.2020 23:00 - 11.10.2020 00:00","0","0","0","686","642","828","604","594","537"
"11.10.2020 00:00 - 11.10.2020 01:00","0","N/A","0","659","N/A","791","648","N/A","556"
"11.10.2020 01:00 - 11.10.2020 02:00","0","N/A","0","607","N/A","539","552","N/A","559"
"11.10.2020 02:00 - 11.10.2020 03:00","0","N/A","0","524","N/A","502","495","N/A","456"
"11.10.2020 03:00 - 11.10.2020 04:00","0","N/A","0","493","N/A","423","425","N/A","341"
"11.10.2020 04:00 - 11.10.2020 05:00","0","N/A","0","485","N/A","316","331","N/A","391"
"11.10.2020 05:00 - 11.10.2020 06:00","0","N/A","0","522","N/A","330","235","N/A","352"
"11.10.2020 06:00 - 11.10.2020 07:00","0","N/A","0","603","N/A","263","219","N/A","305"
"11.10.2020 07:00 - 11.10.2020 08:00","0","N/A","0","683","N/A","214","224","N/A","247"
"11.10.2020 08:00 - 11.10.2020 09:00","30","26","26","574","333","321","199","240","240"
"11.10.2020 09:00 - 11.10.2020 10:00","101","95","110","524","299","279","188","242","197"
"11.10.2020 10:00 - 11.10.2020 11:00","170","162","208","598","240","306","181","263","161"
"11.10.2020 11:00 - 11.10.2020 12:00","201","217","315","534","216","363","209","289","140"
"11.10.2020 12:00 - 11.10.2020 13:00","214","269","329","430","336","340","253","316","168"
"11.10.2020 13:00 - 11.10.2020 14:00","189","271","299","384","354","312","286","351","152"
"11.10.2020 14:00 - 11.10.2020 15:00","172","226","259","390","407","388","318","389","167"
"11.10.2020 15:00 - 11.10.2020 16:00","145","162","252","409","479","501","293","410","219"
"11.10.2020 16:00 - 11.10.2020 17:00","93","93","162","422","484","373","285","405","208"
"11.10.2020 17:00 - 11.10.2020 18:00","34","39","87","383","418","328","268","370","166"
"11.10.2020 18:00 - 11.10.2020 19:00","3","3","12","318","360","334","251","323","146"
"11.10.2020 19:00 - 11.10.2020 20:00","0","0","2","285","368","300","258","290","174"
"11.10.2020 20:00 - 11.10.2020 21:00","0","0","0","244","344","286","240","276","195"
"11.10.2020 21:00 - 11.10.2020 22:00","0","0","0","184","261","155","219","252","153"
"11.10.2020 22:00 - 11.10.2020 23:00","0","0","0","178","158","95","218","221","152"
"11.10.2020 23:00 - 12.10.2020 00:00","0","0","0","171","103","106","204","182","149"
"12.10.2020 00:00 - 12.10.2020 01:00","0","N/A","0","98","N/A","77","111","N/A","154"
"12.10.2020 01:00 - 12.10.2020 02:00","0","N/A","0","140","N/A","88","109","N/A","134"
"12.10.2020 02:00 - 12.10.2020 03:00","0","N/A","0","185","N/A","162","117","N/A","172"
"12.10.2020 03:00 - 12.10.2020 04:00","0","N/A","0","318","N/A","250","162","N/A","231"
"12.10.2020 04:00 - 12.10.2020 05:00","0","N/A","0","430","N/A","399","228","N/A","278"
"12.10.2020 05:00 - 12.10.2020 06:00","0","N/A","0","439","N/A","262","268","N/A","271"
"12.10.2020 06:00 - 12.10.2020 07:00","0","N/A","0","378","N/A","371","307","N/A","362"
"12.10.2020 07:00 - 12.10.2020 08:00","0","N/A","0","404","N/A","315","344","N/A","450"
"12.10.2020 08:00 - 12.10.2020 09:00","29","28","28","456","384","408","346","475","475"
"12.10.2020 09:00 - 12.10.2020 10:00","106","101","102","442","379","355","355","465","416"
"12.10.2020 10:00 - 12.10.2020 11:00","187","159","164","400","343","257","359","466","341"
"12.10.2020 11:00 - 12.10.2020 12:00","227","220","237","313","276","253","400","496","318"
"12.10.2020 12:00 - 12.10.2020 13:00","253","257","275","232","214","178","448","539","321"
"12.10.2020 13:00 - 12.10.2020 14:00","242","243","203","191","193","171","473","569","371"
"12.10.2020 14:00 - 12.10.2020 15:00","204","218","159","172","176","145","481","545","374"
"12.10.2020 15:00 - 12.10.2020 16:00","162","162","121","198","185","200","430","489","286"
"12.10.2020 16:00 - 12.10.2020 17:00","97","96","66","199","166","227","368","422","272"
"12.10.2020 17:00 - 12.10.2020 18:00","36","37","21","168","128","191","326","359","204"
"12.10.2020 18:00 - 12.10.2020 19:00","2","2","1","150","96","133","277","269","115"
"12.10.2020 19:00 - 12.10.2020 20:00","0","0","0","106","74","156","229","191","97"
"12.10.2020 20:00 - 12.10.2020 21:00","0","0","0","92","76","83","180","147","104"
"12.10.2020 21:00 - 12.10.2020 22:00","0","0","0","109","78","35","137","115","103"
"12.10.2020 22:00 - 12.10.2020 23:00","0","0","0","86","59","28","112","99","115"
"12.10.2020 23:00 - 13.10.2020 00:00","0","0","0","52","39","33","101","96","122"
"13.10.2020 00:00 - 13.10.2020 01:00","0","N/A","0","44","N/A","84","94","N/A","155"
"13.10.2020 01:00 - 13.10.2020 02:00","0","N/A","0","68","N/A","33","110","N/A","141"
"13.10.2020 02:00 - 13.10.2020 03:00","0","N/A","0","56","N/A","23","107","N/A","119"
"13.10.2020 03:00 - 13.10.2020 04:00","0","N/A","0","27","N/A","11","96","N/A","100"
"13.10.2020 04:00 - 13.10.2020 05:00","0","N/A","0","26","N/A","16","84","N/A","121"
"13.10.2020 05:00 - 13.10.2020 06:00","0","N/A","0","29","N/A","34","74","N/A","150"
"13.10.2020 06:00 - 13.10.2020 07:00","0","N/A","0","28","N/A","110","82","N/A","133"
"13.10.2020 07:00 - 13.10.2020 08:00","0","N/A","0","43","N/A","108","99","N/A","128"
"13.10.2020 08:00 - 13.10.2020 09:00","20","23","23","48","79","72","99","110","110"
"13.10.2020 09:00 - 13.10.2020 10:00","73","90","90","51","60","43","93","121","94"
"13.10.2020 10:00 - 13.10.2020 11:00","132","170","164","38","83","16","91","132","61"
"13.10.2020 11:00 - 13.10.2020 12:00","176","225","266","24","98","35","104","151","55"
"13.10.2020 12:00 - 13.10.2020 13:00","218","264","386","36","83","54","121","170","47"
"13.10.2020 13:00 - 13.10.2020 14:00","226","273","371","64","109","88","136","191","59"
"13.10.2020 14:00 - 13.10.2020 15:00","201","236","255","71","98","72","175","200","59"
"13.10.2020 15:00 - 13.10.2020 16:00","164","170","262","86","76","97","209","215","79"
"13.10.2020 16:00 - 13.10.2020 17:00","114","102","145","74","64","125","241","236","122"
"13.10.2020 17:00 - 13.10.2020 18:00","42","43","58","81","63","85","289","272","159"
"13.10.2020 18:00 - 13.10.2020 19:00","3","3","3","189","109","104","376","330","256"
"13.10.2020 19:00 - 13.10.2020 20:00","0","0","0","307","201","158","484","405","399"
"13.10.2020 20:00 - 13.10.2020 21:00","0","0","0","417","314","235","570","498","640"
"13.10.2020 21:00 - 13.10.2020 22:00","0","0","0","540","402","443","670","590","771"
"13.10.2020 22:00 - 13.10.2020 23:00","0","0","0","608","466","523","796","683","609"
"13.10.2020 23:00 - 14.10.2020 00:00","0","0","0","686","557","583","861","743","672"
"14.10.2020 00:00 - 14.10.2020 01:00","0","N/A","0","689","N/A","694","721","N/A","736"
"14.10.2020 01:00 - 14.10.2020 02:00","0","N/A","0","718","N/A","709","733","N/A","605"
"14.10.2020 02:00 - 14.10.2020 03:00","0","N/A","0","699","N/A","815","761","N/A","626"
"14.10.2020 03:00 - 14.10.2020 04:00","0","N/A","0","718","N/A","1014","810","N/A","581"
"14.10.2020 04:00 - 14.10.2020 05:00","0","N/A","0","785","N/A","938","908","N/A","575"
"14.10.2020 05:00 - 14.10.2020 06:00","0","N/A","0","916","N/A","873","991","N/A","643"
"14.10.2020 06:00 - 14.10.2020 07:00","0","N/A","0","1003","N/A","962","1080","N/A","689"
"14.10.2020 07:00 - 14.10.2020 08:00","0","N/A","0","1064","N/A","745","1124","N/A","718"
"14.10.2020 08:00 - 14.10.2020 09:00","27","31","31","1038","865","863","1124","805","805"
"14.10.2020 09:00 - 14.10.2020 10:00","112","122","117","1053","947","940","1268","1472","925"
"14.10.2020 10:00 - 14.10.2020 11:00","211","219","207","1078","943","946","1444","1635","1040"
"14.10.2020 11:00 - 14.10.2020 12:00","278","282","249","1062","935","914","1659","1787","1144"
"14.10.2020 12:00 - 14.10.2020 13:00","308","324","259","1034","986","967","1819","1885","1247"
"14.10.2020 13:00 - 14.10.2020 14:00","316","326","279","999","987","954","1884","1932","1274"
"14.10.2020 14:00 - 14.10.2020 15:00","290","290","297","995","975","993","1899","1967","1296"
"14.10.2020 15:00 - 14.10.2020 16:00","232","220","240","1053","1021","1088","1837","1971","1290"
"14.10.2020 16:00 - 14.10.2020 17:00","141","130","136","1092","1060","1091","1803","1943","1529"
"14.10.2020 17:00 - 14.10.2020 18:00","47","44","43","1101","1042","1082","1742","1881","1283"
"14.10.2020 18:00 - 14.10.2020 19:00","2","2","1","1071","1027","1056","1631","1714","1082"
"14.10.2020 19:00 - 14.10.2020 20:00","0","0","0","1079","1058","1133","1584","1595","1204"
"14.10.2020 20:00 - 14.10.2020 21:00","0","0","0","1097","1096","1075","1530","1548","1173"
"14.10.2020 21:00 - 14.10.2020 22:00","0","0","0","1106","1101","1093","1446","1458","1108"
"14.10.2020 22:00 - 14.10.2020 23:00","0","0","0","1079","1077","1099","1392","1384","1016"
"14.10.2020 23:00 - 15.10.2020 00:00","0","0","0","1053","1035","1050","1356","1335","851"
"15.10.2020 00:00 - 15.10.2020 01:00","0","N/A","0","1053","N/A","1016","1279","N/A","1184"
"15.10.2020 01:00 - 15.10.2020 02:00","0","N/A","0","1052","N/A","1014","1229","N/A","864"
"15.10.2020 02:00 - 15.10.2020 03:00","0","N/A","0","1022","N/A","916","1195","N/A","961"
"15.10.2020 03:00 - 15.10.2020 04:00","0","N/A","0","1006","N/A","875","1186","N/A","917"
"15.10.2020 04:00 - 15.10.2020 05:00","0","N/A","0","968","N/A","858","1174","N/A","910"
"15.10.2020 05:00 - 15.10.2020 06:00","0","N/A","0","950","N/A","880","1121","N/A","1003"
"15.10.2020 06:00 - 15.10.2020 07:00","0","N/A","0","876","N/A","866","1098","N/A","1074"
"15.10.2020 07:00 - 15.10.2020 08:00","0","N/A","0","881","N/A","882","1074","N/A","948"
"15.10.2020 08:00 - 15.10.2020 09:00","26","22","22","905","854","859","1012","932","932"
"15.10.2020 09:00 - 15.10.2020 10:00","111","100","82","940","839","881","1053","922","967"
"15.10.2020 10:00 - 15.10.2020 11:00","206","201","137","926","783","771","1122","978","991"
"15.10.2020 11:00 - 15.10.2020 12:00","270","266","161","835","699","658","1162","1010","995"
"15.10.2020 12:00 - 15.10.2020 13:00","306","298","222","722","633","585","1075","953","1005"
"15.10.2020 13:00 - 15.10.2020 14:00","307","297","256","633","572","513","952","892","927"
"15.10.2020 14:00 - 15.10.2020 15:00","274","270","263","519","486","326","898","812","796"
"15.10.2020 15:00 - 15.10.2020 16:00","216","212","249","528","478","336","800","724","699"
"15.10.2020 16:00 - 15.10.2020 17:00","136","128","144","507","494","295","748","632","664"
"15.10.2020 17:00 - 15.10.2020 18:00","48","45","52","488","506","261","632","523","551"
"15.10.2020 18:00 - 15.10.2020 19:00","3","3","1","511","484","380","543","433","369"
"15.10.2020 19:00 - 15.10.2020 20:00","0","0","0","542","467","346","489","364","318"
"15.10.2020 20:00 - 15.10.2020 21:00","0","0","0","539","455","411","422","307","263"
"15.10.2020 21:00 - 15.10.2020 22:00","0","0","0","484","419","300","350","246","174"
"15.10.2020 22:00 - 15.10.2020 23:00","0","0","0","348","286","196","281","198","102"
"15.10.2020 23:00 - 16.10.2020 00:00","0","0","0","246","188","114","232","161","37"
"16.10.2020 00:00 - 16.10.2020 01:00","0","N/A","0","60","N/A","33","98","N/A","17"
"16.10.2020 01:00 - 16.10.2020 02:00","0","N/A","0","45","N/A","3","95","N/A","21"
"16.10.2020 02:00 - 16.10.2020 03:00","0","N/A","0","35","N/A","0","89","N/A","39"
"16.10.2020 03:00 - 16.10.2020 04:00","0","N/A","0","24","N/A","2","90","N/A","77"
"16.10.2020 04:00 - 16.10.2020 05:00","0","N/A","0","25","N/A","4","104","N/A","127"
"16.10.2020 05:00 - 16.10.2020 06:00","0","N/A","0","42","N/A","24","124","N/A","155"
"16.10.2020 06:00 - 16.10.2020 07:00","0","N/A","0","60","N/A","29","154","N/A","122"
"16.10.2020 07:00 - 16.10.2020 08:00","0","N/A","0","74","N/A","40","183","N/A","102"
"16.10.2020 08:00 - 16.10.2020 09:00","16","24","24","96","50","49","195","107","107"
"16.10.2020 09:00 - 16.10.2020 10:00","68","94","102","127","70","63","216","106","125"
"16.10.2020 10:00 - 16.10.2020 11:00","130","165","240","149","84","73","229","119","140"
"16.10.2020 11:00 - 16.10.2020 12:00","183","206","322","162","83","80","284","169","149"
"16.10.2020 12:00 - 16.10.2020 13:00","236","225","408","170","71","57","349","245","230"
"16.10.2020 13:00 - 16.10.2020 14:00","258","231","413","155","57","103","384","294","304"
"16.10.2020 14:00 - 16.10.2020 15:00","214","195","326","122","53","102","414","300","309"
"16.10.2020 15:00 - 16.10.2020 16:00","153","139","256","143","52","110","386","304","417"
"16.10.2020 16:00 - 16.10.2020 17:00","91","73","158","160","101","176","375","314","533"
"16.10.2020 17:00 - 16.10.2020 18:00","34","23","59","178","162","207","376","334","516"
"16.10.2020 18:00 - 16.10.2020 19:00","2","1","6","248","231","303","407","361","448"
"16.10.2020 19:00 - 16.10.2020 20:00","0","0","0","284","244","482","448","405","518"
"16.10.2020 20:00 - 16.10.2020 21:00","0","0","0","337","288","624","456","442","511"
"16.10.2020 21:00 - 16.10.2020 22:00","0","0","0","430","379","655","414","444","494"
"16.10.2020 22:00 - 16.10.2020 23:00","0","0","0","421","422","527","371","421","457"
"16.10.2020 23:00 - 17.10.2020 00:00","0","0","0","363","382","458","321","373","407"
"17.10.2020 00:00 - 17.10.2020 01:00","0","N/A","0","365","N/A","343","358","N/A","377"
"17.10.2020 01:00 - 17.10.2020 02:00","0","N/A","0","292","N/A","293","302","N/A","336"
"17.10.2020 02:00 - 17.10.2020 03:00","0","N/A","0","202","N/A","272","226","N/A","267"
"17.10.2020 03:00 - 17.10.2020 04:00","0","N/A","0","136","N/A","260","151","N/A","192"
"17.10.2020 04:00 - 17.10.2020 05:00","0","N/A","0","92","N/A","183","111","N/A","135"
"17.10.2020 05:00 - 17.10.2020 06:00","0","N/A","0","73","N/A","123","83","N/A","113"
"17.10.2020 06:00 - 17.10.2020 07:00","0","N/A","0","59","N/A","110","66","N/A","79"
"17.10.2020 07:00 - 17.10.2020 08:00","0","N/A","0","47","N/A","71","57","N/A","64"
"17.10.2020 08:00 - 17.10.2020 09:00","23","25","25","32","30","30","51","39","39"
"17.10.2020 09:00 - 17.10.2020 10:00","109","111","109","18","17","11","53","45","42"
"17.10.2020 10:00 - 17.10.2020 11:00","205","211","228","6","8","1","63","68","86"
"17.10.2020 11:00 - 17.10.2020 12:00","268","274","317","2","6","6","103","124","127"
"17.10.2020 12:00 - 17.10.2020 13:00","299","300","338","4","17","26","186","247","235"
"17.10.2020 13:00 - 17.10.2020 14:00","269","279","356","17","37","51","314","415","399"
"17.10.2020 14:00 - 17.10.2020 15:00","217","221","289","46","65","62","502","584","598"
"17.10.2020 15:00 - 17.10.2020 16:00","155","157","177","103","146","127","679","750","828"
"17.10.2020 16:00 - 17.10.2020 17:00","84","78","89","225","256","259","845","915","1059"
"17.10.2020 17:00 - 17.10.2020 18:00","27","25","30","355","410","472","1019","1094","1305"
"17.10.2020 18:00 - 17.10.2020 19:00","2","1","1","570","647","638","1220","1256","1468"
"17.10.2020 19:00 - 17.10.2020 20:00","0","0","0","816","880","860","1405","1374","1710"
"17.10.2020 20:00 - 17.10.2020 21:00","0","0","0","1006","1012","957","1496","1474","1770"
"17.10.2020 21:00 - 17.10.2020 22:00","0","0","0","1077","1052","1056","1557","1500","1809"
"17.10.2020 22:00 - 17.10.2020 23:00","0","0","0","1074","1058","1024","1603","1490","1922"
"17.10.2020 23:00 - 18.10.2020 00:00","0","0","0","1077","1061","1080","1581","1439","1921"
"18.10.2020 00:00 - 18.10.2020 01:00","0","N/A","0","1033","N/A","1086","1498","N/A","1803"
"18.10.2020 01:00 - 18.10.2020 02:00","0","N/A","0","1016","N/A","1081","1393","N/A","1596"
"18.10.2020 02:00 - 18.10.2020 03:00","0","N/A","0","993","N/A","1055","1319","N/A","1523"
"18.10.2020 03:00 - 18.10.2020 04:00","0","N/A","0","986","N/A","1020","1208","N/A","1253"
"18.10.2020 04:00 - 18.10.2020 05:00","0","N/A","0","942","N/A","997","1077","N/A","1076"
"18.10.2020 05:00 - 18.10.2020 06:00","0","N/A","0","925","N/A","1051","917","N/A","646"
"18.10.2020 06:00 - 18.10.2020 07:00","0","N/A","0","888","N/A","1008","804","N/A","625"
"18.10.2020 07:00 - 18.10.2020 08:00","0","N/A","0","879","N/A","1049","718","N/A","670"
"18.10.2020 08:00 - 18.10.2020 09:00","21","21","21","846","977","983","623","375","375"
"18.10.2020 09:00 - 18.10.2020 10:00","100","95","94","811","873","866","570","484","390"
"18.10.2020 10:00 - 18.10.2020 11:00","186","184","206","869","779","770","546","471","173"
"18.10.2020 11:00 - 18.10.2020 12:00","243","259","302","849","726","636","612","542","497"
"18.10.2020 12:00 - 18.10.2020 13:00","281","305","361","823","787","765","729","661","642"
"18.10.2020 13:00 - 18.10.2020 14:00","293","304","420","810","750","725","825","785","787"
"18.10.2020 14:00 - 18.10.2020 15:00","274","272","379","807","759","665","882","831","953"
"18.10.2020 15:00 - 18.10.2020 16:00","212","202","311","837","806","703","866","849","928"
"18.10.2020 16:00 - 18.10.2020 17:00","119","113","172","895","843","776","836","846","1101"
"18.10.2020 17:00 - 18.10.2020 18:00","37","37","48","941","828","713","798","804","909"
"18.10.2020 18:00 - 18.10.2020 19:00","2","2","2","839","766","770","761","755","728"
"18.10.2020 19:00 - 18.10.2020 20:00","0","0","0","822","764","801","755","750","794"
"18.10.2020 20:00 - 18.10.2020 21:00","0","0","0","808","816","730","772","759","759"
"18.10.2020 21:00 - 18.10.2020 22:00","0","0","0","802","828","642","795","747","693"
"18.10.2020 22:00 - 18.10.2020 23:00","0","0","0","714","700","496","823","721","778"
"18.10.2020 23:00 - 19.10.2020 00:00","0","0","0","647","576","459","797","662","723"
"19.10.2020 00:00 - 19.10.2020 01:00","0","N/A","0","528","N/A","415","668","N/A","736"
"19.10.2020 01:00 - 19.10.2020 02:00","0","N/A","0","532","N/A","389","643","N/A","624"
"19.10.2020 02:00 - 19.10.2020 03:00","0","N/A","0","510","N/A","314","626","N/A","644"
"19.10.2020 03:00 - 19.10.2020 04:00","0","N/A","0","511","N/A","402","619","N/A","587"
"19.10.2020 04:00 - 19.10.2020 05:00","0","N/A","0","479","N/A","345","606","N/A","533"
"19.10.2020 05:00 - 19.10.2020 06:00","0","N/A","0","473","N/A","407","553","N/A","608"
"19.10.2020 06:00 - 19.10.2020 07:00","0","N/A","0","432","N/A","372","486","N/A","571"
"19.10.2020 07:00 - 19.10.2020 08:00","0","N/A","0","422","N/A","444","438","N/A","513"
"19.10.2020 08:00 - 19.10.2020 09:00","13","19","19","392","372","372","377","353","353"
"19.10.2020 09:00 - 19.10.2020 10:00","66","92","91","382","357","332","325","302","294"
"19.10.2020 10:00 - 19.10.2020 11:00","129","177","168","373","326","315","290","280","274"
"19.10.2020 11:00 - 19.10.2020 12:00","175","224","357","361","330","321","300","303","236"
"19.10.2020 12:00 - 19.10.2020 13:00","202","244","355","313","325","196","320","348","255"
"19.10.2020 13:00 - 19.10.2020 14:00","207","208","300","244","316","225","312","379","260"
"19.10.2020 14:00 - 19.10.2020 15:00","186","164","249","223","260","130","317","371","196"
"19.10.2020 15:00 - 19.10.2020 16:00","134","132","200","272","254","173","291","324","191"
"19.10.2020 16:00 - 19.10.2020 17:00","69","82","96","273","256","169","297","311","180"
"19.10.2020 17:00 - 19.10.2020 18:00","20","26","28","330","286","150","326","339","187"
"19.10.2020 18:00 - 19.10.2020 19:00","1","1","0","417","296","143","426","417","275"
"19.10.2020 19:00 - 19.10.2020 20:00","0","0","0","534","299","227","557","527","387"
"19.10.2020 20:00 - 19.10.2020 21:00","0","0","0","650","433","354","697","653","589"
"19.10.2020 21:00 - 19.10.2020 22:00","0","0","0","753","647","543","789","751","715"
"19.10.2020 22:00 - 19.10.2020 23:00","0","0","0","750","777","661","934","858","839"
"19.10.2020 23:00 - 20.10.2020 00:00","0","0","0","818","820","833","1063","951","867"
"20.10.2020 00:00 - 20.10.2020 01:00","0","N/A","0","859","N/A","792","959","N/A","899"
"20.10.2020 01:00 - 20.10.2020 02:00","0","N/A","0","885","N/A","747","990","N/A","924"
"20.10.2020 02:00 - 20.10.2020 03:00","0","N/A","0","898","N/A","740","1007","N/A","862"
"20.10.2020 03:00 - 20.10.2020 04:00","0","N/A","0","897","N/A","824","1022","N/A","918"
"20.10.2020 04:00 - 20.10.2020 05:00","0","N/A","0","891","N/A","898","1045","N/A","959"
"20.10.2020 05:00 - 20.10.2020 06:00","0","N/A","0","921","N/A","912","1032","N/A","1052"
"20.10.2020 06:00 - 20.10.2020 07:00","0","N/A","0","926","N/A","1022","1039","N/A","963"
"20.10.2020 07:00 - 20.10.2020 08:00","0","N/A","0","975","N/A","1019","1081","N/A","990"
"20.10.2020 08:00 - 20.10.2020 09:00","6","7","7","999","880","869","1103","1009","1009"
"20.10.2020 09:00 - 20.10.2020 10:00","31","32","25","1002","949","930","1194","1061","1086"
"20.10.2020 10:00 - 20.10.2020 11:00","60","44","38","1042","982","939","1327","1156","1342"
"20.10.2020 11:00 - 20.10.2020 12:00","75","50","57","1029","945","878","1416","1267","1385"
"20.10.2020 12:00 - 20.10.2020 13:00","91","73","76","1000","984","978","1443","1344","1483"
"20.10.2020 13:00 - 20.10.2020 14:00","103","94","103","950","979","945","1457","1307","1384"
"20.10.2020 14:00 - 20.10.2020 15:00","78","65","90","944","940","895","1399","1179","1284"
"20.10.2020 15:00 - 20.10.2020 16:00","42","37","60","1009","1005","977","1317","1074","1016"
"20.10.2020 16:00 - 20.10.2020 17:00","14","15","23","1041","1048","933","1265","1001","999"
"20.10.2020 17:00 - 20.10.2020 18:00","2","3","9","1070","1059","1088","1249","969","1087"
"20.10.2020 18:00 - 20.10.2020 19:00","0","0","1","1051","1036","1073","1214","1001","1119"
"20.10.2020 19:00 - 20.10.2020 20:00","0","0","0","1075","1031","1124","1209","999","1100"
"20.10.2020 20:00 - 20.10.2020 21:00","0","0","0","1092","1027","1074","1199","1001","1118"
"20.10.2020 21:00 - 20.10.2020 22:00","0","0","0","1085","998","1083","1221","1006","975"
"20.10.2020 22:00 - 20.10.2020 23:00","0","0","0","1044","995","994","1318","1040","944"
"20.10.2020 23:00 - 21.10.2020 00:00","0","0","0","1020","966","885","1361","1031","893"
"21.10.2020 00:00 - 21.10.2020 01:00","0","N/A","0","816","N/A","862","987","N/A","969"
"21.10.2020 01:00 - 21.10.2020 02:00","0","N/A","0","784","N/A","840","901","N/A","1010"
"21.10.2020 02:00 - 21.10.2020 03:00","0","N/A","0","782","N/A","672","856","N/A","845"
"21.10.2020 03:00 - 21.10.2020 04:00","0","N/A","0","774","N/A","733","799","N/A","788"
"21.10.2020 04:00 - 21.10.2020 05:00","0","N/A","0","772","N/A","708","719","N/A","835"
"21.10.2020 05:00 - 21.10.2020 06:00","0","N/A","0","716","N/A","567","613","N/A","703"
"21.10.2020 06:00 - 21.10.2020 07:00","0","N/A","0","598","N/A","394","536","N/A","551"
"21.10.2020 07:00 - 21.10.2020 08:00","0","N/A","0","547","N/A","397","480","N/A","522"
"21.10.2020 08:00 - 21.10.2020 09:00","4","6","6","431","394","381","438","482","482"
"21.10.2020 09:00 - 21.10.2020 10:00","28","31","25","405","483","461","449","508","505"
"21.10.2020 10:00 - 21.10.2020 11:00","51","59","45","482","561","460","481","530","489"
"21.10.2020 11:00 - 21.10.2020 12:00","46","70","47","532","544","463","516","538","455"
"21.10.2020 12:00 - 21.10.2020 13:00","41","59","39","593","617","598","524","543","412"
"21.10.2020 13:00 - 21.10.2020 14:00","36","46","42","620","720","601","531","562","482"
"21.10.2020 14:00 - 21.10.2020 15:00","21","23","22","706","828","535","550","617","581"
"21.10.2020 15:00 - 21.10.2020 16:00","16","16","25","856","876","720","630","731","572"
"21.10.2020 16:00 - 21.10.2020 17:00","9","9","13","929","959","871","774","863","605"
"21.10.2020 17:00 - 21.10.2020 18:00","1","1","2","1003","1013","895","960","1033","729"
"21.10.2020 18:00 - 21.10.2020 19:00","0","0","1","980","986","984","1145","1237","815"
"21.10.2020 19:00 - 21.10.2020 20:00","0","0","0","980","958","992","1329","1392","736"
"21.10.2020 20:00 - 21.10.2020 21:00","0","0","0","1040","982","1003","1472","1529","883"
"21.10.2020 21:00 - 21.10.2020 22:00","0","0","0","1031","1009","1052","1554","1626","742"
"21.10.2020 22:00 - 21.10.2020 23:00","0","0","0","1020","1014","1066","1722","1716","1154"
"21.10.2020 23:00 - 22.10.2020 00:00","0","0","0","1004","982","1038","1905","1795","1621"
"22.10.2020 00:00 - 22.10.2020 01:00","0","N/A","0","986","N/A","1092","1409","N/A","1734"
"22.10.2020 01:00 - 22.10.2020 02:00","0","N/A","0","993","N/A","1096","1545","N/A","1771"
"22.10.2020 02:00 - 22.10.2020 03:00","0","N/A","0","967","N/A","1080","1572","N/A","1537"
"22.10.2020 03:00 - 22.10.2020 04:00","0","N/A","0","975","N/A","1074","1697","N/A","1637"
"22.10.2020 04:00 - 22.10.2020 05:00","0","N/A","0","952","N/A","1036","1829","N/A","1505"
"22.10.2020 05:00 - 22.10.2020 06:00","0","N/A","0","979","N/A","1066","1831","N/A","1432"
"22.10.2020 06:00 - 22.10.2020 07:00","0","N/A","0","956","N/A","983","1679","N/A","1346"
"22.10.2020 07:00 - 22.10.2020 08:00","0","N/A","0","967","N/A","1067","1443","N/A","1335"
"22.10.2020 08:00 - 22.10.2020 09:00","4","3","3","919","1059","1056","1257","1465","1465"
"22.10.2020 09:00 - 22.10.2020 10:00","30","19","18","942","974","1070","1322","1469","1539"
"22.10.2020 10:00 - 22.10.2020 11:00","80","59","57","961","954","1000","1464","1522","1790"
"22.10.2020 11:00 - 22.10.2020 12:00","129","113","119","925","940","1082","1669","1640","1992"
"22.10.2020 12:00 - 22.10.2020 13:00","144","138","172","935","953","1054","1846","1809","1844"
"22.10.2020 13:00 - 22.10.2020 14:00","148","135","122","921","965","1101","1994","1903","2041"
"22.10.2020 14:00 - 22.10.2020 15:00","149","119","117","916","954","1030","2107","2029","1671"
"22.10.2020 15:00 - 22.10.2020 16:00","124","105","138","938","948","1051","2187","2071","2157"
"22.10.2020 16:00 - 22.10.2020 17:00","63","60","63","977","971","1104","2209","2070","2498"
"22.10.2020 17:00 - 22.10.2020 18:00","16","15","25","992","996","1109","2216","2086","2363"
"22.10.2020 18:00 - 22.10.2020 19:00","1","1","0","925","965","1061","2228","2152","2477"
"22.10.2020 19:00 - 22.10.2020 20:00","0","0","0","960","968","1139","2322","2234","2594"
"22.10.2020 20:00 - 22.10.2020 21:00","0","0","0","1013","1000","1065","2269","2221","2579"
"22.10.2020 21:00 - 22.10.2020 22:00","0","0","0","1009","1018","1085","2200","2167","2191"
"22.10.2020 22:00 - 22.10.2020 23:00","0","0","0","987","1012","1079","2297","2153","2337"
"22.10.2020 23:00 - 23.10.2020 00:00","0","0","0","973","976","1099","2378","2174","2278"
"23.10.2020 00:00 - 23.10.2020 01:00","0","N/A","0","1017","N/A","1084","2195","N/A","2147"
"23.10.2020 01:00 - 23.10.2020 02:00","0","N/A","0","1064","N/A","1118","2056","N/A","1868"
"23.10.2020 02:00 - 23.10.2020 03:00","0","N/A","0","1074","N/A","1076","1845","N/A","1614"
"23.10.2020 03:00 - 23.10.2020 04:00","0","N/A","0","1036","N/A","952","1651","N/A","1424"
"23.10.2020 04:00 - 23.10.2020 05:00","0","N/A","0","829","N/A","714","1421","N/A","1282"
"23.10.2020 05:00 - 23.10.2020 06:00","0","N/A","0","606","N/A","557","1178","N/A","1149"
"23.10.2020 06:00 - 23.10.2020 07:00","0","N/A","0","454","N/A","508","1000","N/A","959"
"23.10.2020 07:00 - 23.10.2020 08:00","0","N/A","0","431","N/A","543","871","N/A","869"
"23.10.2020 08:00 - 23.10.2020 09:00","10","8","8","401","425","417","715","669","669"
"23.10.2020 09:00 - 23.10.2020 10:00","69","61","55","353","413","401","612","546","517"
"23.10.2020 10:00 - 23.10.2020 11:00","130","132","103","403","530","451","550","481","458"
"23.10.2020 11:00 - 23.10.2020 12:00","181","180","170","499","544","623","548","489","377"
"23.10.2020 12:00 - 23.10.2020 13:00","226","205","226","542","544","714","553","530","428"
"23.10.2020 13:00 - 23.10.2020 14:00","217","206","200","538","507","624","553","559","500"
"23.10.2020 14:00 - 23.10.2020 15:00","166","194","196","496","473","518","548","546","415"
"23.10.2020 15:00 - 23.10.2020 16:00","121","144","164","411","365","303","516","496","542"
"23.10.2020 16:00 - 23.10.2020 17:00","69","80","72","314","314","133","471","438","481"
"23.10.2020 17:00 - 23.10.2020 18:00","17","21","13","297","364","326","458","412","368"
"23.10.2020 18:00 - 23.10.2020 19:00","1","1","0","323","513","837","483","457","416"
"23.10.2020 19:00 - 23.10.2020 20:00","0","0","0","374","563","874","559","589","720"
"23.10.2020 20:00 - 23.10.2020 21:00","0","0","0","463","633","851","615","758","1096"
"23.10.2020 21:00 - 23.10.2020 22:00","0","0","0","507","649","812","661","863","1369"
"23.10.2020 22:00 - 23.10.2020 23:00","0","0","0","560","681","864","717","943","1488"
"23.10.2020 23:00 - 24.10.2020 00:00","0","0","0","709","764","798","722","991","1300"
"24.10.2020 00:00 - 24.10.2020 01:00","0","N/A","0","858","N/A","943","1163","N/A","1285"
"24.10.2020 01:00 - 24.10.2020 02:00","0","N/A","0","865","N/A","736","1095","N/A","980"
"24.10.2020 02:00 - 24.10.2020 03:00","0","N/A","0","833","N/A","680","1036","N/A","559"
"24.10.2020 03:00 - 24.10.2020 04:00","0","N/A","0","837","N/A","666","970","N/A","594"
"24.10.2020 04:00 - 24.10.2020 05:00","0","N/A","0","810","N/A","583","920","N/A","701"
"24.10.2020 05:00 - 24.10.2020 06:00","0","N/A","0","740","N/A","697","878","N/A","738"
"24.10.2020 06:00 - 24.10.2020 07:00","0","N/A","0","645","N/A","564","824","N/A","664"
"24.10.2020 07:00 - 24.10.2020 08:00","0","N/A","0","641","N/A","589","770","N/A","621"
"24.10.2020 08:00 - 24.10.2020 09:00","9","8","8","625","570","596","675","539","539"
"24.10.2020 09:00 - 24.10.2020 10:00","64","62","58","625","543","577","594","495","539"
"24.10.2020 10:00 - 24.10.2020 11:00","123","132","151","670","590","568","571","456","532"
"24.10.2020 11:00 - 24.10.2020 12:00","181","184","263","673","608","605","620","521","515"
"24.10.2020 12:00 - 24.10.2020 13:00","201","215","258","611","613","697","737","666","581"
"24.10.2020 13:00 - 24.10.2020 14:00","203","216","232","598","692","614","854","795","601"
"24.10.2020 14:00 - 24.10.2020 15:00","174","169","194","702","745","674","895","857","628"
"24.10.2020 15:00 - 24.10.2020 16:00","119","129","153","747","728","605","834","829","789"
"24.10.2020 16:00 - 24.10.2020 17:00","60","66","63","806","776","783","763","773","920"
"24.10.2020 17:00 - 24.10.2020 18:00","13","14","9","831","830","819","765","808","1053"
"24.10.2020 18:00 - 24.10.2020 19:00","0","0","0","815","804","916","828","942","1149"
"24.10.2020 19:00 - 24.10.2020 20:00","0","0","0","818","826","988","992","1122","1398"
"24.10.2020 20:00 - 24.10.2020 21:00","0","0","0","864","892","1072","1134","1318","1478"
"24.10.2020 21:00 - 24.10.2020 22:00","0","0","0","904","908","1030","1277","1425","1084"
"24.10.2020 22:00 - 24.10.2020 23:00","0","0","0","930","950","1090","1579","1627","1102"
"24.10.2020 23:00 - 25.10.2020 00:00","0","0","0","948","955","1096","1873","1861","1315"
"25.10.2020 00:00 - 25.10.2020 01:00","0","N/A","0","983","N/A","1038","2096","N/A","1765"
"25.10.2020 01:00 - 25.10.2020 02:00","0","N/A","0","993","N/A","1042","2226","N/A","1761"
"25.10.2020 02:00 - 25.10.2020 03:00","0","N/A","0","952","N/A","991","2289","N/A","1964"
"25.10.2020 02:00 - 25.10.2020 03:00","0","N/A","0","946","N/A","988","2262","N/A","1846"
"25.10.2020 03:00 - 25.10.2020 04:00","0","N/A","0","880","N/A","880","2188","N/A","2031"
"25.10.2020 04:00 - 25.10.2020 05:00","0","N/A","0","861","N/A","423","2126","N/A","2046"
"25.10.2020 05:00 - 25.10.2020 06:00","0","N/A","0","805","N/A","370","2147","N/A","2528"
"25.10.2020 06:00 - 25.10.2020 07:00","0","N/A","0","837","N/A","446","2194","N/A","2266"
"25.10.2020 07:00 - 25.10.2020 08:00","2","N/A","3","864","N/A","408","2122","N/A","2062"
"25.10.2020 08:00 - 25.10.2020 09:00","15","15","15","895","483","457","2070","2347","2347"
"25.10.2020 09:00 - 25.10.2020 10:00","27","26","20","933","714","924","2090","2431","2146"
"25.10.2020 10:00 - 25.10.2020 11:00","32","21","17","971","767","404","2082","2249","2003"
"25.10.2020 11:00 - 25.10.2020 12:00","50","26","35","1028","785","482","1938","2015","1737"
"25.10.2020 12:00 - 25.10.2020 13:00","49","30","46","1029","777","1102","1677","1624","1474"
"25.10.2020 13:00 - 25.10.2020 14:00","51","25","60","1006","791","840","1421","1336","1373"
"25.10.2020 14:00 - 25.10.2020 15:00","42","20","46","969","824","870","1111","1077","1142"
"25.10.2020 15:00 - 25.10.2020 16:00","32","14","17","954","833","821","884","926","706"
"25.10.2020 16:00 - 25.10.2020 17:00","7","3","4","932","826","978","809","901","616"
"25.10.2020 17:00 - 25.10.2020 18:00","0","0","0","860","736","711","777","911","634"
"25.10.2020 18:00 - 25.10.2020 19:00","0","0","0","885","806","762","782","866","686"
"25.10.2020 19:00 - 25.10.2020 20:00","0","0","0","893","863","867","748","790","717"
"25.10.2020 20:00 - 25.10.2020 21:00","0","0","0","839","850","845","706","744","712"
"25.10.2020 21:00 - 25.10.2020 22:00","0","0","0","782","852","769","714","761","686"
"25.10.2020 22:00 - 25.10.2020 23:00","0","0","0","706","802","510","688","780","628"
"25.10.2020 23:00 - 26.10.2020 00:00","0","0","0","640","803","670","614","744","587"
"26.10.2020 00:00 - 26.10.2020 01:00","0","N/A","0","768","N/A","686","758","N/A","641"
"26.10.2020 01:00 - 26.10.2020 02:00","0","N/A","0","765","N/A","495","757","N/A","466"
"26.10.2020 02:00 - 26.10.2020 03:00","0","N/A","0","781","N/A","615","798","N/A","580"
"26.10.2020 03:00 - 26.10.2020 04:00","0","N/A","0","658","N/A","404","851","N/A","762"
"26.10.2020 04:00 - 26.10.2020 05:00","0","N/A","0","527","N/A","538","864","N/A","744"
"26.10.2020 05:00 - 26.10.2020 06:00","0","N/A","0","620","N/A","619","838","N/A","820"
"26.10.2020 06:00 - 26.10.2020 07:00","0","N/A","0","755","N/A","858","848","N/A","862"
"26.10.2020 07:00 - 26.10.2020 08:00","4","N/A","4","794","N/A","690","827","N/A","887"
"26.10.2020 08:00 - 26.10.2020 09:00","33","33","33","863","808","779","830","745","745"
"26.10.2020 09:00 - 26.10.2020 10:00","70","72","49","866","877","671","885","748","708"
"26.10.2020 10:00 - 26.10.2020 11:00","99","97","64","877","843","469","954","760","728"
"26.10.2020 11:00 - 26.10.2020 12:00","112","106","99","867","827","648","927","759","619"
"26.10.2020 12:00 - 26.10.2020 13:00","112","109","116","748","812","653","868","749","641"
"26.10.2020 13:00 - 26.10.2020 14:00","97","90","105","706","810","625","876","751","818"
"26.10.2020 14:00 - 26.10.2020 15:00","63","61","49","882","852","834","898","762","766"
"26.10.2020 15:00 - 26.10.2020 16:00","32","30","24","926","872","813","935","748","656"
"26.10.2020 16:00 - 26.10.2020 17:00","7","6","16","961","933","848","932","756","816"
"26.10.2020 17:00 - 26.10.2020 18:00","0","0","2","888","914","893","950","827","931"
"26.10.2020 18:00 - 26.10.2020 19:00","0","0","0","923","936","858","997","892","997"
"26.10.2020 19:00 - 26.10.2020 20:00","0","0","0","956","963","767","975","920","1002"
"26.10.2020 20:00 - 26.10.2020 21:00","0","0","0","931","967","929","925","947","1029"
"26.10.2020 21:00 - 26.10.2020 22:00","0","0","0","908","952","900","957","1013","1145"
"26.10.2020 22:00 - 26.10.2020 23:00","0","0","0","895","893","901","1031","1116","1275"
"26.10.2020 23:00 - 27.10.2020 00:00","0","0","0","863","897","911","1033","1125","1305"
"27.10.2020 00:00 - 27.10.2020 01:00","0","N/A","0","893","N/A","1033","1185","N/A","1185"
"27.10.2020 01:00 - 27.10.2020 02:00","0","N/A","0","891","N/A","1032","1231","N/A","1078"
"27.10.2020 02:00 - 27.10.2020 03:00","0","N/A","0","911","N/A","1004","1332","N/A","973"
"27.10.2020 03:00 - 27.10.2020 04:00","0","N/A","0","819","N/A","974","1415","N/A","1391"
"27.10.2020 04:00 - 27.10.2020 05:00","0","N/A","0","832","N/A","937","1447","N/A","1085"
"27.10.2020 05:00 - 27.10.2020 06:00","0","N/A","0","874","N/A","967","1490","N/A","1128"
"27.10.2020 06:00 - 27.10.2020 07:00","0","N/A","0","958","N/A","1045","1532","N/A","1225"
"27.10.2020 07:00 - 27.10.2020 08:00","4","N/A","5","952","N/A","1069","1522","N/A","1330"
"27.10.2020 08:00 - 27.10.2020 09:00","35","45","45","935","1073","1075","1584","1444","1444"
"27.10.2020 09:00 - 27.10.2020 10:00","81","89","65","943","1034","1088","1683","1768","1602"
"27.10.2020 10:00 - 27.10.2020 11:00","129","127","99","944","1007","1001","1797","1849","1712"
"27.10.2020 11:00 - 27.10.2020 12:00","157","159","168","930","994","1017","1894","1966","2155"
"27.10.2020 12:00 - 27.10.2020 13:00","124","148","111","965","987","1096","1922","1939","1968"
"27.10.2020 13:00 - 27.10.2020 14:00","106","122","127","978","970","1057","1950","1941","1887"
"27.10.2020 14:00 - 27.10.2020 15:00","76","110","107","999","1009","1056","1884","1895","1913"
"27.10.2020 15:00 - 27.10.2020 16:00","44","57","45","1056","1025","1087","1783","1748","1895"
"27.10.2020 16:00 - 27.10.2020 17:00","9","10","18","1079","1070","1028","1713","1643","1546"
"27.10.2020 17:00 - 27.10.2020 18:00","0","0","0","998","1021","945","1695","1654","1230"
"27.10.2020 18:00 - 27.10.2020 19:00","0","0","0","992","977","1111","1680","1668","1597"
"27.10.2020 19:00 - 27.10.2020 20:00","0","0","0","1057","1041","1000","1568","1608","1556"
"27.10.2020 20:00 - 27.10.2020 21:00","0","0","0","1052","1035","1026","1476","1553","1187"
"27.10.2020 21:00 - 27.10.2020 22:00","0","0","0","1013","1000","1091","1560","1552","1150"
"27.10.2020 22:00 - 27.10.2020 23:00","0","0","0","994","934","1116","1672","1649","922"
"27.10.2020 23:00 - 28.10.2020 00:00","0","0","0","950","929","1066","1645","1735","1263"
"28.10.2020 00:00 - 28.10.2020 01:00","0","N/A","0","985","N/A","1095","1911","N/A","1345"
"28.10.2020 01:00 - 28.10.2020 02:00","0","N/A","0","937","N/A","1074","2014","N/A","1276"
"28.10.2020 02:00 - 28.10.2020 03:00","0","N/A","0","944","N/A","1053","2128","N/A","1647"
"28.10.2020 03:00 - 28.10.2020 04:00","0","N/A","0","876","N/A","1065","2128","N/A","1357"
"28.10.2020 04:00 - 28.10.2020 05:00","0","N/A","0","879","N/A","1120","2035","N/A","1018"
"28.10.2020 05:00 - 28.10.2020 06:00","0","N/A","0","858","N/A","1080","1865","N/A","1032"
"28.10.2020 06:00 - 28.10.2020 07:00","0","N/A","0","941","N/A","1141","1646","N/A","910"
"28.10.2020 07:00 - 28.10.2020 08:00","4","N/A","4","944","N/A","1109","1465","N/A","798"
"28.10.2020 08:00 - 28.10.2020 09:00","47","50","50","930","1068","1063","1392","1301","1301"
"28.10.2020 09:00 - 28.10.2020 10:00","110","120","131","913","979","950","1427","1406","1463"
"28.10.2020 10:00 - 28.10.2020 11:00","172","195","205","903","951","1053","1554","1516","1474"
"28.10.2020 11:00 - 28.10.2020 12:00","213","229","267","884","957","1011","1715","1702","1535"
"28.10.2020 12:00 - 28.10.2020 13:00","209","202","286","894","985","1025","1835","1754","1652"
"28.10.2020 13:00 - 28.10.2020 14:00","180","154","221","922","980","993","1933","1752","1601"
"28.10.2020 14:00 - 28.10.2020 15:00","124","115","132","939","952","1055","1915","1689","1517"
"28.10.2020 15:00 - 28.10.2020 16:00","50","49","37","968","944","1123","1893","1573","1488"
"28.10.2020 16:00 - 28.10.2020 17:00","8","7","2","1003","984","1102","1848","1525","1195"
"28.10.2020 17:00 - 28.10.2020 18:00","0","0","0","969","1011","1063","1816","1568","981"
"28.10.2020 18:00 - 28.10.2020 19:00","0","0","0","992","1051","1097","1743","1537","1306"
"28.10.2020 19:00 - 28.10.2020 20:00","0","0","0","1068","1073","1015","1534","1415","1343"
"28.10.2020 20:00 - 28.10.2020 21:00","0","0","0","1066","1071","1100","1320","1262","928"
"28.10.2020 21:00 - 28.10.2020 22:00","0","0","0","1029","1063","1019","1265","1156","851"
"28.10.2020 22:00 - 28.10.2020 23:00","0","0","0","908","1016","939","1258","1129","659"
"28.10.2020 23:00 - 29.10.2020 00:00","0","0","0","813","919","764","1163","985","773"
"29.10.2020 00:00 - 29.10.2020 01:00","0","N/A","0","632","N/A","792","738","N/A","462"
"29.10.2020 01:00 - 29.10.2020 02:00","0","N/A","0","546","N/A","512","617","N/A","441"
"29.10.2020 02:00 - 29.10.2020 03:00","0","N/A","0","497","N/A","335","520","N/A","526"
"29.10.2020 03:00 - 29.10.2020 04:00","0","N/A","0","445","N/A","283","421","N/A","354"
"29.10.2020 04:00 - 29.10.2020 05:00","0","N/A","0","420","N/A","242","342","N/A","207"
"29.10.2020 05:00 - 29.10.2020 06:00","0","N/A","0","369","N/A","193","316","N/A","147"
"29.10.2020 06:00 - 29.10.2020 07:00","0","N/A","0","364","N/A","423","327","N/A","163"
"29.10.2020 07:00 - 29.10.2020 08:00","2","N/A","2","443","N/A","239","348","N/A","145"
"29.10.2020 08:00 - 29.10.2020 09:00","34","36","36","517","242","222","379","165","165"
"29.10.2020 09:00 - 29.10.2020 10:00","93","87","74","494","331","377","417","212","246"
"29.10.2020 10:00 - 29.10.2020 11:00","163","144","161","500","409","497","481","311","238"
"29.10.2020 11:00 - 29.10.2020 12:00","200","190","235","528","385","319","573","439","338"
"29.10.2020 12:00 - 29.10.2020 13:00","208","202","267","493","347","438","635","480","330"
"29.10.2020 13:00 - 29.10.2020 14:00","187","181","266","504","328","353","680","476","292"
"29.10.2020 14:00 - 29.10.2020 15:00","123","130","204","631","384","413","658","437","260"
"29.10.2020 15:00 - 29.10.2020 16:00","48","56","104","741","460","306","649","391","350"
"29.10.2020 16:00 - 29.10.2020 17:00","7","9","18","754","518","459","658","384","308"
"29.10.2020 17:00 - 29.10.2020 18:00","0","0","0","640","524","507","659","418","432"
"29.10.2020 18:00 - 29.10.2020 19:00","0","0","0","533","501","468","647","436","452"
"29.10.2020 19:00 - 29.10.2020 20:00","0","0","0","549","508","363","589","426","414"
"29.10.2020 20:00 - 29.10.2020 21:00","0","0","0","586","479","381","515","402","388"
"29.10.2020 21:00 - 29.10.2020 22:00","0","0","0","576","423","302","511","381","455"
"29.10.2020 22:00 - 29.10.2020 23:00","0","0","0","566","444","314","562","388","487"
"29.10.2020 23:00 - 30.10.2020 00:00","0","0","0","735","628","404","585","398","442"
"30.10.2020 00:00 - 30.10.2020 01:00","0","N/A","0","584","N/A","334","441","N/A","477"
"30.10.2020 01:00 - 30.10.2020 02:00","0","N/A","0","679","N/A","456","495","N/A","560"
"30.10.2020 02:00 - 30.10.2020 03:00","0","N/A","0","685","N/A","585","591","N/A","437"
"30.10.2020 03:00 - 30.10.2020 04:00","0","N/A","0","543","N/A","568","684","N/A","638"
"30.10.2020 04:00 - 30.10.2020 05:00","0","N/A","0","461","N/A","536","718","N/A","464"
"30.10.2020 05:00 - 30.10.2020 06:00","0","N/A","0","446","N/A","245","695","N/A","528"
"30.10.2020 06:00 - 30.10.2020 07:00","0","N/A","0","528","N/A","360","686","N/A","393"
"30.10.2020 07:00 - 30.10.2020 08:00","0","N/A","0","594","N/A","423","672","N/A","353"
"30.10.2020 08:00 - 30.10.2020 09:00","4","7","7","673","552","534","688","690","690"
"30.10.2020 09:00 - 30.10.2020 10:00","12","17","18","756","673","638","727","667","713"
"30.10.2020 10:00 - 30.10.2020 11:00","18","25","38","834","787","625","760","660","656"
"30.10.2020 11:00 - 30.10.2020 12:00","22","34","47","862","845","823","736","674","693"
"30.10.2020 12:00 - 30.10.2020 13:00","29","33","52","916","861","802","701","654","627"
"30.10.2020 13:00 - 30.10.2020 14:00","29","27","52","923","856","800","664","660","534"
"30.10.2020 14:00 - 30.10.2020 15:00","36","28","43","822","865","884","606","675","815"
"30.10.2020 15:00 - 30.10.2020 16:00","24","21","16","807","839","823","594","663","680"
"30.10.2020 16:00 - 30.10.2020 17:00","5","4","1","691","791","713","558","649","484"
"30.10.2020 17:00 - 30.10.2020 18:00","0","0","0","517","658","658","587","672","583"
"30.10.2020 18:00 - 30.10.2020 19:00","0","0","0","468","573","570","621","691","631"
"30.10.2020 19:00 - 30.10.2020 20:00","0","0","0","429","460","388","597","677","525"
"30.10.2020 20:00 - 30.10.2020 21:00","0","0","0","378","359","293","576","644","382"
"30.10.2020 21:00 - 30.10.2020 22:00","0","0","0","334","345","170","591","608","331"
"30.10.2020 22:00 - 30.10.2020 23:00","0","0","0","330","309","94","555","592","377"
"30.10.2020 23:00 - 31.10.2020 00:00","0","0","0","213","271","155","439","533","281"
"31.10.2020 00:00 - 31.10.2020 01:00","0","N/A","0","161","N/A","118","266","N/A","229"
"31.10.2020 01:00 - 31.10.2020 02:00","0","N/A","0","118","N/A","195","233","N/A","258"
"31.10.2020 02:00 - 31.10.2020 03:00","0","N/A","0","80","N/A","156","194","N/A","241"
"31.10.2020 03:00 - 31.10.2020 04:00","0","N/A","0","60","N/A","133","146","N/A","205"
"31.10.2020 04:00 - 31.10.2020 05:00","0","N/A","0","42","N/A","94","103","N/A","145"
"31.10.2020 05:00 - 31.10.2020 06:00","0","N/A","0","23","N/A","16","65","N/A","96"
"31.10.2020 06:00 - 31.10.2020 07:00","0","N/A","0","18","N/A","9","48","N/A","80"
"31.10.2020 07:00 - 31.10.2020 08:00","2","N/A","2","37","N/A","19","48","N/A","56"
"31.10.2020 08:00 - 31.10.2020 09:00","37","43","43","100","40","37","71","81","81"
"31.10.2020 09:00 - 31.10.2020 10:00","83","95","89","129","126","124","113","136","124"
"31.10.2020 10:00 - 31.10.2020 11:00","117","139","170","186","214","198","177","207","186"
"31.10.2020 11:00 - 31.10.2020 12:00","128","155","219","320","340","422","274","309","260"
"31.10.2020 12:00 - 31.10.2020 13:00","98","149","203","453","519","577","397","427","418"
"31.10.2020 13:00 - 31.10.2020 14:00","68","107","132","543","637","595","535","537","516"
"31.10.2020 14:00 - 31.10.2020 15:00","40","57","81","642","622","660","641","660","626"
"31.10.2020 15:00 - 31.10.2020 16:00","13","17","52","773","731","678","791","774","604"
"31.10.2020 16:00 - 31.10.2020 17:00","1","1","10","903","882","687","954","926","808"
"31.10.2020 17:00 - 31.10.2020 18:00","0","0","0","896","857","722","1193","1194","1139"
"31.10.2020 18:00 - 31.10.2020 19:00","0","0","0","921","910","820","1462","1435","1431"
"31.10.2020 19:00 - 31.10.2020 20:00","0","0","0","1014","978","1000","1610","1572","1410"
"31.10.2020 20:00 - 31.10.2020 21:00","0","0","0","1021","1002","973","1699","1651","1249"
"31.10.2020 21:00 - 31.10.2020 22:00","0","0","0","1003","1011","949","1879","1724","1400"
"31.10.2020 22:00 - 31.10.2020 23:00","0","0","0","992","980","962","2092","1857","1432"
"31.10.2020 23:00 - 01.11.2020 00:00","0","0","0","990","1026","1018","2133","1870","1597"
"01.11.2020 00:00 - 01.11.2020 01:00","0","N/A","0","1052","N/A","1002","1914","N/A","1216"
"01.11.2020 01:00 - 01.11.2020 02:00","0","N/A","0","954","N/A","927","1710","N/A","1013"
"01.11.2020 02:00 - 01.11.2020 03:00","0","N/A","0","850","N/A","723","1222","N/A","1012"
"01.11.2020 03:00 - 01.11.2020 04:00","0","N/A","0","642","N/A","777","773","N/A","1049"
"01.11.2020 04:00 - 01.11.2020 05:00","0","N/A","0","617","N/A","770","615","N/A","864"
"01.11.2020 05:00 - 01.11.2020 06:00","0","N/A","0","700","N/A","742","604","N/A","841"
"01.11.2020 06:00 - 01.11.2020 07:00","0","N/A","0","824","N/A","836","669","N/A","833"
"01.11.2020 07:00 - 01.11.2020 08:00","1","N/A","1","827","N/A","740","693","N/A","705"
"01.11.2020 08:00 - 01.11.2020 09:00","15","22","22","812","739","713","721","696","696"
"01.11.2020 09:00 - 01.11.2020 10:00","35","65","58","823","771","715","803","759","902"
"01.11.2020 10:00 - 01.11.2020 11:00","66","108","166","836","777","807","949","923","970"
"01.11.2020 11:00 - 01.11.2020 12:00","85","158","221","887","823","1032","1079","1190","1352"
"01.11.2020 12:00 - 01.11.2020 13:00","83","146","147","901","865","1051","1201","1352","1325"
"01.11.2020 13:00 - 01.11.2020 14:00","53","88","77","918","880","1057","1343","1492","1054"
"01.11.2020 14:00 - 01.11.2020 15:00","26","33","59","951","875","1056","1456","1612","1368"
"01.11.2020 15:00 - 01.11.2020 16:00","8","9","39","949","915","1059","1609","1696","1465"
"01.11.2020 16:00 - 01.11.2020 17:00","1","1","12","981","969","1083","1736","1888","1600"
"01.11.2020 17:00 - 01.11.2020 18:00","0","0","0","943","963","1071","1916","2176","1888"
"01.11.2020 18:00 - 01.11.2020 19:00","0","0","0","975","971","1099","2032","2307","1598"
"01.11.2020 19:00 - 01.11.2020 20:00","0","0","0","1040","1032","1139","1936","2206","1466"
"01.11.2020 20:00 - 01.11.2020 21:00","0","0","0","1066","1042","1077","1732","1949","1364"
"01.11.2020 21:00 - 01.11.2020 22:00","0","0","0","1059","1035","1088","1613","1712","1399"
"01.11.2020 22:00 - 01.11.2020 23:00","0","0","0","1047","997","1093","1626","1732","1259"
"01.11.2020 23:00 - 02.11.2020 00:00","0","0","0","1021","976","1069","1587","1716","1466"
"02.11.2020 00:00 - 02.11.2020 01:00","0","N/A","0","1026","N/A","1064","1948","N/A","1874"
"02.11.2020 01:00 - 02.11.2020 02:00","0","N/A","0","945","N/A","948","2041","N/A","2049"
"02.11.2020 02:00 - 02.11.2020 03:00","0","N/A","0","918","N/A","456","2127","N/A","2667"
"02.11.2020 03:00 - 02.11.2020 04:00","0","N/A","0","842","N/A","389","1898","N/A","2592"
"02.11.2020 04:00 - 02.11.2020 05:00","0","N/A","0","831","N/A","388","2123","N/A","2722"
"02.11.2020 05:00 - 02.11.2020 06:00","0","N/A","0","811","N/A","427","2159","N/A","1983"
"02.11.2020 06:00 - 02.11.2020 07:00","0","N/A","0","859","N/A","1049","2172","N/A","1831"
"02.11.2020 07:00 - 02.11.2020 08:00","0","N/A","1","868","N/A","1001","2111","N/A","1632"
"02.11.2020 08:00 - 02.11.2020 09:00","10","17","17","837","989","1004","2027","1629","1629"
"02.11.2020 09:00 - 02.11.2020 10:00","30","43","19","816","960","930","1981","2741","2027"
"02.11.2020 10:00 - 02.11.2020 11:00","38","57","24","823","935","1043","2081","2659","1814"
"02.11.2020 11:00 - 02.11.2020 12:00","36","49","32","821","918","1054","2104","2589","2093"
"02.11.2020 12:00 - 02.11.2020 13:00","36","38","35","825","906","1044","2088","2474","1904"
"02.11.2020 13:00 - 02.11.2020 14:00","28","27","35","815","867","1037","2168","2441","1774"
"02.11.2020 14:00 - 02.11.2020 15:00","22","20","41","856","899","1103","2089","2417","1834"
"02.11.2020 15:00 - 02.11.2020 16:00","9","9","14","945","919","1104","2200","2472","1684"
"02.11.2020 16:00 - 02.11.2020 17:00","1","1","2","957","980","1096","2233","2395","1521"
"02.11.2020 17:00 - 02.11.2020 18:00","0","0","0","931","1020","1048","2336","2453","1951"
"02.11.2020 18:00 - 02.11.2020 19:00","0","0","0","954","987","1078","2405","2416","1706"
"02.11.2020 19:00 - 02.11.2020 20:00","0","0","0","996","1027","1100","2299","2252","1895"
"02.11.2020 20:00 - 02.11.2020 21:00","0","0","0","1009","1042","1074","2052","2059","1428"
"02.11.2020 21:00 - 02.11.2020 22:00","0","0","0","1012","1041","1057","2115","2061","1620"
"02.11.2020 22:00 - 02.11.2020 23:00","0","0","0","1002","1009","1049","2119","2073","1399"
"02.11.2020 23:00 - 03.11.2020 00:00","0","0","0","993","1002","1050","2060","1953","1140"
"03.11.2020 00:00 - 03.11.2020 01:00","0","N/A","0","1016","N/A","1049","1788","N/A","1079"
"03.11.2020 01:00 - 03.11.2020 02:00","0","N/A","0","976","N/A","1045","1790","N/A","1293"
"03.11.2020 02:00 - 03.11.2020 03:00","0","N/A","0","968","N/A","1062","1835","N/A","1586"
"03.11.2020 03:00 - 03.11.2020 04:00","0","N/A","0","917","N/A","1052","1808","N/A","1694"
"03.11.2020 04:00 - 03.11.2020 05:00","0","N/A","0","920","N/A","1035","1824","N/A","2023"
"03.11.2020 05:00 - 03.11.2020 06:00","0","N/A","0","902","N/A","1017","1878","N/A","1490"
"03.11.2020 06:00 - 03.11.2020 07:00","0","N/A","0","938","N/A","1062","1932","N/A","1304"
"03.11.2020 07:00 - 03.11.2020 08:00","1","N/A","1","944","N/A","1055","1915","N/A","1245"
"03.11.2020 08:00 - 03.11.2020 09:00","32","38","38","925","1043","1046","1799","1172","1172"
"03.11.2020 09:00 - 03.11.2020 10:00","82","97","81","948","1037","1063","1707","1607","1193"
"03.11.2020 10:00 - 03.11.2020 11:00","139","168","83","968","1037","1042","1789","1573","1091"
"03.11.2020 11:00 - 03.11.2020 12:00","175","205","56","983","1057","1048","1811","1568","1272"
"03.11.2020 12:00 - 03.11.2020 13:00","185","208","43","1005","989","987","1797","1516","1255"
"03.11.2020 13:00 - 03.11.2020 14:00","182","170","42","962","840","928","1789","1449","1136"
"03.11.2020 14:00 - 03.11.2020 15:00","131","119","15","833","709","897","1515","1249","1175"
"03.11.2020 15:00 - 03.11.2020 16:00","54","48","3","726","687","1004","1399","1032","857"
"03.11.2020 16:00 - 03.11.2020 17:00","6","5","3","761","713","1055","1250","863","1086"
"03.11.2020 17:00 - 03.11.2020 18:00","0","0","15","860","772","1014","1173","807","1246"
"03.11.2020 18:00 - 03.11.2020 19:00","0","0","14","914","814","1014","1151","806","1302"
"03.11.2020 19:00 - 03.11.2020 20:00","0","0","5","988","809","988","1105","847","1187"
"03.11.2020 20:00 - 03.11.2020 21:00","0","0","0","1042","843","1032","1020","885","1186"
"03.11.2020 21:00 - 03.11.2020 22:00","0","0","0","1055","791","1054","1092","959","973"
"03.11.2020 22:00 - 03.11.2020 23:00","0","0","0","1017","684","1046","1129","1043","1034"
"03.11.2020 23:00 - 04.11.2020 00:00","0","0","0","977","748","991","1147","1126","1169"
"04.11.2020 00:00 - 04.11.2020 01:00","0","N/A","0","917","N/A","756","1634","N/A","1270"
"04.11.2020 01:00 - 04.11.2020 02:00","0","N/A","0","1012","N/A","258","1528","N/A","6"
"04.11.2020 02:00 - 04.11.2020 03:00","0","N/A","0","1034","N/A","318","1423","N/A","358"
"04.11.2020 03:00 - 04.11.2020 04:00","0","N/A","0","921","N/A","255","1380","N/A","152"
"04.11.2020 04:00 - 04.11.2020 05:00","0","N/A","0","863","N/A","271","1347","N/A","128"
"04.11.2020 05:00 - 04.11.2020 06:00","0","N/A","0","857","N/A","296","1302","N/A","174"
"04.11.2020 06:00 - 04.11.2020 07:00","0","N/A","0","920","N/A","290","1317","N/A","225"
"04.11.2020 07:00 - 04.11.2020 08:00","1","N/A","1","990","N/A","255","1360","N/A","32"
"04.11.2020 08:00 - 04.11.2020 09:00","41","45","45","1014","1081","1080","1266","1113","1113"
"04.11.2020 09:00 - 04.11.2020 10:00","118","133","129","1007","1078","1140","1214","1252","1068"
"04.11.2020 10:00 - 04.11.2020 11:00","178","204","237","1013","1064","1124","1414","1314","927"
"04.11.2020 11:00 - 04.11.2020 12:00","210","227","231","1032","1064","1096","1674","1604","1226"
"04.11.2020 12:00 - 04.11.2020 13:00","198","213","219","1021","1049","1108","1806","1771","1605"
"04.11.2020 13:00 - 04.11.2020 14:00","162","148","173","1009","1008","1077","1875","1796","1790"
"04.11.2020 14:00 - 04.11.2020 15:00","109","94","146","993","966","1123","1717","1587","1952"
"04.11.2020 15:00 - 04.11.2020 16:00","48","46","72","962","938","1047","1547","1355","1478"
"04.11.2020 16:00 - 04.11.2020 17:00","6","5","14","993","923","836","1516","1311","1259"
"04.11.2020 17:00 - 04.11.2020 18:00","0","0","0","1010","951","1026","1577","1462","1722"
"04.11.2020 18:00 - 04.11.2020 19:00","0","0","0","1055","1021","1098","1613","1527","1699"
"04.11.2020 19:00 - 04.11.2020 20:00","0","0","0","1072","1046","1071","1567","1472","1731"
"04.11.2020 20:00 - 04.11.2020 21:00","0","0","0","1072","1029","1012","1427","1363","1558"
"04.11.2020 21:00 - 04.11.2020 22:00","0","0","0","1074","1037","1029","1496","1376","1718"
"04.11.2020 22:00 - 04.11.2020 23:00","0","0","0","1048","1037","1039","1580","1428","1699"
"04.11.2020 23:00 - 05.11.2020 00:00","0","0","0","1024","1028","1085","1579","1453","1716"
"05.11.2020 00:00 - 05.11.2020 01:00","0","N/A","0","1043","N/A","1027","1536","N/A","1732"
"05.11.2020 01:00 - 05.11.2020 02:00","0","N/A","0","1006","N/A","1046","1568","N/A","1782"
"05.11.2020 02:00 - 05.11.2020 03:00","0","N/A","0","1021","N/A","1107","1625","N/A","1753"
"05.11.2020 03:00 - 05.11.2020 04:00","0","N/A","0","960","N/A","1075","1633","N/A","1840"
"05.11.2020 04:00 - 05.11.2020 05:00","0","N/A","0","970","N/A","1097","1661","N/A","1875"
"05.11.2020 05:00 - 05.11.2020 06:00","0","N/A","0","968","N/A","1068","1691","N/A","2012"
"05.11.2020 06:00 - 05.11.2020 07:00","0","N/A","0","1027","N/A","1090","1769","N/A","2069"
"05.11.2020 07:00 - 05.11.2020 08:00","0","N/A","0","1037","N/A","1079","1847","N/A","1670"
"05.11.2020 08:00 - 05.11.2020 09:00","8","7","7","996","1086","1089","1850","1954","1954"
"05.11.2020 09:00 - 05.11.2020 10:00","18","14","15","987","1071","1132","1890","1937","1714"
"05.11.2020 10:00 - 05.11.2020 11:00","25","20","31","996","1069","1088","2037","1999","1805"
"05.11.2020 11:00 - 05.11.2020 12:00","38","37","52","1009","1066","1106","2079","2036","1768"
"05.11.2020 12:00 - 05.11.2020 13:00","47","56","52","1005","1039","1083","2082","1993","1702"
"05.11.2020 13:00 - 05.11.2020 14:00","36","45","34","1004","1001","1074","2155","2003","1710"
"05.11.2020 14:00 - 05.11.2020 15:00","21","26","23","1019","1008","1115","2072","1990","1734"
"05.11.2020 15:00 - 05.11.2020 16:00","8","11","11","1063","1061","1102","2100","2029","1544"
"05.11.2020 16:00 - 05.11.2020 17:00","1","1","2","1080","1087","1132","2047","1944","1455"
"05.11.2020 17:00 - 05.11.2020 18:00","0","0","0","1027","988","1082","2040","1949","1942"
"05.11.2020 18:00 - 05.11.2020 19:00","0","0","0","980","903","988","1959","1928","1749"
"05.11.2020 19:00 - 05.11.2020 20:00","0","0","0","911","896","1011","1775","1809","1650"
"05.11.2020 20:00 - 05.11.2020 21:00","0","0","0","818","871","988","1506","1563","1472"
"05.11.2020 21:00 - 05.11.2020 22:00","0","0","0","814","863","894","1472","1483","1615"
"05.11.2020 22:00 - 05.11.2020 23:00","0","0","0","797","808","851","1489","1490","1718"
"05.11.2020 23:00 - 06.11.2020 00:00","0","0","0","723","766","867","1461","1494","1741"
"06.11.2020 00:00 - 06.11.2020 01:00","0","N/A","0","796","N/A","887","1483","N/A","1588"
"06.11.2020 01:00 - 06.11.2020 02:00","0","N/A","0","730","N/A","844","1371","N/A","1539"
"06.11.2020 02:00 - 06.11.2020 03:00","0","N/A","0","708","N/A","828","1306","N/A","1504"
"06.11.2020 03:00 - 06.11.2020 04:00","0","N/A","0","608","N/A","697","1217","N/A","1339"
"06.11.2020 04:00 - 06.11.2020 05:00","0","N/A","0","577","N/A","660","1111","N/A","1081"
"06.11.2020 05:00 - 06.11.2020 06:00","0","N/A","0","533","N/A","543","985","N/A","950"
"06.11.2020 06:00 - 06.11.2020 07:00","0","N/A","0","508","N/A","549","880","N/A","978"
"06.11.2020 07:00 - 06.11.2020 08:00","0","N/A","0","449","N/A","510","822","N/A","863"
"06.11.2020 08:00 - 06.11.2020 09:00","27","22","22","385","478","489","727","687","687"
"06.11.2020 09:00 - 06.11.2020 10:00","83","72","72","344","427","443","658","633","617"
"06.11.2020 10:00 - 06.11.2020 11:00","153","154","137","325","381","425","711","696","594"
"06.11.2020 11:00 - 06.11.2020 12:00","212","222","192","344","382","338","768","788","576"
"06.11.2020 12:00 - 06.11.2020 13:00","227","236","206","389","421","357","742","875","627"
"06.11.2020 13:00 - 06.11.2020 14:00","196","200","177","401","422","385","788","889","730"
"06.11.2020 14:00 - 06.11.2020 15:00","132","134","108","397","416","362","768","852","741"
"06.11.2020 15:00 - 06.11.2020 16:00","53","54","32","379","338","298","678","779","542"
"06.11.2020 16:00 - 06.11.2020 17:00","5","5","1","340","274","243","602","678","363"
"06.11.2020 17:00 - 06.11.2020 18:00","0","0","0","242","204","191","555","628","304"
"06.11.2020 18:00 - 06.11.2020 19:00","0","0","0","252","226","147","528","590","292"
"06.11.2020 19:00 - 06.11.2020 20:00","0","0","0","208","184","158","482","531","301"
"06.11.2020 20:00 - 06.11.2020 21:00","0","0","0","151","113","156","398","435","278"
"06.11.2020 21:00 - 06.11.2020 22:00","0","0","0","125","107","155","374","380","301"
"06.11.2020 22:00 - 06.11.2020 23:00","0","0","0","128","114","216","390","374","292"
"06.11.2020 23:00 - 07.11.2020 00:00","0","0","0","147","91","143","418","380","244"
"07.11.2020 00:00 - 07.11.2020 01:00","0","N/A","0","100","N/A","75","303","N/A","231"
"07.11.2020 01:00 - 07.11.2020 02:00","0","N/A","0","124","N/A","74","300","N/A","214"
"07.11.2020 02:00 - 07.11.2020 03:00","0","N/A","0","151","N/A","101","301","N/A","174"
"07.11.2020 03:00 - 07.11.2020 04:00","0","N/A","0","191","N/A","160","296","N/A","176"
"07.11.2020 04:00 - 07.11.2020 05:00","0","N/A","0","227","N/A","133","286","N/A","134"
"07.11.2020 05:00 - 07.11.2020 06:00","0","N/A","0","245","N/A","178","287","N/A","168"
"07.11.2020 06:00 - 07.11.2020 07:00","0","N/A","0","267","N/A","201","291","N/A","190"
"07.11.2020 07:00 - 07.11.2020 08:00","0","N/A","0","268","N/A","218","308","N/A","215"
"07.11.2020 08:00 - 07.11.2020 09:00","12","16","16","265","215","213","317","196","196"
"07.11.2020 09:00 - 07.11.2020 10:00","45","58","46","258","203","265","320","232","239"
"07.11.2020 10:00 - 07.11.2020 11:00","95","115","77","243","208","270","351","285","260"
"07.11.2020 11:00 - 07.11.2020 12:00","131","148","119","195","147","221","362","322","295"
"07.11.2020 12:00 - 07.11.2020 13:00","150","160","128","167","119","170","299","338","339"
"07.11.2020 13:00 - 07.11.2020 14:00","134","139","123","149","111","186","301","322","272"
"07.11.2020 14:00 - 07.11.2020 15:00","86","93","83","130","95","113","274","286","245"
"07.11.2020 15:00 - 07.11.2020 16:00","31","36","35","93","110","177","231","257","222"
"07.11.2020 16:00 - 07.11.2020 17:00","3","3","4","63","97","158","201","225","209"
"07.11.2020 17:00 - 07.11.2020 18:00","0","0","2","50","76","91","191","221","246"
"07.11.2020 18:00 - 07.11.2020 19:00","0","0","2","52","63","108","193","225","277"
"07.11.2020 19:00 - 07.11.2020 20:00","0","0","1","44","60","65","193","213","318"
"07.11.2020 20:00 - 07.11.2020 21:00","0","0","0","32","63","122","171","190","259"
"07.11.2020 21:00 - 07.11.2020 22:00","0","0","0","22","62","140","168","190","292"
"07.11.2020 22:00 - 07.11.2020 23:00","0","0","0","40","64","131","172","193","282"
"07.11.2020 23:00 - 08.11.2020 00:00","0","0","0","43","67","170","160","182","266"
"08.11.2020 00:00 - 08.11.2020 01:00","0","N/A","0","170","N/A","205","276","N/A","233"
"08.11.2020 01:00 - 08.11.2020 02:00","0","N/A","0","147","N/A","180","245","N/A","194"
"08.11.2020 02:00 - 08.11.2020 03:00","0","N/A","0","112","N/A","148","205","N/A","125"
"08.11.2020 03:00 - 08.11.2020 04:00","0","N/A","0","72","N/A","87","165","N/A","71"
"08.11.2020 04:00 - 08.11.2020 05:00","0","N/A","0","66","N/A","64","135","N/A","79"
"08.11.2020 05:00 - 08.11.2020 06:00","0","N/A","0","55","N/A","31","110","N/A","131"
"08.11.2020 06:00 - 08.11.2020 07:00","0","N/A","0","58","N/A","61","98","N/A","170"
"08.11.2020 07:00 - 08.11.2020 08:00","0","N/A","0","59","N/A","135","86","N/A","93"
"08.11.2020 08:00 - 08.11.2020 09:00","39","48","48","65","107","95","72","44","44"
"08.11.2020 09:00 - 08.11.2020 10:00","117","128","102","77","90","77","62","42","33"
"08.11.2020 10:00 - 08.11.2020 11:00","181","194","170","84","76","47","60","54","37"
"08.11.2020 11:00 - 08.11.2020 12:00","214","235","221","96","87","85","55","71","31"
"08.11.2020 12:00 - 08.11.2020 13:00","205","236","226","94","94","79","55","87","37"
"08.11.2020 13:00 - 08.11.2020 14:00","170","192","191","91","89","59","64","97","38"
"08.11.2020 14:00 - 08.11.2020 15:00","108","121","135","111","80","82","67","90","31"
"08.11.2020 15:00 - 08.11.2020 16:00","36","42","55","126","70","97","85","89","31"
"08.11.2020 16:00 - 08.11.2020 17:00","2","3","8","168","89","136","124","110","37"
"08.11.2020 17:00 - 08.11.2020 18:00","0","0","3","259","152","203","186","161","83"
"08.11.2020 18:00 - 08.11.2020 19:00","0","0","2","329","238","318","252","206","137"
"08.11.2020 19:00 - 08.11.2020 20:00","0","0","1","428","319","373","297","233","202"
"08.11.2020 20:00 - 08.11.2020 21:00","0","0","0","506","363","357","311","254","211"
"08.11.2020 21:00 - 08.11.2020 22:00","0","0","0","486","387","435","361","298","248"
"08.11.2020 22:00 - 08.11.2020 23:00","0","0","0","446","379","428","401","339","302"
"08.11.2020 23:00 - 09.11.2020 00:00","0","0","0","445","367","475","424","355","348"
"09.11.2020 00:00 - 09.11.2020 01:00","0","N/A","0","407","N/A","605","395","N/A","348"
"09.11.2020 01:00 - 09.11.2020 02:00","0","N/A","0","437","N/A","610","394","N/A","350"
"09.11.2020 02:00 - 09.11.2020 03:00","0","N/A","0","429","N/A","563","370","N/A","356"
"09.11.2020 03:00 - 09.11.2020 04:00","0","N/A","0","369","N/A","466","348","N/A","284"
"09.11.2020 04:00 - 09.11.2020 05:00","0","N/A","0","357","N/A","479","340","N/A","273"
"09.11.2020 05:00 - 09.11.2020 06:00","0","N/A","0","348","N/A","396","361","N/A","282"
"09.11.2020 06:00 - 09.11.2020 07:00","0","N/A","0","346","N/A","401","403","N/A","272"
"09.11.2020 07:00 - 09.11.2020 08:00","0","N/A","0","379","N/A","346","437","N/A","322"
"09.11.2020 08:00 - 09.11.2020 09:00","17","26","26","381","369","368","447","351","351"
"09.11.2020 09:00 - 09.11.2020 10:00","59","74","46","364","375","382","435","399","385"
"09.11.2020 10:00 - 09.11.2020 11:00","106","123","49","330","372","343","428","430","370"
"09.11.2020 11:00 - 09.11.2020 12:00","139","155","60","305","390","338","413","456","372"
"09.11.2020 12:00 - 09.11.2020 13:00","140","163","62","266","370","318","364","435","361"
"09.11.2020 13:00 - 09.11.2020 14:00","111","138","42","218","310","264","363","423","321"
"09.11.2020 14:00 - 09.11.2020 15:00","67","89","10","216","249","252","341","396","294"
"09.11.2020 15:00 - 09.11.2020 16:00","21","29","1","216","255","295","369","411","331"
"09.11.2020 16:00 - 09.11.2020 17:00","1","1","0","280","305","322","395","434","359"
"09.11.2020 17:00 - 09.11.2020 18:00","0","0","3","340","353","316","436","486","439"
"09.11.2020 18:00 - 09.11.2020 19:00","0","0","2","355","398","355","444","505","407"
"09.11.2020 19:00 - 09.11.2020 20:00","0","0","1","361","451","385","429","472","385"
"09.11.2020 20:00 - 09.11.2020 21:00","0","0","0","399","481","376","424","457","312"
"09.11.2020 21:00 - 09.11.2020 22:00","0","0","0","448","483","382","438","463","281"
"09.11.2020 22:00 - 09.11.2020 23:00","0","0","0","447","444","402","424","463","285"
"09.11.2020 23:00 - 10.11.2020 00:00","0","0","0","470","435","402","386","442","309"
"10.11.2020 00:00 - 10.11.2020 01:00","0","N/A","0","446","N/A","358","395","N/A","316"
"10.11.2020 01:00 - 10.11.2020 02:00","0","N/A","0","414","N/A","344","381","N/A","354"
"10.11.2020 02:00 - 10.11.2020 03:00","0","N/A","0","407","N/A","329","383","N/A","377"
"10.11.2020 03:00 - 10.11.2020 04:00","0","N/A","0","352","N/A","284","368","N/A","357"
"10.11.2020 04:00 - 10.11.2020 05:00","0","N/A","0","374","N/A","299","335","N/A","297"
"10.11.2020 05:00 - 10.11.2020 06:00","0","N/A","0","398","N/A","259","327","N/A","280"
"10.11.2020 06:00 - 10.11.2020 07:00","0","N/A","0","416","N/A","284","334","N/A","228"
"10.11.2020 07:00 - 10.11.2020 08:00","0","N/A","0","395","N/A","336","342","N/A","221"
"10.11.2020 08:00 - 10.11.2020 09:00","13","20","20","367","401","406","357","247","247"
"10.11.2020 09:00 - 10.11.2020 10:00","42","53","34","393","399","340","379","269","328"
"10.11.2020 10:00 - 10.11.2020 11:00","70","87","49","387","361","259","400","299","337"
"10.11.2020 11:00 - 10.11.2020 12:00","93","114","56","384","323","273","423","343","344"
"10.11.2020 12:00 - 10.11.2020 13:00","96","119","51","370","298","293","412","354","358"
"10.11.2020 13:00 - 10.11.2020 14:00","81","102","35","306","286","293","417","368","364"
"10.11.2020 14:00 - 10.11.2020 15:00","50","64","56","264","281","247","375","360","344"
"10.11.2020 15:00 - 10.11.2020 16:00","17","21","2","253","271","238","356","370","320"
"10.11.2020 16:00 - 10.11.2020 17:00","1","1","0","270","296","271","345","363","305"
"10.11.2020 17:00 - 10.11.2020 18:00","0","0","3","302","328","260","370","376","355"
"10.11.2020 18:00 - 10.11.2020 19:00","0","0","2","323","356","266","380","382","300"
"10.11.2020 19:00 - 10.11.2020 20:00","0","0","1","348","376","328","356","362","295"
"10.11.2020 20:00 - 10.11.2020 21:00","0","0","0","384","399","302","316","336","236"
"10.11.2020 21:00 - 10.11.2020 22:00","0","0","0","365","394","241","302","319","223"
"10.11.2020 22:00 - 10.11.2020 23:00","0","0","0","316","362","198","301","317","258"
"10.11.2020 23:00 - 11.11.2020 00:00","0","0","0","349","334","218","280","289","252"
"11.11.2020 00:00 - 11.11.2020 01:00","0","N/A","0","281","N/A","197","250","N/A","233"
"11.11.2020 01:00 - 11.11.2020 02:00","0","N/A","0","227","N/A","175","241","N/A","199"
"11.11.2020 02:00 - 11.11.2020 03:00","0","N/A","0","217","N/A","197","229","N/A","191"
"11.11.2020 03:00 - 11.11.2020 04:00","0","N/A","0","180","N/A","193","219","N/A","157"
"11.11.2020 04:00 - 11.11.2020 05:00","0","N/A","0","181","N/A","231","203","N/A","104"
"11.11.2020 05:00 - 11.11.2020 06:00","0","N/A","0","188","N/A","172","202","N/A","100"
"11.11.2020 06:00 - 11.11.2020 07:00","0","N/A","0","214","N/A","192","212","N/A","86"
"11.11.2020 07:00 - 11.11.2020 08:00","0","N/A","0","248","N/A","149","230","N/A","110"
"11.11.2020 08:00 - 11.11.2020 09:00","9","16","16","243","177","180","248","127","127"
"11.11.2020 09:00 - 11.11.2020 10:00","31","39","25","241","208","209","257","164","151"
"11.11.2020 10:00 - 11.11.2020 11:00","54","70","33","239","204","217","263","203","163"
"11.11.2020 11:00 - 11.11.2020 12:00","71","98","37","243","192","250","272","248","205"
"11.11.2020 12:00 - 11.11.2020 13:00","72","99","35","243","194","230","253","264","192"
"11.11.2020 13:00 - 11.11.2020 14:00","58","78","19","279","214","270","259","264","194"
"11.11.2020 14:00 - 11.11.2020 15:00","33","48","6","323","279","308","240","246","174"
"11.11.2020 15:00 - 11.11.2020 16:00","11","16","1","370","327","292","245","258","162"
"11.11.2020 16:00 - 11.11.2020 17:00","1","1","1","419","392","293","269","289","217"
"11.11.2020 17:00 - 11.11.2020 18:00","0","0","3","433","450","352","337","361","275"
"11.11.2020 18:00 - 11.11.2020 19:00","0","0","2","487","506","416","396","425","285"
"11.11.2020 19:00 - 11.11.2020 20:00","0","0","1","579","579","556","414","452","265"
"11.11.2020 20:00 - 11.11.2020 21:00","0","0","0","635","640","614","425","455","246"
"11.11.2020 21:00 - 11.11.2020 22:00","0","0","0","668","678","592","458","455","347"
"11.11.2020 22:00 - 11.11.2020 23:00","0","0","0","702","680","647","483","484","441"
"11.11.2020 23:00 - 12.11.2020 00:00","0","0","0","673","668","667","503","512","471"
"12.11.2020 00:00 - 12.11.2020 01:00","0","N/A","0","719","N/A","637","557","N/A","506"
"12.11.2020 01:00 - 12.11.2020 02:00","0","N/A","0","729","N/A","649","571","N/A","549"
"12.11.2020 02:00 - 12.11.2020 03:00","0","N/A","0","761","N/A","768","598","N/A","570"
"12.11.2020 03:00 - 12.11.2020 04:00","0","N/A","0","724","N/A","761","630","N/A","567"
"12.11.2020 04:00 - 12.11.2020 05:00","0","N/A","0","769","N/A","823","679","N/A","639"
"12.11.2020 05:00 - 12.11.2020 06:00","0","N/A","0","806","N/A","741","771","N/A","700"
"12.11.2020 06:00 - 12.11.2020 07:00","0","N/A","0","855","N/A","767","855","N/A","691"
"12.11.2020 07:00 - 12.11.2020 08:00","0","N/A","0","877","N/A","774","891","N/A","832"
"12.11.2020 08:00 - 12.11.2020 09:00","4","13","13","836","813","809","910","996","996"
"12.11.2020 09:00 - 12.11.2020 10:00","19","36","30","834","863","858","937","1076","1092"
"12.11.2020 10:00 - 12.11.2020 11:00","41","66","43","883","929","912","987","1130","1098"
"12.11.2020 11:00 - 12.11.2020 12:00","56","86","47","953","966","924","1049","1225","1137"
"12.11.2020 12:00 - 12.11.2020 13:00","60","88","40","959","950","895","1054","1231","1132"
"12.11.2020 13:00 - 12.11.2020 14:00","53","71","32","951","947","920","1102","1226","1166"
"12.11.2020 14:00 - 12.11.2020 15:00","35","40","14","937","913","879","1021","1118","1036"
"12.11.2020 15:00 - 12.11.2020 16:00","10","10","1","947","808","764","964","1052","910"
"12.11.2020 16:00 - 12.11.2020 17:00","0","0","3","929","730","840","913","954","777"
"12.11.2020 17:00 - 12.11.2020 18:00","0","0","3","776","666","706","907","911","774"
"12.11.2020 18:00 - 12.11.2020 19:00","0","0","2","617","575","707","849","821","646"
"12.11.2020 19:00 - 12.11.2020 20:00","0","0","1","502","527","617","736","677","525"
"12.11.2020 20:00 - 12.11.2020 21:00","0","0","0","454","522","467","609","538","437"
"12.11.2020 21:00 - 12.11.2020 22:00","0","0","0","435","478","245","529","445","470"
"12.11.2020 22:00 - 12.11.2020 23:00","0","0","0","445","416","291","462","378","454"
"12.11.2020 23:00 - 13.11.2020 00:00","0","0","0","473","394","324","396","316","320"
"13.11.2020 00:00 - 13.11.2020 01:00","0","N/A","0","341","N/A","298","258","N/A","261"
"13.11.2020 01:00 - 13.11.2020 02:00","0","N/A","0","339","N/A","304","237","N/A","222"
"13.11.2020 02:00 - 13.11.2020 03:00","0","N/A","0","301","N/A","193","226","N/A","227"
"13.11.2020 03:00 - 13.11.2020 04:00","0","N/A","0","171","N/A","142","205","N/A","197"
"13.11.2020 04:00 - 13.11.2020 05:00","0","N/A","0","126","N/A","119","179","N/A","178"
"13.11.2020 05:00 - 13.11.2020 06:00","0","N/A","0","132","N/A","135","172","N/A","134"
"13.11.2020 06:00 - 13.11.2020 07:00","0","N/A","0","188","N/A","230","203","N/A","155"
"13.11.2020 07:00 - 13.11.2020 08:00","0","N/A","0","241","N/A","307","253","N/A","261"
"13.11.2020 08:00 - 13.11.2020 09:00","19","28","28","327","394","390","316","434","434"
"13.11.2020 09:00 - 13.11.2020 10:00","80","89","73","456","491","349","375","505","522"
"13.11.2020 10:00 - 13.11.2020 11:00","139","134","124","598","558","492","436","556","478"
"13.11.2020 11:00 - 13.11.2020 12:00","180","165","176","703","659","489","529","636","489"
"13.11.2020 12:00 - 13.11.2020 13:00","157","156","162","734","697","564","605","706","530"
"13.11.2020 13:00 - 13.11.2020 14:00","112","109","107","741","687","646","725","794","623"
"13.11.2020 14:00 - 13.11.2020 15:00","61","56","64","772","704","643","755","849","627"
"13.11.2020 15:00 - 13.11.2020 16:00","22","20","25","832","785","710","827","964","789"
"13.11.2020 16:00 - 13.11.2020 17:00","1","1","4","916","885","740","954","1068","862"
"13.11.2020 17:00 - 13.11.2020 18:00","0","0","3","997","992","864","1168","1292","1099"
"13.11.2020 18:00 - 13.11.2020 19:00","0","0","2","1007","1004","917","1300","1461","1268"
"13.11.2020 19:00 - 13.11.2020 20:00","0","0","1","1025","1024","1015","1293","1489","1208"
"13.11.2020 20:00 - 13.11.2020 21:00","0","0","0","978","921","830","1190","1392","1399"
"13.11.2020 21:00 - 13.11.2020 22:00","0","0","0","785","853","559","1088","1213","1387"
"13.11.2020 22:00 - 13.11.2020 23:00","0","0","0","690","804","605","920","1019","1014"
"13.11.2020 23:00 - 14.11.2020 00:00","0","0","0","613","729","486","739","801","596"
"14.11.2020 00:00 - 14.11.2020 01:00","0","N/A","0","523","N/A","464","494","N/A","392"
"14.11.2020 01:00 - 14.11.2020 02:00","0","N/A","0","475","N/A","471","401","N/A","280"
"14.11.2020 02:00 - 14.11.2020 03:00","0","N/A","0","396","N/A","361","363","N/A","308"
"14.11.2020 03:00 - 14.11.2020 04:00","0","N/A","0","336","N/A","223","332","N/A","316"
"14.11.2020 04:00 - 14.11.2020 05:00","0","N/A","0","270","N/A","161","314","N/A","328"
"14.11.2020 05:00 - 14.11.2020 06:00","0","N/A","0","245","N/A","140","315","N/A","269"
"14.11.2020 06:00 - 14.11.2020 07:00","0","N/A","0","262","N/A","144","347","N/A","401"
"14.11.2020 07:00 - 14.11.2020 08:00","0","N/A","0","297","N/A","159","376","N/A","493"
"14.11.2020 08:00 - 14.11.2020 09:00","15","26","26","339","218","216","396","601","601"
"14.11.2020 09:00 - 14.11.2020 10:00","60","82","73","434","320","268","410","596","668"
"14.11.2020 10:00 - 14.11.2020 11:00","103","137","119","465","356","331","436","590","629"
"14.11.2020 11:00 - 14.11.2020 12:00","125","168","169","441","409","351","458","601","563"
"14.11.2020 12:00 - 14.11.2020 13:00","123","154","141","446","445","408","455","598","528"
"14.11.2020 13:00 - 14.11.2020 14:00","100","116","104","497","481","437","491","626","498"
"14.11.2020 14:00 - 14.11.2020 15:00","60","65","77","573","560","402","483","651","449"
"14.11.2020 15:00 - 14.11.2020 16:00","20","19","23","696","696","619","505","740","528"
"14.11.2020 16:00 - 14.11.2020 17:00","1","1","3","791","824","654","615","829","630"
"14.11.2020 17:00 - 14.11.2020 18:00","0","0","3","898","901","716","800","1033","878"
"14.11.2020 18:00 - 14.11.2020 19:00","0","0","2","925","954","733","973","1203","1001"
"14.11.2020 19:00 - 14.11.2020 20:00","0","0","1","960","988","833","1117","1305","1079"
"14.11.2020 20:00 - 14.11.2020 21:00","0","0","0","1012","1021","853","1262","1376","813"
"14.11.2020 21:00 - 14.11.2020 22:00","0","0","0","1070","1063","882","1445","1452","929"
"14.11.2020 22:00 - 14.11.2020 23:00","0","0","0","1068","1090","926","1553","1491","721"
"14.11.2020 23:00 - 15.11.2020 00:00","0","0","0","1069","1107","948","1593","1499","707"
"15.11.2020 00:00 - 15.11.2020 01:00","0","N/A","0","1060","N/A","849","1493","N/A","714"
"15.11.2020 01:00 - 15.11.2020 02:00","0","N/A","0","1052","N/A","958","1499","N/A","680"
"15.11.2020 02:00 - 15.11.2020 03:00","0","N/A","0","1053","N/A","986","1578","N/A","823"
"15.11.2020 03:00 - 15.11.2020 04:00","0","N/A","0","992","N/A","989","1596","N/A","1160"
"15.11.2020 04:00 - 15.11.2020 05:00","0","N/A","0","1007","N/A","855","1563","N/A","1341"
"15.11.2020 05:00 - 15.11.2020 06:00","0","N/A","0","1000","N/A","849","1539","N/A","1040"
"15.11.2020 06:00 - 15.11.2020 07:00","0","N/A","0","1039","N/A","872","1511","N/A","890"
"15.11.2020 07:00 - 15.11.2020 08:00","0","N/A","0","1065","N/A","778","1447","N/A","654"
"15.11.2020 08:00 - 15.11.2020 09:00","9","18","18","1021","877","871","1324","793","793"
"15.11.2020 09:00 - 15.11.2020 10:00","45","61","60","1013","947","1000","1236","1421","726"
"15.11.2020 10:00 - 15.11.2020 11:00","89","96","101","1046","1002","1021","1269","1387","618"
"15.11.2020 11:00 - 15.11.2020 12:00","118","120","154","1079","1011","909","1329","1464","758"
"15.11.2020 12:00 - 15.11.2020 13:00","137","143","197","1041","960","735","1333","1516","846"
"15.11.2020 13:00 - 15.11.2020 14:00","124","124","143","993","954","861","1453","1634","874"
"15.11.2020 14:00 - 15.11.2020 15:00","75","79","70","1022","964","901","1513","1697","1100"
"15.11.2020 15:00 - 15.11.2020 16:00","21","22","23","1018","960","917","1671","1866","1169"
"15.11.2020 16:00 - 15.11.2020 17:00","1","1","4","1025","1008","925","1883","1960","1395"
"15.11.2020 17:00 - 15.11.2020 18:00","0","0","3","1023","1013","969","2183","2187","1408"
"15.11.2020 18:00 - 15.11.2020 19:00","0","0","2","981","1006","942","2347","2347","1395"
"15.11.2020 19:00 - 15.11.2020 20:00","0","0","1","997","1036","1045","2314","2371","1289"
"15.11.2020 20:00 - 15.11.2020 21:00","0","0","0","1081","1077","1037","2223","2327","2043"
"15.11.2020 21:00 - 15.11.2020 22:00","0","0","0","1100","1129","369","2171","2269","1803"
"15.11.2020 22:00 - 15.11.2020 23:00","0","0","0","1059","1105","569","2019","2108","1878"
"15.11.2020 23:00 - 16.11.2020 00:00","0","0","0","950","1096","662","1639","1793","1422"
"16.11.2020 00:00 - 16.11.2020 01:00","0","N/A","0","1041","N/A","559","1389","N/A","1056"
"16.11.2020 01:00 - 16.11.2020 02:00","0","N/A","0","1088","N/A","319","1274","N/A","1107"
"16.11.2020 02:00 - 16.11.2020 03:00","0","N/A","0","1101","N/A","764","1388","N/A","1209"
"16.11.2020 03:00 - 16.11.2020 04:00","0","N/A","0","1034","N/A","179","1440","N/A","1391"
"16.11.2020 04:00 - 16.11.2020 05:00","0","N/A","0","1012","N/A","192","1668","N/A","1585"
"16.11.2020 05:00 - 16.11.2020 06:00","0","N/A","0","1053","N/A","235","1714","N/A","1107"
"16.11.2020 06:00 - 16.11.2020 07:00","0","N/A","0","1093","N/A","699","1664","N/A","1065"
"16.11.2020 07:00 - 16.11.2020 08:00","0","N/A","0","998","N/A","846","1595","N/A","907"
"16.11.2020 08:00 - 16.11.2020 09:00","6","15","15","961","717","709","1508","1176","1176"
"16.11.2020 09:00 - 16.11.2020 10:00","23","37","25","1037","875","878","1312","1803","858"
"16.11.2020 10:00 - 16.11.2020 11:00","44","58","75","1087","944","934","1369","1800","836"
"16.11.2020 11:00 - 16.11.2020 12:00","61","92","116","1126","956","947","1415","1766","999"
"16.11.2020 12:00 - 16.11.2020 13:00","73","98","132","1086","950","875","1437","1668","965"
"16.11.2020 13:00 - 16.11.2020 14:00","62","79","126","1051","932","855","1446","1620","908"
"16.11.2020 14:00 - 16.11.2020 15:00","37","46","72","1027","889","797","1298","1471","825"
"16.11.2020 15:00 - 16.11.2020 16:00","11","16","29","1041","908","883","1264","1388","922"
"16.11.2020 16:00 - 16.11.2020 17:00","1","1","3","1080","978","854","1272","1271","666"
"16.11.2020 17:00 - 16.11.2020 18:00","0","0","3","1073","935","811","1265","1169","1009"
"16.11.2020 18:00 - 16.11.2020 19:00","0","0","2","1055","948","837","1262","1118","738"
"16.11.2020 19:00 - 16.11.2020 20:00","0","0","1","1048","1049","893","1251","1077","667"
"16.11.2020 20:00 - 16.11.2020 21:00","0","0","0","1043","1038","878","1248","1152","667"
"16.11.2020 21:00 - 16.11.2020 22:00","0","0","0","1051","1019","855","1280","1242","675"
"16.11.2020 22:00 - 16.11.2020 23:00","0","0","0","1042","1015","792","1317","1265","647"
"16.11.2020 23:00 - 17.11.2020 00:00","0","0","0","1019","989","805","1231","1244","741"
"17.11.2020 00:00 - 17.11.2020 01:00","0","N/A","0","844","N/A","761","1104","N/A","886"
"17.11.2020 01:00 - 17.11.2020 02:00","0","N/A","0","821","N/A","670","1046","N/A","656"
"17.11.2020 02:00 - 17.11.2020 03:00","0","N/A","0","828","N/A","719","992","N/A","630"
"17.11.2020 03:00 - 17.11.2020 04:00","0","N/A","0","819","N/A","683","926","N/A","546"
"17.11.2020 04:00 - 17.11.2020 05:00","0","N/A","0","846","N/A","809","905","N/A","399"
"17.11.2020 05:00 - 17.11.2020 06:00","0","N/A","0","909","N/A","790","980","N/A","609"
"17.11.2020 06:00 - 17.11.2020 07:00","0","N/A","0","972","N/A","768","1096","N/A","684"
"17.11.2020 07:00 - 17.11.2020 08:00","0","N/A","0","976","N/A","785","1229","N/A","684"
"17.11.2020 08:00 - 17.11.2020 09:00","2","9","9","933","953","942","1443","900","900"
"17.11.2020 09:00 - 17.11.2020 10:00","7","18","16","1011","1044","837","1562","1691","949"
"17.11.2020 10:00 - 17.11.2020 11:00","14","26","23","1103","1071","981","1723","1761","961"
"17.11.2020 11:00 - 17.11.2020 12:00","18","30","33","1137","1109","963","1854","1829","1054"
"17.11.2020 12:00 - 17.11.2020 13:00","19","29","36","1119","1089","956","1962","1882","1144"
"17.11.2020 13:00 - 17.11.2020 14:00","19","24","26","1104","1083","951","2075","2016","1230"
"17.11.2020 14:00 - 17.11.2020 15:00","13","21","25","1090","1078","988","1939","1988","1551"
"17.11.2020 15:00 - 17.11.2020 16:00","4","10","9","1113","1082","953","1926","2019","1301"
"17.11.2020 16:00 - 17.11.2020 17:00","0","0","2","1137","1123","956","2013","2030","1576"
"17.11.2020 17:00 - 17.11.2020 18:00","0","0","2","1126","1108","1005","2125","2107","1456"
"17.11.2020 18:00 - 17.11.2020 19:00","0","0","2","1110","1116","995","2266","2211","1383"
"17.11.2020 19:00 - 17.11.2020 20:00","0","0","1","1128","1137","989","2251","2140","1326"
"17.11.2020 20:00 - 17.11.2020 21:00","0","0","0","1131","1153","891","2179","2103","1134"
"17.11.2020 21:00 - 17.11.2020 22:00","0","0","0","1144","1158","882","2163","2080","1224"
"17.11.2020 22:00 - 17.11.2020 23:00","0","0","0","1133","1141","884","2205","2034","1228"
"17.11.2020 23:00 - 18.11.2020 00:00","0","0","0","1113","1115","773","2218","2087","1254"
"18.11.2020 00:00 - 18.11.2020 01:00","0","N/A","0","1074","N/A","745","1992","N/A","1271"
"18.11.2020 01:00 - 18.11.2020 02:00","0","N/A","0","1068","N/A","566","1925","N/A","1135"
"18.11.2020 02:00 - 18.11.2020 03:00","0","N/A","0","1074","N/A","719","1946","N/A","1222"
"18.11.2020 03:00 - 18.11.2020 04:00","0","N/A","0","1054","N/A","854","1832","N/A","1060"
"18.11.2020 04:00 - 18.11.2020 05:00","0","N/A","0","1031","N/A","868","1742","N/A","1087"
"18.11.2020 05:00 - 18.11.2020 06:00","0","N/A","0","1050","N/A","810","1704","N/A","1175"
"18.11.2020 06:00 - 18.11.2020 07:00","0","N/A","0","1104","N/A","880","1697","N/A","1339"
"18.11.2020 07:00 - 18.11.2020 08:00","0","N/A","0","1103","N/A","859","1792","N/A","1259"
"18.11.2020 08:00 - 18.11.2020 09:00","1","10","10","1029","855","850","1951","1648","1648"
"18.11.2020 09:00 - 18.11.2020 10:00","7","19","14","1079","968","887","1956","2232","1495"
"18.11.2020 10:00 - 18.11.2020 11:00","16","31","29","1116","1024","875","2102","2277","1835"
"18.11.2020 11:00 - 18.11.2020 12:00","29","38","42","1137","1044","894","2238","2354","2121"
"18.11.2020 12:00 - 18.11.2020 13:00","32","40","38","1117","1029","843","2300","2378","1892"
"18.11.2020 13:00 - 18.11.2020 14:00","26","34","35","1106","1028","859","2386","2498","1742"
"18.11.2020 14:00 - 18.11.2020 15:00","15","22","31","1094","998","855","2249","2438","2328"
"18.11.2020 15:00 - 18.11.2020 16:00","6","8","13","1124","1019","880","2279","2489","2157"
"18.11.2020 16:00 - 18.11.2020 17:00","0","0","2","1098","1035","960","2427","2539","2155"
"18.11.2020 17:00 - 18.11.2020 18:00","0","0","2","1076","1009","953","2647","2714","2374"
"18.11.2020 18:00 - 18.11.2020 19:00","0","0","2","1035","986","968","2884","2928","2005"
"18.11.2020 19:00 - 18.11.2020 20:00","0","0","1","1040","1009","970","2911","2862","1775"
"18.11.2020 20:00 - 18.11.2020 21:00","0","0","0","1030","1041","938","2825","2818","1841"
"18.11.2020 21:00 - 18.11.2020 22:00","0","0","0","1030","1039","919","2848","2841","1821"
"18.11.2020 22:00 - 18.11.2020 23:00","0","0","0","1024","1028","971","2974","2898","1780"
"18.11.2020 23:00 - 19.11.2020 00:00","0","0","0","1046","1045","1008","3036","3054","1736"
"19.11.2020 00:00 - 19.11.2020 01:00","0","N/A","0","986","N/A","965","2975","N/A","1791"
"19.11.2020 01:00 - 19.11.2020 02:00","0","N/A","0","978","N/A","971","2858","N/A","1302"
"19.11.2020 02:00 - 19.11.2020 03:00","0","N/A","0","1015","N/A","905","2923","N/A","1512"
"19.11.2020 03:00 - 19.11.2020 04:00","0","N/A","0","958","N/A","904","2816","N/A","1200"
"19.11.2020 04:00 - 19.11.2020 05:00","0","N/A","0","958","N/A","895","2727","N/A","1382"
"19.11.2020 05:00 - 19.11.2020 06:00","0","N/A","0","964","N/A","931","2705","N/A","1711"
"19.11.2020 06:00 - 19.11.2020 07:00","0","N/A","0","999","N/A","944","2624","N/A","795"
"19.11.2020 07:00 - 19.11.2020 08:00","0","N/A","0","1003","N/A","957","2597","N/A","745"
"19.11.2020 08:00 - 19.11.2020 09:00","8","6","6","965","842","834","2571","1792","1792"
"19.11.2020 09:00 - 19.11.2020 10:00","46","34","39","1023","935","884","2312","2481","1813"
"19.11.2020 10:00 - 19.11.2020 11:00","79","64","86","1023","914","827","2463","2468","1459"
"19.11.2020 11:00 - 19.11.2020 12:00","111","108","123","999","948","882","2652","2598","1513"
"19.11.2020 12:00 - 19.11.2020 13:00","159","153","180","976","930","894","2756","2654","1543"
"19.11.2020 13:00 - 19.11.2020 14:00","148","131","206","954","915","915","2788","2776","1520"
"19.11.2020 14:00 - 19.11.2020 15:00","90","82","131","956","903","902","2547","2671","1674"
"19.11.2020 15:00 - 19.11.2020 16:00","23","23","37","984","943","929","2508","2665","1548"
"19.11.2020 16:00 - 19.11.2020 17:00","1","1","5","1026","992","949","2596","2646","1319"
"19.11.2020 17:00 - 19.11.2020 18:00","0","0","2","1022","984","970","2754","2718","1648"
"19.11.2020 18:00 - 19.11.2020 19:00","0","0","2","1002","975","955","2872","2837","1550"
"19.11.2020 19:00 - 19.11.2020 20:00","0","0","1","1032","1005","940","2809","2713","1233"
"19.11.2020 20:00 - 19.11.2020 21:00","0","0","0","1071","1069","963","2671","2613","1547"
"19.11.2020 21:00 - 19.11.2020 22:00","0","0","0","1116","1100","919","2616","2550","1501"
"19.11.2020 22:00 - 19.11.2020 23:00","0","0","0","1101","1084","934","2617","2434","1387"
"19.11.2020 23:00 - 20.11.2020 00:00","0","0","0","1104","1137","978","2483","2252","1372"
"20.11.2020 00:00 - 20.11.2020 01:00","0","N/A","0","1085","N/A","965","1882","N/A","840"
"20.11.2020 01:00 - 20.11.2020 02:00","0","N/A","0","1070","N/A","957","1771","N/A","708"
"20.11.2020 02:00 - 20.11.2020 03:00","0","N/A","0","1044","N/A","809","1730","N/A","825"
"20.11.2020 03:00 - 20.11.2020 04:00","0","N/A","0","1010","N/A","767","1653","N/A","686"
"20.11.2020 04:00 - 20.11.2020 05:00","0","N/A","0","998","N/A","965","1506","N/A","421"
"20.11.2020 05:00 - 20.11.2020 06:00","0","N/A","0","1016","N/A","831","1326","N/A","658"
"20.11.2020 06:00 - 20.11.2020 07:00","0","N/A","0","1025","N/A","869","1164","N/A","906"
"20.11.2020 07:00 - 20.11.2020 08:00","0","N/A","0","979","N/A","883","1023","N/A","784"
"20.11.2020 08:00 - 20.11.2020 09:00","11","12","12","886","868","880","879","707","707"
"20.11.2020 09:00 - 20.11.2020 10:00","70","75","79","863","799","918","685","529","470"
"20.11.2020 10:00 - 20.11.2020 11:00","139","141","175","810","677","749","648","455","350"
"20.11.2020 11:00 - 20.11.2020 12:00","184","187","223","738","575","630","631","464","428"
"20.11.2020 12:00 - 20.11.2020 13:00","183","186","219","652","502","386","589","456","522"
"20.11.2020 13:00 - 20.11.2020 14:00","142","144","193","612","494","470","592","455","323"
"20.11.2020 14:00 - 20.11.2020 15:00","83","80","124","521","453","435","480","355","349"
"20.11.2020 15:00 - 20.11.2020 16:00","20","19","22","465","350","285","410","327","576"
"20.11.2020 16:00 - 20.11.2020 17:00","1","1","4","415","285","405","366","274","474"
"20.11.2020 17:00 - 20.11.2020 18:00","0","0","2","386","239","313","332","233","354"
"20.11.2020 18:00 - 20.11.2020 19:00","0","0","2","421","285","346","320","240","273"
"20.11.2020 19:00 - 20.11.2020 20:00","0","0","1","529","409","571","358","283","369"
"20.11.2020 20:00 - 20.11.2020 21:00","0","0","0","673","628","714","455","393","626"
"20.11.2020 21:00 - 20.11.2020 22:00","0","0","0","828","774","774","664","566","745"
"20.11.2020 22:00 - 20.11.2020 23:00","0","0","0","875","824","806","985","809","626"
"20.11.2020 23:00 - 21.11.2020 00:00","0","0","0","937","897","943","1361","1171","1159"
"21.11.2020 00:00 - 21.11.2020 01:00","0","N/A","0","1042","N/A","1018","1748","N/A","1232"
"21.11.2020 01:00 - 21.11.2020 02:00","0","N/A","0","1014","N/A","850","2117","N/A","1094"
"21.11.2020 02:00 - 21.11.2020 03:00","0","N/A","0","1041","N/A","990","2514","N/A","1372"
"21.11.2020 03:00 - 21.11.2020 04:00","0","N/A","0","981","N/A","910","2655","N/A","1394"
"21.11.2020 04:00 - 21.11.2020 05:00","0","N/A","0","965","N/A","883","2665","N/A","1500"
"21.11.2020 05:00 - 21.11.2020 06:00","0","N/A","0","1037","N/A","672","2661","N/A","1633"
"21.11.2020 06:00 - 21.11.2020 07:00","0","N/A","0","1095","N/A","836","2561","N/A","1575"
"21.11.2020 07:00 - 21.11.2020 08:00","0","N/A","0","1088","N/A","964","2520","N/A","1480"
"21.11.2020 08:00 - 21.11.2020 09:00","1","1","1","1038","913","927","2523","1511","1511"
"21.11.2020 09:00 - 21.11.2020 10:00","6","6","11","1036","974","935","2352","2511","1396"
"21.11.2020 10:00 - 21.11.2020 11:00","13","13","16","1031","932","949","2518","2533","1442"
"21.11.2020 11:00 - 21.11.2020 12:00","17","19","23","1028","990","1031","2671","2618","1794"
"21.11.2020 12:00 - 21.11.2020 13:00","18","19","29","998","991","1016","2739","2644","1661"
"21.11.2020 13:00 - 21.11.2020 14:00","15","15","25","1009","987","907","2793","2731","1830"
"21.11.2020 14:00 - 21.11.2020 15:00","8","8","19","1032","1007","981","2459","2522","1699"
"21.11.2020 15:00 - 21.11.2020 16:00","2","2","11","1103","1039","937","2172","2358","1444"
"21.11.2020 16:00 - 21.11.2020 17:00","0","0","4","1145","1119","965","2075","2224","1135"
"21.11.2020 17:00 - 21.11.2020 18:00","0","0","2","1141","1127","994","2051","2127","1413"
"21.11.2020 18:00 - 21.11.2020 19:00","0","0","2","1102","1102","907","2053","2052","1300"
"21.11.2020 19:00 - 21.11.2020 20:00","0","0","1","1112","1106","935","1979","1917","1147"
"21.11.2020 20:00 - 21.11.2020 21:00","0","0","0","1123","1127","935","1901","1906","1166"
"21.11.2020 21:00 - 21.11.2020 22:00","0","0","0","1126","1122","916","1969","1955","1087"
"21.11.2020 22:00 - 21.11.2020 23:00","0","0","0","1123","1087","840","2138","1994","930"
"21.11.2020 23:00 - 22.11.2020 00:00","0","0","0","1125","1079","809","2284","2119","1042"
"22.11.2020 00:00 - 22.11.2020 01:00","0","N/A","0","1038","N/A","1000","2064","N/A","1066"
"22.11.2020 01:00 - 22.11.2020 02:00","0","N/A","0","1058","N/A","950","2074","N/A","903"
"22.11.2020 02:00 - 22.11.2020 03:00","0","N/A","0","1081","N/A","1000","2180","N/A","1043"
"22.11.2020 03:00 - 22.11.2020 04:00","0","N/A","0","1062","N/A","967","2204","N/A","939"
"22.11.2020 04:00 - 22.11.2020 05:00","0","N/A","0","1070","N/A","989","2213","N/A","1039"
"22.11.2020 05:00 - 22.11.2020 06:00","0","N/A","0","1097","N/A","920","2268","N/A","1147"
"22.11.2020 06:00 - 22.11.2020 07:00","0","N/A","0","1111","N/A","881","2282","N/A","1145"
"22.11.2020 07:00 - 22.11.2020 08:00","0","N/A","0","1086","N/A","938","2338","N/A","1137"
"22.11.2020 08:00 - 22.11.2020 09:00","7","6","6","1038","978","978","2410","1271","1271"
"22.11.2020 09:00 - 22.11.2020 10:00","50","48","48","1064","1033","912","2256","2284","1221"
"22.11.2020 10:00 - 22.11.2020 11:00","94","94","129","1050","1038","896","2435","2327","1400"
"22.11.2020 11:00 - 22.11.2020 12:00","122","114","154","1040","1026","935","2601","2457","1551"
"22.11.2020 12:00 - 22.11.2020 13:00","114","111","182","993","992","904","2670","2516","1637"
"22.11.2020 13:00 - 22.11.2020 14:00","74","81","139","981","976","902","2719","2649","1404"
"22.11.2020 14:00 - 22.11.2020 15:00","38","44","78","999","986","929","2494","2566","1570"
"22.11.2020 15:00 - 22.11.2020 16:00","11","10","17","1091","1062","851","2406","2530","1563"
"22.11.2020 16:00 - 22.11.2020 17:00","0","0","3","1118","1103","922","2349","2375","1324"
"22.11.2020 17:00 - 22.11.2020 18:00","0","0","2","1112","1097","952","2308","2269","1756"
"22.11.2020 18:00 - 22.11.2020 19:00","0","0","2","1087","1090","966","2257","2217","1292"
"22.11.2020 19:00 - 22.11.2020 20:00","0","0","0","1119","1106","1027","2090","2023","1248"
"22.11.2020 20:00 - 22.11.2020 21:00","0","0","0","1126","1115","929","1911","1884","1635"
"22.11.2020 21:00 - 22.11.2020 22:00","0","0","0","1124","1123","955","1874","1830","1313"
"22.11.2020 22:00 - 22.11.2020 23:00","0","0","0","1119","1121","947","1941","1828","1257"
"22.11.2020 23:00 - 23.11.2020 00:00","0","0","0","1121","1119","875","1962","1911","964"
"23.11.2020 00:00 - 23.11.2020 01:00","0","N/A","0","1069","N/A","949","1742","N/A","930"
"23.11.2020 01:00 - 23.11.2020 02:00","0","N/A","0","1091","N/A","843","1793","N/A","804"
"23.11.2020 02:00 - 23.11.2020 03:00","0","N/A","0","1097","N/A","817","1872","N/A","981"
"23.11.2020 03:00 - 23.11.2020 04:00","0","N/A","0","1078","N/A","878","1902","N/A","916"
"23.11.2020 04:00 - 23.11.2020 05:00","0","N/A","0","1050","N/A","937","1870","N/A","316"
"23.11.2020 05:00 - 23.11.2020 06:00","0","N/A","0","1066","N/A","735","1841","N/A","959"
"23.11.2020 06:00 - 23.11.2020 07:00","0","N/A","0","1081","N/A","860","1757","N/A","845"
"23.11.2020 07:00 - 23.11.2020 08:00","0","N/A","0","1091","N/A","819","1724","N/A","776"
"23.11.2020 08:00 - 23.11.2020 09:00","7","8","8","1059","801","796","1771","1004","1004"
"23.11.2020 09:00 - 23.11.2020 10:00","58","61","68","1095","894","880","1612","1709","885"
"23.11.2020 10:00 - 23.11.2020 11:00","110","119","128","1106","938","857","1609","1617","988"
"23.11.2020 11:00 - 23.11.2020 12:00","153","154","205","1103","959","1026","1675","1680","1258"
"23.11.2020 12:00 - 23.11.2020 13:00","154","150","186","1072","946","996","1713","1739","1687"
"23.11.2020 13:00 - 23.11.2020 14:00","115","121","162","1043","917","967","1682","1633","1496"
"23.11.2020 14:00 - 23.11.2020 15:00","61","66","111","995","840","978","1442","1461","1429"
"23.11.2020 15:00 - 23.11.2020 16:00","14","14","26","977","840","972","1257","1249","1206"
"23.11.2020 16:00 - 23.11.2020 17:00","0","0","4","988","901","992","1187","1132","1231"
"23.11.2020 17:00 - 23.11.2020 18:00","0","0","2","970","958","1004","1137","1134","1298"
"23.11.2020 18:00 - 23.11.2020 19:00","0","0","2","960","983","1008","1118","1162","1311"
"23.11.2020 19:00 - 23.11.2020 20:00","0","0","0","992","991","973","1089","1147","895"
"23.11.2020 20:00 - 23.11.2020 21:00","0","0","0","971","959","1005","1069","1140","815"
"23.11.2020 21:00 - 23.11.2020 22:00","0","0","0","987","1009","961","1151","1198","690"
"23.11.2020 22:00 - 23.11.2020 23:00","0","0","0","1010","1032","892","1230","1331","694"
"23.11.2020 23:00 - 24.11.2020 00:00","0","0","0","1005","1020","941","1348","1524","873"
"24.11.2020 00:00 - 24.11.2020 01:00","0","N/A","0","1000","N/A","1010","1903","N/A","986"
"24.11.2020 01:00 - 24.11.2020 02:00","0","N/A","0","1003","N/A","996","1951","N/A","1274"
"24.11.2020 02:00 - 24.11.2020 03:00","0","N/A","0","1020","N/A","988","1957","N/A","1467"
"24.11.2020 03:00 - 24.11.2020 04:00","0","N/A","0","1036","N/A","895","1951","N/A","1292"
"24.11.2020 04:00 - 24.11.2020 05:00","0","N/A","0","1054","N/A","893","1912","N/A","1179"
"24.11.2020 05:00 - 24.11.2020 06:00","0","N/A","0","1086","N/A","961","1944","N/A","1594"
"24.11.2020 06:00 - 24.11.2020 07:00","0","N/A","0","1136","N/A","922","1985","N/A","1524"
"24.11.2020 07:00 - 24.11.2020 08:00","0","N/A","0","1131","N/A","1026","2027","N/A","1407"
"24.11.2020 08:00 - 24.11.2020 09:00","1","1","1","1085","993","993","2082","1854","1854"
"24.11.2020 09:00 - 24.11.2020 10:00","7","7","13","1101","1034","1041","1868","2159","1492"
"24.11.2020 10:00 - 24.11.2020 11:00","13","15","19","1103","1055","1017","1819","2023","1639"
"24.11.2020 11:00 - 24.11.2020 12:00","17","19","21","1111","1054","1026","1798","1979","1524"
"24.11.2020 12:00 - 24.11.2020 13:00","17","17","22","1088","1028","999","1755","1905","1496"
"24.11.2020 13:00 - 24.11.2020 14:00","14","14","20","1061","1011","1002","1693","1739","1359"
"24.11.2020 14:00 - 24.11.2020 15:00","8","9","14","1041","1005","969","1569","1688","1415"
"24.11.2020 15:00 - 24.11.2020 16:00","2","3","7","1054","1013","998","1534","1640","1658"
"24.11.2020 16:00 - 24.11.2020 17:00","0","0","1","1078","1032","967","1558","1562","1156"
"24.11.2020 17:00 - 24.11.2020 18:00","0","0","2","1038","997","904","1611","1539","1397"
"24.11.2020 18:00 - 24.11.2020 19:00","0","0","2","1020","980","870","1648","1556","1231"
"24.11.2020 19:00 - 24.11.2020 20:00","0","0","0","1051","1028","801","1611","1494","1269"
"24.11.2020 20:00 - 24.11.2020 21:00","0","0","0","1024","1040","785","1591","1461","1043"
"24.11.2020 21:00 - 24.11.2020 22:00","0","0","0","1070","1053","855","1643","1547","991"
"24.11.2020 22:00 - 24.11.2020 23:00","0","0","0","1070","1052","940","1736","1635","792"
"24.11.2020 23:00 - 25.11.2020 00:00","0","0","0","1042","1050","947","1762","1678","991"
"25.11.2020 00:00 - 25.11.2020 01:00","0","N/A","0","982","N/A","913","1594","N/A","809"
"25.11.2020 01:00 - 25.11.2020 02:00","0","N/A","0","971","N/A","772","1574","N/A","844"
"25.11.2020 02:00 - 25.11.2020 03:00","0","N/A","0","987","N/A","950","1560","N/A","1607"
"25.11.2020 03:00 - 25.11.2020 04:00","0","N/A","0","991","N/A","931","1478","N/A","1232"
"25.11.2020 04:00 - 25.11.2020 05:00","0","N/A","0","989","N/A","882","1375","N/A","1224"
"25.11.2020 05:00 - 25.11.2020 06:00","0","N/A","0","1011","N/A","947","1317","N/A","974"
"25.11.2020 06:00 - 25.11.2020 07:00","0","N/A","0","1039","N/A","958","1238","N/A","654"
"25.11.2020 07:00 - 25.11.2020 08:00","0","N/A","0","1009","N/A","885","1201","N/A","716"
"25.11.2020 08:00 - 25.11.2020 09:00","2","3","3","922","783","778","1200","1095","1095"
"25.11.2020 09:00 - 25.11.2020 10:00","21","25","31","877","842","859","1080","1160","884"
"25.11.2020 10:00 - 25.11.2020 11:00","44","51","51","849","822","672","1074","1089","1088"
"25.11.2020 11:00 - 25.11.2020 12:00","63","70","69","836","839","679","1104","1090","1051"
"25.11.2020 12:00 - 25.11.2020 13:00","63","73","73","750","778","616","1084","1068","962"
"25.11.2020 13:00 - 25.11.2020 14:00","51","57","55","719","708","652","1055","986","940"
"25.11.2020 14:00 - 25.11.2020 15:00","31","32","27","697","605","589","960","945","922"
"25.11.2020 15:00 - 25.11.2020 16:00","7","8","8","652","594","546","875","881","935"
"25.11.2020 16:00 - 25.11.2020 17:00","0","0","2","633","607","517","833","831","943"
"25.11.2020 17:00 - 25.11.2020 18:00","0","0","2","571","566","532","855","836","943"
"25.11.2020 18:00 - 25.11.2020 19:00","0","0","2","524","570","505","875","849","911"
"25.11.2020 19:00 - 25.11.2020 20:00","0","0","0","574","609","473","852","815","849"
"25.11.2020 20:00 - 25.11.2020 21:00","0","0","0","560","576","465","811","787","909"
"25.11.2020 21:00 - 25.11.2020 22:00","0","0","0","638","570","485","840","788","966"
"25.11.2020 22:00 - 25.11.2020 23:00","0","0","0","742","607","558","840","794","856"
"25.11.2020 23:00 - 26.11.2020 00:00","0","0","0","656","658","644","802","805","880"
"26.11.2020 00:00 - 26.11.2020 01:00","0","N/A","0","697","N/A","649","954","N/A","1011"
"26.11.2020 01:00 - 26.11.2020 02:00","0","N/A","0","539","N/A","644","877","N/A","980"
"26.11.2020 02:00 - 26.11.2020 03:00","0","N/A","0","478","N/A","696","777","N/A","781"
"26.11.2020 03:00 - 26.11.2020 04:00","0","N/A","0","529","N/A","630","668","N/A","648"
"26.11.2020 04:00 - 26.11.2020 05:00","0","N/A","0","572","N/A","623","582","N/A","591"
"26.11.2020 05:00 - 26.11.2020 06:00","0","N/A","0","614","N/A","730","543","N/A","605"
"26.11.2020 06:00 - 26.11.2020 07:00","0","N/A","0","583","N/A","536","525","N/A","621"
"26.11.2020 07:00 - 26.11.2020 08:00","0","N/A","0","555","N/A","655","527","N/A","701"
"26.11.2020 08:00 - 26.11.2020 09:00","5","5","5","529","610","623","553","685","685"
"26.11.2020 09:00 - 26.11.2020 10:00","52","57","60","532","614","576","516","651","915"
"26.11.2020 10:00 - 26.11.2020 11:00","111","119","164","511","568","533","511","637","613"
"26.11.2020 11:00 - 26.11.2020 12:00","150","164","207","494","566","569","537","698","696"
"26.11.2020 12:00 - 26.11.2020 13:00","162","172","227","462","562","567","566","748","757"
"26.11.2020 13:00 - 26.11.2020 14:00","135","137","166","429","544","467","553","699","784"
"26.11.2020 14:00 - 26.11.2020 15:00","69","74","91","378","449","464","452","597","670"
"26.11.2020 15:00 - 26.11.2020 16:00","15","16","37","335","383","445","379","500","554"
"26.11.2020 16:00 - 26.11.2020 17:00","0","0","12","339","363","423","370","446","489"
"26.11.2020 17:00 - 26.11.2020 18:00","0","0","9","334","332","336","378","433","487"
"26.11.2020 18:00 - 26.11.2020 19:00","0","0","8","314","301","347","384","419","471"
"26.11.2020 19:00 - 26.11.2020 20:00","0","0","1","280","268","290","349","371","390"
"26.11.2020 20:00 - 26.11.2020 21:00","0","0","0","260","220","185","294","322","330"
"26.11.2020 21:00 - 26.11.2020 22:00","0","0","0","200","194","139","268","276","273"
"26.11.2020 22:00 - 26.11.2020 23:00","0","0","0","159","172","152","249","247","219"
"26.11.2020 23:00 - 27.11.2020 00:00","0","0","0","120","138","100","220","218","177"
"27.11.2020 00:00 - 27.11.2020 01:00","0","N/A","0","89","N/A","53","205","N/A","140"
"27.11.2020 01:00 - 27.11.2020 02:00","0","N/A","0","76","N/A","51","180","N/A","155"
"27.11.2020 02:00 - 27.11.2020 03:00","0","N/A","0","59","N/A","38","154","N/A","141"
"27.11.2020 03:00 - 27.11.2020 04:00","0","N/A","0","45","N/A","41","129","N/A","98"
"27.11.2020 04:00 - 27.11.2020 05:00","0","N/A","0","34","N/A","15","98","N/A","68"
"27.11.2020 05:00 - 27.11.2020 06:00","0","N/A","0","23","N/A","4","68","N/A","39"
"27.11.2020 06:00 - 27.11.2020 07:00","0","N/A","0","16","N/A","6","50","N/A","26"
"27.11.2020 07:00 - 27.11.2020 08:00","0","N/A","0","11","N/A","7","38","N/A","13"
"27.11.2020 08:00 - 27.11.2020 09:00","5","6","6","6","6","6","31","13","13"
"27.11.2020 09:00 - 27.11.2020 10:00","59","63","69","4","7","2","24","17","10"
"27.11.2020 10:00 - 27.11.2020 11:00","131","138","130","5","7","2","20","22","9"
"27.11.2020 11:00 - 27.11.2020 12:00","179","190","185","6","13","2","16","24","7"
"27.11.2020 12:00 - 27.11.2020 13:00","184","192","196","9","20","3","12","26","8"
"27.11.2020 13:00 - 27.11.2020 14:00","145","149","148","11","30","23","12","29","8"
"27.11.2020 14:00 - 27.11.2020 15:00","78","79","97","14","31","43","15","36","9"
"27.11.2020 15:00 - 27.11.2020 16:00","16","17","28","22","47","55","22","43","12"
"27.11.2020 16:00 - 27.11.2020 17:00","0","0","2","23","50","64","23","48","18"
"27.11.2020 17:00 - 27.11.2020 18:00","0","0","2","31","40","68","27","53","28"
"27.11.2020 18:00 - 27.11.2020 19:00","0","0","2","36","56","84","35","53","26"
"27.11.2020 19:00 - 27.11.2020 20:00","0","0","0","47","76","101","39","46","33"
"27.11.2020 20:00 - 27.11.2020 21:00","0","0","0","62","85","106","43","47","35"
"27.11.2020 21:00 - 27.11.2020 22:00","0","0","0","85","104","135","50","59","51"
"27.11.2020 22:00 - 27.11.2020 23:00","0","0","0","128","140","173","62","73","65"
"27.11.2020 23:00 - 28.11.2020 00:00","0","0","0","147","163","206","77","94","63"
"28.11.2020 00:00 - 28.11.2020 01:00","0","N/A","0","188","N/A","275","140","N/A","78"
"28.11.2020 01:00 - 28.11.2020 02:00","0","N/A","0","178","N/A","222","159","N/A","85"
"28.11.2020 02:00 - 28.11.2020 03:00","0","N/A","0","184","N/A","228","181","N/A","130"
"28.11.2020 03:00 - 28.11.2020 04:00","0","N/A","0","181","N/A","179","195","N/A","151"
"28.11.2020 04:00 - 28.11.2020 05:00","0","N/A","0","188","N/A","147","181","N/A","158"
"28.11.2020 05:00 - 28.11.2020 06:00","0","N/A","0","185","N/A","105","160","N/A","141"
"28.11.2020 06:00 - 28.11.2020 07:00","0","N/A","0","174","N/A","120","147","N/A","131"
"28.11.2020 07:00 - 28.11.2020 08:00","0","N/A","0","145","N/A","103","146","N/A","130"
"28.11.2020 08:00 - 28.11.2020 09:00","2","2","2","144","139","138","159","192","192"
"28.11.2020 09:00 - 28.11.2020 10:00","27","27","50","170","174","137","146","186","200"
"28.11.2020 10:00 - 28.11.2020 11:00","63","65","102","170","157","110","138","175","203"
"28.11.2020 11:00 - 28.11.2020 12:00","87","91","145","143","130","118","131","178","192"
"28.11.2020 12:00 - 28.11.2020 13:00","79","82","130","87","86","171","121","170","123"
"28.11.2020 13:00 - 28.11.2020 14:00","54","57","75","76","64","155","118","170","89"
"28.11.2020 14:00 - 28.11.2020 15:00","29","31","46","84","63","103","110","173","78"
"28.11.2020 15:00 - 28.11.2020 16:00","6","7","18","81","70","77","105","179","110"
"28.11.2020 16:00 - 28.11.2020 17:00","0","0","9","88","88","128","115","186","109"
"28.11.2020 17:00 - 28.11.2020 18:00","0","0","8","108","126","119","142","205","112"
"28.11.2020 18:00 - 28.11.2020 19:00","0","0","7","129","148","142","162","208","121"
"28.11.2020 19:00 - 28.11.2020 20:00","0","0","1","158","156","123","164","178","166"
"28.11.2020 20:00 - 28.11.2020 21:00","0","0","0","166","159","115","141","142","129"
"28.11.2020 21:00 - 28.11.2020 22:00","0","0","0","134","141","91","126","123","113"
"28.11.2020 22:00 - 28.11.2020 23:00","0","0","0","119","119","99","116","112","98"
"28.11.2020 23:00 - 29.11.2020 00:00","0","0","0","106","107","69","111","111","78"
"29.11.2020 00:00 - 29.11.2020 01:00","0","N/A","0","79","N/A","62","141","N/A","80"
"29.11.2020 01:00 - 29.11.2020 02:00","0","N/A","0","90","N/A","60","131","N/A","95"
"29.11.2020 02:00 - 29.11.2020 03:00","0","N/A","0","81","N/A","50","111","N/A","78"
"29.11.2020 03:00 - 29.11.2020 04:00","0","N/A","0","71","N/A","51","100","N/A","77"
"29.11.2020 04:00 - 29.11.2020 05:00","0","N/A","0","74","N/A","75","87","N/A","42"
"29.11.2020 05:00 - 29.11.2020 06:00","0","N/A","0","54","N/A","55","81","N/A","46"
"29.11.2020 06:00 - 29.11.2020 07:00","0","N/A","0","60","N/A","61","77","N/A","37"
"29.11.2020 07:00 - 29.11.2020 08:00","0","N/A","0","67","N/A","50","68","N/A","36"
"29.11.2020 08:00 - 29.11.2020 09:00","2","2","2","61","41","43","61","25","25"
"29.11.2020 09:00 - 29.11.2020 10:00","32","32","54","40","30","26","44","20","14"
"29.11.2020 10:00 - 29.11.2020 11:00","76","80","70","29","33","26","35","22","27"
"29.11.2020 11:00 - 29.11.2020 12:00","114","111","64","26","48","37","33","24","20"
"29.11.2020 12:00 - 29.11.2020 13:00","116","105","47","24","40","14","27","24","17"
"29.11.2020 13:00 - 29.11.2020 14:00","87","80","31","24","30","24","27","30","14"
"29.11.2020 14:00 - 29.11.2020 15:00","46","43","18","27","36","27","28","29","16"
"29.11.2020 15:00 - 29.11.2020 16:00","10","9","5","39","30","26","33","34","18"
"29.11.2020 16:00 - 29.11.2020 17:00","0","0","9","43","32","35","42","40","20"
"29.11.2020 17:00 - 29.11.2020 18:00","0","0","8","41","30","29","47","45","17"
"29.11.2020 18:00 - 29.11.2020 19:00","0","0","7","32","29","24","46","46","18"
"29.11.2020 19:00 - 29.11.2020 20:00","0","0","1","26","26","17","46","44","25"
"29.11.2020 20:00 - 29.11.2020 21:00","0","0","0","26","25","13","50","51","36"
"29.11.2020 21:00 - 29.11.2020 22:00","0","0","0","22","20","4","68","67","81"
"29.11.2020 22:00 - 29.11.2020 23:00","0","0","0","18","15","9","87","88","87"
"29.11.2020 23:00 - 30.11.2020 00:00","0","0","0","12","14","9","112","110","96"
"30.11.2020 00:00 - 30.11.2020 01:00","0","N/A","0","11","N/A","37","151","N/A","113"
"30.11.2020 01:00 - 30.11.2020 02:00","0","N/A","0","25","N/A","60","178","N/A","155"
"30.11.2020 02:00 - 30.11.2020 03:00","0","N/A","0","61","N/A","98","218","N/A","201"
"30.11.2020 03:00 - 30.11.2020 04:00","0","N/A","0","120","N/A","108","257","N/A","245"
"30.11.2020 04:00 - 30.11.2020 05:00","0","N/A","0","193","N/A","246","292","N/A","283"
"30.11.2020 05:00 - 30.11.2020 06:00","0","N/A","0","247","N/A","230","356","N/A","342"
"30.11.2020 06:00 - 30.11.2020 07:00","0","N/A","0","330","N/A","286","413","N/A","409"
"30.11.2020 07:00 - 30.11.2020 08:00","0","N/A","0","397","N/A","357","487","N/A","528"
"30.11.2020 08:00 - 30.11.2020 09:00","1","1","1","496","605","612","618","707","707"
"30.11.2020 09:00 - 30.11.2020 10:00","13","13","20","678","716","761","692","772","736"
"30.11.2020 10:00 - 30.11.2020 11:00","26","29","24","818","773","719","861","934","903"
"30.11.2020 11:00 - 30.11.2020 12:00","33","43","34","867","830","878","1056","1097","1172"
"30.11.2020 12:00 - 30.11.2020 13:00","36","48","40","921","852","951","1231","1270","1338"
"30.11.2020 13:00 - 30.11.2020 14:00","29","45","28","949","863","960","1358","1456","986"
"30.11.2020 14:00 - 30.11.2020 15:00","13","20","4","957","887","899","1453","1609","1203"
"30.11.2020 15:00 - 30.11.2020 16:00","2","3","0","920","866","886","1473","1687","1228"
"30.11.2020 16:00 - 30.11.2020 17:00","0","0","0","940","891","941","1461","1729","1746"
"30.11.2020 17:00 - 30.11.2020 18:00","0","0","0","911","824","883","1423","1683","1966"
"30.11.2020 18:00 - 30.11.2020 19:00","0","0","0","836","746","609","1352","1584","1807"
"30.11.2020 19:00 - 30.11.2020 20:00","0","0","0","785","815","620","1214","1451","1753"
"30.11.2020 20:00 - 30.11.2020 21:00","0","0","0","698","728","472","984","1283","1407"
"30.11.2020 21:00 - 30.11.2020 22:00","0","0","0","637","597","404","806","1128","1247"
"30.11.2020 22:00 - 30.11.2020 23:00","0","0","0","646","524","412","636","902","800"
"30.11.2020 23:00 - 01.12.2020 00:00","0","0","0","709","495","409","463","701","467"
"01.12.2020 00:00 - 01.12.2020 01:00","0","N/A","0","390","N/A","373","679","N/A","252"
"01.12.2020 01:00 - 01.12.2020 02:00","0","N/A","0","370","N/A","361","507","N/A","98"
"01.12.2020 02:00 - 01.12.2020 03:00","0","N/A","0","359","N/A","230","376","N/A","153"
"01.12.2020 03:00 - 01.12.2020 04:00","0","N/A","0","244","N/A","189","258","N/A","31"
"01.12.2020 04:00 - 01.12.2020 05:00","0","N/A","0","200","N/A","125","170","N/A","18"
"01.12.2020 05:00 - 01.12.2020 06:00","0","N/A","0","185","N/A","94","105","N/A","15"
"01.12.2020 06:00 - 01.12.2020 07:00","0","N/A","0","196","N/A","108","74","N/A","13"
"01.12.2020 07:00 - 01.12.2020 08:00","0","N/A","0","175","N/A","112","78","N/A","17"
"01.12.2020 08:00 - 01.12.2020 09:00","0","1","1","178","96","94","114","40","40"
"01.12.2020 09:00 - 01.12.2020 10:00","9","12","13","197","140","67","151","87","54"
"01.12.2020 10:00 - 01.12.2020 11:00","23","26","24","167","102","39","199","129","77"
"01.12.2020 11:00 - 01.12.2020 12:00","37","37","47","170","115","43","245","173","122"
"01.12.2020 12:00 - 01.12.2020 13:00","39","47","40","227","143","99","281","207","152"
"01.12.2020 13:00 - 01.12.2020 14:00","31","43","23","285","206","140","295","213","122"
"01.12.2020 14:00 - 01.12.2020 15:00","17","23","12","276","208","172","306","238","105"
"01.12.2020 15:00 - 01.12.2020 16:00","4","5","0","282","207","171","312","259","101"
"01.12.2020 16:00 - 01.12.2020 17:00","0","0","0","268","209","199","323","272","132"
"01.12.2020 17:00 - 01.12.2020 18:00","0","0","0","241","224","181","319","270","162"
"01.12.2020 18:00 - 01.12.2020 19:00","0","0","0","213","213","180","320","271","155"
"01.12.2020 19:00 - 01.12.2020 20:00","0","0","0","207","181","182","291","238","153"
"01.12.2020 20:00 - 01.12.2020 21:00","0","0","0","213","149","108","234","203","144"
"01.12.2020 21:00 - 01.12.2020 22:00","0","0","0","193","131","111","207","181","144"
"01.12.2020 22:00 - 01.12.2020 23:00","0","0","0","185","126","94","188","158","109"
"01.12.2020 23:00 - 02.12.2020 00:00","0","0","0","162","107","104","161","129","90"
"02.12.2020 00:00 - 02.12.2020 01:00","0","N/A","0","105","N/A","80","72","N/A","74"
"02.12.2020 01:00 - 02.12.2020 02:00","0","N/A","0","86","N/A","75","54","N/A","52"
"02.12.2020 02:00 - 02.12.2020 03:00","0","N/A","0","75","N/A","101","47","N/A","64"
"02.12.2020 03:00 - 02.12.2020 04:00","0","N/A","0","57","N/A","63","51","N/A","67"
"02.12.2020 04:00 - 02.12.2020 05:00","0","N/A","0","63","N/A","93","66","N/A","96"
"02.12.2020 05:00 - 02.12.2020 06:00","0","N/A","0","75","N/A","98","106","N/A","110"
"02.12.2020 06:00 - 02.12.2020 07:00","0","N/A","0","101","N/A","160","142","N/A","99"
"02.12.2020 07:00 - 02.12.2020 08:00","0","N/A","0","124","N/A","197","160","N/A","142"
"02.12.2020 08:00 - 02.12.2020 09:00","1","1","1","163","288","292","201","230","230"
"02.12.2020 09:00 - 02.12.2020 10:00","15","17","18","227","318","437","224","255","199"
"02.12.2020 10:00 - 02.12.2020 11:00","39","42","19","240","322","496","242","283","236"
"02.12.2020 11:00 - 02.12.2020 12:00","55","57","20","227","364","487","248","279","242"
"02.12.2020 12:00 - 02.12.2020 13:00","58","53","25","240","381","452","260","282","196"
"02.12.2020 13:00 - 02.12.2020 14:00","42","39","16","306","444","333","260","289","130"
"02.12.2020 14:00 - 02.12.2020 15:00","21","19","2","372","478","285","272","313","148"
"02.12.2020 15:00 - 02.12.2020 16:00","4","3","0","444","484","449","281","355","190"
"02.12.2020 16:00 - 02.12.2020 17:00","0","0","0","505","486","378","312","388","300"
"02.12.2020 17:00 - 02.12.2020 18:00","0","0","0","542","563","457","396","467","359"
"02.12.2020 18:00 - 02.12.2020 19:00","0","0","0","592","672","381","526","569","411"
"02.12.2020 19:00 - 02.12.2020 20:00","0","0","0","699","797","796","652","679","495"
"02.12.2020 20:00 - 02.12.2020 21:00","0","0","0","809","902","918","734","779","542"
"02.12.2020 21:00 - 02.12.2020 22:00","0","0","0","864","965","968","838","913","696"
"02.12.2020 22:00 - 02.12.2020 23:00","0","0","0","931","1010","995","935","1000","781"
"02.12.2020 23:00 - 03.12.2020 00:00","0","0","0","969","1001","995","1039","1145","1086"
"03.12.2020 00:00 - 03.12.2020 01:00","0","N/A","0","901","N/A","988","1197","N/A","1145"
"03.12.2020 01:00 - 03.12.2020 02:00","0","N/A","0","902","N/A","967","1237","N/A","1332"
"03.12.2020 02:00 - 03.12.2020 03:00","0","N/A","0","911","N/A","987","1322","N/A","1412"
"03.12.2020 03:00 - 03.12.2020 04:00","0","N/A","0","908","N/A","979","1369","N/A","1431"
"03.12.2020 04:00 - 03.12.2020 05:00","0","N/A","0","930","N/A","982","1394","N/A","1478"
"03.12.2020 05:00 - 03.12.2020 06:00","0","N/A","0","963","N/A","954","1498","N/A","1758"
"03.12.2020 06:00 - 03.12.2020 07:00","0","N/A","0","999","N/A","993","1586","N/A","1769"
"03.12.2020 07:00 - 03.12.2020 08:00","0","N/A","0","1007","N/A","1004","1691","N/A","1875"
"03.12.2020 08:00 - 03.12.2020 09:00","1","1","1","988","974","974","1809","2058","2058"
"03.12.2020 09:00 - 03.12.2020 10:00","12","15","16","933","976","1006","1681","1912","1908"
"03.12.2020 10:00 - 03.12.2020 11:00","27","33","19","925","972","991","1714","1916","2034"
"03.12.2020 11:00 - 03.12.2020 12:00","35","39","21","937","979","1007","1710","1863","2040"
"03.12.2020 12:00 - 03.12.2020 13:00","32","37","15","885","975","982","1649","1780","1806"
"03.12.2020 13:00 - 03.12.2020 14:00","22","28","14","849","969","984","1620","1782","1717"
"03.12.2020 14:00 - 03.12.2020 15:00","11","14","4","913","975","991","1598","1752","1745"
"03.12.2020 15:00 - 03.12.2020 16:00","2","2","0","973","984","998","1594","1719","1695"
"03.12.2020 16:00 - 03.12.2020 17:00","0","0","0","964","998","1014","1647","1775","1901"
"03.12.2020 17:00 - 03.12.2020 18:00","0","0","0","937","1006","997","1756","1852","1942"
"03.12.2020 18:00 - 03.12.2020 19:00","0","0","0","962","1001","975","1820","1890","1759"
"03.12.2020 19:00 - 03.12.2020 20:00","0","0","0","1010","1008","976","1839","1869","1497"
"03.12.2020 20:00 - 03.12.2020 21:00","0","0","0","998","1006","962","1714","1787","1277"
"03.12.2020 21:00 - 03.12.2020 22:00","0","0","0","1006","1004","967","1689","1798","1392"
"03.12.2020 22:00 - 03.12.2020 23:00","0","0","0","1013","1023","980","1633","1724","1113"
"03.12.2020 23:00 - 04.12.2020 00:00","0","0","0","1005","1012","976","1565","1768","876"
"04.12.2020 00:00 - 04.12.2020 01:00","0","N/A","0","958","N/A","865","1654","N/A","1585"
"04.12.2020 01:00 - 04.12.2020 02:00","0","N/A","0","945","N/A","979","1646","N/A","1396"
"04.12.2020 02:00 - 04.12.2020 03:00","0","N/A","0","944","N/A","935","1786","N/A","1455"
"04.12.2020 03:00 - 04.12.2020 04:00","0","N/A","0","937","N/A","980","1876","N/A","1322"
"04.12.2020 04:00 - 04.12.2020 05:00","0","N/A","0","945","N/A","968","1887","N/A","1309"
"04.12.2020 05:00 - 04.12.2020 06:00","0","N/A","0","960","N/A","898","1958","N/A","1308"
"04.12.2020 06:00 - 04.12.2020 07:00","0","N/A","0","993","N/A","928","1985","N/A","1273"
"04.12.2020 07:00 - 04.12.2020 08:00","0","N/A","0","1008","N/A","890","1980","N/A","1350"
"04.12.2020 08:00 - 04.12.2020 09:00","1","1","1","999","979","979","2057","1501","1501"
"04.12.2020 09:00 - 04.12.2020 10:00","25","24","28","1007","970","930","1888","2213","1147"
"04.12.2020 10:00 - 04.12.2020 11:00","50","52","32","984","964","904","1935","2241","1228"
"04.12.2020 11:00 - 04.12.2020 12:00","56","68","36","986","968","930","1925","2159","1794"
"04.12.2020 12:00 - 04.12.2020 13:00","46","63","32","978","956","938","1815","1993","2073"
"04.12.2020 13:00 - 04.12.2020 14:00","35","38","11","993","961","985","1710","1873","1914"
"04.12.2020 14:00 - 04.12.2020 15:00","20","18","1","1000","970","986","1590","1755","1596"
"04.12.2020 15:00 - 04.12.2020 16:00","4","3","0","1022","989","1002","1489","1620","1374"
"04.12.2020 16:00 - 04.12.2020 17:00","0","0","0","1031","999","994","1409","1474","1221"
"04.12.2020 17:00 - 04.12.2020 18:00","0","0","0","1031","988","965","1330","1341","1143"
"04.12.2020 18:00 - 04.12.2020 19:00","0","0","0","1016","973","874","1233","1192","958"
"04.12.2020 19:00 - 04.12.2020 20:00","0","0","0","991","924","744","1089","968","743"
"04.12.2020 20:00 - 04.12.2020 21:00","0","0","0","884","843","820","877","793","664"
"04.12.2020 21:00 - 04.12.2020 22:00","0","0","0","805","747","580","786","694","500"
"04.12.2020 22:00 - 04.12.2020 23:00","0","0","0","686","651","552","706","609","471"
"04.12.2020 23:00 - 05.12.2020 00:00","0","0","0","601","599","472","640","557","505"
"05.12.2020 00:00 - 05.12.2020 01:00","0","N/A","0","508","N/A","548","501","N/A","457"
"05.12.2020 01:00 - 05.12.2020 02:00","0","N/A","0","497","N/A","409","501","N/A","438"
"05.12.2020 02:00 - 05.12.2020 03:00","0","N/A","0","468","N/A","463","538","N/A","478"
"05.12.2020 03:00 - 05.12.2020 04:00","0","N/A","0","421","N/A","399","578","N/A","604"
"05.12.2020 04:00 - 05.12.2020 05:00","0","N/A","0","437","N/A","310","629","N/A","675"
"05.12.2020 05:00 - 05.12.2020 06:00","0","N/A","0","493","N/A","473","689","N/A","707"
"05.12.2020 06:00 - 05.12.2020 07:00","0","N/A","0","521","N/A","457","738","N/A","721"
"05.12.2020 07:00 - 05.12.2020 08:00","0","N/A","0","528","N/A","522","748","N/A","685"
"05.12.2020 08:00 - 05.12.2020 09:00","0","0","0","530","554","561","820","577","577"
"05.12.2020 09:00 - 05.12.2020 10:00","7","10","11","596","606","690","800","553","549"
"05.12.2020 10:00 - 05.12.2020 11:00","19","26","18","635","618","764","819","600","795"
"05.12.2020 11:00 - 05.12.2020 12:00","27","33","21","577","674","839","880","784","1029"
"05.12.2020 12:00 - 05.12.2020 13:00","36","32","16","520","715","966","944","877","1191"
"05.12.2020 13:00 - 05.12.2020 14:00","32","26","6","606","721","904","888","924","1170"
"05.12.2020 14:00 - 05.12.2020 15:00","18","17","7","610","662","660","805","821","940"
"05.12.2020 15:00 - 05.12.2020 16:00","3","4","1","596","562","644","719","727","960"
"05.12.2020 16:00 - 05.12.2020 17:00","0","0","0","593","557","668","709","643","1154"
"05.12.2020 17:00 - 05.12.2020 18:00","0","0","0","567","648","889","752","647","1176"
"05.12.2020 18:00 - 05.12.2020 19:00","0","0","0","509","676","813","768","688","1116"
"05.12.2020 19:00 - 05.12.2020 20:00","0","0","0","532","697","875","693","684","975"
"05.12.2020 20:00 - 05.12.2020 21:00","0","0","0","499","700","778","624","621","779"
"05.12.2020 21:00 - 05.12.2020 22:00","0","0","0","510","604","717","550","508","703"
"05.12.2020 22:00 - 05.12.2020 23:00","0","0","0","458","461","534","507","461","770"
"05.12.2020 23:00 - 06.12.2020 00:00","0","0","0","314","401","489","494","496","789"
"06.12.2020 00:00 - 06.12.2020 01:00","0","N/A","0","378","N/A","350","721","N/A","625"
"06.12.2020 01:00 - 06.12.2020 02:00","0","N/A","0","286","N/A","185","630","N/A","545"
"06.12.2020 02:00 - 06.12.2020 03:00","0","N/A","0","230","N/A","180","548","N/A","558"
"06.12.2020 03:00 - 06.12.2020 04:00","0","N/A","0","213","N/A","110","475","N/A","427"
"06.12.2020 04:00 - 06.12.2020 05:00","0","N/A","0","214","N/A","179","393","N/A","308"
"06.12.2020 05:00 - 06.12.2020 06:00","0","N/A","0","193","N/A","199","311","N/A","254"
"06.12.2020 06:00 - 06.12.2020 07:00","0","N/A","0","207","N/A","251","274","N/A","206"
"06.12.2020 07:00 - 06.12.2020 08:00","0","N/A","0","209","N/A","61","244","N/A","219"
"06.12.2020 08:00 - 06.12.2020 09:00","0","0","0","196","163","161","241","203","203"
"06.12.2020 09:00 - 06.12.2020 10:00","13","11","12","175","164","195","230","200","172"
"06.12.2020 10:00 - 06.12.2020 11:00","34","23","22","160","207","158","243","253","258"
"06.12.2020 11:00 - 06.12.2020 12:00","48","27","24","171","220","139","285","346","355"
"06.12.2020 12:00 - 06.12.2020 13:00","46","26","15","185","263","385","356","431","440"
"06.12.2020 13:00 - 06.12.2020 14:00","27","17","9","221","351","393","441","553","573"
"06.12.2020 14:00 - 06.12.2020 15:00","10","7","4","246","425","531","466","684","734"
"06.12.2020 15:00 - 06.12.2020 16:00","1","1","0","306","513","652","522","909","894"
"06.12.2020 16:00 - 06.12.2020 17:00","0","0","0","351","601","783","560","950","1057"
"06.12.2020 17:00 - 06.12.2020 18:00","0","0","0","397","616","830","588","870","970"
"06.12.2020 18:00 - 06.12.2020 19:00","0","0","0","483","677","896","647","871","966"
"06.12.2020 19:00 - 06.12.2020 20:00","0","0","0","601","669","827","602","778","894"
"06.12.2020 20:00 - 06.12.2020 21:00","0","0","0","634","647","595","501","727","774"
"06.12.2020 21:00 - 06.12.2020 22:00","0","0","0","557","625","592","452","689","862"
"06.12.2020 22:00 - 06.12.2020 23:00","0","0","0","548","613","557","472","689","947"
"06.12.2020 23:00 - 07.12.2020 00:00","0","0","0","467","604","563","488","755","973"
"07.12.2020 00:00 - 07.12.2020 01:00","0","N/A","0","570","N/A","570","877","N/A","1066"
"07.12.2020 01:00 - 07.12.2020 02:00","0","N/A","0","552","N/A","572","951","N/A","1146"
"07.12.2020 02:00 - 07.12.2020 03:00","0","N/A","0","601","N/A","618","1073","N/A","1280"
"07.12.2020 03:00 - 07.12.2020 04:00","0","N/A","0","695","N/A","681","1211","N/A","1358"
"07.12.2020 04:00 - 07.12.2020 05:00","0","N/A","0","684","N/A","589","1352","N/A","1593"
"07.12.2020 05:00 - 07.12.2020 06:00","0","N/A","0","771","N/A","860","1545","N/A","1666"
"07.12.2020 06:00 - 07.12.2020 07:00","0","N/A","0","881","N/A","920","1707","N/A","1702"
"07.12.2020 07:00 - 07.12.2020 08:00","0","N/A","0","944","N/A","918","1781","N/A","1625"
"07.12.2020 08:00 - 07.12.2020 09:00","0","0","0","979","951","950","1966","1726","1726"
"07.12.2020 09:00 - 07.12.2020 10:00","9","9","11","998","955","973","1960","2001","1678"
"07.12.2020 10:00 - 07.12.2020 11:00","22","24","13","998","963","981","2090","2063","1819"
"07.12.2020 11:00 - 07.12.2020 12:00","30","33","16","983","959","969","2166","2126","1952"
"07.12.2020 12:00 - 07.12.2020 13:00","26","30","16","956","942","980","2182","2033","1883"
"07.12.2020 13:00 - 07.12.2020 14:00","14","22","7","973","961","995","2288","2130","1901"
"07.12.2020 14:00 - 07.12.2020 15:00","6","10","2","979","962","967","2208","2136","2051"
"07.12.2020 15:00 - 07.12.2020 16:00","1","1","0","999","968","916","2289","2181","1952"
"07.12.2020 16:00 - 07.12.2020 17:00","0","0","0","992","966","939","2349","2149","2032"
"07.12.2020 17:00 - 07.12.2020 18:00","0","0","0","1009","971","984","2413","2146","2134"
"07.12.2020 18:00 - 07.12.2020 19:00","0","0","0","995","963","969","2426","2109","2038"
"07.12.2020 19:00 - 07.12.2020 20:00","0","0","0","977","993","939","2228","1876","1867"
"07.12.2020 20:00 - 07.12.2020 21:00","0","0","0","933","987","908","1977","1747","1648"
"07.12.2020 21:00 - 07.12.2020 22:00","0","0","0","947","951","915","1678","1572","1514"
"07.12.2020 22:00 - 07.12.2020 23:00","0","0","0","917","906","880","1372","1325","1264"
"07.12.2020 23:00 - 08.12.2020 00:00","0","0","0","888","854","803","1164","1063","997"
"08.12.2020 00:00 - 08.12.2020 01:00","0","N/A","0","796","N/A","730","865","N/A","984"
"08.12.2020 01:00 - 08.12.2020 02:00","0","N/A","0","732","N/A","710","712","N/A","720"
"08.12.2020 02:00 - 08.12.2020 03:00","0","N/A","0","575","N/A","626","594","N/A","554"
"08.12.2020 03:00 - 08.12.2020 04:00","0","N/A","0","439","N/A","572","515","N/A","418"
"08.12.2020 04:00 - 08.12.2020 05:00","0","N/A","0","393","N/A","490","426","N/A","361"
"08.12.2020 05:00 - 08.12.2020 06:00","0","N/A","0","374","N/A","518","340","N/A","303"
"08.12.2020 06:00 - 08.12.2020 07:00","0","N/A","0","355","N/A","505","304","N/A","222"
"08.12.2020 07:00 - 08.12.2020 08:00","0","N/A","0","352","N/A","301","274","N/A","215"
"08.12.2020 08:00 - 08.12.2020 09:00","0","0","0","324","365","368","255","231","231"
"08.12.2020 09:00 - 08.12.2020 10:00","12","12","13","269","399","414","217","197","206"
"08.12.2020 10:00 - 08.12.2020 11:00","34","34","24","284","357","307","213","200","211"
"08.12.2020 11:00 - 08.12.2020 12:00","59","56","35","297","290","347","196","205","205"
"08.12.2020 12:00 - 08.12.2020 13:00","75","74","54","307","288","265","180","189","130"
"08.12.2020 13:00 - 08.12.2020 14:00","67","70","54","303","335","209","186","187","107"
"08.12.2020 14:00 - 08.12.2020 15:00","38","37","19","329","319","291","176","196","98"
"08.12.2020 15:00 - 08.12.2020 16:00","6","7","2","335","317","310","203","231","134"
"08.12.2020 16:00 - 08.12.2020 17:00","0","0","0","350","305","267","219","240","125"
"08.12.2020 17:00 - 08.12.2020 18:00","0","0","0","352","309","271","229","243","173"
"08.12.2020 18:00 - 08.12.2020 19:00","0","0","0","346","321","171","240","260","174"
"08.12.2020 19:00 - 08.12.2020 20:00","0","0","0","302","336","187","215","232","160"
"08.12.2020 20:00 - 08.12.2020 21:00","0","0","0","275","322","190","188","217","196"
"08.12.2020 21:00 - 08.12.2020 22:00","0","0","0","265","319","172","187","216","185"
"08.12.2020 22:00 - 08.12.2020 23:00","0","0","0","259","322","203","188","217","145"
"08.12.2020 23:00 - 09.12.2020 00:00","0","0","0","240","319","231","188","220","133"
"09.12.2020 00:00 - 09.12.2020 01:00","0","N/A","0","260","N/A","207","242","N/A","140"
"09.12.2020 01:00 - 09.12.2020 02:00","0","N/A","0","267","N/A","225","266","N/A","185"
"09.12.2020 02:00 - 09.12.2020 03:00","0","N/A","0","293","N/A","255","304","N/A","198"
"09.12.2020 03:00 - 09.12.2020 04:00","0","N/A","0","366","N/A","256","338","N/A","230"
"09.12.2020 04:00 - 09.12.2020 05:00","0","N/A","0","398","N/A","327","362","N/A","283"
"09.12.2020 05:00 - 09.12.2020 06:00","0","N/A","0","422","N/A","396","427","N/A","373"
"09.12.2020 06:00 - 09.12.2020 07:00","0","N/A","0","543","N/A","409","506","N/A","416"
"09.12.2020 07:00 - 09.12.2020 08:00","0","N/A","0","589","N/A","589","541","N/A","474"
"09.12.2020 08:00 - 09.12.2020 09:00","0","0","0","607","653","653","573","458","458"
"09.12.2020 09:00 - 09.12.2020 10:00","9","12","13","620","588","463","541","407","345"
"09.12.2020 10:00 - 09.12.2020 11:00","23","34","24","596","540","615","562","381","256"
"09.12.2020 11:00 - 09.12.2020 12:00","23","47","25","586","505","596","585","399","193"
"09.12.2020 12:00 - 09.12.2020 13:00","17","48","21","612","468","506","611","422","192"
"09.12.2020 13:00 - 09.12.2020 14:00","12","29","12","624","491","459","669","455","202"
"09.12.2020 14:00 - 09.12.2020 15:00","6","12","6","574","511","371","666","468","272"
"09.12.2020 15:00 - 09.12.2020 16:00","1","2","0","524","520","430","729","491","230"
"09.12.2020 16:00 - 09.12.2020 17:00","0","0","0","519","537","486","753","491","169"
"09.12.2020 17:00 - 09.12.2020 18:00","0","0","0","525","527","527","822","509","151"
"09.12.2020 18:00 - 09.12.2020 19:00","0","0","0","499","533","539","853","524","160"
"09.12.2020 19:00 - 09.12.2020 20:00","0","0","0","480","511","477","802","519","174"
"09.12.2020 20:00 - 09.12.2020 21:00","0","0","0","496","505","459","768","547","177"
"09.12.2020 21:00 - 09.12.2020 22:00","0","0","0","497","507","464","753","553","179"
"09.12.2020 22:00 - 09.12.2020 23:00","0","0","0","526","511","452","717","540","175"
"09.12.2020 23:00 - 10.12.2020 00:00","0","0","0","606","518","505","677","515","183"
"10.12.2020 00:00 - 10.12.2020 01:00","0","N/A","0","471","N/A","473","239","N/A","190"
"10.12.2020 01:00 - 10.12.2020 02:00","0","N/A","0","486","N/A","460","235","N/A","180"
"10.12.2020 02:00 - 10.12.2020 03:00","0","N/A","0","514","N/A","475","244","N/A","153"
"10.12.2020 03:00 - 10.12.2020 04:00","0","N/A","0","510","N/A","482","256","N/A","140"
"10.12.2020 04:00 - 10.12.2020 05:00","0","N/A","0","488","N/A","530","274","N/A","141"
"10.12.2020 05:00 - 10.12.2020 06:00","0","N/A","0","521","N/A","444","317","N/A","132"
"10.12.2020 06:00 - 10.12.2020 07:00","0","N/A","0","575","N/A","469","389","N/A","159"
"10.12.2020 07:00 - 10.12.2020 08:00","0","N/A","0","576","N/A","447","443","N/A","203"
"10.12.2020 08:00 - 10.12.2020 09:00","0","0","0","560","541","544","492","263","263"
"10.12.2020 09:00 - 10.12.2020 10:00","5","5","5","578","550","496","508","337","331"
"10.12.2020 10:00 - 10.12.2020 11:00","12","12","6","550","517","475","559","410","430"
"10.12.2020 11:00 - 10.12.2020 12:00","17","17","9","472","495","508","592","470","424"
"10.12.2020 12:00 - 10.12.2020 13:00","20","20","11","406","470","453","583","481","408"
"10.12.2020 13:00 - 10.12.2020 14:00","15","18","6","389","418","397","607","513","348"
"10.12.2020 14:00 - 10.12.2020 15:00","7","9","1","389","386","376","589","520","315"
"10.12.2020 15:00 - 10.12.2020 16:00","1","1","0","429","392","306","588","497","378"
"10.12.2020 16:00 - 10.12.2020 17:00","0","0","0","455","391","328","652","544","465"
"10.12.2020 17:00 - 10.12.2020 18:00","0","0","0","536","401","451","768","630","589"
"10.12.2020 18:00 - 10.12.2020 19:00","0","0","0","616","527","502","883","720","654"
"10.12.2020 19:00 - 10.12.2020 20:00","0","0","0","682","597","687","893","753","621"
"10.12.2020 20:00 - 10.12.2020 21:00","0","0","0","667","623","710","843","780","561"
"10.12.2020 21:00 - 10.12.2020 22:00","0","0","0","654","624","816","772","746","554"
"10.12.2020 22:00 - 10.12.2020 23:00","0","0","0","659","637","723","716","658","402"
"10.12.2020 23:00 - 11.12.2020 00:00","0","0","0","603","667","653","711","612","392"
"11.12.2020 00:00 - 11.12.2020 01:00","0","N/A","0","611","N/A","661","576","N/A","430"
"11.12.2020 01:00 - 11.12.2020 02:00","0","N/A","0","648","N/A","654","577","N/A","426"
"11.12.2020 02:00 - 11.12.2020 03:00","0","N/A","0","666","N/A","688","628","N/A","440"
"11.12.2020 03:00 - 11.12.2020 04:00","0","N/A","0","675","N/A","651","723","N/A","528"
"11.12.2020 04:00 - 11.12.2020 05:00","0","N/A","0","740","N/A","760","830","N/A","579"
"11.12.2020 05:00 - 11.12.2020 06:00","0","N/A","0","774","N/A","813","926","N/A","717"
"11.12.2020 06:00 - 11.12.2020 07:00","0","N/A","0","846","N/A","898","1029","N/A","828"
"11.12.2020 07:00 - 11.12.2020 08:00","0","N/A","0","873","N/A","876","1058","N/A","796"
"11.12.2020 08:00 - 11.12.2020 09:00","0","0","0","880","898","907","1088","908","908"
"11.12.2020 09:00 - 11.12.2020 10:00","7","7","7","915","893","943","1020","874","818"
"11.12.2020 10:00 - 11.12.2020 11:00","20","21","12","884","876","887","1048","921","952"
"11.12.2020 11:00 - 11.12.2020 12:00","31","36","18","862","854","838","1091","1021","1075"
"11.12.2020 12:00 - 11.12.2020 13:00","36","44","16","840","813","871","1133","1080","1129"
"11.12.2020 13:00 - 11.12.2020 14:00","30","34","3","859","848","903","1242","1195","1102"
"11.12.2020 14:00 - 11.12.2020 15:00","15","15","0","865","863","875","1266","1265","1222"
"11.12.2020 15:00 - 11.12.2020 16:00","2","2","0","901","901","935","1308","1310","1243"
"11.12.2020 16:00 - 11.12.2020 17:00","0","0","0","911","941","989","1428","1439","1150"
"11.12.2020 17:00 - 11.12.2020 18:00","0","0","0","927","971","1017","1547","1515","1396"
"11.12.2020 18:00 - 11.12.2020 19:00","0","0","0","947","969","1040","1672","1642","1206"
"11.12.2020 19:00 - 11.12.2020 20:00","0","0","0","942","956","1014","1616","1605","1220"
"11.12.2020 20:00 - 11.12.2020 21:00","0","0","0","918","964","998","1532","1620","1339"
"11.12.2020 21:00 - 11.12.2020 22:00","0","0","0","937","964","1023","1489","1550","1353"
"11.12.2020 22:00 - 11.12.2020 23:00","0","0","0","951","967","1033","1411","1443","994"
"11.12.2020 23:00 - 12.12.2020 00:00","0","0","0","964","983","1020","1429","1388","1305"
"12.12.2020 00:00 - 12.12.2020 01:00","0","N/A","0","929","N/A","947","1172","N/A","1303"
"12.12.2020 01:00 - 12.12.2020 02:00","0","N/A","0","939","N/A","982","1147","N/A","1119"
"12.12.2020 02:00 - 12.12.2020 03:00","0","N/A","0","938","N/A","977","1195","N/A","1297"
"12.12.2020 03:00 - 12.12.2020 04:00","0","N/A","0","927","N/A","927","1249","N/A","786"
"12.12.2020 04:00 - 12.12.2020 05:00","0","N/A","0","893","N/A","852","1314","N/A","1024"
"12.12.2020 05:00 - 12.12.2020 06:00","0","N/A","0","896","N/A","945","1358","N/A","1026"
"12.12.2020 06:00 - 12.12.2020 07:00","0","N/A","0","933","N/A","964","1420","N/A","922"
"12.12.2020 07:00 - 12.12.2020 08:00","0","N/A","0","931","N/A","864","1386","N/A","953"
"12.12.2020 08:00 - 12.12.2020 09:00","0","0","0","921","900","908","1265","971","971"
"12.12.2020 09:00 - 12.12.2020 10:00","8","9","9","940","899","886","1036","870","765"
"12.12.2020 10:00 - 12.12.2020 11:00","21","26","14","937","844","799","1006","787","753"
"12.12.2020 11:00 - 12.12.2020 12:00","31","38","19","901","796","812","948","752","666"
"12.12.2020 12:00 - 12.12.2020 13:00","32","41","13","870","731","771","904","722","616"
"12.12.2020 13:00 - 12.12.2020 14:00","28","31","5","805","705","732","928","745","569"
"12.12.2020 14:00 - 12.12.2020 15:00","15","15","0","732","671","578","856","749","554"
"12.12.2020 15:00 - 12.12.2020 16:00","2","2","0","726","675","641","796","725","589"
"12.12.2020 16:00 - 12.12.2020 17:00","0","0","0","720","695","609","799","734","524"
"12.12.2020 17:00 - 12.12.2020 18:00","0","0","0","748","704","541","795","697","462"
"12.12.2020 18:00 - 12.12.2020 19:00","0","0","0","753","701","663","805","724","415"
"12.12.2020 19:00 - 12.12.2020 20:00","0","0","0","681","669","558","734","682","387"
"12.12.2020 20:00 - 12.12.2020 21:00","0","0","0","626","613","475","649","671","377"
"12.12.2020 21:00 - 12.12.2020 22:00","0","0","0","576","570","435","592","638","381"
"12.12.2020 22:00 - 12.12.2020 23:00","0","0","0","540","545","330","523","574","309"
"12.12.2020 23:00 - 13.12.2020 00:00","0","0","0","489","500","308","475","506","272"
"13.12.2020 00:00 - 13.12.2020 01:00","0","N/A","0","355","N/A","329","310","N/A","260"
"13.12.2020 01:00 - 13.12.2020 02:00","0","N/A","0","325","N/A","269","298","N/A","263"
"13.12.2020 02:00 - 13.12.2020 03:00","0","N/A","0","301","N/A","190","302","N/A","254"
"13.12.2020 03:00 - 13.12.2020 04:00","0","N/A","0","267","N/A","179","310","N/A","271"
"13.12.2020 04:00 - 13.12.2020 05:00","0","N/A","0","279","N/A","218","338","N/A","293"
"13.12.2020 05:00 - 13.12.2020 06:00","0","N/A","0","296","N/A","235","370","N/A","288"
"13.12.2020 06:00 - 13.12.2020 07:00","0","N/A","0","317","N/A","300","391","N/A","253"
"13.12.2020 07:00 - 13.12.2020 08:00","0","N/A","0","322","N/A","313","378","N/A","235"
"13.12.2020 08:00 - 13.12.2020 09:00","0","0","0","321","340","342","379","270","270"
"13.12.2020 09:00 - 13.12.2020 10:00","10","10","11","359","366","351","344","282","276"
"13.12.2020 10:00 - 13.12.2020 11:00","27","29","20","374","375","397","341","301","324"
"13.12.2020 11:00 - 13.12.2020 12:00","39","41","24","368","375","360","349","329","291"
"13.12.2020 12:00 - 13.12.2020 13:00","45","43","22","358","372","359","345","354","228"
"13.12.2020 13:00 - 13.12.2020 14:00","38","35","20","370","399","414","376","403","341"
"13.12.2020 14:00 - 13.12.2020 15:00","18","18","9","354","420","480","388","456","456"
"13.12.2020 15:00 - 13.12.2020 16:00","3","3","0","370","459","525","398","494","431"
"13.12.2020 16:00 - 13.12.2020 17:00","0","0","0","398","474","622","444","563","475"
"13.12.2020 17:00 - 13.12.2020 18:00","0","0","0","453","561","674","529","620","529"
"13.12.2020 18:00 - 13.12.2020 19:00","0","0","0","505","609","711","629","684","599"
"13.12.2020 19:00 - 13.12.2020 20:00","0","0","0","539","611","682","663","711","613"
"13.12.2020 20:00 - 13.12.2020 21:00","0","0","0","548","632","695","682","796","705"
"13.12.2020 21:00 - 13.12.2020 22:00","0","0","0","563","658","728","707","865","750"
"13.12.2020 22:00 - 13.12.2020 23:00","0","0","0","619","688","736","740","911","797"
"13.12.2020 23:00 - 14.12.2020 00:00","0","0","0","664","737","731","803","943","850"
"14.12.2020 00:00 - 14.12.2020 01:00","0","N/A","0","782","N/A","769","1072","N/A","937"
"14.12.2020 01:00 - 14.12.2020 02:00","0","N/A","0","799","N/A","778","1168","N/A","1052"
"14.12.2020 02:00 - 14.12.2020 03:00","0","N/A","0","815","N/A","836","1285","N/A","905"
"14.12.2020 03:00 - 14.12.2020 04:00","0","N/A","0","891","N/A","902","1433","N/A","640"
"14.12.2020 04:00 - 14.12.2020 05:00","0","N/A","0","890","N/A","731","1532","N/A","688"
"14.12.2020 05:00 - 14.12.2020 06:00","0","N/A","0","918","N/A","949","1708","N/A","854"
"14.12.2020 06:00 - 14.12.2020 07:00","0","N/A","0","971","N/A","1011","1951","N/A","1486"
"14.12.2020 07:00 - 14.12.2020 08:00","0","N/A","0","989","N/A","1030","2063","N/A","1286"
"14.12.2020 08:00 - 14.12.2020 09:00","0","0","0","979","1013","1007","2254","1456","1456"
"14.12.2020 09:00 - 14.12.2020 10:00","3","5","5","991","1008","1023","2029","1726","1207"
"14.12.2020 10:00 - 14.12.2020 11:00","9","10","6","995","1009","1022","1933","1634","1180"
"14.12.2020 11:00 - 14.12.2020 12:00","14","14","11","994","1009","1022","1939","1644","1270"
"14.12.2020 12:00 - 14.12.2020 13:00","15","15","10","987","1002","1010","1768","1553","1254"
"14.12.2020 13:00 - 14.12.2020 14:00","12","12","6","995","998","1016","1767","1631","1099"
"14.12.2020 14:00 - 14.12.2020 15:00","7","6","3","985","986","997","1647","1622","1220"
"14.12.2020 15:00 - 14.12.2020 16:00","1","1","0","996","1003","1004","1485","1515","1086"
"14.12.2020 16:00 - 14.12.2020 17:00","0","0","0","998","1003","1017","1524","1522","1296"
"14.12.2020 17:00 - 14.12.2020 18:00","0","0","0","997","1002","1017","1403","1380","1234"
"14.12.2020 18:00 - 14.12.2020 19:00","0","0","0","1006","977","1025","1418","1356","1269"
"14.12.2020 19:00 - 14.12.2020 20:00","0","0","0","968","977","979","1394","1269","1055"
"14.12.2020 20:00 - 14.12.2020 21:00","0","0","0","924","934","937","1334","1234","1019"
"14.12.2020 21:00 - 14.12.2020 22:00","0","0","0","931","879","881","1265","1160","957"
"14.12.2020 22:00 - 14.12.2020 23:00","0","0","0","917","855","932","1180","1085","974"
"14.12.2020 23:00 - 15.12.2020 00:00","0","0","0","920","812","926","1082","1038","939"
"15.12.2020 00:00 - 15.12.2020 01:00","0","N/A","0","761","N/A","846","926","N/A","883"
"15.12.2020 01:00 - 15.12.2020 02:00","0","N/A","0","792","N/A","933","883","N/A","878"
"15.12.2020 02:00 - 15.12.2020 03:00","0","N/A","0","832","N/A","852","933","N/A","889"
"15.12.2020 03:00 - 15.12.2020 04:00","0","N/A","0","848","N/A","852","908","N/A","768"
"15.12.2020 04:00 - 15.12.2020 05:00","0","N/A","0","720","N/A","745","900","N/A","789"
"15.12.2020 05:00 - 15.12.2020 06:00","0","N/A","0","672","N/A","757","893","N/A","831"
"15.12.2020 06:00 - 15.12.2020 07:00","0","N/A","0","676","N/A","762","868","N/A","821"
"15.12.2020 07:00 - 15.12.2020 08:00","0","N/A","0","707","N/A","784","789","N/A","305"
"15.12.2020 08:00 - 15.12.2020 09:00","0","0","0","720","741","754","777","756","756"
"15.12.2020 09:00 - 15.12.2020 10:00","3","4","4","707","717","810","646","751","608"
"15.12.2020 10:00 - 15.12.2020 11:00","9","13","7","665","663","712","564","648","825"
"15.12.2020 11:00 - 15.12.2020 12:00","14","22","12","540","552","596","527","582","895"
"15.12.2020 12:00 - 15.12.2020 13:00","15","29","21","464","423","402","434","444","802"
"15.12.2020 13:00 - 15.12.2020 14:00","13","25","23","423","349","308","398","362","688"
"15.12.2020 14:00 - 15.12.2020 15:00","8","12","11","363","331","269","358","283","434"
"15.12.2020 15:00 - 15.12.2020 16:00","2","2","2","307","312","253","298","205","257"
"15.12.2020 16:00 - 15.12.2020 17:00","0","0","0","288","272","281","310","208","254"
"15.12.2020 17:00 - 15.12.2020 18:00","0","0","0","271","258","239","296","218","249"
"15.12.2020 18:00 - 15.12.2020 19:00","0","0","0","260","230","191","336","286","239"
"15.12.2020 19:00 - 15.12.2020 20:00","0","0","0","271","259","195","379","340","274"
"15.12.2020 20:00 - 15.12.2020 21:00","0","0","0","294","279","240","422","394","300"
"15.12.2020 21:00 - 15.12.2020 22:00","0","0","0","295","311","318","483","452","356"
"15.12.2020 22:00 - 15.12.2020 23:00","0","0","0","329","353","301","533","488","373"
"15.12.2020 23:00 - 16.12.2020 00:00","0","0","0","352","342","338","579","492","492"
"16.12.2020 00:00 - 16.12.2020 01:00","0","N/A","0","278","N/A","463","454","N/A","499"
"16.12.2020 01:00 - 16.12.2020 02:00","0","N/A","0","292","N/A","463","440","N/A","463"
"16.12.2020 02:00 - 16.12.2020 03:00","0","N/A","0","274","N/A","381","454","N/A","550"
"16.12.2020 03:00 - 16.12.2020 04:00","0","N/A","0","270","N/A","330","460","N/A","439"
"16.12.2020 04:00 - 16.12.2020 05:00","0","N/A","0","201","N/A","330","429","N/A","479"
"16.12.2020 05:00 - 16.12.2020 06:00","0","N/A","0","225","N/A","350","349","N/A","484"
"16.12.2020 06:00 - 16.12.2020 07:00","0","N/A","0","223","N/A","269","330","N/A","536"
"16.12.2020 07:00 - 16.12.2020 08:00","0","N/A","0","245","N/A","320","355","N/A","578"
"16.12.2020 08:00 - 16.12.2020 09:00","0","0","0","314","451","447","446","731","731"
"16.12.2020 09:00 - 16.12.2020 10:00","12","8","9","420","541","560","463","732","760"
"16.12.2020 10:00 - 16.12.2020 11:00","31","21","25","516","604","563","478","730","713"
"16.12.2020 11:00 - 16.12.2020 12:00","44","31","51","553","606","683","526","745","703"
"16.12.2020 12:00 - 16.12.2020 13:00","49","39","60","606","580","612","519","692","621"
"16.12.2020 13:00 - 16.12.2020 14:00","49","36","61","601","562","503","520","666","540"
"16.12.2020 14:00 - 16.12.2020 15:00","30","22","36","567","579","413","490","616","508"
"16.12.2020 15:00 - 16.12.2020 16:00","5","4","3","592","601","370","454","580","471"
"16.12.2020 16:00 - 16.12.2020 17:00","0","0","0","636","645","349","561","648","520"
"16.12.2020 17:00 - 16.12.2020 18:00","0","0","0","686","663","547","647","750","627"
"16.12.2020 18:00 - 16.12.2020 19:00","0","0","0","719","740","720","827","896","867"
"16.12.2020 19:00 - 16.12.2020 20:00","0","0","0","747","844","843","971","989","862"
"16.12.2020 20:00 - 16.12.2020 21:00","0","0","0","828","918","890","1085","1155","995"
"16.12.2020 21:00 - 16.12.2020 22:00","0","0","0","877","919","907","1189","1244","932"
"16.12.2020 22:00 - 16.12.2020 23:00","0","0","0","893","921","928","1248","1244","841"
"16.12.2020 23:00 - 17.12.2020 00:00","0","0","0","928","940","919","1318","1203","919"
"17.12.2020 00:00 - 17.12.2020 01:00","0","N/A","0","914","N/A","912","1287","N/A","1223"
"17.12.2020 01:00 - 17.12.2020 02:00","0","N/A","0","949","N/A","964","1287","N/A","1163"
"17.12.2020 02:00 - 17.12.2020 03:00","0","N/A","0","937","N/A","892","1307","N/A","1270"
"17.12.2020 03:00 - 17.12.2020 04:00","0","N/A","0","940","N/A","924","1328","N/A","1234"
"17.12.2020 04:00 - 17.12.2020 05:00","0","N/A","0","891","N/A","847","1285","N/A","1127"
"17.12.2020 05:00 - 17.12.2020 06:00","0","N/A","0","912","N/A","949","1273","N/A","1051"
"17.12.2020 06:00 - 17.12.2020 07:00","0","N/A","0","945","N/A","956","1296","N/A","904"
"17.12.2020 07:00 - 17.12.2020 08:00","0","N/A","0","941","N/A","980","1261","N/A","1002"
"17.12.2020 08:00 - 17.12.2020 09:00","0","0","0","865","871","867","1277","732","732"
"17.12.2020 09:00 - 17.12.2020 10:00","2","3","3","734","809","633","1104","1175","674"
"17.12.2020 10:00 - 17.12.2020 11:00","9","9","7","679","741","473","991","1056","842"
"17.12.2020 11:00 - 17.12.2020 12:00","14","14","10","738","755","587","893","940","569"
"17.12.2020 12:00 - 17.12.2020 13:00","19","15","14","851","787","830","764","819","736"
"17.12.2020 13:00 - 17.12.2020 14:00","22","12","15","822","775","876","778","805","388"
"17.12.2020 14:00 - 17.12.2020 15:00","15","9","16","690","776","675","717","785","494"
"17.12.2020 15:00 - 17.12.2020 16:00","3","2","10","560","807","742","678","756","840"
"17.12.2020 16:00 - 17.12.2020 17:00","0","0","1","578","723","581","756","824","952"
"17.12.2020 17:00 - 17.12.2020 18:00","0","0","0","654","656","713","730","856","967"
"17.12.2020 18:00 - 17.12.2020 19:00","0","0","0","684","693","882","797","929","981"
"17.12.2020 19:00 - 17.12.2020 20:00","0","0","0","677","753","801","831","898","932"
"17.12.2020 20:00 - 17.12.2020 21:00","0","0","0","619","695","741","847","945","772"
"17.12.2020 21:00 - 17.12.2020 22:00","0","0","0","587","684","736","868","966","670"
"17.12.2020 22:00 - 17.12.2020 23:00","0","0","0","606","707","726","885","980","562"
"17.12.2020 23:00 - 18.12.2020 00:00","0","0","0","652","659","772","910","1012","651"
"18.12.2020 00:00 - 18.12.2020 01:00","0","N/A","0","552","N/A","654","990","N/A","919"
"18.12.2020 01:00 - 18.12.2020 02:00","0","N/A","0","559","N/A","678","913","N/A","733"
"18.12.2020 02:00 - 18.12.2020 03:00","0","N/A","0","638","N/A","747","911","N/A","771"
"18.12.2020 03:00 - 18.12.2020 04:00","0","N/A","0","707","N/A","759","919","N/A","775"
"18.12.2020 04:00 - 18.12.2020 05:00","0","N/A","0","634","N/A","723","906","N/A","797"
"18.12.2020 05:00 - 18.12.2020 06:00","0","N/A","0","715","N/A","851","898","N/A","726"
"18.12.2020 06:00 - 18.12.2020 07:00","0","N/A","0","733","N/A","843","972","N/A","708"
"18.12.2020 07:00 - 18.12.2020 08:00","0","N/A","0","783","N/A","883","1055","N/A","670"
"18.12.2020 08:00 - 18.12.2020 09:00","0","0","0","882","822","828","1267","770","770"
"18.12.2020 09:00 - 18.12.2020 10:00","6","6","6","960","892","1028","1276","1407","757"
"18.12.2020 10:00 - 18.12.2020 11:00","19","16","15","974","893","1016","1314","1422","786"
"18.12.2020 11:00 - 18.12.2020 12:00","28","18","31","964","867","1019","1424","1523","1300"
"18.12.2020 12:00 - 18.12.2020 13:00","29","17","34","970","894","985","1388","1556","1373"
"18.12.2020 13:00 - 18.12.2020 14:00","26","17","56","972","900","1036","1510","1674","1359"
"18.12.2020 14:00 - 18.12.2020 15:00","11","8","16","954","899","1028","1534","1685","1419"
"18.12.2020 15:00 - 18.12.2020 16:00","2","1","3","961","926","1038","1485","1609","1401"
"18.12.2020 16:00 - 18.12.2020 17:00","0","0","0","971","929","1019","1655","1684","1514"
"18.12.2020 17:00 - 18.12.2020 18:00","0","0","0","983","943","1046","1638","1657","1291"
"18.12.2020 18:00 - 18.12.2020 19:00","0","0","0","1004","972","1070","1753","1734","1360"
"18.12.2020 19:00 - 18.12.2020 20:00","0","0","0","982","980","1042","1821","1737","1341"
"18.12.2020 20:00 - 18.12.2020 21:00","0","0","0","958","966","1025","1852","1793","1187"
"18.12.2020 21:00 - 18.12.2020 22:00","0","0","0","953","961","1004","1831","1751","1135"
"18.12.2020 22:00 - 18.12.2020 23:00","0","0","0","956","961","1011","1792","1673","884"
"18.12.2020 23:00 - 19.12.2020 00:00","0","0","0","968","953","974","1769","1659","1105"
"19.12.2020 00:00 - 19.12.2020 01:00","0","N/A","0","906","N/A","970","1852","N/A","1095"
"19.12.2020 01:00 - 19.12.2020 02:00","0","N/A","0","959","N/A","1039","1777","N/A","973"
"19.12.2020 02:00 - 19.12.2020 03:00","0","N/A","0","955","N/A","986","1738","N/A","881"
"19.12.2020 03:00 - 19.12.2020 04:00","0","N/A","0","990","N/A","1026","1663","N/A","797"
"19.12.2020 04:00 - 19.12.2020 05:00","0","N/A","0","923","N/A","871","1556","N/A","719"
"19.12.2020 05:00 - 19.12.2020 06:00","0","N/A","0","924","N/A","1022","1408","N/A","756"
"19.12.2020 06:00 - 19.12.2020 07:00","0","N/A","0","944","N/A","1012","1363","N/A","762"
"19.12.2020 07:00 - 19.12.2020 08:00","0","N/A","0","964","N/A","997","1280","N/A","755"
"19.12.2020 08:00 - 19.12.2020 09:00","0","0","0","969","972","968","1293","819","819"
"19.12.2020 09:00 - 19.12.2020 10:00","22","22","23","987","994","1018","1133","1215","887"
"19.12.2020 10:00 - 19.12.2020 11:00","71","71","70","977","988","997","1085","1129","988"
"19.12.2020 11:00 - 19.12.2020 12:00","114","114","131","950","972","990","1144","1119","971"
"19.12.2020 12:00 - 19.12.2020 13:00","121","128","153","941","962","992","1122","1076","873"
"19.12.2020 13:00 - 19.12.2020 14:00","92","103","113","941","959","1007","1256","1187","904"
"19.12.2020 14:00 - 19.12.2020 15:00","46","52","61","946","955","973","1293","1214","998"
"19.12.2020 15:00 - 19.12.2020 16:00","7","8","14","972","992","992","1281","1220","984"
"19.12.2020 16:00 - 19.12.2020 17:00","0","0","0","979","998","974","1439","1354","1068"
"19.12.2020 17:00 - 19.12.2020 18:00","0","0","0","982","1008","1005","1417","1388","1014"
"19.12.2020 18:00 - 19.12.2020 19:00","0","0","0","996","1015","1009","1494","1493","793"
"19.12.2020 19:00 - 19.12.2020 20:00","0","0","0","974","989","933","1520","1473","874"
"19.12.2020 20:00 - 19.12.2020 21:00","0","0","0","937","963","947","1495","1534","428"
"19.12.2020 21:00 - 19.12.2020 22:00","0","0","0","911","953","976","1438","1525","1195"
"19.12.2020 22:00 - 19.12.2020 23:00","0","0","0","909","950","992","1360","1456","701"
"19.12.2020 23:00 - 20.12.2020 00:00","0","0","0","938","946","958","1299","1406","666"
"20.12.2020 00:00 - 20.12.2020 01:00","0","N/A","0","882","N/A","901","1448","N/A","739"
"20.12.2020 01:00 - 20.12.2020 02:00","0","N/A","0","935","N/A","974","1444","N/A","629"
"20.12.2020 02:00 - 20.12.2020 03:00","0","N/A","0","936","N/A","894","1486","N/A","780"
"20.12.2020 03:00 - 20.12.2020 04:00","0","N/A","0","927","N/A","921","1443","N/A","790"
"20.12.2020 04:00 - 20.12.2020 05:00","0","N/A","0","815","N/A","836","1373","N/A","776"
"20.12.2020 05:00 - 20.12.2020 06:00","0","N/A","0","859","N/A","939","1287","N/A","728"
"20.12.2020 06:00 - 20.12.2020 07:00","0","N/A","0","884","N/A","994","1255","N/A","769"
"20.12.2020 07:00 - 20.12.2020 08:00","0","N/A","0","909","N/A","954","1207","N/A","850"
"20.12.2020 08:00 - 20.12.2020 09:00","0","0","0","935","940","959","1298","1168","1168"
"20.12.2020 09:00 - 20.12.2020 10:00","12","9","9","964","972","1035","1179","1385","896"
"20.12.2020 10:00 - 20.12.2020 11:00","33","29","22","922","971","904","1102","1264","954"
"20.12.2020 11:00 - 20.12.2020 12:00","45","44","30","878","877","944","1110","1244","741"
"20.12.2020 12:00 - 20.12.2020 13:00","44","44","36","900","834","893","1024","1162","829"
"20.12.2020 13:00 - 20.12.2020 14:00","37","36","34","893","806","899","1030","1143","604"
"20.12.2020 14:00 - 20.12.2020 15:00","18","18","14","863","815","783","1023","1075","690"
"20.12.2020 15:00 - 20.12.2020 16:00","3","3","6","863","853","786","939","946","685"
"20.12.2020 16:00 - 20.12.2020 17:00","0","0","0","863","845","727","1026","998","770"
"20.12.2020 17:00 - 20.12.2020 18:00","0","0","0","879","903","705","1061","1089","810"
"20.12.2020 18:00 - 20.12.2020 19:00","0","0","0","880","888","772","1184","1173","864"
"20.12.2020 19:00 - 20.12.2020 20:00","0","0","0","873","878","794","1260","1147","1046"
"20.12.2020 20:00 - 20.12.2020 21:00","0","0","0","890","878","834","1320","1178","963"
"20.12.2020 21:00 - 20.12.2020 22:00","0","0","0","873","835","920","1322","1192","977"
"20.12.2020 22:00 - 20.12.2020 23:00","0","0","0","865","812","836","1338","1117","1030"
"20.12.2020 23:00 - 21.12.2020 00:00","0","0","0","861","820","880","1389","1078","808"
"21.12.2020 00:00 - 21.12.2020 01:00","0","N/A","0","633","N/A","905","1004","N/A","952"
"21.12.2020 01:00 - 21.12.2020 02:00","0","N/A","0","662","N/A","710","998","N/A","878"
"21.12.2020 02:00 - 21.12.2020 03:00","0","N/A","0","723","N/A","750","1014","N/A","912"
"21.12.2020 03:00 - 21.12.2020 04:00","0","N/A","0","705","N/A","852","983","N/A","845"
"21.12.2020 04:00 - 21.12.2020 05:00","0","N/A","0","636","N/A","500","921","N/A","787"
"21.12.2020 05:00 - 21.12.2020 06:00","0","N/A","0","704","N/A","712","848","N/A","757"
"21.12.2020 06:00 - 21.12.2020 07:00","0","N/A","0","744","N/A","764","836","N/A","595"
"21.12.2020 07:00 - 21.12.2020 08:00","0","N/A","0","758","N/A","848","842","N/A","507"
"21.12.2020 08:00 - 21.12.2020 09:00","0","0","0","752","812","830","884","607","607"
"21.12.2020 09:00 - 21.12.2020 10:00","15","13","13","732","824","794","847","996","592"
"21.12.2020 10:00 - 21.12.2020 11:00","54","47","41","683","783","645","815","917","462"
"21.12.2020 11:00 - 21.12.2020 12:00","87","87","78","730","727","719","782","876","410"
"21.12.2020 12:00 - 21.12.2020 13:00","84","89","85","854","767","723","764","878","392"
"21.12.2020 13:00 - 21.12.2020 14:00","60","69","56","858","829","759","787","878","344"
"21.12.2020 14:00 - 21.12.2020 15:00","29","29","19","825","844","768","783","887","390"
"21.12.2020 15:00 - 21.12.2020 16:00","5","4","3","913","923","889","794","887","750"
"21.12.2020 16:00 - 21.12.2020 17:00","0","0","0","958","963","857","951","1018","486"
"21.12.2020 17:00 - 21.12.2020 18:00","0","0","0","979","994","906","1080","1095","367"
"21.12.2020 18:00 - 21.12.2020 19:00","0","0","0","997","1001","911","1295","1162","644"
"21.12.2020 19:00 - 21.12.2020 20:00","0","0","0","999","970","961","1523","1251","712"
"21.12.2020 20:00 - 21.12.2020 21:00","0","0","0","951","909","916","1761","1426","836"
"21.12.2020 21:00 - 21.12.2020 22:00","0","0","0","928","933","1017","1972","1592","1089"
"21.12.2020 22:00 - 21.12.2020 23:00","0","0","0","967","961","1040","2185","1793","778"
"21.12.2020 23:00 - 22.12.2020 00:00","0","0","0","976","943","987","2274","1915","893"
"22.12.2020 00:00 - 22.12.2020 01:00","0","N/A","0","950","N/A","862","1951","N/A","1696"
"22.12.2020 01:00 - 22.12.2020 02:00","0","N/A","0","975","N/A","830","2007","N/A","1592"
"22.12.2020 02:00 - 22.12.2020 03:00","0","N/A","0","965","N/A","244","1429","N/A","1182"
"22.12.2020 03:00 - 22.12.2020 04:00","0","N/A","0","943","N/A","171","1226","N/A","1235"
"22.12.2020 04:00 - 22.12.2020 05:00","0","N/A","0","825","N/A","122","1502","N/A","940"
"22.12.2020 05:00 - 22.12.2020 06:00","0","N/A","0","798","N/A","181","1352","N/A","1371"
"22.12.2020 06:00 - 22.12.2020 07:00","0","N/A","0","829","N/A","259","1233","N/A","884"
"22.12.2020 07:00 - 22.12.2020 08:00","0","N/A","0","906","N/A","846","1172","N/A","457"
"22.12.2020 08:00 - 22.12.2020 09:00","0","0","0","969","950","947","1267","515","515"
"22.12.2020 09:00 - 22.12.2020 10:00","3","2","3","957","981","983","1373","972","569"
"22.12.2020 10:00 - 22.12.2020 11:00","18","10","12","975","926","880","1496","1145","537"
"22.12.2020 11:00 - 22.12.2020 12:00","42","24","25","974","860","890","1665","1490","760"
"22.12.2020 12:00 - 22.12.2020 13:00","64","51","52","960","969","836","1649","1697","827"
"22.12.2020 13:00 - 22.12.2020 14:00","72","60","63","962","1041","783","1741","1801","926"
"22.12.2020 14:00 - 22.12.2020 15:00","43","40","37","956","1034","762","1588","1746","1108"
"22.12.2020 15:00 - 22.12.2020 16:00","7","7","3","933","1054","934","1378","1528","722"
"22.12.2020 16:00 - 22.12.2020 17:00","0","0","0","889","1040","886","1383","1496","602"
"22.12.2020 17:00 - 22.12.2020 18:00","0","0","0","883","1019","915","1244","1356","887"
"22.12.2020 18:00 - 22.12.2020 19:00","0","0","0","872","972","850","1208","1320","497"
"22.12.2020 19:00 - 22.12.2020 20:00","0","0","0","794","854","824","1213","1281","794"
"22.12.2020 20:00 - 22.12.2020 21:00","0","0","0","722","725","785","1132","1271","979"
"22.12.2020 21:00 - 22.12.2020 22:00","0","0","0","671","688","624","1094","1255","1047"
"22.12.2020 22:00 - 22.12.2020 23:00","0","0","0","652","762","661","1110","1283","1017"
"22.12.2020 23:00 - 23.12.2020 00:00","0","0","0","654","753","740","1079","1274","915"
"23.12.2020 00:00 - 23.12.2020 01:00","0","N/A","0","570","N/A","659","1027","N/A","927"
"23.12.2020 01:00 - 23.12.2020 02:00","0","N/A","0","561","N/A","626","989","N/A","825"
"23.12.2020 02:00 - 23.12.2020 03:00","0","N/A","0","518","N/A","577","934","N/A","923"
"23.12.2020 03:00 - 23.12.2020 04:00","0","N/A","0","527","N/A","552","812","N/A","783"
"23.12.2020 04:00 - 23.12.2020 05:00","0","N/A","0","432","N/A","482","711","N/A","736"
"23.12.2020 05:00 - 23.12.2020 06:00","0","N/A","0","383","N/A","500","650","N/A","746"
"23.12.2020 06:00 - 23.12.2020 07:00","0","N/A","0","384","N/A","482","613","N/A","545"
"23.12.2020 07:00 - 23.12.2020 08:00","0","N/A","0","384","N/A","355","554","N/A","473"
"23.12.2020 08:00 - 23.12.2020 09:00","0","0","0","346","334","327","530","388","388"
"23.12.2020 09:00 - 23.12.2020 10:00","8","10","9","333","328","319","462","351","288"
"23.12.2020 10:00 - 23.12.2020 11:00","28","31","26","330","300","198","407","308","264"
"23.12.2020 11:00 - 23.12.2020 12:00","46","53","46","302","268","257","373","272","278"
"23.12.2020 12:00 - 23.12.2020 13:00","59","67","61","293","221","184","337","254","270"
"23.12.2020 13:00 - 23.12.2020 14:00","54","58","48","253","185","167","320","225","266"
"23.12.2020 14:00 - 23.12.2020 15:00","33","31","21","197","148","129","277","188","233"
"23.12.2020 15:00 - 23.12.2020 16:00","6","5","3","167","108","108","244","157","174"
"23.12.2020 16:00 - 23.12.2020 17:00","0","0","0","150","100","111","249","156","130"
"23.12.2020 17:00 - 23.12.2020 18:00","0","0","0","143","106","66","231","137","101"
"23.12.2020 18:00 - 23.12.2020 19:00","0","0","0","135","111","78","239","134","101"
"23.12.2020 19:00 - 23.12.2020 20:00","0","0","0","147","121","43","253","132","95"
"23.12.2020 20:00 - 23.12.2020 21:00","0","0","0","161","126","67","249","146","104"
"23.12.2020 21:00 - 23.12.2020 22:00","0","0","0","203","140","34","273","168","123"
"23.12.2020 22:00 - 23.12.2020 23:00","0","0","0","243","142","60","307","192","127"
"23.12.2020 23:00 - 24.12.2020 00:00","0","0","0","295","208","178","329","219","153"
"24.12.2020 00:00 - 24.12.2020 01:00","0","N/A","0","419","N/A","307","268","N/A","128"
"24.12.2020 01:00 - 24.12.2020 02:00","0","N/A","0","464","N/A","340","304","N/A","135"
"24.12.2020 02:00 - 24.12.2020 03:00","0","N/A","0","459","N/A","436","364","N/A","239"
"24.12.2020 03:00 - 24.12.2020 04:00","0","N/A","0","425","N/A","390","415","N/A","291"
"24.12.2020 04:00 - 24.12.2020 05:00","0","N/A","0","426","N/A","87","498","N/A","382"
"24.12.2020 05:00 - 24.12.2020 06:00","0","N/A","0","468","N/A","403","632","N/A","493"
"24.12.2020 06:00 - 24.12.2020 07:00","0","N/A","0","567","N/A","426","767","N/A","578"
"24.12.2020 07:00 - 24.12.2020 08:00","0","N/A","0","692","N/A","524","893","N/A","626"
"24.12.2020 08:00 - 24.12.2020 09:00","0","0","0","845","724","738","1073","663","663"
"24.12.2020 09:00 - 24.12.2020 10:00","14","11","10","984","805","874","1149","737","658"
"24.12.2020 10:00 - 24.12.2020 11:00","48","38","25","1005","951","947","1247","832","643"
"24.12.2020 11:00 - 24.12.2020 12:00","92","70","56","1012","984","1019","1380","933","699"
"24.12.2020 12:00 - 24.12.2020 13:00","107","87","97","1008","1015","989","1468","1006","698"
"24.12.2020 13:00 - 24.12.2020 14:00","88","75","88","1010","1027","941","1583","1104","784"
"24.12.2020 14:00 - 24.12.2020 15:00","49","43","60","996","1008","952","1560","1160","900"
"24.12.2020 15:00 - 24.12.2020 16:00","9","8","20","1009","1034","1011","1485","1164","938"
"24.12.2020 16:00 - 24.12.2020 17:00","0","0","1","1011","1033","1047","1543","1303","512"
"24.12.2020 17:00 - 24.12.2020 18:00","0","0","0","1023","1038","1009","1412","1261","681"
"24.12.2020 18:00 - 24.12.2020 19:00","0","0","0","1036","1044","1043","1361","1287","619"
"24.12.2020 19:00 - 24.12.2020 20:00","0","0","0","1009","1010","899","1258","1197","440"
"24.12.2020 20:00 - 24.12.2020 21:00","0","0","0","898","935","736","1128","1111","524"
"24.12.2020 21:00 - 24.12.2020 22:00","0","0","0","793","854","675","1020","1041","359"
"24.12.2020 22:00 - 24.12.2020 23:00","0","0","0","698","767","457","993","982","322"
"24.12.2020 23:00 - 25.12.2020 00:00","0","0","0","655","728","324","959","929","436"
"25.12.2020 00:00 - 25.12.2020 01:00","0","N/A","0","565","N/A","341","556","N/A","468"
"25.12.2020 01:00 - 25.12.2020 02:00","0","N/A","0","555","N/A","379","516","N/A","427"
"25.12.2020 02:00 - 25.12.2020 03:00","0","N/A","0","532","N/A","310","516","N/A","555"
"25.12.2020 03:00 - 25.12.2020 04:00","0","N/A","0","512","N/A","290","487","N/A","465"
"25.12.2020 04:00 - 25.12.2020 05:00","0","N/A","0","467","N/A","233","480","N/A","399"
"25.12.2020 05:00 - 25.12.2020 06:00","0","N/A","0","499","N/A","230","515","N/A","339"
"25.12.2020 06:00 - 25.12.2020 07:00","0","N/A","0","468","N/A","268","543","N/A","365"
"25.12.2020 07:00 - 25.12.2020 08:00","0","N/A","0","448","N/A","197","547","N/A","309"
"25.12.2020 08:00 - 25.12.2020 09:00","0","0","0","428","238","243","567","340","340"
"25.12.2020 09:00 - 25.12.2020 10:00","21","21","21","402","301","210","519","306","287"
"25.12.2020 10:00 - 25.12.2020 11:00","73","73","74","409","279","136","462","275","281"
"25.12.2020 11:00 - 25.12.2020 12:00","112","113","134","361","241","120","383","226","249"
"25.12.2020 12:00 - 25.12.2020 13:00","122","123","162","323","240","169","318","203","214"
"25.12.2020 13:00 - 25.12.2020 14:00","101","104","142","323","276","261","310","213","170"
"25.12.2020 14:00 - 25.12.2020 15:00","53","55","83","381","322","298","299","210","148"
"25.12.2020 15:00 - 25.12.2020 16:00","9","10","25","417","338","289","292","192","114"
"25.12.2020 16:00 - 25.12.2020 17:00","0","0","1","464","350","287","307","190","140"
"25.12.2020 17:00 - 25.12.2020 18:00","0","0","0","540","404","250","270","163","167"
"25.12.2020 18:00 - 25.12.2020 19:00","0","0","0","595","441","272","249","171","215"
"25.12.2020 19:00 - 25.12.2020 20:00","0","0","0","574","415","228","230","198","214"
"25.12.2020 20:00 - 25.12.2020 21:00","0","0","0","471","331","158","229","206","162"
"25.12.2020 21:00 - 25.12.2020 22:00","0","0","0","393","274","111","226","207","132"
"25.12.2020 22:00 - 25.12.2020 23:00","0","0","0","331","240","66","223","220","103"
"25.12.2020 23:00 - 26.12.2020 00:00","0","0","0","293","208","96","214","240","158"
"26.12.2020 00:00 - 26.12.2020 01:00","0","N/A","0","204","N/A","168","334","N/A","310"
"26.12.2020 01:00 - 26.12.2020 02:00","0","N/A","0","272","N/A","111","361","N/A","351"
"26.12.2020 02:00 - 26.12.2020 03:00","0","N/A","0","356","N/A","301","361","N/A","291"
"26.12.2020 03:00 - 26.12.2020 04:00","0","N/A","0","454","N/A","329","363","N/A","282"
"26.12.2020 04:00 - 26.12.2020 05:00","0","N/A","0","521","N/A","385","395","N/A","311"
"26.12.2020 05:00 - 26.12.2020 06:00","0","N/A","0","573","N/A","519","482","N/A","419"
"26.12.2020 06:00 - 26.12.2020 07:00","0","N/A","0","613","N/A","588","614","N/A","599"
"26.12.2020 07:00 - 26.12.2020 08:00","0","N/A","0","659","N/A","764","744","N/A","632"
"26.12.2020 08:00 - 26.12.2020 09:00","0","0","0","700","816","795","899","646","646"
"26.12.2020 09:00 - 26.12.2020 10:00","4","5","5","826","876","803","979","880","723"
"26.12.2020 10:00 - 26.12.2020 11:00","13","15","15","886","937","811","1080","993","595"
"26.12.2020 11:00 - 26.12.2020 12:00","18","19","21","885","989","991","1245","1111","657"
"26.12.2020 12:00 - 26.12.2020 13:00","19","19","25","947","1008","974","1340","1235","725"
"26.12.2020 13:00 - 26.12.2020 14:00","16","19","13","984","997","972","1468","1399","817"
"26.12.2020 14:00 - 26.12.2020 15:00","9","11","7","970","977","1038","1442","1490","1153"
"26.12.2020 15:00 - 26.12.2020 16:00","2","2","0","992","1016","1007","1395","1537","1036"
"26.12.2020 16:00 - 26.12.2020 17:00","0","0","0","1003","1016","1069","1522","1734","996"
"26.12.2020 17:00 - 26.12.2020 18:00","0","0","0","1023","1020","905","1514","1813","1133"
"26.12.2020 18:00 - 26.12.2020 19:00","0","0","0","1028","1026","1028","1654","1998","1218"
"26.12.2020 19:00 - 26.12.2020 20:00","0","0","0","1019","999","954","1783","2167","1366"
"26.12.2020 20:00 - 26.12.2020 21:00","0","0","0","992","972","952","1955","2342","1387"
"26.12.2020 21:00 - 26.12.2020 22:00","0","0","0","979","967","958","2107","2422","1281"
"26.12.2020 22:00 - 26.12.2020 23:00","0","0","0","970","956","838","2313","2526","1289"
"26.12.2020 23:00 - 27.12.2020 00:00","0","0","0","935","960","845","2444","2554","1609"
"27.12.2020 00:00 - 27.12.2020 01:00","0","N/A","0","801","N/A","181","1878","N/A","1472"
"27.12.2020 01:00 - 27.12.2020 02:00","0","N/A","0","743","N/A","199","1787","N/A","1584"
"27.12.2020 02:00 - 27.12.2020 03:00","0","N/A","0","737","N/A","197","1815","N/A","1833"
"27.12.2020 03:00 - 27.12.2020 04:00","0","N/A","0","704","N/A","111","1768","N/A","1748"
"27.12.2020 04:00 - 27.12.2020 05:00","0","N/A","0","663","N/A","78","2518","N/A","1731"
"27.12.2020 05:00 - 27.12.2020 06:00","0","N/A","0","696","N/A","117","2557","N/A","2106"
"27.12.2020 06:00 - 27.12.2020 07:00","0","N/A","0","711","N/A","124","2649","N/A","1818"
"27.12.2020 07:00 - 27.12.2020 08:00","0","N/A","0","715","N/A","120","2691","N/A","2122"
"27.12.2020 08:00 - 27.12.2020 09:00","0","0","0","677","120","102","2779","2097","2097"
"27.12.2020 09:00 - 27.12.2020 10:00","2","2","2","690","270","134","2627","2055","2154"
"27.12.2020 10:00 - 27.12.2020 11:00","9","9","7","672","367","106","2629","1984","2491"
"27.12.2020 11:00 - 27.12.2020 12:00","14","14","8","691","450","137","2707","2032","2549"
"27.12.2020 12:00 - 27.12.2020 13:00","16","16","11","717","484","160","2629","1857","2474"
"27.12.2020 13:00 - 27.12.2020 14:00","14","14","11","719","521","138","2767","1831","2138"
"27.12.2020 14:00 - 27.12.2020 15:00","7","7","6","819","637","165","2767","1829","1747"
"27.12.2020 15:00 - 27.12.2020 16:00","1","1","0","891","763","208","2709","1847","1852"
"27.12.2020 16:00 - 27.12.2020 17:00","0","0","0","941","823","199","2913","2321","1515"
"27.12.2020 17:00 - 27.12.2020 18:00","0","0","0","970","857","598","2760","2832","2248"
"27.12.2020 18:00 - 27.12.2020 19:00","0","0","0","943","882","687","2696","2646","1457"
"27.12.2020 19:00 - 27.12.2020 20:00","0","0","0","840","816","778","2579","2325","1176"
"27.12.2020 20:00 - 27.12.2020 21:00","0","0","0","734","757","745","2389","2070","1719"
"27.12.2020 21:00 - 27.12.2020 22:00","0","0","0","670","784","814","2141","1820","1574"
"27.12.2020 22:00 - 27.12.2020 23:00","0","0","0","639","899","926","1969","1637","1349"
"27.12.2020 23:00 - 28.12.2020 00:00","0","0","0","678","863","806","1683","1416","1204"
"28.12.2020 00:00 - 28.12.2020 01:00","0","N/A","0","598","N/A","781","1285","N/A","1144"
"28.12.2020 01:00 - 28.12.2020 02:00","0","N/A","0","559","N/A","640","1249","N/A","1057"
"28.12.2020 02:00 - 28.12.2020 03:00","0","N/A","0","547","N/A","509","1214","N/A","1041"
"28.12.2020 03:00 - 28.12.2020 04:00","0","N/A","0","658","N/A","520","1124","N/A","1029"
"28.12.2020 04:00 - 28.12.2020 05:00","0","N/A","0","646","N/A","534","1124","N/A","876"
"28.12.2020 05:00 - 28.12.2020 06:00","0","N/A","0","695","N/A","558","1200","N/A","901"
"28.12.2020 06:00 - 28.12.2020 07:00","0","N/A","0","768","N/A","628","1293","N/A","798"
"28.12.2020 07:00 - 28.12.2020 08:00","0","N/A","0","797","N/A","611","1301","N/A","684"
"28.12.2020 08:00 - 28.12.2020 09:00","0","0","0","721","588","566","1325","700","700"
"28.12.2020 09:00 - 28.12.2020 10:00","5","3","3","800","618","653","1344","783","623"
"28.12.2020 10:00 - 28.12.2020 11:00","19","9","7","840","660","765","1319","788","568"
"28.12.2020 11:00 - 28.12.2020 12:00","40","14","14","716","670","955","1280","788","598"
"28.12.2020 12:00 - 28.12.2020 13:00","56","16","16","646","661","906","1108","723","514"
"28.12.2020 13:00 - 28.12.2020 14:00","47","17","17","663","647","753","999","669","506"
"28.12.2020 14:00 - 28.12.2020 15:00","26","9","8","650","582","658","783","603","445"
"28.12.2020 15:00 - 28.12.2020 16:00","5","2","2","657","594","598","653","527","379"
"28.12.2020 16:00 - 28.12.2020 17:00","0","0","0","626","579","566","570","528","399"
"28.12.2020 17:00 - 28.12.2020 18:00","0","0","0","482","584","488","453","460","351"
"28.12.2020 18:00 - 28.12.2020 19:00","0","0","0","400","554","409","372","390","345"
"28.12.2020 19:00 - 28.12.2020 20:00","0","0","0","388","470","405","320","342","269"
"28.12.2020 20:00 - 28.12.2020 21:00","0","0","0","376","381","377","290","306","267"
"28.12.2020 21:00 - 28.12.2020 22:00","0","0","0","298","263","417","280","265","151"
"28.12.2020 22:00 - 28.12.2020 23:00","0","0","0","263","169","168","257","220","111"
"28.12.2020 23:00 - 29.12.2020 00:00","0","0","0","245","197","143","234","213","126"
"29.12.2020 00:00 - 29.12.2020 01:00","0","N/A","0","198","N/A","200","164","N/A","129"
"29.12.2020 01:00 - 29.12.2020 02:00","0","N/A","0","193","N/A","99","181","N/A","99"
"29.12.2020 02:00 - 29.12.2020 03:00","0","N/A","0","157","N/A","144","220","N/A","107"
"29.12.2020 03:00 - 29.12.2020 04:00","0","N/A","0","130","N/A","121","241","N/A","142"
"29.12.2020 04:00 - 29.12.2020 05:00","0","N/A","0","163","N/A","164","263","N/A","204"
"29.12.2020 05:00 - 29.12.2020 06:00","0","N/A","0","238","N/A","221","300","N/A","220"
"29.12.2020 06:00 - 29.12.2020 07:00","0","N/A","0","290","N/A","301","334","N/A","233"
"29.12.2020 07:00 - 29.12.2020 08:00","0","N/A","0","337","N/A","388","330","N/A","262"
"29.12.2020 08:00 - 29.12.2020 09:00","0","0","0","343","387","389","337","282","282"
"29.12.2020 09:00 - 29.12.2020 10:00","2","2","2","359","407","426","349","310","319"
"29.12.2020 10:00 - 29.12.2020 11:00","9","9","8","428","383","364","360","327","360"
"29.12.2020 11:00 - 29.12.2020 12:00","14","14","12","407","387","403","366","333","361"
"29.12.2020 12:00 - 29.12.2020 13:00","16","17","18","321","382","353","343","312","316"
"29.12.2020 13:00 - 29.12.2020 14:00","14","15","18","255","323","191","342","294","311"
"29.12.2020 14:00 - 29.12.2020 15:00","8","9","7","212","222","116","309","273","257"
"29.12.2020 15:00 - 29.12.2020 16:00","1","2","3","173","137","64","271","231","216"
"29.12.2020 16:00 - 29.12.2020 17:00","0","0","0","197","92","65","235","204","180"
"29.12.2020 17:00 - 29.12.2020 18:00","0","0","0","162","107","60","188","148","155"
"29.12.2020 18:00 - 29.12.2020 19:00","0","0","0","210","123","122","161","100","123"
"29.12.2020 19:00 - 29.12.2020 20:00","0","0","0","191","92","59","154","87","82"
"29.12.2020 20:00 - 29.12.2020 21:00","0","0","0","178","63","74","152","87","79"
"29.12.2020 21:00 - 29.12.2020 22:00","0","0","0","201","56","55","157","86","74"
"29.12.2020 22:00 - 29.12.2020 23:00","0","0","0","233","52","36","164","92","75"
"29.12.2020 23:00 - 30.12.2020 00:00","0","0","0","241","56","35","176","102","80"
"30.12.2020 00:00 - 30.12.2020 01:00","0","N/A","0","53","N/A","31","148","N/A","106"
"30.12.2020 01:00 - 30.12.2020 02:00","0","N/A","0","76","N/A","45","181","N/A","111"
"30.12.2020 02:00 - 30.12.2020 03:00","0","N/A","0","88","N/A","62","215","N/A","151"
"30.12.2020 03:00 - 30.12.2020 04:00","0","N/A","0","97","N/A","32","244","N/A","127"
"30.12.2020 04:00 - 30.12.2020 05:00","0","N/A","0","91","N/A","49","237","N/A","174"
"30.12.2020 05:00 - 30.12.2020 06:00","0","N/A","0","97","N/A","93","214","N/A","167"
"30.12.2020 06:00 - 30.12.2020 07:00","0","N/A","0","87","N/A","62","208","N/A","160"
"30.12.2020 07:00 - 30.12.2020 08:00","0","N/A","0","108","N/A","68","203","N/A","110"
"30.12.2020 08:00 - 30.12.2020 09:00","0","0","0","146","176","158","205","112","112"
"30.12.2020 09:00 - 30.12.2020 10:00","6","5","5","171","235","213","206","142","104"
"30.12.2020 10:00 - 30.12.2020 11:00","20","21","15","240","269","205","203","144","102"
"30.12.2020 11:00 - 30.12.2020 12:00","32","34","23","182","328","169","203","146","128"
"30.12.2020 12:00 - 30.12.2020 13:00","37","39","31","146","324","237","182","148","118"
"30.12.2020 13:00 - 30.12.2020 14:00","31","33","19","148","308","209","165","144","140"
"30.12.2020 14:00 - 30.12.2020 15:00","15","18","11","146","307","229","153","150","156"
"30.12.2020 15:00 - 30.12.2020 16:00","3","3","1","173","321","174","154","160","139"
"30.12.2020 16:00 - 30.12.2020 17:00","0","0","0","231","316","143","172","175","174"
"30.12.2020 17:00 - 30.12.2020 18:00","0","0","0","300","263","195","172","179","231"
"30.12.2020 18:00 - 30.12.2020 19:00","0","0","0","280","240","261","186","191","209"
"30.12.2020 19:00 - 30.12.2020 20:00","0","0","0","148","207","275","215","216","183"
"30.12.2020 20:00 - 30.12.2020 21:00","0","0","0","126","227","198","220","242","236"
"30.12.2020 21:00 - 30.12.2020 22:00","0","0","0","153","230","123","224","240","226"
"30.12.2020 22:00 - 30.12.2020 23:00","0","0","0","141","277","139","229","232","224"
"30.12.2020 23:00 - 31.12.2020 00:00","0","0","0","147","276","128","228","231","223"
"31.12.2020 00:00 - 31.12.2020 01:00","0","N/A","0","142","N/A","111","245","N/A","204"
"31.12.2020 01:00 - 31.12.2020 02:00","0","N/A","0","152","N/A","131","244","N/A","199"
"31.12.2020 02:00 - 31.12.2020 03:00","0","N/A","0","149","N/A","27","235","N/A","237"
"31.12.2020 03:00 - 31.12.2020 04:00","0","N/A","0","139","N/A","11","226","N/A","251"
"31.12.2020 04:00 - 31.12.2020 05:00","0","N/A","0","115","N/A","25","219","N/A","217"
"31.12.2020 05:00 - 31.12.2020 06:00","0","N/A","0","80","N/A","28","212","N/A","179"
"31.12.2020 06:00 - 31.12.2020 07:00","0","N/A","0","64","N/A","45","203","N/A","214"
"31.12.2020 07:00 - 31.12.2020 08:00","0","N/A","0","54","N/A","44","196","N/A","217"
"31.12.2020 08:00 - 31.12.2020 09:00","0","0","0","46","70","72","197","241","241"
"31.12.2020 09:00 - 31.12.2020 10:00","7","6","7","77","58","71","190","251","266"
"31.12.2020 10:00 - 31.12.2020 11:00","27","22","19","53","56","69","191","252","256"
"31.12.2020 11:00 - 31.12.2020 12:00","44","35","29","42","56","67","195","257","282"
"31.12.2020 12:00 - 31.12.2020 13:00","46","38","36","42","56","167","179","246","260"
"31.12.2020 13:00 - 31.12.2020 14:00","37","32","32","53","74","118","166","232","205"
"31.12.2020 14:00 - 31.12.2020 15:00","21","16","17","68","77","60","152","215","186"
"31.12.2020 15:00 - 31.12.2020 16:00","4","4","4","77","85","50","148","193","168"
"31.12.2020 16:00 - 31.12.2020 17:00","0","0","0","96","91","57","156","188","167"
"31.12.2020 17:00 - 31.12.2020 18:00","0","0","0","138","62","193","141","176","156"
"31.12.2020 18:00 - 31.12.2020 19:00","0","0","0","200","75","320","123","146","160"
"31.12.2020 19:00 - 31.12.2020 20:00","0","0","0","143","119","372","116","118","161"
"31.12.2020 20:00 - 31.12.2020 21:00","0","0","0","114","188","232","108","107","138"
"31.12.2020 21:00 - 31.12.2020 22:00","0","0","0","164","214","224","94","98","105"
"31.12.2020 22:00 - 31.12.2020 23:00","0","0","0","179","153","179","84","90","82"
"31.12.2020 23:00 - 01.01.2021 00:00","0","0","0","133","156","105","76","78","86"
